date,equity,deposit,twr,drawdown,cash,VOO_units,BTC_units
2021-09-27 00:00:00+00:00,99.43740823594345,100.0,1.0,0.0,-7.105427357601002e-15,0.19577842468924223,0.00046268810341162296
2021-09-28 00:00:00+00:00,97.32127083729446,0.0,0.9787189002992933,-0.021281099700706685,-7.105427357601002e-15,0.19577842468924223,0.00046268810341162296
2021-09-29 00:00:00+00:00,97.67451806459141,0.0,0.9822713584090097,-0.0177286415909903,-7.105427357601002e-15,0.19641948557016528,0.00046268810341162296
2021-09-30 00:00:00+00:00,97.74473482159448,0.0,0.9829774986659686,-0.01702250133403138,-7.105427357601002e-15,0.19641948557016528,0.00046268810341162296
2021-10-01 00:00:00+00:00,100.66949530684639,0.0,1.0123905790864889,0.0,-7.105427357601002e-15,0.19641948557016528,0.00046268810341162296
2021-10-04 00:00:00+00:00,100.20631953576577,0.0,1.007732616059319,-0.0046009545361168636,-7.105427357601002e-15,0.19641948557016528,0.00046268810341162296
2021-10-05 00:00:00+00:00,101.9982894682706,0.0,1.0257537005213442,0.0,-7.105427357601002e-15,0.19641948557016528,0.00046268810341162296
2021-10-06 00:00:00+00:00,104.1240669660217,0.0,1.0471317466255536,0.0,-7.105427357601002e-15,0.19641948557016528,0.00046268810341162296
2021-10-07 00:00:00+00:00,104.09193898954604,0.0,1.0468086491409587,-0.0003085547598342675,-7.105427357601002e-15,0.19641948557016528,0.00046268810341162296
2021-10-08 00:00:00+00:00,104.01956357018076,0.0,1.0460808001287083,-0.001003643047049363,-7.105427357601002e-15,0.19641948557016528,0.00046268810341162296
2021-10-11 00:00:00+00:00,105.0726795864208,0.0,1.0566715429379057,0.0,-7.105427357601002e-15,0.19641948557016528,0.00046268810341162296
2021-10-12 00:00:00+00:00,104.23334740453251,0.0,1.0482307338221175,-0.007988110564915774,-7.105427357601002e-15,0.19641948557016528,0.00046268810341162296
2021-10-13 00:00:00+00:00,105.11867943590349,0.0,1.0571341439881417,0.0,-7.105427357601002e-15,0.19641948557016528,0.00046268810341162296
2021-10-14 00:00:00+00:00,106.42979954368397,0.0,1.070319524933203,0.0,-7.105427357601002e-15,0.19641948557016528,0.00046268810341162296
2021-10-15 00:00:00+00:00,109.05333476238289,0.0,1.0967033101227146,0.0,-7.105427357601002e-15,0.19641948557016528,0.00046268810341162296
2021-10-18 00:00:00+00:00,109.45497933919876,0.0,1.1007424799275316,0.0,-7.105427357601002e-15,0.19641948557016528,0.00046268810341162296
2021-10-19 00:00:00+00:00,111.13417070384523,0.0,1.117629397984186,0.0,-7.105427357601002e-15,0.19641948557016528,0.00046268810341162296
2021-10-20 00:00:00+00:00,112.24660901772597,0.0,1.1288167200756987,0.0,-7.105427357601002e-15,0.19641948557016528,0.00046268810341162296
2021-10-21 00:00:00+00:00,110.6849202963092,0.0,1.1131114764543923,-0.01391301470114048,-7.105427357601002e-15,0.19641948557016528,0.00046268810341162296
2021-10-22 00:00:00+00:00,109.90611090490248,0.0,1.105279319470184,-0.020851392601569763,-7.105427357601002e-15,0.19641948557016528,0.00046268810341162296
2021-10-25 00:00:00+00:00,111.43646066622571,0.0,1.1206694004112725,-0.007217575288820832,-7.105427357601002e-15,0.19641948557016528,0.00046268810341162296
2021-10-26 00:00:00+00:00,110.24265005671492,0.0,1.108663751524305,-0.017853180408279434,-7.105427357601002e-15,0.19641948557016528,0.00046268810341162296
2021-10-27 00:00:00+00:00,207.85102998500184,100.0,1.0846122389784603,-0.039160016246281404,-3.552713678800501e-15,0.386954728361961,0.0007937079753855391
2021-10-28 00:00:00+00:00,211.1461590880911,0.0,1.101806944987291,-0.02392751153313577,-3.552713678800501e-15,0.386954728361961,0.0007937079753855391
2021-10-29 00:00:00+00:00,212.76807424962394,0.0,1.1102704538518378,-0.0164298294789762,-3.552713678800501e-15,0.386954728361961,0.0007937079753855391
2021-11-01 00:00:00+00:00,212.04683163011347,0.0,1.1065068517544587,-0.01976394212139576,-3.552713678800501e-15,0.386954728361961,0.0007937079753855391
2021-11-02 00:00:00+00:00,214.51401385483524,0.0,1.1193811494517876,-0.00835881543575856,-3.552713678800501e-15,0.386954728361961,0.0007937079753855391
2021-11-03 00:00:00+00:00,215.24784549232487,0.0,1.1232104438047108,-0.00496650711429214,-3.552713678800501e-15,0.386954728361961,0.0007937079753855391
2021-11-04 00:00:00+00:00,214.8300262352467,0.0,1.1210301713281174,-0.0068979743204539146,-3.552713678800501e-15,0.386954728361961,0.0007937079753855391
2021-11-05 00:00:00+00:00,215.03154919380586,0.0,1.1220817623031738,-0.005966387326432621,-3.552713678800501e-15,0.386954728361961,0.0007937079753855391
2021-11-08 00:00:00+00:00,220.46227732705654,0.0,1.1504204922113843,0.0,-3.552713678800501e-15,0.386954728361961,0.0007937079753855391
2021-11-09 00:00:00+00:00,219.41907754710132,0.0,1.1449768470722637,-0.004731874280730741,-3.552713678800501e-15,0.386954728361961,0.0007937079753855391
2021-11-10 00:00:00+00:00,216.44102466496344,0.0,1.1294367142929125,-0.018240094000877893,-3.552713678800501e-15,0.386954728361961,0.0007937079753855391
2021-11-11 00:00:00+00:00,216.40934293523668,0.0,1.1292713920820188,-0.018383799899732267,-3.552713678800501e-15,0.386954728361961,0.0007937079753855391
2021-11-12 00:00:00+00:00,217.11846801295346,0.0,1.1329717621899449,-0.015167262874376308,-3.552713678800501e-15,0.386954728361961,0.0007937079753855391
2021-11-15 00:00:00+00:00,216.78671043439437,0.0,1.1312405784180626,-0.01667208983425994,-3.552713678800501e-15,0.386954728361961,0.0007937079753855391
2021-11-16 00:00:00+00:00,214.6053434742769,0.0,1.1198577274270554,-0.026566603247461296,-3.552713678800501e-15,0.386954728361961,0.0007937079753855391
2021-11-17 00:00:00+00:00,214.4299110377407,0.0,1.1189422825154054,-0.02736235133943954,-3.552713678800501e-15,0.386954728361961,0.0007937079753855391
2021-11-18 00:00:00+00:00,212.2656015169999,0.0,1.1076484409823495,-0.037179493514425066,-3.552713678800501e-15,0.386954728361961,0.0007937079753855391
2021-11-19 00:00:00+00:00,212.8733615374187,0.0,1.1108198660003328,-0.034422740623239134,-3.552713678800501e-15,0.386954728361961,0.0007937079753855391
2021-11-22 00:00:00+00:00,210.99954262903663,0.0,1.1010418681630976,-0.042922239635499904,-3.552713678800501e-15,0.386954728361961,0.0007937079753855391
2021-11-23 00:00:00+00:00,212.24336683078602,0.0,1.1075324155154602,-0.03728034834765759,-3.552713678800501e-15,0.386954728361961,0.0007937079753855391
2021-11-24 00:00:00+00:00,212.3336904029288,0.0,1.1080037437153802,-0.03687064754424607,-3.552713678800501e-15,0.386954728361961,0.0007937079753855391
2021-11-26 00:00:00+00:00,205.9922443815086,0.0,1.0749126882216937,-0.06563496086943521,-3.552713678800501e-15,0.386954728361961,0.0007937079753855391
2021-11-29 00:00:00+00:00,311.3841879444291,100.0,1.103049031739677,-0.041177517953151166,-3.552713678800501e-15,0.5743419936943999,0.0011423779590823862
2021-11-30 00:00:00+00:00,305.7428203789742,0.0,1.0830650207600536,-0.05854856716074075,-3.552713678800501e-15,0.5743419936943999,0.0011423779590823862
2021-12-01 00:00:00+00:00,303.2412486465925,0.0,1.074203439523554,-0.06625147344283033,-3.552713678800501e-15,0.5743419936943999,0.0011423779590823862
2021-12-02 00:00:00+00:00,306.06716440559603,0.0,1.0842139787944274,-0.05754983839838612,-3.552713678800501e-15,0.5743419936943999,0.0011423779590823862
2021-12-03 00:00:00+00:00,300.64137475524655,0.0,1.0649936321873952,-0.07425707435007367,-3.552713678800501e-15,0.5743419936943999,0.0011423779590823862
2021-12-06 00:00:00+00:00,299.89267740196874,0.0,1.0623414426332276,-0.07656248317417191,-3.552713678800501e-15,0.5743419936943999,0.0011423779590823862
2021-12-07 00:00:00+00:00,305.0401863186231,0.0,1.0805760060639187,-0.06071213666683539,-3.552713678800501e-15,0.5743419936943999,0.0011423779590823862
2021-12-08 00:00:00+00:00,305.60061370253175,0.0,1.0825612670601874,-0.05898645374506084,-3.552713678800501e-15,0.5743419936943999,0.0011423779590823862
2021-12-09 00:00:00+00:00,300.5699072839788,0.0,1.0647404654305885,-0.07447713889040541,-3.552713678800501e-15,0.5743419936943999,0.0011423779590823862
2021-12-10 00:00:00+00:00,302.4562458458626,0.0,1.0714226413559458,-0.06866867496734663,-3.552713678800501e-15,0.5743419936943999,0.0011423779590823862
2021-12-13 00:00:00+00:00,299.7506509433694,0.0,1.061838327338024,-0.07699981482691087,-3.552713678800501e-15,0.5743419936943999,0.0011423779590823862
2021-12-14 00:00:00+00:00,299.94767763499516,0.0,1.0625362757562122,-0.07639312499226913,-3.552713678800501e-15,0.5743419936943999,0.0011423779590823862
2021-12-15 00:00:00+00:00,304.3687738942532,0.0,1.0781975910599708,-0.06277956768014781,-3.552713678800501e-15,0.5743419936943999,0.0011423779590823862
2021-12-16 00:00:00+00:00,300.7150016265431,0.0,1.0652544484145448,-0.07403036052767975,-3.552713678800501e-15,0.5743419936943999,0.0011423779590823862
2021-12-17 00:00:00+00:00,296.4442648099877,0.0,1.050125767213953,-0.08718092704054736,-3.552713678800501e-15,0.5743419936943999,0.0011423779590823862
2021-12-20 00:00:00+00:00,294.7024713057736,0.0,1.0439556284827702,-0.0925443039735524,-3.552713678800501e-15,0.5743419936943999,0.0011423779590823862
2021-12-21 00:00:00+00:00,301.22283090628537,0.0,1.0670533856020963,-0.07246663908866613,-3.552713678800501e-15,0.5764103210601672,0.0011423779590823862
2021-12-22 00:00:00+00:00,303.35671700902975,0.0,1.0746124752752526,-0.0658959201868966,-3.552713678800501e-15,0.5764103210601672,0.0011423779590823862
2021-12-23 00:00:00+00:00,307.45529731344794,0.0,1.0891313083160061,-0.05327546258982718,-3.552713678800501e-15,0.5764103210601672,0.0011423779590823862
2021-12-27 00:00:00+00:00,411.6456741501937,100.0,1.1039753218894304,-0.040372342666354255,-7.105427357601002e-15,0.7606584891554826,0.001535678720838626
2021-12-28 00:00:00+00:00,406.54544415198023,0.0,1.0902972283066141,-0.052261989691437805,-7.105427357601002e-15,0.7606584891554826,0.001535678720838626
2021-12-29 00:00:00+00:00,405.29147295715006,0.0,1.0869342553898924,-0.055185245091954216,-7.105427357601002e-15,0.7606584891554826,0.001535678720838626
2021-12-30 00:00:00+00:00,405.35598416399876,0.0,1.0871072652982154,-0.05503485668224295,-7.105427357601002e-15,0.7606584891554826,0.001535678720838626
2021-12-31 00:00:00+00:00,403.05503255409735,0.0,1.080936439382367,-0.060398830948718785,-7.105427357601002e-15,0.7606584891554826,0.001535678720838626
2022-01-03 00:00:00+00:00,405.44552879748863,0.0,1.0873474113067567,-0.0548261103932407,-7.105427357601002e-15,0.7606584891554826,0.001535678720838626
2022-01-04 00:00:00+00:00,404.36556532376085,0.0,1.0844511024216974,-0.057343719306388485,-7.105427357601002e-15,0.7606584891554826,0.001535678720838626
2022-01-05 00:00:00+00:00,394.312160677093,0.0,1.0574892968499465,-0.08078019818892634,-7.105427357601002e-15,0.7606584891554826,0.001535678720838626
2022-01-06 00:00:00+00:00,393.3045897275631,0.0,1.0547871344486774,-0.08312904577949287,-7.105427357601002e-15,0.7606584891554826,0.001535678720838626
2022-01-07 00:00:00+00:00,389.8433807033126,0.0,1.0455046626856452,-0.0911978100494939,-7.105427357601002e-15,0.7606584891554826,0.001535678720838626
2022-01-10 00:00:00+00:00,389.81056105870744,0.0,1.0454166450530245,-0.0912743191461387,-7.105427357601002e-15,0.7606584891554826,0.001535678720838626
2022-01-11 00:00:00+00:00,394.05558385709696,0.0,1.0568011942043176,-0.08137832961155611,-7.105427357601002e-15,0.7606584891554826,0.001535678720838626
2022-01-12 00:00:00+00:00,396.8387526487779,0.0,1.0642652582176504,-0.07489021151572406,-7.105427357601002e-15,0.7606584891554826,0.001535678720838626
2022-01-13 00:00:00+00:00,390.2358960018579,0.0,1.0465573330530737,-0.09028277908946203,-7.105427357601002e-15,0.7606584891554826,0.001535678720838626
2022-01-14 00:00:00+00:00,391.10239061405923,0.0,1.0488811487239058,-0.08826280840346956,-7.105427357601002e-15,0.7606584891554826,0.001535678720838626
2022-01-18 00:00:00+00:00,384.31804370452625,0.0,1.0306864924124477,-0.10407846575192614,-7.105427357601002e-15,0.7606584891554826,0.001535678720838626
2022-01-19 00:00:00+00:00,379.90068116787097,0.0,1.0188397525229207,-0.1143762133752797,-7.105427357601002e-15,0.7606584891554826,0.001535678720838626
2022-01-20 00:00:00+00:00,374.92088883685733,0.0,1.0054846556840615,-0.12598509632657995,-7.105427357601002e-15,0.7606584891554826,0.001535678720838626
2022-01-21 00:00:00+00:00,362.27785403938844,0.0,0.9715778292877701,-0.1554585163724228,-7.105427357601002e-15,0.7606584891554826,0.001535678720838626
2022-01-24 00:00:00+00:00,363.8859926532988,0.0,0.9758906289973737,-0.15170962651971054,-7.105427357601002e-15,0.7606584891554826,0.001535678720838626
2022-01-25 00:00:00+00:00,360.6087456599937,0.0,0.9671015173133648,-0.1593495388330891,-7.105427357601002e-15,0.7606584891554826,0.001535678720838626
2022-01-26 00:00:00+00:00,359.6953676039232,0.0,0.9646519668946976,-0.16147880411934856,-7.105427357601002e-15,0.7606584891554826,0.001535678720838626
2022-01-27 00:00:00+00:00,457.55092114128115,100.0,0.9589008655895345,-0.16647793386720988,-3.552713678800501e-15,0.9591049190316522,0.002078235972144041
2022-01-28 00:00:00+00:00,468.02987614332807,0.0,0.9808618726767302,-0.14738838597069992,-3.552713678800501e-15,0.9591049190316522,0.002078235972144041
2022-01-31 00:00:00+00:00,476.7154092710718,0.0,0.9990643608577744,-0.13156592079011664,-3.552713678800501e-15,0.9591049190316522,0.002078235972144041
2022-02-01 00:00:00+00:00,479.7781861009547,0.0,1.005483098571069,-0.1259864498429708,-3.552713678800501e-15,0.9591049190316522,0.002078235972144041
2022-02-02 00:00:00+00:00,479.8486863573218,0.0,1.0056308477148934,-0.12585801928664397,-3.552713678800501e-15,0.9591049190316522,0.002078235972144041
2022-02-03 00:00:00+00:00,471.34121878581533,0.0,0.9878015359566651,-0.14135610183901237,-3.552713678800501e-15,0.9591049190316522,0.002078235972144041
2022-02-04 00:00:00+00:00,482.0510630638465,0.0,1.0102464234522848,-0.12184594216472222,-3.552713678800501e-15,0.9591049190316522,0.002078235972144041
2022-02-07 00:00:00+00:00,485.45542274548916,0.0,1.0173810248587527,-0.11564420857707236,-3.552713678800501e-15,0.9591049190316522,0.002078235972144041
2022-02-08 00:00:00+00:00,489.07112402820974,0.0,1.0249585401243015,-0.10905747327737081,-3.552713678800501e-15,0.9591049190316522,0.002078235972144041
2022-02-09 00:00:00+00:00,495.5877386830173,0.0,1.0386155718217176,-0.09718613424101197,-3.552713678800501e-15,0.9591049190316522,0.002078235972144041
2022-02-10 00:00:00+00:00,486.67675847773086,0.0,1.019940608583119,-0.11341929712800192,-3.552713678800501e-15,0.9591049190316522,0.002078235972144041
2022-02-11 00:00:00+00:00,476.44255587259636,0.0,0.9984925351922845,-0.13206297875228024,-3.552713678800501e-15,0.9591049190316522,0.002078235972144041
2022-02-14 00:00:00+00:00,475.5136480365161,0.0,0.9965457998959191,-0.1337551733103095,-3.552713678800501e-15,0.9591049190316522,0.002078235972144041
2022-02-15 00:00:00+00:00,485.9036577210008,0.0,1.0183204020649739,-0.11482765740071477,-3.552713678800501e-15,0.9591049190316522,0.002078235972144041
2022-02-16 00:00:00+00:00,484.97849932322595,0.0,1.0163815245598844,-0.11651302159425625,-3.552713678800501e-15,0.9591049190316522,0.002078235972144041
2022-02-17 00:00:00+00:00,469.6270879386561,0.0,0.9842091892316822,-0.14447873982164916,-3.552713678800501e-15,0.9591049190316522,0.002078235972144041
2022-02-18 00:00:00+00:00,466.03732229446206,0.0,0.9766860279299954,-0.15101822808061216,-3.552713678800501e-15,0.9591049190316522,0.002078235972144041
2022-02-22 00:00:00+00:00,458.2213616569176,0.0,0.9603059244825785,-0.16525659010416271,-3.552713678800501e-15,0.9591049190316522,0.002078235972144041
2022-02-23 00:00:00+00:00,449.3647893943903,0.0,0.9417449853252264,-0.1813906378571486,-3.552713678800501e-15,0.9591049190316522,0.002078235972144041
2022-02-24 00:00:00+00:00,457.3197305010125,0.0,0.9584163536044709,-0.16689909464133013,-3.552713678800501e-15,0.9591049190316522,0.002078235972144041
2022-02-25 00:00:00+00:00,467.4217361623983,0.0,0.9795873785665257,-0.1484962366382021,-3.552713678800501e-15,0.9591049190316522,0.002078235972144041
2022-02-28 00:00:00+00:00,578.3073545869894,100.0,1.0024006403206085,-0.12866586860448403,-3.552713678800501e-15,1.1604242704340515,0.002607958049248806
2022-03-01 00:00:00+00:00,574.6107571706889,0.0,0.995993196964206,-0.13423552196148036,-3.552713678800501e-15,1.1604242704340515,0.002607958049248806
2022-03-02 00:00:00+00:00,581.6578617732661,0.0,1.008208193211443,-0.12361766846361988,-3.552713678800501e-15,1.1604242704340515,0.002607958049248806
2022-03-03 00:00:00+00:00,575.5610052732811,0.0,0.9976402956893851,-0.13280378570823181,-3.552713678800501e-15,1.1604242704340515,0.002607958049248806
2022-03-04 00:00:00+00:00,563.1810425785708,0.0,0.9761816674463022,-0.1514566421101846,-3.552713678800501e-15,1.1604242704340515,0.002607958049248806
2022-03-07 00:00:00+00:00,546.5423132969382,0.0,0.947341168092907,-0.17652617064227538,-3.552713678800501e-15,1.1604242704340515,0.002607958049248806
2022-03-08 00:00:00+00:00,545.1022265560888,0.0,0.9448450146898855,-0.1786959454506356,-3.552713678800501e-15,1.1604242704340515,0.002607958049248806
2022-03-09 00:00:00+00:00,565.3129160472979,0.0,0.9798769193105306,-0.14824455410475879,-3.552713678800501e-15,1.1604242704340515,0.002607958049248806
2022-03-10 00:00:00+00:00,556.7108755977656,0.0,0.9649666976329366,-0.16120522524938774,-3.552713678800501e-15,1.1604242704340515,0.002607958049248806
2022-03-11 00:00:00+00:00,549.1145300962585,0.0,0.9517996826634565,-0.17265061852830088,-3.552713678800501e-15,1.1604242704340515,0.002607958049248806
2022-03-14 00:00:00+00:00,548.2983085444168,0.0,0.95038489691031,-0.17388041733901827,-3.552713678800501e-15,1.1604242704340515,0.002607958049248806
2022-03-15 00:00:00+00:00,557.037660743189,0.0,0.9655331259109475,-0.1607128589521548,-3.552713678800501e-15,1.1604242704340515,0.002607958049248806
2022-03-16 00:00:00+00:00,571.9851117883574,0.0,0.9914420727365303,-0.13819157477737498,-3.552713678800501e-15,1.1604242704340515,0.002607958049248806
2022-03-17 00:00:00+00:00,577.1597701400266,0.0,1.0004114915136062,-0.130394930995557,-3.552713678800501e-15,1.1604242704340515,0.002607958049248806
2022-03-18 00:00:00+00:00,584.5481385293009,0.0,1.0132180123810821,-0.11926289627070719,-3.552713678800501e-15,1.1604242704340515,0.002607958049248806
2022-03-21 00:00:00+00:00,582.6016606184339,0.0,1.0098441132100844,-0.12219564928913806,-3.552713678800501e-15,1.1604242704340515,0.002607958049248806
2022-03-22 00:00:00+00:00,591.6770060538109,0.0,1.02557473119963,-0.10852185079889431,-3.552713678800501e-15,1.1604242704340515,0.002607958049248806
2022-03-23 00:00:00+00:00,586.8329057327751,0.0,1.0171782803762586,-0.11582044368750966,-3.552713678800501e-15,1.1604242704340515,0.002607958049248806
2022-03-24 00:00:00+00:00,596.7611615978892,0.0,1.0343872782517305,-0.1008615673531772,-3.552713678800501e-15,1.1642753475500758,0.002607958049248806
2022-03-25 00:00:00+00:00,600.0451199321877,0.0,1.0400794796580881,-0.09591363618809878,-3.552713678800501e-15,1.1642753475500758,0.002607958049248806
2022-03-28 00:00:00+00:00,711.4397256894956,100.0,1.059830153787909,-0.0787454144261105,-3.552713678800501e-15,1.356718235612663,0.003034415239653359
2022-03-29 00:00:00+00:00,719.5788601980059,0.0,1.0719550040969001,-0.0682059200489854,-3.552713678800501e-15,1.356718235612663,0.003034415239653359
2022-03-30 00:00:00+00:00,714.8840702019313,0.0,1.064961186034914,-0.07428527808314422,-3.552713678800501e-15,1.356718235612663,0.003034415239653359
2022-03-31 00:00:00+00:00,701.3659791371151,0.0,1.044823316283182,-0.09179006862544603,-3.552713678800501e-15,1.356718235612663,0.003034415239653359
2022-04-01 00:00:00+00:00,705.2722632506077,0.0,1.0506424989113796,-0.08673175936583621,-3.552713678800501e-15,1.356718235612663,0.003034415239653359
2022-04-04 00:00:00+00:00,710.9627606368024,0.0,1.0591196200253228,-0.0793630440384101,-3.552713678800501e-15,1.356718235612663,0.003034415239653359
2022-04-05 00:00:00+00:00,700.6352426660376,0.0,1.043734739811338,-0.09273631087270606,-3.552713678800501e-15,1.356718235612663,0.003034415239653359
2022-04-06 00:00:00+00:00,687.8756990605718,0.0,1.024726876497916,-0.10925884627789872,-3.552713678800501e-15,1.356718235612663,0.003034415239653359
2022-04-07 00:00:00+00:00,691.5146859476879,0.0,1.030147867051215,-0.10454666443656313,-3.552713678800501e-15,1.356718235612663,0.003034415239653359
2022-04-08 00:00:00+00:00,686.5403985516652,0.0,1.0227376823432939,-0.11098794808727153,-3.552713678800501e-15,1.356718235612663,0.003034415239653359
2022-04-11 00:00:00+00:00,668.608654392116,0.0,0.9960248035370365,-0.13420804803082242,-3.552713678800501e-15,1.356718235612663,0.003034415239653359
2022-04-12 00:00:00+00:00,668.2529201572482,0.0,0.9954948670501723,-0.13466869393416991,-3.552713678800501e-15,1.356718235612663,0.003034415239653359
2022-04-13 00:00:00+00:00,677.681460519148,0.0,1.0095405423490365,-0.12245952746507738,-3.552713678800501e-15,1.356718235612663,0.003034415239653359
2022-04-14 00:00:00+00:00,667.3079907788346,0.0,0.9940872078876587,-0.13589229797464364,-3.552713678800501e-15,1.356718235612663,0.003034415239653359
2022-04-18 00:00:00+00:00,670.0087651423797,0.0,0.9981105453619451,-0.13239502241190348,-3.552713678800501e-15,1.356718235612663,0.003034415239653359
2022-04-19 00:00:00+00:00,680.8324304639714,0.0,1.014234535164755,-0.11837928650318741,-3.552713678800501e-15,1.356718235612663,0.003034415239653359
2022-04-20 00:00:00+00:00,680.0022320977307,0.0,1.0129977905321517,-0.11945432353614738,-3.552713678800501e-15,1.356718235612663,0.003034415239653359
2022-04-21 00:00:00+00:00,669.1157568147592,0.0,0.9967802328716231,-0.13355139306013908,-3.552713678800501e-15,1.356718235612663,0.003034415239653359
2022-04-22 00:00:00+00:00,651.866405106194,0.0,0.9710839125595786,-0.15588785219487677,-3.552713678800501e-15,1.356718235612663,0.003034415239653359
2022-04-25 00:00:00+00:00,656.9451544157126,0.0,0.9786497139442859,-0.14931129915541907,-3.552713678800501e-15,1.356718235612663,0.003034415239653359
2022-04-26 00:00:00+00:00,634.6485998348427,0.0,0.9454345869038578,-0.17818346134768026,-3.552713678800501e-15,1.356718235612663,0.003034415239653359
2022-04-27 00:00:00+00:00,739.924386379468,100.0,0.9532939142130316,-0.17135176166709976,-7.105427357601002e-15,1.5652189396283214,0.003558389306066463
2022-04-28 00:00:00+00:00,756.7679308144229,0.0,0.9749945753875972,-0.15248851877331948,-7.105427357601002e-15,1.5652189396283214,0.003558389306066463
2022-04-29 00:00:00+00:00,730.0883975170102,0.0,0.9406215540429215,-0.18236717755711995,-7.105427357601002e-15,1.5652189396283214,0.003558389306066463
2022-05-02 00:00:00+00:00,733.5611508720601,0.0,0.9450957337021849,-0.17847800860580632,-7.105427357601002e-15,1.5652189396283214,0.003558389306066463
2022-05-03 00:00:00+00:00,733.3105369730638,0.0,0.9447728511088711,-0.17875867345444196,-7.105427357601002e-15,1.5652189396283214,0.003558389306066463
2022-05-04 00:00:00+00:00,758.4609082108101,0.0,0.9771757510301154,-0.15059253755837654,-7.105427357601002e-15,1.5652189396283214,0.003558389306066463
2022-05-05 00:00:00+00:00,725.6198518921483,0.0,0.934864428817724,-0.18737154358169494,-7.105427357601002e-15,1.5652189396283214,0.003558389306066463
2022-05-06 00:00:00+00:00,719.9602951126055,0.0,0.9275728445229008,-0.19370973413392256,-7.105427357601002e-15,1.5652189396283214,0.003558389306066463
2022-05-09 00:00:00+00:00,679.7368298799425,0.0,0.875750272756504,-0.23875636892289553,-7.105427357601002e-15,1.5652189396283214,0.003558389306066463
2022-05-10 00:00:00+00:00,684.5558327584474,0.0,0.8819589154248886,-0.2333595225433165,-7.105427357601002e-15,1.5652189396283214,0.003558389306066463
2022-05-11 00:00:00+00:00,668.49762074045,0.0,0.8612700503574671,-0.2513432643207708,-7.105427357601002e-15,1.5652189396283214,0.003558389306066463
2022-05-12 00:00:00+00:00,667.7953625347369,0.0,0.8603652842948317,-0.2521297298512102,-7.105427357601002e-15,1.5652189396283214,0.003558389306066463
2022-05-13 00:00:00+00:00,682.0309492794249,0.0,0.8787059397168887,-0.23618716315822486,-7.105427357601002e-15,1.5652189396283214,0.003558389306066463
2022-05-16 00:00:00+00:00,682.0534924662043,0.0,0.8787349836072635,-0.23616191683258003,-7.105427357601002e-15,1.5652189396283214,0.003558389306066463
2022-05-17 00:00:00+00:00,695.6050594844882,0.0,0.8961943708154516,-0.22098539022653285,-7.105427357601002e-15,1.5652189396283214,0.003558389306066463
2022-05-18 00:00:00+00:00,666.1912803139458,0.0,0.8582986382332525,-0.2539261565278653,-7.105427357601002e-15,1.5652189396283214,0.003558389306066463
2022-05-19 00:00:00+00:00,668.1264388613345,0.0,0.8607918319976717,-0.2517589543776092,-7.105427357601002e-15,1.5652189396283214,0.003558389306066463
2022-05-20 00:00:00+00:00,664.2882464760714,0.0,0.8558468328737023,-0.2560573819155818,-7.105427357601002e-15,1.5652189396283214,0.003558389306066463
2022-05-23 00:00:00+00:00,674.5892094344925,0.0,0.8691182501692537,-0.2445212371881521,-7.105427357601002e-15,1.5652189396283214,0.003558389306066463
2022-05-24 00:00:00+00:00,672.4135359024779,0.0,0.8663151849161506,-0.24695779431841935,-7.105427357601002e-15,1.5652189396283214,0.003558389306066463
2022-05-25 00:00:00+00:00,676.7404273904742,0.0,0.8718898076734166,-0.24211206808613506,-7.105427357601002e-15,1.5652189396283214,0.003558389306066463
2022-05-26 00:00:00+00:00,686.8912178166685,0.0,0.8849677476844116,-0.2307441029816053,-7.105427357601002e-15,1.5652189396283214,0.003558389306066463
2022-05-27 00:00:00+00:00,800.4787216243485,100.0,0.9024734346541136,-0.21552733042911731,-3.552713678800501e-15,1.7784797813363413,0.004242262995554747
2022-05-31 00:00:00+00:00,810.1615785899385,0.0,0.9133900536059179,-0.20603808799497048,-3.552713678800501e-15,1.7784797813363413,0.004242262995554747
2022-06-01 00:00:00+00:00,796.041807333928,0.0,0.897471181413932,-0.21987552595766358,-3.552713678800501e-15,1.7784797813363413,0.004242262995554747
2022-06-02 00:00:00+00:00,811.5017910533777,0.0,0.914901032114618,-0.20472467388340876,-3.552713678800501e-15,1.7784797813363413,0.004242262995554747
2022-06-03 00:00:00+00:00,797.2655105107938,0.0,0.8988508053554431,-0.2186762914596243,-3.552713678800501e-15,1.7784797813363413,0.004242262995554747
2022-06-06 00:00:00+00:00,806.1941840282038,0.0,0.9089171449575889,-0.20992615212335797,-3.552713678800501e-15,1.7784797813363413,0.004242262995554747
2022-06-07 00:00:00+00:00,811.7234537167396,0.0,0.9151509384016119,-0.20450744349792305,-3.552713678800501e-15,1.7784797813363413,0.004242262995554747
2022-06-08 00:00:00+00:00,800.3841506075659,0.0,0.9023668136684094,-0.2156200104417092,-3.552713678800501e-15,1.7784797813363413,0.004242262995554747
2022-06-09 00:00:00+00:00,784.1711291289873,0.0,0.8840879752875435,-0.2315088428335328,-3.552713678800501e-15,1.7784797813363413,0.004242262995554747
2022-06-10 00:00:00+00:00,760.5913572544903,0.0,0.8575037362102627,-0.2546171230295675,-3.552713678800501e-15,1.7784797813363413,0.004242262995554747
2022-06-13 00:00:00+00:00,708.0126527879838,0.0,0.7982256033533851,-0.306144484770952,-3.552713678800501e-15,1.7784797813363413,0.004242262995554747
2022-06-14 00:00:00+00:00,704.9941258645949,0.0,0.7948224643484921,-0.30910265443841967,-3.552713678800501e-15,1.7784797813363413,0.004242262995554747
2022-06-15 00:00:00+00:00,715.6418530493113,0.0,0.8068268945276623,-0.29866783494377136,-3.552713678800501e-15,1.7784797813363413,0.004242262995554747
2022-06-16 00:00:00+00:00,686.0199023688815,0.0,0.7734305994737788,-0.3276974769572649,-3.552713678800501e-15,1.7784797813363413,0.004242262995554747
2022-06-17 00:00:00+00:00,687.8713173286576,0.0,0.7755179164412163,-0.325883082149828,-3.552713678800501e-15,1.7784797813363413,0.004242262995554747
2022-06-21 00:00:00+00:00,703.6776767257202,0.0,0.7933382770193186,-0.31039278038734164,-3.552713678800501e-15,1.7784797813363413,0.004242262995554747
2022-06-22 00:00:00+00:00,699.2590747842243,0.0,0.7883566694352728,-0.3147230297333612,-3.552713678800501e-15,1.7784797813363413,0.004242262995554747
2022-06-23 00:00:00+00:00,710.475369388307,0.0,0.8010021122709028,-0.3037310116658436,-3.552713678800501e-15,1.7784797813363413,0.004242262995554747
2022-06-24 00:00:00+00:00,730.348587679146,0.0,0.8234075192905552,-0.28425517029189185,-3.552713678800501e-15,1.7784797813363413,0.004242262995554747
2022-06-27 00:00:00+00:00,824.9761906159987,100.0,0.817350586733915,-0.2895201430541532,-3.552713678800501e-15,1.9999756815856626,0.005191495765966244
2022-06-28 00:00:00+00:00,807.0816978317424,0.0,0.7996215003155583,-0.3049311049923199,-3.552713678800501e-15,1.9999756815856626,0.005191495765966244
2022-06-29 00:00:00+00:00,806.6039836991381,0.0,0.7991482018967474,-0.3053425184033425,-3.552713678800501e-15,2.008166864448123,0.005191495765966244
2022-06-30 00:00:00+00:00,800.1228207187746,0.0,0.7927269470472436,-0.31092417736454603,-3.552713678800501e-15,2.008166864448123,0.005191495765966244
2022-07-01 00:00:00+00:00,803.8329960458761,0.0,0.7964028276544497,-0.307728927773555,-3.552713678800501e-15,2.008166864448123,0.005191495765966244
2022-07-05 00:00:00+00:00,809.7297954530128,0.0,0.8022451204504109,-0.3026505300611404,-3.552713678800501e-15,2.008166864448123,0.005191495765966244
2022-07-06 00:00:00+00:00,814.2979979451777,0.0,0.8067710971146614,-0.29871633669889364,-3.552713678800501e-15,2.008166864448123,0.005191495765966244
2022-07-07 00:00:00+00:00,830.1856461493086,0.0,0.8225118890662111,-0.28503369451882254,-3.552713678800501e-15,2.008166864448123,0.005191495765966244
2022-07-08 00:00:00+00:00,829.6069921907695,0.0,0.8219385838509725,-0.2855320385757305,-3.552713678800501e-15,2.008166864448123,0.005191495765966244
2022-07-11 00:00:00+00:00,813.0259416547008,0.0,0.8055107989785376,-0.2998118475531042,-3.552713678800501e-15,2.008166864448123,0.005191495765966244
2022-07-12 00:00:00+00:00,803.1834446746186,0.0,0.7957592803612669,-0.30828832957275776,-3.552713678800501e-15,2.008166864448123,0.005191495765966244
2022-07-13 00:00:00+00:00,804.6142508290254,0.0,0.7971768609691795,-0.30705610134185435,-3.552713678800501e-15,2.008166864448123,0.005191495765966244
2022-07-14 00:00:00+00:00,804.6043710700123,0.0,0.797167072532958,-0.30706460991440476,-3.552713678800501e-15,2.008166864448123,0.005191495765966244
2022-07-15 00:00:00+00:00,819.0502161481875,0.0,0.8114793885547056,-0.2946236666952555,-3.552713678800501e-15,2.008166864448123,0.005191495765966244
2022-07-18 00:00:00+00:00,821.4858668601461,0.0,0.8138925255168907,-0.2925260537106793,-3.552713678800501e-15,2.008166864448123,0.005191495765966244
2022-07-19 00:00:00+00:00,845.6285066565588,0.0,0.8378120046817005,-0.27173410908977746,-3.552713678800501e-15,2.008166864448123,0.005191495765966244
2022-07-20 00:00:00+00:00,849.3675820672768,0.0,0.8415165182368258,-0.268513970383795,-3.552713678800501e-15,2.008166864448123,0.005191495765966244
2022-07-21 00:00:00+00:00,856.3683871958833,0.0,0.848452611962396,-0.26248478907789063,-3.552713678800501e-15,2.008166864448123,0.005191495765966244
2022-07-22 00:00:00+00:00,847.2348124074447,0.0,0.8394034626690883,-0.27035073840213564,-3.552713678800501e-15,2.008166864448123,0.005191495765966244
2022-07-25 00:00:00+00:00,840.8250007009121,0.0,0.8330528995634109,-0.2758709487501537,-3.552713678800501e-15,2.008166864448123,0.005191495765966244
2022-07-26 00:00:00+00:00,831.7774753649979,0.0,0.8240890043311403,-0.2836627912051154,-3.552713678800501e-15,2.008166864448123,0.005191495765966244
2022-07-27 00:00:00+00:00,962.3745763783036,100.0,0.8544032833976777,-0.2573121835170812,-3.552713678800501e-15,2.2287523150536708,0.00613105563504625
2022-07-28 00:00:00+00:00,978.2201445883496,0.0,0.8684710963244432,-0.24508377397291203,-3.552713678800501e-15,2.2287523150536708,0.00613105563504625
2022-07-29 00:00:00+00:00,989.9872733228608,0.0,0.8789180404496353,-0.23600279515175893,-3.552713678800501e-15,2.2287523150536708,0.00613105563504625
2022-08-01 00:00:00+00:00,984.3457756068312,0.0,0.87390947695454,-0.2403564758528629,-3.552713678800501e-15,2.2287523150536708,0.00613105563504625
2022-08-02 00:00:00+00:00,977.1895755480476,0.0,0.8675561494904198,-0.2458790891122179,-3.552713678800501e-15,2.2287523150536708,0.00613105563504625
2022-08-03 00:00:00+00:00,989.2113406685726,0.0,0.8782291616868418,-0.23660160121220142,-3.552713678800501e-15,2.2287523150536708,0.00613105563504625
2022-08-04 00:00:00+00:00,987.3447680135248,0.0,0.8765720046459994,-0.23804208062999854,-3.552713678800501e-15,2.2287523150536708,0.00613105563504625
2022-08-05 00:00:00+00:00,989.8110486816587,0.0,0.8787615869067485,-0.23613879198417453,-3.552713678800501e-15,2.2287523150536708,0.00613105563504625
2022-08-08 00:00:00+00:00,992.1039635574268,0.0,0.8807972537318014,-0.23436929392773798,-3.552713678800501e-15,2.2287523150536708,0.00613105563504625
2022-08-09 00:00:00+00:00,984.7140318129339,0.0,0.8742364175443568,-0.24007228360139465,-3.552713678800501e-15,2.2287523150536708,0.00613105563504625
2022-08-10 00:00:00+00:00,1007.2957319842998,0.0,0.8942846183641721,-0.2226454375433261,-3.552713678800501e-15,2.2287523150536708,0.00613105563504625
2022-08-11 00:00:00+00:00,1007.1751954305148,0.0,0.8941776051181334,-0.22273845852718654,-3.552713678800501e-15,2.2287523150536708,0.00613105563504625
2022-08-12 00:00:00+00:00,1024.7844913319905,0.0,0.909811268564608,-0.2091489375195913,-3.552713678800501e-15,2.2287523150536708,0.00613105563504625
2022-08-15 00:00:00+00:00,1026.6351573778402,0.0,0.911454303599882,-0.20772073361815035,-3.552713678800501e-15,2.2287523150536708,0.00613105563504625
2022-08-16 00:00:00+00:00,1026.7010526383654,0.0,0.9115128059006856,-0.20766988064638936,-3.552713678800501e-15,2.2287523150536708,0.00613105563504625
2022-08-17 00:00:00+00:00,1017.5438304181258,0.0,0.9033829561272028,-0.2147367312705949,-3.552713678800501e-15,2.2287523150536708,0.00613105563504625
2022-08-18 00:00:00+00:00,1019.3120110328567,0.0,0.9049527599852302,-0.2133721833781892,-3.552713678800501e-15,2.2287523150536708,0.00613105563504625
2022-08-19 00:00:00+00:00,992.7601527308818,0.0,0.8813798233446019,-0.23386289681751216,-3.552713678800501e-15,2.2287523150536708,0.00613105563504625
2022-08-22 00:00:00+00:00,977.9957028920235,0.0,0.8682718353225637,-0.24525698107694793,-3.552713678800501e-15,2.2287523150536708,0.00613105563504625
2022-08-23 00:00:00+00:00,976.7825099915303,0.0,0.8671947536715947,-0.24619323148126626,-3.552713678800501e-15,2.2287523150536708,0.00613105563504625
2022-08-24 00:00:00+00:00,978.3582299543741,0.0,0.8685936895360846,-0.24497721014475404,-3.552713678800501e-15,2.2287523150536708,0.00613105563504625
2022-08-25 00:00:00+00:00,991.8763041638399,0.0,0.8805951360344394,-0.23454498420684056,-3.552713678800501e-15,2.2287523150536708,0.00613105563504625
2022-08-26 00:00:00+00:00,954.3315285423959,0.0,0.8472626059024494,-0.2635191987289732,-3.552713678800501e-15,2.2287523150536708,0.00613105563504625
2022-08-29 00:00:00+00:00,1049.8589290844386,100.0,0.8432917989464069,-0.2669708122763028,-3.552713678800501e-15,2.444994898254052,0.007152247761629809
2022-08-30 00:00:00+00:00,1036.6393834971013,0.0,0.8326732919539279,-0.27620092167053634,-3.552713678800501e-15,2.444994898254052,0.007152247761629809
2022-08-31 00:00:00+00:00,1031.3026079665917,0.0,0.8283865645536843,-0.2799271482366187,-3.552713678800501e-15,2.444994898254052,0.007152247761629809
2022-09-01 00:00:00+00:00,1034.6234813103435,0.0,0.8310540327044461,-0.2776084585324443,-3.552713678800501e-15,2.444994898254052,0.007152247761629809
2022-09-02 00:00:00+00:00,1023.9990571010244,0.0,0.8225200387019758,-0.28502661046927735,-3.552713678800501e-15,2.444994898254052,0.007152247761629809
2022-09-06 00:00:00+00:00,1012.7350655609443,0.0,0.8134723167404785,-0.29289131908908417,-3.552713678800501e-15,2.444994898254052,0.007152247761629809
2022-09-07 00:00:00+00:00,1032.0729060990238,0.0,0.8290053011094519,-0.27938931310593684,-3.552713678800501e-15,2.444994898254052,0.007152247761629809
2022-09-08 00:00:00+00:00,1038.1090539380716,0.0,0.8338537943963893,-0.27517477301406357,-3.552713678800501e-15,2.444994898254052,0.007152247761629809
2022-09-09 00:00:00+00:00,1066.5896421581183,0.0,0.8567306265209492,-0.25528914660229385,-3.552713678800501e-15,2.444994898254052,0.007152247761629809
2022-09-12 00:00:00+00:00,1084.0456535393193,0.0,0.8707520448584772,-0.24310106543331578,-3.552713678800501e-15,2.444994898254052,0.007152247761629809
2022-09-13 00:00:00+00:00,1027.8586272076316,0.0,0.8256202112377268,-0.2823317936116675,-3.552713678800501e-15,2.444994898254052,0.007152247761629809
2022-09-14 00:00:00+00:00,1031.5394407663275,0.0,0.8285767988339345,-0.27976178758671877,-3.552713678800501e-15,2.444994898254052,0.007152247761629809
2022-09-15 00:00:00+00:00,1017.8834972356624,0.0,0.8176077582635715,-0.28929659737550995,-3.552713678800501e-15,2.444994898254052,0.007152247761629809
2022-09-16 00:00:00+00:00,1011.7139925905705,0.0,0.8126521470603549,-0.29360424943557595,-3.552713678800501e-15,2.444994898254052,0.007152247761629809
2022-09-19 00:00:00+00:00,1016.4843281288373,0.0,0.8164838855217798,-0.29027352081298397,-3.552713678800501e-15,2.444994898254052,0.007152247761629809
2022-09-20 00:00:00+00:00,1001.8716176767368,0.0,0.8047463286527048,-0.3004763613817508,-3.552713678800501e-15,2.444994898254052,0.007152247761629809
2022-09-21 00:00:00+00:00,983.656393747511,0.0,0.7901150781770963,-0.3131945375396561,-3.552713678800501e-15,2.444994898254052,0.007152247761629809
2022-09-22 00:00:00+00:00,983.1931527494717,0.0,0.7897429831043583,-0.31351798020714783,-3.552713678800501e-15,2.444994898254052,0.007152247761629809
2022-09-23 00:00:00+00:00,968.3598329135641,0.0,0.7778282232997447,-0.323874853963552,-3.552713678800501e-15,2.444994898254052,0.007152247761629809
2022-09-26 00:00:00+00:00,959.8717166347886,0.0,0.7710102036133881,-0.3298013997200958,-3.552713678800501e-15,2.444994898254052,0.007152247761629809
2022-09-27 00:00:00+00:00,1055.2268877849012,100.0,0.7672792775164546,-0.3330444974588729,-7.105427357601002e-15,2.680316773500542,0.008190910440913945
2022-09-28 00:00:00+00:00,1075.54031040732,0.0,0.7820496254047022,-0.32020541123931545,-7.105427357601002e-15,2.6918809926625262,0.008190910440913945
2022-09-29 00:00:00+00:00,1057.891589146103,0.0,0.7692168419956082,-0.3313602746096874,-7.105427357601002e-15,2.6918809926625262,0.008190910440913945
2022-09-30 00:00:00+00:00,1042.833388929907,0.0,0.7582676848841605,-0.3408778007538895,-7.105427357601002e-15,2.6918809926625262,0.008190910440913945
2022-10-03 00:00:00+00:00,1067.8900932249533,0.0,0.7764869798917053,-0.3250407262833862,-7.105427357601002e-15,2.6918809926625262,0.008190910440913945
2022-10-04 00:00:00+00:00,1101.233261645784,0.0,0.8007315499194353,-0.3039661972812766,-7.105427357601002e-15,2.6918809926625262,0.008190910440913945
2022-10-05 00:00:00+00:00,1098.1473731714161,0.0,0.7984877307877226,-0.3059166311851439,-7.105427357601002e-15,2.6918809926625262,0.008190910440913945
2022-10-06 00:00:00+00:00,1086.7035655541777,0.0,0.7901666800807756,-0.31314968272002386,-7.105427357601002e-15,2.6918809926625262,0.008190910440913945
2022-10-07 00:00:00+00:00,1057.2539093771888,0.0,0.7687531706486752,-0.33176331971369255,-7.105427357601002e-15,2.6918809926625262,0.008190910440913945
2022-10-10 00:00:00+00:00,1047.2893413496784,0.0,0.7615077084211526,-0.33806141877970897,-7.105427357601002e-15,2.6918809926625262,0.008190910440913945
2022-10-11 00:00:00+00:00,1040.8323600522858,0.0,0.7568126916412063,-0.3421425498198223,-7.105427357601002e-15,2.6918809926625262,0.008190910440913945
2022-10-12 00:00:00+00:00,1038.8691191141904,0.0,0.7553851748616305,-0.3433834150419218,-7.105427357601002e-15,2.6918809926625262,0.008190910440913945
2022-10-13 00:00:00+00:00,1063.7641819640596,0.0,0.7734869367275279,-0.32764850594698613,-7.105427357601002e-15,2.6918809926625262,0.008190910440913945
2022-10-14 00:00:00+00:00,1041.763204400215,0.0,0.7574895295677481,-0.3415542102247576,-7.105427357601002e-15,2.6918809926625262,0.008190910440913945
2022-10-17 00:00:00+00:00,1067.2950469196774,0.0,0.7760543082980549,-0.32541682493303625,-7.105427357601002e-15,2.6918809926625262,0.008190910440913945
2022-10-18 00:00:00+00:00,1076.1599921602794,0.0,0.7825002099881743,-0.31981374177017563,-7.105427357601002e-15,2.6918809926625262,0.008190910440913945
2022-10-19 00:00:00+00:00,1068.1405484701831,0.0,0.7766690915511361,-0.32488242620036123,-7.105427357601002e-15,2.6918809926625262,0.008190910440913945
2022-10-20 00:00:00+00:00,1059.9850551089041,0.0,0.7707390483287083,-0.3300371007411709,-7.105427357601002e-15,2.6918809926625262,0.008190910440913945
2022-10-21 00:00:00+00:00,1082.7115117031808,0.0,0.7872639676593463,-0.315672857890391,-7.105427357601002e-15,2.6918809926625262,0.008190910440913945
2022-10-24 00:00:00+00:00,1095.344860103842,0.0,0.7964499603076389,-0.3076879578382067,-7.105427357601002e-15,2.6918809926625262,0.008190910440913945
2022-10-25 00:00:00+00:00,1116.7269561716514,0.0,0.8119973647688116,-0.2941734172276802,-7.105427357601002e-15,2.6918809926625262,0.008190910440913945
2022-10-26 00:00:00+00:00,1115.2845687391234,0.0,0.810948572324324,-0.29508507731335154,-7.105427357601002e-15,2.6918809926625262,0.008190910440913945
2022-10-27 00:00:00+00:00,1205.152472704925,100.0,0.8035812967034702,-0.30148906235250195,-3.552713678800501e-15,2.919007878019734,0.009152320507949611
2022-10-28 00:00:00+00:00,1231.6581549751097,0.0,0.8212549695466079,-0.28612626851947087,-3.552713678800501e-15,2.919007878019734,0.009152320507949611
2022-10-31 00:00:00+00:00,1223.6396662281682,0.0,0.8159083368749699,-0.2907738149669099,-3.552713678800501e-15,2.919007878019734,0.009152320507949611
2022-11-01 00:00:00+00:00,1219.400320440583,0.0,0.8130815916603035,-0.2932309558417501,-3.552713678800501e-15,2.919007878019734,0.009152320507949611
2022-11-02 00:00:00+00:00,1190.0343124827177,0.0,0.7935006877595538,-0.31025160527673223,-3.552713678800501e-15,2.919007878019734,0.009152320507949611
2022-11-03 00:00:00+00:00,1179.8339004724203,0.0,0.7866991746765272,-0.3161638027115611,-3.552713678800501e-15,2.919007878019734,0.009152320507949611
2022-11-04 00:00:00+00:00,1203.0093376855668,0.0,0.8021522798306083,-0.30273123152676196,-3.552713678800501e-15,2.919007878019734,0.009152320507949611
2022-11-07 00:00:00+00:00,1207.5990319126663,0.0,0.805212633206648,-0.30007102736944813,-3.552713678800501e-15,2.919007878019734,0.009152320507949611
2022-11-08 00:00:00+00:00,1194.4387189947058,0.0,0.7964374934968136,-0.307698794580867,-3.552713678800501e-15,2.919007878019734,0.009152320507949611
2022-11-09 00:00:00+00:00,1149.4898995218311,0.0,0.7664661567113257,-0.3337513005892361,-3.552713678800501e-15,2.919007878019734,0.009152320507949611
2022-11-10 00:00:00+00:00,1219.7863333874748,0.0,0.8133389804898773,-0.29300722127572276,-3.552713678800501e-15,2.919007878019734,0.009152320507949611
2022-11-11 00:00:00+00:00,1225.0568729057632,0.0,0.8168533133866327,-0.2899523966089612,-3.552713678800501e-15,2.919007878019734,0.009152320507949611
2022-11-14 00:00:00+00:00,1212.348666043376,0.0,0.8083796326030448,-0.2973181214382359,-3.552713678800501e-15,2.919007878019734,0.009152320507949611
2022-11-15 00:00:00+00:00,1223.678498495425,0.0,0.8159342297676808,-0.29075130763773216,-3.552713678800501e-15,2.919007878019734,0.009152320507949611
2022-11-16 00:00:00+00:00,1213.3871432545345,0.0,0.809072076823042,-0.29671621611345667,-3.552713678800501e-15,2.919007878019734,0.009152320507949611
2022-11-17 00:00:00+00:00,1210.5949241337507,0.0,0.8072102584120292,-0.2983345968912834,-3.552713678800501e-15,2.919007878019734,0.009152320507949611
2022-11-18 00:00:00+00:00,1215.33754854739,0.0,0.8103725838126782,-0.29558575381863417,-3.552713678800501e-15,2.919007878019734,0.009152320507949611
2022-11-21 00:00:00+00:00,1203.1887715454377,0.0,0.8022719241885242,-0.3026272309819821,-3.552713678800501e-15,2.919007878019734,0.009152320507949611
2022-11-22 00:00:00+00:00,1221.3663112306408,0.0,0.8143924908736087,-0.29209146013371967,-3.552713678800501e-15,2.919007878019734,0.009152320507949611
2022-11-23 00:00:00+00:00,1231.5228577555615,0.0,0.8211647549741058,-0.286204687300354,-3.552713678800501e-15,2.919007878019734,0.009152320507949611
2022-11-25 00:00:00+00:00,1230.6650340489123,0.0,0.8205927683565246,-0.2867018851697014,-3.552713678800501e-15,2.919007878019734,0.009152320507949611
2022-11-28 00:00:00+00:00,1309.7920742802453,100.0,0.8066749277041314,-0.29879993170713726,-3.552713678800501e-15,3.136965736576145,0.010367873161163377
2022-11-29 00:00:00+00:00,1310.1650872441028,0.0,0.8069046589809966,-0.2986002383963692,-3.552713678800501e-15,3.136965736576145,0.010367873161163377
2022-11-30 00:00:00+00:00,1352.7127411942706,0.0,0.8331089141053014,-0.2758222582563128,-3.552713678800501e-15,3.136965736576145,0.010367873161163377
2022-12-01 00:00:00+00:00,1350.9383657473697,0.0,0.8320161115044494,-0.2767721740551451,-3.552713678800501e-15,3.136965736576145,0.010367873161163377
2022-12-02 00:00:00+00:00,1350.4405457762218,0.0,0.8317095140703062,-0.277038683071821,-3.552713678800501e-15,3.136965736576145,0.010367873161163377
2022-12-05 00:00:00+00:00,1328.2379584817852,0.0,0.8180353814714918,-0.28892488702193453,-3.552713678800501e-15,3.136965736576145,0.010367873161163377
2022-12-06 00:00:00+00:00,1312.851875348856,0.0,0.8085593984184368,-0.29716186047399795,-3.552713678800501e-15,3.136965736576145,0.010367873161163377
2022-12-07 00:00:00+00:00,1308.0399775772282,0.0,0.8055958461392091,-0.2997379205314219,-3.552713678800501e-15,3.136965736576145,0.010367873161163377
2022-12-08 00:00:00+00:00,1320.9974660614946,0.0,0.8135761059770285,-0.29280110056702846,-3.552713678800501e-15,3.136965736576145,0.010367873161163377
2022-12-09 00:00:00+00:00,1311.6625906003844,0.0,0.8078269415595722,-0.297798546680323,-3.552713678800501e-15,3.136965736576145,0.010367873161163377
2022-12-12 00:00:00+00:00,1328.6919308529252,0.0,0.8183149740395491,-0.2886818519143802,-3.552713678800501e-15,3.136965736576145,0.010367873161163377
2022-12-13 00:00:00+00:00,1343.0496085115929,0.0,0.827157582583863,-0.2809954375952852,-3.552713678800501e-15,3.136965736576145,0.010367873161163377
2022-12-14 00:00:00+00:00,1336.3491409104633,0.0,0.8230308976512982,-0.2845825476654755,-3.552713678800501e-15,3.136965736576145,0.010367873161163377
2022-12-15 00:00:00+00:00,1303.3898709020414,0.0,0.8027319377833092,-0.30222736536945227,-3.552713678800501e-15,3.136965736576145,0.010367873161163377
2022-12-16 00:00:00+00:00,1282.4864061060832,0.0,0.7898579089323471,-0.31341808123214965,-3.552713678800501e-15,3.136965736576145,0.010367873161163377
2022-12-19 00:00:00+00:00,1270.9151727998628,0.0,0.7827314161293789,-0.31961276643744296,-3.552713678800501e-15,3.136965736576145,0.010367873161163377
2022-12-20 00:00:00+00:00,1277.3188388869614,0.0,0.7866753069035617,-0.31618454971070364,-3.552713678800501e-15,3.1519656127781506,0.010367873161163377
2022-12-21 00:00:00+00:00,1293.0686405133963,0.0,0.7963752969537691,-0.30775285876302094,-3.552713678800501e-15,3.1519656127781506,0.010367873161163377
2022-12-22 00:00:00+00:00,1277.3067401965914,0.0,0.7866678555604278,-0.31619102677120836,-3.552713678800501e-15,3.1519656127781506,0.010367873161163377
2022-12-23 00:00:00+00:00,1283.0395000028275,0.0,0.7901985484795936,-0.313121981197812,-3.552713678800501e-15,3.1519656127781506,0.010367873161163377
2022-12-27 00:00:00+00:00,1377.2641891909966,100.0,0.7866416492410923,-0.31621380654565867,-3.552713678800501e-15,3.379279747386989,0.011548177827143576
2022-12-28 00:00:00+00:00,1360.8965485938252,0.0,0.7772930668161709,-0.32434003733536854,-3.552713678800501e-15,3.379279747386989,0.011548177827143576
2022-12-29 00:00:00+00:00,1382.6403172443681,0.0,0.7897122919482983,-0.31354465841417545,-3.552713678800501e-15,3.379279747386989,0.011548177827143576
2022-12-30 00:00:00+00:00,1379.062278747675,0.0,0.7876686505567798,-0.31532108834162753,-3.552713678800501e-15,3.379279747386989,0.011548177827143576
2023-01-03 00:00:00+00:00,1375.8900741933335,0.0,0.7858568062919383,-0.3168960292237728,-1.4210854715202004e-14,3.139551966328261,0.016616209330160475
2023-01-04 00:00:00+00:00,1386.712572698938,0.0,0.792038211530071,-0.3115228589091077,-1.4210854715202004e-14,3.139551966328261,0.016616209330160475
2023-01-05 00:00:00+00:00,1374.317731593873,0.0,0.7849587431713556,-0.31767666823938745,-1.4210854715202004e-14,3.139551966328261,0.016616209330160475
2023-01-06 00:00:00+00:00,1401.1883843552791,0.0,0.8003062522188633,-0.3043358861936798,-1.4210854715202004e-14,3.139551966328261,0.016616209330160475
2023-01-09 00:00:00+00:00,1404.1541162496717,0.0,0.8020001670442987,-0.3028634551678909,-1.4210854715202004e-14,3.139551966328261,0.016616209330160475
2023-01-10 00:00:00+00:00,1416.4886715723796,0.0,0.8090452024252084,-0.2967395766133918,-1.4210854715202004e-14,3.139551966328261,0.016616209330160475
2023-01-11 00:00:00+00:00,1439.2191263875015,0.0,0.8220279856879248,-0.28545432626309564,-1.4210854715202004e-14,3.139551966328261,0.016616209330160475
2023-01-12 00:00:00+00:00,1458.499335922202,0.0,0.8330401182512491,-0.2758820588722771,-1.4210854715202004e-14,3.139551966328261,0.016616209330160475
2023-01-13 00:00:00+00:00,1480.9593347405907,0.0,0.8458684271923453,-0.2647310849214941,-1.4210854715202004e-14,3.139551966328261,0.016616209330160475
2023-01-17 00:00:00+00:00,1499.220394640424,0.0,0.8562984597084258,-0.2556648064722712,-1.4210854715202004e-14,3.139551966328261,0.016616209330160475
2023-01-18 00:00:00+00:00,1472.9721987853786,0.0,0.8413064746999833,-0.2686965501781089,-1.4210854715202004e-14,3.139551966328261,0.016616209330160475
2023-01-19 00:00:00+00:00,1471.3895396137912,0.0,0.8404025191403347,-0.2694823111809497,-1.4210854715202004e-14,3.139551966328261,0.016616209330160475
2023-01-20 00:00:00+00:00,1518.5295519639585,0.0,0.8673271261630173,-0.2460781670397696,-1.4210854715202004e-14,3.139551966328261,0.016616209330160475
2023-01-23 00:00:00+00:00,1536.579191188242,0.0,0.8776364031187606,-0.23711685504512114,-1.4210854715202004e-14,3.139551966328261,0.016616209330160475
2023-01-24 00:00:00+00:00,1530.6430736037137,0.0,0.8742459153943064,-0.24006402762020007,-1.4210854715202004e-14,3.139551966328261,0.016616209330160475
2023-01-25 00:00:00+00:00,1538.1637837631115,0.0,0.8785414629658498,-0.2363301341433146,-1.4210854715202004e-14,3.139551966328261,0.016616209330160475
2023-01-26 00:00:00+00:00,1549.6499776142377,0.0,0.8851019460928091,-0.23062745136656015,-1.4210854715202004e-14,3.139551966328261,0.016616209330160475
2023-01-27 00:00:00+00:00,1654.4627248030135,100.0,0.8878508067803021,-0.22823801141299227,-1.7763568394002505e-14,3.3551415481180236,0.017484107579918237
2023-01-30 00:00:00+00:00,1634.4915316678882,0.0,0.8771334665395316,-0.23755403134946718,-1.7763568394002505e-14,3.3551415481180236,0.017484107579918237
2023-01-31 00:00:00+00:00,1657.2663204487894,0.0,0.8893553282292724,-0.2269302100836903,-1.7763568394002505e-14,3.3551415481180236,0.017484107579918237
2023-02-01 00:00:00+00:00,1681.6109692586197,0.0,0.902419639538652,-0.2155740916923473,-1.7763568394002505e-14,3.3551415481180236,0.017484107579918237
2023-02-02 00:00:00+00:00,1695.5010583345606,0.0,0.9098736163538702,-0.2090947418670588,-1.7763568394002505e-14,3.3551415481180236,0.017484107579918237
2023-02-03 00:00:00+00:00,1680.7812359063996,0.0,0.9019743714675513,-0.2159611397970319,-1.7763568394002505e-14,3.3551415481180236,0.017484107579918237
2023-02-06 00:00:00+00:00,1661.7299639841754,0.0,0.8917506977076293,-0.22484804143790038,-1.7763568394002505e-14,3.3551415481180236,0.017484107579918237
2023-02-07 00:00:00+00:00,1686.392306284775,0.0,0.9049854960384811,-0.21334372764963383,-1.7763568394002505e-14,3.3551415481180236,0.017484107579918237
2023-02-08 00:00:00+00:00,1667.5166741245173,0.0,0.8948560775930046,-0.22214869810526727,-1.7763568394002505e-14,3.3551415481180236,0.017484107579918237
2023-02-09 00:00:00+00:00,1636.2817328159845,0.0,0.8780941600080568,-0.23671895106792729,-1.7763568394002505e-14,3.3551415481180236,0.017484107579918237
2023-02-10 00:00:00+00:00,1636.3423317713932,0.0,0.8781266798289286,-0.23669068329880116,-1.7763568394002505e-14,3.3551415481180236,0.017484107579918237
2023-02-13 00:00:00+00:00,1653.4713802004846,0.0,0.8873188116546598,-0.2287004467827064,-1.7763568394002505e-14,3.3551415481180236,0.017484107579918237
2023-02-14 00:00:00+00:00,1660.4476172788077,0.0,0.8910625392258066,-0.22544622139599535,-1.7763568394002505e-14,3.3551415481180236,0.017484107579918237
2023-02-15 00:00:00+00:00,1701.848563207256,0.0,0.9132799411007367,-0.2061338030017238,-1.7763568394002505e-14,3.3551415481180236,0.017484107579918237
2023-02-16 00:00:00+00:00,1670.001903952796,0.0,0.8961897512231158,-0.2209894057950723,-1.7763568394002505e-14,3.3551415481180236,0.017484107579918237
2023-02-17 00:00:00+00:00,1685.1450688520904,0.0,0.9043161785952686,-0.21392553008426007,-1.7763568394002505e-14,3.3551415481180236,0.017484107579918237
2023-02-21 00:00:00+00:00,1658.1565644355833,0.0,0.889833068724756,-0.22651493540915357,-1.7763568394002505e-14,3.3551415481180236,0.017484107579918237
2023-02-22 00:00:00+00:00,1651.89336448225,0.0,0.8864719853662565,-0.22943654831613391,-1.7763568394002505e-14,3.3551415481180236,0.017484107579918237
2023-02-23 00:00:00+00:00,1653.8354960553716,0.0,0.8875142107716518,-0.22853059661199493,-1.7763568394002505e-14,3.3551415481180236,0.017484107579918237
2023-02-24 00:00:00+00:00,1627.4173107026302,0.0,0.8733371568994375,-0.24085396356190258,-1.7763568394002505e-14,3.3551415481180236,0.017484107579918237
2023-02-27 00:00:00+00:00,1736.4505912494672,100.0,0.878184776190671,-0.2366401831885061,-1.7763568394002505e-14,3.572725754463788,0.01833191747735077
2023-02-28 00:00:00+00:00,1725.0945259941461,0.0,0.8724416104047243,-0.2416324150070709,-1.7763568394002505e-14,3.572725754463788,0.01833191747735077
2023-03-01 00:00:00+00:00,1729.2777773191701,0.0,0.8745572292695101,-0.23979341884948424,-1.7763568394002505e-14,3.572725754463788,0.01833191747735077
2023-03-02 00:00:00+00:00,1735.9598458185983,0.0,0.8779365887855437,-0.23685591944043094,-1.7763568394002505e-14,3.572725754463788,0.01833191747735077
2023-03-03 00:00:00+00:00,1736.2795342579566,0.0,0.8780982665908226,-0.23671538143161297,-1.7763568394002505e-14,3.572725754463788,0.01833191747735077
2023-03-06 00:00:00+00:00,1738.9076153742549,0.0,0.8794273806114332,-0.2355600525500352,-1.7763568394002505e-14,3.572725754463788,0.01833191747735077
2023-03-07 00:00:00+00:00,1714.4773425041903,0.0,0.8670721233868455,-0.24629982753512614,-1.7763568394002505e-14,3.572725754463788,0.01833191747735077
2023-03-08 00:00:00+00:00,1707.48496018829,0.0,0.8635358271454937,-0.249373743781658,-1.7763568394002505e-14,3.572725754463788,0.01833191747735077
2023-03-09 00:00:00+00:00,1658.8881721819107,0.0,0.8389587043560343,-0.2707373434009731,-1.7763568394002505e-14,3.572725754463788,0.01833191747735077
2023-03-10 00:00:00+00:00,1636.5751567848936,0.0,0.8276742194813631,-0.2805463523251619,-1.7763568394002505e-14,3.572725754463788,0.01833191747735077
2023-03-13 00:00:00+00:00,1707.0770605922862,0.0,0.8633295378233385,-0.24955306023468693,-1.7763568394002505e-14,3.572725754463788,0.01833191747735077
2023-03-14 00:00:00+00:00,1738.2942828291943,0.0,0.879117196546002,-0.23582967923656528,-1.7763568394002505e-14,3.572725754463788,0.01833191747735077
2023-03-15 00:00:00+00:00,1723.309626404874,0.0,0.8715389232483914,-0.24241707345365138,-1.7763568394002505e-14,3.572725754463788,0.01833191747735077
2023-03-16 00:00:00+00:00,1758.2475650136407,0.0,0.8892082804718676,-0.22705803096170873,-1.7763568394002505e-14,3.572725754463788,0.01833191747735077
2023-03-17 00:00:00+00:00,1787.9578069577244,0.0,0.904233805703462,-0.21399713250473518,-1.7763568394002505e-14,3.572725754463788,0.01833191747735077
2023-03-20 00:00:00+00:00,1805.4698432573414,0.0,0.9130902648252595,-0.20629867860743611,-1.7763568394002505e-14,3.572725754463788,0.01833191747735077
2023-03-21 00:00:00+00:00,1829.5615072542962,0.0,0.9252742755088016,-0.19570775922966888,-1.7763568394002505e-14,3.572725754463788,0.01833191747735077
2023-03-22 00:00:00+00:00,1792.1032566676706,0.0,0.9063303069480607,-0.2121747542884287,-1.7763568394002505e-14,3.572725754463788,0.01833191747735077
2023-03-23 00:00:00+00:00,1814.3223887065537,0.0,0.917567311671977,-0.2024070173609369,-1.7763568394002505e-14,3.572725754463788,0.01833191747735077
2023-03-24 00:00:00+00:00,1807.5058969141448,0.0,0.9141199695193767,-0.20540361049878497,-1.7763568394002505e-14,3.5873385919511014,0.01833191747735077
2023-03-27 00:00:00+00:00,1902.6026981566156,100.0,0.911640247651563,-0.2075591022381984,-1.7763568394002505e-14,3.8059728663102645,0.019045947771294706
2023-03-28 00:00:00+00:00,1902.7601717707162,0.0,0.9117157018095416,-0.20749351390898363,-1.7763568394002505e-14,3.8059728663102645,0.019045947771294706
2023-03-29 00:00:00+00:00,1943.1500910692566,0.0,0.9310687049707498,-0.19067096659499494,-1.7763568394002505e-14,3.8059728663102645,0.019045947771294706
2023-03-30 00:00:00+00:00,1945.4271948719806,0.0,0.932159789029789,-0.18972254463413274,-1.7763568394002505e-14,3.8059728663102645,0.019045947771294706
2023-03-31 00:00:00+00:00,1973.4619756844027,0.0,0.9455927745645283,-0.1780459571379227,-1.7763568394002505e-14,3.8059728663102645,0.019045947771294706
2023-04-03 00:00:00+00:00,1966.4604634460964,0.0,0.9422379699292519,-0.18096211228118475,-1.7763568394002505e-14,3.8059728663102645,0.019045947771294706
2023-04-04 00:00:00+00:00,1965.3144637728305,0.0,0.9416888592678633,-0.18143942528552215,-1.7763568394002505e-14,3.8059728663102645,0.019045947771294706
2023-04-05 00:00:00+00:00,1961.9374970673698,0.0,0.9400707711790258,-0.18284594411910715,-1.7763568394002505e-14,3.8059728663102645,0.019045947771294706
2023-04-06 00:00:00+00:00,1964.786170639221,0.0,0.9414357253457769,-0.18165946128435917,-1.7763568394002505e-14,3.8059728663102645,0.019045947771294706
2023-04-10 00:00:00+00:00,1996.8871776846345,0.0,0.9568170606298585,-0.16828927587109788,-1.7763568394002505e-14,3.8059728663102645,0.019045947771294706
2023-04-11 00:00:00+00:00,2007.8018685990107,0.0,0.9620468816207899,-0.16374326767119307,-1.7763568394002505e-14,3.8059728663102645,0.019045947771294706
2023-04-12 00:00:00+00:00,1996.1439075131816,0.0,0.956460919537537,-0.1685988505828947,-1.7763568394002505e-14,3.8059728663102645,0.019045947771294706
2023-04-13 00:00:00+00:00,2023.8928856923112,0.0,0.9697569615140407,-0.15704130091603719,-1.7763568394002505e-14,3.8059728663102645,0.019045947771294706
2023-04-14 00:00:00+00:00,2022.697214134619,0.0,0.969184050356067,-0.1575393024396995,-1.7763568394002505e-14,3.8059728663102645,0.019045947771294706
2023-04-17 00:00:00+00:00,2007.8627469155686,0.0,0.9620760517274218,-0.16371791163239735,-1.7763568394002505e-14,3.8059728663102645,0.019045947771294706
2023-04-18 00:00:00+00:00,2026.9409982971192,0.0,0.9712174777493059,-0.15577175100350238,-1.7763568394002505e-14,3.8059728663102645,0.019045947771294706
2023-04-19 00:00:00+00:00,1996.7168576531326,0.0,0.956735451055853,-0.16836021477957352,-1.7763568394002505e-14,3.8059728663102645,0.019045947771294706
2023-04-20 00:00:00+00:00,1977.9930361965426,0.0,0.9477638516535146,-0.17615875406419002,-1.7763568394002505e-14,3.8059728663102645,0.019045947771294706
2023-04-21 00:00:00+00:00,1960.1498941935672,0.0,0.9392142335907238,-0.18359048717453863,-1.7763568394002505e-14,3.8059728663102645,0.019045947771294706
2023-04-24 00:00:00+00:00,1966.7779898093027,0.0,0.9423901140488151,-0.18082986140370716,-1.7763568394002505e-14,3.8059728663102645,0.019045947771294706
2023-04-25 00:00:00+00:00,1959.0238446467392,0.0,0.9386746821180318,-0.18405949087913598,-1.7763568394002505e-14,3.8059728663102645,0.019045947771294706
2023-04-26 00:00:00+00:00,1954.8866907084775,0.0,0.93669234705433,-0.18578263044168963,-1.7763568394002505e-14,3.8059728663102645,0.019045947771294706
2023-04-27 00:00:00+00:00,2104.802852832318,100.0,0.960609890346202,-0.16499236857326904,-1.7763568394002505e-14,4.0198326111282725,0.01974873964716642
2023-04-28 00:00:00+00:00,2114.6461809974044,0.0,0.9651022818196274,-0.1610873690501904,-1.7763568394002505e-14,4.0198326111282725,0.01974873964716642
2023-05-01 00:00:00+00:00,2089.0446516916386,0.0,0.9534180130407187,-0.1712438890861372,-1.7763568394002505e-14,4.0198326111282725,0.01974873964716642
2023-05-02 00:00:00+00:00,2083.720609887745,0.0,0.9509881763429232,-0.1733560182721574,-1.7763568394002505e-14,4.0198326111282725,0.01974873964716642
2023-05-03 00:00:00+00:00,2080.184926056763,0.0,0.9493745274196485,-0.17475867837270287,-1.7763568394002505e-14,4.0198326111282725,0.01974873964716642
2023-05-04 00:00:00+00:00,2065.4578216486043,0.0,0.94265323182106,-0.18060114696926666,-1.7763568394002505e-14,4.0198326111282725,0.01974873964716642
2023-05-05 00:00:00+00:00,2106.0945746601114,0.0,0.9611994186061459,-0.16447992267723788,-1.7763568394002505e-14,4.0198326111282725,0.01974873964716642
2023-05-08 00:00:00+00:00,2070.66385954974,0.0,0.9450292127784304,-0.17853583174456722,-1.7763568394002505e-14,4.0198326111282725,0.01974873964716642
2023-05-09 00:00:00+00:00,2063.2711151369867,0.0,0.941655241962049,-0.18146864704056032,-1.7763568394002505e-14,4.0198326111282725,0.01974873964716642
2023-05-10 00:00:00+00:00,2069.3208561509637,0.0,0.9444162801487082,-0.1790686218277342,-1.7763568394002505e-14,4.0198326111282725,0.01974873964716642
2023-05-11 00:00:00+00:00,2054.746071553197,0.0,0.9377645017099626,-0.18485066281516405,-1.7763568394002505e-14,4.0198326111282725,0.01974873964716642
2023-05-12 00:00:00+00:00,2049.267378231377,0.0,0.9352640836855228,-0.18702414463452333,-1.7763568394002505e-14,4.0198326111282725,0.01974873964716642
2023-05-15 00:00:00+00:00,2061.783713738619,0.0,0.9409764076036367,-0.18205872202880002,-1.7763568394002505e-14,4.0198326111282725,0.01974873964716642
2023-05-16 00:00:00+00:00,2049.1601705879557,0.0,0.9352151552443377,-0.187066675553884,-1.7763568394002505e-14,4.0198326111282725,0.01974873964716642
2023-05-17 00:00:00+00:00,2074.59140627666,0.0,0.9468217038070316,-0.17697771361233927,-1.7763568394002505e-14,4.0198326111282725,0.01974873964716642
2023-05-18 00:00:00+00:00,2078.04560087814,0.0,0.9483981619028086,-0.1756073815411966,-1.7763568394002505e-14,4.0198326111282725,0.01974873964716642
2023-05-19 00:00:00+00:00,2076.7582836497413,0.0,0.9478106438557152,-0.17611808006497198,-1.7763568394002505e-14,4.0198326111282725,0.01974873964716642
2023-05-22 00:00:00+00:00,2076.9904350564125,0.0,0.9479165953166828,-0.17602598203500397,-1.7763568394002505e-14,4.0198326111282725,0.01974873964716642
2023-05-23 00:00:00+00:00,2067.018903069493,0.0,0.9433656929670167,-0.17998184198401979,-1.7763568394002505e-14,4.0198326111282725,0.01974873964716642
2023-05-24 00:00:00+00:00,2037.9741525980107,0.0,0.9301099742530294,-0.19150434076053813,-1.7763568394002505e-14,4.0198326111282725,0.01974873964716642
2023-05-25 00:00:00+00:00,2054.0586244147394,0.0,0.9374507580643744,-0.1851233836574233,-1.7763568394002505e-14,4.0198326111282725,0.01974873964716642
2023-05-26 00:00:00+00:00,2078.541070774121,0.0,0.9486242891535428,-0.17541082102070416,-1.7763568394002505e-14,4.0198326111282725,0.01974873964716642
2023-05-30 00:00:00+00:00,2198.0795154187717,100.0,0.957541429845545,-0.1676596198274245,-1.7763568394002505e-14,4.226042689501506,0.020468733668109258
2023-05-31 00:00:00+00:00,2179.29693523877,0.0,0.9493592423698016,-0.174771964862252,-1.7763568394002505e-14,4.226042689501506,0.020468733668109258
2023-06-01 00:00:00+00:00,2186.816431870096,0.0,0.9526349334926986,-0.17192457893243407,-1.7763568394002505e-14,4.226042689501506,0.020468733668109258
2023-06-02 00:00:00+00:00,2219.554867212859,0.0,0.9668966596809992,-0.15952761079351796,-1.7763568394002505e-14,4.226042689501506,0.020468733668109258
2023-06-05 00:00:00+00:00,2185.34542918919,0.0,0.9519941259147647,-0.17248159924133177,-1.7763568394002505e-14,4.226042689501506,0.020468733668109258
2023-06-06 00:00:00+00:00,2219.510105489146,0.0,0.9668771602931812,-0.15954456058531152,-1.7763568394002505e-14,4.226042689501506,0.020468733668109258
2023-06-07 00:00:00+00:00,2195.826190592157,0.0,0.9565598221005807,-0.16851287978898644,-1.7763568394002505e-14,4.226042689501506,0.020468733668109258
2023-06-08 00:00:00+00:00,2209.0174461238057,0.0,0.9623062810410463,-0.16351778540448048,-1.7763568394002505e-14,4.226042689501506,0.020468733668109258
2023-06-09 00:00:00+00:00,2211.38088463858,0.0,0.9633358572137526,-0.16262282901272918,-1.7763568394002505e-14,4.226042689501506,0.020468733668109258
2023-06-12 00:00:00+00:00,2215.000613328438,0.0,0.9649127065319989,-0.16125215687247962,-1.7763568394002505e-14,4.226042689501506,0.020468733668109258
2023-06-13 00:00:00+00:00,2226.7099270022222,0.0,0.9700135925004345,-0.15681822510320942,-1.7763568394002505e-14,4.226042689501506,0.020468733668109258
2023-06-14 00:00:00+00:00,2211.5293649562554,0.0,0.9634005391575555,-0.16256660440247506,-1.7763568394002505e-14,4.226042689501506,0.020468733668109258
2023-06-15 00:00:00+00:00,2242.911538070496,0.0,0.9770714417362303,-0.1506832081389089,-1.7763568394002505e-14,4.226042689501506,0.020468733668109258
2023-06-16 00:00:00+00:00,2251.852588406824,0.0,0.9809663991585222,-0.14729752660014828,-1.7763568394002505e-14,4.226042689501506,0.020468733668109258
2023-06-20 00:00:00+00:00,2284.1298080806177,0.0,0.9950272076329577,-0.13507520565782294,-1.7763568394002505e-14,4.226042689501506,0.020468733668109258
2023-06-21 00:00:00+00:00,2309.298491827885,0.0,1.0059913503100697,-0.12554465334991305,-1.7763568394002505e-14,4.226042689501506,0.020468733668109258
2023-06-22 00:00:00+00:00,2313.238036246743,0.0,1.0077075197977121,-0.12405287751728378,-1.7763568394002505e-14,4.226042689501506,0.020468733668109258
2023-06-23 00:00:00+00:00,2316.923652325468,0.0,1.009313071400886,-0.12265725599102983,-1.7763568394002505e-14,4.226042689501506,0.020468733668109258
2023-06-26 00:00:00+00:00,2301.3433746930136,0.0,1.0025258914026554,-0.1285569944294369,-1.7763568394002505e-14,4.226042689501506,0.020468733668109258
2023-06-27 00:00:00+00:00,2429.594063565894,100.0,1.014832636826424,-0.11785938820015973,-1.7763568394002505e-14,4.426544244140436,0.02112850773842376
2023-06-28 00:00:00+00:00,2417.3961754154766,0.0,1.009737623144495,-0.1222882154997631,-1.7763568394002505e-14,4.426544244140436,0.02112850773842376
2023-06-29 00:00:00+00:00,2432.0107823869193,0.0,1.0158420915210942,-0.11698192235049476,-1.7763568394002505e-14,4.443876071247254,0.02112850773842376
2023-06-30 00:00:00+00:00,2453.72973410283,0.0,1.0249140189551833,-0.10909617318702958,-1.7763568394002505e-14,4.443876071247254,0.02112850773842376
2023-07-03 00:00:00+00:00,2471.652082433033,0.0,1.032400118911884,-0.10258890040513513,-1.7763568394002505e-14,4.443876071247254,0.02112850773842376
2023-07-05 00:00:00+00:00,2453.845256552466,0.0,1.0249622722638057,-0.10905422912488094,-1.7763568394002505e-14,4.443876071247254,0.02112850773842376
2023-07-06 00:00:00+00:00,2426.216297950284,0.0,1.013421756367966,-0.11908579234369676,-1.7763568394002505e-14,4.443876071247254,0.02112850773842376
2023-07-07 00:00:00+00:00,2431.5314591149536,0.0,1.0156418799272005,-0.1171559557541495,-1.7763568394002505e-14,4.443876071247254,0.02112850773842376
2023-07-10 00:00:00+00:00,2437.7437085843694,0.0,1.0182367140207682,-0.11490040301396853,-1.7763568394002505e-14,4.443876071247254,0.02112850773842376
2023-07-11 00:00:00+00:00,2453.7015323430696,0.0,1.024902239182319,-0.10910641272374166,-1.7763568394002505e-14,4.443876071247254,0.02112850773842376
2023-07-12 00:00:00+00:00,2462.8067240475884,0.0,1.0287054447650432,-0.10580048623123495,-1.7763568394002505e-14,4.443876071247254,0.02112850773842376
2023-07-13 00:00:00+00:00,2500.3461469934014,0.0,1.044385525707095,-0.09217061693717277,-1.7763568394002505e-14,4.443876071247254,0.02112850773842376
2023-07-14 00:00:00+00:00,2474.746263780907,0.0,1.0336925472492642,-0.10146546045762883,-1.7763568394002505e-14,4.443876071247254,0.02112850773842376
2023-07-17 00:00:00+00:00,2477.46887369194,0.0,1.0348297715438477,-0.10047693121785717,-1.7763568394002505e-14,4.443876071247254,0.02112850773842376
2023-07-18 00:00:00+00:00,2485.5305376026427,0.0,1.0381970993482708,-0.09754989034261141,-1.7763568394002505e-14,4.443876071247254,0.02112850773842376
2023-07-19 00:00:00+00:00,2490.5881417343053,0.0,1.0403096422680647,-0.09571356794215324,-1.7763568394002505e-14,4.443876071247254,0.02112850773842376
2023-07-20 00:00:00+00:00,2476.148915729687,0.0,1.034278429885823,-0.10095618351017754,-1.7763568394002505e-14,4.443876071247254,0.02112850773842376
2023-07-21 00:00:00+00:00,2478.5203013404016,0.0,1.035268949062809,-0.10009517730966899,-1.7763568394002505e-14,4.443876071247254,0.02112850773842376
2023-07-24 00:00:00+00:00,2471.018706843737,0.0,1.0321355602232434,-0.102818867352379,-1.7763568394002505e-14,4.443876071247254,0.02112850773842376
2023-07-25 00:00:00+00:00,2477.592019501942,0.0,1.0348812091024722,-0.10043221925473345,-1.7763568394002505e-14,4.443876071247254,0.02112850773842376
2023-07-26 00:00:00+00:00,2480.6362699862802,0.0,1.0361527814990752,-0.09932690827912771,-1.7763568394002505e-14,4.443876071247254,0.02112850773842376
2023-07-27 00:00:00+00:00,2563.9967023853574,100.0,1.029202494404896,-0.10536842713352412,-2.1316282072803006e-14,4.633449128906291,0.02180887258513884
2023-07-28 00:00:00+00:00,2584.754629956806,0.0,1.0375348416404973,-0.09812555612069618,-2.1316282072803006e-14,4.633449128906291,0.02180887258513884
2023-07-31 00:00:00+00:00,2586.721795175223,0.0,1.0383244726676424,-0.09743917141832759,-2.1316282072803006e-14,4.633449128906291,0.02180887258513884
2023-08-01 00:00:00+00:00,2591.030046606129,0.0,1.040053828682448,-0.0959359332314963,-2.1316282072803006e-14,4.633449128906291,0.02180887258513884
2023-08-02 00:00:00+00:00,2552.7695296003626,0.0,1.024695844991236,-0.10928582033381151,-2.1316282072803006e-14,4.633449128906291,0.02180887258513884
2023-08-03 00:00:00+00:00,2547.5147958173666,0.0,1.0225865657117963,-0.11111930582343899,-2.1316282072803006e-14,4.633449128906291,0.02180887258513884
2023-08-04 00:00:00+00:00,2536.41815187557,0.0,1.0181323112996143,-0.1149911548059096,-2.1316282072803006e-14,4.633449128906291,0.02180887258513884
2023-08-07 00:00:00+00:00,2555.6789009143627,0.0,1.0258636827699403,-0.10827068040314192,-2.1316282072803006e-14,4.633449128906291,0.02180887258513884
2023-08-08 00:00:00+00:00,2559.5840379428437,0.0,1.0274312264282321,-0.10690809718343708,-2.1316282072803006e-14,4.633449128906291,0.02180887258513884
2023-08-09 00:00:00+00:00,2542.778941468423,0.0,1.0206855675145143,-0.11277174352787156,-2.1316282072803006e-14,4.633449128906291,0.02180887258513884
2023-08-10 00:00:00+00:00,2541.1378171842125,0.0,1.0200268111263464,-0.11334436579305884,-2.1316282072803006e-14,4.633449128906291,0.02180887258513884
2023-08-11 00:00:00+00:00,2538.7289468219974,0.0,1.019059877205104,-0.11418487057177995,-2.1316282072803006e-14,4.633449128906291,0.02180887258513884
2023-08-14 00:00:00+00:00,2549.5390777854386,0.0,1.0233991237189808,-0.11041299190371512,-2.1316282072803006e-14,4.633449128906291,0.02180887258513884
2023-08-15 00:00:00+00:00,2522.6328749509144,0.0,1.0125988246989026,-0.11980112354184114,-2.1316282072803006e-14,4.633449128906291,0.02180887258513884
2023-08-16 00:00:00+00:00,2498.4471454829095,0.0,1.0028905387739189,-0.12824002565694692,-2.1316282072803006e-14,4.633449128906291,0.02180887258513884
2023-08-17 00:00:00+00:00,2437.3422914072403,0.0,0.9783627115047113,-0.14956077527438394,-2.1316282072803006e-14,4.633449128906291,0.02180887258513884
2023-08-18 00:00:00+00:00,2426.6384774462313,0.0,0.9740661412251679,-0.15329555773752002,-2.1316282072803006e-14,4.633449128906291,0.02180887258513884
2023-08-21 00:00:00+00:00,2440.5074206267414,0.0,0.9796332119249317,-0.14845639611144135,-2.1316282072803006e-14,4.633449128906291,0.02180887258513884
2023-08-22 00:00:00+00:00,2433.7249378673396,0.0,0.9769106857345742,-0.15082294487234194,-2.1316282072803006e-14,4.633449128906291,0.02180887258513884
2023-08-23 00:00:00+00:00,2462.049945567066,0.0,0.9882805008952081,-0.14093976282055287,-2.1316282072803006e-14,4.633449128906291,0.02180887258513884
2023-08-24 00:00:00+00:00,2431.472537943596,0.0,0.976006559915006,-0.15160885387317202,-2.1316282072803006e-14,4.633449128906291,0.02180887258513884
2023-08-25 00:00:00+00:00,2441.1795755613666,0.0,0.9799030186429745,-0.14822186732838383,-2.1316282072803006e-14,4.633449128906291,0.02180887258513884
2023-08-28 00:00:00+00:00,2554.855244972678,100.0,0.9853925081800259,-0.1434501429248144,-3.197442310920451e-14,4.830220513860531,0.022573955846224434
2023-08-29 00:00:00+00:00,2618.8096282183533,0.0,1.0100593343102229,-0.1220085689114887,-3.197442310920451e-14,4.830220513860531,0.022573955846224434
2023-08-30 00:00:00+00:00,2617.7189409856182,0.0,1.009638662716394,-0.12237423659272084,-3.197442310920451e-14,4.830220513860531,0.022573955846224434
2023-08-31 00:00:00+00:00,2584.476177587525,0.0,0.9968171261271331,-0.13351932369440733,-3.197442310920451e-14,4.830220513860531,0.022573955846224434
2023-09-01 00:00:00+00:00,2585.6628086127143,0.0,0.9972748026724078,-0.13312148955604375,-3.197442310920451e-14,4.830220513860531,0.022573955846224434
2023-09-05 00:00:00+00:00,2576.627776754418,0.0,0.9937900444960484,-0.1361506064745549,-3.197442310920451e-14,4.830220513860531,0.022573955846224434
2023-09-06 00:00:00+00:00,2562.13589560946,0.0,0.9882006119292613,-0.14100920609497958,-3.197442310920451e-14,4.830220513860531,0.022573955846224434
2023-09-07 00:00:00+00:00,2567.4182634242234,0.0,0.9902379898513028,-0.1392382206719669,-3.197442310920451e-14,4.830220513860531,0.022573955846224434
2023-09-08 00:00:00+00:00,2562.346459122961,0.0,0.9882818250269929,-0.1409386118224667,-3.197442310920451e-14,4.830220513860531,0.022573955846224434
2023-09-11 00:00:00+00:00,2558.454884811387,0.0,0.9867808679065468,-0.1422433148685337,-3.197442310920451e-14,4.830220513860531,0.022573955846224434
2023-09-12 00:00:00+00:00,2563.07575847804,0.0,0.988563111460786,-0.1406941043265576,-3.197442310920451e-14,4.830220513860531,0.022573955846224434
2023-09-13 00:00:00+00:00,2574.0152580623662,0.0,0.9927824115384892,-0.13702648878400703,-3.197442310920451e-14,4.830220513860531,0.022573955846224434
2023-09-14 00:00:00+00:00,2597.951206628206,0.0,1.0020143648710207,-0.12900163752741522,-3.197442310920451e-14,4.830220513860531,0.022573955846224434
2023-09-15 00:00:00+00:00,2574.7715583449235,0.0,0.9930741120697946,-0.13677292886110903,-3.197442310920451e-14,4.830220513860531,0.022573955846224434
2023-09-18 00:00:00+00:00,2580.6136511407303,0.0,0.9953273725957709,-0.1348142880500044,-3.197442310920451e-14,4.830220513860531,0.022573955846224434
2023-09-19 00:00:00+00:00,2586.760359049512,0.0,0.9976981213633195,-0.13275352089260495,-3.197442310920451e-14,4.830220513860531,0.022573955846224434
2023-09-20 00:00:00+00:00,2566.3842612111157,0.0,0.9898391813331913,-0.13958488393188928,-3.197442310920451e-14,4.830220513860531,0.022573955846224434
2023-09-21 00:00:00+00:00,2521.788011714341,0.0,0.9726386725241221,-0.15453638116748336,-3.197442310920451e-14,4.830220513860531,0.022573955846224434
2023-09-22 00:00:00+00:00,2517.42324192854,0.0,0.9709552067170779,-0.15599972941140072,-3.197442310920451e-14,4.830220513860531,0.022573955846224434
2023-09-25 00:00:00+00:00,2519.1778185132694,0.0,0.9716319364946349,-0.15541148382455783,-3.197442310920451e-14,4.830220513860531,0.022573955846224434
2023-09-26 00:00:00+00:00,2489.0442298181297,0.0,0.9600095901393185,-0.16551417795596668,-3.197442310920451e-14,4.830220513860531,0.022573955846224434
2023-09-27 00:00:00+00:00,2592.739134629513,100.0,0.9614346930005236,-0.1642754110260889,-3.197442310920451e-14,5.033247174407974,0.02333554072417805
2023-09-28 00:00:00+00:00,2619.360802534243,0.0,0.9713064902697862,-0.15569437710319123,-3.197442310920451e-14,5.052337302523488,0.02333554072417805
2023-09-29 00:00:00+00:00,2611.9413195448033,0.0,0.9685552114176645,-0.15808591904002944,-3.197442310920451e-14,5.052337302523488,0.02333554072417805
2023-10-02 00:00:00+00:00,2625.5005463782186,0.0,0.973583218637439,-0.15371533693216954,-3.197442310920451e-14,5.052337302523488,0.02333554072417805
2023-10-03 00:00:00+00:00,2597.236221874614,0.0,0.9631022945101171,-0.16282585278118322,-3.197442310920451e-14,5.052337302523488,0.02333554072417805
2023-10-04 00:00:00+00:00,2619.8520604311966,0.0,0.971488657607423,-0.15553602862203142,-3.197442310920451e-14,5.052337302523488,0.02333554072417805
2023-10-05 00:00:00+00:00,2609.593109737536,0.0,0.9676844526340305,-0.15884282383225923,-3.197442310920451e-14,5.052337302523488,0.02333554072417805
2023-10-06 00:00:00+00:00,2645.2372942493494,0.0,0.980901962693432,-0.14735353782867433,-3.197442310920451e-14,5.052337302523488,0.02333554072417805
2023-10-09 00:00:00+00:00,2650.5682220342633,0.0,0.9828787673977083,-0.14563520551656783,-3.197442310920451e-14,5.052337302523488,0.02333554072417805
2023-10-10 00:00:00+00:00,2656.258405359601,0.0,0.9849887905718271,-0.14380107339843873,-3.197442310920451e-14,5.052337302523488,0.02333554072417805
2023-10-11 00:00:00+00:00,2652.7883861442037,0.0,0.9837020445145389,-0.14491957403885647,-3.197442310920451e-14,5.052337302523488,0.02333554072417805
2023-10-12 00:00:00+00:00,2637.9078974305967,0.0,0.9781840894272027,-0.14971604204746203,-3.197442310920451e-14,5.052337302523488,0.02333554072417805
2023-10-13 00:00:00+00:00,2629.6868483992316,0.0,0.9751355753495448,-0.15236595492566363,-3.197442310920451e-14,5.052337302523488,0.02333554072417805
2023-10-16 00:00:00+00:00,2688.8958656326727,0.0,0.9970913527535954,-0.1332809529175315,-3.197442310920451e-14,5.052337302523488,0.02333554072417805
2023-10-17 00:00:00+00:00,2686.4991908499533,0.0,0.9962026222781034,-0.13405347955584235,-3.197442310920451e-14,5.052337302523488,0.02333554072417805
2023-10-18 00:00:00+00:00,2657.6472620120553,0.0,0.9855038038068417,-0.14335339949267867,-3.197442310920451e-14,5.052337302523488,0.02333554072417805
2023-10-19 00:00:00+00:00,2649.909367787118,0.0,0.9826344522938958,-0.14584757578071605,-3.197442310920451e-14,5.052337302523488,0.02333554072417805
2023-10-20 00:00:00+00:00,2647.547103870832,0.0,0.9817584819917523,-0.14660901067176157,-3.197442310920451e-14,5.052337302523488,0.02333554072417805
2023-10-23 00:00:00+00:00,2723.474521731009,0.0,1.0099137455528715,-0.1221351215575317,-3.197442310920451e-14,5.052337302523488,0.02333554072417805
2023-10-24 00:00:00+00:00,2757.9749255324377,0.0,1.0227071209812715,-0.11101451347117186,-3.197442310920451e-14,5.052337302523488,0.02333554072417805
2023-10-25 00:00:00+00:00,2743.6163259495697,0.0,1.017382691848587,-0.1156427595505245,-3.197442310920451e-14,5.052337302523488,0.02333554072417805
2023-10-26 00:00:00+00:00,2711.7832903846843,0.0,1.0055784249376494,-0.12590358764847254,-3.197442310920451e-14,5.052337302523488,0.02333554072417805
2023-10-27 00:00:00+00:00,2796.34024452974,100.0,0.9998518634597772,-0.13088138621572887,-3.197442310920451e-14,5.262465334452652,0.023920286384053403
2023-10-30 00:00:00+00:00,2834.170427227007,0.0,1.0133783213859466,-0.11912354808806447,-3.197442310920451e-14,5.262465334452652,0.023920286384053403
2023-10-31 00:00:00+00:00,2850.2745262144167,0.0,1.0191364595143095,-0.11411830160006564,-3.197442310920451e-14,5.262465334452652,0.023920286384053403
2023-11-01 00:00:00+00:00,2891.2322856341107,0.0,1.0337812053241333,-0.1013883946582369,-3.197442310920451e-14,5.262465334452652,0.023920286384053403
2023-11-02 00:00:00+00:00,2918.591369583847,0.0,1.0435636454700379,-0.0928850341807993,-3.197442310920451e-14,5.262465334452652,0.023920286384053403
2023-11-03 00:00:00+00:00,2932.4744731259443,0.0,1.0485276504670424,-0.08857008583746573,-3.197442310920451e-14,5.262465334452652,0.023920286384053403
2023-11-06 00:00:00+00:00,2944.4037609426055,0.0,1.052793054391536,-0.08486239464683465,-3.197442310920451e-14,5.262465334452652,0.023920286384053403
2023-11-07 00:00:00+00:00,2958.7949254727,0.0,1.0579387203028712,-0.0803895380294739,-3.197442310920451e-14,5.262465334452652,0.023920286384053403
2023-11-08 00:00:00+00:00,2965.9279556413117,0.0,1.0604891872999231,-0.0781725512717455,-3.197442310920451e-14,5.262465334452652,0.023920286384053403
2023-11-09 00:00:00+00:00,2975.7297643331235,0.0,1.0639938955359671,-0.07512609281610116,-3.197442310920451e-14,5.262465334452652,0.023920286384053403
2023-11-10 00:00:00+00:00,3022.827387498499,0.0,1.0808339944397207,-0.06048788094681945,-3.197442310920451e-14,5.262465334452652,0.023920286384053403
2023-11-13 00:00:00+00:00,3000.6078325210674,0.0,1.0728892303886037,-0.0673938462915824,-3.197442310920451e-14,5.262465334452652,0.023920286384053403
2023-11-14 00:00:00+00:00,3019.6881062619677,0.0,1.0797115215216235,-0.061463587591212954,-3.197442310920451e-14,5.262465334452652,0.023920286384053403
2023-11-15 00:00:00+00:00,3079.60866495385,0.0,1.1011365546107945,-0.04283993368881511,-3.197442310920451e-14,5.262465334452652,0.023920286384053403
2023-11-16 00:00:00+00:00,3042.123424715641,0.0,1.0877334333784159,-0.05449056171841038,-3.197442310920451e-14,5.262465334452652,0.023920286384053403
2023-11-17 00:00:00+00:00,3056.107464759899,0.0,1.0927335289584512,-0.050144241730295414,-3.197442310920451e-14,5.262465334452652,0.023920286384053403
2023-11-20 00:00:00+00:00,3092.496446893982,0.0,1.1057446751046835,-0.03883433701778305,-3.197442310920451e-14,5.262465334452652,0.023920286384053403
2023-11-21 00:00:00+00:00,3045.9253211846194,0.0,1.0890928292089577,-0.05330891045285546,-3.197442310920451e-14,5.262465334452652,0.023920286384053403
2023-11-22 00:00:00+00:00,3095.265460900072,0.0,1.1067347562721492,-0.03797371155590301,-3.197442310920451e-14,5.262465334452652,0.023920286384053403
2023-11-24 00:00:00+00:00,3103.777016940001,0.0,1.1097781252556318,-0.03532827103733882,-3.197442310920451e-14,5.262465334452652,0.023920286384053403
2023-11-27 00:00:00+00:00,3188.464245248214,100.0,1.104302931977304,-0.04008756845545358,-3.197442310920451e-14,5.4538534002034,0.02445356838218675
2023-11-28 00:00:00+00:00,3204.789737637062,0.0,1.1099571553664624,-0.0351726495823641,-3.197442310920451e-14,5.4538534002034,0.02445356838218675
2023-11-29 00:00:00+00:00,3204.191901360038,0.0,1.1097500988330409,-0.03535263293177715,-3.197442310920451e-14,5.4538534002034,0.02445356838218675
2023-11-30 00:00:00+00:00,3209.8315515521836,0.0,1.1117033533667222,-0.03365477154378438,-3.197442310920451e-14,5.4538534002034,0.02445356838218675
2023-12-01 00:00:00+00:00,3246.688243425113,0.0,1.1244684182279379,-0.022558772343806544,-3.197442310920451e-14,5.4538534002034,0.02445356838218675
2023-12-04 00:00:00+00:00,3316.032661494617,0.0,1.148485386366921,-0.0016820856874197876,-3.197442310920451e-14,5.4538534002034,0.02445356838218675
2023-12-05 00:00:00+00:00,3366.241369709347,0.0,1.165874831387341,0.0,-3.197442310920451e-14,5.4538534002034,0.02445356838218675
2023-12-06 00:00:00+00:00,3349.1011143124333,0.0,1.1599384203650565,-0.005091808196271419,-3.197442310920451e-14,5.4538534002034,0.02445356838218675
2023-12-07 00:00:00+00:00,3354.9639705295986,0.0,1.1619689807892561,-0.003350145738575616,-3.197442310920451e-14,5.4538534002034,0.02445356838218675
2023-12-08 00:00:00+00:00,3386.6820044879087,0.0,1.1729543063888508,0.0,-3.197442310920451e-14,5.4538534002034,0.02445356838218675
2023-12-11 00:00:00+00:00,3324.280837488058,0.0,1.1513420860920613,-0.018425457990197902,-3.197442310920451e-14,5.4538534002034,0.02445356838218675
2023-12-12 00:00:00+00:00,3341.6326264701465,0.0,1.1573517603346153,-0.013301921455295851,-3.197442310920451e-14,5.4538534002034,0.02445356838218675
2023-12-13 00:00:00+00:00,3406.9832751029817,0.0,1.1799855135590427,0.0,-3.197442310920451e-14,5.4538534002034,0.02445356838218675
2023-12-14 00:00:00+00:00,3417.6566892044425,0.0,1.1836821780281572,0.0,-3.197442310920451e-14,5.4538534002034,0.02445356838218675
2023-12-15 00:00:00+00:00,3387.599363113517,0.0,1.1732720273171766,-0.008794717791833606,-3.197442310920451e-14,5.4538534002034,0.02445356838218675
2023-12-18 00:00:00+00:00,3418.506739258235,0.0,1.1839765870898644,0.0,-3.197442310920451e-14,5.4538534002034,0.02445356838218675
2023-12-19 00:00:00+00:00,3423.622833824771,0.0,1.1857485116891504,0.0,-3.197442310920451e-14,5.4538534002034,0.02445356838218675
2023-12-20 00:00:00+00:00,3423.3313647991727,0.0,1.185647563372095,-8.513467742965464e-05,-3.197442310920451e-14,5.476691387540391,0.02445356838218675
2023-12-21 00:00:00+00:00,3450.99506144684,0.0,1.1952286967854233,0.0,-3.197442310920451e-14,5.476691387540391,0.02445356838218675
2023-12-22 00:00:00+00:00,3459.1489204215613,0.0,1.1980527304518298,0.0,-3.197442310920451e-14,5.476691387540391,0.02445356838218675
2023-12-26 00:00:00+00:00,3433.3568321024945,0.0,1.1891198158692027,-0.007456194836481189,-3.197442310920451e-14,5.476691387540391,0.02445356838218675
2023-12-27 00:00:00+00:00,3560.779664859934,100.0,1.1986175277103484,0.0,-3.197442310920451e-14,5.659710236440024,0.02492335284776936
2023-12-28 00:00:00+00:00,3539.6149012614087,0.0,1.1914931170456304,-0.005943856568097483,-3.197442310920451e-14,5.659710236440024,0.02492335284776936
2023-12-29 00:00:00+00:00,3520.610869356474,0.0,1.185096044527155,-0.011280898927802818,-3.197442310920451e-14,5.659710236440024,0.02492335284776936
2024-01-02 00:00:00+00:00,3569.1402035915353,0.0,1.2014318237937853,0.0,0.0,6.556076255018521,0.016102053470437614
2024-01-03 00:00:00+00:00,3514.1882743126266,0.0,1.182934092449942,-0.015396405336952523,0.0,6.556076255018521,0.016102053470437614
2024-01-04 00:00:00+00:00,3526.2991991712415,0.0,1.1870108307428433,-0.012003172186170752,0.0,6.556076255018521,0.016102053470437614
2024-01-05 00:00:00+00:00,3529.808589811214,0.0,1.1881921498719559,-0.011019912790408926,0.0,6.556076255018521,0.016102053470437614
2024-01-08 00:00:00+00:00,3615.309693673883,0.0,1.216973240356084,0.0,0.0,6.556076255018521,0.016102053470437614
2024-01-09 00:00:00+00:00,3594.8177817927863,0.0,1.2100753227456877,-0.005668093086728776,0.0,6.556076255018521,0.016102053470437614
2024-01-10 00:00:00+00:00,3622.393076712073,0.0,1.2193576246382254,0.0,0.0,6.556076255018521,0.016102053470437614
2024-01-11 00:00:00+00:00,3616.3402557797226,0.0,1.2173201446634871,-0.0016709453679291109,0.0,6.556076255018521,0.016102053470437614
2024-01-12 00:00:00+00:00,3560.3856450068574,0.0,1.1984848940888901,-0.017117808694990577,0.0,6.556076255018521,0.016102053470437614
2024-01-16 00:00:00+00:00,3556.336862820649,0.0,1.197122006813903,-0.018235517927662537,0.0,6.556076255018521,0.016102053470437614
2024-01-17 00:00:00+00:00,3534.579069472676,0.0,1.1897979724939627,-0.02424198737678196,0.0,6.556076255018521,0.016102053470437614
2024-01-18 00:00:00+00:00,3536.5600891597715,0.0,1.1904648165964282,-0.023695105896737623,0.0,6.556076255018521,0.016102053470437614
2024-01-19 00:00:00+00:00,3577.038971673725,0.0,1.2040906802133677,-0.012520481371810166,0.0,6.556076255018521,0.016102053470437614
2024-01-22 00:00:00+00:00,3549.991053864074,0.0,1.1949859022079607,-0.01998734574485117,0.0,6.556076255018521,0.016102053470437614
2024-01-23 00:00:00+00:00,3563.9519893034853,0.0,1.1996853847640008,-0.01613328155475402,0.0,6.556076255018521,0.016102053470437614
2024-01-24 00:00:00+00:00,3569.3933300917856,0.0,1.201517030374502,-0.014631141761234034,0.0,6.556076255018521,0.016102053470437614
2024-01-25 00:00:00+00:00,3583.855808292776,0.0,1.206385340547386,-0.010638621376307111,0.0,6.556076255018521,0.016102053470437614
2024-01-26 00:00:00+00:00,3612.074454128334,0.0,1.2158842050349985,-0.002848565123999114,0.0,6.556076255018521,0.016102053470437614
2024-01-29 00:00:00+00:00,3758.381061195442,100.0,1.2314717774498771,0.0,-3.552713678800501e-15,6.734466858034841,0.016577179239661528
2024-01-30 00:00:00+00:00,3750.2317237878087,0.0,1.2288015641694747,-0.0021683105770656796,-3.552713678800501e-15,6.734466858034841,0.016577179239661528
2024-01-31 00:00:00+00:00,3694.747372957811,0.0,1.2106215523439743,-0.016931143277257532,-3.552713678800501e-15,6.734466858034841,0.016577179239661528
2024-02-01 00:00:00+00:00,3742.41398593553,0.0,1.226240002855753,-0.00424839179421399,-3.552713678800501e-15,6.734466858034841,0.016577179239661528
2024-02-02 00:00:00+00:00,3775.467747421445,0.0,1.2370704039634886,0.0,-3.552713678800501e-15,6.734466858034841,0.016577179239661528
2024-02-05 00:00:00+00:00,3756.144164276662,0.0,1.230738835425189,-0.005118195793880176,-3.552713678800501e-15,6.734466858034841,0.016577179239661528
2024-02-06 00:00:00+00:00,3772.109006744769,0.0,1.2359698784223705,-0.0008896223994948604,-3.552713678800501e-15,6.734466858034841,0.016577179239661528
2024-02-07 00:00:00+00:00,3817.9608173413217,0.0,1.2509936904774133,0.0,-3.552713678800501e-15,6.734466858034841,0.016577179239661528
2024-02-08 00:00:00+00:00,3835.6153022323165,0.0,1.2567783619981239,0.0,-3.552713678800501e-15,6.734466858034841,0.016577179239661528
2024-02-09 00:00:00+00:00,3883.6952238426516,0.0,1.2725322372867296,0.0,-3.552713678800501e-15,6.734466858034841,0.016577179239661528
2024-02-12 00:00:00+00:00,3928.440141395302,0.0,1.2871933645788312,0.0,-3.552713678800501e-15,6.734466858034841,0.016577179239661528
2024-02-13 00:00:00+00:00,3881.1249311097667,0.0,1.2716900547329133,-0.012044274211272521,-3.552713678800501e-15,6.734466858034841,0.016577179239661528
2024-02-14 00:00:00+00:00,3944.956633207527,0.0,1.292605161093889,0.0,-3.552713678800501e-15,6.734466858034841,0.016577179239661528
2024-02-15 00:00:00+00:00,3967.239722582335,0.0,1.2999064419466455,0.0,-3.552713678800501e-15,6.734466858034841,0.016577179239661528
2024-02-16 00:00:00+00:00,3955.393036021567,0.0,1.2960247546141639,-0.0029861282375589493,-3.552713678800501e-15,6.734466858034841,0.016577179239661528
2024-02-20 00:00:00+00:00,3940.655291354694,0.0,1.2911957826911455,-0.006700989374631816,-3.552713678800501e-15,6.734466858034841,0.016577179239661528
2024-02-21 00:00:00+00:00,3936.965951613295,0.0,1.2899869330042775,-0.007630940675632969,-3.552713678800501e-15,6.734466858034841,0.016577179239661528
2024-02-22 00:00:00+00:00,3992.317533212357,0.0,1.3081234416409981,0.0,-3.552713678800501e-15,6.734466858034841,0.016577179239661528
2024-02-23 00:00:00+00:00,3984.7093099077733,0.0,1.3056305298995923,-0.0019057159760691444,-3.552713678800501e-15,6.734466858034841,0.016577179239661528
2024-02-26 00:00:00+00:00,4035.0647092003073,0.0,1.322129988592387,0.0,-3.552713678800501e-15,6.734466858034841,0.016577179239661528
2024-02-27 00:00:00+00:00,4184.214941787252,100.0,1.3382345621575455,0.0,-3.552713678800501e-15,6.906161732506089,0.01694376010102663
2024-02-28 00:00:00+00:00,4270.650024582462,0.0,1.3658790347261776,0.0,-3.552713678800501e-15,6.906161732506089,0.01694376010102663
2024-02-29 00:00:00+00:00,4260.482757619725,0.0,1.3626272447867236,-0.002380730545517018,-3.552713678800501e-15,6.906161732506089,0.01694376010102663
2024-03-01 00:00:00+00:00,4312.857436362185,0.0,1.3793782019555538,0.0,-3.552713678800501e-15,6.906161732506089,0.01694376010102663
2024-03-04 00:00:00+00:00,4408.243313149376,0.0,1.4098854007572952,0.0,-3.552713678800501e-15,6.906161732506089,0.01694376010102663
2024-03-05 00:00:00+00:00,4299.031629723135,0.0,1.3749563038094272,-0.024774422750321712,-3.552713678800501e-15,6.906161732506089,0.01694376010102663
2024-03-06 00:00:00+00:00,4355.908193752641,0.0,1.3931470958265648,-0.011872103166498227,-3.552713678800501e-15,6.906161732506089,0.01694376010102663
2024-03-07 00:00:00+00:00,4400.645863195951,0.0,1.4074555136091953,-0.0017234642948956713,-3.552713678800501e-15,6.906161732506089,0.01694376010102663
2024-03-08 00:00:00+00:00,4402.869349790297,0.0,1.4081666497841872,-0.0012190714026720784,-3.552713678800501e-15,6.906161732506089,0.01694376010102663
2024-03-11 00:00:00+00:00,4467.170049215669,0.0,1.428731897874712,0.0,-3.552713678800501e-15,6.906161732506089,0.01694376010102663
2024-03-12 00:00:00+00:00,4491.299723968523,0.0,1.4364492750116755,0.0,-3.552713678800501e-15,6.906161732506089,0.01694376010102663
2024-03-13 00:00:00+00:00,4513.782956388823,0.0,1.4436400716395883,0.0,-3.552713678800501e-15,6.906161732506089,0.01694376010102663
2024-03-14 00:00:00+00:00,4478.07623636974,0.0,1.4322200161463567,-0.007910597466487257,-3.552713678800501e-15,6.906161732506089,0.01694376010102663
2024-03-15 00:00:00+00:00,4423.553861352522,0.0,1.4147821627678707,-0.019989684020714882,-3.552713678800501e-15,6.906161732506089,0.01694376010102663
2024-03-18 00:00:00+00:00,4411.836642381564,0.0,1.4110346527528603,-0.022585559605377892,-3.552713678800501e-15,6.906161732506089,0.01694376010102663
2024-03-19 00:00:00+00:00,4334.022966861223,0.0,1.3861475588921053,-0.03982468613675083,-3.552713678800501e-15,6.906161732506089,0.01694376010102663
2024-03-20 00:00:00+00:00,4462.7044177410935,0.0,1.4273036580580973,-0.011316126437898921,-3.552713678800501e-15,6.906161732506089,0.01694376010102663
2024-03-21 00:00:00+00:00,4434.118755134378,0.0,1.418161125417042,-0.017649098776822525,-3.552713678800501e-15,6.906161732506089,0.01694376010102663
2024-03-22 00:00:00+00:00,4400.905749947084,0.0,1.4075386330085211,-0.02500722953060286,-3.552713678800501e-15,6.92840015554807,0.01694376010102663
2024-03-25 00:00:00+00:00,4495.389695639987,0.0,1.437757367814064,-0.004074910319469827,-3.552713678800501e-15,6.92840015554807,0.01694376010102663
2024-03-26 00:00:00+00:00,4487.935396084862,0.0,1.4353732643585464,-0.005726363131256851,-3.552713678800501e-15,6.92840015554807,0.01694376010102663
2024-03-27 00:00:00+00:00,4607.971196900222,100.0,1.441781300634084,-0.0012875584725167144,-3.552713678800501e-15,7.09515375816325,0.017229095270139768
2024-03-28 00:00:00+00:00,4630.126112226729,0.0,1.4487133193620607,0.0,-3.552713678800501e-15,7.09515375816325,0.017229095270139768
2024-04-01 00:00:00+00:00,4606.173504427612,0.0,1.4412188232919856,-0.00517320850848213,-3.552713678800501e-15,7.09515375816325,0.017229095270139768
2024-04-02 00:00:00+00:00,4511.777002354276,0.0,1.4116832412062823,-0.025560666600404125,-3.552713678800501e-15,7.09515375816325,0.017229095270139768
2024-04-03 00:00:00+00:00,4523.430233447714,0.0,1.4153294034682748,-0.023043838589463905,-3.552713678800501e-15,7.09515375816325,0.017229095270139768
2024-04-04 00:00:00+00:00,4525.205752650135,0.0,1.4158849430486196,-0.022660367565266237,-3.552713678800501e-15,7.09515375816325,0.017229095270139768
2024-04-05 00:00:00+00:00,4549.2577374871535,0.0,1.4234105330532782,-0.017465695918309487,-3.552713678800501e-15,7.09515375816325,0.017229095270139768
2024-04-08 00:00:00+00:00,4616.065696688668,0.0,1.444313976715223,-0.003036724097197352,-3.552713678800501e-15,7.09515375816325,0.017229095270139768
2024-04-09 00:00:00+00:00,4577.627055707659,0.0,1.4322869671224792,-0.011338580256040509,-3.552713678800501e-15,7.09515375816325,0.017229095270139768
2024-04-10 00:00:00+00:00,4570.434030148724,0.0,1.4300363519813013,-0.012892107176169176,-3.552713678800501e-15,7.09515375816325,0.017229095270139768
2024-04-11 00:00:00+00:00,4583.862904284513,0.0,1.434238092571732,-0.009991781394474208,-3.552713678800501e-15,7.09515375816325,0.017229095270139768
2024-04-12 00:00:00+00:00,4488.0282675009585,0.0,1.404252534641045,-0.030689843274578243,-3.552713678800501e-15,7.09515375816325,0.017229095270139768
2024-04-15 00:00:00+00:00,4382.053283563376,0.0,1.371094178469247,-0.0535779852752325,-3.552713678800501e-15,7.09515375816325,0.017229095270139768
2024-04-16 00:00:00+00:00,4382.59765011797,0.0,1.371264504516344,-0.053460414707736104,-3.552713678800501e-15,7.09515375816325,0.017229095270139768
2024-04-17 00:00:00+00:00,4319.453422851118,0.0,1.3515074005271572,-0.06709810528815185,-3.552713678800501e-15,7.09515375816325,0.017229095270139768
2024-04-18 00:00:00+00:00,4349.781920894835,0.0,1.3609968394770282,-0.06054785216143266,-3.552713678800501e-15,7.09515375816325,0.017229095270139768
2024-04-19 00:00:00+00:00,4328.531049580828,0.0,1.3543476857446162,-0.06513754816515271,-3.552713678800501e-15,7.09515375816325,0.017229095270139768
2024-04-22 00:00:00+00:00,4408.266762850796,0.0,1.3792960752794066,-0.04791648089024403,-3.552713678800501e-15,7.09515375816325,0.017229095270139768
2024-04-23 00:00:00+00:00,4442.364406215667,0.0,1.389964836540812,-0.04055217967286906,-3.552713678800501e-15,7.09515375816325,0.017229095270139768
2024-04-24 00:00:00+00:00,4403.350391655054,0.0,1.3777577991587215,-0.048978303198443984,-3.552713678800501e-15,7.09515375816325,0.017229095270139768
2024-04-25 00:00:00+00:00,4393.324270077022,0.0,1.3746207407893432,-0.05114371324020417,-3.552713678800501e-15,7.09515375816325,0.017229095270139768
2024-04-26 00:00:00+00:00,4413.626365019218,0.0,1.380973033284367,-0.046758930957798484,-3.552713678800501e-15,7.09515375816325,0.017229095270139768
2024-04-29 00:00:00+00:00,4527.011804238495,100.0,1.3851611835879345,-0.043867986112056556,0.0,7.265702388804844,0.017545484236858918
2024-04-30 00:00:00+00:00,4417.1326728849235,0.0,1.3515407040709988,-0.06707511692779344,0.0,7.265702388804844,0.017545484236858918
2024-05-01 00:00:00+00:00,4365.756160802755,0.0,1.3358206765204352,-0.07792614407061405,0.0,7.265702388804844,0.017545484236858918
2024-05-02 00:00:00+00:00,4409.1313647052575,0.0,1.349092488341139,-0.06876504115030124,0.0,7.265702388804844,0.017545484236858918
2024-05-03 00:00:00+00:00,4518.030123927506,0.0,1.3824129966009846,-0.045764970802002036,0.0,7.265702388804844,0.017545484236858918
2024-05-06 00:00:00+00:00,4557.438083476634,0.0,1.3944709231654235,-0.03744177365644896,0.0,7.265702388804844,0.017545484236858918
2024-05-07 00:00:00+00:00,4547.410533043714,0.0,1.391402724047156,-0.039559652381840005,0.0,7.265702388804844,0.017545484236858918
2024-05-08 00:00:00+00:00,4527.921572956235,0.0,1.3854395518291387,-0.04367583750854487,0.0,7.265702388804844,0.017545484236858918
2024-05-09 00:00:00+00:00,4580.759645417518,0.0,1.4016067831406303,-0.03251612005760651,0.0,7.265702388804844,0.017545484236858918
2024-05-10 00:00:00+00:00,4545.147627762612,0.0,1.390710327231538,-0.040037591534027084,0.0,7.265702388804844,0.017545484236858918
2024-05-13 00:00:00+00:00,4582.914514194734,0.0,1.4022661232782303,-0.032060998862275536,0.0,7.265702388804844,0.017545484236858918
2024-05-14 00:00:00+00:00,4575.50035725102,0.0,1.399997562282245,-0.03362691322619149,0.0,7.265702388804844,0.017545484236858918
2024-05-15 00:00:00+00:00,4699.295595236678,0.0,1.4378760494136935,-0.007480617319884475,0.0,7.265702388804844,0.017545484236858918
2024-05-16 00:00:00+00:00,4675.496738630672,0.0,1.4305941482811293,-0.012507078411421069,0.0,7.265702388804844,0.017545484236858918
2024-05-17 00:00:00+00:00,4712.113231098661,0.0,1.4417979503119327,-0.004773455836778795,0.0,7.265702388804844,0.017545484236858918
2024-05-20 00:00:00+00:00,4793.197777740905,0.0,1.4666079511368706,0.0,0.0,7.265702388804844,0.017545484236858918
2024-05-21 00:00:00+00:00,4779.936896595211,0.0,1.462550427406539,-0.0027666042088386744,0.0,7.265702388804844,0.017545484236858918
2024-05-22 00:00:00+00:00,4752.3948464180985,0.0,1.4541231953887104,-0.008512674255231167,0.0,7.265702388804844,0.017545484236858918
2024-05-23 00:00:00+00:00,4705.091585503632,0.0,1.4396494887342446,-0.018381505692594002,0.0,7.265702388804844,0.017545484236858918
2024-05-24 00:00:00+00:00,4739.178092684819,0.0,1.4500791736286522,-0.011270072206690074,0.0,7.265702388804844,0.017545484236858918
2024-05-28 00:00:00+00:00,4838.937398917542,100.0,1.4500055268881575,-0.011320287903691884,-3.552713678800501e-15,7.42975659477531,0.017833085931855893
2024-05-29 00:00:00+00:00,4800.150386684876,0.0,1.4383828549103335,-0.019245154238157425,-3.552713678800501e-15,7.42975659477531,0.017833085931855893
2024-05-30 00:00:00+00:00,4788.482379632673,0.0,1.4348864933502006,-0.021629132558623088,-3.552713678800501e-15,7.42975659477531,0.017833085931855893
2024-05-31 00:00:00+00:00,4805.055443128417,0.0,1.4398526732540102,-0.01824296524652036,-3.552713678800501e-15,7.42975659477531,0.017833085931855893
2024-06-03 00:00:00+00:00,4831.639271617652,0.0,1.447818615992567,-0.01281142320941231,-3.552713678800501e-15,7.42975659477531,0.017833085931855893
2024-06-04 00:00:00+00:00,4866.837330513661,0.0,1.4583658448007686,-0.0056198429373800485,-3.552713678800501e-15,7.42975659477531,0.017833085931855893
2024-06-05 00:00:00+00:00,4920.171928604213,0.0,1.4743477548008768,0.0,-3.552713678800501e-15,7.42975659477531,0.017833085931855893
2024-06-06 00:00:00+00:00,4913.845301810999,0.0,1.4724519576329345,-0.001285854820729404,-3.552713678800501e-15,7.42975659477531,0.017833085931855893
2024-06-07 00:00:00+00:00,4883.348911371147,0.0,1.4633136012041412,-0.007484091565782447,-3.552713678800501e-15,7.42975659477531,0.017833085931855893
2024-06-10 00:00:00+00:00,4898.59924053457,0.0,1.4678834188626158,-0.004384539480059124,-3.552713678800501e-15,7.42975659477531,0.017833085931855893
2024-06-11 00:00:00+00:00,4867.22839857703,0.0,1.4584830297954328,-0.010760504062751863,-3.552713678800501e-15,7.42975659477531,0.017833085931855893
2024-06-12 00:00:00+00:00,4914.701671545337,0.0,1.4727085719979243,-0.0011118020138837226,-3.552713678800501e-15,7.42975659477531,0.017833085931855893
2024-06-13 00:00:00+00:00,4895.0968682817465,0.0,1.466833920035673,-0.005096378883975405,-3.552713678800501e-15,7.42975659477531,0.017833085931855893
2024-06-14 00:00:00+00:00,4885.068094613616,0.0,1.463828760834822,-0.007134676287736119,-3.552713678800501e-15,7.42975659477531,0.017833085931855893
2024-06-17 00:00:00+00:00,4922.699213506796,0.0,1.4751050650892028,0.0,-3.552713678800501e-15,7.42975659477531,0.017833085931855893
2024-06-18 00:00:00+00:00,4908.954737809499,0.0,1.4709864820032308,-0.0027920608392209,-3.552713678800501e-15,7.42975659477531,0.017833085931855893
2024-06-20 00:00:00+00:00,4893.1081024492405,0.0,1.4662379789826923,-0.0060111556229890395,-3.552713678800501e-15,7.42975659477531,0.017833085931855893
2024-06-21 00:00:00+00:00,4871.9808815815095,0.0,1.4599071289425885,-0.010302951638021307,-3.552713678800501e-15,7.42975659477531,0.017833085931855893
2024-06-24 00:00:00+00:00,4793.288692738575,0.0,1.436326722886766,-0.026288528946303735,-3.552713678800501e-15,7.42975659477531,0.017833085931855893
2024-06-25 00:00:00+00:00,4835.718873875686,0.0,1.4490410839300478,-0.017669237111309632,-3.552713678800501e-15,7.42975659477531,0.017833085931855893
2024-06-26 00:00:00+00:00,4823.0982470451645,0.0,1.4452592663225,-0.020232998633828214,-3.552713678800501e-15,7.42975659477531,0.017833085931855893
2024-06-27 00:00:00+00:00,4944.240914716054,100.0,1.451594745054423,-0.015938064746159664,-3.552713678800501e-15,7.588722837300171,0.018161189793264188
2024-06-28 00:00:00+00:00,4906.327705197679,0.0,1.4404636904285826,-0.023484004956979332,-3.552713678800501e-15,7.615792362307157,0.018161189793264188
2024-07-01 00:00:00+00:00,4959.983051761751,0.0,1.4562165270034877,-0.01280487643405448,-3.552713678800501e-15,7.615792362307157,0.018161189793264188
2024-07-02 00:00:00+00:00,4970.849784118503,0.0,1.4594069240446235,-0.010642049448613355,-3.552713678800501e-15,7.615792362307157,0.018161189793264188
2024-07-03 00:00:00+00:00,4953.21917570382,0.0,1.454230700036062,-0.014151103909251783,-3.552713678800501e-15,7.615792362307157,0.018161189793264188
2024-07-05 00:00:00+00:00,4911.281780951582,0.0,1.4419181726140202,-0.022497985574455148,-3.552713678800501e-15,7.615792362307157,0.018161189793264188
2024-07-08 00:00:00+00:00,4916.572294129068,0.0,1.4434714304870786,-0.021445004393779388,-3.552713678800501e-15,7.615792362307157,0.018161189793264188
2024-07-09 00:00:00+00:00,4945.089227478089,0.0,1.451843803781288,-0.015769223398679144,-3.552713678800501e-15,7.615792362307157,0.018161189793264188
2024-07-10 00:00:00+00:00,4976.671976229154,0.0,1.4611162791545986,-0.009483247170436804,-3.552713678800501e-15,7.615792362307157,0.018161189793264188
2024-07-11 00:00:00+00:00,4936.000681175148,0.0,1.449175469798155,-0.017578134537474366,-3.552713678800501e-15,7.615792362307157,0.018161189793264188
2024-07-12 00:00:00+00:00,4970.040892086397,0.0,1.4591694389698922,-0.010803044811148466,-3.552713678800501e-15,7.615792362307157,0.018161189793264188
2024-07-15 00:00:00+00:00,5106.053986856149,0.0,1.4991019376146713,0.0,-3.552713678800501e-15,7.615792362307157,0.018161189793264188
2024-07-16 00:00:00+00:00,5134.177115033084,0.0,1.5073586924492959,0.0,-3.552713678800501e-15,7.615792362307157,0.018161189793264188
2024-07-17 00:00:00+00:00,5061.600522963998,0.0,1.48605070979257,-0.014135973583104366,-3.552713678800501e-15,7.615792362307157,0.018161189793264188
2024-07-18 00:00:00+00:00,5030.462332106503,0.0,1.4769087535248833,-0.020200858015377077,-3.552713678800501e-15,7.615792362307157,0.018161189793264188
2024-07-19 00:00:00+00:00,5053.172948021067,0.0,1.483576432403639,-0.015777439148881967,-3.552713678800501e-15,7.615792362307157,0.018161189793264188
2024-07-22 00:00:00+00:00,5108.916439111181,0.0,1.4999423336882134,-0.004920102161637296,-3.552713678800501e-15,7.615792362307157,0.018161189793264188
2024-07-23 00:00:00+00:00,5073.457756693169,0.0,1.4895319111476495,-0.011826502471471989,-3.552713678800501e-15,7.615792362307157,0.018161189793264188
2024-07-24 00:00:00+00:00,4974.563327776165,0.0,1.460497194634584,-0.03108848481084958,-3.552713678800501e-15,7.615792362307157,0.018161189793264188
2024-07-25 00:00:00+00:00,4963.147125359628,0.0,1.457145477005494,-0.033312054851530326,-3.552713678800501e-15,7.615792362307157,0.018161189793264188
2024-07-26 00:00:00+00:00,5043.699287502226,0.0,1.4807950315652116,-0.017622654128143234,-3.552713678800501e-15,7.615792362307157,0.018161189793264188
2024-07-29 00:00:00+00:00,5125.439543114993,100.0,1.4754340976107896,-0.021179162596417056,0.0,7.775132404533463,0.01845379155260118
2024-07-30 00:00:00+00:00,5094.0575033335945,0.0,1.4664003101362595,-0.027172286542152313,0.0,7.775132404533463,0.01845379155260118
2024-07-31 00:00:00+00:00,5126.304377887123,0.0,1.475683053178574,-0.021014002459661563,0.0,7.775132404533463,0.01845379155260118
2024-08-01 00:00:00+00:00,5086.053786038862,0.0,1.4640963209261737,-0.028700780869101217,0.0,7.775132404533463,0.01845379155260118
2024-08-02 00:00:00+00:00,4943.992478958069,0.0,1.4232018581869306,-0.05583066239238621,0.0,7.775132404533463,0.01845379155260118
2024-08-05 00:00:00+00:00,4691.594778293869,0.0,1.3505454214880017,-0.1040318218528925,0.0,7.775132404533463,0.01845379155260118
2024-08-06 00:00:00+00:00,4765.415541129529,0.0,1.3717958273669826,-0.08993404540099093,0.0,7.775132404533463,0.01845379155260118
2024-08-07 00:00:00+00:00,4723.140151392456,0.0,1.3596262268901511,-0.09800750564492078,0.0,7.775132404533463,0.01845379155260118
2024-08-08 00:00:00+00:00,4930.505728838947,0.0,1.4193194963281437,-0.05840626823738815,0.0,7.775132404533463,0.01845379155260118
2024-08-09 00:00:00+00:00,4931.106940327816,0.0,1.4194925640081137,-0.058291453043873176,0.0,7.775132404533463,0.01845379155260118
2024-08-12 00:00:00+00:00,4905.529661396978,0.0,1.4121297633856082,-0.06317602408816902,0.0,7.775132404533463,0.01845379155260118
2024-08-13 00:00:00+00:00,4991.711352128797,0.0,1.4369384464313937,-0.04671764349829488,0.0,7.775132404533463,0.01845379155260118
2024-08-14 00:00:00+00:00,4968.942222445826,0.0,1.4303840133872452,-0.05106593370750734,0.0,7.775132404533463,0.01845379155260118
2024-08-15 00:00:00+00:00,5014.57253877244,0.0,1.443519379442531,-0.04235177289025538,0.0,7.775132404533463,0.01845379155260118
2024-08-16 00:00:00+00:00,5047.500799632346,0.0,1.4529982696799526,-0.03606336238457841,0.0,7.775132404533463,0.01845379155260118
2024-08-19 00:00:00+00:00,5096.005041471072,0.0,1.4669609379907613,-0.02680035923824642,0.0,7.775132404533463,0.01845379155260118
2024-08-20 00:00:00+00:00,5081.558853654829,0.0,1.4628023877034586,-0.029559191829409914,0.0,7.775132404533463,0.01845379155260118
2024-08-21 00:00:00+00:00,5135.086357860718,0.0,1.4782110768902155,-0.01933688093291097,0.0,7.775132404533463,0.01845379155260118
2024-08-22 00:00:00+00:00,5088.266592102389,0.0,1.4647333101034072,-0.028278194539500756,0.0,7.775132404533463,0.01845379155260118
2024-08-23 00:00:00+00:00,5198.829786690153,0.0,1.4965605721095887,-0.007163603722058598,0.0,7.775132404533463,0.01845379155260118
2024-08-26 00:00:00+00:00,5166.751028388644,0.0,1.4873262238339096,-0.0132897821306458,0.0,7.775132404533463,0.01845379155260118
2024-08-27 00:00:00+00:00,5208.1487613360105,100.0,1.4704566885912402,-0.024481235981127947,-3.552713678800501e-15,7.930617995460241,0.018771613670603197
2024-08-28 00:00:00+00:00,5177.618347893206,0.0,1.4618368021959616,-0.030199772941479575,-3.552713678800501e-15,7.930617995460241,0.018771613670603197
2024-08-29 00:00:00+00:00,5184.336865039622,0.0,1.4637336928049058,-0.02894135275360643,-3.552713678800501e-15,7.930617995460241,0.018771613670603197
2024-08-30 00:00:00+00:00,5218.23004531283,0.0,1.4733030150178879,-0.02259294858085248,-3.552713678800501e-15,7.930617995460241,0.018771613670603197
2024-09-03 00:00:00+00:00,5104.401928135746,0.0,1.4411650473977282,-0.043913665263050405,-3.552713678800501e-15,7.930617995460241,0.018771613670603197
2024-09-04 00:00:00+00:00,5103.479230038692,0.0,1.4409045349487681,-0.04408649237464968,-3.552713678800501e-15,7.930617995460241,0.018771613670603197
2024-09-05 00:00:00+00:00,5059.947874621683,0.0,1.4286139926333135,-0.05224018689807053,-3.552713678800501e-15,7.930617995460241,0.018771613670603197
2024-09-06 00:00:00+00:00,4951.6341466237245,0.0,1.3980329449137792,-0.07252802407492942,-3.552713678800501e-15,7.930617995460241,0.018771613670603197
2024-09-09 00:00:00+00:00,5053.764662858544,0.0,1.4268682389095373,-0.05339834104712682,-3.552713678800501e-15,7.930617995460241,0.018771613670603197
2024-09-10 00:00:00+00:00,5081.331192913349,0.0,1.4346513093166775,-0.04823495794121613,-3.552713678800501e-15,7.930617995460241,0.018771613670603197
2024-09-11 00:00:00+00:00,5116.65942861222,0.0,1.4446258017630504,-0.041617758931891125,-3.552713678800501e-15,7.930617995460241,0.018771613670603197
2024-09-12 00:00:00+00:00,5166.30620360317,0.0,1.4586429575122075,-0.03231860815950216,-3.552713678800501e-15,7.930617995460241,0.018771613670603197
2024-09-13 00:00:00+00:00,5232.36442175905,0.0,1.4772936822082539,-0.019945491668071136,-3.552713678800501e-15,7.930617995460241,0.018771613670603197
2024-09-16 00:00:00+00:00,5195.675750455714,0.0,1.4669350875164084,-0.026817508755798136,-3.552713678800501e-15,7.930617995460241,0.018771613670603197
2024-09-17 00:00:00+00:00,5236.999487482892,0.0,1.4786023359560654,-0.019077314933252265,-3.552713678800501e-15,7.930617995460241,0.018771613670603197
2024-09-18 00:00:00+00:00,5250.819802618209,0.0,1.4825043318015054,-0.016488683663876125,-3.552713678800501e-15,7.930617995460241,0.018771613670603197
2024-09-19 00:00:00+00:00,5344.496041618028,0.0,1.5089526646951343,0.0,-3.552713678800501e-15,7.930617995460241,0.018771613670603197
2024-09-20 00:00:00+00:00,5341.077849638187,0.0,1.5079875802687908,-0.0006395723662667718,-3.552713678800501e-15,7.930617995460241,0.018771613670603197
2024-09-23 00:00:00+00:00,5353.916474855725,0.0,1.5116124080508992,0.0,-3.552713678800501e-15,7.930617995460241,0.018771613670603197
2024-09-24 00:00:00+00:00,5383.212463678871,0.0,1.5198837698510257,0.0,-3.552713678800501e-15,7.930617995460241,0.018771613670603197
2024-09-25 00:00:00+00:00,5353.877258835928,0.0,1.511601335890473,-0.005449386410228296,-3.552713678800501e-15,7.930617995460241,0.018771613670603197
2024-09-26 00:00:00+00:00,5408.408077856126,0.0,1.5269974413469611,0.0,-3.552713678800501e-15,7.930617995460241,0.018771613670603197
2024-09-27 00:00:00+00:00,5514.047713090127,100.0,1.528589722929357,0.0,-7.105427357601002e-15,8.107059607949378,0.019078024785873855
2024-09-30 00:00:00+00:00,5486.017474976305,0.0,1.5208192544565624,-0.005083423207833282,-7.105427357601002e-15,8.107059607949378,0.019078024785873855
2024-10-01 00:00:00+00:00,5397.9385174238505,0.0,1.4964022388037252,-0.021056980589891916,-7.105427357601002e-15,8.107059607949378,0.019078024785873855
2024-10-02 00:00:00+00:00,5395.6824419095765,0.0,1.4957768155167477,-0.0214661311144545,-7.105427357601002e-15,8.107059607949378,0.019078024785873855
2024-10-03 00:00:00+00:00,5389.6296930013095,0.0,1.494098888473301,-0.022563827257688462,-7.105427357601002e-15,8.107059607949378,0.019078024785873855
2024-10-04 00:00:00+00:00,5454.061189382303,0.0,1.5119604174853074,-0.0108788546688523,-7.105427357601002e-15,8.107059607949378,0.019078024785873855
2024-10-07 00:00:00+00:00,5418.266494261074,0.0,1.502037506777116,-0.017370400804054276,-7.105427357601002e-15,8.107059607949378,0.019078024785873855
2024-10-08 00:00:00+00:00,5457.103723370194,0.0,1.5128038607102383,-0.01032707598535143,-7.105427357601002e-15,8.107059607949378,0.019078024785873855
2024-10-09 00:00:00+00:00,5457.205261513491,0.0,1.5128320088457652,-0.010308661537638764,-7.105427357601002e-15,8.107059607949378,0.019078024785873855
2024-10-10 00:00:00+00:00,5444.082849647964,0.0,1.5091942485358443,-0.012688476248776337,-7.105427357601002e-15,8.107059607949378,0.019078024785873855
2024-10-11 00:00:00+00:00,5511.851393859264,0.0,1.5279808651212172,-0.0003983134251177578,-7.105427357601002e-15,8.107059607949378,0.019078024785873855
2024-10-14 00:00:00+00:00,5614.810502810812,0.0,1.5565229169884294,0.0,-7.105427357601002e-15,8.107059607949378,0.019078024785873855
2024-10-15 00:00:00+00:00,5600.542735256033,0.0,1.5525676442036827,-0.002541095117571057,-7.105427357601002e-15,8.107059607949378,0.019078024785873855
2024-10-16 00:00:00+00:00,5629.116670167704,0.0,1.560488834864754,0.0,-7.105427357601002e-15,8.107059607949378,0.019078024785873855
2024-10-17 00:00:00+00:00,5625.983398083035,0.0,1.559620237464627,-0.0005566187855501337,-7.105427357601002e-15,8.107059607949378,0.019078024785873855
2024-10-18 00:00:00+00:00,5661.880630975454,0.0,1.5695715734225457,0.0,-7.105427357601002e-15,8.107059607949378,0.019078024785873855
2024-10-21 00:00:00+00:00,5635.110306463294,0.0,1.5621503748660612,-0.00472816829901046,-7.105427357601002e-15,8.107059607949378,0.019078024785873855
2024-10-22 00:00:00+00:00,5633.035978610468,0.0,1.5615753351850863,-0.005094535587200522,-7.105427357601002e-15,8.107059607949378,0.019078024785873855
2024-10-23 00:00:00+00:00,5578.943715056015,0.0,1.5465800209510376,-0.014648298211322519,-7.105427357601002e-15,8.107059607949378,0.019078024785873855
2024-10-24 00:00:00+00:00,5617.85450563877,0.0,1.557366767401319,-0.007775883704757347,-7.105427357601002e-15,8.107059607949378,0.019078024785873855
2024-10-25 00:00:00+00:00,5587.535939843529,0.0,1.5489619347810748,-0.013130741528741052,-7.105427357601002e-15,8.107059607949378,0.019078024785873855
2024-10-28 00:00:00+00:00,5763.521412419594,100.0,1.570026426514791,0.0,0.0,8.256369674593646,0.019371608126166322
2024-10-29 00:00:00+00:00,5824.28023562269,0.0,1.5865775853024104,0.0,0.0,8.256369674593646,0.019371608126166322
2024-10-30 00:00:00+00:00,5803.400008975737,0.0,1.5808896550803255,-0.003585031248881987,0.0,8.256369674593646,0.019371608126166322
2024-10-31 00:00:00+00:00,5677.026009940425,0.0,1.5464644306537714,-0.025282819460098027,0.0,8.256369674593646,0.019371608126166322
2024-11-01 00:00:00+00:00,5680.348169033325,0.0,1.547369411688057,-0.024712421237742532,0.0,8.256369674593646,0.019371608126166322
2024-11-04 00:00:00+00:00,5639.050240628618,0.0,1.5361195464900226,-0.03180307050838005,0.0,8.256369674593646,0.019371608126166322
2024-11-05 00:00:00+00:00,5720.548957146583,0.0,1.5583204076483619,-0.017810145508051267,0.0,8.256369674593646,0.019371608126166322
2024-11-06 00:00:00+00:00,5949.636619801287,0.0,1.6207256038156468,0.0,0.0,8.256369674593646,0.019371608126166322
2024-11-07 00:00:00+00:00,5990.099406288089,0.0,1.6317479700964088,0.0,0.0,8.256369674593646,0.019371608126166322
2024-11-08 00:00:00+00:00,6022.707978521974,0.0,1.640630789552548,0.0,0.0,8.256369674593646,0.019371608126166322
2024-11-11 00:00:00+00:00,6261.559992348653,0.0,1.7056958681564172,0.0,0.0,8.256369674593646,0.019371608126166322
2024-11-12 00:00:00+00:00,6234.454730561925,0.0,1.6983121917097466,-0.004328835277446763,0.0,8.256369674593646,0.019371608126166322
2024-11-13 00:00:00+00:00,6283.707601166056,0.0,1.7117290427799217,0.0,0.0,8.256369674593646,0.019371608126166322
2024-11-14 00:00:00+00:00,6195.817021144086,0.0,1.6877869901003124,-0.013987057578182083,0.0,8.256369674593646,0.019371608126166322
2024-11-15 00:00:00+00:00,6209.49265672242,0.0,1.6915123357216721,-0.011810693487689372,0.0,8.256369674593646,0.019371608126166322
2024-11-18 00:00:00+00:00,6216.901481397183,0.0,1.6935305550873063,-0.010631640427774869,0.0,8.256369674593646,0.019371608126166322
2024-11-19 00:00:00+00:00,6268.940272098805,0.0,1.7077063116706621,-0.002350098063842232,0.0,8.256369674593646,0.019371608126166322
2024-11-20 00:00:00+00:00,6308.865388221158,0.0,1.718582212514666,0.0,0.0,8.256369674593646,0.019371608126166322
2024-11-21 00:00:00+00:00,6409.566269978546,0.0,1.746013887391721,0.0,0.0,8.256369674593646,0.019371608126166322
2024-11-22 00:00:00+00:00,6435.811776562624,0.0,1.7531633600778944,0.0,0.0,8.256369674593646,0.019371608126166322
2024-11-25 00:00:00+00:00,6336.39938190788,0.0,1.726082678743956,-0.015446752967011146,0.0,8.256369674593646,0.019371608126166322
2024-11-26 00:00:00+00:00,6341.588575755002,0.0,1.7274962540374794,-0.014640453151652966,0.0,8.256369674593646,0.019371608126166322
2024-11-27 00:00:00+00:00,6503.127592888086,100.0,1.7442599434986639,-0.005078486570033625,-3.552713678800501e-15,8.401214287284764,0.019588755956524456
2024-11-29 00:00:00+00:00,6558.772202820627,0.0,1.7591848642834083,0.0,-3.552713678800501e-15,8.401214287284764,0.019588755956524456
2024-12-02 00:00:00+00:00,6540.156457487914,0.0,1.7541917746602347,-0.002838297284468383,-3.552713678800501e-15,8.401214287284764,0.019588755956524456
2024-12-03 00:00:00+00:00,6541.426285361787,0.0,1.7545323661470076,-0.0026446897258269875,-3.552713678800501e-15,8.401214287284764,0.019588755956524456
2024-12-04 00:00:00+00:00,6624.457301336543,0.0,1.7768028311139181,0.0,-3.552713678800501e-15,8.401214287284764,0.019588755956524456
2024-12-05 00:00:00+00:00,6584.485507283102,0.0,1.7660816514597708,-0.006033972631294127,-3.552713678800501e-15,8.401214287284764,0.019588755956524456
2024-12-06 00:00:00+00:00,6648.565541679225,0.0,1.7832691101984566,0.0,-3.552713678800501e-15,8.401214287284764,0.019588755956524456
2024-12-09 00:00:00+00:00,6575.844065586645,0.0,1.763763855846827,-0.010937919711657473,-3.552713678800501e-15,8.401214287284764,0.019588755956524456
2024-12-10 00:00:00+00:00,6549.1818199791305,0.0,1.756612544980995,-0.014948144991136503,-3.552713678800501e-15,8.401214287284764,0.019588755956524456
2024-12-11 00:00:00+00:00,6673.243161980695,0.0,1.7898881075928483,0.0,-3.552713678800501e-15,8.401214287284764,0.019588755956524456
2024-12-12 00:00:00+00:00,6627.0943501452775,0.0,1.7775101367204011,-0.006915499812496062,-3.552713678800501e-15,8.401214287284764,0.019588755956524456
2024-12-13 00:00:00+00:00,6654.573551481813,0.0,1.7848805703288504,-0.002797681733710422,-3.552713678800501e-15,8.401214287284764,0.019588755956524456
2024-12-16 00:00:00+00:00,6763.67052512057,0.0,1.8141424106290653,0.0,-3.552713678800501e-15,8.401214287284764,0.019588755956524456
2024-12-17 00:00:00+00:00,6745.482407485541,0.0,1.80926401871913,-0.0026890898318416845,-3.552713678800501e-15,8.401214287284764,0.019588755956524456
2024-12-18 00:00:00+00:00,6492.302568601844,0.0,1.7413564703651299,-0.04012140383107876,-3.552713678800501e-15,8.401214287284764,0.019588755956524456
2024-12-19 00:00:00+00:00,6436.907018598204,0.0,1.7264983520921475,-0.04831156475004994,-3.552713678800501e-15,8.401214287284764,0.019588755956524456
2024-12-20 00:00:00+00:00,6494.8847305221825,0.0,1.7420490542858575,-0.03973963450763984,-3.552713678800501e-15,8.401214287284764,0.019588755956524456
2024-12-23 00:00:00+00:00,6470.280118131235,0.0,1.7354496389728664,-0.04337739484791148,-3.552713678800501e-15,8.427913809654669,0.019588755956524456
2024-12-24 00:00:00+00:00,6591.816102670321,0.0,1.7680478536775937,-0.025408455632481508,-3.552713678800501e-15,8.427913809654669,0.019588755956524456
2024-12-26 00:00:00+00:00,6535.473308200205,0.0,1.752935666795934,-0.033738665429197234,-3.552713678800501e-15,8.427913809654669,0.019588755956524456
2024-12-27 00:00:00+00:00,6557.2293596324525,100.0,1.7319491824684308,-0.04530693272979247,-3.552713678800501e-15,8.573462383457397,0.01979722971583674
2024-12-30 00:00:00+00:00,6475.182944480026,0.0,1.7102784105838134,-0.05725239619376765,-3.552713678800501e-15,8.573462383457397,0.01979722971583674
2024-12-31 00:00:00+00:00,6462.763978062376,0.0,1.706998211348056,-0.05906052284167507,0.0,9.56600976586273,0.013983310422735297
2025-01-02 00:00:00+00:00,6497.516033614378,0.0,1.7161772091993317,-0.054000833041416896,0.0,9.56600976586273,0.013983310422735297
2025-01-03 00:00:00+00:00,6580.535750973162,0.0,1.7381050576429868,-0.04191366264333796,0.0,9.56600976586273,0.013983310422735297
2025-01-06 00:00:00+00:00,6667.652098548053,0.0,1.76111494164839,-0.02923004758060188,0.0,9.56600976586273,0.013983310422735297
2025-01-07 00:00:00+00:00,6534.8797558809765,0.0,1.726046021876831,-0.048560900310845145,0.0,9.56600976586273,0.013983310422735297
2025-01-08 00:00:00+00:00,6515.378553069396,0.0,1.7208952042960715,-0.05140015788543295,0.0,9.56600976586273,0.013983310422735297
2025-01-10 00:00:00+00:00,6431.781555164624,0.0,1.698814879781374,-0.06357137685111547,0.0,9.56600976586273,0.013983310422735297
2025-01-13 00:00:00+00:00,6435.725133089645,0.0,1.699856489917095,-0.06299721567742911,0.0,9.56600976586273,0.013983310422735297
2025-01-14 00:00:00+00:00,6470.542867341968,0.0,1.709052835365212,-0.0579279634543205,0.0,9.56600976586273,0.013983310422735297
2025-01-15 00:00:00+00:00,6619.239264595759,0.0,1.7483277469986427,-0.03627866436770033,0.0,9.56600976586273,0.013983310422735297
2025-01-16 00:00:00+00:00,6604.358609204293,0.0,1.7443973462872533,-0.03844519809094127,0.0,9.56600976586273,0.013983310422735297
2025-01-17 00:00:00+00:00,6711.487436806961,0.0,1.7726930906038196,-0.02284788657295811,0.0,9.56600976586273,0.013983310422735297
2025-01-21 00:00:00+00:00,6788.211759295189,0.0,1.7929581477370933,-0.011677287718898643,0.0,9.56600976586273,0.013983310422735297
2025-01-22 00:00:00+00:00,6784.265125227783,0.0,1.7919157303879876,-0.012251893848493678,0.0,9.56600976586273,0.013983310422735297
2025-01-23 00:00:00+00:00,6816.672216071202,0.0,1.800475356933609,-0.007533616774174412,0.0,9.56600976586273,0.013983310422735297
2025-01-24 00:00:00+00:00,6813.931874902387,0.0,1.79975155555551,-0.00793259392936263,0.0,9.56600976586273,0.013983310422735297
2025-01-27 00:00:00+00:00,6800.981633724807,100.0,1.7699182117546326,-0.024377468171915884,-3.552713678800501e-15,9.71220767051233,0.014177912186685024
2025-01-28 00:00:00+00:00,6835.256737606343,0.0,1.778838119767454,-0.019460595074985987,-3.552713678800501e-15,9.71220767051233,0.014177912186685024
2025-01-29 00:00:00+00:00,6845.55361449855,0.0,1.7815178255683546,-0.01798347520545418,-3.552713678800501e-15,9.71220767051233,0.014177912186685024
2025-01-30 00:00:00+00:00,6887.653774357493,0.0,1.7924741615305961,-0.011944072842084985,-3.552713678800501e-15,9.71220767051233,0.014177912186685024
2025-01-31 00:00:00+00:00,6826.293177325373,0.0,1.7765054023102005,-0.02074644641917278,-3.552713678800501e-15,9.71220767051233,0.014177912186685024
2025-02-03 00:00:00+00:00,6775.427415047385,0.0,1.7632678663397812,-0.028043302439328954,-3.552713678800501e-15,9.71220767051233,0.014177912186685024
2025-02-04 00:00:00+00:00,6760.32718671347,0.0,1.759338114640803,-0.03020947841093613,-3.552713678800501e-15,9.71220767051233,0.014177912186685024
2025-02-05 00:00:00+00:00,6766.0593745723145,0.0,1.760829885127913,-0.02938717775892019,-3.552713678800501e-15,9.71220767051233,0.014177912186685024
2025-02-06 00:00:00+00:00,6784.660336773537,0.0,1.7656706836374765,-0.026718810335722765,-3.552713678800501e-15,9.71220767051233,0.014177912186685024
2025-02-07 00:00:00+00:00,6731.346011474883,0.0,1.7517959225551094,-0.03436692053979207,-3.552713678800501e-15,9.71220767051233,0.014177912186685024
2025-02-10 00:00:00+00:00,6782.809906192147,0.0,1.7651891192160478,-0.02698426051130276,-3.552713678800501e-15,9.71220767051233,0.014177912186685024
2025-02-11 00:00:00+00:00,6764.2353087894435,0.0,1.7603551820008625,-0.029648845819966185,-3.552713678800501e-15,9.71220767051233,0.014177912186685024
2025-02-12 00:00:00+00:00,6776.022061608686,0.0,1.7634226198496545,-0.027957998491322078,-3.552713678800501e-15,9.71220767051233,0.014177912186685024
2025-02-13 00:00:00+00:00,6815.04520006512,0.0,1.7735781778490134,-0.022360004673495304,-3.552713678800501e-15,9.71220767051233,0.014177912186685024
2025-02-14 00:00:00+00:00,6827.890962379198,0.0,1.7769212171171704,-0.020517239051254132,-3.552713678800501e-15,9.71220767051233,0.014177912186685024
2025-02-18 00:00:00+00:00,6817.697023673149,0.0,1.7742683004152817,-0.021979592109286017,-3.552713678800501e-15,9.71220767051233,0.014177912186685024
2025-02-19 00:00:00+00:00,6844.695488835181,0.0,1.781294503065609,-0.018106576071977742,-3.552713678800501e-15,9.71220767051233,0.014177912186685024
2025-02-20 00:00:00+00:00,6845.221822970641,0.0,1.7814314786408998,-0.018031071759588513,-3.552713678800501e-15,9.71220767051233,0.014177912186685024
2025-02-21 00:00:00+00:00,6722.370248586673,0.0,1.7494600294361728,-0.03565452238695166,-3.552713678800501e-15,9.71220767051233,0.014177912186685024
2025-02-24 00:00:00+00:00,6631.390413263252,0.0,1.725783025716172,-0.048705870275230656,-3.552713678800501e-15,9.71220767051233,0.014177912186685024
2025-02-25 00:00:00+00:00,6564.150317124744,0.0,1.708284159063521,-0.05835167677317976,-3.552713678800501e-15,9.71220767051233,0.014177912186685024
2025-02-26 00:00:00+00:00,6504.639921592927,0.0,1.6927969046474554,-0.06688863303710135,-3.552713678800501e-15,9.71220767051233,0.014177912186685024
2025-02-27 00:00:00+00:00,6524.323688588393,100.0,1.6718950450115844,-0.07841025312238625,-3.552713678800501e-15,9.857899451191237,0.014414944989410086
2025-02-28 00:00:00+00:00,6601.565952129351,0.0,1.6916888142731379,-0.06749943975647754,-3.552713678800501e-15,9.857899451191237,0.014414944989410086
2025-03-03 00:00:00+00:00,6535.76872343698,0.0,1.6748279002723994,-0.07679359103255723,-3.552713678800501e-15,9.857899451191237,0.014414944989410086
2025-03-04 00:00:00+00:00,6487.287704151184,0.0,1.6624043633987147,-0.08364175069240265,-3.552713678800501e-15,9.857899451191237,0.014414944989410086
2025-03-05 00:00:00+00:00,6593.857915478919,0.0,1.689713586050607,-0.06858823422540017,-3.552713678800501e-15,9.857899451191237,0.014414944989410086
2025-03-06 00:00:00+00:00,6488.2231511025675,0.0,1.6626440769993172,-0.08350961464883855,-3.552713678800501e-15,9.857899451191237,0.014414944989410086
2025-03-07 00:00:00+00:00,6471.098789634799,0.0,1.6582558619975039,-0.08592850689020981,-3.552713678800501e-15,9.857899451191237,0.014414944989410086
2025-03-10 00:00:00+00:00,6214.800744378971,0.0,1.592578030491556,-0.12213174601914545,-3.552713678800501e-15,9.857899451191237,0.014414944989410086
2025-03-11 00:00:00+00:00,6235.621320062352,0.0,1.5979134214042139,-0.11919074707584432,-3.552713678800501e-15,9.857899451191237,0.014414944989410086
2025-03-12 00:00:00+00:00,6270.838748551245,0.0,1.6069380877143198,-0.11421612862404562,-3.552713678800501e-15,9.857899451191237,0.014414944989410086
2025-03-13 00:00:00+00:00,6167.727423199608,0.0,1.5805152242623568,-0.12878106205879225,-3.552713678800501e-15,9.857899451191237,0.014414944989410086
2025-03-14 00:00:00+00:00,6311.681858048043,0.0,1.6174043667724851,-0.10844685770195961,-3.552713678800501e-15,9.857899451191237,0.014414944989410086
2025-03-17 00:00:00+00:00,6351.007313854313,0.0,1.6274817384424904,-0.102891962115504,-3.552713678800501e-15,9.857899451191237,0.014414944989410086
2025-03-18 00:00:00+00:00,6278.121513111475,0.0,1.6088043375454761,-0.11318740572984398,-3.552713678800501e-15,9.857899451191237,0.014414944989410086
2025-03-19 00:00:00+00:00,6391.098168543138,0.0,1.6377552479285025,-0.09722895053172786,-3.552713678800501e-15,9.857899451191237,0.014414944989410086
2025-03-20 00:00:00+00:00,6341.464775219729,0.0,1.625036408654838,-0.10423988815114782,-3.552713678800501e-15,9.857899451191237,0.014414944989410086
2025-03-21 00:00:00+00:00,6340.806050552809,0.0,1.6248676067131782,-0.1043329359409303,-3.552713678800501e-15,9.857899451191237,0.014414944989410086
2025-03-24 00:00:00+00:00,6479.954553540731,0.0,1.6605252018556746,-0.08467759084035908,-3.552713678800501e-15,9.857899451191237,0.014414944989410086
2025-03-25 00:00:00+00:00,6490.857757291297,0.0,1.6633192098165623,-0.08313746480366124,-3.552713678800501e-15,9.857899451191237,0.014414944989410086
2025-03-26 00:00:00+00:00,6422.8648507970465,0.0,1.6458956408936247,-0.09274176533754042,-3.552713678800501e-15,9.857899451191237,0.014414944989410086
2025-03-27 00:00:00+00:00,6513.3348784250165,100.0,1.643453531282208,-0.09408791633269287,-7.105427357601002e-15,10.045559439863352,0.01464472551731685
2025-03-28 00:00:00+00:00,6367.643633951854,0.0,1.606692517964831,-0.11435149272118039,-7.105427357601002e-15,10.045559439863352,0.01464472551731685
2025-03-31 00:00:00+00:00,6371.435689641936,0.0,1.607649334623426,-0.11382407180152776,-7.105427357601002e-15,10.045559439863352,0.01464472551731685
2025-04-01 00:00:00+00:00,6428.62007389186,0.0,1.6220781763740686,-0.10587053867970442,-7.105427357601002e-15,10.045559439863352,0.01464472551731685
2025-04-02 00:00:00+00:00,6421.169666696809,0.0,1.6201982794790457,-0.106906784171794,-7.105427357601002e-15,10.045559439863352,0.01464472551731685
2025-04-03 00:00:00+00:00,6182.746515300658,0.0,1.560039025054807,-0.14006804762705827,-7.105427357601002e-15,10.045559439863352,0.01464472551731685
2025-04-04 00:00:00+00:00,5904.952950278581,0.0,1.4899457742202358,-0.17870517469265956,-7.105427357601002e-15,10.045559439863352,0.01464472551731685
2025-04-07 00:00:00+00:00,5816.043454804533,0.0,1.4675120091784057,-0.19107121878621613,-7.105427357601002e-15,10.045559439863352,0.01464472551731685
2025-04-08 00:00:00+00:00,5705.929710280561,0.0,1.439727959124405,-0.20638647181773884,-7.105427357601002e-15,10.045559439863352,0.01464472551731685
2025-04-09 00:00:00+00:00,6223.615936888544,0.0,1.5703512531965778,-0.13438369336614064,-7.105427357601002e-15,10.045559439863352,0.01464472551731685
2025-04-10 00:00:00+00:00,6008.389441255225,0.0,1.5160450105610688,-0.1643186324962379,-7.105427357601002e-15,10.045559439863352,0.01464472551731685
2025-04-11 00:00:00+00:00,6149.568421625525,0.0,1.5516674832518167,-0.14468264775654183,-7.105427357601002e-15,10.045559439863352,0.01464472551731685
2025-04-14 00:00:00+00:00,6216.194261439643,0.0,1.5684786059348919,-0.13541594268169277,-7.105427357601002e-15,10.045559439863352,0.01464472551731685
2025-04-15 00:00:00+00:00,6188.353738365279,0.0,1.5614538472186057,-0.13928816278697675,-7.105427357601002e-15,10.045559439863352,0.01464472551731685
2025-04-16 00:00:00+00:00,6084.917538340999,0.0,1.5353546842912695,-0.15367466451606981,-7.105427357601002e-15,10.045559439863352,0.01464472551731685
2025-04-17 00:00:00+00:00,6105.085038169611,0.0,1.540443375327294,-0.15086965262383378,-7.105427357601002e-15,10.045559439863352,0.01464472551731685
2025-04-21 00:00:00+00:00,6026.872079268622,0.0,1.5207085749681664,-0.16174796087764076,-7.105427357601002e-15,10.045559439863352,0.01464472551731685
2025-04-22 00:00:00+00:00,6233.410921198806,0.0,1.57282273698392,-0.13302135060139308,-7.105427357601002e-15,10.045559439863352,0.01464472551731685
2025-04-23 00:00:00+00:00,6315.198583594534,0.0,1.59345951139956,-0.12164585202160738,-7.105427357601002e-15,10.045559439863352,0.01464472551731685
2025-04-24 00:00:00+00:00,6423.307705320177,0.0,1.6207377522976831,-0.1066094134607205,-7.105427357601002e-15,10.045559439863352,0.01464472551731685
2025-04-25 00:00:00+00:00,6470.115580030425,0.0,1.6325483790227402,-0.10009910497784802,-7.105427357601002e-15,10.045559439863352,0.01464472551731685
2025-04-28 00:00:00+00:00,6578.822189799503,100.0,1.6347452426628832,-0.09888813960529974,-7.105427357601002e-15,10.20333063614994,0.01485774083681995
2025-04-29 00:00:00+00:00,6598.9383294748195,0.0,1.6397438218441165,-0.09613279958791932,-7.105427357601002e-15,10.20333063614994,0.01485774083681995
2025-04-30 00:00:00+00:00,6600.228928556078,0.0,1.6400645176537012,-0.09595602415523796,-7.105427357601002e-15,10.20333063614994,0.01485774083681995
2025-05-01 00:00:00+00:00,6671.501858215654,0.0,1.6577748431998591,-0.08619365630451514,-7.105427357601002e-15,10.20333063614994,0.01485774083681995
2025-05-02 00:00:00+00:00,6752.5003120903275,0.0,1.6779018254034483,-0.07509916775407655,-7.105427357601002e-15,10.20333063614994,0.01485774083681995
2025-05-05 00:00:00+00:00,6692.75170217754,0.0,1.663055132029961,-0.08328303098691903,-7.105427357601002e-15,10.20333063614994,0.01485774083681995
2025-05-06 00:00:00+00:00,6678.961321461326,0.0,1.6596284154202166,-0.08517192162178167,-7.105427357601002e-15,10.20333063614994,0.01485774083681995
2025-05-07 00:00:00+00:00,6705.552297456812,0.0,1.6662359008108056,-0.08152971285587896,-7.105427357601002e-15,10.20333063614994,0.01485774083681995
2025-05-08 00:00:00+00:00,6833.231823773477,0.0,1.6979624762083358,-0.06404124270511014,-7.105427357601002e-15,10.20333063614994,0.01485774083681995
2025-05-09 00:00:00+00:00,6821.888575310782,0.0,1.6951438377156456,-0.06559494569787183,-7.105427357601002e-15,10.20333063614994,0.01485774083681995
2025-05-12 00:00:00+00:00,6995.415747360103,0.0,1.738262911433766,-0.04182664974410011,-7.105427357601002e-15,10.20333063614994,0.01485774083681995
2025-05-13 00:00:00+00:00,7050.830770273594,0.0,1.7520327690870618,-0.03423636489511683,-7.105427357601002e-15,10.20333063614994,0.01485774083681995
2025-05-14 00:00:00+00:00,7048.813274035153,0.0,1.7515314495069407,-0.03451270460096567,-7.105427357601002e-15,10.20333063614994,0.01485774083681995
2025-05-15 00:00:00+00:00,7079.654047523683,0.0,1.7591949500980633,-0.030288394234688987,-7.105427357601002e-15,10.20333063614994,0.01485774083681995
2025-05-16 00:00:00+00:00,7110.911205469922,0.0,1.7669619163995696,-0.026007051019294347,-7.105427357601002e-15,10.20333063614994,0.01485774083681995
2025-05-19 00:00:00+00:00,7147.9725265533225,0.0,1.7761711360106165,-0.02093070224033955,-7.105427357601002e-15,10.20333063614994,0.01485774083681995
2025-05-20 00:00:00+00:00,7147.140256862182,0.0,1.7759643286400943,-0.021044699559023328,-7.105427357601002e-15,10.20333063614994,0.01485774083681995
2025-05-21 00:00:00+00:00,7095.700442664931,0.0,1.7631822547192029,-0.028090493674193806,-7.105427357601002e-15,10.20333063614994,0.01485774083681995
2025-05-22 00:00:00+00:00,7128.742628224107,0.0,1.7713927754008225,-0.023564652354618132,-7.105427357601002e-15,10.20333063614994,0.01485774083681995
2025-05-23 00:00:00+00:00,7026.760719134322,0.0,1.7460516982425591,-0.037533278527398184,-7.105427357601002e-15,10.20333063614994,0.01485774083681995
2025-05-27 00:00:00+00:00,7262.977924617377,100.0,1.7798997674269676,-0.01887538872442973,1.0658141036401503e-14,10.351756571682321,0.015040224275472074
2025-05-28 00:00:00+00:00,7213.495114295248,0.0,1.7677732755804942,-0.025559809845629666,1.0658141036401503e-14,10.351756571682321,0.015040224275472074
2025-05-29 00:00:00+00:00,7202.058145145784,0.0,1.7649704777556237,-0.02710478107195069,1.0658141036401503e-14,10.351756571682321,0.015040224275472074
2025-05-30 00:00:00+00:00,7172.13258086723,0.0,1.757636777247051,-0.03114729750594425,1.0658141036401503e-14,10.351756571682321,0.015040224275472074
2025-06-02 00:00:00+00:00,7232.903584426093,0.0,1.7725296071886238,-0.022938002659896983,1.0658141036401503e-14,10.351756571682321,0.015040224275472074
2025-06-03 00:00:00+00:00,7257.654660333663,0.0,1.7785952230707995,-0.019594485719530486,1.0658141036401503e-14,10.351756571682321,0.015040224275472074
2025-06-04 00:00:00+00:00,7243.8037418195245,0.0,1.7752008513822386,-0.02146554703680814,1.0658141036401503e-14,10.351756571682321,0.015040224275472074
2025-06-05 00:00:00+00:00,7169.352302765443,0.0,1.7569554291281233,-0.03152287337856352,1.0658141036401503e-14,10.351756571682321,0.015040224275472074
2025-06-06 00:00:00+00:00,7268.819800701699,0.0,1.7813314052471214,-0.01808623468020154,1.0658141036401503e-14,10.351756571682321,0.015040224275472074
2025-06-09 00:00:00+00:00,7364.7863602307425,0.0,1.8048494248197209,-0.005122522771584426,1.0658141036401503e-14,10.351756571682321,0.015040224275472074
2025-06-10 00:00:00+00:00,7397.461883215837,0.0,1.8128570432326305,-0.0007085261823459588,1.0658141036401503e-14,10.351756571682321,0.015040224275472074
2025-06-11 00:00:00+00:00,7357.119109455864,0.0,1.8029704520329861,-0.0061582588724141685,1.0658141036401503e-14,10.351756571682321,0.015040224275472074
2025-06-12 00:00:00+00:00,7334.033828232235,0.0,1.7973130636852046,-0.009276750736467831,1.0658141036401503e-14,10.351756571682321,0.015040224275472074
2025-06-13 00:00:00+00:00,7275.998755576651,0.0,1.7830907139280665,-0.017116460383190923,1.0658141036401503e-14,10.351756571682321,0.015040224275472074
2025-06-16 00:00:00+00:00,7341.811446265655,0.0,1.7992190835950133,-0.0082261055949171,1.0658141036401503e-14,10.351756571682321,0.015040224275472074
2025-06-17 00:00:00+00:00,7259.210517716691,0.0,1.7789765088495726,-0.019384311602802295,1.0658141036401503e-14,10.351756571682321,0.015040224275472074
2025-06-18 00:00:00+00:00,7263.119474162897,0.0,1.7799344562289665,-0.01885626740198254,1.0658141036401503e-14,10.351756571682321,0.015040224275472074
2025-06-20 00:00:00+00:00,7223.489046247312,0.0,1.7702224358755938,-0.02420977233989141,1.0658141036401503e-14,10.351756571682321,0.015040224275472074
2025-06-23 00:00:00+00:00,7312.493947523006,0.0,1.792034398506447,-0.012186481057433696,1.0658141036401503e-14,10.351756571682321,0.015040224275472074
2025-06-24 00:00:00+00:00,7386.698808276862,0.0,1.8102193931145225,-0.0021624639232057374,1.0658141036401503e-14,10.351756571682321,0.015040224275472074
2025-06-25 00:00:00+00:00,7408.511585361281,0.0,1.815564935571412,0.0,1.0658141036401503e-14,10.351756571682321,0.015040224275472074
2025-06-26 00:00:00+00:00,7448.45123791695,0.0,1.8253527359795614,0.0,1.0658141036401503e-14,10.351756571682321,0.015040224275472074
2025-06-27 00:00:00+00:00,7579.157326890777,100.0,1.8328777155664966,0.0,1.0658141036401503e-14,10.49325118333316,0.015226952503088042
2025-06-30 00:00:00+00:00,7610.306859355773,0.0,1.8404106485091654,0.0,1.0658141036401503e-14,10.525486669689366,0.015226952503088042
2025-07-01 00:00:00+00:00,7585.257265701729,0.0,1.8343528718972992,-0.0032915352977191947,1.0658141036401503e-14,10.525486669689366,0.015226952503088042
2025-07-02 00:00:00+00:00,7660.027482037281,0.0,1.8524346529448157,0.0,1.0658141036401503e-14,10.525486669689366,0.015226952503088042
2025-07-03 00:00:00+00:00,7723.11268226007,0.0,1.8676906309755335,0.0,1.0658141036401503e-14,10.525486669689366,0.015226952503088042
2025-07-07 00:00:00+00:00,7654.46259381612,0.0,1.8510888886110952,-0.008888914517800384,1.0658141036401503e-14,10.525486669689366,0.015226952503088042
2025-07-08 00:00:00+00:00,7660.513306611776,0.0,1.8525521405490255,-0.00810545931721074,1.0658141036401503e-14,10.525486669689366,0.015226952503088042
2025-07-09 00:00:00+00:00,7731.279091059489,0.0,1.8696655244972122,0.0,1.0658141036401503e-14,10.525486669689366,0.015226952503088042
2025-07-10 00:00:00+00:00,7821.685986088839,0.0,1.8915287443890778,0.0,1.0658141036401503e-14,10.525486669689366,0.015226952503088042
2025-07-11 00:00:00+00:00,7823.007565418419,0.0,1.891848343679351,0.0,1.0658141036401503e-14,10.525486669689366,0.015226952503088042
2025-07-14 00:00:00+00:00,7870.129224510112,0.0,1.9032438372869651,0.0,1.0658141036401503e-14,10.525486669689366,0.015226952503088042
2025-07-15 00:00:00+00:00,7812.201650212928,0.0,1.8892351348063574,-0.007360434961700357,1.0658141036401503e-14,10.525486669689366,0.015226952503088042
2025-07-16 00:00:00+00:00,7845.272644898488,0.0,1.8972327375181677,-0.003158344533176649,1.0658141036401503e-14,10.525486669689366,0.015226952503088042
2025-07-17 00:00:00+00:00,7889.811441565233,0.0,1.9080036140639003,0.0,1.0658141036401503e-14,10.525486669689366,0.015226952503088042
2025-07-18 00:00:00+00:00,7867.999707091445,0.0,1.9027288532520332,-0.0027645444552550913,1.0658141036401503e-14,10.525486669689366,0.015226952503088042
2025-07-21 00:00:00+00:00,7870.5501872623445,0.0,1.9033456392702692,-0.002441281955284147,1.0658141036401503e-14,10.525486669689366,0.015226952503088042
2025-07-22 00:00:00+00:00,7909.745276622443,0.0,1.9128242399575615,0.0,1.0658141036401503e-14,10.525486669689366,0.015226952503088042
2025-07-23 00:00:00+00:00,7943.176979482343,0.0,1.9209090732078151,0.0,1.0658141036401503e-14,10.525486669689366,0.015226952503088042
2025-07-24 00:00:00+00:00,7941.067988861436,0.0,1.9203990531957373,-0.00026550971057992534,1.0658141036401503e-14,10.525486669689366,0.015226952503088042
2025-07-25 00:00:00+00:00,7954.421996090172,0.0,1.923628470558037,0.0,1.0658141036401503e-14,10.525486669689366,0.015226952503088042
2025-07-28 00:00:00+00:00,8059.39214089881,100.0,1.924830407299813,0.0,1.0658141036401503e-14,10.661927902352675,0.015394183933921165
2025-07-29 00:00:00+00:00,8041.468635327565,0.0,1.9205497236048399,-0.0022239277178596195,1.0658141036401503e-14,10.661927902352675,0.015394183933921165
2025-07-30 00:00:00+00:00,8032.198224959554,0.0,1.918335664845502,-0.0033741894504990544,1.0658141036401503e-14,10.661927902352675,0.015394183933921165
2025-07-31 00:00:00+00:00,7976.886890286116,0.0,1.905125619101792,-0.01023715550382609,1.0658141036401503e-14,10.661927902352675,0.015394183933921165
2025-08-01 00:00:00+00:00,7836.887873551961,0.0,1.8716895534915234,-0.027608070615860902,1.0658141036401503e-14,10.661927902352675,0.015394183933921165
2025-08-04 00:00:00+00:00,7956.5891476136985,0.0,1.9002778946565266,-0.01275567579885084,1.0658141036401503e-14,10.661927902352675,0.015394183933921165
2025-08-05 00:00:00+00:00,7912.598438255756,0.0,1.8897715619790088,-0.01821399183421335,1.0658141036401503e-14,10.661927902352675,0.015394183933921165
2025-08-06 00:00:00+00:00,7971.6159004835345,0.0,1.903866744825519,-0.010891173785903652,1.0658141036401503e-14,10.661927902352675,0.015394183933921165
2025-08-07 00:00:00+00:00,8006.057799386012,0.0,1.9120925282510721,-0.0066176630421221905,1.0658141036401503e-14,10.661927902352675,0.015394183933921165
2025-08-08 00:00:00+00:00,8041.230057526485,0.0,1.9204927438974386,-0.0022535301738397795,1.0658141036401503e-14,10.661927902352675,0.015394183933921165
2025-08-11 00:00:00+00:00,8059.3974504226,0.0,1.9248316753771897,0.0,1.0658141036401503e-14,10.661927902352675,0.015394183933921165
2025-08-12 00:00:00+00:00,8148.2198904043125,0.0,1.946045202444542,0.0,1.0658141036401503e-14,10.661927902352675,0.015394183933921165
2025-08-13 00:00:00+00:00,8219.019201285935,0.0,1.9629542526580515,0.0,1.0658141036401503e-14,10.661927902352675,0.015394183933921165
2025-08-14 00:00:00+00:00,8141.980330849542,0.0,1.944555003959444,-0.00937324375934534,1.0658141036401503e-14,10.661927902352675,0.015394183933921165
2025-08-15 00:00:00+00:00,8113.661790078146,0.0,1.9377916665496,-0.012818732822926782,1.0658141036401503e-14,10.661927902352675,0.015394183933921165
2025-08-18 00:00:00+00:00,8094.25827013233,0.0,1.9331575099596974,-0.015179540051942664,1.0658141036401503e-14,10.661927902352675,0.015394183933921165
2025-08-19 00:00:00+00:00,8008.186456733127,0.0,1.9126009170125096,-0.025651813116560396,1.0658141036401503e-14,10.661927902352675,0.015394183933921165
2025-08-20 00:00:00+00:00,8013.1861558792825,0.0,1.9137949987466685,-0.025043504628198043,1.0658141036401503e-14,10.661927902352675,0.015394183933921165
2025-08-21 00:00:00+00:00,7961.290308073729,0.0,1.9014006761820894,-0.03135762149964105,1.0658141036401503e-14,10.661927902352675,0.015394183933921165
2025-08-22 00:00:00+00:00,8124.896389509797,0.0,1.9404748339922333,-0.011451830135816299,1.0658141036401503e-14,10.661927902352675,0.015394183933921165
2025-08-25 00:00:00+00:00,7993.0848853679745,0.0,1.9089941978886016,-0.027489206483738537,1.0658141036401503e-14,10.661927902352675,0.015394183933921165
2025-08-26 00:00:00+00:00,8043.6665274965735,0.0,1.921074647768464,-0.021334987727237187,1.0658141036401503e-14,10.661927902352675,0.015394183933921165
2025-08-27 00:00:00+00:00,8150.5479316676465,100.0,1.9227181384637715,-0.020497734035215487,1.0658141036401503e-14,10.79687696734627,0.015572865569637627
2025-08-28 00:00:00+00:00,8193.542249852238,0.0,1.9328605185978989,-0.015330838209500985,1.0658141036401503e-14,10.79687696734627,0.015572865569637627
2025-08-29 00:00:00+00:00,8091.158472780571,0.0,1.9087081368303767,-0.027634936348730377,1.0658141036401503e-14,10.79687696734627,0.015572865569637627
2025-09-02 00:00:00+00:00,8088.5551611415685,0.0,1.9080940143750096,-0.02794779257272817,1.0658141036401503e-14,10.79687696734627,0.015572865569637627
2025-09-03 00:00:00+00:00,8128.306044309061,0.0,1.9174712666440423,-0.02317068059656524,1.0658141036401503e-14,10.79687696734627,0.015572865569637627
2025-09-04 00:00:00+00:00,8165.705782868132,0.0,1.9262938827803069,-0.018676120356907133,1.0658141036401503e-14,10.79687696734627,0.015572865569637627
2025-09-05 00:00:00+00:00,8147.003068699782,0.0,1.9218819036015484,-0.02092374236479866,1.0658141036401503e-14,10.79687696734627,0.015572865569637627
2025-09-08 00:00:00+00:00,8185.513872842572,0.0,1.9309666206381144,-0.016295658432499027,1.0658141036401503e-14,10.79687696734627,0.015572865569637627
2025-09-09 00:00:00+00:00,8193.089518873074,0.0,1.9327537191443185,-0.01538524571972999,1.0658141036401503e-14,10.79687696734627,0.015572865569637627
2025-09-10 00:00:00+00:00,8249.354940094116,0.0,1.946026758804594,-0.008623478530147,1.0658141036401503e-14,10.79687696734627,0.015572865569637627
2025-09-11 00:00:00+00:00,8325.86431513867,0.0,1.9640753568122364,0.0,1.0658141036401503e-14,10.79687696734627,0.015572865569637627
2025-09-12 00:00:00+00:00,8332.974873925803,0.0,1.96575274101625,0.0,1.0658141036401503e-14,10.79687696734627,0.015572865569637627
2025-09-15 00:00:00+00:00,8356.400003916606,0.0,1.971278740336393,0.0,1.0658141036401503e-14,10.79687696734627,0.015572865569637627
2025-09-16 00:00:00+00:00,8370.175749113829,0.0,1.974528445188584,0.0,1.0658141036401503e-14,10.79687696734627,0.015572865569637627
2025-09-17 00:00:00+00:00,8357.30182611718,0.0,1.9714914806229664,-0.0015380708102827878,1.0658141036401503e-14,10.79687696734627,0.015572865569637627
2025-09-18 00:00:00+00:00,8397.820604948776,0.0,1.9810498798448422,0.0,1.0658141036401503e-14,10.79687696734627,0.015572865569637627
2025-09-19 00:00:00+00:00,8406.040900320357,0.0,1.982989051437596,0.0,1.0658141036401503e-14,10.79687696734627,0.015572865569637627
2025-09-22 00:00:00+00:00,8391.786808002385,0.0,1.9796265042718262,-0.001695696284017334,1.0658141036401503e-14,10.79687696734627,0.015572865569637627
2025-09-23 00:00:00+00:00,8346.864396971669,0.0,1.9690292861171184,-0.007039759150640479,1.0658141036401503e-14,10.79687696734627,0.015572865569637627
2025-09-24 00:00:00+00:00,8345.211190696482,0.0,1.9686392939695263,-0.0072364279861589775,1.0658141036401503e-14,10.79687696734627,0.015572865569637627
2025-09-25 00:00:00+00:00,8246.634140223787,0.0,1.945384920819508,-0.018963357659905644,1.0658141036401503e-14,10.79687696734627,0.015572865569637627
2025-09-26 00:00:00+00:00,8295.28531356594,0.0,1.9568617557791628,-0.013175713521712096,1.0658141036401503e-14,10.79687696734627,0.015572865569637627
2025-09-29 00:00:00+00:00,8486.675985704152,100.0,1.9784208588578416,-0.002303690268205316,1.0658141036401503e-14,10.958580511986195,0.015750908810644264
2025-09-30 00:00:00+00:00,8507.189830311658,0.0,1.9832030631195834,0.0,1.0658141036401503e-14,10.958580511986195,0.015750908810644264
2025-10-01 00:00:00+00:00,8602.793698140626,0.0,2.0054903151154098,0.0,1.0658141036401503e-14,10.958580511986195,0.015750908810644264
2025-10-02 00:00:00+00:00,8640.713460855734,0.0,2.0143302012669353,0.0,1.0658141036401503e-14,10.958580511986195,0.015750908810644264
2025-10-03 00:00:00+00:00,8668.079674767774,0.0,2.0207098354750457,0.0,1.0658141036401503e-14,10.958580511986195,0.015750908810644264
2025-10-06 00:00:00+00:00,8729.312904108327,0.0,2.0349845760668446,0.0,1.0658141036401503e-14,10.958580511986195,0.015750908810644264
2025-10-07 00:00:00+00:00,8652.822962150367,0.0,2.0171531781299645,-0.008762424121829926,1.0658141036401503e-14,10.958580511986195,0.015750908810644264
2025-10-08 00:00:00+00:00,8723.022425207,0.0,2.0335181344716244,-0.0007206155822834237,1.0658141036401503e-14,10.958580511986195,0.015750908810644264
2025-10-09 00:00:00+00:00,8678.833402030808,0.0,2.0232167531850527,-0.005782757776246372,1.0658141036401503e-14,10.958580511986195,0.015750908810644264
2025-10-10 00:00:00+00:00,8357.038048918832,0.0,1.9481995568230501,-0.0426465243346118,1.0658141036401503e-14,10.958580511986195,0.015750908810644264
2025-10-13 00:00:00+00:00,8494.429429998561,0.0,1.9802283481440928,-0.026907441248809394,1.0658141036401503e-14,10.958580511986195,0.015750908810644264
2025-10-14 00:00:00+00:00,8451.33181284833,0.0,1.9701813963244736,-0.031844555730058954,1.0658141036401503e-14,10.958580511986195,0.015750908810644264
2025-10-15 00:00:00+00:00,8445.027205291577,0.0,1.9687116610455253,-0.032566789842412236,1.0658141036401503e-14,10.958580511986195,0.015750908810644264
2025-10-16 00:00:00+00:00,8360.290455288608,0.0,1.9489577604606445,-0.04227393987057637,1.0658141036401503e-14,10.958580511986195,0.015750908810644264
2025-10-17 00:00:00+00:00,8369.458319744359,0.0,1.951094980533732,-0.04122370091632421,1.0658141036401503e-14,10.958580511986195,0.015750908810644264
2025-10-20 00:00:00+00:00,8504.288004822443,0.0,1.9825265871840931,-0.025778076895374147,1.0658141036401503e-14,10.958580511986195,0.015750908810644264
2025-10-21 00:00:00+00:00,8468.217172716806,0.0,1.9741177252510627,-0.02991022710030733,1.0658141036401503e-14,10.958580511986195,0.015750908810644264
2025-10-22 00:00:00+00:00,8422.524615378614,0.0,1.9634658388488109,-0.03514460898581495,1.0658141036401503e-14,10.958580511986195,0.015750908810644264
2025-10-23 00:00:00+00:00,8500.097326542442,0.0,1.9815496528300678,-0.02625814655561376,1.0658141036401503e-14,10.958580511986195,0.015750908810644264
2025-10-24 00:00:00+00:00,8570.692197662602,0.0,1.998006787023452,-0.01817104143111603,1.0658141036401503e-14,10.958580511986195,0.015750908810644264
2025-10-27 00:00:00+00:00,8801.344089690616,100.0,2.0284644631351454,-0.0032040109828749275,1.0658141036401503e-14,11.085958120534329,0.015925229147686317
2025-10-28 00:00:00+00:00,8800.822571828936,0.0,2.028344267806054,-0.0032630754743236956,1.0658141036401503e-14,11.085958120534329,0.015925229147686317
2025-10-29 00:00:00+00:00,8757.88548864572,0.0,2.0184484670624094,-0.00812591367959925,1.0658141036401503e-14,11.085958120534329,0.015925229147686317
2025-10-30 00:00:00+00:00,8656.451141220212,0.0,1.9950706776023932,-0.019613857979010163,1.0658141036401503e-14,11.085958120534329,0.015925229147686317
2025-10-31 00:00:00+00:00,8696.871855571739,0.0,2.0043865254775657,-0.01503601105833341,1.0658141036401503e-14,11.085958120534329,0.015925229147686317
2025-11-03 00:00:00+00:00,8662.334243645118,0.0,1.9964265687117846,-0.01894756737153447,1.0658141036401503e-14,11.085958120534329,0.015925229147686317
2025-11-04 00:00:00+00:00,8500.635619623743,0.0,1.95915954344579,-0.03726074070183216,1.0658141036401503e-14,11.085958120534329,0.015925229147686317
2025-11-05 00:00:00+00:00,8559.394853000069,0.0,1.9727019087448077,-0.03060596530044224,1.0658141036401503e-14,11.085958120534329,0.015925229147686317
2025-11-06 00:00:00+00:00,8445.569742408657,0.0,1.946468393784569,-0.04349722515015664,1.0658141036401503e-14,11.085958120534329,0.015925229147686317
2025-11-07 00:00:00+00:00,8484.51523388751,0.0,1.9554442439114514,-0.039086454556390926,1.0658141036401503e-14,11.085958120534329,0.015925229147686317
2025-11-10 00:00:00+00:00,8633.271721226305,0.0,1.9897284674519224,-0.022239042569252132,1.0658141036401503e-14,11.085958120534329,0.015925229147686317
2025-11-11 00:00:00+00:00,8602.221994943824,0.0,1.982572371097519,-0.025755578487295594,1.0658141036401503e-14,11.085958120534329,0.015925229147686317
2025-11-12 00:00:00+00:00,8583.289746595767,0.0,1.978209015615682,-0.027899749766603477,1.0658141036401503e-14,11.085958120534329,0.015925229147686317
2025-11-13 00:00:00+00:00,8438.629521604738,0.0,1.9448688663574396,-0.04428323967131875,1.0658141036401503e-14,11.085958120534329,0.015925229147686317
2025-11-14 00:00:00+00:00,8355.668631605964,0.0,1.925748693861321,-0.05367897304492164,1.0658141036401503e-14,11.085958120534329,0.015925229147686317
2025-11-17 00:00:00+00:00,8253.597043477805,0.0,1.902224038183302,-0.06523908802303457,1.0658141036401503e-14,11.085958120534329,0.015925229147686317
2025-11-18 00:00:00+00:00,8209.59909867345,0.0,1.892083738408958,-0.07022207408278291,1.0658141036401503e-14,11.085958120534329,0.015925229147686317
2025-11-19 00:00:00+00:00,8211.599404636769,0.0,1.8925447531722306,-0.06999552948451204,1.0658141036401503e-14,11.085958120534329,0.015925229147686317
2025-11-20 00:00:00+00:00,8030.84917446658,0.0,1.8508868637785876,-0.09046639195864348,1.0658141036401503e-14,11.085958120534329,0.015925229147686317
2025-11-21 00:00:00+00:00,8073.020283937288,0.0,1.860606128934067,-0.08569030408565104,1.0658141036401503e-14,11.085958120534329,0.015925229147686317
2025-11-24 00:00:00+00:00,8223.396979634374,0.0,1.8952637653355942,-0.06865939544431265,1.0658141036401503e-14,11.085958120534329,0.015925229147686317
2025-11-25 00:00:00+00:00,8271.997400715023,0.0,1.9064648075912851,-0.06315515605723088,1.0658141036401503e-14,11.085958120534329,0.015925229147686317
2025-11-26 00:00:00+00:00,8369.148280131762,0.0,1.9288553770828263,-0.05215233581236356,1.0658141036401503e-14,11.085958120534329,0.015925229147686317
2025-11-28 00:00:00+00:00,8514.119936427574,100.0,1.9392200902124082,-0.047059072083743825,1.0658141036401503e-14,11.21368468095924,0.016143877713187146
2025-12-01 00:00:00+00:00,8407.374835432467,0.0,1.9149072726896237,-0.059006493115197234,1.0658141036401503e-14,11.21368468095924,0.016143877713187146
2025-12-02 00:00:00+00:00,8499.849480034412,0.0,1.9359697770924673,-0.048656289653924545,1.0658141036401503e-14,11.21368468095924,0.016143877713187146
2025-12-03 00:00:00+00:00,8559.15020439593,0.0,1.9494764174621888,-0.04201906963340396,1.0658141036401503e-14,11.21368468095924,0.016143877713187146
2025-12-04 00:00:00+00:00,8543.268710435157,0.0,1.9458591660749316,-0.04379660221512427,1.0658141036401503e-14,11.21368468095924,0.016143877713187146
2025-12-05 00:00:00+00:00,8512.137159525299,0.0,1.9387684826672935,-0.0472809939353519,1.0658141036401503e-14,11.21368468095924,0.016143877713187146
2025-12-08 00:00:00+00:00,8512.224028873214,0.0,1.9387882684802678,-0.04727127110344098,1.0658141036401503e-14,11.21368468095924,0.016143877713187146
2025-12-09 00:00:00+00:00,8539.510561915427,0.0,1.945003190687472,-0.04421723212924089,1.0658141036401503e-14,11.21368468095924,0.016143877713187146
2025-12-10 00:00:00+00:00,8574.327788928862,0.0,1.9529333427894013,-0.04032032195351054,1.0658141036401503e-14,11.21368468095924,0.016143877713187146
2025-12-11 00:00:00+00:00,8599.748812724294,0.0,1.9587233669405708,-0.03747507967537966,1.0658141036401503e-14,11.21368468095924,0.016143877713187146
2025-12-12 00:00:00+00:00,8486.804849795535,0.0,1.932998664491576,-0.0501163069119589,1.0658141036401503e-14,11.21368468095924,0.016143877713187146
2025-12-15 00:00:00+00:00,8414.666992909655,0.0,1.9165681722759984,-0.05819032005624225,1.0658141036401503e-14,11.21368468095924,0.016143877713187146
2025-12-16 00:00:00+00:00,8418.15042264397,0.0,1.9173615762888694,-0.05780043797939405,1.0658141036401503e-14,11.21368468095924,0.016143877713187146
2025-12-17 00:00:00+00:00,8315.068235061683,0.0,1.8938830429119373,-0.0693378882643052,1.0658141036401503e-14,11.21368468095924,0.016143877713187146
2025-12-18 00:00:00+00:00,8355.590473914232,0.0,1.903112598082641,-0.06480244594240692,1.0658141036401503e-14,11.21368468095924,0.016143877713187146
2025-12-19 00:00:00+00:00,8460.131939757292,0.0,1.92692350424051,-0.05310166627168822,1.0658141036401503e-14,11.21368468095924,0.016143877713187146
2025-12-22 00:00:00+00:00,8512.13628631648,0.0,1.9387682837807263,-0.04728109166904948,1.0658141036401503e-14,11.245221110174901,0.016143877713187146
2025-12-23 00:00:00+00:00,8526.877325390245,0.0,1.9421257792512974,-0.045631204239897416,1.0658141036401503e-14,11.245221110174901,0.016143877713187146
2025-12-24 00:00:00+00:00,8553.566336299198,0.0,1.9482046067201355,-0.04264404279389411,1.0658141036401503e-14,11.245221110174901,0.016143877713187146
2025-12-26 00:00:00+00:00,8549.399662078402,0.0,1.9472555834013816,-0.04311039685373086,1.0658141036401503e-14,11.245221110174901,0.016143877713187146
2025-12-29 00:00:00+00:00,8621.87795024903,100.0,1.9409870956545496,-0.04619075815993179,1.0658141036401503e-14,11.371680101144385,0.016370931944518264
2025-12-30 00:00:00+00:00,8632.307688362283,0.0,1.9433350745062214,-0.04503695145334241,1.0658141036401503e-14,11.371680101144385,0.016370931944518264
2025-12-31 00:00:00+00:00,8565.338772492205,0.0,1.9282587996779466,-0.05244549646424068,0.0,10.93117653156167,0.019510607679812945
2026-01-02 00:00:00+00:00,8623.91788930396,0.0,1.9414463338163968,-0.04596508659109133,0.0,10.93117653156167,0.019510607679812945
2026-01-05 00:00:00+00:00,8744.79188790251,0.0,1.9686579080040332,-0.03259320431361967,0.0,10.93117653156167,0.019510607679812945
2026-01-06 00:00:00+00:00,8783.603684593723,0.0,1.9773953544132161,-0.028299586311821168,0.0,10.93117653156167,0.019510607679812945
2026-01-07 00:00:00+00:00,8714.794502776123,0.0,1.9619047925262143,-0.03591171372997659,0.0,10.93117653156167,0.019510607679812945
2026-01-08 00:00:00+00:00,8708.437956126874,0.0,1.960473784677308,-0.0366149170199358,0.0,10.93117653156167,0.019510607679812945
2026-01-09 00:00:00+00:00,8745.945745537205,0.0,1.9689176684404595,-0.03246555694003206,0.0,10.93117653156167,0.019510607679812945
2026-01-12 00:00:00+00:00,8769.982744546378,0.0,1.974328961103645,-0.02980642491179608,0.0,10.93117653156167,0.019510607679812945
2026-01-13 00:00:00+00:00,8836.003683593965,0.0,1.9891918240986681,-0.022502751375483743,0.0,10.93117653156167,0.019510607679812945
2026-01-14 00:00:00+00:00,8832.229370389303,0.0,1.988342137607224,-0.022920290899585027,0.0,10.93117653156167,0.019510607679812945
2026-01-15 00:00:00+00:00,8824.313348629772,0.0,1.9865600553076563,-0.023796013654698855,0.0,10.93117653156167,0.019510607679812945
2026-01-16 00:00:00+00:00,8817.468983738408,0.0,1.9850192281225876,-0.024553182629437176,0.0,10.93117653156167,0.019510607679812945
2026-01-20 00:00:00+00:00,8537.040037946543,0.0,1.9218880903158526,-0.05557608990313889,0.0,10.93117653156167,0.019510607679812945
2026-01-21 00:00:00+00:00,8635.127398211598,0.0,1.943969857376333,-0.04472501647477933,0.0,10.93117653156167,0.019510607679812945
2026-01-22 00:00:00+00:00,8673.029100405041,0.0,1.9525024201527164,-0.04053207915391044,0.0,10.93117653156167,0.019510607679812945
2026-01-23 00:00:00+00:00,8676.66314186897,0.0,1.953320528182923,-0.0401300574187935,0.0,10.93117653156167,0.019510607679812945
2026-01-26 00:00:00+00:00,8687.848474029674,0.0,1.9558386089896582,-0.0388926618943507,0.0,10.93117653156167,0.019510607679812945
2026-01-27 00:00:00+00:00,8834.289830095731,100.0,1.9662936482918918,-0.03375501150368254,-3.552713678800501e-15,11.056423265670885,0.019736648370264048
2026-01-28 00:00:00+00:00,8834.170822821194,0.0,1.9662671602263513,-0.033768027850760496,-3.552713678800501e-15,11.056423265670885,0.019736648370264048
2026-01-29 00:00:00+00:00,8727.693720186347,0.0,1.9425679999513308,-0.04541389512353633,-3.552713678800501e-15,11.056423265670885,0.019736648370264048
2026-01-30 00:00:00+00:00,8697.33727272128,0.0,1.9358114081954294,-0.04873411279759865,-3.552713678800501e-15,11.056423265670885,0.019736648370264048
2026-02-02 00:00:00+00:00,8626.609093317707,0.0,1.9200690709401222,-0.056469963693202785,-3.552713678800501e-15,11.056423265670885,0.019736648370264048
2026-02-03 00:00:00+00:00,8506.880805636256,0.0,1.893420525769361,-0.06956517113809979,-3.552713678800501e-15,11.056423265670885,0.019736648370264048
2026-02-04 00:00:00+00:00,8419.656261972934,0.0,1.8740065072711145,-0.07910530167597807,-3.552713678800501e-15,11.056423265670885,0.019736648370264048
2026-02-05 00:00:00+00:00,8130.887122682068,0.0,1.809733664141607,-0.1106892477586221,-3.552713678800501e-15,11.056423265670885,0.019736648370264048
2026-02-06 00:00:00+00:00,8416.500088786586,0.0,1.8733040214563426,-0.07945050616697702,-3.552713678800501e-15,11.056423265670885,0.019736648370264048
2026-02-09 00:00:00+00:00,8440.83006424271,0.0,1.8787192701206434,-0.07678943014311479,-3.552713678800501e-15,11.056423265670885,0.019736648370264048
2026-02-10 00:00:00+00:00,8395.446357288954,0.0,1.868617983380525,-0.08175324503336912,-3.552713678800501e-15,11.056423265670885,0.019736648370264048
2026-02-11 00:00:00+00:00,8359.739054140873,0.0,1.8606704239583158,-0.08565870923967289,-3.552713678800501e-15,11.056423265670885,0.019736648370264048
2026-02-12 00:00:00+00:00,8234.729127734516,0.0,1.8328463170981504,-0.09933159265481062,-3.552713678800501e-15,11.056423265670885,0.019736648370264048
2026-02-13 00:00:00+00:00,8290.107578436648,0.0,1.8451721857261967,-0.09327460884618177,-3.552713678800501e-15,11.056423265670885,0.019736648370264048
2026-02-17 00:00:00+00:00,8275.616484603746,0.0,1.8419468279092768,-0.09485956327524858,-3.552713678800501e-15,11.056423265670885,0.019736648370264048
2026-02-18 00:00:00+00:00,8289.978931464299,0.0,1.8451435521031814,-0.09328867952924835,-3.552713678800501e-15,11.056423265670885,0.019736648370264048
2026-02-19 00:00:00+00:00,8282.779196943904,0.0,1.8435410698970156,-0.094076146041286,-3.552713678800501e-15,11.056423265670885,0.019736648370264048
2026-02-20 00:00:00+00:00,8352.480498412498,0.0,1.8590548496112014,-0.08645260928496801,-3.552713678800501e-15,11.056423265670885,0.019736648370264048
2026-02-23 00:00:00+00:00,8215.436065993777,0.0,1.8285521604102315,-0.10144175935505084,-3.552713678800501e-15,11.056423265670885,0.019736648370264048
2026-02-24 00:00:00+00:00,8254.27453458942,0.0,1.837196639545253,-0.09719382586371739,-3.552713678800501e-15,11.056423265670885,0.019736648370264048
2026-02-25 00:00:00+00:00,8390.657563426605,0.0,1.8675521167250706,-0.08227701640146201,-3.552713678800501e-15,11.056423265670885,0.019736648370264048
2026-02-26 00:00:00+00:00,8341.150797136033,0.0,1.8565331393112896,-0.08769178835765945,-3.552713678800501e-15,11.056423265670885,0.019736648370264048
2026-02-27 00:00:00+00:00,8376.948899850533,100.0,1.8422433904725424,-0.09471383118137755,-3.552713678800501e-15,11.183699497668218,0.020032565666526215
2026-03-02 00:00:00+00:00,8438.888515668932,0.0,1.8558650383080555,-0.08802009600730532,-3.552713678800501e-15,11.183699497668218,0.020032565666526215
2026-03-03 00:00:00+00:00,8366.849922200026,0.0,1.840022441646233,-0.09580521479795612,-3.552713678800501e-15,11.183699497668218,0.020032565666526215
2026-03-04 00:00:00+00:00,8503.445591239915,0.0,1.870062313139349,-0.08104349530071242,-3.552713678800501e-15,11.183699497668218,0.020032565666526215
2026-03-05 00:00:00+00:00,8430.17768568074,0.0,1.8539493683949246,-0.08896146427891816,-3.552713678800501e-15,11.183699497668218,0.020032565666526215
2026-03-06 00:00:00+00:00,8280.833858804037,0.0,1.8211059451795355,-0.10510086091202087,-3.552713678800501e-15,11.183699497668218,0.020032565666526215
2026-03-09 00:00:00+00:00,8347.263485547663,0.0,1.8357150280643775,-0.0979218959917667,-3.552713678800501e-15,11.183699497668218,0.020032565666526215
2026-03-10 00:00:00+00:00,8365.5638749465,0.0,1.8397396164695523,-0.09594419628214368,-3.552713678800501e-15,11.183699497668218,0.020032565666526215
2026-03-11 00:00:00+00:00,8362.719643240176,0.0,1.8391141181974977,-0.09625156877007846,-3.552713678800501e-15,11.183699497668218,0.020032565666526215
2026-03-12 00:00:00+00:00,8263.139968076535,0.0,1.8172147368608282,-0.10701301708483468,-3.552713678800501e-15,11.183699497668218,0.020032565666526215
2026-03-13 00:00:00+00:00,8232.78940976144,0.0,1.8105400971893206,-0.11029296315912296,-3.552713678800501e-15,11.183699497668218,0.020032565666526215
2026-03-16 00:00:00+00:00,8380.232163161658,0.0,1.8429654397778936,-0.09435901310862982,-3.552713678800501e-15,11.183699497668218,0.020032565666526215
2026-03-17 00:00:00+00:00,8379.706490687473,0.0,1.8428498348419322,-0.09441582186154185,-3.552713678800501e-15,11.183699497668218,0.020032565666526215
2026-03-18 00:00:00+00:00,8231.190091454177,0.0,1.8101883780113666,-0.11046579944598756,-3.552713678800501e-15,11.183699497668218,0.020032565666526215
2026-03-19 00:00:00+00:00,8186.58698727037,0.0,1.8003793443334075,-0.11528599994938282,-3.552713678800501e-15,11.183699497668218,0.020032565666526215
2026-03-20 00:00:00+00:00,8099.692106555435,0.0,1.7812695799577594,-0.12467661872870694,-3.552713678800501e-15,11.183699497668218,0.020032565666526215
2026-03-23 00:00:00+00:00,8180.201603180858,0.0,1.7989750822595703,-0.11597606025271512,-3.552713678800501e-15,11.183699497668218,0.020032565666526215
2026-03-24 00:00:00+00:00,8150.269430671398,0.0,1.792392453234697,-0.11921079190733819,-3.552713678800501e-15,11.183699497668218,0.020032565666526215
2026-03-25 00:00:00+00:00,8202.57315940485,0.0,1.8038949942801592,-0.11355839474386986,-3.552713678800501e-15,11.183699497668218,0.020032565666526215
2026-03-26 00:00:00+00:00,8032.053884418467,0.0,1.7663947049686843,-0.1319861950095378,-3.552713678800501e-15,11.183699497668218,0.020032565666526215
2026-03-27 00:00:00+00:00,7969.078340302863,100.0,1.7305534192517575,-0.14959875391462774,-3.552713678800501e-15,11.35498200999098,0.02032274214150197
2026-03-30 00:00:00+00:00,7953.955425304559,0.0,1.7272693491069064,-0.15121255982916615,-3.552713678800501e-15,11.35498200999098,0.02032274214150197
2026-03-31 00:00:00+00:00,8172.897379376658,0.0,1.7748144642453694,-0.12784868980399056,-3.552713678800501e-15,11.35498200999098,0.02032274214150197
2026-04-01 00:00:00+00:00,8223.36729702446,0.0,1.7857744378866174,-0.12246291255037067,-3.552713678800501e-15,11.35498200999098,0.02032274214150197
2026-04-02 00:00:00+00:00,8206.572493727805,0.0,1.7821273029194908,-0.1242551300492255,-3.552713678800501e-15,11.35498200999098,0.02032274214150197
2026-04-06 00:00:00+00:00,8276.667131669885,0.0,1.7973489521720027,-0.11677514743337103,-3.552713678800501e-15,11.35498200999098,0.02032274214150197
2026-04-07 00:00:00+00:00,8343.270674123592,0.0,1.8118124802245033,-0.10966770877137633,-3.552713678800501e-15,11.35498200999098,0.02032274214150197
2026-04-08 00:00:00+00:00,8499.640383492391,0.0,1.8457694980451227,-0.09298108705444386,-3.552713678800501e-15,11.35498200999098,0.02032274214150197
2026-04-09 00:00:00+00:00,8556.019259056442,0.0,1.8580126523616645,-0.08696474940720489,-3.552713678800501e-15,11.35498200999098,0.02032274214150197
2026-04-10 00:00:00+00:00,8575.123901488132,0.0,1.8621613886234898,-0.084926042917427,-3.552713678800501e-15,11.35498200999098,0.02032274214150197
2026-04-13 00:00:00+00:00,8674.191874800385,0.0,1.8836748450901941,-0.0743542397107978,-3.552713678800501e-15,11.35498200999098,0.02032274214150197
2026-04-14 00:00:00+00:00,8755.009141277602,0.0,1.901225004702681,-0.06573001728725136,-3.552713678800501e-15,11.35498200999098,0.02032274214150197
2026-04-15 00:00:00+00:00,8826.707310707037,0.0,1.9167948745121783,-0.0580789176216262,-3.552713678800501e-15,11.35498200999098,0.02032274214150197
2026-04-16 00:00:00+00:00,8849.714955460444,0.0,1.9217911810606498,-0.05562371151970669,-3.552713678800501e-15,11.35498200999098,0.02032274214150197
2026-04-17 00:00:00+00:00,8978.619538811752,0.0,1.9497839122084466,-0.0418679654187214,-3.552713678800501e-15,11.35498200999098,0.02032274214150197
2026-04-20 00:00:00+00:00,8939.52145586091,0.0,1.9412934295895747,-0.04604022437278277,-3.552713678800501e-15,11.35498200999098,0.02032274214150197
2026-04-21 00:00:00+00:00,8900.871998491677,0.0,1.9329003698471092,-0.05016460931465172,-3.552713678800501e-15,11.35498200999098,0.02032274214150197
2026-04-22 00:00:00+00:00,9013.818745702134,0.0,1.9574277205935433,-0.03811176575264308,-3.552713678800501e-15,11.35498200999098,0.02032274214150197
2026-04-23 00:00:00+00:00,8985.452170510473,0.0,1.951267676533978,-0.04113883737373181,-3.552713678800501e-15,11.35498200999098,0.02032274214150197
2026-04-24 00:00:00+00:00,9027.372116166245,0.0,1.9603709507385438,-0.03666545005098354,-3.552713678800501e-15,11.35498200999098,0.02032274214150197
2026-04-27 00:00:00+00:00,9138.124727965695,100.0,1.962705972220428,-0.03551801065053495,0.0,11.476933631980708,0.020576627940926677
2026-04-28 00:00:00+00:00,9079.775372329437,0.0,1.9501735728286778,-0.041676484547163994,0.0,11.476933631980708,0.020576627940926677
2026-04-29 00:00:00+00:00,9067.965924750482,0.0,1.9476371144215274,-0.04292291090192912,0.0,11.476933631980708,0.020576627940926677
2026-04-30 00:00:00+00:00,9152.387784069731,0.0,1.9657694219139783,-0.03401261855588267,0.0,11.476933631980708,0.020576627940926677
2026-05-01 00:00:00+00:00,9213.430925268127,0.0,1.9788803983297991,-0.027569829470394214,0.0,11.476933631980708,0.020576627940926677
2026-05-04 00:00:00+00:00,9219.42371889973,0.0,1.9801675433624157,-0.026937320974873225,0.0,11.476933631980708,0.020576627940926677
2026-05-05 00:00:00+00:00,9300.366728763967,0.0,1.9975526561289167,-0.018394203267267595,0.0,11.476933631980708,0.020576627940926677
2026-05-06 00:00:00+00:00,9418.932865823039,0.0,2.0230185446166034,-0.00588015830241273,0.0,11.476933631980708,0.020576627940926677
2026-05-07 00:00:00+00:00,9364.950639894085,0.0,2.0114241266831003,-0.01157770415600945,0.0,11.476933631980708,0.020576627940926677
2026-05-08 00:00:00+00:00,9431.925102321682,0.0,2.0258090449574824,-0.00450889467039417,0.0,11.476933631980708,0.020576627940926677
2026-05-11 00:00:00+00:00,9480.855767442743,0.0,2.0363184778572023,0.0,0.0,11.476933631980708,0.020576627940926677
2026-05-12 00:00:00+00:00,9445.56107478784,0.0,2.0287378082861838,-0.0037227327912849884,0.0,11.476933631980708,0.020576627940926677
2026-05-13 00:00:00+00:00,9463.980923421717,0.0,2.0326940627691705,-0.0017798861658642195,0.0,11.476933631980708,0.020576627940926677
2026-05-14 00:00:00+00:00,9561.590120685558,0.0,2.053658774908313,0.0,0.0,11.476933631980708,0.020576627940926677
2026-05-15 00:00:00+00:00,9425.770874295373,0.0,2.024487226700321,-0.014204671469482344,0.0,11.476933631980708,0.020576627940926677
2026-05-18 00:00:00+00:00,9376.243841833626,0.0,2.0138497047477544,-0.019384461842905765,0.0,11.476933631980708,0.020576627940926677
2026-05-19 00:00:00+00:00,9323.216697597085,0.0,2.002460421302723,-0.024930311807946692,0.0,11.476933631980708,0.020576627940926677
2026-05-20 00:00:00+00:00,9418.097038248265,0.0,2.02283902378256,-0.015007240493070118,0.0,11.476933631980708,0.020576627940926677
2026-05-21 00:00:00+00:00,9433.975038743261,0.0,2.026249334686183,-0.013346637989241183,0.0,11.476933631980708,0.020576627940926677
2026-05-22 00:00:00+00:00,9422.360037748005,0.0,2.0237546399321302,-0.014561394201194844,0.0,11.476933631980708,0.020576627940926677
2026-05-26 00:00:00+00:00,9481.58254072385,0.0,2.0364745757768237,-0.008367601931463353,0.0,11.476933631980708,0.020576627940926677
2026-05-27 00:00:00+00:00,9550.034965417582,100.0,2.0296987200836756,-0.011667008715071092,0.0,11.59275728918855,0.020839633766456513
2026-05-28 00:00:00+00:00,9578.492157739276,0.0,2.0357468159327143,-0.008721974260986198,0.0,11.59275728918855,0.020839633766456513
2026-05-29 00:00:00+00:00,9593.542518455977,0.0,2.038945516041573,-0.007164412631011197,0.0,11.59275728918855,0.020839633766456513
2026-06-01 00:00:00+00:00,9571.76498141669,0.0,2.034317068165175,-0.009418169648948371,0.0,11.59275728918855,0.020839633766456513
2026-06-02 00:00:00+00:00,9486.029951893459,0.0,2.016095534912178,-0.01829088671160184,0.0,11.59275728918855,0.020839633766456513
2026-06-03 00:00:00+00:00,9374.66561280515,0.0,1.992426924553261,-0.029815980679548715,0.0,11.59275728918855,0.020839633766456513
2026-06-04 00:00:00+00:00,9400.615273120084,0.0,1.9979420868033002,-0.027130450679422324,0.0,11.59275728918855,0.020839633766456513
2026-06-05 00:00:00+00:00,9132.283915942475,0.0,1.9409127864715296,-0.05490005925732089,0.0,11.59275728918855,0.020839633766456513
2026-06-08 00:00:00+00:00,9194.05420171001,0.0,1.95404101798226,-0.048507453206534046,0.0,11.59275728918855,0.020839633766456513
2026-06-09 00:00:00+00:00,9142.842207286441,0.0,1.9431567730647434,-0.05380738182685829,0.0,11.59275728918855,0.020839633766456513
2026-06-10 00:00:00+00:00,9014.81525396539,0.0,1.9159468053281918,-0.06705688951966693,0.0,11.59275728918855,0.020839633766456513
2026-06-11 00:00:00+00:00,9188.498105874574,0.0,1.9528601636035392,-0.04908245349049001,0.0,11.59275728918855,0.020839633766456513
2026-06-12 00:00:00+00:00,9230.664956629775,0.0,1.9618220159232125,-0.04471860666784855,0.0,11.59275728918855,0.020839633766456513
2026-06-15 00:00:00+00:00,9425.669439748206,0.0,2.0032669269868184,-0.024537595309008675,0.0,11.59275728918855,0.020839633766456513
2026-06-16 00:00:00+00:00,9364.747496226171,0.0,1.9903189962997105,-0.030842406432115443,0.0,11.59275728918855,0.020839633766456513
2026-06-17 00:00:00+00:00,9243.77301491982,0.0,1.96460791243882,-0.04336205389012049,0.0,11.59275728918855,0.020839633766456513
2026-06-18 00:00:00+00:00,9289.11408932844,0.0,1.9742443924127309,-0.03866970670389369,0.0,11.59275728918855,0.020839633766456513
2026-06-22 00:00:00+00:00,9287.944338237148,0.0,1.9739957815645606,-0.038790764228740504,0.0,11.59275728918855,0.020839633766456513
2026-06-23 00:00:00+00:00,9148.010928265914,0.0,1.9442552974570095,-0.05327247096158316,0.0,11.59275728918855,0.020839633766456513
2026-06-24 00:00:00+00:00,9105.953115523105,0.0,1.935316619326226,-0.0576250334417755,0.0,11.59275728918855,0.020839633766456513
2026-06-25 00:00:00+00:00,9079.427089309096,0.0,1.9296789602338305,-0.060370211541115326,0.0,11.59275728918855,0.020839633766456513
2026-06-26 00:00:00+00:00,9045.311587616758,0.0,1.9224282862446045,-0.06390082435655231,0.0,11.62669186651882,0.020839633766456513
2026-06-29 00:00:00+00:00,9274.325627012877,100.0,1.9498480424636517,-0.05054916313899127,-3.552713678800501e-15,11.744799457233883,0.021174830765475744
2026-06-30 00:00:00+00:00,9307.814028147895,0.0,1.9568886938300611,-0.04712081785961364,-3.552713678800501e-15,11.744799457233883,0.021174830765475744
2026-07-01 00:00:00+00:00,9321.588277822455,0.0,1.9597846126110579,-0.04571069130091798,-3.552713678800501e-15,11.744799457233883,0.021174830765475744
2026-07-02 00:00:00+00:00,9346.831042214739,0.0,1.9650916890192127,-0.04312648574885791,-3.552713678800501e-15,11.744799457233883,0.021174830765475744
2026-07-06 00:00:00+00:00,9467.272336534077,0.0,1.9904134462450251,-0.030796415371444286,-3.552713678800501e-15,11.744799457233883,0.021174830765475744
2026-07-07 00:00:00+00:00,9411.338575951555,0.0,1.9786538490553598,-0.03652258435985889,-3.552713678800501e-15,11.744799457233883,0.021174830765475744
2026-07-08 00:00:00+00:00,9367.221484445576,0.0,1.9693786059841467,-0.04103903236209683,-3.552713678800501e-15,11.744799457233883,0.021174830765475744
2026-07-09 00:00:00+00:00,9450.900086417903,0.0,1.9869713199790715,-0.032472509914515335,-3.552713678800501e-15,11.744799457233883,0.021174830765475744
2026-07-10 00:00:00+00:00,9507.860114018144,0.0,1.9989466810761105,-0.02664127775299241,-3.552713678800501e-15,11.744799457233883,0.021174830765475744
2026-07-13 00:00:00+00:00,9406.217338152692,0.0,1.9775771523877312,-0.037046866524346744,-3.552713678800501e-15,11.744799457233883,0.021174830765475744
2026-07-14 00:00:00+00:00,9494.126173707326,0.0,1.9960592369958248,-0.028047277676428894,-3.552713678800501e-15,11.744799457233883,0.021174830765475744
2026-07-15 00:00:00+00:00,9519.74513343063,0.0,2.0014454052710624,-0.025424559461968865,-3.552713678800501e-15,11.744799457233883,0.021174830765475744
2026-07-16 00:00:00+00:00,9457.149580141862,0.0,1.988285222853967,-0.03183272355324207,-3.552713678800501e-15,11.744799457233883,0.021174830765475744
2026-07-17 00:00:00+00:00,9377.436938002715,0.0,1.971526318165316,-0.039993234390491184,-3.552713678800501e-15,11.744799457233883,0.021174830765475744
2026-07-20 00:00:00+00:00,9394.194018484337,0.0,1.97504935174086,-0.03827774318105137,-3.552713678800501e-15,11.744799457233883,0.021174830765475744
2026-07-21 00:00:00+00:00,9488.210627047398,0.0,1.9948155436493924,-0.0286528765040569,-3.552713678800501e-15,11.744799457233883,0.021174830765475744
2026-07-22 00:00:00+00:00,9468.992707999132,0.0,1.990775139705914,-0.030620293872922755,-3.552713678800501e-15,11.744799457233883,0.021174830765475744
2026-07-23 00:00:00+00:00,9348.598032430269,0.0,1.9654631836756828,-0.04294559169722234,-3.552713678800501e-15,11.744799457233883,0.021174830765475744
2026-07-24 00:00:00+00:00,9334.516536935125,0.0,1.9625026690754412,-0.04438717227351541,-3.552713678800501e-15,11.744799457233883,0.021174830765475744
2026-07-27 00:00:00+00:00,9427.178986759533,100.0,1.960960011590493,-0.04513834744623468,-3.552713678800501e-15,11.861582264036969,0.021480182982028324
2026-07-28 00:00:00+00:00,9450.168953814955,0.0,1.9657421851470558,-0.04280973588963555,-3.552713678800501e-15,11.861582264036969,0.021480182982028324
2026-07-29 00:00:00+00:00,9329.126956104448,0.0,1.940564078571727,-0.05506985762113048,-3.552713678800501e-15,11.861582264036969,0.021480182982028324
2026-07-30 00:00:00+00:00,9478.594854977218,0.0,1.971655094571064,-0.03993052854698809,-3.552713678800501e-15,11.861582264036969,0.021480182982028324
2026-07-31 00:00:00+00:00,9495.598631352823,0.0,1.975192072660206,-0.03820824725451788,-3.552713678800501e-15,11.861582264036969,0.021480182982028324
2026-08-03 00:00:00+00:00,9624.827111693783,0.0,2.0020730603515555,-0.025118931726649918,-3.552713678800501e-15,11.861582264036969,0.021480182982028324
2026-08-04 00:00:00+00:00,9786.645232705307,0.0,2.035733062447621,-0.008728671325397008,-3.552713678800501e-15,11.861582264036969,0.021480182982028324
2026-08-05 00:00:00+00:00,9782.276583007508,0.0,2.0348243338264647,-0.009171163833041951,-3.552713678800501e-15,11.861582264036969,0.021480182982028324
2026-08-06 00:00:00+00:00,9760.70462418034,0.0,2.0303371220432616,-0.011356147939470929,-3.552713678800501e-15,11.861582264036969,0.021480182982028324
2026-08-07 00:00:00+00:00,9824.707131850706,0.0,2.043650368599774,-0.004873451437416132,-3.552713678800501e-15,11.861582264036969,0.021480182982028324
2026-08-10 00:00:00+00:00,9803.520956100054,0.0,2.039243404066279,-0.007019360284269971,-3.552713678800501e-15,11.861582264036969,0.021480182982028324
2026-08-11 00:00:00+00:00,9769.12174514607,0.0,2.032087978545477,-0.010503593209538531,-3.552713678800501e-15,11.861582264036969,0.021480182982028324
2026-08-12 00:00:00+00:00,9787.301677348461,0.0,2.0358696103689935,-0.008662181252634737,-3.552713678800501e-15,11.861582264036969,0.021480182982028324
2026-08-13 00:00:00+00:00,9844.233530159574,0.0,2.0477120806249576,-0.0028956584005154218,-3.552713678800501e-15,11.861582264036969,0.021480182982028324
2026-08-14 00:00:00+00:00,9818.730924077903,0.0,2.0424072496900894,-0.005478770551220702,-3.552713678800501e-15,11.861582264036969,0.021480182982028324
2026-08-17 00:00:00+00:00,9811.087350892087,0.0,2.040817299888128,-0.006252974046653925,-3.552713678800501e-15,11.861582264036969,0.021480182982028324
2026-08-18 00:00:00+00:00,9757.473994240314,0.0,2.0296651144221554,-0.011683372515099988,-3.552713678800501e-15,11.861582264036969,0.021480182982028324
2026-08-19 00:00:00+00:00,9874.39509449088,0.0,2.0539860276481097,0.0,-3.552713678800501e-15,11.861582264036969,0.021480182982028324
2026-08-20 00:00:00+00:00,9883.68136720262,0.0,2.0559176775584405,0.0,-3.552713678800501e-15,11.861582264036969,0.021480182982028324
2026-08-21 00:00:00+00:00,10029.82927387708,0.0,2.086318097574735,0.0,-3.552713678800501e-15,11.861582264036969,0.021480182982028324
2026-08-24 00:00:00+00:00,10021.593004622684,0.0,2.0846048602769978,-0.0008211774128444871,-3.552713678800501e-15,11.861582264036969,0.021480182982028324
2026-08-25 00:00:00+00:00,10037.826243978447,0.0,2.0879815579380834,0.0,-3.552713678800501e-15,11.861582264036969,0.021480182982028324
2026-08-26 00:00:00+00:00,10050.370840260894,0.0,2.0905909760583903,0.0,-3.552713678800501e-15,11.861582264036969,0.021480182982028324
2026-08-27 00:00:00+00:00,10231.179066717672,100.0,2.10740000248208,0.0,-3.552713678800501e-15,11.974777552744348,0.021732892261992116
2026-08-28 00:00:00+00:00,10160.857582153956,0.0,2.0929153086088,-0.006873253229676468,-3.552713678800501e-15,11.974777552744348,0.021732892261992116
2026-08-31 00:00:00+00:00,10148.699658532321,0.0,2.0904110412019516,-0.008061574100844182,-3.552713678800501e-15,11.974777552744348,0.021732892261992116
2026-09-01 00:00:00+00:00,10068.670668512219,0.0,2.0739268126817376,-0.01588364323854885,-3.552713678800501e-15,11.974777552744348,0.021732892261992116
2026-09-02 00:00:00+00:00,10104.000383247294,0.0,2.081203964262692,-0.012430501180855424,-3.552713678800501e-15,11.974777552744348,0.021732892261992116
2026-09-03 00:00:00+00:00,10276.9540975887,0.0,2.116828661636823,0.0,-3.552713678800501e-15,11.974777552744348,0.021732892261992116
2026-09-04 00:00:00+00:00,10209.521187035858,0.0,2.102938951082473,-0.006561565801745051,-3.552713678800501e-15,11.974777552744348,0.021732892261992116
2026-09-08 00:00:00+00:00,10136.153080289114,0.0,2.0878267194098634,-0.013700656435998049,-3.552713678800501e-15,11.974777552744348,0.021732892261992116
2026-09-09 00:00:00+00:00,10094.587550003158,0.0,2.0792651256720758,-0.017745194330325065,-3.552713678800501e-15,11.974777552744348,0.021732892261992116
2026-09-10 00:00:00+00:00,10006.28852451799,0.0,2.0610774500079936,-0.026337139438446622,-3.552713678800501e-15,11.974777552744348,0.021732892261992116
2026-09-11 00:00:00+00:00,10091.337535412993,0.0,2.0785956934677605,-0.01806143731042409,-3.552713678800501e-15,11.974777552744348,0.021732892261992116
2026-09-14 00:00:00+00:00,10073.239619614398,0.0,2.0748679170746223,-0.01982245673570715,-3.552713678800501e-15,11.974777552744348,0.021732892261992116
2026-09-15 00:00:00+00:00,9980.813466275033,0.0,2.055830142981663,-0.02881599241385624,-3.552713678800501e-15,11.974777552744348,0.021732892261992116
2026-09-16 00:00:00+00:00,9957.571795710784,0.0,2.0510428651630077,-0.031077525387882332,-3.552713678800501e-15,11.974777552744348,0.021732892261992116
2026-09-17 00:00:00+00:00,10055.440953113944,0.0,2.071201779517784,-0.021554357679453573,-3.552713678800501e-15,11.974777552744348,0.021732892261992116
2026-09-18 00:00:00+00:00,10161.499823407903,0.0,2.093047596315949,-0.011234289176000445,-3.552713678800501e-15,11.974777552744348,0.021732892261992116
2026-09-21 00:00:00+00:00,10417.885071778872,0.0,2.1458573721521454,0.0,-3.552713678800501e-15,11.974777552744348,0.021732892261992116
2026-09-22 00:00:00+00:00,10408.943290586598,0.0,2.144015560022389,-0.0008583106005359831,-3.552713678800501e-15,11.974777552744348,0.021732892261992116
2026-09-23 00:00:00+00:00,10307.556544292605,0.0,2.1231320989864404,-0.010590299924227109,-3.552713678800501e-15,11.974777552744348,0.021732892261992116
2026-09-24 00:00:00+00:00,10300.526633743624,0.0,2.121684090559282,-0.011265092408550559,-3.552713678800501e-15,11.974777552744348,0.021732892261992116
2026-09-25 00:00:00+00:00,10339.28815861977,0.0,2.129668120267639,-0.007544421215781805,-3.552713678800501e-15,11.974777552744348,0.021732892261992116
