date,equity,deposit,twr,drawdown,cash,VTI_units
2021-09-27 00:00:00+00:00,99.94130182246981,100.0,1.0,0.0,0.0,0.4361582518218985
2021-09-28 00:00:00+00:00,97.84774221372471,0.0,0.9790521078816445,-0.02094789211835546,0.0,0.4361582518218985
2021-09-29 00:00:00+00:00,97.913165951498,0.0,0.9797067295103431,-0.0202932704896569,0.0,0.4361582518218985
2021-09-30 00:00:00+00:00,96.85330139957078,0.0,0.9691018591254255,-0.030898140874574542,0.0,0.4361582518218985
2021-10-01 00:00:00+00:00,98.18794565014579,0.0,0.9824561403508771,-0.01754385964912286,0.0,0.4361582518218985
2021-10-04 00:00:00+00:00,96.70936917646955,0.0,0.9676616915422884,-0.03233830845771157,0.0,0.4361582518218985
2021-10-05 00:00:00+00:00,97.61221675774088,0.0,0.9766954700183293,-0.023304529981670652,0.0,0.4361582518218985
2021-10-06 00:00:00+00:00,98.01784393193525,0.0,0.9807541241162608,-0.01924587588373916,0.0,0.4361582518218985
2021-10-07 00:00:00+00:00,98.95994575587055,0.0,0.9901806755695209,-0.00981932443047906,0.0,0.4361582518218985
2021-10-08 00:00:00+00:00,98.74186662995959,0.0,0.9879986034738588,-0.012001396526141184,0.0,0.4361582518218985
2021-10-11 00:00:00+00:00,98.0309286794899,0.0,0.9808850484420008,-0.01911495155799925,0.0,0.4361582518218985
2021-10-12 00:00:00+00:00,97.9611433591984,0.0,0.9801867853713889,-0.019813214628611076,0.0,0.4361582518218985
2021-10-13 00:00:00+00:00,98.40602477605674,0.0,0.9846382124465396,-0.015361787553460404,0.0,0.4361582518218985
2021-10-14 00:00:00+00:00,100.04161822038886,0.0,1.001003753164005,0.0,0.0,0.4361582518218985
2021-10-15 00:00:00+00:00,100.63479344286664,0.0,1.0069389892642058,0.0,0.0,0.4361582518218985
2021-10-18 00:00:00+00:00,101.00116637439703,0.0,1.010604870384918,0.0,0.0,0.4361582518218985
2021-10-19 00:00:00+00:00,101.73827381997604,0.0,1.0179802740682558,0.0,0.0,0.4361582518218985
2021-10-20 00:00:00+00:00,102.13517782913397,0.0,1.0219516452823605,0.0,0.0,0.4361582518218985
2021-10-21 00:00:00+00:00,102.41431911029999,0.0,1.024744697564808,0.0,0.0,0.4361582518218985
2021-10-22 00:00:00+00:00,102.21804789698014,0.0,1.0227808326787122,-0.0019164430816404066,0.0,0.4361582518218985
2021-10-25 00:00:00+00:00,102.84611577960366,0.0,1.0290652003142189,0.0,0.0,0.4361582518218985
2021-10-26 00:00:00+00:00,102.80686153693969,0.0,1.0286724273369996,-0.0003816793893131054,0.0,0.4361582518218985
2021-10-27 00:00:00+00:00,201.22898841460838,100.0,1.012884428846304,-0.01572375731195097,0.0,0.8595855976702622
2021-10-28 00:00:00+00:00,203.37795240878404,0.0,1.0237012211236032,-0.00521247748828535,0.0,0.8595855976702622
2021-10-29 00:00:00+00:00,203.64442394406183,0.0,1.0250425033659885,-0.003909078790150677,0.0,0.8595855976702622
2021-11-01 00:00:00+00:00,204.65873494931273,0.0,1.0301480293208736,0.0,0.0,0.8595855976702622
2021-11-02 00:00:00+00:00,205.29482829158874,0.0,1.0333497998349543,0.0,0.0,0.8595855976702622
2021-11-03 00:00:00+00:00,206.74752795165148,0.0,1.0406619514144086,0.0,0.0,0.8595855976702622
2021-11-04 00:00:00+00:00,207.52975084553142,0.0,1.0445992638033454,0.0,0.0,0.8595855976702622
2021-11-05 00:00:00+00:00,208.32916545136476,0.0,1.0486231105305008,0.0,0.0,0.8595855976702622
2021-11-08 00:00:00+00:00,208.67299969043285,0.0,1.0503537972948687,0.0,0.0,0.8595855976702622
2021-11-09 00:00:00+00:00,208.07128977206366,0.0,1.0473250954572249,-0.0028835063437139263,0.0,0.8595855976702622
2021-11-10 00:00:00+00:00,206.02547604960844,0.0,1.0370275092092358,-0.012687427912341565,0.0,0.8595855976702622
2021-11-11 00:00:00+00:00,206.27475587293281,0.0,1.0382822571134027,-0.011492832427088429,0.0,0.8595855976702622
2021-11-12 00:00:00+00:00,207.80481823678588,0.0,1.0459838132148398,-0.004160487724501505,0.0,0.8595855976702622
2021-11-15 00:00:00+00:00,207.80481823678588,0.0,1.0459838132148398,-0.004160487724501505,0.0,0.8595855976702622
2021-11-16 00:00:00+00:00,208.69878725836296,0.0,1.0504835988021963,0.0,0.0,0.8595855976702622
2021-11-17 00:00:00+00:00,207.83920166069268,0.0,1.0461568818912765,-0.004118785781951573,0.0,0.8595855976702622
2021-11-18 00:00:00+00:00,208.16584418780738,0.0,1.047801034317426,-0.002553647184809993,0.0,0.8595855976702622
2021-11-19 00:00:00+00:00,207.57273012541492,0.0,1.0448155996488915,-0.005395609374356458,0.0,0.8595855976702622
2021-11-22 00:00:00+00:00,206.5756108321174,0.0,1.0397966080322245,-0.01017340088142027,0.0,0.8595855976702622
2021-11-23 00:00:00+00:00,206.64437767993104,0.0,1.0401427453850982,-0.009843898018864095,0.0,0.8595855976702622
2021-11-24 00:00:00+00:00,207.34064201404396,0.0,1.0436473860829434,-0.006507681535483201,0.0,0.8595855976702622
2021-11-26 00:00:00+00:00,202.8536051942052,0.0,1.0210619238079426,-0.02800774331726985,0.0,0.8595855976702622
2021-11-29 00:00:00+00:00,304.59874974750863,100.0,1.0298460943096845,-0.01964571794937442,0.0,1.2786984163028783
2021-11-30 00:00:00+00:00,298.5121452859069,0.0,1.009267330156567,-0.039235518472278574,0.0,1.2786984163028783
2021-12-01 00:00:00+00:00,294.30522749627045,0.0,0.9950437725801478,-0.05277552765722693,0.0,1.2786984163028783
2021-12-02 00:00:00+00:00,299.08755957324325,0.0,1.0112128015575972,-0.037383541532088005,0.0,1.2786984163028783
2021-12-03 00:00:00+00:00,295.62228686506245,0.0,0.9994967404536165,-0.04853655821634639,0.0,1.2786984163028783
2021-12-06 00:00:00+00:00,299.420021161482,0.0,1.0123368517004145,-0.03631351041108899,0.0,1.2786984163028783
2021-12-07 00:00:00+00:00,305.8263002271594,0.0,1.0339964332985485,-0.015694833810301456,0.0,1.2786984163028783
2021-12-08 00:00:00+00:00,307.1433595959513,0.0,1.0384494011720171,-0.011455864369421032,0.0,1.2786984163028783
2021-12-09 00:00:00+00:00,304.2151402226178,0.0,1.0285491133756646,-0.020880369242834762,0.0,1.2786984163028783
2021-12-10 00:00:00+00:00,306.2866316570284,0.0,1.0355528104193725,-0.014213252258148956,0.0,1.2786984163028783
2021-12-13 00:00:00+00:00,303.4990691094882,0.0,1.0261280822988272,-0.02318505165729401,0.0,1.2786984163028783
2021-12-14 00:00:00+00:00,301.22298592846903,0.0,1.0184326620903086,-0.030510649331825346,0.0,1.2786984163028783
2021-12-15 00:00:00+00:00,305.86466117964846,0.0,1.0341261313919505,-0.015571368680955322,0.0,1.2786984163028783
2021-12-16 00:00:00+00:00,302.4377494239568,0.0,1.022539768381372,-0.026600920235867576,0.0,1.2786984163028783
2021-12-17 00:00:00+00:00,301.05675513434966,0.0,1.0178706370188997,-0.031045664892325076,0.0,1.2786984163028783
2021-12-20 00:00:00+00:00,296.82426337638714,0.0,1.003560614046879,-0.04466798416350426,0.0,1.2786984163028783
2021-12-21 00:00:00+00:00,302.64234117056526,0.0,1.0232314915461824,-0.025942439546022267,0.0,1.2786984163028783
2021-12-22 00:00:00+00:00,305.634495464714,0.0,1.0333479428315384,-0.016312159457031683,0.0,1.2786984163028783
2021-12-23 00:00:00+00:00,307.7443478516137,0.0,1.0404813379686484,-0.009521577342999854,0.0,1.2786984163028783
2021-12-27 00:00:00+00:00,412.7517495661005,100.0,1.057411325706873,0.0,0.0,1.6988465161594521
2021-12-28 00:00:00+00:00,411.9023263080208,0.0,1.0552352240323033,-0.002057951926243029,0.0,1.6988465161594521
2021-12-29 00:00:00+00:00,412.1401648202831,0.0,1.0558445325011827,-0.0014817253868950608,0.0,1.6988465161594521
2021-12-30 00:00:00+00:00,411.4776146789809,0.0,1.0541471731950185,-0.003086927889364488,0.0,1.6988465161594521
2021-12-31 00:00:00+00:00,410.16950286153815,0.0,1.0507959766161814,-0.006256173855778591,0.0,1.6988465161594521
2022-01-03 00:00:00+00:00,412.7687380312621,0.0,1.0574548477403645,0.0,0.0,1.6988465161594521
2022-01-04 00:00:00+00:00,411.9872686338287,0.0,1.0554528341997604,-0.0018932378482939827,0.0,1.6988465161594521
2022-01-05 00:00:00+00:00,403.05133595883,0.0,1.032560244583288,-0.023542001070090857,0.0,1.6988465161594521
2022-01-06 00:00:00+00:00,402.94940516786045,0.0,1.0322991123823397,-0.0237889451372596,0.0,1.6988465161594521
2022-01-07 00:00:00+00:00,401.1146509304083,0.0,1.0275987327652696,-0.028233938346297505,0.0,1.6988465161594521
2022-01-10 00:00:00+00:00,400.41812385878285,0.0,1.0258143293921222,-0.02992138947195111,0.0,1.6988465161594521
2022-01-11 00:00:00+00:00,404.4104131717576,0.0,1.0360420072625998,-0.02024941350784004,0.0,1.6988465161594521
2022-01-12 00:00:00+00:00,405.03898638273654,0.0,1.037652322501781,-0.01872659176029945,0.0,1.6988465161594521
2022-01-13 00:00:00+00:00,399.1100120413401,0.0,1.0224631328132852,-0.033090505000617054,0.0,1.6988465161594521
2022-01-14 00:00:00+00:00,399.26290822779447,0.0,1.0228548311147079,-0.032720088899863775,0.0,1.6988465161594521
2022-01-18 00:00:00+00:00,391.49917964894576,0.0,1.0029652618091414,-0.05152899534921973,0.0,1.6988465161594521
2022-01-19 00:00:00+00:00,387.3879710798399,0.0,0.9924329297042243,-0.06148907272502757,0.0,1.6988465161594521
2022-01-20 00:00:00+00:00,382.86903934685574,0.0,0.9808560687955139,-0.07243692636951038,0.0,1.6988465161594521
2022-01-21 00:00:00+00:00,381.4041070075063,0.0,0.9771031203255177,-0.0759859653455155,381.4041070075063,0.0
2022-01-24 00:00:00+00:00,381.4041070075063,0.0,0.9771031203255177,-0.0759859653455155,381.4041070075063,0.0
2022-01-25 00:00:00+00:00,381.4041070075063,0.0,0.9771031203255177,-0.0759859653455155,381.4041070075063,0.0
2022-01-26 00:00:00+00:00,381.4041070075063,0.0,0.9771031203255177,-0.0759859653455155,381.4041070075063,0.0
2022-01-27 00:00:00+00:00,481.4041070075063,100.0,0.9771031203255177,-0.0759859653455155,481.4041070075063,0.0
2022-01-28 00:00:00+00:00,481.4041070075063,0.0,0.9771031203255177,-0.0759859653455155,481.4041070075063,0.0
2022-01-31 00:00:00+00:00,481.4041070075063,0.0,0.9771031203255177,-0.0759859653455155,481.4041070075063,0.0
2022-02-01 00:00:00+00:00,481.4041070075063,0.0,0.9771031203255177,-0.0759859653455155,481.4041070075063,0.0
2022-02-02 00:00:00+00:00,481.49840785847823,0.0,0.9772945222151003,-0.07580496292258321,5.684341886080802e-14,2.093016334964043
2022-02-03 00:00:00+00:00,470.0496085062249,0.0,0.9540569606566712,-0.09777995467573897,5.684341886080802e-14,2.093016334964043
2022-02-04 00:00:00+00:00,470.3375761586709,0.0,0.9546414469285207,-0.09722722538134076,470.3375761586709,0.0
2022-02-07 00:00:00+00:00,470.3375761586709,0.0,0.9546414469285207,-0.09722722538134076,470.3375761586709,0.0
2022-02-08 00:00:00+00:00,470.3375761586709,0.0,0.9546414469285207,-0.09722722538134076,470.3375761586709,0.0
2022-02-09 00:00:00+00:00,470.3375761586709,0.0,0.9546414469285207,-0.09722722538134076,470.3375761586709,0.0
2022-02-10 00:00:00+00:00,468.43359499980824,0.0,0.9507769474274047,-0.1008817544700994,0.0,2.060407279524118
2022-02-11 00:00:00+00:00,468.2611595145849,0.0,0.950426956124435,-0.10121272964480077,468.2611595145849,0.0
2022-02-14 00:00:00+00:00,468.2611595145849,0.0,0.950426956124435,-0.10121272964480077,468.2611595145849,0.0
2022-02-15 00:00:00+00:00,468.2611595145849,0.0,0.950426956124435,-0.10121272964480077,468.2611595145849,0.0
2022-02-16 00:00:00+00:00,468.2611595145849,0.0,0.950426956124435,-0.10121272964480077,468.2611595145849,0.0
2022-02-17 00:00:00+00:00,468.2611595145849,0.0,0.950426956124435,-0.10121272964480077,468.2611595145849,0.0
2022-02-18 00:00:00+00:00,468.2611595145849,0.0,0.950426956124435,-0.10121272964480077,468.2611595145849,0.0
2022-02-22 00:00:00+00:00,468.2611595145849,0.0,0.950426956124435,-0.10121272964480077,468.2611595145849,0.0
2022-02-23 00:00:00+00:00,468.2611595145849,0.0,0.950426956124435,-0.10121272964480077,468.2611595145849,0.0
2022-02-24 00:00:00+00:00,468.2611595145849,0.0,0.950426956124435,-0.10121272964480077,468.2611595145849,0.0
2022-02-25 00:00:00+00:00,468.2611595145849,0.0,0.950426956124435,-0.10121272964480077,468.2611595145849,0.0
2022-02-28 00:00:00+00:00,568.261159514585,100.0,0.9504269561244352,-0.10121272964480055,568.261159514585,0.0
2022-03-01 00:00:00+00:00,568.261159514585,0.0,0.9504269561244352,-0.10121272964480055,568.261159514585,0.0
2022-03-02 00:00:00+00:00,568.261159514585,0.0,0.9504269561244352,-0.10121272964480055,568.261159514585,0.0
2022-03-03 00:00:00+00:00,568.261159514585,0.0,0.9504269561244352,-0.10121272964480055,568.261159514585,0.0
2022-03-04 00:00:00+00:00,568.261159514585,0.0,0.9504269561244352,-0.10121272964480055,568.261159514585,0.0
2022-03-07 00:00:00+00:00,568.261159514585,0.0,0.9504269561244352,-0.10121272964480055,568.261159514585,0.0
2022-03-08 00:00:00+00:00,568.261159514585,0.0,0.9504269561244352,-0.10121272964480055,568.261159514585,0.0
2022-03-09 00:00:00+00:00,568.261159514585,0.0,0.9504269561244352,-0.10121272964480055,568.261159514585,0.0
2022-03-10 00:00:00+00:00,568.261159514585,0.0,0.9504269561244352,-0.10121272964480055,568.261159514585,0.0
2022-03-11 00:00:00+00:00,568.261159514585,0.0,0.9504269561244352,-0.10121272964480055,568.261159514585,0.0
2022-03-14 00:00:00+00:00,568.261159514585,0.0,0.9504269561244352,-0.10121272964480055,568.261159514585,0.0
2022-03-15 00:00:00+00:00,568.261159514585,0.0,0.9504269561244352,-0.10121272964480055,568.261159514585,0.0
2022-03-16 00:00:00+00:00,568.261159514585,0.0,0.9504269561244352,-0.10121272964480055,568.261159514585,0.0
2022-03-17 00:00:00+00:00,568.261159514585,0.0,0.9504269561244352,-0.10121272964480055,568.261159514585,0.0
2022-03-18 00:00:00+00:00,568.261159514585,0.0,0.9504269561244352,-0.10121272964480055,568.261159514585,0.0
2022-03-21 00:00:00+00:00,568.261159514585,0.0,0.9504269561244352,-0.10121272964480055,568.261159514585,0.0
2022-03-22 00:00:00+00:00,568.261159514585,0.0,0.9504269561244352,-0.10121272964480055,568.261159514585,0.0
2022-03-23 00:00:00+00:00,568.261159514585,0.0,0.9504269561244352,-0.10121272964480055,568.261159514585,0.0
2022-03-24 00:00:00+00:00,568.261159514585,0.0,0.9504269561244352,-0.10121272964480055,568.261159514585,0.0
2022-03-25 00:00:00+00:00,568.261159514585,0.0,0.9504269561244352,-0.10121272964480055,568.261159514585,0.0
2022-03-28 00:00:00+00:00,668.261159514585,100.0,0.9504269561244352,-0.10121272964480055,668.261159514585,0.0
2022-03-29 00:00:00+00:00,672.6317215814099,0.0,0.956642939116388,-0.09533448055904958,0.0,2.8862120642841016
2022-03-30 00:00:00+00:00,667.1767807799129,0.0,0.9488847106034938,-0.10267118011598331,0.0,2.8862120642841016
2022-03-31 00:00:00+00:00,657.1039006755614,0.0,0.9345586695929116,-0.11621884226079737,0.0,2.8862120642841016
2022-04-01 00:00:00+00:00,659.631269993893,0.0,0.9381531923240682,-0.11281962125496658,659.631269993893,0.0
2022-04-04 00:00:00+00:00,659.631269993893,0.0,0.9381531923240682,-0.11281962125496658,659.631269993893,0.0
2022-04-05 00:00:00+00:00,651.4435721332549,0.0,0.9265083306639869,-0.12383178095612524,0.0,2.867900383593462
2022-04-06 00:00:00+00:00,645.0409415083768,0.0,0.9174022609046548,-0.13244308930540416,645.0409415083768,0.0
2022-04-07 00:00:00+00:00,645.0409415083768,0.0,0.9174022609046548,-0.13244308930540416,645.0409415083768,0.0
2022-04-08 00:00:00+00:00,645.0409415083768,0.0,0.9174022609046548,-0.13244308930540416,645.0409415083768,0.0
2022-04-11 00:00:00+00:00,645.0409415083768,0.0,0.9174022609046548,-0.13244308930540416,645.0409415083768,0.0
2022-04-12 00:00:00+00:00,645.0409415083768,0.0,0.9174022609046548,-0.13244308930540416,645.0409415083768,0.0
2022-04-13 00:00:00+00:00,645.0409415083768,0.0,0.9174022609046548,-0.13244308930540416,645.0409415083768,0.0
2022-04-14 00:00:00+00:00,645.0409415083768,0.0,0.9174022609046548,-0.13244308930540416,645.0409415083768,0.0
2022-04-18 00:00:00+00:00,645.0409415083768,0.0,0.9174022609046548,-0.13244308930540416,645.0409415083768,0.0
2022-04-19 00:00:00+00:00,645.0409415083768,0.0,0.9174022609046548,-0.13244308930540416,645.0409415083768,0.0
2022-04-20 00:00:00+00:00,645.0409415083768,0.0,0.9174022609046548,-0.13244308930540416,645.0409415083768,0.0
2022-04-21 00:00:00+00:00,645.0409415083768,0.0,0.9174022609046548,-0.13244308930540416,645.0409415083768,0.0
2022-04-22 00:00:00+00:00,645.0409415083768,0.0,0.9174022609046548,-0.13244308930540416,645.0409415083768,0.0
2022-04-25 00:00:00+00:00,645.0409415083768,0.0,0.9174022609046548,-0.13244308930540416,645.0409415083768,0.0
2022-04-26 00:00:00+00:00,645.0409415083768,0.0,0.9174022609046548,-0.13244308930540416,645.0409415083768,0.0
2022-04-27 00:00:00+00:00,745.0409415083768,100.0,0.9174022609046548,-0.13244308930540416,745.0409415083768,0.0
2022-04-28 00:00:00+00:00,745.0409415083768,0.0,0.9174022609046548,-0.13244308930540416,745.0409415083768,0.0
2022-04-29 00:00:00+00:00,745.0409415083768,0.0,0.9174022609046548,-0.13244308930540416,745.0409415083768,0.0
2022-05-02 00:00:00+00:00,745.0409415083768,0.0,0.9174022609046548,-0.13244308930540416,745.0409415083768,0.0
2022-05-03 00:00:00+00:00,745.0409415083768,0.0,0.9174022609046548,-0.13244308930540416,745.0409415083768,0.0
2022-05-04 00:00:00+00:00,745.0409415083768,0.0,0.9174022609046548,-0.13244308930540416,745.0409415083768,0.0
2022-05-05 00:00:00+00:00,745.0409415083768,0.0,0.9174022609046548,-0.13244308930540416,745.0409415083768,0.0
2022-05-06 00:00:00+00:00,745.0409415083768,0.0,0.9174022609046548,-0.13244308930540416,745.0409415083768,0.0
2022-05-09 00:00:00+00:00,745.0409415083768,0.0,0.9174022609046548,-0.13244308930540416,745.0409415083768,0.0
2022-05-10 00:00:00+00:00,745.0409415083768,0.0,0.9174022609046548,-0.13244308930540416,745.0409415083768,0.0
2022-05-11 00:00:00+00:00,745.0409415083768,0.0,0.9174022609046548,-0.13244308930540416,745.0409415083768,0.0
2022-05-12 00:00:00+00:00,745.0409415083768,0.0,0.9174022609046548,-0.13244308930540416,745.0409415083768,0.0
2022-05-13 00:00:00+00:00,745.0409415083768,0.0,0.9174022609046548,-0.13244308930540416,745.0409415083768,0.0
2022-05-16 00:00:00+00:00,745.0409415083768,0.0,0.9174022609046548,-0.13244308930540416,745.0409415083768,0.0
2022-05-17 00:00:00+00:00,745.0409415083768,0.0,0.9174022609046548,-0.13244308930540416,745.0409415083768,0.0
2022-05-18 00:00:00+00:00,745.0409415083768,0.0,0.9174022609046548,-0.13244308930540416,745.0409415083768,0.0
2022-05-19 00:00:00+00:00,745.0409415083768,0.0,0.9174022609046548,-0.13244308930540416,745.0409415083768,0.0
2022-05-20 00:00:00+00:00,745.0409415083768,0.0,0.9174022609046548,-0.13244308930540416,745.0409415083768,0.0
2022-05-23 00:00:00+00:00,745.0409415083768,0.0,0.9174022609046548,-0.13244308930540416,745.0409415083768,0.0
2022-05-24 00:00:00+00:00,745.0409415083768,0.0,0.9174022609046548,-0.13244308930540416,745.0409415083768,0.0
2022-05-25 00:00:00+00:00,745.0409415083768,0.0,0.9174022609046548,-0.13244308930540416,745.0409415083768,0.0
2022-05-26 00:00:00+00:00,745.0409415083768,0.0,0.9174022609046548,-0.13244308930540416,745.0409415083768,0.0
2022-05-27 00:00:00+00:00,845.0409415083768,100.0,0.9174022609046548,-0.13244308930540416,845.0409415083768,0.0
2022-05-31 00:00:00+00:00,845.0409415083768,0.0,0.9174022609046548,-0.13244308930540416,845.0409415083768,0.0
2022-06-01 00:00:00+00:00,845.0409415083768,0.0,0.9174022609046548,-0.13244308930540416,845.0409415083768,0.0
2022-06-02 00:00:00+00:00,845.0409415083768,0.0,0.9174022609046548,-0.13244308930540416,845.0409415083768,0.0
2022-06-03 00:00:00+00:00,845.0409415083768,0.0,0.9174022609046548,-0.13244308930540416,845.0409415083768,0.0
2022-06-06 00:00:00+00:00,845.0409415083768,0.0,0.9174022609046548,-0.13244308930540416,845.0409415083768,0.0
2022-06-07 00:00:00+00:00,845.0409415083768,0.0,0.9174022609046548,-0.13244308930540416,845.0409415083768,0.0
2022-06-08 00:00:00+00:00,845.0409415083768,0.0,0.9174022609046548,-0.13244308930540416,845.0409415083768,0.0
2022-06-09 00:00:00+00:00,845.0409415083768,0.0,0.9174022609046548,-0.13244308930540416,845.0409415083768,0.0
2022-06-10 00:00:00+00:00,845.0409415083768,0.0,0.9174022609046548,-0.13244308930540416,845.0409415083768,0.0
2022-06-13 00:00:00+00:00,845.0409415083768,0.0,0.9174022609046548,-0.13244308930540416,845.0409415083768,0.0
2022-06-14 00:00:00+00:00,845.0409415083768,0.0,0.9174022609046548,-0.13244308930540416,845.0409415083768,0.0
2022-06-15 00:00:00+00:00,845.0409415083768,0.0,0.9174022609046548,-0.13244308930540416,845.0409415083768,0.0
2022-06-16 00:00:00+00:00,845.0409415083768,0.0,0.9174022609046548,-0.13244308930540416,845.0409415083768,0.0
2022-06-17 00:00:00+00:00,845.0409415083768,0.0,0.9174022609046548,-0.13244308930540416,845.0409415083768,0.0
2022-06-21 00:00:00+00:00,845.0409415083768,0.0,0.9174022609046548,-0.13244308930540416,845.0409415083768,0.0
2022-06-22 00:00:00+00:00,845.0409415083768,0.0,0.9174022609046548,-0.13244308930540416,845.0409415083768,0.0
2022-06-23 00:00:00+00:00,845.0409415083768,0.0,0.9174022609046548,-0.13244308930540416,845.0409415083768,0.0
2022-06-24 00:00:00+00:00,845.0409415083768,0.0,0.9174022609046548,-0.13244308930540416,845.0409415083768,0.0
2022-06-27 00:00:00+00:00,945.0409415083768,100.0,0.9174022609046548,-0.13244308930540416,945.0409415083768,0.0
2022-06-28 00:00:00+00:00,945.0409415083768,0.0,0.9174022609046548,-0.13244308930540416,945.0409415083768,0.0
2022-06-29 00:00:00+00:00,945.0409415083768,0.0,0.9174022609046548,-0.13244308930540416,945.0409415083768,0.0
2022-06-30 00:00:00+00:00,945.0409415083768,0.0,0.9174022609046548,-0.13244308930540416,945.0409415083768,0.0
2022-07-01 00:00:00+00:00,945.0409415083768,0.0,0.9174022609046548,-0.13244308930540416,945.0409415083768,0.0
2022-07-05 00:00:00+00:00,945.0409415083768,0.0,0.9174022609046548,-0.13244308930540416,945.0409415083768,0.0
2022-07-06 00:00:00+00:00,945.0409415083768,0.0,0.9174022609046548,-0.13244308930540416,945.0409415083768,0.0
2022-07-07 00:00:00+00:00,945.0409415083768,0.0,0.9174022609046548,-0.13244308930540416,945.0409415083768,0.0
2022-07-08 00:00:00+00:00,945.0409415083768,0.0,0.9174022609046548,-0.13244308930540416,945.0409415083768,0.0
2022-07-11 00:00:00+00:00,945.0409415083768,0.0,0.9174022609046548,-0.13244308930540416,945.0409415083768,0.0
2022-07-12 00:00:00+00:00,945.0409415083768,0.0,0.9174022609046548,-0.13244308930540416,945.0409415083768,0.0
2022-07-13 00:00:00+00:00,945.0409415083768,0.0,0.9174022609046548,-0.13244308930540416,945.0409415083768,0.0
2022-07-14 00:00:00+00:00,945.0409415083768,0.0,0.9174022609046548,-0.13244308930540416,945.0409415083768,0.0
2022-07-15 00:00:00+00:00,945.0409415083768,0.0,0.9174022609046548,-0.13244308930540416,945.0409415083768,0.0
2022-07-18 00:00:00+00:00,945.0409415083768,0.0,0.9174022609046548,-0.13244308930540416,945.0409415083768,0.0
2022-07-19 00:00:00+00:00,945.0409415083768,0.0,0.9174022609046548,-0.13244308930540416,945.0409415083768,0.0
2022-07-20 00:00:00+00:00,945.0409415083768,0.0,0.9174022609046548,-0.13244308930540416,945.0409415083768,0.0
2022-07-21 00:00:00+00:00,945.0409415083768,0.0,0.9174022609046548,-0.13244308930540416,945.0409415083768,0.0
2022-07-22 00:00:00+00:00,945.0409415083768,0.0,0.9174022609046548,-0.13244308930540416,945.0409415083768,0.0
2022-07-25 00:00:00+00:00,945.0409415083768,0.0,0.9174022609046548,-0.13244308930540416,945.0409415083768,0.0
2022-07-26 00:00:00+00:00,945.0409415083768,0.0,0.9174022609046548,-0.13244308930540416,945.0409415083768,0.0
2022-07-27 00:00:00+00:00,1045.0409415083768,100.0,0.9174022609046548,-0.13244308930540416,1045.0409415083768,0.0
2022-07-28 00:00:00+00:00,1045.0409415083768,0.0,0.9174022609046548,-0.13244308930540416,1045.0409415083768,0.0
2022-07-29 00:00:00+00:00,1045.0409415083768,0.0,0.9174022609046548,-0.13244308930540416,1045.0409415083768,0.0
2022-08-01 00:00:00+00:00,1045.0409415083768,0.0,0.9174022609046548,-0.13244308930540416,1045.0409415083768,0.0
2022-08-02 00:00:00+00:00,1045.0409415083768,0.0,0.9174022609046548,-0.13244308930540416,1045.0409415083768,0.0
2022-08-03 00:00:00+00:00,1045.0409415083768,0.0,0.9174022609046548,-0.13244308930540416,1045.0409415083768,0.0
2022-08-04 00:00:00+00:00,1045.0409415083768,0.0,0.9174022609046548,-0.13244308930540416,1045.0409415083768,0.0
2022-08-05 00:00:00+00:00,1045.0409415083768,0.0,0.9174022609046548,-0.13244308930540416,1045.0409415083768,0.0
2022-08-08 00:00:00+00:00,1045.0409415083768,0.0,0.9174022609046548,-0.13244308930540416,1045.0409415083768,0.0
2022-08-09 00:00:00+00:00,1045.0409415083768,0.0,0.9174022609046548,-0.13244308930540416,1045.0409415083768,0.0
2022-08-10 00:00:00+00:00,1045.0409415083768,0.0,0.9174022609046548,-0.13244308930540416,1045.0409415083768,0.0
2022-08-11 00:00:00+00:00,1045.0409415083768,0.0,0.9174022609046548,-0.13244308930540416,1045.0409415083768,0.0
2022-08-12 00:00:00+00:00,1045.0409415083768,0.0,0.9174022609046548,-0.13244308930540416,1045.0409415083768,0.0
2022-08-15 00:00:00+00:00,1045.0409415083768,0.0,0.9174022609046548,-0.13244308930540416,1045.0409415083768,0.0
2022-08-16 00:00:00+00:00,1045.0409415083768,0.0,0.9174022609046548,-0.13244308930540416,1045.0409415083768,0.0
2022-08-17 00:00:00+00:00,1045.0409415083768,0.0,0.9174022609046548,-0.13244308930540416,1045.0409415083768,0.0
2022-08-18 00:00:00+00:00,1045.0409415083768,0.0,0.9174022609046548,-0.13244308930540416,1045.0409415083768,0.0
2022-08-19 00:00:00+00:00,1045.0409415083768,0.0,0.9174022609046548,-0.13244308930540416,1045.0409415083768,0.0
2022-08-22 00:00:00+00:00,1045.0409415083768,0.0,0.9174022609046548,-0.13244308930540416,1045.0409415083768,0.0
2022-08-23 00:00:00+00:00,1045.0409415083768,0.0,0.9174022609046548,-0.13244308930540416,1045.0409415083768,0.0
2022-08-24 00:00:00+00:00,1045.0409415083768,0.0,0.9174022609046548,-0.13244308930540416,1045.0409415083768,0.0
2022-08-25 00:00:00+00:00,1045.0409415083768,0.0,0.9174022609046548,-0.13244308930540416,1045.0409415083768,0.0
2022-08-26 00:00:00+00:00,1045.0409415083768,0.0,0.9174022609046548,-0.13244308930540416,1045.0409415083768,0.0
2022-08-29 00:00:00+00:00,1145.0409415083768,100.0,0.9174022609046548,-0.13244308930540416,1145.0409415083768,0.0
2022-08-30 00:00:00+00:00,1145.0409415083768,0.0,0.9174022609046548,-0.13244308930540416,1145.0409415083768,0.0
2022-08-31 00:00:00+00:00,1145.0409415083768,0.0,0.9174022609046548,-0.13244308930540416,1145.0409415083768,0.0
2022-09-01 00:00:00+00:00,1145.0409415083768,0.0,0.9174022609046548,-0.13244308930540416,1145.0409415083768,0.0
2022-09-02 00:00:00+00:00,1145.0409415083768,0.0,0.9174022609046548,-0.13244308930540416,1145.0409415083768,0.0
2022-09-06 00:00:00+00:00,1145.0409415083768,0.0,0.9174022609046548,-0.13244308930540416,1145.0409415083768,0.0
2022-09-07 00:00:00+00:00,1145.0409415083768,0.0,0.9174022609046548,-0.13244308930540416,1145.0409415083768,0.0
2022-09-08 00:00:00+00:00,1145.0409415083768,0.0,0.9174022609046548,-0.13244308930540416,1145.0409415083768,0.0
2022-09-09 00:00:00+00:00,1145.0409415083768,0.0,0.9174022609046548,-0.13244308930540416,1145.0409415083768,0.0
2022-09-12 00:00:00+00:00,1145.0409415083768,0.0,0.9174022609046548,-0.13244308930540416,1145.0409415083768,0.0
2022-09-13 00:00:00+00:00,1145.0409415083768,0.0,0.9174022609046548,-0.13244308930540416,1145.0409415083768,0.0
2022-09-14 00:00:00+00:00,1145.0409415083768,0.0,0.9174022609046548,-0.13244308930540416,1145.0409415083768,0.0
2022-09-15 00:00:00+00:00,1145.0409415083768,0.0,0.9174022609046548,-0.13244308930540416,1145.0409415083768,0.0
2022-09-16 00:00:00+00:00,1145.0409415083768,0.0,0.9174022609046548,-0.13244308930540416,1145.0409415083768,0.0
2022-09-19 00:00:00+00:00,1145.0409415083768,0.0,0.9174022609046548,-0.13244308930540416,1145.0409415083768,0.0
2022-09-20 00:00:00+00:00,1145.0409415083768,0.0,0.9174022609046548,-0.13244308930540416,1145.0409415083768,0.0
2022-09-21 00:00:00+00:00,1145.0409415083768,0.0,0.9174022609046548,-0.13244308930540416,1145.0409415083768,0.0
2022-09-22 00:00:00+00:00,1145.0409415083768,0.0,0.9174022609046548,-0.13244308930540416,1145.0409415083768,0.0
2022-09-23 00:00:00+00:00,1145.0409415083768,0.0,0.9174022609046548,-0.13244308930540416,1145.0409415083768,0.0
2022-09-26 00:00:00+00:00,1145.0409415083768,0.0,0.9174022609046548,-0.13244308930540416,1145.0409415083768,0.0
2022-09-27 00:00:00+00:00,1245.0409415083768,100.0,0.9174022609046548,-0.13244308930540416,1245.0409415083768,0.0
2022-09-28 00:00:00+00:00,1245.0409415083768,0.0,0.9174022609046548,-0.13244308930540416,1245.0409415083768,0.0
2022-09-29 00:00:00+00:00,1245.0409415083768,0.0,0.9174022609046548,-0.13244308930540416,1245.0409415083768,0.0
2022-09-30 00:00:00+00:00,1245.0409415083768,0.0,0.9174022609046548,-0.13244308930540416,1245.0409415083768,0.0
2022-10-03 00:00:00+00:00,1245.0409415083768,0.0,0.9174022609046548,-0.13244308930540416,1245.0409415083768,0.0
2022-10-04 00:00:00+00:00,1245.0409415083768,0.0,0.9174022609046548,-0.13244308930540416,1245.0409415083768,0.0
2022-10-05 00:00:00+00:00,1245.0409415083768,0.0,0.9174022609046548,-0.13244308930540416,1245.0409415083768,0.0
2022-10-06 00:00:00+00:00,1245.0409415083768,0.0,0.9174022609046548,-0.13244308930540416,1245.0409415083768,0.0
2022-10-07 00:00:00+00:00,1245.0409415083768,0.0,0.9174022609046548,-0.13244308930540416,1245.0409415083768,0.0
2022-10-10 00:00:00+00:00,1245.0409415083768,0.0,0.9174022609046548,-0.13244308930540416,1245.0409415083768,0.0
2022-10-11 00:00:00+00:00,1245.0409415083768,0.0,0.9174022609046548,-0.13244308930540416,1245.0409415083768,0.0
2022-10-12 00:00:00+00:00,1245.0409415083768,0.0,0.9174022609046548,-0.13244308930540416,1245.0409415083768,0.0
2022-10-13 00:00:00+00:00,1245.0409415083768,0.0,0.9174022609046548,-0.13244308930540416,1245.0409415083768,0.0
2022-10-14 00:00:00+00:00,1245.0409415083768,0.0,0.9174022609046548,-0.13244308930540416,1245.0409415083768,0.0
2022-10-17 00:00:00+00:00,1245.0409415083768,0.0,0.9174022609046548,-0.13244308930540416,1245.0409415083768,0.0
2022-10-18 00:00:00+00:00,1245.0409415083768,0.0,0.9174022609046548,-0.13244308930540416,1245.0409415083768,0.0
2022-10-19 00:00:00+00:00,1245.0409415083768,0.0,0.9174022609046548,-0.13244308930540416,1245.0409415083768,0.0
2022-10-20 00:00:00+00:00,1245.0409415083768,0.0,0.9174022609046548,-0.13244308930540416,1245.0409415083768,0.0
2022-10-21 00:00:00+00:00,1245.0409415083768,0.0,0.9174022609046548,-0.13244308930540416,1245.0409415083768,0.0
2022-10-24 00:00:00+00:00,1245.0409415083768,0.0,0.9174022609046548,-0.13244308930540416,1245.0409415083768,0.0
2022-10-25 00:00:00+00:00,1245.0409415083768,0.0,0.9174022609046548,-0.13244308930540416,1245.0409415083768,0.0
2022-10-26 00:00:00+00:00,1245.0409415083768,0.0,0.9174022609046548,-0.13244308930540416,1245.0409415083768,0.0
2022-10-27 00:00:00+00:00,1345.0409415083768,100.0,0.9174022609046548,-0.13244308930540416,1345.0409415083768,0.0
2022-10-28 00:00:00+00:00,1345.0409415083768,0.0,0.9174022609046548,-0.13244308930540416,1345.0409415083768,0.0
2022-10-31 00:00:00+00:00,1345.0409415083768,0.0,0.9174022609046548,-0.13244308930540416,1345.0409415083768,0.0
2022-11-01 00:00:00+00:00,1345.0409415083768,0.0,0.9174022609046548,-0.13244308930540416,1345.0409415083768,0.0
2022-11-02 00:00:00+00:00,1345.0409415083768,0.0,0.9174022609046548,-0.13244308930540416,1345.0409415083768,0.0
2022-11-03 00:00:00+00:00,1345.0409415083768,0.0,0.9174022609046548,-0.13244308930540416,1345.0409415083768,0.0
2022-11-04 00:00:00+00:00,1345.0409415083768,0.0,0.9174022609046548,-0.13244308930540416,1345.0409415083768,0.0
2022-11-07 00:00:00+00:00,1345.0409415083768,0.0,0.9174022609046548,-0.13244308930540416,1345.0409415083768,0.0
2022-11-08 00:00:00+00:00,1345.0409415083768,0.0,0.9174022609046548,-0.13244308930540416,1345.0409415083768,0.0
2022-11-09 00:00:00+00:00,1345.0409415083768,0.0,0.9174022609046548,-0.13244308930540416,1345.0409415083768,0.0
2022-11-10 00:00:00+00:00,1345.0409415083768,0.0,0.9174022609046548,-0.13244308930540416,1345.0409415083768,0.0
2022-11-11 00:00:00+00:00,1345.0409415083768,0.0,0.9174022609046548,-0.13244308930540416,1345.0409415083768,0.0
2022-11-14 00:00:00+00:00,1345.0409415083768,0.0,0.9174022609046548,-0.13244308930540416,1345.0409415083768,0.0
2022-11-15 00:00:00+00:00,1345.0409415083768,0.0,0.9174022609046548,-0.13244308930540416,1345.0409415083768,0.0
2022-11-16 00:00:00+00:00,1345.0409415083768,0.0,0.9174022609046548,-0.13244308930540416,1345.0409415083768,0.0
2022-11-17 00:00:00+00:00,1345.0409415083768,0.0,0.9174022609046548,-0.13244308930540416,1345.0409415083768,0.0
2022-11-18 00:00:00+00:00,1345.0409415083768,0.0,0.9174022609046548,-0.13244308930540416,1345.0409415083768,0.0
2022-11-21 00:00:00+00:00,1345.0409415083768,0.0,0.9174022609046548,-0.13244308930540416,1345.0409415083768,0.0
2022-11-22 00:00:00+00:00,1345.0409415083768,0.0,0.9174022609046548,-0.13244308930540416,1345.0409415083768,0.0
2022-11-23 00:00:00+00:00,1345.0409415083768,0.0,0.9174022609046548,-0.13244308930540416,1345.0409415083768,0.0
2022-11-25 00:00:00+00:00,1345.0409415083768,0.0,0.9174022609046548,-0.13244308930540416,1345.0409415083768,0.0
2022-11-28 00:00:00+00:00,1445.0409415083768,100.0,0.9174022609046548,-0.13244308930540416,1445.0409415083768,0.0
2022-11-29 00:00:00+00:00,1445.0409415083768,0.0,0.9174022609046548,-0.13244308930540416,1445.0409415083768,0.0
2022-11-30 00:00:00+00:00,1445.0409415083768,0.0,0.9174022609046548,-0.13244308930540416,1445.0409415083768,0.0
2022-12-01 00:00:00+00:00,1439.7354339340625,0.0,0.9140339932631567,-0.1356283483722056,0.0,7.0513048973164
2022-12-02 00:00:00+00:00,1438.3956860035726,0.0,0.9131834375832666,-0.13643269068687525,0.0,7.0513048973164
2022-12-05 00:00:00+00:00,1410.1199533653337,0.0,0.8952322361287398,-0.15340854690701178,0.0,7.0513048973164
2022-12-06 00:00:00+00:00,1408.9215488415102,0.0,0.894471414073078,-0.15412803110748385,1408.9215488415102,0.0
2022-12-07 00:00:00+00:00,1408.9215488415102,0.0,0.894471414073078,-0.15412803110748385,1408.9215488415102,0.0
2022-12-08 00:00:00+00:00,1408.9215488415102,0.0,0.894471414073078,-0.15412803110748385,1408.9215488415102,0.0
2022-12-09 00:00:00+00:00,1408.9215488415102,0.0,0.894471414073078,-0.15412803110748385,1408.9215488415102,0.0
2022-12-12 00:00:00+00:00,1408.9215488415102,0.0,0.894471414073078,-0.15412803110748385,1408.9215488415102,0.0
2022-12-13 00:00:00+00:00,1408.9215488415102,0.0,0.894471414073078,-0.15412803110748385,1408.9215488415102,0.0
2022-12-14 00:00:00+00:00,1408.9215488415102,0.0,0.894471414073078,-0.15412803110748385,1408.9215488415102,0.0
2022-12-15 00:00:00+00:00,1408.9215488415102,0.0,0.894471414073078,-0.15412803110748385,1408.9215488415102,0.0
2022-12-16 00:00:00+00:00,1408.9215488415102,0.0,0.894471414073078,-0.15412803110748385,1408.9215488415102,0.0
2022-12-19 00:00:00+00:00,1408.9215488415102,0.0,0.894471414073078,-0.15412803110748385,1408.9215488415102,0.0
2022-12-20 00:00:00+00:00,1408.9215488415102,0.0,0.894471414073078,-0.15412803110748385,1408.9215488415102,0.0
2022-12-21 00:00:00+00:00,1408.9215488415102,0.0,0.894471414073078,-0.15412803110748385,1408.9215488415102,0.0
2022-12-22 00:00:00+00:00,1408.9215488415102,0.0,0.894471414073078,-0.15412803110748385,1408.9215488415102,0.0
2022-12-23 00:00:00+00:00,1408.9215488415102,0.0,0.894471414073078,-0.15412803110748385,1408.9215488415102,0.0
2022-12-27 00:00:00+00:00,1508.9215488415102,100.0,0.894471414073078,-0.15412803110748385,1508.9215488415102,0.0
2022-12-28 00:00:00+00:00,1508.9215488415102,0.0,0.894471414073078,-0.15412803110748385,1508.9215488415102,0.0
2022-12-29 00:00:00+00:00,1508.9215488415102,0.0,0.894471414073078,-0.15412803110748385,1508.9215488415102,0.0
2022-12-30 00:00:00+00:00,1508.9215488415102,0.0,0.894471414073078,-0.15412803110748385,1508.9215488415102,0.0
2023-01-03 00:00:00+00:00,1508.9215488415102,0.0,0.894471414073078,-0.15412803110748385,1508.9215488415102,0.0
2023-01-04 00:00:00+00:00,1508.9215488415102,0.0,0.894471414073078,-0.15412803110748385,1508.9215488415102,0.0
2023-01-05 00:00:00+00:00,1508.9215488415102,0.0,0.894471414073078,-0.15412803110748385,1508.9215488415102,0.0
2023-01-06 00:00:00+00:00,1508.9215488415102,0.0,0.894471414073078,-0.15412803110748385,1508.9215488415102,0.0
2023-01-09 00:00:00+00:00,1508.9215488415102,0.0,0.894471414073078,-0.15412803110748385,1508.9215488415102,0.0
2023-01-10 00:00:00+00:00,1508.9215488415102,0.0,0.894471414073078,-0.15412803110748385,1508.9215488415102,0.0
2023-01-11 00:00:00+00:00,1508.9215488415102,0.0,0.894471414073078,-0.15412803110748385,1508.9215488415102,0.0
2023-01-12 00:00:00+00:00,1508.9215488415102,0.0,0.894471414073078,-0.15412803110748385,1508.9215488415102,0.0
2023-01-13 00:00:00+00:00,1508.9215488415102,0.0,0.894471414073078,-0.15412803110748385,1508.9215488415102,0.0
2023-01-17 00:00:00+00:00,1506.1318461548497,0.0,0.8928177102679354,-0.15569188398373313,0.0,7.539329459652849
2023-01-18 00:00:00+00:00,1482.3829583569432,0.0,0.8787396415521923,-0.1690050469483988,0.0,7.539329459652849
2023-01-19 00:00:00+00:00,1472.5237395259078,0.0,0.8728952095363445,-0.17453193259116317,1472.5237395259078,0.0
2023-01-20 00:00:00+00:00,1472.5237395259078,0.0,0.8728952095363445,-0.17453193259116317,1472.5237395259078,0.0
2023-01-23 00:00:00+00:00,1487.1559114608096,0.0,0.8815689934925884,-0.16632942259768335,0.0,7.388493200818807
2023-01-24 00:00:00+00:00,1484.7177087045393,0.0,0.8801236548208249,-0.16769623147359147,0.0,7.388493200818807
2023-01-25 00:00:00+00:00,1485.4565580246212,0.0,0.8805616362365108,-0.16728204696574045,0.0,7.388493200818807
2023-01-26 00:00:00+00:00,1500.7507389503162,0.0,0.889627851541209,-0.15870842765322668,0.0,7.388493200818807
2023-01-27 00:00:00+00:00,1607.4203996037736,100.0,0.89358154999602,-0.1549695460704721,0.0,7.881829948042432
2023-01-30 00:00:00+00:00,1585.9030038456178,0.0,0.8816198081528841,-0.16628136885770173,0.0,7.881829948042432
2023-01-31 00:00:00+00:00,1611.2824962783145,0.0,0.8957285293011982,-0.15293921890353346,0.0,7.881829948042432
2023-02-01 00:00:00+00:00,1630.9082528489398,0.0,0.9066386894438385,-0.1426218420756209,0.0,7.881829948042432
2023-02-02 00:00:00+00:00,1655.263107388391,0.0,0.9201778038377176,-0.1298183503494158,0.0,7.881829948042432
2023-02-03 00:00:00+00:00,1638.1595364011391,0.0,0.9106697526290711,-0.13880979923157277,0.0,7.881829948042432
2023-02-06 00:00:00+00:00,1625.8638816821929,0.0,0.9038344715758505,-0.14527369796713263,0.0,7.881829948042432
2023-02-07 00:00:00+00:00,1646.3566395471032,0.0,0.9152266066645514,-0.13450053340786639,0.0,7.881829948042432
2023-02-08 00:00:00+00:00,1628.7801587629685,0.0,0.905455660030781,-0.14374059377985238,0.0,7.881829948042432
2023-02-09 00:00:00+00:00,1612.937680567403,0.0,0.8966486632891315,-0.15206907868913144,0.0,7.881829948042432
2023-02-10 00:00:00+00:00,1615.853957648179,0.0,0.8982698517440622,-0.15053597450185108,0.0,7.881829948042432
2023-02-13 00:00:00+00:00,1635.0856227214024,0.0,0.9089609323657659,-0.14042577391546274,0.0,7.881829948042432
2023-02-14 00:00:00+00:00,1635.716169117246,0.0,0.9093114595992645,-0.14009429192902367,0.0,7.881829948042432
2023-02-15 00:00:00+00:00,1643.0462709689255,0.0,0.9133863386886845,-0.13624081383667075,0.0,7.881829948042432
2023-02-16 00:00:00+00:00,1621.1347837133674,0.0,0.901205517324612,-0.14775981286542483,0.0,7.881829948042432
2023-02-17 00:00:00+00:00,1616.405685744542,0.0,0.8985765630733734,-0.15024592776371692,0.0,7.881829948042432
2023-02-21 00:00:00+00:00,1582.9079084653617,0.0,0.8799548037937662,-0.1678559082932869,0.0,7.881829948042432
2023-02-22 00:00:00+00:00,1581.5679973741944,0.0,0.8792099334225819,-0.1685603075144697,0.0,7.881829948042432
2023-02-23 00:00:00+00:00,1590.0015554185998,0.0,0.8838982351706242,-0.1641267359458486,0.0,7.881829948042432
2023-02-24 00:00:00+00:00,1572.2674380355043,0.0,0.8740396567284792,-0.1734496668144444,0.0,7.881829948042432
2023-02-27 00:00:00+00:00,1677.257484455978,100.0,0.876813674910691,-0.17082636976479781,0.0,8.378328010669755
2023-02-28 00:00:00+00:00,1671.6440046888295,0.0,0.87387913691084,-0.1736014650855311,0.0,8.378328010669755
2023-03-01 00:00:00+00:00,1675.6656021339509,0.0,0.8759814924928226,-0.17161333709455817,0.0,8.378328010669755
2023-03-02 00:00:00+00:00,1678.2628838172586,0.0,0.8773392638061867,-0.1703293377670546,0.0,8.378328010669755
2023-03-03 00:00:00+00:00,1705.5762331320418,0.0,0.8916177621338195,-0.15682663516169604,0.0,8.378328010669755
2023-03-06 00:00:00+00:00,1703.3140845691612,0.0,0.8904351871189543,-0.15794495715661827,0.0,8.378328010669755
2023-03-07 00:00:00+00:00,1677.927750696832,0.0,0.877164067507688,-0.17049501509963572,0.0,8.378328010669755
2023-03-08 00:00:00+00:00,1680.1061159796059,0.0,0.8783028434479285,-0.16941811243785887,0.0,8.378328010669755
2023-03-09 00:00:00+00:00,1646.9279370573536,0.0,0.8609584098965706,-0.18582016836338666,0.0,8.378328010669755
2023-03-10 00:00:00+00:00,1643.4247486578925,0.0,0.8591270610888279,-0.18755201423052326,1643.4247486578925,0.0
2023-03-13 00:00:00+00:00,1643.4247486578925,0.0,0.8591270610888279,-0.18755201423052326,1643.4247486578925,0.0
2023-03-14 00:00:00+00:00,1643.4247486578925,0.0,0.8591270610888279,-0.18755201423052326,1643.4247486578925,0.0
2023-03-15 00:00:00+00:00,1643.4247486578925,0.0,0.8591270610888279,-0.18755201423052326,1643.4247486578925,0.0
2023-03-16 00:00:00+00:00,1643.4247486578925,0.0,0.8591270610888279,-0.18755201423052326,1643.4247486578925,0.0
2023-03-17 00:00:00+00:00,1625.4487544087729,0.0,0.8497298172405726,-0.19643867626468559,-2.2737367544323206e-13,8.327520643520534
2023-03-20 00:00:00+00:00,1629.29710988616,0.0,0.8517416077615639,-0.19453619265009892,1629.29710988616,0.0
2023-03-21 00:00:00+00:00,1629.29710988616,0.0,0.8517416077615639,-0.19453619265009892,1629.29710988616,0.0
2023-03-22 00:00:00+00:00,1598.1703527119232,0.0,0.8354695883495609,-0.20992410206937495,0.0,8.148525736562092
2023-03-23 00:00:00+00:00,1609.674429082375,0.0,0.84148353168999,-0.20423691518543363,1609.674429082375,0.0
2023-03-24 00:00:00+00:00,1609.674429082375,0.0,0.84148353168999,-0.20423691518543363,1609.674429082375,0.0
2023-03-27 00:00:00+00:00,1709.2010010967158,100.0,0.8412360394976711,-0.20447096034854173,1609.674429082375,0.5041106823397703
2023-03-28 00:00:00+00:00,1709.0598501056606,0.0,0.8411665676797806,-0.20453665754406647,1609.674429082375,0.5041106823397703
2023-03-29 00:00:00+00:00,1710.4915244435056,0.0,0.8418712104040981,-0.20387030027517394,1609.674429082375,0.5041106823397703
2023-03-30 00:00:00+00:00,1711.0359639804326,0.0,0.842139173130247,-0.2036168968067218,1609.674429082375,0.5041106823397703
2023-03-31 00:00:00+00:00,1712.563419347922,0.0,0.842890957445276,-0.2029059592980088,1609.674429082375,0.5041106823397703
2023-04-03 00:00:00+00:00,1712.8356391163854,0.0,0.8430249388083504,-0.2027792575637828,1609.674429082375,0.5041106823397703
2023-04-04 00:00:00+00:00,1712.14500748158,0.0,0.8426850231279578,-0.20310070455617113,1609.674429082375,0.5041106823397703
2023-04-05 00:00:00+00:00,1711.7719655766487,0.0,0.8425014190378187,-0.20327433285862906,1609.674429082375,0.5041106823397703
2023-04-06 00:00:00+00:00,1712.1097197338163,0.0,0.8426676551734852,-0.2031171288550523,1609.674429082375,0.5041106823397703
2023-04-10 00:00:00+00:00,1712.3416106476925,0.0,0.8427817874457337,-0.20300919774811899,1609.674429082375,0.5041106823397703
2023-04-11 00:00:00+00:00,1712.447473890984,0.0,0.8428338913091517,-0.20295992485147551,1609.674429082375,0.5041106823397703
2023-04-12 00:00:00+00:00,1712.0139387041718,0.0,0.8426205135827738,-0.20316170909487252,1609.674429082375,0.5041106823397703
2023-04-13 00:00:00+00:00,1713.3447909055487,0.0,0.8432755335800267,-0.2025422783942118,1609.674429082375,0.5041106823397703
2023-04-14 00:00:00+00:00,1713.057447816615,0.0,0.8431341088078924,-0.20267601911367283,1609.674429082375,0.5041106823397703
2023-04-17 00:00:00+00:00,1713.4708185761335,0.0,0.8433375619888572,-0.20248362018392219,1609.674429082375,0.5041106823397703
2023-04-18 00:00:00+00:00,1713.5212296443676,0.0,0.8433623733523896,-0.20246015689980623,1609.674429082375,0.5041106823397703
2023-04-19 00:00:00+00:00,1713.5716407126015,0.0,0.8433871847159218,-0.2024366936156904,1609.674429082375,0.5041106823397703
2023-04-20 00:00:00+00:00,1712.9263790392067,0.0,0.8430695992627083,-0.20273702365237434,1609.674429082375,0.5041106823397703
2023-04-21 00:00:00+00:00,1713.0171189620278,0.0,0.8431142597170663,-0.20269478974096578,1609.674429082375,0.5041106823397703
2023-04-24 00:00:00+00:00,1713.057447816615,0.0,0.8431341088078921,-0.20267601911367306,1609.674429082375,0.5041106823397703
2023-04-25 00:00:00+00:00,1711.333389283013,0.0,0.8422855601750872,-0.20347846343043818,1609.674429082375,0.5041106823397703
2023-04-26 00:00:00+00:00,1710.8746485620838,0.0,0.8420597767669431,-0.20369197931589322,1609.674429082375,0.5041106823397703
2023-04-27 00:00:00+00:00,1814.0422572505593,100.0,0.8436188131740489,-0.20221765026020144,1609.674429082375,0.9992559562301213
2023-04-28 00:00:00+00:00,1815.8209328526489,0.0,0.8444459847542362,-0.2014354215135511,1609.674429082375,0.9992559562301213
2023-05-01 00:00:00+00:00,1815.7210072570258,0.0,0.8443995144407425,-0.20147936694875623,1609.674429082375,0.9992559562301213
2023-05-02 00:00:00+00:00,1813.202882247326,0.0,0.843228462540702,-0.2025867919159241,1609.674429082375,0.9992559562301213
2023-05-03 00:00:00+00:00,1812.0137676594122,0.0,0.8426754658101274,-0.20310974259486447,1609.674429082375,0.9992559562301213
2023-05-04 00:00:00+00:00,1810.5048911655047,0.0,0.841973764076373,-0.2037733186664611,1609.674429082375,0.9992559562301213
2023-05-05 00:00:00+00:00,1814.2121307631185,0.0,0.8436978127069882,-0.20214294302035274,1609.674429082375,0.9992559562301213
2023-05-08 00:00:00+00:00,1814.431967073489,0.0,0.8438000473966742,-0.20204626306290163,1609.674429082375,0.9992559562301213
2023-05-09 00:00:00+00:00,1813.5925920702557,0.0,0.8434096967633274,-0.20241540471862418,1609.674429082375,0.9992559562301213
2023-05-10 00:00:00+00:00,1814.4919224308628,0.0,0.8438279295847704,-0.2020198958017786,1609.674429082375,0.9992559562301213
2023-05-11 00:00:00+00:00,1814.2221233226808,0.0,0.8437024597383375,-0.20213854847683232,1609.674429082375,0.9992559562301213
2023-05-12 00:00:00+00:00,1813.7424804636903,0.0,0.8434794022335679,-0.20234948656581664,1609.674429082375,0.9992559562301213
2023-05-15 00:00:00+00:00,1814.6118331456105,0.0,0.8438836939609629,-0.2019671612795324,1609.674429082375,0.9992559562301213
2023-05-16 00:00:00+00:00,1813.0230161752047,0.0,0.8431448159764136,-0.2026658936992931,1609.674429082375,0.9992559562301213
2023-05-17 00:00:00+00:00,1815.6610518996522,0.0,0.8443716322526464,-0.20150573420987905,1609.674429082375,0.9992559562301213
2023-05-18 00:00:00+00:00,1817.7095266099238,0.0,0.8453242736792665,-0.20060485278817508,1609.674429082375,0.9992559562301213
2023-05-19 00:00:00+00:00,1817.2098986318088,0.0,0.8450919221117982,-0.20082457996420056,1609.674429082375,0.9992559562301213
2023-05-22 00:00:00+00:00,1817.5696307760516,0.0,0.8452592152403754,-0.2006663763974622,1609.674429082375,0.9992559562301213
2023-05-23 00:00:00+00:00,1815.3712676723453,0.0,0.8442368683435146,-0.20163317597197394,1609.674429082375,0.9992559562301213
2023-05-24 00:00:00+00:00,1813.7824507019395,0.0,0.8434979903589653,-0.20233190839173465,1609.674429082375,0.9992559562301213
2023-05-25 00:00:00+00:00,1815.1714164810994,0.0,0.8441439277165274,-0.201721066842384,1609.674429082375,0.9992559562301213
2023-05-26 00:00:00+00:00,1817.879400122483,0.0,0.8454032732122058,-0.2005301455483265,1609.674429082375,0.9992559562301213
2023-05-30 00:00:00+00:00,1917.327221951292,100.0,0.8451464832220172,-0.20077298333070293,1609.674429082375,1.4760485192578665
2023-05-31 00:00:00+00:00,1915.4821613022198,0.0,0.8443331914160898,-0.20154208643488314,1609.674429082375,1.4760485192578665
2023-06-01 00:00:00+00:00,1918.5375817370834,0.0,0.8456800026467058,-0.20026845169436058,1609.674429082375,1.4760485192578665
2023-06-02 00:00:00+00:00,1923.6447096137158,0.0,0.8479311943655133,-0.1981395743019897,1609.674429082375,1.4760485192578665
2023-06-05 00:00:00+00:00,1922.8181224429313,0.0,0.8475668396364577,-0.1984841324926625,1609.674429082375,1.4760485192578665
2023-06-06 00:00:00+00:00,1924.2498895066115,0.0,0.8481979540778575,-0.19788730848381864,1609.674429082375,1.4760485192578665
2023-06-07 00:00:00+00:00,1923.629949128523,0.0,0.8479246880310658,-0.1981457271268232,1609.674429082375,1.4760485192578665
2023-06-08 00:00:00+00:00,1925.105997647781,0.0,0.8485753214758078,-0.19753044464347902,1609.674429082375,1.4760485192578665
2023-06-09 00:00:00+00:00,1925.4454888072103,0.0,0.8487249671680985,-0.1973889296723098,1609.674429082375,1.4760485192578665
2023-06-12 00:00:00+00:00,1928.2795019641853,0.0,0.8499741833820033,-0.196207587304289,1609.674429082375,1.4760485192578665
2023-06-13 00:00:00+00:00,1930.6264191098053,0.0,0.8510086905591431,-0.19522928815577179,1609.674429082375,1.4760485192578665
2023-06-14 00:00:00+00:00,1930.6264191098053,0.0,0.8510086905591431,-0.19522928815577179,1609.674429082375,1.4760485192578665
2023-06-15 00:00:00+00:00,1934.5379476858388,0.0,0.8527328691877096,-0.1935987895749095,1609.674429082375,1.4760485192578665
2023-06-16 00:00:00+00:00,1933.3128274148548,0.0,0.8521928434285737,-0.19410947403608525,1609.674429082375,1.4760485192578665
2023-06-20 00:00:00+00:00,1931.7186950140563,0.0,0.8514901593082522,-0.19477397911809702,1609.674429082375,1.4760485192578665
2023-06-21 00:00:00+00:00,1929.9474367909468,0.0,0.8507093991745618,-0.1955123180981101,1609.674429082375,1.4760485192578665
2023-06-22 00:00:00+00:00,1930.8035449321164,0.0,0.8510867665725123,-0.19515545425777037,1609.674429082375,1.4760485192578665
2023-06-23 00:00:00+00:00,1928.156989937087,0.0,0.8499201808060898,-0.19625865575040646,1609.674429082375,1.4817277419499026
2023-06-26 00:00:00+00:00,1927.0456941306245,0.0,0.8494303281967395,-0.19672189312682686,1609.674429082375,1.4817277419499026
2023-06-27 00:00:00+00:00,2031.8171498341633,100.0,0.8515335576098135,-0.1947329387827541,1609.674429082375,1.9471527709953333
2023-06-28 00:00:00+00:00,2032.1676373329424,0.0,0.851680446746347,-0.19459403059499802,1609.674429082375,1.9471527709953333
2023-06-29 00:00:00+00:00,2034.1926762147775,0.0,0.8525291395352074,-0.19379144995462938,1609.674429082375,1.9471527709953333
2023-06-30 00:00:00+00:00,2038.593241477227,0.0,0.8543734142494618,-0.1920473804861359,1609.674429082375,1.9471527709953333
2023-07-03 00:00:00+00:00,2039.8783623060838,0.0,0.8549120077500847,-0.19153805046436356,1609.674429082375,1.9471527709953333
2023-07-05 00:00:00+00:00,2038.573769949517,0.0,0.8543652537418766,-0.19205509760767792,1609.674429082375,1.9471527709953333
2023-07-06 00:00:00+00:00,2034.7573505183661,0.0,0.852765794255178,-0.19356765342991133,1609.674429082375,1.9471527709953333
2023-07-07 00:00:00+00:00,2034.2316192701974,0.0,0.8525454605503776,-0.19377601571154557,1609.674429082375,1.9471527709953333
2023-07-10 00:00:00+00:00,2036.081414402643,0.0,0.8533207087709713,-0.19304288916505485,1609.674429082375,1.9471527709953333
2023-07-11 00:00:00+00:00,2039.430517168755,0.0,0.8547243160756252,-0.19171554425982973,1609.674429082375,1.9471527709953333
2023-07-12 00:00:00+00:00,2042.7212053517371,0.0,0.8561034418575234,-0.19041135071923054,1609.674429082375,1.9471527709953333
2023-07-13 00:00:00+00:00,2046.3818525612082,0.0,0.8576376172835404,-0.18896053186933326,1609.674429082375,1.9471527709953333
2023-07-14 00:00:00+00:00,2045.73929214678,0.0,0.857368320533229,-0.18921519688021937,1609.674429082375,1.9471527709953333
2023-07-17 00:00:00+00:00,2047.394372002126,0.0,0.8580619636779706,-0.18855924154914894,1609.674429082375,1.9471527709953333
2023-07-18 00:00:00+00:00,2050.8797754622074,0.0,0.8595226945357207,-0.1871778767931298,1609.674429082375,1.9471527709953333
2023-07-19 00:00:00+00:00,2052.028595597095,0.0,0.8600041644832473,-0.18672256662215136,1609.674429082375,1.9471527709953333
2023-07-20 00:00:00+00:00,2048.835265052662,0.0,0.8586658412392749,-0.18798817455504058,1609.674429082375,1.9471527709953333
2023-07-21 00:00:00+00:00,2048.7963219972426,0.0,0.8586495202241047,-0.1880036087981245,1609.674429082375,1.9471527709953333
2023-07-24 00:00:00+00:00,2050.354044214039,0.0,0.8593023608309204,-0.18738623907476404,1609.674429082375,1.9471527709953333
2023-07-25 00:00:00+00:00,2051.4639212935062,0.0,0.8597675097632765,-0.18694636314686963,1609.674429082375,1.9471527709953333
2023-07-26 00:00:00+00:00,2051.7949372645753,0.0,0.8599062383922249,-0.18681517208065546,1609.674429082375,1.9471527709953333
2023-07-27 00:00:00+00:00,2146.8085559230913,100.0,0.8578164484504186,-0.18879141716220382,1609.674429082375,2.3839781937806412
2023-07-28 00:00:00+00:00,2152.4109046784756,0.0,0.8600550210977398,-0.18667447320747632,1609.674429082375,2.3839781937806412
2023-07-31 00:00:00+00:00,2154.055849632184,0.0,0.8607123041303575,-0.18605290242927985,1609.674429082375,2.3839781937806412
2023-08-01 00:00:00+00:00,2152.5777831520404,0.0,0.8601217019851068,-0.18661141530244185,1609.674429082375,2.3839781937806412
2023-08-02 00:00:00+00:00,2144.8775335861287,0.0,0.8570448553251717,-0.18952108720617367,1609.674429082375,2.3839781937806412
2023-08-03 00:00:00+00:00,2143.3279477601714,0.0,0.8564256756567638,-0.19010662489577912,1609.674429082375,2.3839781937806412
2023-08-04 00:00:00+00:00,2141.0631684760797,0.0,0.8555207207567829,-0.1909624107498179,1609.674429082375,2.3839781937806412
2023-08-07 00:00:00+00:00,2145.1397711874447,0.0,0.8571496395767486,-0.18942199621254796,1609.674429082375,2.3839781937806412
2023-08-08 00:00:00+00:00,2142.6604338659126,0.0,0.8561589521072958,-0.19035885651591677,1609.674429082375,2.3839781937806412
2023-08-09 00:00:00+00:00,2138.8460687558636,0.0,0.8546348175389068,-0.19180018005956112,1609.674429082375,2.3839781937806412
2023-08-10 00:00:00+00:00,2138.941427883615,0.0,0.8546729209031166,-0.19176414697096988,1609.674429082375,2.3839781937806412
2023-08-11 00:00:00+00:00,2138.4407924629213,0.0,0.8544728782410157,-0.19195332068607307,1609.674429082375,2.3839781937806412
2023-08-14 00:00:00+00:00,2141.0631684760797,0.0,0.855520720756783,-0.1909624107498178,1609.674429082375,2.3839781937806412
2023-08-15 00:00:00+00:00,2135.0317036458146,0.0,0.853110682970518,-0.19324150360320524,1609.674429082375,2.3839781937806412
2023-08-16 00:00:00+00:00,2130.692863333134,0.0,0.8513769798989756,-0.19488100913410045,1609.674429082375,2.3839781937806412
2023-08-17 00:00:00+00:00,2126.4255423662667,0.0,0.8496718543505906,-0.19649348984855253,1609.674429082375,2.3839781937806412
2023-08-18 00:00:00+00:00,2127.0215369147118,0.0,0.8499100003769013,-0.196268283044858,1609.674429082375,2.3839781937806412
2023-08-21 00:00:00+00:00,2130.0015096569377,0.0,0.8511007305084551,-0.195142249026386,1609.674429082375,2.3839781937806412
2023-08-22 00:00:00+00:00,2128.618802304545,0.0,0.8505482317274142,-0.19566472881095698,1609.674429082375,2.3839781937806412
2023-08-23 00:00:00+00:00,2134.2926704057427,0.0,0.8528153818978925,-0.19352076003978635,1609.674429082375,2.3839781937806412
2023-08-24 00:00:00+00:00,2127.25993473409,0.0,0.8500052587874256,-0.1961782003233803,1609.674429082375,2.3839781937806412
2023-08-25 00:00:00+00:00,2130.788222460885,0.0,0.8514150832631853,-0.19484497604550954,1609.674429082375,2.3839781937806412
2023-08-28 00:00:00+00:00,2234.2670042881537,100.0,0.8528051262941617,-0.19353045842431105,1609.674429082375,2.839186213945082
2023-08-29 00:00:00+00:00,2243.352400172778,0.0,0.8562729625778059,-0.19025104059285036,1609.674429082375,2.839186213945082
2023-08-30 00:00:00+00:00,2246.1631945245836,0.0,0.8573458244280583,-0.1892364707012424,1609.674429082375,2.839186213945082
2023-08-31 00:00:00+00:00,2245.4817898332367,0.0,0.857085736706785,-0.18948242703860185,1609.674429082375,2.839186213945082
2023-09-01 00:00:00+00:00,2247.582787631556,0.0,0.8578876738473777,-0.1887240616650766,1609.674429082375,2.839186213945082
2023-09-05 00:00:00+00:00,2243.7782781048695,0.0,0.8564355174036017,-0.1900973178820008,1609.674429082375,2.839186213945082
2023-09-06 00:00:00+00:00,2239.8034174053464,0.0,0.8549183390295074,-0.19153206318326466,1609.674429082375,2.839186213945082
2023-09-07 00:00:00+00:00,2237.645635882748,0.0,0.8540947279121419,-0.19231092491823665,1609.674429082375,2.839186213945082
2023-09-08 00:00:00+00:00,2238.327040574095,0.0,0.8543548156334153,-0.19206496858087696,1609.674429082375,2.839186213945082
2023-09-11 00:00:00+00:00,2242.2735094114787,0.0,0.8558611570191232,-0.19064047146033636,1609.674429082375,2.839186213945082
2023-09-12 00:00:00+00:00,2239.207188300418,0.0,0.8546907622733932,-0.19174727497845434,1609.674429082375,2.839186213945082
2023-09-13 00:00:00+00:00,2239.292363886836,0.0,0.8547232732385525,-0.19171653043628434,1609.674429082375,2.839186213945082
2023-09-14 00:00:00+00:00,2244.686817693332,0.0,0.8567823010319664,-0.18976937609885447,1609.674429082375,2.839186213945082
2023-09-15 00:00:00+00:00,2237.2197579506565,0.0,0.8539321730863463,-0.1924646476290861,1609.674429082375,2.839186213945082
2023-09-18 00:00:00+00:00,2237.2765416749353,0.0,0.853953847063119,-0.19244415126763947,1609.674429082375,2.839186213945082
2023-09-19 00:00:00+00:00,2235.6865973951262,0.0,0.8533469757134814,-0.19301804938814504,1609.674429082375,2.839186213945082
2023-09-20 00:00:00+00:00,2230.150184277933,0.0,0.8512337629781356,-0.19501644462919143,1609.674429082375,2.839186213945082
2023-09-21 00:00:00+00:00,2219.7814762246057,0.0,0.8472760948194268,-0.19875908022934574,1609.674429082375,2.84976900902532
2023-09-22 00:00:00+00:00,2218.4990801705444,0.0,0.8467866126193387,-0.19922196732200415,1609.674429082375,2.84976900902532
2023-09-25 00:00:00+00:00,2220.949881518306,0.0,0.847722067490618,-0.19833733865603487,1609.674429082375,2.84976900902532
2023-09-26 00:00:00+00:00,2212.144095280418,0.0,0.8443609563833472,-0.201515830025622,1609.674429082375,2.84976900902532
2023-09-27 00:00:00+00:00,2312.4901835728406,100.0,0.844493056024689,-0.2013909077732685,1609.674429082375,3.3209646765130922
2023-09-28 00:00:00+00:00,2317.139534119959,0.0,0.8461909418276029,-0.19978527344614616,1609.674429082375,3.3209646765130922
2023-09-29 00:00:00+00:00,2315.080536020521,0.0,0.8454390209720267,-0.2004963400767289,1609.674429082375,3.3209646765130922
2023-10-02 00:00:00+00:00,2314.1506659110973,0.0,0.845099443811444,-0.2008174669421534,1609.674429082375,3.3209646765130922
2023-10-03 00:00:00+00:00,2303.922094707437,0.0,0.8413640950450334,-0.20434986246182263,1609.674429082375,3.3209646765130922
2023-10-04 00:00:00+00:00,2304.172445629576,0.0,0.8414555201316425,-0.20426340478771532,2304.172445629576,0.0
2023-10-05 00:00:00+00:00,2303.7872221924226,0.0,0.8413148412565471,-0.20439644013706948,0.0,10.946957577535864
2023-10-06 00:00:00+00:00,2331.2640857120377,0.0,0.8513490548538574,-0.19490741692368885,0.0,10.946957577535864
2023-10-09 00:00:00+00:00,2345.933008865936,0.0,0.8567059656986366,-0.18984156389343776,0.0,10.946957577535864
2023-10-10 00:00:00+00:00,2360.492462444058,0.0,0.8620228995968128,-0.18481351573654692,0.0,10.946957577535864
2023-10-11 00:00:00+00:00,2369.7973763849636,0.0,0.8654209400580533,-0.18160010150093997,0.0,10.946957577535864
2023-10-12 00:00:00+00:00,2350.7496702000517,0.0,0.8584649513491611,-0.18817814946559408,0.0,10.946957577535864
2023-10-13 00:00:00+00:00,2337.503851531233,0.0,0.8536277408102186,-0.19275253914216417,0.0,10.946957577535864
2023-10-16 00:00:00+00:00,2364.6523063235218,0.0,0.8635420235677204,-0.18337693054886373,0.0,10.946957577535864
2023-10-17 00:00:00+00:00,2367.717454445232,0.0,0.8646613780725997,-0.18231839409478134,0.0,10.946957577535864
2023-10-18 00:00:00+00:00,2332.687190197117,0.0,0.8518687551596942,-0.19441595357000774,0.0,10.946957577535864
2023-10-19 00:00:00+00:00,2310.6838054662703,0.0,0.8438333888925256,-0.2020147331153841,0.0,10.946957577535864
2023-10-20 00:00:00+00:00,2282.1122461889017,0.0,0.833399405829187,-0.21188180506236565,0.0,10.946957577535864
2023-10-23 00:00:00+00:00,2272.2180027868094,0.0,0.8297861494759101,-0.21529874183370667,2272.2180027868094,0.0
2023-10-24 00:00:00+00:00,2272.2180027868094,0.0,0.8297861494759101,-0.21529874183370667,2272.2180027868094,0.0
2023-10-25 00:00:00+00:00,2272.2180027868094,0.0,0.8297861494759101,-0.21529874183370667,2272.2180027868094,0.0
2023-10-26 00:00:00+00:00,2272.2180027868094,0.0,0.8297861494759101,-0.21529874183370667,2272.2180027868094,0.0
2023-10-27 00:00:00+00:00,2372.2180027868094,100.0,0.8297861494759101,-0.21529874183370667,2372.2180027868094,0.0
2023-10-30 00:00:00+00:00,2372.2180027868094,0.0,0.8297861494759101,-0.21529874183370667,2372.2180027868094,0.0
2023-10-31 00:00:00+00:00,2372.2180027868094,0.0,0.8297861494759101,-0.21529874183370667,2372.2180027868094,0.0
2023-11-01 00:00:00+00:00,2372.2180027868094,0.0,0.8297861494759101,-0.21529874183370667,2372.2180027868094,0.0
2023-11-02 00:00:00+00:00,2372.2180027868094,0.0,0.8297861494759101,-0.21529874183370667,2372.2180027868094,0.0
2023-11-03 00:00:00+00:00,2383.0912090628194,0.0,0.8335895250331432,-0.2117020156327153,0.0,11.063048182827258
2023-11-06 00:00:00+00:00,2384.086883399274,0.0,0.8339378053230695,-0.21137265850633735,0.0,11.063048182827258
2023-11-07 00:00:00+00:00,2391.167234236283,0.0,0.8364144651625439,-0.20903056338542814,0.0,11.063048182827258
2023-11-08 00:00:00+00:00,2390.8353427907987,0.0,0.8362983717325687,-0.20914034909422063,0.0,11.063048182827258
2023-11-09 00:00:00+00:00,2370.4793341343966,0.0,0.8291779746940794,-0.21587387256683477,0.0,11.063048182827258
2023-11-10 00:00:00+00:00,2405.7704578376156,0.0,0.8415225760814603,-0.20419999219855267,0.0,11.063048182827258
2023-11-13 00:00:00+00:00,2404.332261573848,0.0,0.8410195045515669,-0.20467573026998753,0.0,11.063048182827258
2023-11-14 00:00:00+00:00,2457.6561538150754,0.0,0.8596718489676097,-0.18703682639063957,0.0,11.063048182827258
2023-11-15 00:00:00+00:00,2463.7408303156303,0.0,0.8618002285171581,-0.1850240883961083,0.0,11.063048182827258
2023-11-16 00:00:00+00:00,2462.0813730882064,0.0,0.8612197613672813,-0.18557301694007133,0.0,11.063048182827258
2023-11-17 00:00:00+00:00,2468.2766800705895,0.0,0.8633868387268214,-0.18352368370927574,0.0,11.063048182827258
2023-11-20 00:00:00+00:00,2486.862601017739,0.0,0.8698880708054421,-0.17737568401688908,0.0,11.063048182827258
2023-11-21 00:00:00+00:00,2480.114141626215,0.0,0.867527504395943,-0.17960799342900557,0.0,11.063048182827258
2023-11-22 00:00:00+00:00,2490.7346678817285,0.0,0.8712424941551544,-0.17609485074764208,0.0,11.063048182827258
2023-11-24 00:00:00+00:00,2493.3897994456074,0.0,0.8721712415949575,-0.175216565077301,0.0,11.063048182827258
2023-11-27 00:00:00+00:00,2590.118220893864,100.0,0.8710268650806701,-0.17629876401632216,0.0,11.507033723816535
2023-11-28 00:00:00+00:00,2591.729205615198,0.0,0.8715686206500479,-0.17578644373093555,0.0,11.507033723816535
2023-11-29 00:00:00+00:00,2592.87990898758,0.0,0.8719555889138895,-0.17542050066994486,0.0,11.507033723816535
2023-11-30 00:00:00+00:00,2603.581450350729,0.0,0.8755543937676146,-0.17201723020273263,0.0,11.507033723816535
2023-12-01 00:00:00+00:00,2625.5598847632186,0.0,0.8829454876069859,-0.16502771773781266,0.0,11.507033723816535
2023-12-04 00:00:00+00:00,2616.1241171096895,0.0,0.8797723478434862,-0.16802845083793538,0.0,11.507033723816535
2023-12-05 00:00:00+00:00,2611.06102227121,0.0,0.8780696874825838,-0.16963860030629396,0.0,11.507033723816535
2023-12-06 00:00:00+00:00,2600.014269896346,0.0,0.8743547921497061,-0.1731516536918034,0.0,11.507033723816535
2023-12-07 00:00:00+00:00,2620.842000936454,0.0,0.881358917725236,-0.16652808428787413,0.0,11.507033723816535
2023-12-08 00:00:00+00:00,2633.384667695414,0.0,0.8855768718011077,-0.16253930492307678,0.0,11.507033723816535
2023-12-11 00:00:00+00:00,2644.2012793958015,0.0,0.8892143734812171,-0.1590994401497653,0.0,11.507033723816535
2023-12-12 00:00:00+00:00,2654.212398735522,0.0,0.8925809973766377,-0.15591573551914728,0.0,11.507033723816535
2023-12-13 00:00:00+00:00,2695.4075794667856,0.0,0.9064344612221609,-0.14281497393568476,0.0,11.507033723816535
2023-12-14 00:00:00+00:00,2711.40235634289,0.0,0.9118133200895565,-0.137728365387916,0.0,11.507033723816535
2023-12-15 00:00:00+00:00,2707.720105551269,0.0,0.910575021645264,-0.1388993831830857,0.0,11.507033723816535
2023-12-18 00:00:00+00:00,2719.457279949562,0.0,0.9145220979364466,-0.13516676396098193,0.0,11.507033723816535
2023-12-19 00:00:00+00:00,2739.3644482917643,0.0,0.9212166489009034,-0.12883594900584494,0.0,11.507033723816535
2023-12-20 00:00:00+00:00,2698.5144785722155,0.0,0.9074792755345326,-0.14182692767101035,0.0,11.507033723816535
2023-12-21 00:00:00+00:00,2728.22563964711,0.0,0.9174707961069183,-0.13237827783623368,0.0,11.55587123405104
2023-12-22 00:00:00+00:00,2734.4658101134974,0.0,0.9195692934168329,-0.13039379848527244,0.0,11.55587123405104
2023-12-26 00:00:00+00:00,2747.9861794573376,0.0,0.9241160375883146,-0.12609409322485643,0.0,11.55587123405104
2023-12-27 00:00:00+00:00,2853.241336022212,100.0,0.9258832860912154,-0.12442286489139409,0.0,11.975829322233839
2023-12-28 00:00:00+00:00,2851.804236503544,0.0,0.9254169440373604,-0.12486386911474368,0.0,11.975829322233839
2023-12-29 00:00:00+00:00,2840.9062318203114,0.0,0.921880516795627,-0.12820815114181106,0.0,11.975829322233839
2024-01-02 00:00:00+00:00,2821.8646631979595,0.0,0.9157014845820487,-0.1340514571011927,0.0,11.975829322233839
2024-01-03 00:00:00+00:00,2794.799288929711,0.0,0.9069187092344468,-0.1423570366409428,0.0,11.975829322233839
2024-01-04 00:00:00+00:00,2787.613791336371,0.0,0.9045869989651721,-0.1445620577576905,0.0,11.975829322233839
2024-01-05 00:00:00+00:00,2791.8053315991524,0.0,0.9059471632889157,-0.14327579543958768,0.0,11.975829322233839
2024-01-08 00:00:00+00:00,2831.684843242191,0.0,0.9188881552833911,-0.1310379282416373,0.0,11.975829322233839
2024-01-09 00:00:00+00:00,2826.4154783404083,0.0,0.9171782344192562,-0.1326549437272524,0.0,11.975829322233839
2024-01-10 00:00:00+00:00,2841.025990113533,0.0,0.9219193786334482,-0.12817140078986533,0.0,11.975829322233839
2024-01-11 00:00:00+00:00,2839.109857421976,0.0,0.9212975892283083,-0.12875940642099803,0.0,11.975829322233839
2024-01-12 00:00:00+00:00,2839.5888905948655,0.0,0.9214530365795933,-0.1286124050132148,0.0,11.975829322233839
2024-01-16 00:00:00+00:00,2826.4154783404083,0.0,0.9171782344192562,-0.1326549437272524,0.0,11.975829322233839
2024-01-17 00:00:00+00:00,2809.4098007028365,0.0,0.9116598534486392,-0.1378734937035554,0.0,11.975829322233839
2024-01-18 00:00:00+00:00,2834.1997673998603,0.0,0.9197042538776372,-0.13026617085077563,0.0,11.975829322233839
2024-01-19 00:00:00+00:00,2868.6901558478935,0.0,0.9308964631701563,-0.11968206949038629,0.0,11.975829322233839
2024-01-22 00:00:00+00:00,2881.145018343017,0.0,0.9349380943035661,-0.11586003288802338,0.0,11.975829322233839
2024-01-23 00:00:00+00:00,2886.4143832448,0.0,0.936648015167701,-0.11424301740240828,0.0,11.975829322233839
2024-01-24 00:00:00+00:00,2885.9353500719103,0.0,0.9364925678164159,-0.11439001881019162,0.0,11.975829322233839
2024-01-25 00:00:00+00:00,2901.982961363704,0.0,0.9417000540844631,-0.10946547164945475,0.0,11.975829322233839
2024-01-26 00:00:00+00:00,2899.587795499257,0.0,0.9409228173280382,-0.11020047868837068,0.0,11.975829322233839
2024-01-29 00:00:00+00:00,3026.7012706021615,100.0,0.9497212015056024,-0.10188013839548238,0.0,12.388266497225612
2024-01-30 00:00:00+00:00,3022.4892599931045,0.0,0.9483995528132647,-0.10312997775757127,0.0,12.388266497225612
2024-01-31 00:00:00+00:00,2971.5734846895075,0.0,0.9324231524441259,-0.11823833004635054,0.0,12.388266497225612
2024-02-01 00:00:00+00:00,3011.587585475546,0.0,0.9449788150213324,-0.10636485610650692,0.0,12.388266497225612
2024-02-02 00:00:00+00:00,3037.3551797897753,0.0,0.9530641952568091,-0.09871878000902246,0.0,12.388266497225612
2024-02-05 00:00:00+00:00,3022.984790652994,0.0,0.9485550408947164,-0.10298293783261947,0.0,12.388266497225612
2024-02-06 00:00:00+00:00,3033.2670518456907,0.0,0.9517814185848344,-0.09993185938987337,0.0,12.388266497225612
2024-02-07 00:00:00+00:00,3057.1764061853364,0.0,0.9592837185148682,-0.09283718301095745,0.0,12.388266497225612
2024-02-08 00:00:00+00:00,3064.7332487486437,0.0,0.9616549117570029,-0.0905948241554454,0.0,12.388266497225612
2024-02-09 00:00:00+00:00,3083.439531159455,0.0,0.9675245868317963,-0.0850440669885213,0.0,12.388266497225612
2024-02-12 00:00:00+00:00,3086.4127151187886,0.0,0.968457515320505,-0.08416182743881173,0.0,12.388266497225612
2024-02-13 00:00:00+00:00,3036.9835317948587,0.0,0.9529475791957205,-0.09882905995273616,0.0,12.388266497225612
2024-02-14 00:00:00+00:00,3070.55573400234,0.0,0.9634818967140578,-0.0888671050372637,0.0,12.388266497225612
2024-02-15 00:00:00+00:00,3094.217323012041,0.0,0.9709064526033658,-0.0818459486208235,0.0,12.388266497225612
2024-02-16 00:00:00+00:00,3077.9886939006756,0.0,0.96581421793583,-0.08666150616298929,0.0,12.388266497225612
2024-02-20 00:00:00+00:00,3058.6629981650035,0.0,0.9597501827592225,-0.09239606323610261,0.0,12.388266497225612
2024-02-21 00:00:00+00:00,3059.2824114898644,0.0,0.9599445428610368,-0.09221226332991306,0.0,12.388266497225612
2024-02-22 00:00:00+00:00,3119.737151996326,0.0,0.9789140887981168,-0.07427339248581488,0.0,12.388266497225612
2024-02-23 00:00:00+00:00,3121.8431573008543,0.0,0.9795749131442857,-0.07364847280477038,0.0,12.388266497225612
2024-02-26 00:00:00+00:00,3112.4280747629628,0.0,0.9766206395967076,-0.0764422313788512,0.0,12.388266497225612
2024-02-27 00:00:00+00:00,3221.1094299807546,100.0,0.9793446834883924,-0.0738661933593503,0.0,12.785224378743965
2024-02-28 00:00:00+00:00,3215.7396357416824,0.0,0.9777120536278497,-0.07541011730469072,0.0,12.785224378743965
2024-02-29 00:00:00+00:00,3229.291973583151,0.0,0.9818325004187433,-0.07151354734740278,0.0,12.785224378743965
2024-03-01 00:00:00+00:00,3258.953694141837,0.0,0.9908508367912648,-0.06298520555409359,0.0,12.785224378743965
2024-03-04 00:00:00+00:00,3255.757388047151,0.0,0.9898790333028467,-0.0639042079025105,0.0,12.785224378743965
2024-03-05 00:00:00+00:00,3221.237282224542,0.0,0.9793835556279293,-0.07382943326541336,0.0,12.785224378743965
2024-03-06 00:00:00+00:00,3240.287266548871,0.0,0.9851755044189022,-0.06835217926884851,0.0,12.785224378743965
2024-03-07 00:00:00+00:00,3271.866770764368,0.0,0.9947769228844746,-0.05927243606648924,0.0,12.785224378743965
2024-03-08 00:00:00+00:00,3252.944638683827,0.0,0.9890238462330385,-0.06471292996911748,0.0,12.785224378743965
2024-03-11 00:00:00+00:00,3247.7026966885423,0.0,0.9874300885120326,-0.06622009382052119,0.0,12.785224378743965
2024-03-12 00:00:00+00:00,3279.7936098791893,0.0,0.997186995535752,-0.05699331024241516,0.0,12.785224378743965
2024-03-13 00:00:00+00:00,3275.702338077991,0.0,0.9959430870705765,-0.05816963324838886,0.0,12.785224378743965
2024-03-14 00:00:00+00:00,3263.0449659430346,0.0,0.9920947452564403,-0.06180888254811989,0.0,12.785224378743965
2024-03-15 00:00:00+00:00,3243.7392771311315,0.0,0.986225052186394,-0.06735965673255817,0.0,12.785224378743965
2024-03-18 00:00:00+00:00,3260.2322165797113,0.0,0.9912395581866323,-0.06261760461472665,0.0,12.785224378743965
2024-03-19 00:00:00+00:00,3279.0264964164653,0.0,0.996953762698532,-0.057213870806034905,0.0,12.785224378743965
2024-03-20 00:00:00+00:00,3312.268079801199,0.0,1.0070605189780817,-0.04765624638249899,0.0,12.785224378743965
2024-03-21 00:00:00+00:00,3325.948269886455,0.0,1.011219837908512,-0.04372291633127445,0.0,12.785224378743965
2024-03-22 00:00:00+00:00,3316.627841314351,0.0,1.0083860589362843,-0.046402727179258196,0.0,12.830281784581627
2024-03-25 00:00:00+00:00,3309.1862778792934,0.0,1.006123529287607,-0.048542326476109565,0.0,12.830281784581627
2024-03-26 00:00:00+00:00,3303.2843482583858,0.0,1.0043291092214146,-0.050239250056370977,0.0,12.830281784581627
2024-03-27 00:00:00+00:00,3432.590541195401,100.0,1.0132393511334141,-0.041813129611569466,0.0,13.215995615429103
2024-03-28 00:00:00+00:00,3434.8372604500237,0.0,1.0139025424847892,-0.04118597153215631,0.0,13.215995615429103
2024-04-01 00:00:00+00:00,3432.194061326938,0.0,1.0131223173655242,-0.04192380456676026,0.0,13.215995615429103
2024-04-02 00:00:00+00:00,3400.4756718499084,0.0,1.003759615934345,-0.05077780098200779,0.0,13.215995615429103
2024-04-03 00:00:00+00:00,3405.7620700960797,0.0,1.0053200661728747,-0.04930213491279989,0.0,13.215995615429103
2024-04-04 00:00:00+00:00,3364.924643644404,0.0,0.9932655880802316,-0.06070165529743088,0.0,13.215995615429103
2024-04-05 00:00:00+00:00,3398.8897523760565,0.0,1.003291480862786,-0.051220500802770075,0.0,13.215995615429103
2024-04-08 00:00:00+00:00,3402.8545510606855,0.0,1.0044618185416834,-0.05011375125086415,0.0,13.215995615429103
2024-04-09 00:00:00+00:00,3407.7444694383944,0.0,1.0059052350123234,-0.048748760136846925,0.0,13.215995615429103
2024-04-10 00:00:00+00:00,3369.6824020659583,0.0,0.9946699932949081,-0.05937355583514414,0.0,13.215995615429103
2024-04-11 00:00:00+00:00,3392.5460744806505,0.0,1.00141894057655,-0.05299130008581987,0.0,13.215995615429103
2024-04-12 00:00:00+00:00,3343.646890703563,0.0,0.9869847758701484,-0.06664121122599309,0.0,13.215995615429103
2024-04-15 00:00:00+00:00,3302.545144339578,0.0,0.9748522752655786,-0.07811451491408472,0.0,13.215995615429103
2024-04-16 00:00:00+00:00,3292.6331476280066,0.0,0.9719264310683351,-0.08088138879384954,0.0,13.215995615429103
2024-04-17 00:00:00+00:00,3273.3377940294804,0.0,0.9662307876977011,-0.08626756994645834,0.0,13.215995615429103
2024-04-18 00:00:00+00:00,3266.597636265611,0.0,0.9642412136435753,-0.08814904418469871,0.0,13.215995615429103
2024-04-19 00:00:00+00:00,3240.958604771679,0.0,0.9566730299867054,-0.09530602462035698,0.0,13.215995615429103
2024-04-22 00:00:00+00:00,3272.809154204863,0.0,0.966074742673848,-0.08641513655337929,0.0,13.215995615429103
2024-04-23 00:00:00+00:00,3311.796341270379,0.0,0.9775830631830058,-0.07553209929297089,0.0,13.215995615429103
2024-04-24 00:00:00+00:00,3312.5893010073046,0.0,0.9778171307187853,-0.07531074938258975,0.0,13.215995615429103
2024-04-25 00:00:00+00:00,3296.862266224944,0.0,0.973174791259159,-0.0797008559384832,0.0,13.215995615429103
2024-04-26 00:00:00+00:00,3327.5233760527394,0.0,0.9822254026426323,-0.07114199273707733,0.0,13.215995615429103
2024-04-29 00:00:00+00:00,3440.565145702487,100.0,0.986075099849145,-0.06750146168770055,0.0,13.611445763747623
2024-04-30 00:00:00+00:00,3383.9415313252966,0.0,0.9698466217252677,-0.08284819555397893,0.0,13.611445763747623
2024-05-01 00:00:00+00:00,3375.502434951773,0.0,0.9674279543125744,-0.08513544915904936,0.0,13.611445763747623
2024-05-02 00:00:00+00:00,3410.4838505646044,0.0,0.9774537208458352,-0.07565441405416096,0.0,13.611445763747623
2024-05-03 00:00:00+00:00,3450.909844482935,0.0,0.9890399179679302,-0.06469773146213054,0.0,13.611445763747623
2024-05-06 00:00:00+00:00,3487.9329769603282,0.0,0.9996508459720036,-0.05466332854956413,0.0,13.611445763747623
2024-05-07 00:00:00+00:00,3491.0636094859906,0.0,1.0005480935605835,-0.053814831244457295,0.0,13.611445763747623
2024-05-08 00:00:00+00:00,3488.613549248516,0.0,0.9998458997956081,-0.054478872613671125,0.0,13.611445763747623
2024-05-09 00:00:00+00:00,3509.1668323517747,0.0,1.0057365252684578,-0.048908303349709525,0.0,13.611445763747623
2024-05-10 00:00:00+00:00,3512.4335793350742,0.0,1.0066727836217584,-0.04802291485742427,0.0,13.611445763747623
2024-05-13 00:00:00+00:00,3514.339181741999,0.0,1.0072189343278504,-0.047506438236924575,0.0,13.611445763747623
2024-05-14 00:00:00+00:00,3531.489603404321,0.0,1.0121342906826787,-0.04285814865242665,0.0,13.611445763747623
2024-05-15 00:00:00+00:00,3574.9101153906754,0.0,1.0245787246286326,-0.031089859942468046,0.0,13.611445763747623
2024-05-16 00:00:00+00:00,3565.245988898415,0.0,1.0218089603334517,-0.03370913423214539,0.0,13.611445763747623
2024-05-17 00:00:00+00:00,3570.282223831002,0.0,1.0232523586281235,-0.03234416030653886,0.0,13.611445763747623
2024-05-20 00:00:00+00:00,3573.9573141872133,0.0,1.0243056492755866,-0.03134809825271789,0.0,13.611445763747623
2024-05-21 00:00:00+00:00,3581.3074948996373,0.0,1.026412230570513,-0.02935597414507607,0.0,13.611445763747623
2024-05-22 00:00:00+00:00,3569.193308169902,0.0,1.0229402725103567,-0.03263928980396724,0.0,13.611445763747623
2024-05-23 00:00:00+00:00,3538.839784116745,0.0,1.014240871977605,-0.04086602454478483,0.0,13.611445763747623
2024-05-24 00:00:00+00:00,3564.42930215259,0.0,1.0215748957451265,-0.0339304813552167,0.0,13.611445763747623
2024-05-28 00:00:00+00:00,3664.1508438277465,100.0,1.0214950888503735,-0.03400595209037249,0.0,13.992251284330951
2024-05-29 00:00:00+00:00,3634.067503566435,0.0,1.01310842966441,-0.04193693770539397,0.0,13.992251284330951
2024-05-30 00:00:00+00:00,3616.2973444353343,0.0,1.0081544495871197,-0.04662175246403466,0.0,13.992251284330951
2024-05-31 00:00:00+00:00,3644.141924491153,0.0,1.015916985298779,-0.03928097973199152,0.0,13.992251284330951
2024-06-03 00:00:00+00:00,3645.2613045938992,0.0,1.0162290470359312,-0.03898587329050229,0.0,13.992251284330951
2024-06-04 00:00:00+00:00,3644.84153705537,0.0,1.0161120238844994,-0.039096538206060516,0.0,13.992251284330951
2024-06-05 00:00:00+00:00,3689.476818652385,0.0,1.0285554856534407,-0.027329168851679797,0.0,13.992251284330951
2024-06-06 00:00:00+00:00,3686.258600856989,0.0,1.0276583081591282,-0.028177599870961245,0.0,13.992251284330951
2024-06-07 00:00:00+00:00,3679.2624752148236,0.0,1.0257079223019274,-0.030022015130268587,0.0,13.992251284330951
2024-06-10 00:00:00+00:00,3691.5756563450345,0.0,1.0291406014106008,-0.026775844273887683,0.0,13.992251284330951
2024-06-11 00:00:00+00:00,3697.8721694229835,0.0,1.0308959486820817,-0.02511587054051101,0.0,13.992251284330951
2024-06-12 00:00:00+00:00,3732.7128751209675,0.0,1.0406088702509417,-0.015930682549160635,0.0,13.992251284330951
2024-06-13 00:00:00+00:00,3734.3919452750874,0.0,1.04107696285667,-0.015488022886926744,0.0,13.992251284330951
2024-06-14 00:00:00+00:00,3731.5934950182213,0.0,1.0402968085137898,-0.016225788990649637,0.0,13.992251284330951
2024-06-17 00:00:00+00:00,3759.9977651254135,0.0,1.0482153750940253,-0.008737463037861715,0.0,13.992251284330951
2024-06-18 00:00:00+00:00,3769.512495998758,0.0,1.0508678998598184,-0.0062290582852038145,0.0,13.992251284330951
2024-06-20 00:00:00+00:00,3759.9977651254135,0.0,1.0482153750940255,-0.008737463037861604,0.0,13.992251284330951
2024-06-21 00:00:00+00:00,3754.2609420988374,0.0,1.0466160586911206,-0.010249883550493721,0.0,13.992251284330951
2024-06-24 00:00:00+00:00,3747.964429020889,0.0,1.04486071141964,-0.011909857283870284,0.0,13.992251284330951
2024-06-25 00:00:00+00:00,3760.2776101511,0.0,1.0482933905283134,-0.008663686427489381,0.0,13.992251284330951
2024-06-26 00:00:00+00:00,3760.137687638257,0.0,1.0482543828111694,-0.008700574732675492,0.0,13.992251284330951
2024-06-27 00:00:00+00:00,3869.4654621231516,100.0,1.0508547877159715,-0.006241458005035727,0.0,14.36433834034877
2024-06-28 00:00:00+00:00,3856.2789995267112,0.0,1.0472736581030706,-0.009628013582849149,0.0,14.415457364310535
2024-07-01 00:00:00+00:00,3864.0633465034393,0.0,1.0493877015981763,-0.007628832719833389,0.0,14.415457364310535
2024-07-02 00:00:00+00:00,3886.407305418121,0.0,1.0554557894082013,-0.001890443205622372,0.0,14.415457364310535
2024-07-03 00:00:00+00:00,3902.408463092505,0.0,1.0598013232592514,0.0,0.0,14.415457364310535
2024-07-05 00:00:00+00:00,3922.734257976183,0.0,1.0653213257186935,0.0,0.0,14.415457364310535
2024-07-08 00:00:00+00:00,3928.067977200978,0.0,1.0667698370023768,0.0,0.0,14.415457364310535
2024-07-09 00:00:00+00:00,3927.058895185476,0.0,1.0664957943270854,-0.00025689016110674867,0.0,14.415457364310535
2024-07-10 00:00:00+00:00,3965.115702627256,0.0,1.0768311180809342,0.0,0.0,14.415457364310535
2024-07-11 00:00:00+00:00,3947.3846900691537,0.0,1.0720157967865274,-0.004471751617828867,0.0,14.415457364310535
2024-07-12 00:00:00+00:00,3973.4766678985557,0.0,1.079101757390492,0.0,0.0,14.415457364310535
2024-07-15 00:00:00+00:00,3990.486907588442,0.0,1.0837213339168335,0.0,0.0,14.415457364310535
2024-07-16 00:00:00+00:00,4023.3541503790707,0.0,1.0926472953406121,0.0,0.0,14.415457364310535
2024-07-17 00:00:00+00:00,3966.5572483636874,0.0,1.077222607617065,-0.014116804012898498,0.0,14.415457364310535
2024-07-18 00:00:00+00:00,3931.9601506893414,0.0,1.0678268587499296,-0.022715872447151675,0.0,14.415457364310535
2024-07-19 00:00:00+00:00,3907.4538731700136,0.0,1.0611715366357086,-0.028806879254747564,0.0,14.415457364310535
2024-07-22 00:00:00+00:00,3948.2496175110123,0.0,1.0722506905082057,-0.018667144392691015,0.0,14.415457364310535
2024-07-23 00:00:00+00:00,3945.3665260381504,0.0,1.0714677114359445,-0.019383733428878558,0.0,14.415457364310535
2024-07-24 00:00:00+00:00,3856.567308673997,0.0,1.047351956010297,-0.04145467574346129,0.0,14.415457364310535
2024-07-25 00:00:00+00:00,3841.719387588758,0.0,1.0433196137881515,-0.04514510927982818,0.0,14.415457364310535
2024-07-26 00:00:00+00:00,3887.704696580908,0.0,1.055808129990719,-0.03371551415263352,0.0,14.415457364310535
2024-07-29 00:00:00+00:00,3987.566459868409,100.0,1.0557705881874415,-0.03374987272693064,0.0,14.784644469498383
2024-07-30 00:00:00+00:00,3971.0076580625705,0.0,1.0513863864197281,-0.0377623310805173,0.0,14.784644469498383
2024-07-31 00:00:00+00:00,4029.850543051174,0.0,1.0669659605585662,-0.023503773716879284,0.0,14.784644469498383
2024-08-01 00:00:00+00:00,3966.7201111664162,0.0,1.0502511913191594,-0.038801271189928155,0.0,14.784644469498383
2024-08-02 00:00:00+00:00,3886.8830310311246,0.0,1.029113075653399,-0.058147052537578015,0.0,14.784644469498383
2024-08-05 00:00:00+00:00,3772.7455757265975,0.0,0.9988933991830901,-0.08580435476051407,0.0,14.784644469498383
2024-08-06 00:00:00+00:00,3811.037804902598,0.0,1.0090318657709267,-0.07652554481784524,0.0,14.784644469498383
2024-08-07 00:00:00+00:00,3781.9120552976865,0.0,1.0013203680187883,-0.08358317245763591,0.0,14.784644469498383
2024-08-08 00:00:00+00:00,3870.472075669982,0.0,1.024768018544326,-0.06212368537015056,0.0,14.784644469498383
2024-08-09 00:00:00+00:00,3887.178723920515,0.0,1.0291913649706794,-0.058075401495549905,0.0,14.784644469498383
2024-08-12 00:00:00+00:00,3884.6653343607004,0.0,1.0285259057737943,-0.058684435352790776,0.0,14.784644469498383
2024-08-13 00:00:00+00:00,3949.2742306924083,0.0,1.0456321215996038,-0.04302868266960036,0.0,14.784644469498383
2024-08-14 00:00:00+00:00,3960.510560489227,0.0,1.0486071156562664,-0.040305943072523664,0.0,14.784644469498383
2024-08-15 00:00:00+00:00,4029.111310827699,0.0,1.0667702372653638,-0.023682901321950944,0.0,14.784644469498383
2024-08-16 00:00:00+00:00,4038.7213297328735,0.0,1.0693146400769833,-0.021354242456030015,0.0,14.784644469498383
2024-08-19 00:00:00+00:00,4076.865712464179,0.0,1.0794139620061798,-0.012111258034375183,0.0,14.784644469498383
2024-08-20 00:00:00+00:00,4066.960000669615,0.0,1.07679126987728,-0.014511567942324333,0.0,14.784644469498383
2024-08-21 00:00:00+00:00,4087.3628100375226,0.0,1.0821932327696406,-0.009567646042369593,0.0,14.784644469498383
2024-08-22 00:00:00+00:00,4052.766741978897,0.0,1.0730333826478113,-0.01795081795968434,0.0,14.784644469498383
2024-08-23 00:00:00+00:00,4104.069458288056,0.0,1.086616579195994,-0.0055193621677689375,0.0,14.784644469498383
2024-08-26 00:00:00+00:00,4093.720207159407,0.0,1.0838764530911733,-0.008027148638760528,0.0,14.784644469498383
2024-08-27 00:00:00+00:00,4197.742880138561,100.0,1.0849415186794287,-0.007052391649202128,0.0,15.146651079377072
2024-08-28 00:00:00+00:00,4172.145039814414,0.0,1.0783255442023838,-0.013107387168119766,0.0,15.146651079377072
2024-08-29 00:00:00+00:00,4176.234635605847,0.0,1.0793825342075924,-0.01214002102012679,0.0,15.146651079377072
2024-08-30 00:00:00+00:00,4216.524727476989,0.0,1.089795843147793,-0.002609673043605709,0.0,15.146651079377072
2024-09-03 00:00:00+00:00,4125.796287511521,0.0,1.0663463241433557,-0.024070870178704462,0.0,15.146651079377072
2024-09-04 00:00:00+00:00,4116.5568303531,0.0,1.0639583096871439,-0.026256401105651417,0.0,15.146651079377072
2024-09-05 00:00:00+00:00,4103.833643446424,0.0,1.0606698963376069,-0.02926598467718433,0.0,15.146651079377072
2024-09-06 00:00:00+00:00,4035.673713589227,0.0,1.0430533962508008,-0.04538875381039709,0.0,15.146651079377072
2024-09-09 00:00:00+00:00,4078.841669165452,0.0,1.0542105129724446,-0.03517766669269573,0.0,15.146651079377072
2024-09-10 00:00:00+00:00,4094.7456527987974,0.0,1.058321029659366,-0.031415687228279476,0.0,15.146651079377072
2024-09-11 00:00:00+00:00,4135.490144202322,0.0,1.0688517819334789,-0.02177785412420341,0.0,15.146651079377072
2024-09-12 00:00:00+00:00,4169.873042152508,0.0,1.0777383275328234,-0.013644812805893691,0.0,15.146651079377072
2024-09-13 00:00:00+00:00,4198.954612224912,0.0,1.0852547009031939,-0.006765764642389649,0.0,15.146651079377072
2024-09-16 00:00:00+00:00,4207.285270318569,0.0,1.0874078286915811,-0.004795203970552664,0.0,15.146651079377072
2024-09-17 00:00:00+00:00,4211.526332620795,0.0,1.0885039664747602,-0.003792009446708322,0.0,15.146651079377072
2024-09-18 00:00:00+00:00,4200.923676865232,0.0,1.0857636220168128,-0.00629999575631901,0.0,15.146651079377072
2024-09-19 00:00:00+00:00,4272.112936938303,0.0,1.1041630776630322,0.0,0.0,15.146651079377072
2024-09-20 00:00:00+00:00,4263.17641280147,0.0,1.101853358762762,-0.002091827690126058,0.0,15.146651079377072
2024-09-23 00:00:00+00:00,4273.779068557035,0.0,1.1045937032207098,0.0,0.0,15.146651079377072
2024-09-24 00:00:00+00:00,4284.533190823393,0.0,1.107373195456628,0.0,0.0,15.146651079377072
2024-09-25 00:00:00+00:00,4270.4468053195715,0.0,1.1037324521053544,-0.003287729345636037,0.0,15.146651079377072
2024-09-26 00:00:00+00:00,4289.531585679587,0.0,1.10866507212966,0.0,0.0,15.146651079377072
2024-09-27 00:00:00+00:00,4384.856854955789,100.0,1.107456849140374,-0.0010897998139015597,0.0,15.546381332940216
2024-09-30 00:00:00+00:00,4402.113338235352,0.0,1.1118152150419722,0.0,0.0,15.546381332940216
2024-10-01 00:00:00+00:00,4362.003674396366,0.0,1.1016849591625815,-0.009111456420398345,0.0,15.546381332940216
2024-10-02 00:00:00+00:00,4362.936457276342,0.0,1.1019205465086137,-0.008899562085040391,0.0,15.546381332940216
2024-10-03 00:00:00+00:00,4353.608628476579,0.0,1.0995646730482906,-0.01101850543862104,0.0,15.546381332940216
2024-10-04 00:00:00+00:00,4395.7393218888465,0.0,1.1102053681774182,-0.0014479446249466843,0.0,15.546381332940216
2024-10-07 00:00:00+00:00,4355.62965804986,0.0,1.1000751122980272,-0.010559401045345251,0.0,15.546381332940216
2024-10-08 00:00:00+00:00,4392.319117995598,0.0,1.1093415479086326,-0.00222489052126007,0.0,15.546381332940216
2024-10-09 00:00:00+00:00,4422.945489221492,0.0,1.1170766657700282,0.0,0.0,15.546381332940216
2024-10-10 00:00:00+00:00,4413.773124235057,0.0,1.114760056867377,-0.002073813708259875,0.0,15.546381332940216
2024-10-11 00:00:00+00:00,4447.975163167525,0.0,1.1233982595552294,0.0,0.0,15.546381332940216
2024-10-14 00:00:00+00:00,4482.643593539981,0.0,1.132154255916098,0.0,0.0,15.546381332940216
2024-10-15 00:00:00+00:00,4451.8617585007605,0.0,1.1243798734970307,-0.006866893251023076,0.0,15.546381332940216
2024-10-16 00:00:00+00:00,4474.559475246853,0.0,1.1301124989171512,-0.0018034265103695768,0.0,15.546381332940216
2024-10-17 00:00:00+00:00,4473.626692366876,0.0,1.1298769115711187,-0.0020115141846430706,0.0,15.546381332940216
2024-10-18 00:00:00+00:00,4491.194103273099,0.0,1.1343138065880614,0.0,0.0,15.546381332940216
2024-10-21 00:00:00+00:00,4477.0468962601235,0.0,1.130740731839904,-0.003149987884662031,0.0,15.546381332940216
2024-10-22 00:00:00+00:00,4471.916590420253,0.0,1.129445001436726,-0.004292291183495611,0.0,15.546381332940216
2024-10-23 00:00:00+00:00,4431.495998954609,0.0,1.1192362164419913,-0.013292256568243954,0.0,15.546381332940216
2024-10-24 00:00:00+00:00,4443.3112487676435,0.0,1.1222203228250678,-0.010661497455778934,0.0,15.546381332940216
2024-10-25 00:00:00+00:00,4439.11372580775,0.0,1.1211601797679223,-0.011596109245733621,0.0,15.546381332940216
2024-10-28 00:00:00+00:00,4556.972206492697,100.0,1.1256705885233265,-0.007619776832949898,0.0,15.894566468408433
2024-10-29 00:00:00+00:00,4563.0121417506925,0.0,1.1271625830250318,-0.006304449017102143,0.0,15.894566468408433
2024-10-30 00:00:00+00:00,4551.726999558123,0.0,1.1243749090876354,-0.008762035199343599,0.0,15.894566468408433
2024-10-31 00:00:00+00:00,4466.850014616822,0.0,1.103408460037358,-0.02724585240098998,0.0,15.894566468408433
2024-11-01 00:00:00+00:00,4485.923494378912,0.0,1.10812002162169,-0.02309218561410309,0.0,15.894566468408433
2024-11-04 00:00:00+00:00,4477.817265480025,0.0,1.106117607948349,-0.024857493998529878,0.0,15.894566468408433
2024-11-05 00:00:00+00:00,4534.719813436926,0.0,1.1201737666749394,-0.012465721417650899,0.0,15.894566468408433
2024-11-06 00:00:00+00:00,4661.558453854825,0.0,1.1515056512107469,0.0,0.0,15.894566468408433
2024-11-07 00:00:00+00:00,4694.142315115062,0.0,1.1595545689173141,0.0,0.0,15.894566468408433
2024-11-08 00:00:00+00:00,4716.076816841466,0.0,1.164972864739296,0.0,0.0,15.894566468408433
2024-11-11 00:00:00+00:00,4729.269307010246,0.0,1.168231694835126,0.0,0.0,15.894566468408433
2024-11-12 00:00:00+00:00,4710.672664242207,0.0,1.163637922290402,-0.003932244404113772,0.0,15.894566468408433
2024-11-13 00:00:00+00:00,4708.44742493663,0.0,1.1630882401055633,-0.004402769375546289,0.0,15.894566468408433
2024-11-14 00:00:00+00:00,4673.638324370816,0.0,1.1544896402141573,-0.011763124285810389,0.0,15.894566468408433
2024-11-15 00:00:00+00:00,4614.351591443652,0.0,1.1398445362895253,-0.024299253881831073,0.0,15.894566468408433
2024-11-18 00:00:00+00:00,4633.107179876374,0.0,1.1444775718474518,-0.020333400551186487,0.0,15.894566468408433
2024-11-19 00:00:00+00:00,4654.405898944041,0.0,1.1497388156166224,-0.015829804396047864,0.0,15.894566468408433
2024-11-20 00:00:00+00:00,4657.107975243671,0.0,1.1504062868410694,-0.01525845264502279,0.0,15.894566468408433
2024-11-21 00:00:00+00:00,4689.691836503908,0.0,1.1584552045476366,-0.008368622706191098,0.0,15.894566468408433
2024-11-22 00:00:00+00:00,4712.897903547784,0.0,1.1641876044752406,-0.003461719432681587,0.0,15.894566468408433
2024-11-25 00:00:00+00:00,4735.945024926977,0.0,1.169880741389642,0.0,0.0,15.894566468408433
2024-11-26 00:00:00+00:00,4753.270102377542,0.0,1.1741604098287435,0.0,0.0,15.894566468408433
2024-11-27 00:00:00+00:00,4839.3989996253395,100.0,1.1707339477633634,-0.0029182231292229632,-1.4210854715202004e-14,16.228702212023272
2024-11-29 00:00:00+00:00,4866.338645297298,0.0,1.177251111925963,0.0,-1.4210854715202004e-14,16.228702212023272
2024-12-02 00:00:00+00:00,4875.589005558152,0.0,1.1794889333552896,0.0,-1.4210854715202004e-14,16.228702212023272
2024-12-03 00:00:00+00:00,4875.589005558152,0.0,1.1794889333552896,0.0,-1.4210854715202004e-14,16.228702212023272
2024-12-04 00:00:00+00:00,4908.370984026438,0.0,1.1874194584206215,0.0,-1.4210854715202004e-14,16.228702212023272
2024-12-05 00:00:00+00:00,4894.738874168339,0.0,1.1841216163142458,-0.0027773185650520338,-1.4210854715202004e-14,16.228702212023272
2024-12-06 00:00:00+00:00,4908.370984026438,0.0,1.1874194584206215,0.0,-1.4210854715202004e-14,16.228702212023272
2024-12-09 00:00:00+00:00,4877.049588757233,0.0,1.1798422735809726,-0.00638122003636965,-1.4210854715202004e-14,16.228702212023272
2024-12-10 00:00:00+00:00,4858.711155257647,0.0,1.1754058907473959,-0.010117374772689591,-1.4210854715202004e-14,16.228702212023272
2024-12-11 00:00:00+00:00,4897.822327588624,0.0,1.1848675567906883,-0.0021491155562899378,-1.4210854715202004e-14,16.228702212023272
2024-12-12 00:00:00+00:00,4869.908959783943,0.0,1.1781148324776332,-0.007836005951396774,-1.4210854715202004e-14,16.228702212023272
2024-12-13 00:00:00+00:00,4867.47465445214,0.0,1.1775259321014948,-0.00833195569515588,-1.4210854715202004e-14,16.228702212023272
2024-12-16 00:00:00+00:00,4887.273671150808,0.0,1.1823156551607545,-0.004298231112580431,-1.4210854715202004e-14,16.228702212023272
2024-12-17 00:00:00+00:00,4863.092904854894,0.0,1.1764659114244456,-0.009224665233922624,-1.4210854715202004e-14,16.228702212023272
2024-12-18 00:00:00+00:00,4712.652835349438,0.0,1.1400718681790853,-0.03987435939824735,-1.4210854715202004e-14,16.228702212023272
2024-12-19 00:00:00+00:00,4705.999067442509,0.0,1.1384622071509736,-0.041229955364522675,-1.4210854715202004e-14,16.228702212023272
2024-12-20 00:00:00+00:00,4759.553784742185,0.0,1.1514180154260205,-0.03031906100181836,-1.4210854715202004e-14,16.228702212023272
2024-12-23 00:00:00+00:00,4786.509659116356,0.0,1.157939105591128,-0.02482724417259019,-1.4210854715202004e-14,16.280645099035223
2024-12-24 00:00:00+00:00,4837.305271825346,0.0,1.170227438956585,-0.014478472069931803,-1.4210854715202004e-14,16.280645099035223
2024-12-26 00:00:00+00:00,4840.0729814921815,0.0,1.1708969955822668,-0.013914596666902423,-1.4210854715202004e-14,16.280645099035223
2024-12-27 00:00:00+00:00,4887.172901090665,100.0,1.1580995552450966,-0.024692119509750254,-1.4210854715202004e-14,16.61908015469332
2024-12-30 00:00:00+00:00,4833.160890587912,0.0,1.1453004817097256,-0.03547101777068562,-1.4210854715202004e-14,16.61908015469332
2024-12-31 00:00:00+00:00,4816.375619631672,0.0,1.1413229234725795,-0.03882076769177645,-1.4210854715202004e-14,16.61908015469332
2025-01-02 00:00:00+00:00,4807.23512554659,0.0,1.1391569264127472,-0.040644888935934986,-1.4210854715202004e-14,16.61908015469332
2025-01-03 00:00:00+00:00,4870.387630134425,0.0,1.1541219970079504,-0.028041869430841082,-1.4210854715202004e-14,16.61908015469332
2025-01-06 00:00:00+00:00,4897.642921588122,0.0,1.160580606422722,-0.022602671539169172,-1.4210854715202004e-14,16.61908015469332
2025-01-07 00:00:00+00:00,4842.966147879181,0.0,1.1476240058284541,-0.03351423316331614,-1.4210854715202004e-14,16.61908015469332
2025-01-08 00:00:00+00:00,4847.453299520948,0.0,1.148687313476008,-0.03261875546163839,-1.4210854715202004e-14,16.61908015469332
2025-01-10 00:00:00+00:00,4774.661728443391,0.0,1.1314381005268002,-0.0471453937332994,-1.4210854715202004e-14,16.61908015469332
2025-01-13 00:00:00+00:00,4782.472696116097,0.0,1.1332890434688383,-0.04558659921556418,-1.4210854715202004e-14,16.61908015469332
2025-01-14 00:00:00+00:00,4793.275098216648,0.0,1.1358488581759125,-0.04343081956337713,-1.4210854715202004e-14,16.61908015469332
2025-01-15 00:00:00+00:00,4881.190032234975,0.0,1.156681811715024,-0.025886089778654475,-1.4210854715202004e-14,16.61908015469332
2025-01-16 00:00:00+00:00,4877.533834600943,0.0,1.1558154128910914,-0.02661573827631769,-1.4210854715202004e-14,16.61908015469332
2025-01-17 00:00:00+00:00,4922.571541820162,0.0,1.1664878711313547,-0.01762779541873749,-1.4210854715202004e-14,16.61908015469332
2025-01-21 00:00:00+00:00,4971.43163747496,0.0,1.1780661099602747,-0.007877038222691368,-1.4210854715202004e-14,16.61908015469332
2025-01-22 00:00:00+00:00,4995.695494500813,0.0,1.183815847610011,-0.0030348254654708473,-1.4210854715202004e-14,16.61908015469332
2025-01-23 00:00:00+00:00,5021.953641145228,0.0,1.1900381664364375,0.0,-1.4210854715202004e-14,16.61908015469332
2025-01-24 00:00:00+00:00,5007.328850609098,0.0,1.186572571140706,-0.0029121715533789727,-1.4210854715202004e-14,16.61908015469332
2025-01-27 00:00:00+00:00,5038.190247599347,100.0,1.1701889917142465,-0.016679443804419436,-1.4210854715202004e-14,16.957893798718768
2025-01-28 00:00:00+00:00,5081.432876786079,0.0,1.1802326872001816,-0.008239634251074768,-1.4210854715202004e-14,16.957893798718768
2025-01-29 00:00:00+00:00,5059.726772723719,0.0,1.1751911459366533,-0.012476087673930158,-1.4210854715202004e-14,16.957893798718768
2025-01-30 00:00:00+00:00,5091.438034127323,0.0,1.182556522626339,-0.006286894001477417,-1.4210854715202004e-14,16.957893798718768
2025-01-31 00:00:00+00:00,5063.627088297424,0.0,1.1760970478824435,-0.011714849949510886,-1.4210854715202004e-14,16.957893798718768
2025-02-03 00:00:00+00:00,5026.658879816217,0.0,1.1675106729179971,-0.018930059685311362,-1.4210854715202004e-14,16.957893798718768
2025-02-04 00:00:00+00:00,5063.118351483462,0.0,1.1759788867590797,-0.011814141826609004,-1.4210854715202004e-14,16.957893798718768
2025-02-05 00:00:00+00:00,5086.520244925694,0.0,1.1814142984338212,-0.0072467154800929245,-1.4210854715202004e-14,16.957893798718768
2025-02-06 00:00:00+00:00,5099.069086336746,0.0,1.1843289394767986,-0.00479751584500443,-1.4210854715202004e-14,16.957893798718768
2025-02-07 00:00:00+00:00,5053.452352018193,0.0,1.173733825415165,-0.013700687491474017,-1.4210854715202004e-14,16.957893798718768
2025-02-10 00:00:00+00:00,5085.841929173746,0.0,1.1812567502693363,-0.0073791046495568224,-1.4210854715202004e-14,16.957893798718768
2025-02-11 00:00:00+00:00,5083.128666165951,0.0,1.180626557611395,-0.007908661327413968,-1.4210854715202004e-14,16.957893798718768
2025-02-12 00:00:00+00:00,5066.340351305219,0.0,1.1767272405403848,-0.01118529327165374,-1.4210854715202004e-14,16.957893798718768
2025-02-13 00:00:00+00:00,5119.248979957221,0.0,1.1890159973702348,-0.0008589380534437252,-1.4210854715202004e-14,16.957893798718768
2025-02-14 00:00:00+00:00,5118.570664205273,0.0,1.1888584492057495,-0.0009913272229080672,-1.4210854715202004e-14,16.957893798718768
2025-02-18 00:00:00+00:00,5132.984873934184,0.0,1.1922063477010612,0.0,-1.4210854715202004e-14,16.957893798718768
2025-02-19 00:00:00+00:00,5140.276768267633,0.0,1.1938999904692777,0.0,-1.4210854715202004e-14,16.957893798718768
2025-02-20 00:00:00+00:00,5112.635401375722,0.0,1.1874799027665035,-0.005377408287147056,-1.4210854715202004e-14,16.957893798718768
2025-02-21 00:00:00+00:00,5018.179932916858,0.0,1.1655413208619314,-0.02375296912114022,-1.4210854715202004e-14,16.957893798718768
2025-02-24 00:00:00+00:00,4992.573513280793,0.0,1.1595938776526131,-0.028734494589601423,-1.4210854715202004e-14,16.957893798718768
2025-02-25 00:00:00+00:00,4967.814988334663,0.0,1.1538433696489012,-0.03355106888361037,-1.4210854715202004e-14,16.957893798718768
2025-02-26 00:00:00+00:00,4969.510777714535,0.0,1.1542372400601144,-0.03322116653470564,-1.4210854715202004e-14,16.957893798718768
2025-02-27 00:00:00+00:00,4990.492252123382,100.0,1.1358841004913343,-0.048593592797617546,-1.4210854715202004e-14,17.297467166210467
2025-02-28 00:00:00+00:00,5067.465981013018,0.0,1.1534040625279582,-0.03391902861595808,-1.4210854715202004e-14,17.297467166210467
2025-03-03 00:00:00+00:00,4976.654278390413,0.0,1.1327344443948624,-0.05123171669544402,-1.4210854715202004e-14,17.297467166210467
2025-03-04 00:00:00+00:00,4914.556371263718,0.0,1.1186003626619454,-0.06307029768694017,-1.4210854715202004e-14,17.297467166210467
2025-03-05 00:00:00+00:00,4970.427190210578,0.0,1.1313170991514503,-0.05241887244946575,-1.4210854715202004e-14,17.297467166210467
2025-03-06 00:00:00+00:00,4878.058715543014,0.0,1.110293144707501,-0.0700283494674574,-1.4210854715202004e-14,17.297467166210467
2025-03-07 00:00:00+00:00,4861.961519623467,0.0,1.106629267882579,-0.0730971800681528,4861.961519623467,0.0
2025-03-10 00:00:00+00:00,4793.272526098258,0.0,1.090994991405977,-0.08619231081730094,0.0,17.39087339851338
2025-03-11 00:00:00+00:00,4780.098939498885,0.0,1.0879965562198877,-0.0887037734272561,4780.098939498885,0.0
2025-03-12 00:00:00+00:00,4780.098939498885,0.0,1.0879965562198877,-0.0887037734272561,4780.098939498885,0.0
2025-03-13 00:00:00+00:00,4780.098939498885,0.0,1.0879965562198877,-0.0887037734272561,4780.098939498885,0.0
2025-03-14 00:00:00+00:00,4780.098939498885,0.0,1.0879965562198877,-0.0887037734272561,4780.098939498885,0.0
2025-03-17 00:00:00+00:00,4780.098939498885,0.0,1.0879965562198877,-0.0887037734272561,4780.098939498885,0.0
2025-03-18 00:00:00+00:00,4780.098939498885,0.0,1.0879965562198877,-0.0887037734272561,4780.098939498885,0.0
2025-03-19 00:00:00+00:00,4780.098939498885,0.0,1.0879965562198877,-0.0887037734272561,4780.098939498885,0.0
2025-03-20 00:00:00+00:00,4780.098939498885,0.0,1.0879965562198877,-0.0887037734272561,4780.098939498885,0.0
2025-03-21 00:00:00+00:00,4780.098939498885,0.0,1.0879965562198877,-0.0887037734272561,4780.098939498885,0.0
2025-03-24 00:00:00+00:00,4780.098939498885,0.0,1.0879965562198877,-0.0887037734272561,4780.098939498885,0.0
2025-03-25 00:00:00+00:00,4777.206319158844,0.0,1.0873381679713914,-0.08925523356106313,0.0,16.792176593760217
2025-03-26 00:00:00+00:00,4721.288371101623,0.0,1.0746107044424635,-0.09991564367123085,0.0,16.792176593760217
2025-03-27 00:00:00+00:00,4806.955174498721,100.0,1.0713483308512561,-0.10264817873886667,4806.955174498721,0.0
2025-03-28 00:00:00+00:00,4806.955174498721,0.0,1.0713483308512561,-0.10264817873886667,4806.955174498721,0.0
2025-03-31 00:00:00+00:00,4806.955174498721,0.0,1.0713483308512561,-0.10264817873886667,4806.955174498721,0.0
2025-04-01 00:00:00+00:00,4806.955174498721,0.0,1.0713483308512561,-0.10264817873886667,4806.955174498721,0.0
2025-04-02 00:00:00+00:00,4806.955174498721,0.0,1.0713483308512561,-0.10264817873886667,4806.955174498721,0.0
2025-04-03 00:00:00+00:00,4806.955174498721,0.0,1.0713483308512561,-0.10264817873886667,4806.955174498721,0.0
2025-04-04 00:00:00+00:00,4806.955174498721,0.0,1.0713483308512561,-0.10264817873886667,4806.955174498721,0.0
2025-04-07 00:00:00+00:00,4806.955174498721,0.0,1.0713483308512561,-0.10264817873886667,4806.955174498721,0.0
2025-04-08 00:00:00+00:00,4806.955174498721,0.0,1.0713483308512561,-0.10264817873886667,4806.955174498721,0.0
2025-04-09 00:00:00+00:00,4806.955174498721,0.0,1.0713483308512561,-0.10264817873886667,4806.955174498721,0.0
2025-04-10 00:00:00+00:00,4806.955174498721,0.0,1.0713483308512561,-0.10264817873886667,4806.955174498721,0.0
2025-04-11 00:00:00+00:00,4806.955174498721,0.0,1.0713483308512561,-0.10264817873886667,4806.955174498721,0.0
2025-04-14 00:00:00+00:00,4806.955174498721,0.0,1.0713483308512561,-0.10264817873886667,4806.955174498721,0.0
2025-04-15 00:00:00+00:00,4806.955174498721,0.0,1.0713483308512561,-0.10264817873886667,4806.955174498721,0.0
2025-04-16 00:00:00+00:00,4806.955174498721,0.0,1.0713483308512561,-0.10264817873886667,4806.955174498721,0.0
2025-04-17 00:00:00+00:00,4806.955174498721,0.0,1.0713483308512561,-0.10264817873886667,4806.955174498721,0.0
2025-04-21 00:00:00+00:00,4806.955174498721,0.0,1.0713483308512561,-0.10264817873886667,4806.955174498721,0.0
2025-04-22 00:00:00+00:00,4806.955174498721,0.0,1.0713483308512561,-0.10264817873886667,4806.955174498721,0.0
2025-04-23 00:00:00+00:00,4806.955174498721,0.0,1.0713483308512561,-0.10264817873886667,4806.955174498721,0.0
2025-04-24 00:00:00+00:00,4806.955174498721,0.0,1.0713483308512561,-0.10264817873886667,4806.955174498721,0.0
2025-04-25 00:00:00+00:00,4806.955174498721,0.0,1.0713483308512561,-0.10264817873886667,4806.955174498721,0.0
2025-04-28 00:00:00+00:00,4906.955174498721,100.0,1.0713483308512561,-0.10264817873886667,4906.955174498721,0.0
2025-04-29 00:00:00+00:00,4906.955174498721,0.0,1.0713483308512561,-0.10264817873886667,4906.955174498721,0.0
2025-04-30 00:00:00+00:00,4906.955174498721,0.0,1.0713483308512561,-0.10264817873886667,4906.955174498721,0.0
2025-05-01 00:00:00+00:00,4906.955174498721,0.0,1.0713483308512561,-0.10264817873886667,4906.955174498721,0.0
2025-05-02 00:00:00+00:00,4906.955174498721,0.0,1.0713483308512561,-0.10264817873886667,4906.955174498721,0.0
2025-05-05 00:00:00+00:00,4906.955174498721,0.0,1.0713483308512561,-0.10264817873886667,4906.955174498721,0.0
2025-05-06 00:00:00+00:00,4906.955174498721,0.0,1.0713483308512561,-0.10264817873886667,4906.955174498721,0.0
2025-05-07 00:00:00+00:00,4906.955174498721,0.0,1.0713483308512561,-0.10264817873886667,4906.955174498721,0.0
2025-05-08 00:00:00+00:00,4906.955174498721,0.0,1.0713483308512561,-0.10264817873886667,4906.955174498721,0.0
2025-05-09 00:00:00+00:00,4906.955174498721,0.0,1.0713483308512561,-0.10264817873886667,4906.955174498721,0.0
2025-05-12 00:00:00+00:00,4906.955174498721,0.0,1.0713483308512561,-0.10264817873886667,4906.955174498721,0.0
2025-05-13 00:00:00+00:00,4931.95763499468,0.0,1.0768071833100534,-0.098075892532003,0.0,17.052616122656385
2025-05-14 00:00:00+00:00,4935.197632057985,0.0,1.0775145803255741,-0.09748338309137339,0.0,17.052616122656385
2025-05-15 00:00:00+00:00,4955.319719082719,0.0,1.0819078881061763,-0.09380358761798924,0.0,17.052616122656385
2025-05-16 00:00:00+00:00,4989.254425166805,0.0,1.0893169410582095,-0.0875978308450781,0.0,17.052616122656385
2025-05-19 00:00:00+00:00,4993.176526875016,0.0,1.0901732637612083,-0.08688058257484221,0.0,17.052616122656385
2025-05-20 00:00:00+00:00,4976.8060153972665,0.0,1.0865990472617353,-0.08987431448539207,0.0,17.052616122656385
2025-05-21 00:00:00+00:00,4890.178725494171,0.0,1.0676854849520225,-0.10571614584538613,0.0,17.052616122656385
2025-05-22 00:00:00+00:00,4889.326094688039,0.0,1.0674993278426752,-0.10587206938239369,0.0,17.052616122656385
2025-05-23 00:00:00+00:00,4860.677699601976,0.0,1.061244448968597,-0.11111110022585624,0.0,17.052616122656385
2025-05-27 00:00:00+00:00,5061.401503522002,100.0,1.0832357399768202,-0.09269139071603438,0.0,17.399111390587837
2025-05-28 00:00:00+00:00,5031.649023044097,0.0,1.0768681459054543,-0.09802483080498436,0.0,17.399111390587837
2025-05-29 00:00:00+00:00,5047.830196637344,0.0,1.080331223382864,-0.09512418794959043,0.0,17.399111390587837
2025-05-30 00:00:00+00:00,5043.654409903602,0.0,1.0794375259693387,-0.09587274094453091,0.0,17.399111390587837
2025-06-02 00:00:00+00:00,5069.405094761672,0.0,1.08494866001941,-0.09125666414239852,0.0,17.399111390587837
2025-06-03 00:00:00+00:00,5104.3773086567535,0.0,1.0924333758576823,-0.084987532809773,0.0,17.399111390587837
2025-06-04 00:00:00+00:00,5103.8553353150355,0.0,1.0923216636809916,-0.08508110193414065,0.0,17.399111390587837
2025-06-05 00:00:00+00:00,5075.668774862284,0.0,1.0862892061396978,-0.09013383464998781,0.0,17.399111390587837
2025-06-06 00:00:00+00:00,5134.825753590282,0.0,1.098949919497969,-0.07952933388833294,0.0,17.399111390587837
2025-06-09 00:00:00+00:00,5139.001540324024,0.0,1.0998436169114942,-0.07878078089339247,0.0,17.399111390587837
2025-06-10 00:00:00+00:00,5166.144154093341,0.0,1.105652650099407,-0.07391518642628014,0.0,17.399111390587837
2025-06-11 00:00:00+00:00,5152.398856094776,0.0,1.1027108961132204,-0.07637917336795885,0.0,17.399111390587837
2025-06-12 00:00:00+00:00,5168.928011915835,0.0,1.1062484483750903,-0.07341615109631994,0.0,17.399111390587837
2025-06-13 00:00:00+00:00,5107.857130934871,0.0,1.0931781237022864,-0.08436373864732283,0.0,17.399111390587837
2025-06-16 00:00:00+00:00,5158.314553967577,0.0,1.1039769674490476,-0.07531872329179323,0.0,17.399111390587837
2025-06-17 00:00:00+00:00,5115.338748832824,0.0,1.0947793315681855,-0.08302258119805461,0.0,17.399111390587837
2025-06-18 00:00:00+00:00,5117.252651085789,0.0,1.0951889428827177,-0.08267949440870703,0.0,17.399111390587837
2025-06-20 00:00:00+00:00,5105.421255340189,0.0,1.0926568002110635,-0.08480039456103805,0.0,17.399111390587837
2025-06-23 00:00:00+00:00,5154.4867494616465,0.0,1.1031577448199827,-0.07600489687048884,0.0,17.399111390587837
2025-06-24 00:00:00+00:00,5214.68767487308,0.0,1.1160418825316354,-0.06521325786009868,0.0,17.399111390587837
2025-06-25 00:00:00+00:00,5208.597985886375,0.0,1.114738573803578,-0.06630489764438674,0.0,17.399111390587837
2025-06-26 00:00:00+00:00,5253.487693274092,0.0,1.1243458209989723,-0.05825795294877778,0.0,17.399111390587837
2025-06-27 00:00:00+00:00,5377.482537458953,100.0,1.1294811719048685,-0.053956628761751335,0.0,17.729328203682545
2025-06-30 00:00:00+00:00,5404.661597595198,0.0,1.1351898351092804,-0.049175103298996214,0.0,17.78258677193827
2025-07-01 00:00:00+00:00,5404.661597595198,0.0,1.1351898351092804,-0.049175103298996214,0.0,17.78258677193827
2025-07-02 00:00:00+00:00,5432.75808469486,0.0,1.1410911937756596,-0.04423217783330491,0.0,17.78258677193827
2025-07-03 00:00:00+00:00,5477.570203360145,0.0,1.1505034873448217,-0.03634852455891091,0.0,17.78258677193827
2025-07-07 00:00:00+00:00,5434.358517504335,0.0,1.1414273471174157,-0.04395061878779061,0.0,17.78258677193827
2025-07-08 00:00:00+00:00,5434.002865768896,0.0,1.1413526463748032,-0.04401318746457161,0.0,17.78258677193827
2025-07-09 00:00:00+00:00,5468.145432371018,0.0,1.1485239176655933,-0.03800659449360477,0.0,17.78258677193827
2025-07-10 00:00:00+00:00,5482.727153524007,0.0,1.1515866481127015,-0.03544127874558778,0.0,17.78258677193827
2025-07-11 00:00:00+00:00,5459.609790720488,0.0,1.146731099842896,-0.039508242736346344,0.0,17.78258677193827
2025-07-14 00:00:00+00:00,5472.057601460845,0.0,1.1493456258343298,-0.037318339049014715,0.0,17.78258677193827
2025-07-15 00:00:00+00:00,5443.249810890305,0.0,1.1432948656827255,-0.04238640186826803,0.0,17.78258677193827
2025-07-16 00:00:00+00:00,5463.877611545753,0.0,1.1476275087542445,-0.038757418614975725,0.0,17.78258677193827
2025-07-17 00:00:00+00:00,5499.442785089629,0.0,1.1550975830154842,-0.03250055093688531,0.0,17.78258677193827
2025-07-18 00:00:00+00:00,5496.4197453383995,0.0,1.1544626267032787,-0.033032384689522964,0.0,17.78258677193827
2025-07-21 00:00:00+00:00,5502.643650708578,0.0,1.1557698896989956,-0.03193743284585726,0.0,17.78258677193827
2025-07-22 00:00:00+00:00,5509.0453819464765,0.0,1.157114503066019,-0.030811196663800722,0.0,17.78258677193827
2025-07-23 00:00:00+00:00,5555.457933421236,0.0,1.166862949976937,-0.022645984343892644,0.0,17.78258677193827
2025-07-24 00:00:00+00:00,5553.501848876322,0.0,1.1664520958925686,-0.02299011206618773,0.0,17.78258677193827
2025-07-25 00:00:00+00:00,5578.219644489316,0.0,1.1716437975041303,-0.01864158902991475,0.0,17.78258677193827
2025-07-28 00:00:00+00:00,5676.378370928989,100.0,1.1712570582066562,-0.01896551842145633,0.0,18.1006963358705
2025-07-29 00:00:00+00:00,5658.458681556477,0.0,1.1675595311415268,-0.022062534163684422,0.0,18.1006963358705
2025-07-30 00:00:00+00:00,5651.942430875563,0.0,1.166214975845116,-0.02318872170631303,0.0,18.1006963358705
2025-07-31 00:00:00+00:00,5627.325483858779,0.0,1.161135544725342,-0.027443207978465,0.0,18.1006963358705
2025-08-01 00:00:00+00:00,5534.106897729046,0.0,1.1419009342350224,-0.04355394643551047,0.0,18.1006963358705
2025-08-04 00:00:00+00:00,5620.809233177865,0.0,1.1597909894289313,-0.028569395521093388,0.0,18.1006963358705
2025-08-05 00:00:00+00:00,5596.0112791977235,0.0,1.1546742095509241,-0.03285516478054029,0.0,18.1006963358705
2025-08-06 00:00:00+00:00,5633.841734539693,0.0,1.1624801000217528,-0.02631702043583639,0.0,18.1006963358705
2025-08-07 00:00:00+00:00,5630.583609199236,0.0,1.1618078223735475,-0.02688011420715064,0.0,18.1006963358705
2025-08-08 00:00:00+00:00,5666.060974017541,0.0,1.169128178987339,-0.020748648697284877,0.0,18.1006963358705
2025-08-11 00:00:00+00:00,5653.028472655716,0.0,1.1664390683945176,-0.023001023782541652,0.0,18.1006963358705
2025-08-12 00:00:00+00:00,5722.1731326587405,0.0,1.1807062940397643,-0.01105092263576235,0.0,18.1006963358705
2025-08-13 00:00:00+00:00,5749.867198052623,0.0,1.18642065404951,-0.0062646255795915096,0.0,18.1006963358705
2025-08-14 00:00:00+00:00,5741.359870774763,0.0,1.1846652624125291,-0.007734925982467611,0.0,18.1006963358705
2025-08-15 00:00:00+00:00,5728.3273694129375,0.0,1.1819761518197078,-0.009987301067724386,0.0,18.1006963358705
2025-08-18 00:00:00+00:00,5730.49945297324,0.0,1.182424336918511,-0.009611905220181849,0.0,18.1006963358705
2025-08-19 00:00:00+00:00,5695.74611600837,0.0,1.1752533753376542,-0.015618238780866656,0.0,18.1006963358705
2025-08-20 00:00:00+00:00,5680.722538049597,0.0,1.1721534284042625,-0.018214726726371366,0.0,18.1006963358705
2025-08-21 00:00:00+00:00,5661.173786006857,0.0,1.1681197625150304,-0.02159328935425664,0.0,18.1006963358705
2025-08-22 00:00:00+00:00,5759.279560147275,0.0,1.188362789477658,-0.004637910240239851,0.0,18.1006963358705
2025-08-25 00:00:00+00:00,5731.585494753393,0.0,1.1826484294679125,-0.009424207296410692,0.0,18.1006963358705
2025-08-26 00:00:00+00:00,5757.650497477047,0.0,1.1880266506535553,-0.004919457125897031,0.0,18.1006963358705
2025-08-27 00:00:00+00:00,5873.392018748702,100.0,1.1912747371431314,-0.002198888807356858,-1.4210854715202004e-14,18.415350908474014
2025-08-28 00:00:00+00:00,5894.753825802532,0.0,1.1956074602104358,0.0,-1.4210854715202004e-14,18.415350908474014
2025-08-29 00:00:00+00:00,5859.764659076432,0.0,1.1885107586346788,-0.005935645110902832,-1.4210854715202004e-14,18.415350908474014
2025-09-02 00:00:00+00:00,5819.066733568704,0.0,1.1802561741702455,-0.012839737582005739,-1.4210854715202004e-14,18.415350908474014
2025-09-03 00:00:00+00:00,5843.743303786058,0.0,1.1852612163342005,-0.00865354576694799,-1.4210854715202004e-14,18.415350908474014
2025-09-04 00:00:00+00:00,5895.490439838871,0.0,1.1957568644541359,0.0,-1.4210854715202004e-14,18.415350908474014
2025-09-05 00:00:00+00:00,5884.625382802871,0.0,1.1935531518595588,-0.0018429437121258996,-1.4210854715202004e-14,18.415350908474014
2025-09-08 00:00:00+00:00,5903.409040729514,0.0,1.1973629600739126,0.0,-1.4210854715202004e-14,18.415350908474014
2025-09-09 00:00:00+00:00,5910.959334601989,0.0,1.1988943535718393,0.0,-1.4210854715202004e-14,18.415350908474014
2025-09-10 00:00:00+00:00,5926.059922346938,0.0,1.2019571405676923,0.0,-1.4210854715202004e-14,18.415350908474014
2025-09-11 00:00:00+00:00,5980.93766805419,0.0,1.2130877567233531,0.0,-1.4210854715202004e-14,18.415350908474014
2025-09-12 00:00:00+00:00,5972.282453127207,0.0,1.2113322568598763,-0.001447133444177684,-1.4210854715202004e-14,18.415350908474014
2025-09-15 00:00:00+00:00,6001.378707562596,0.0,1.217233724486032,0.0,-1.4210854715202004e-14,18.415350908474014
2025-09-16 00:00:00+00:00,5993.275953162868,0.0,1.2155902778053305,-0.0013501488232224856,-1.4210854715202004e-14,18.415350908474014
2025-09-17 00:00:00+00:00,5987.935501399411,0.0,1.2145070970385046,-0.0022400196385281568,-1.4210854715202004e-14,18.415350908474014
2025-09-18 00:00:00+00:00,6025.686970761782,0.0,1.222164064528137,0.0,-1.4210854715202004e-14,18.415350908474014
2025-09-19 00:00:00+00:00,6048.337852379205,0.0,1.2267582450219168,0.0,-1.4210854715202004e-14,18.415350908474014
2025-09-22 00:00:00+00:00,6074.487650669239,0.0,1.232062095673272,0.0,-1.4210854715202004e-14,18.415350908474014
2025-09-23 00:00:00+00:00,6041.892479561239,0.0,1.2254509578895403,-0.005365912811495899,-1.4210854715202004e-14,18.415350908474014
2025-09-24 00:00:00+00:00,6019.7940584710705,0.0,1.2209688305785358,-0.009003819802340551,-1.4210854715202004e-14,18.415350908474014
2025-09-25 00:00:00+00:00,5987.56719438124,0.0,1.2144323949166542,-0.014309100830655619,-1.4210854715202004e-14,18.415350908474014
2025-09-26 00:00:00+00:00,6025.1345102345285,0.0,1.222052011345362,-0.00812465894621972,-1.4210854715202004e-14,18.415350908474014
2025-09-29 00:00:00+00:00,6140.134072186159,100.0,1.2250943077158667,-0.005655386998654199,-1.4210854715202004e-14,18.771427918636988
2025-09-30 00:00:00+00:00,6160.219500059101,0.0,1.2291018005598167,-0.002402715840257752,-1.4210854715202004e-14,18.771427918636988
2025-10-01 00:00:00+00:00,6181.618927886347,0.0,1.2333714658328097,0.0,-1.4210854715202004e-14,18.771427918636988
2025-10-02 00:00:00+00:00,6190.629213287292,0.0,1.2351692196319646,0.0,-1.4210854715202004e-14,18.771427918636988
2025-10-03 00:00:00+00:00,6194.008070312648,0.0,1.235843377306648,0.0,-1.4210854715202004e-14,18.771427918636988
2025-10-06 00:00:00+00:00,6217.284640931756,0.0,1.2404875746211315,0.0,-1.4210854715202004e-14,18.771427918636988
2025-10-07 00:00:00+00:00,6187.438070541124,0.0,1.2345325151614306,-0.004800579692641915,-1.4210854715202004e-14,18.771427918636988
2025-10-08 00:00:00+00:00,6228.547497682939,0.0,1.2427347668700754,0.0,-1.4210854715202004e-14,18.771427918636988
2025-10-09 00:00:00+00:00,6206.960355576507,0.0,1.2384276483929333,-0.0034658388836983356,-1.4210854715202004e-14,18.771427918636988
2025-10-10 00:00:00+00:00,6040.645504217383,0.0,1.205244109516863,-0.03016786715288866,-1.4210854715202004e-14,18.771427918636988
2025-10-13 00:00:00+00:00,6136.942929439991,0.0,1.2244576032453325,-0.01470721195865099,-1.4210854715202004e-14,18.771427918636988
2025-10-14 00:00:00+00:00,6135.065786648126,0.0,1.2240830712038417,-0.015008589252885729,-1.4210854715202004e-14,18.771427918636988
2025-10-15 00:00:00+00:00,6164.161499922014,0.0,1.2298883178469466,-0.010337241192248658,-1.4210854715202004e-14,18.771427918636988
2025-10-16 00:00:00+00:00,6115.168073054371,0.0,1.2201130315640412,-0.018203188571772944,-1.4210854715202004e-14,18.771427918636988
2025-10-17 00:00:00+00:00,6143.888357769886,0.0,1.225843371798848,-0.013592115969982665,-1.4210854715202004e-14,18.771427918636988
2025-10-20 00:00:00+00:00,6212.404069672911,0.0,1.2395137913132561,-0.002591844730417958,-1.4210854715202004e-14,18.771427918636988
2025-10-21 00:00:00+00:00,6211.653212556166,0.0,1.2393639784966601,-0.002712395648111543,-1.4210854715202004e-14,18.771427918636988
2025-10-22 00:00:00+00:00,6173.922642439705,0.0,1.2318358844626982,-0.00877007926222817,-1.4210854715202004e-14,18.771427918636988
2025-10-23 00:00:00+00:00,6213.530355348029,0.0,1.2397385105381507,-0.002411018353877026,-1.4210854715202004e-14,18.771427918636988
2025-10-24 00:00:00+00:00,6264.213210728349,0.0,1.2498508756583977,0.0,-1.4210854715202004e-14,18.771427918636988
2025-10-27 00:00:00+00:00,6434.209649439063,100.0,1.2638167333443595,0.0,0.0,19.06827978970175
2025-10-28 00:00:00+00:00,6444.125154929707,0.0,1.2657643512246282,0.0,0.0,19.06827978970175
2025-10-29 00:00:00+00:00,6439.548767780178,0.0,1.2648654506645043,-0.0007101642254769835,0.0,19.06827978970175
2025-10-30 00:00:00+00:00,6370.33091214356,0.0,1.2512695796926285,-0.011451398135818858,0.0,19.06827978970175
2025-10-31 00:00:00+00:00,6395.882407061762,0.0,1.2562884411533213,-0.007486314543571182,0.0,19.06827978970175
2025-11-03 00:00:00+00:00,6403.128353381849,0.0,1.2577117003735176,-0.006361887853232329,0.0,19.06827978970175
2025-11-04 00:00:00+00:00,6325.711137435659,0.0,1.2425052992314196,-0.01837549933422078,0.0,19.06827978970175
2025-11-05 00:00:00+00:00,6352.788094737036,0.0,1.2478237942121533,-0.014173694333481035,0.0,19.06827978970175
2025-11-06 00:00:00+00:00,6280.519314334066,0.0,1.2336286562001948,-0.025388371060807713,0.0,19.06827978970175
2025-11-07 00:00:00+00:00,6294.2484757826505,0.0,1.2363253578805666,-0.02325787838437643,0.0,19.06827978970175
2025-11-10 00:00:00+00:00,6386.348267166911,0.0,1.2544157316530626,-0.00896582334664875,0.0,19.06827978970175
2025-11-11 00:00:00+00:00,6401.984256594466,0.0,1.2574869752334865,-0.006539428909601797,0.0,19.06827978970175
2025-11-12 00:00:00+00:00,6404.272450169231,0.0,1.2579364255135486,-0.006184346796863194,0.0,19.06827978970175
2025-11-13 00:00:00+00:00,6290.8161854205055,0.0,1.2356511824604741,-0.023790501553483834,0.0,19.06827978970175
2025-11-14 00:00:00+00:00,6289.86277143102,0.0,1.2354639115104482,-0.023938452433791668,0.0,19.06827978970175
2025-11-17 00:00:00+00:00,6224.458571752343,0.0,1.222617124338676,-0.034087882822902316,0.0,19.06827978970175
2025-11-18 00:00:00+00:00,6182.317673417102,0.0,1.214339748347534,-0.040627311732504445,0.0,19.06827978970175
2025-11-19 00:00:00+00:00,6202.530049994185,0.0,1.2183098924880815,-0.03749075306998051,0.0,19.06827978970175
2025-11-20 00:00:00+00:00,6103.756360683531,0.0,1.198908622065405,-0.05281846426986203,0.0,19.06827978970175
2025-11-21 00:00:00+00:00,6174.308995905428,0.0,1.212766672367317,-0.04187009912708939,0.0,19.06827978970175
2025-11-24 00:00:00+00:00,6266.5994700875835,0.0,1.2308945003298177,-0.02754845391330052,0.0,19.06827978970175
2025-11-25 00:00:00+00:00,6333.719814947334,0.0,1.2440783752116367,-0.017132711939635725,0.0,19.06827978970175
2025-11-26 00:00:00+00:00,6377.195492867853,0.0,1.2526179305328144,-0.01038615179760316,0.0,19.06827978970175
2025-11-28 00:00:00+00:00,6513.074383300441,100.0,1.2596653139059202,-0.004818461914184224,1.4210854715202004e-14,19.366282249414056
2025-12-01 00:00:00+00:00,6481.120017588908,0.0,1.2534851593819847,-0.009701009378849546,1.4210854715202004e-14,19.366282249414056
2025-12-02 00:00:00+00:00,6488.866530488674,0.0,1.2549833786605145,-0.008517361508627697,1.4210854715202004e-14,19.366282249414056
2025-12-03 00:00:00+00:00,6517.915953862795,0.0,1.2606017009550012,-0.004078681995295597,1.4210854715202004e-14,19.366282249414056
2025-12-04 00:00:00+00:00,6528.180083454983,0.0,1.262586841499053,-0.002510348567251741,1.4210854715202004e-14,19.366282249414056
2025-12-05 00:00:00+00:00,6537.282236112209,0.0,1.264347249151326,-0.0011195623197407523,1.4210854715202004e-14,19.366282249414056
2025-12-08 00:00:00+00:00,6518.1096166852885,0.0,1.2606391564369643,-0.004049090798540211,1.4210854715202004e-14,19.366282249414056
2025-12-09 00:00:00+00:00,6511.525080720488,0.0,1.259365670050214,-0.00505519148822875,1.4210854715202004e-14,19.366282249414056
2025-12-10 00:00:00+00:00,6559.940786344024,0.0,1.2687295405410255,0.0,1.4210854715202004e-14,19.366282249414056
2025-12-11 00:00:00+00:00,6582.018348108355,0.0,1.2729994654848356,0.0,1.4210854715202004e-14,19.366282249414056
2025-12-12 00:00:00+00:00,6506.8771729806285,0.0,1.258466738483096,-0.011416129696648736,1.4210854715202004e-14,19.366282249414056
2025-12-15 00:00:00+00:00,6494.095426696015,0.0,1.255994676673522,-0.013358048665666256,1.4210854715202004e-14,19.366282249414056
2025-12-16 00:00:00+00:00,6475.310132914084,0.0,1.252361494923087,-0.016212081089828523,1.4210854715202004e-14,19.366282249414056
2025-12-17 00:00:00+00:00,6404.623202703722,0.0,1.2386902440065024,-0.026951481448789227,1.4210854715202004e-14,19.366282249414056
2025-12-18 00:00:00+00:00,6453.813559617234,0.0,1.248203936425167,-0.019478035719539766,1.4210854715202004e-14,19.366282249414056
2025-12-19 00:00:00+00:00,6511.3314178979945,0.0,1.2593282145682512,-0.010739400358960483,1.4210854715202004e-14,19.366282249414056
2025-12-22 00:00:00+00:00,6556.474221821378,0.0,1.2680590874138835,-0.0038808956365669056,1.4210854715202004e-14,19.420835965110715
2025-12-23 00:00:00+00:00,6578.225558102302,0.0,1.2722659185095693,-0.0005762351007640998,1.4210854715202004e-14,19.420835965110715
2025-12-24 00:00:00+00:00,6600.75372782183,0.0,1.276622993572958,0.0,1.4210854715202004e-14,19.420835965110715
2025-12-26 00:00:00+00:00,6596.675352269157,0.0,1.275834212742517,-0.0006178651288689663,1.4210854715202004e-14,19.420835965110715
2025-12-29 00:00:00+00:00,6671.763753615382,100.0,1.2710161690827417,-0.004391918771981529,1.4210854715202004e-14,19.716196559045425
2025-12-30 00:00:00+00:00,6661.117007473497,0.0,1.268987891854382,-0.005980702021673001,1.4210854715202004e-14,19.716196559045425
2025-12-31 00:00:00+00:00,6610.249220351159,0.0,1.2592972339855515,-0.013571555325755158,1.4210854715202004e-14,19.716196559045425
2026-01-02 00:00:00+00:00,6630.754064772567,0.0,1.263203545684615,-0.010511676474497245,1.4210854715202004e-14,19.716196559045425
2026-01-05 00:00:00+00:00,6680.636042066952,0.0,1.2727064001063746,-0.0030679327305721538,1.4210854715202004e-14,19.716196559045425
2026-01-06 00:00:00+00:00,6727.363427911889,0.0,1.281608283497509,0.0,1.4210854715202004e-14,19.716196559045425
2026-01-07 00:00:00+00:00,6704.492639903397,0.0,1.277251243525477,-0.00339966589490337,1.4210854715202004e-14,19.716196559045425
2026-01-08 00:00:00+00:00,6706.267097593711,0.0,1.2775892897302037,-0.003135898713402141,1.4210854715202004e-14,19.716196559045425
2026-01-09 00:00:00+00:00,6750.8257018171535,0.0,1.2860780055377838,0.0,1.4210854715202004e-14,19.716196559045425
2026-01-12 00:00:00+00:00,6763.246905649352,0.0,1.2884443289708702,0.0,1.4210854715202004e-14,19.716196559045425
2026-01-13 00:00:00+00:00,6749.64273002361,0.0,1.2858526414012994,-0.0020114858758708554,1.4210854715202004e-14,19.716196559045425
2026-01-14 00:00:00+00:00,6723.2230266344895,0.0,1.280819509019814,-0.005917849750750603,1.4210854715202004e-14,19.716196559045425
2026-01-15 00:00:00+00:00,6743.925033021488,0.0,1.2847633814082915,-0.0028568929831208623,1.4210854715202004e-14,19.716196559045425
2026-01-16 00:00:00+00:00,6739.981793709679,0.0,1.28401216762001,-0.003439932367431342,1.4210854715202004e-14,19.716196559045425
2026-01-20 00:00:00+00:00,6607.094628901713,0.0,1.2586962629549263,-0.023088359618692156,1.4210854715202004e-14,19.716196559045425
2026-01-21 00:00:00+00:00,6685.3679292411225,0.0,1.2736078566523124,-0.011515027840130587,1.4210854715202004e-14,19.716196559045425
2026-01-22 00:00:00+00:00,6720.659921081814,0.0,1.2803312200574313,-0.006296825350552204,1.4210854715202004e-14,19.716196559045425
2026-01-23 00:00:00+00:00,6714.54790014851,0.0,1.2791668386855952,-0.0072005363962331925,1.4210854715202004e-14,19.716196559045425
2026-01-26 00:00:00+00:00,6743.530709090306,0.0,1.2846882600294636,-0.0029151969215517326,1.4210854715202004e-14,19.716196559045425
2026-01-27 00:00:00+00:00,6868.0512591424995,100.0,1.2893595908412374,0.0,1.4210854715202004e-14,20.00772353873773
2026-01-28 00:00:00+00:00,6864.2497916701395,0.0,1.2886459301011208,-0.0005535001602237077,1.4210854715202004e-14,20.00772353873773
2026-01-29 00:00:00+00:00,6848.443690074538,0.0,1.2856786038658994,-0.002854895563258908,1.4210854715202004e-14,20.00772353873773
2026-01-30 00:00:00+00:00,6814.030405587908,0.0,1.2792180961132644,-0.007865528592652882,1.4210854715202004e-14,20.00772353873773
2026-02-02 00:00:00+00:00,6852.245157546898,0.0,1.286392264606016,-0.002301395403035311,1.4210854715202004e-14,20.00772353873773
2026-02-03 00:00:00+00:00,6799.624844640018,0.0,1.2765136975191385,-0.00996300288402685,1.4210854715202004e-14,20.00772353873773
2026-02-04 00:00:00+00:00,6767.612486978037,0.0,1.2705039228655246,-0.014624056864858348,1.4210854715202004e-14,20.00772353873773
2026-02-05 00:00:00+00:00,6680.578889584527,0.0,1.2541648480260121,-0.027296297375243972,1.4210854715202004e-14,20.00772353873773
2026-02-06 00:00:00+00:00,6821.833417768015,0.0,1.2806829786850829,-0.006729396684825195,1.4210854715202004e-14,20.00772353873773
2026-02-09 00:00:00+00:00,6855.446393313095,0.0,1.2869932420713774,-0.0018352900049520837,1.4210854715202004e-14,20.00772353873773
2026-02-10 00:00:00+00:00,6838.639905540555,0.0,1.2838381103782304,-0.004282343344888417,1.4210854715202004e-14,20.00772353873773
2026-02-11 00:00:00+00:00,6832.037356772773,0.0,1.2825985943559228,-0.005243685728434699,1.4210854715202004e-14,20.00772353873773
2026-02-12 00:00:00+00:00,6722.795186251264,0.0,1.2620902383504657,-0.02114953243802209,1.4210854715202004e-14,20.00772353873773
2026-02-13 00:00:00+00:00,6735.600129316056,0.0,1.2644941482119112,-0.019285110845689624,1.4210854715202004e-14,20.00772353873773
2026-02-17 00:00:00+00:00,6744.003373202326,0.0,1.2660717140584847,-0.018061584175721346,1.4210854715202004e-14,20.00772353873773
2026-02-18 00:00:00+00:00,6779.216966630504,0.0,1.2726824661774598,-0.012934424796806843,1.4210854715202004e-14,20.00772353873773
2026-02-19 00:00:00+00:00,6766.412023565712,0.0,1.2702785563160142,-0.01479884638913953,1.4210854715202004e-14,20.00772353873773
2026-02-20 00:00:00+00:00,6808.028088526286,0.0,1.278091263365712,-0.008739476214058683,1.4210854715202004e-14,20.00772353873773
2026-02-23 00:00:00+00:00,6731.798661843695,0.0,1.2637804874717942,-0.019838611005913664,1.4210854715202004e-14,20.00772353873773
2026-02-24 00:00:00+00:00,6786.819901575224,0.0,1.2741097876576928,-0.011827424476359538,1.4210854715202004e-14,20.00772353873773
2026-02-25 00:00:00+00:00,6839.2401372467175,0.0,1.2839507936529853,-0.004194948582748159,1.4210854715202004e-14,20.00772353873773
2026-02-26 00:00:00+00:00,6812.429787704809,0.0,1.278917607380584,-0.008098581291694384,1.4210854715202004e-14,20.00772353873773
2026-02-27 00:00:00+00:00,6878.393196560064,100.0,1.2725278173839527,-0.013054367126786426,1.4210854715202004e-14,20.304021007055123
2026-03-02 00:00:00+00:00,6885.4996039125335,0.0,1.2738425286514334,-0.012034704903137183,1.4210854715202004e-14,20.304021007055123
2026-03-03 00:00:00+00:00,6816.668972698617,0.0,1.2611086109464076,-0.021910861869338993,1.4210854715202004e-14,20.304021007055123
2026-03-04 00:00:00+00:00,6866.616864375972,0.0,1.2703491529978423,-0.014744093097404876,1.4210854715202004e-14,20.304021007055123
2026-03-05 00:00:00+00:00,6822.151058370521,0.0,1.2621228167813212,-0.021124265296809663,1.4210854715202004e-14,20.304021007055123
2026-03-06 00:00:00+00:00,6728.955601948139,0.0,1.2448813175877906,-0.03449640702980861,1.4210854715202004e-14,20.304021007055123
2026-03-09 00:00:00+00:00,6787.228142238386,0.0,1.2556619499811308,-0.02613517679588573,1.4210854715202004e-14,20.304021007055123
2026-03-10 00:00:00+00:00,6771.594046062954,0.0,1.2527695851926737,-0.028378433687913818,1.4210854715202004e-14,20.304021007055123
2026-03-11 00:00:00+00:00,6766.111960391049,0.0,1.2517553793577603,-0.029165030260443037,1.4210854715202004e-14,20.304021007055123
2026-03-12 00:00:00+00:00,6658.094568633516,0.0,1.2317717680920561,-0.04466389605991017,1.4210854715202004e-14,20.304021007055123
2026-03-13 00:00:00+00:00,6621.750371030887,0.0,1.22504795903837,-0.04987874000371573,1.4210854715202004e-14,20.304021007055123
2026-03-16 00:00:00+00:00,6689.362760984381,0.0,1.2375564976689706,-0.04017738227585377,1.4210854715202004e-14,20.304021007055123
2026-03-17 00:00:00+00:00,6711.900224302212,0.0,1.2417260105458376,-0.0369435963665663,1.4210854715202004e-14,20.304021007055123
2026-03-18 00:00:00+00:00,6619.516928720111,0.0,1.2246347640685904,-0.050199205274005454,1.4210854715202004e-14,20.304021007055123
2026-03-19 00:00:00+00:00,6607.740596536019,0.0,1.2224560996824798,-0.051888931244624126,1.4210854715202004e-14,20.304021007055123
2026-03-20 00:00:00+00:00,6504.190089400037,0.0,1.2032988783563345,-0.06674686650351191,1.4210854715202004e-14,20.304021007055123
2026-03-23 00:00:00+00:00,6595.811831914217,0.0,1.2202492347396816,-0.05360052896994005,6595.811831914217,0.0
2026-03-24 00:00:00+00:00,6595.811831914217,0.0,1.2202492347396816,-0.05360052896994005,6595.811831914217,0.0
2026-03-25 00:00:00+00:00,6595.811831914217,0.0,1.2202492347396816,-0.05360052896994005,6595.811831914217,0.0
2026-03-26 00:00:00+00:00,6595.811831914217,0.0,1.2202492347396816,-0.05360052896994005,6595.811831914217,0.0
2026-03-27 00:00:00+00:00,6695.811831914217,100.0,1.2202492347396816,-0.05360052896994005,6695.811831914217,0.0
2026-03-30 00:00:00+00:00,6695.811831914217,0.0,1.2202492347396816,-0.05360052896994005,6695.811831914217,0.0
2026-03-31 00:00:00+00:00,6695.811831914217,0.0,1.2202492347396816,-0.05360052896994005,6695.811831914217,0.0
2026-04-01 00:00:00+00:00,6695.811831914217,0.0,1.2202492347396816,-0.05360052896994005,6695.811831914217,0.0
2026-04-02 00:00:00+00:00,6695.811831914217,0.0,1.2202492347396816,-0.05360052896994005,6695.811831914217,0.0
2026-04-06 00:00:00+00:00,6695.811831914217,0.0,1.2202492347396816,-0.05360052896994005,6695.811831914217,0.0
2026-04-07 00:00:00+00:00,6695.811831914217,0.0,1.2202492347396816,-0.05360052896994005,6695.811831914217,0.0
2026-04-08 00:00:00+00:00,6695.811831914217,0.0,1.2202492347396816,-0.05360052896994005,6695.811831914217,0.0
2026-04-09 00:00:00+00:00,6735.434236065562,0.0,1.227470048220995,-0.048000218914773685,0.0,20.078802313505925
2026-04-10 00:00:00+00:00,6727.402715140161,0.0,1.2260063784660737,-0.04913541018749401,0.0,20.078802313505925
2026-04-13 00:00:00+00:00,6800.087979515052,0.0,1.239252589748113,-0.038861929169373366,0.0,20.078802313505925
2026-04-14 00:00:00+00:00,6880.001612722805,0.0,1.2538161038095812,-0.027566776005804594,0.0,20.078802313505925
2026-04-15 00:00:00+00:00,6932.005710714786,0.0,1.2632933654726977,-0.02021641251493922,0.0,20.078802313505925
2026-04-16 00:00:00+00:00,6947.8679645424545,0.0,1.2661841132386673,-0.017974409751316478,0.0,20.078802313505925
2026-04-17 00:00:00+00:00,7038.222574953231,0.0,1.2826503979815334,-0.005203507933211005,0.0,20.078802313505925
2026-04-20 00:00:00+00:00,7031.79735821291,0.0,1.2814794621775962,-0.0061116609513873765,0.0,20.078802313505925
2026-04-21 00:00:00+00:00,6984.2105967299,0.0,1.2728072188796866,-0.012837669242256378,0.0,20.078802313505925
2026-04-22 00:00:00+00:00,7052.076948549551,0.0,1.285175228308773,-0.0032453029877680395,0.0,20.078802313505925
2026-04-23 00:00:00+00:00,7023.565049264373,0.0,1.2799792006788018,-0.007275232005925836,0.0,20.078802313505925
2026-04-24 00:00:00+00:00,7068.742354469761,0.0,1.2882123430502348,-0.000889781096873099,0.0,20.078802313505925
2026-04-27 00:00:00+00:00,7178.480697503101,100.0,1.2899870652097534,0.0,-1.4210854715202004e-14,20.362751248129523
2026-04-28 00:00:00+00:00,7139.791470131655,0.0,1.283034535144515,-0.005389612231583074,-1.4210854715202004e-14,20.362751248129523
2026-04-29 00:00:00+00:00,7131.23911460744,0.0,1.2814976600774621,-0.006581000198564668,-1.4210854715202004e-14,20.362751248129523
2026-04-30 00:00:00+00:00,7212.079237062515,0.0,1.2960247886874607,0.0,-1.4210854715202004e-14,20.362751248129523
2026-05-01 00:00:00+00:00,7234.681890947939,0.0,1.3000865299361,0.0,-1.4210854715202004e-14,20.362751248129523
2026-05-04 00:00:00+00:00,7208.006686812889,0.0,1.2952929434174354,-0.0036871288243407463,-1.4210854715202004e-14,20.362751248129523
2026-05-05 00:00:00+00:00,7269.298568069758,0.0,1.3063072147313133,0.0,-1.4210854715202004e-14,20.362751248129523
2026-05-06 00:00:00+00:00,7368.4651666481495,0.0,1.3241276470564245,0.0,-1.4210854715202004e-14,20.362751248129523
2026-05-07 00:00:00+00:00,7334.662999576254,0.0,1.318053331315216,-0.004587409495384942,-1.4210854715202004e-14,20.362751248129523
2026-05-08 00:00:00+00:00,7389.03154540876,0.0,1.3278234656700512,0.0,-1.4210854715202004e-14,20.362751248129523
2026-05-11 00:00:00+00:00,7404.507236357338,0.0,1.3306044776961465,0.0,-1.4210854715202004e-14,20.362751248129523
2026-05-12 00:00:00+00:00,7387.40252530891,0.0,1.3275307275620412,-0.0023100404257073714,-1.4210854715202004e-14,20.362751248129523
2026-05-13 00:00:00+00:00,7426.499007705318,0.0,1.334556442154282,0.0,-1.4210854715202004e-14,20.362751248129523
2026-05-14 00:00:00+00:00,7481.274808562786,0.0,1.3443997610361198,0.0,-1.4210854715202004e-14,20.362751248129523
2026-05-15 00:00:00+00:00,7386.384387746503,0.0,1.327347766244535,-0.012683723462166507,-1.4210854715202004e-14,20.362751248129523
2026-05-18 00:00:00+00:00,7378.646542272214,0.0,1.3259572602314873,-0.013718018508437568,-1.4210854715202004e-14,20.362751248129523
2026-05-19 00:00:00+00:00,7331.812214401516,0.0,1.3175410396261986,-0.019978225367446756,-1.4210854715202004e-14,20.362751248129523
2026-05-20 00:00:00+00:00,7415.9103770562915,0.0,1.3326536444522172,-0.008737071311921363,-1.4210854715202004e-14,20.362751248129523
2026-05-21 00:00:00+00:00,7434.236853179607,0.0,1.33594694816733,-0.006287425149700376,-1.4210854715202004e-14,20.362751248129523
2026-05-22 00:00:00+00:00,7468.853530301429,0.0,1.3421676329625438,-0.0016603157321716244,-1.4210854715202004e-14,20.362751248129523
2026-05-26 00:00:00+00:00,7523.222076133933,0.0,1.3519377673173787,0.0,-1.4210854715202004e-14,20.362751248129523
2026-05-27 00:00:00+00:00,7621.097955892437,100.0,1.35155605874255,-0.0002823418237558606,-1.4210854715202004e-14,20.633251992344697
2026-05-28 00:00:00+00:00,7668.554435474831,0.0,1.3599721810489933,0.0,-1.4210854715202004e-14,20.633251992344697
2026-05-29 00:00:00+00:00,7686.711697228094,0.0,1.3631922626271107,0.0,-1.4210854715202004e-14,20.633251992344697
2026-06-01 00:00:00+00:00,7704.456293941509,0.0,1.366339160532998,0.0,-1.4210854715202004e-14,20.633251992344697
2026-06-02 00:00:00+00:00,7724.264215854161,0.0,1.3698519768000355,0.0,-1.4210854715202004e-14,20.633251992344697
2026-06-03 00:00:00+00:00,7668.348102954906,0.0,1.3599355892128782,-0.007239021262955614,-1.4210854715202004e-14,20.633251992344697
2026-06-04 00:00:00+00:00,7704.0436289016625,0.0,1.3662659768607683,-0.002617801047120394,-1.4210854715202004e-14,20.633251992344697
2026-06-05 00:00:00+00:00,7497.711108978216,0.0,1.329674140745798,-0.029330056629981782,-1.4210854715202004e-14,20.633251992344697
2026-06-08 00:00:00+00:00,7520.2013536498725,0.0,1.33366265088233,-0.026418420771449735,-1.4210854715202004e-14,20.633251992344697
2026-06-09 00:00:00+00:00,7503.694752055996,0.0,1.330735303993132,-0.02855540121807887,-1.4210854715202004e-14,20.633251992344697
2026-06-10 00:00:00+00:00,7387.529543339096,0.0,1.3101341002604037,-0.04359440111122981,-1.4210854715202004e-14,20.633251992344697
2026-06-11 00:00:00+00:00,7516.693700811174,0.0,1.3330405896683752,-0.026872529116358512,-1.4210854715202004e-14,20.633251992344697
2026-06-12 00:00:00+00:00,7559.198199915403,0.0,1.3405785079080592,-0.021369804466289,-1.4210854715202004e-14,20.633251992344697
2026-06-15 00:00:00+00:00,7686.5053647081695,0.0,1.363155670790996,-0.004888342771663501,-1.4210854715202004e-14,20.633251992344697
2026-06-16 00:00:00+00:00,7641.937540404705,0.0,1.3552518341901623,-0.010658189977561627,-1.4210854715202004e-14,20.633251992344697
2026-06-17 00:00:00+00:00,7546.818248719996,0.0,1.3383829977411608,-0.022972539801260905,-1.4210854715202004e-14,20.633251992344697
2026-06-18 00:00:00+00:00,7634.096904647615,0.0,1.3538613444177936,-0.011673255689710227,-1.4210854715202004e-14,20.633251992344697
2026-06-22 00:00:00+00:00,7609.749667296647,0.0,1.349543507756227,-0.01482530184848796,-1.4210854715202004e-14,20.633251992344697
2026-06-23 00:00:00+00:00,7504.313749615766,0.0,1.3308450795014772,-0.028475264451330085,-1.4210854715202004e-14,20.633251992344697
2026-06-24 00:00:00+00:00,7503.282087016149,0.0,1.3306621203209024,-0.02860882572924439,-1.4210854715202004e-14,20.633251992344697
2026-06-25 00:00:00+00:00,7510.091060173623,0.0,1.3318696509126966,-0.027727321295009766,-1.4210854715202004e-14,20.633251992344697
2026-06-26 00:00:00+00:00,7495.317651747104,0.0,1.3292496754468646,-0.029639918794742703,-1.4210854715202004e-14,20.692721693299937
2026-06-29 00:00:00+00:00,7697.201247727727,100.0,1.347318120732707,-0.01644984746451761,-1.4210854715202004e-14,20.966444889212593
2026-06-30 00:00:00+00:00,7758.423266804228,0.0,1.3580344230658392,-0.008626883732213098,-1.4210854715202004e-14,20.966444889212593
2026-07-01 00:00:00+00:00,7742.279104239534,0.0,1.3552085488204584,-0.010689788552033175,-1.4210854715202004e-14,20.966444889212593
2026-07-02 00:00:00+00:00,7731.5862173460355,0.0,1.3533368658787126,-0.012056128108017927,-1.4210854715202004e-14,20.966444889212593
2026-07-06 00:00:00+00:00,7792.5985719736445,0.0,1.3640164685463203,-0.0042599553473995355,-1.4210854715202004e-14,20.966444889212593
2026-07-07 00:00:00+00:00,7749.407695501866,0.0,1.3564563374482888,-0.009778895514710118,-1.4210854715202004e-14,20.966444889212593
2026-07-08 00:00:00+00:00,7720.893330452537,0.0,1.3514651829369668,-0.01342246766400268,-1.4210854715202004e-14,20.966444889212593
2026-07-09 00:00:00+00:00,7787.985954098017,0.0,1.363209075904783,-0.004849356724490939,-1.4210854715202004e-14,20.966444889212593
2026-07-10 00:00:00+00:00,7813.984345760641,0.0,1.3677598344298119,-0.0015272762354300307,-1.4210854715202004e-14,20.966444889212593
2026-07-13 00:00:00+00:00,7752.971991133032,0.0,1.357080231762204,-0.009323448996048644,-1.4210854715202004e-14,20.966444889212593
2026-07-14 00:00:00+00:00,7781.905685080146,0.0,1.3621447856045747,-0.005626294903384177,-1.4210854715202004e-14,20.966444889212593
2026-07-15 00:00:00+00:00,7808.3234056405545,0.0,1.3667689434606525,-0.0022506324709512526,-1.4210854715202004e-14,20.966444889212593
2026-07-16 00:00:00+00:00,7769.745147044402,0.0,1.360016205004158,-0.007180171261170654,-1.4210854715202004e-14,20.966444889212593
2026-07-17 00:00:00+00:00,7694.894938789914,0.0,1.3469144244119382,-0.016744548153063366,-1.4210854715202004e-14,20.966444889212593
2026-07-20 00:00:00+00:00,7678.960440674112,0.0,1.344125249832082,-0.018780662001197324,-1.4210854715202004e-14,20.966444889212593
2026-07-21 00:00:00+00:00,7746.0530643195925,0.0,1.3558691427998983,-0.010207551061685471,-1.4210854715202004e-14,20.966444889212593
2026-07-22 00:00:00+00:00,7733.892526283849,0.0,1.3537405621994816,-0.01176142741947206,-1.4210854715202004e-14,20.966444889212593
2026-07-23 00:00:00+00:00,7646.25278664694,0.0,1.3384001020102716,-0.022960053584209272,-1.4210854715202004e-14,20.966444889212593
2026-07-24 00:00:00+00:00,7648.559095584754,0.0,1.3388037983310404,-0.022665352895663515,-1.4210854715202004e-14,20.966444889212593
2026-07-27 00:00:00+00:00,7755.796770352341,100.0,1.3400706809358338,-0.021740521142854075,-1.4210854715202004e-14,21.238284600340492
2026-07-28 00:00:00+00:00,7772.999780878617,0.0,1.3430430705835636,-0.019570659217572728,-1.4210854715202004e-14,21.238284600340492
2026-07-29 00:00:00+00:00,7654.70253565472,0.0,1.322603304734359,-0.034491808506236565,-1.4210854715202004e-14,21.238284600340492
2026-07-30 00:00:00+00:00,7778.946500566712,0.0,1.3440705633012975,-0.0188205834903149,-1.4210854715202004e-14,21.238284600340492
2026-07-31 00:00:00+00:00,7820.148772691372,0.0,1.3511896199884532,-0.013623630237171613,-1.4210854715202004e-14,21.238284600340492
2026-08-03 00:00:00+00:00,7939.720314991289,0.0,1.371849562848601,0.0,-1.4210854715202004e-14,21.238284600340492
2026-08-04 00:00:00+00:00,8087.963541501666,0.0,1.3974634884549653,0.0,-1.4210854715202004e-14,21.238284600340492
2026-08-05 00:00:00+00:00,8063.114748519268,0.0,1.3931700367415774,-0.003072317630376742,-1.4210854715202004e-14,21.238284600340492
2026-08-06 00:00:00+00:00,8050.796543451071,0.0,1.3910416589691288,-0.004595346883041973,-1.4210854715202004e-14,21.238284600340492
2026-08-07 00:00:00+00:00,8108.352294717993,0.0,1.4009863206300524,0.0,-1.4210854715202004e-14,21.238284600340492
2026-08-10 00:00:00+00:00,8105.166552027942,0.0,1.400435878102695,-0.00039289643250028927,-1.4210854715202004e-14,21.238284600340492
2026-08-11 00:00:00+00:00,8084.353033119608,0.0,1.3968396535906267,-0.002959819791502949,-1.4210854715202004e-14,21.238284600340492
2026-08-12 00:00:00+00:00,8109.41420894801,0.0,1.4011698014725051,0.0,-1.4210854715202004e-14,21.238284600340492
2026-08-13 00:00:00+00:00,8161.872771910851,0.0,1.4102337550896569,0.0,-1.4210854715202004e-14,21.238284600340492
2026-08-14 00:00:00+00:00,8152.315543840698,0.0,1.4085824275075849,-0.0011709601873535203,-1.4210854715202004e-14,21.238284600340492
2026-08-17 00:00:00+00:00,8115.785694328112,0.0,1.4022706865272199,-0.005646630236794126,-1.4210854715202004e-14,21.238284600340492
2026-08-18 00:00:00+00:00,8050.15939491306,0.0,1.3909315704636573,-0.013687223523289105,-1.4210854715202004e-14,21.238284600340492
2026-08-19 00:00:00+00:00,8070.335765283384,0.0,1.3944177064702543,-0.011215196461098031,-1.4210854715202004e-14,21.238284600340492
2026-08-20 00:00:00+00:00,7997.913214796222,0.0,1.381904313014996,-0.020088472547489022,-1.4210854715202004e-14,21.238284600340492
2026-08-21 00:00:00+00:00,8033.168767232788,0.0,1.387995876984418,-0.015768930523028746,-1.4210854715202004e-14,21.238284600340492
2026-08-24 00:00:00+00:00,8008.319974250389,0.0,1.3837024252710304,-0.01881342701014821,-1.4210854715202004e-14,21.238284600340492
2026-08-25 00:00:00+00:00,8031.257321618757,0.0,1.3876656114680037,-0.016003122560499405,-1.4210854715202004e-14,21.238284600340492
2026-08-26 00:00:00+00:00,8032.9563843867845,0.0,1.3879591808159277,-0.015794951860525486,-1.4210854715202004e-14,21.238284600340492
2026-08-27 00:00:00+00:00,8184.175903820209,100.0,1.3968090486395321,-0.009519490227541172,-1.4210854715202004e-14,21.501657525208756
2026-08-28 00:00:00+00:00,8156.868798763194,0.0,1.3921484924779783,-0.012824301323385079,-1.4210854715202004e-14,21.501657525208756
2026-08-31 00:00:00+00:00,8130.851793157691,0.0,1.3877081200720884,-0.015972979611551197,-1.4210854715202004e-14,21.501657525208756
2026-09-01 00:00:00+00:00,8066.776853732569,0.0,1.376772326874112,-0.023727575726208205,-1.4210854715202004e-14,21.501657525208756
2026-09-02 00:00:00+00:00,8103.544688100676,0.0,1.3830475639105346,-0.019277790707395104,-1.4210854715202004e-14,21.501657525208756
2026-09-03 00:00:00+00:00,8190.626401077771,0.0,1.3979099674178517,-0.008738826189153115,-1.4210854715202004e-14,21.501657525208756
2026-09-04 00:00:00+00:00,8164.824412047521,0.0,1.3935062923045725,-0.011861482342706342,-1.4210854715202004e-14,21.501657525208756
2026-09-08 00:00:00+00:00,8119.025881518827,0.0,1.3856897689785022,-0.01740419701526308,-1.4210854715202004e-14,21.501657525208756
2026-09-09 00:00:00+00:00,8075.1625001674,0.0,1.3782035212859274,-0.022712712476303687,-1.4210854715202004e-14,21.501657525208756
2026-09-10 00:00:00+00:00,8025.278654708916,0.0,1.3696897494002545,-0.02874984770650646,-1.4210854715202004e-14,21.501657525208756
2026-09-11 00:00:00+00:00,8091.288743311307,0.0,1.380955818231727,-0.02076105238033288,-1.4210854715202004e-14,21.501657525208756
2026-09-14 00:00:00+00:00,8056.241041545217,0.0,1.3749741595361895,-0.02500266032224263,-1.4210854715202004e-14,21.501657525208756
2026-09-15 00:00:00+00:00,8016.677991698833,0.0,1.368221857695828,-0.029790733091024202,-1.4210854715202004e-14,21.501657525208756
2026-09-16 00:00:00+00:00,7982.705372809002,0.0,1.3624236854633438,-0.03390223035986928,-1.4210854715202004e-14,21.501657525208756
2026-09-17 00:00:00+00:00,8070.432135511854,0.0,1.3773961808484927,-0.023285199437788617,-1.4210854715202004e-14,21.501657525208756
2026-09-18 00:00:00+00:00,8072.367284689123,0.0,1.3777264564819889,-0.023051000226271934,-1.4210854715202004e-14,21.501657525208756
2026-09-21 00:00:00+00:00,8194.281682857058,0.0,1.3985338213922327,-0.008296449900733194,-1.4210854715202004e-14,21.501657525208756
2026-09-22 00:00:00+00:00,8197.936964636343,0.0,1.399157675366614,-0.007854073612313162,-1.4210854715202004e-14,21.501657525208756
2026-09-23 00:00:00+00:00,8132.571925759708,0.0,1.3880016984129735,-0.015764802534647848,-1.4210854715202004e-14,21.501657525208756
2026-09-24 00:00:00+00:00,8129.346677130926,0.0,1.3874512390238134,-0.0161551345538421,-1.4210854715202004e-14,21.501657525208756
2026-09-25 00:00:00+00:00,8165.684478348529,0.0,1.393653081475015,-0.011757393804254668,-1.4210854715202004e-14,21.501657525208756
