date,equity,deposit,twr,drawdown,cash,VOO_units
2020-09-28 00:00:00+00:00,100.25564278559439,100.0,1.0,0.0,0.0,0.3251253171150421
2020-09-29 00:00:00+00:00,99.68634835532596,0.0,0.9943215721883514,-0.005678427811648623,0.0,0.3265193198667735
2020-09-30 00:00:00+00:00,100.45366875701286,0.0,1.001975210231727,0.0,0.0,0.3265193198667735
2020-10-01 00:00:00+00:00,101.09038143075308,0.0,1.0083261013741027,0.0,0.0,0.3265193198667735
2020-10-02 00:00:00+00:00,100.15000578953678,0.0,0.9989463236869018,-0.009302325581395321,0.0,0.3265193198667735
2020-10-05 00:00:00+00:00,101.90014934402268,0.0,1.0164031321603035,0.0,0.0,0.3265193198667735
2020-10-06 00:00:00+00:00,100.47652510940355,0.0,1.0022031909394022,-0.013970776723916778,0.0,0.3265193198667735
2020-10-07 00:00:00+00:00,102.20054711830011,0.0,1.019399450032604,0.0,0.0,0.3265193198667735
2020-10-08 00:00:00+00:00,103.10500563433106,0.0,1.02842097232203,0.0,0.0,0.3265193198667735
2020-10-09 00:00:00+00:00,104.0225249231567,0.0,1.037572769301556,0.0,0.0,0.3265193198667735
2020-10-12 00:00:00+00:00,105.70083422727193,0.0,1.0543130669794076,0.0,0.0,0.3265193198667735
2020-10-13 00:00:00+00:00,105.0249392351477,0.0,1.0475713517667318,-0.006394414926479852,0.0,0.3265193198667735
2020-10-14 00:00:00+00:00,104.36863540221549,0.0,1.041025048589206,-0.01260348449277171,0.0,0.3265193198667735
2020-10-15 00:00:00+00:00,104.24455806066611,0.0,1.0397874390332558,-0.013777338440628117,0.0,0.3265193198667735
2020-10-16 00:00:00+00:00,104.15639784430209,0.0,1.038908084875081,-0.014611392561473036,0.0,0.3265193198667735
2020-10-19 00:00:00+00:00,102.58257472254424,0.0,1.0232099847180294,-0.029500803163227562,0.0,0.3265193198667735
2020-10-20 00:00:00+00:00,102.98745867917904,0.0,1.0272485001111298,-0.025670332386012684,0.0,0.3265193198667735
2020-10-21 00:00:00+00:00,102.80134266685496,0.0,1.0253920857772043,-0.02743111330779724,0.0,0.3265193198667735
2020-10-22 00:00:00+00:00,103.36622109022449,0.0,1.03102646612403,-0.02208698875571502,0.0,0.3265193198667735
2020-10-23 00:00:00+00:00,103.7188619556806,0.0,1.0345438827567304,-0.01875077227233435,0.0,0.3265193198667735
2020-10-26 00:00:00+00:00,101.80872393445999,0.0,1.0154912093296036,-0.036821944890646274,0.0,0.3265193198667735
2020-10-27 00:00:00+00:00,200.97099723849297,100.0,1.00713530364,-0.04474739507362013,0.0,0.6466872517890819
2020-10-28 00:00:00+00:00,194.0514436443498,0.0,0.9724590229534859,-0.07763732290678371,0.0,0.6466872517890819
2020-10-29 00:00:00+00:00,196.09497536000333,0.0,0.9826998684646434,-0.06792403580839135,0.0,0.6466872517890819
2020-10-30 00:00:00+00:00,193.88977183140253,0.0,0.9716488294795018,-0.07840577916456803,0.0,0.6466872517890819
2020-11-02 00:00:00+00:00,196.14671034014646,0.0,0.9829591303763182,-0.06767812980590049,0.0,0.6466872517890819
2020-11-03 00:00:00+00:00,199.60648713721804,0.0,1.0002972707195752,-0.05123316588931881,0.0,0.6466872517890819
2020-11-04 00:00:00+00:00,204.10096353715215,0.0,1.0228206492963297,-0.02987008192291818,0.0,0.6466872517890819
2020-11-05 00:00:00+00:00,208.0974907532087,0.0,1.0428486319732135,-0.010873843230492786,0.0,0.6466872517890819
2020-11-06 00:00:00+00:00,208.0716232631371,0.0,1.042719001017376,-0.010996796231738437,0.0,0.6466872517890819
2020-11-09 00:00:00+00:00,210.66483914281133,0.0,1.055714504340079,0.0,0.0,0.6466872517890819
2020-11-10 00:00:00+00:00,210.3932304970599,0.0,1.0543533793037858,-0.001289292730844993,0.0,0.6466872517890819
2020-11-11 00:00:00+00:00,211.87414430365692,0.0,1.061774751525479,0.0,0.0,0.6466872517890819
2020-11-12 00:00:00+00:00,209.914681930736,0.0,1.0519552066207931,-0.009248237340902854,0.0,0.6466872517890819
2020-11-13 00:00:00+00:00,212.76657271112583,0.0,1.0662470195018703,0.0,0.0,0.6466872517890819
2020-11-16 00:00:00+00:00,215.34685484576428,0.0,1.0791777073466546,0.0,0.0,0.6466872517890819
2020-11-17 00:00:00+00:00,214.27335400779438,0.0,1.0737980226794008,-0.00498498498498523,0.0,0.6466872517890819
2020-11-18 00:00:00+00:00,211.6736712556023,0.0,1.0607701116177386,-0.01705705705705718,0.0,0.6466872517890819
2020-11-19 00:00:00+00:00,212.55963279055334,0.0,1.0652099718551709,-0.012942942942942959,0.0,0.6466872517890819
2020-11-20 00:00:00+00:00,211.13692083661738,0.0,1.058080269284112,-0.01954954954954946,0.0,0.6466872517890819
2020-11-23 00:00:00+00:00,212.3850272325703,0.0,1.0643349629032683,-0.01375375375375365,0.0,0.6466872517890819
2020-11-24 00:00:00+00:00,215.8254034120882,0.0,1.0815758800296473,0.0,0.0,0.6466872517890819
2020-11-25 00:00:00+00:00,215.46972542360422,0.0,1.0797934543868826,-0.001647989452867482,0.0,0.6466872517890819
2020-11-27 00:00:00+00:00,315.9907488164918,100.0,1.0824044831433188,0.0,0.0,0.9456836919150411
2020-11-30 00:00:00+00:00,314.5722232786193,0.0,1.0775454218973892,-0.004489136290177553,0.0,0.9456836919150411
2020-12-01 00:00:00+00:00,318.03342559102833,0.0,1.089401531337458,0.0,0.0,0.9456836919150411
2020-12-02 00:00:00+00:00,318.704861012288,0.0,1.0917014869938648,0.0,0.0,0.9456836919150411
2020-12-03 00:00:00+00:00,318.6102926430965,0.0,1.0913775495774694,-0.0002967271000862137,0.0,0.9456836919150411
2020-12-04 00:00:00+00:00,321.35277534965013,0.0,1.1007717346529338,0.0,0.0,0.9456836919150411
2020-12-07 00:00:00+00:00,320.75699462374365,0.0,1.0987309289296432,-0.0018539772225656392,0.0,0.9456836919150411
2020-12-08 00:00:00+00:00,321.6837646418204,0.0,1.1019055156103172,0.0,0.0,0.9456836919150411
2020-12-09 00:00:00+00:00,318.82779989223695,0.0,1.0921226056351785,-0.0088781749764818,0.0,0.9456836919150411
2020-12-10 00:00:00+00:00,318.67649050153057,0.0,1.091604305768946,-0.009348541862652993,0.0,0.9456836919150411
2020-12-11 00:00:00+00:00,318.2698465140071,0.0,1.090211374878446,-0.01061265286923807,0.0,0.9456836919150411
2020-12-14 00:00:00+00:00,316.81349362845793,0.0,1.085222738665958,-0.015139934148636125,0.0,0.9456836919150411
2020-12-15 00:00:00+00:00,321.19200912202456,0.0,1.1002210410450615,-0.0015286923800565955,0.0,0.9456836919150411
2020-12-16 00:00:00+00:00,321.6837646418204,0.0,1.1019055156103172,0.0,0.0,0.9456836919150411
2020-12-17 00:00:00+00:00,323.4332794718632,0.0,1.1078983578136306,0.0,0.0,0.9456836919150411
2020-12-18 00:00:00+00:00,322.13769281393957,0.0,1.1034604152090146,-0.004005730826584064,0.0,0.9456836919150411
2020-12-21 00:00:00+00:00,321.1447249374288,0.0,1.100059072336864,-0.007075816496593612,0.0,0.9456836919150411
2020-12-22 00:00:00+00:00,320.5139539149215,0.0,1.0978984097695073,-0.009026051869828189,0.0,0.9495584343038498
2020-12-23 00:00:00+00:00,320.7703346921835,0.0,1.0987766244126242,-0.008233366659201047,0.0,0.9495584343038498
2020-12-24 00:00:00+00:00,322.0522385784937,0.0,1.10316769762821,-0.0042699406060643375,0.0,0.9495584343038498
2020-12-28 00:00:00+00:00,424.9116762841349,100.0,1.1129625039744317,0.0,0.0,1.2420323179215307
2020-12-29 00:00:00+00:00,424.01741301523134,0.0,1.1106201783982672,-0.0021045862441906316,0.0,1.2420323179215307
2020-12-30 00:00:00+00:00,424.5887478814753,0.0,1.1121166641830391,-0.0007599894770686788,0.0,1.2420323179215307
2020-12-31 00:00:00+00:00,426.8740873464509,0.0,1.1181026073221259,0.0,0.0,1.2420323179215307
2021-01-04 00:00:00+00:00,421.0862167449365,0.0,1.1029425556763952,-0.01355873025109855,0.0,1.2420323179215307
2021-01-05 00:00:00+00:00,423.85594881390153,0.0,1.110197258502571,-0.007070325002182298,0.0,1.2420323179215307
2021-01-06 00:00:00+00:00,426.4269557119991,0.0,1.1169314445340435,-0.00104745555587904,0.0,1.2420323179215307
2021-01-07 00:00:00+00:00,432.79858150293654,0.0,1.1336205142642146,0.0,0.0,1.2420323179215307
2021-01-08 00:00:00+00:00,435.2329648460628,0.0,1.139996844999329,0.0,0.0,1.2420323179215307
2021-01-11 00:00:00+00:00,432.38871083802246,0.0,1.1325469483751394,-0.006535015124707666,0.0,1.2420323179215307
2021-01-12 00:00:00+00:00,432.42597180756013,0.0,1.1326445452741463,-0.0064494035728555055,0.0,1.2420323179215307
2021-01-13 00:00:00+00:00,433.5065399241518,0.0,1.1354748553453449,-0.003966668569145737,0.0,1.2420323179215307
2021-01-14 00:00:00+00:00,432.0409417890045,0.0,1.131636043984409,-0.0073340562753265726,0.0,1.2420323179215307
2021-01-15 00:00:00+00:00,428.9607016405591,0.0,1.1235680336665095,-0.01441127789509733,0.0,1.2420323179215307
2021-01-19 00:00:00+00:00,432.35144986848485,0.0,1.1324493514761327,-0.0066206266765596045,0.0,1.2420323179215307
2021-01-20 00:00:00+00:00,438.22626273225364,0.0,1.1478371292195457,0.0,0.0,1.2420323179215307
2021-01-21 00:00:00+00:00,438.6361333971678,0.0,1.1489106951086212,0.0,0.0,1.2420323179215307
2021-01-22 00:00:00+00:00,437.0711726765866,0.0,1.1448116253503335,-0.0035677879714577365,0.0,1.2420323179215307
2021-01-25 00:00:00+00:00,438.84727889121444,0.0,1.1494637442029936,0.0,0.0,1.2420323179215307
2021-01-26 00:00:00+00:00,438.18900176271603,0.0,1.1477395323205393,-0.0015000141510769227,0.0,1.2420323179215307
2021-01-27 00:00:00+00:00,525.991709331696,100.0,1.115791412550211,-0.02929394843691213,0.0,1.527979634358866
2021-01-28 00:00:00+00:00,530.4075704749931,0.0,1.1251588224452553,-0.02114457448554896,0.0,1.527979634358866
2021-01-29 00:00:00+00:00,519.7881120161991,0.0,1.1026316602409099,-0.040742549904917436,0.0,1.527979634358866
2021-02-01 00:00:00+00:00,528.3295181722651,0.0,1.12075062955347,-0.024979573992072734,0.0,1.527979634358866
2021-02-02 00:00:00+00:00,535.9235769550287,0.0,1.1368599815183043,-0.010964906677790376,0.0,1.527979634358866
2021-02-03 00:00:00+00:00,536.4583698270543,0.0,1.1379944429242785,-0.009977958275376064,0.0,1.527979634358866
2021-02-04 00:00:00+00:00,542.4633297900846,0.0,1.1507328238542178,0.0,0.0,1.527979634358866
2021-02-05 00:00:00+00:00,544.6330608708743,0.0,1.1553354958441706,0.0,0.0,1.527979634358866
2021-02-08 00:00:00+00:00,548.651647309238,0.0,1.1638601629804912,0.0,0.0,1.527979634358866
2021-02-09 00:00:00+00:00,548.208533215274,0.0,1.162920180672684,-0.0008076419639623245,0.0,1.527979634358866
2021-02-10 00:00:00+00:00,547.9946160664637,0.0,1.1624663961102943,-0.0011975380844959638,0.0,1.527979634358866
2021-02-11 00:00:00+00:00,548.880844254392,0.0,1.1643463607259092,0.0,0.0,1.527979634358866
2021-02-12 00:00:00+00:00,551.6770469852686,0.0,1.1702779732200028,0.0,0.0,1.527979634358866
2021-02-16 00:00:00+00:00,551.1575339095865,0.0,1.1691759249970564,-0.0009416978257859032,0.0,1.527979634358866
2021-02-17 00:00:00+00:00,551.2797722803354,0.0,1.1694352304612792,-0.0007201218667773901,0.0,1.527979634358866
2021-02-18 00:00:00+00:00,548.9266836434226,0.0,1.1644436002749923,-0.004985459077690213,0.0,1.527979634358866
2021-02-19 00:00:00+00:00,547.9182170847457,0.0,1.162304330195155,-0.006813460739509947,0.0,1.527979634358866
2021-02-22 00:00:00+00:00,543.6093145158537,0.0,1.1531638125813053,-0.01462401329455787,0.0,1.527979634358866
2021-02-23 00:00:00+00:00,544.2969053513153,0.0,1.154622405817558,-0.013377648525135233,0.0,1.527979634358866
2021-02-24 00:00:00+00:00,550.3171451106892,0.0,1.1673931999305251,-0.0024650325439692367,0.0,1.527979634358866
2021-02-25 00:00:00+00:00,537.1154010698285,0.0,1.139388209794475,-0.02639523611688177,0.0,1.527979634358866
2021-02-26 00:00:00+00:00,534.166400375516,0.0,1.133132465470103,-0.03174075612796046,0.0,1.527979634358866
2021-03-01 00:00:00+00:00,648.1564986084395,100.0,1.1628097991468322,-0.006381538612251214,1.4210854715202004e-14,1.8098863470580797
2021-03-02 00:00:00+00:00,643.1431134270887,0.0,1.1538156543248823,-0.014067015932825444,1.4210854715202004e-14,1.8098863470580797
2021-03-03 00:00:00+00:00,634.6547464593863,0.0,1.138587300817682,-0.02707961110737178,1.4210854715202004e-14,1.8098863470580797
2021-03-04 00:00:00+00:00,626.8360374400953,0.0,1.124560331275868,-0.03906562627880905,1.4210854715202004e-14,1.8098863470580797
2021-03-05 00:00:00+00:00,638.3288157439141,0.0,1.145178677708858,-0.02144729379301613,1.4210854715202004e-14,1.8098863470580797
2021-03-08 00:00:00+00:00,635.1977123635036,0.0,1.139561395924752,-0.026247248942688928,1.4210854715202004e-14,1.8098863470580797
2021-03-09 00:00:00+00:00,644.0842543275588,0.0,1.1555040858438042,-0.012624254847374838,1.4210854715202004e-14,1.8098863470580797
2021-03-10 00:00:00+00:00,648.0660042910866,0.0,1.1626474499623205,-0.00652026563969843,1.4210854715202004e-14,1.8098863470580797
2021-03-11 00:00:00+00:00,654.9073746829662,0.0,1.1749210483114074,0.0,1.4210854715202004e-14,1.8098863470580797
2021-03-12 00:00:00+00:00,655.8304167199658,0.0,1.1765770099934272,0.0,1.4210854715202004e-14,1.8098863470580797
2021-03-15 00:00:00+00:00,659.6311780487877,0.0,1.1833956757429198,0.0,1.4210854715202004e-14,1.8098863470580797
2021-03-16 00:00:00+00:00,658.889124646494,0.0,1.1820644124299238,-0.0011249519837566169,1.4210854715202004e-14,1.8098863470580797
2021-03-17 00:00:00+00:00,661.0428893994931,0.0,1.185928323021303,0.0,1.4210854715202004e-14,1.8098863470580797
2021-03-18 00:00:00+00:00,651.3237997157912,0.0,1.1684920206047429,-0.014702661263826466,1.4210854715202004e-14,1.8098863470580797
2021-03-19 00:00:00+00:00,650.165472453674,0.0,1.1664139510429927,-0.016454933742196864,1.4210854715202004e-14,1.8098863470580797
2021-03-22 00:00:00+00:00,655.3055496793189,0.0,1.1756353847232588,-0.008679224619428605,1.4210854715202004e-14,1.8098863470580797
2021-03-23 00:00:00+00:00,650.4912519961445,0.0,1.1669984081072347,-0.015962107107655443,1.4210854715202004e-14,1.8098863470580797
2021-03-24 00:00:00+00:00,646.8895781654988,0.0,1.1605369105636676,-0.0214105793450885,1.4210854715202004e-14,1.8098863470580797
2021-03-25 00:00:00+00:00,650.5274497230856,0.0,1.1670633477810393,-0.015907348592706483,1.4210854715202004e-14,1.8098863470580797
2021-03-26 00:00:00+00:00,661.102615648946,0.0,1.1860354734830802,0.0,1.4210854715202004e-14,1.8161660823849508
2021-03-29 00:00:00+00:00,760.9894026864202,100.0,1.185832366451834,-0.00017124869853157865,1.4210854715202004e-14,2.0918370562313977
2021-03-30 00:00:00+00:00,759.043994224125,0.0,1.1828008809772463,-0.002727230827535676,1.4210854715202004e-14,2.0918370562313977
2021-03-31 00:00:00+00:00,762.0562395850982,0.0,1.1874947939701563,0.0,1.4210854715202004e-14,2.0918370562313977
2021-04-01 00:00:00+00:00,770.1307306221514,0.0,1.200077088520595,0.0,1.4210854715202004e-14,2.0918370562313977
2021-04-05 00:00:00+00:00,781.2383853907402,0.0,1.2173858926819496,0.0,1.4210854715202004e-14,2.0918370562313977
2021-04-06 00:00:00+00:00,780.7990996089314,0.0,1.2167013637038167,-0.0005622941601737264,1.4210854715202004e-14,2.0918370562313977
2021-04-07 00:00:00+00:00,781.7822630253603,0.0,1.2182334047501135,0.0,1.4210854715202004e-14,2.0918370562313977
2021-04-08 00:00:00+00:00,785.5894064677015,0.0,1.2241659892272634,0.0,1.4210854715202004e-14,2.0918370562313977
2021-04-09 00:00:00+00:00,791.2373665195262,0.0,1.2329670760889693,0.0,1.4210854715202004e-14,2.0918370562313977
2021-04-12 00:00:00+00:00,791.5929788190856,0.0,1.2335212185950768,0.0,1.4210854715202004e-14,2.0918370562313977
2021-04-13 00:00:00+00:00,793.7475709870039,0.0,1.2368786702497274,0.0,1.4210854715202004e-14,2.0918370562313977
2021-04-14 00:00:00+00:00,791.1955297784016,0.0,1.2329018828529565,-0.0032151798655950525,1.4210854715202004e-14,2.0918370562313977
2021-04-15 00:00:00+00:00,799.688388226701,0.0,1.2461361097635217,0.0,1.4210854715202004e-14,2.0918370562313977
2021-04-16 00:00:00+00:00,802.4914498820511,0.0,1.2505040565763685,0.0,1.4210854715202004e-14,2.0918370562313977
2021-04-19 00:00:00+00:00,798.5378778457738,0.0,1.2443432957731744,-0.004926622005578363,1.4210854715202004e-14,2.0918370562313977
2021-04-20 00:00:00+00:00,792.6807340883258,0.0,1.2352162427314053,-0.01222532127310183,1.4210854715202004e-14,2.0918370562313977
2021-04-21 00:00:00+00:00,800.1276740085096,0.0,1.2468206387416545,-0.0029455464901078088,1.4210854715202004e-14,2.0918370562313977
2021-04-22 00:00:00+00:00,792.7853259411374,0.0,1.2353792258214369,-0.012094987357610387,1.4210854715202004e-14,2.0918370562313977
2021-04-23 00:00:00+00:00,801.2363476483122,0.0,1.2485482594959891,-0.001564006985898092,1.4210854715202004e-14,2.0918370562313977
2021-04-26 00:00:00+00:00,802.9725724049844,0.0,1.2512537787905138,0.0,1.4210854715202004e-14,2.0918370562313977
2021-04-27 00:00:00+00:00,902.5519074728271,100.0,1.2505982662561443,-0.0005238845592163699,0.0,2.3519880843092382
2021-04-28 00:00:00+00:00,902.1285496176514,0.0,1.2500116511315127,-0.000992706419797429,0.0,2.3519880843092382
2021-04-29 00:00:00+00:00,908.1496391134831,0.0,1.258354621792939,0.0,0.0,2.3519880843092382
2021-04-30 00:00:00+00:00,902.1520694984945,0.0,1.250044240860659,-0.006604164508443033,0.0,2.3519880843092382
2021-05-03 00:00:00+00:00,904.1982991318436,0.0,1.252879547296378,-0.004350978970268371,0.0,2.3519880843092382
2021-05-04 00:00:00+00:00,898.69464701456,0.0,1.2452535506761682,-0.010411271107427678,0.0,2.3519880843092382
2021-05-05 00:00:00+00:00,898.8592861804616,0.0,1.2454816787801912,-0.010229980317000065,0.0,2.3519880843092382
2021-05-06 00:00:00+00:00,906.1739691226633,0.0,1.2556170845446581,-0.002175489485134574,0.0,2.3519880843092382
2021-05-07 00:00:00+00:00,912.6419363545136,0.0,1.264579260059862,0.0,0.0,2.3519880843092382
2021-05-10 00:00:00+00:00,903.7043816341386,0.0,1.2521951629843073,-0.009793057237842406,0.0,2.3519880843092382
2021-05-11 00:00:00+00:00,895.7781817900164,0.0,1.241212424262039,-0.018477952735613257,0.0,2.3519880843092382
2021-05-12 00:00:00+00:00,876.6565186645824,0.0,1.2147169744661814,-0.03942994098394448,0.0,2.3519880843092382
2021-05-13 00:00:00+00:00,887.0758258780724,0.0,1.2291542244779463,-0.02801329794088092,0.0,2.3519880843092382
2021-05-14 00:00:00+00:00,900.6938368862227,0.0,1.2480236776535938,-0.01309177125480021,0.0,2.3519880843092382
2021-05-17 00:00:00+00:00,898.5300078486582,0.0,1.2450254225721438,-0.015462721954488279,0.0,2.3519880843092382
2021-05-18 00:00:00+00:00,890.7684471704379,0.0,1.2342708119538992,-0.023967219029456532,0.0,2.3519880843092382
2021-05-19 00:00:00+00:00,888.4164590861286,0.0,1.2310118390392797,-0.026544339355204394,0.0,2.3519880843092382
2021-05-20 00:00:00+00:00,897.8949710658948,0.0,1.2441454998851968,-0.016158544442440026,0.0,2.3519880843092382
2021-05-21 00:00:00+00:00,897.2128945214452,0.0,1.2432003977399573,-0.016905909336906833,0.0,2.3519880843092382
2021-05-24 00:00:00+00:00,906.2680486460357,0.0,1.255747443461243,-0.006983996082776889,0.0,2.3519880843092382
2021-05-25 00:00:00+00:00,904.3629382977451,0.0,1.253107675400401,-0.009071463546632907,0.0,2.3519880843092382
2021-05-26 00:00:00+00:00,906.0093299567616,0.0,1.2553889564406346,-0.007267479318609382,0.0,2.3519880843092382
2021-05-27 00:00:00+00:00,1006.1258014519033,100.0,1.2555503422276308,-0.007139859174824514,1.4210854715202004e-14,2.610736938740732
2021-05-28 00:00:00+00:00,1008.0838541559589,0.0,1.257993807785446,-0.005207623185362276,1.4210854715202004e-14,2.610736938740732
2021-06-01 00:00:00+00:00,1007.3006330743366,0.0,1.2570164215623199,-0.00598051758114726,1.4210854715202004e-14,2.610736938740732
2021-06-02 00:00:00+00:00,1008.9976120845181,0.0,1.2591340917124263,-0.004305913056946609,1.4210854715202004e-14,2.610736938740732
2021-06-03 00:00:00+00:00,1005.1598287845692,0.0,1.2543448992191089,-0.008093095596292343,1.4210854715202004e-14,2.610736938740732
2021-06-04 00:00:00+00:00,1014.2713007007744,0.0,1.265715158948141,0.0,1.4210854715202004e-14,2.610736938740732
2021-06-07 00:00:00+00:00,1013.40975751099,0.0,1.2646400341027024,-0.0008494208494208566,1.4210854715202004e-14,2.610736938740732
2021-06-08 00:00:00+00:00,1013.5664017273144,0.0,1.2648355113473275,-0.0006949806949807513,1.4210854715202004e-14,2.610736938740732
2021-06-09 00:00:00+00:00,1011.9738521946825,0.0,1.2628481593603047,-0.0022651222651223213,1.4210854715202004e-14,2.610736938740732
2021-06-10 00:00:00+00:00,1016.6470713150285,0.0,1.2686798971582895,0.0,1.4210854715202004e-14,2.610736938740732
2021-06-11 00:00:00+00:00,1018.4223724333721,0.0,1.2708953059307082,0.0,1.4210854715202004e-14,2.610736938740732
2021-06-14 00:00:00+00:00,1020.980894633338,0.0,1.2740881009262532,0.0,1.4210854715202004e-14,2.610736938740732
2021-06-15 00:00:00+00:00,1018.8400903435706,0.0,1.2714165785830422,-0.002096811312552682,1.4210854715202004e-14,2.610736938740732
2021-06-16 00:00:00+00:00,1013.2531132946656,0.0,1.264444556858077,-0.007568977420921996,1.4210854715202004e-14,2.610736938740732
2021-06-17 00:00:00+00:00,1012.8876101232419,0.0,1.263988443287285,-0.007926969596235844,1.4210854715202004e-14,2.610736938740732
2021-06-18 00:00:00+00:00,999.442314888727,0.0,1.247209979790289,-0.021095967473853783,1.4210854715202004e-14,2.610736938740732
2021-06-21 00:00:00+00:00,1013.4358648803774,0.0,1.2646726136434732,-0.007389981333264961,1.4210854715202004e-14,2.610736938740732
2021-06-22 00:00:00+00:00,1018.8139829741833,0.0,1.2713839990422717,-0.002122382182217719,1.4210854715202004e-14,2.610736938740732
2021-06-23 00:00:00+00:00,1017.7174734599121,0.0,1.2700156583298952,-0.0031963587081595968,1.4210854715202004e-14,2.610736938740732
2021-06-24 00:00:00+00:00,1023.539416833304,0.0,1.2772808959217983,0.0,1.4210854715202004e-14,2.610736938740732
2021-06-25 00:00:00+00:00,1027.324985394478,0.0,1.2820049293335738,0.0,1.4210854715202004e-14,2.610736938740732
2021-06-28 00:00:00+00:00,1129.489376347884,100.0,1.284705885613933,0.0,0.0,2.864397890920785
2021-06-29 00:00:00+00:00,1129.9849171830133,0.0,1.2852695245828192,0.0,0.0,2.8741095665454606
2021-06-30 00:00:00+00:00,1131.0195966269696,0.0,1.2864463915806057,0.0,0.0,2.8741095665454606
2021-07-01 00:00:00+00:00,1137.4001198647006,0.0,1.293703738066957,0.0,0.0,2.8741095665454606
2021-07-02 00:00:00+00:00,1146.0511896600024,0.0,1.303543653798451,0.0,0.0,2.8741095665454606
2021-07-06 00:00:00+00:00,1143.8956074850933,0.0,1.301091847553062,-0.0018808777429468737,0.0,2.8741095665454606
2021-07-07 00:00:00+00:00,1147.8331375912605,0.0,1.305570480294639,0.0,0.0,2.8741095665454606
2021-07-08 00:00:00+00:00,1138.693469169646,0.0,1.29517482181419,-0.00796254100207816,0.0,2.8741095665454606
2021-07-09 00:00:00+00:00,1150.707247157806,0.0,1.3088395552884908,0.0,0.0,2.8741095665454606
2021-07-12 00:00:00+00:00,1154.874706029297,0.0,1.313579714029576,0.0,0.0,2.8741095665454606
2021-07-13 00:00:00+00:00,1150.9659170187952,0.0,1.3091337720379375,-0.003384600069682886,0.0,2.8741095665454606
2021-07-14 00:00:00+00:00,1152.5466772803952,0.0,1.310931763284556,-0.0020158279826787417,0.0,2.8741095665454606
2021-07-15 00:00:00+00:00,1148.8390759395515,0.0,1.3067146565424872,-0.005226220695833783,0.0,2.8741095665454606
2021-07-16 00:00:00+00:00,1139.9005951875952,0.0,1.2965478333116078,-0.012966004678711562,0.0,2.8741095665454606
2021-07-19 00:00:00+00:00,1122.8571254579806,0.0,1.277162218598066,-0.027723856453137907,0.0,2.8741095665454606
2021-07-20 00:00:00+00:00,1138.7222102653113,0.0,1.2952075125641282,-0.01398636205266035,0.0,2.8741095665454606
2021-07-21 00:00:00+00:00,1148.2929951219078,0.0,1.306093532293655,-0.005699069234980869,0.0,2.8741095665454606
2021-07-22 00:00:00+00:00,1150.7359882534715,0.0,1.3088722460384294,-0.003583694191428788,0.0,2.8741095665454606
2021-07-23 00:00:00+00:00,1162.2324265196532,0.0,1.321948546013837,0.0,0.0,2.8741095665454606
2021-07-26 00:00:00+00:00,1165.1927593731953,0.0,1.3253156932575045,0.0,0.0,2.8741095665454606
2021-07-27 00:00:00+00:00,1259.7618014789355,100.0,1.3191384031320879,-0.004660995230678533,0.0,3.1212353546218763
2021-07-28 00:00:00+00:00,1259.0751297009185,0.0,1.3184193663176156,-0.005203535259541425,0.0,3.1212353546218763
2021-07-29 00:00:00+00:00,1264.5060792179606,0.0,1.3241062938502581,-0.0009125368494459218,0.0,3.1212353546218763
2021-07-30 00:00:00+00:00,1258.3260332158093,0.0,1.3176349625200097,-0.005795397109209732,0.0,3.1212353546218763
2021-08-02 00:00:00+00:00,1255.7666202250196,0.0,1.3149549162115233,-0.007817591762243059,0.0,3.1212353546218763
2021-08-03 00:00:00+00:00,1265.9106351275404,0.0,1.325577050970769,0.0,0.0,3.1212353546218763
2021-08-04 00:00:00+00:00,1259.8554385395742,0.0,1.3192364536067884,-0.00478327333694939,0.0,3.1212353546218763
2021-08-05 00:00:00+00:00,1267.7209516332214,0.0,1.32747269348165,0.0,0.0,3.1212353546218763
2021-08-06 00:00:00+00:00,1269.9058163814566,0.0,1.3297605378913335,0.0,0.0,3.1212353546218763
2021-08-09 00:00:00+00:00,1268.6885345931541,0.0,1.328485881720224,-0.0009585606842648087,0.0,3.1212353546218763
2021-08-10 00:00:00+00:00,1270.2803646240113,0.0,1.3301527397901365,0.0,0.0,3.1212353546218763
2021-08-11 00:00:00+00:00,1273.3391752715406,0.0,1.3333557219636936,0.0,0.0,3.1212353546218763
2021-08-12 00:00:00+00:00,1277.0534453435407,0.0,1.337245057460156,0.0,0.0,3.1212353546218763
2021-08-13 00:00:00+00:00,1279.5816459807843,0.0,1.3398924202770754,0.0,0.0,3.1212353546218763
2021-08-16 00:00:00+00:00,1282.6404566283138,0.0,1.3430954024506327,0.0,0.0,3.1212353546218763
2021-08-17 00:00:00+00:00,1274.1819088172886,0.0,1.334238176236,-0.006594636686620858,0.0,3.1212353546218763
2021-08-18 00:00:00+00:00,1260.4796856104983,0.0,1.319890123438126,-0.017277461429892504,0.0,3.1212353546218763
2021-08-19 00:00:00+00:00,1262.2587897626331,0.0,1.3217530824574402,-0.015890397624957253,0.0,3.1212353546218763
2021-08-20 00:00:00+00:00,1272.246742897423,0.0,1.3322117997588514,-0.00810337275514672,0.0,3.1212353546218763
2021-08-23 00:00:00+00:00,1283.5144025276081,0.0,1.3440105402145064,0.0,0.0,3.1212353546218763
2021-08-24 00:00:00+00:00,1285.5432055081121,0.0,1.3461349671663552,0.0,0.0,3.1212353546218763
2021-08-25 00:00:00+00:00,1287.9153443776247,0.0,1.3486189125254404,0.0,0.0,3.1212353546218763
2021-08-26 00:00:00+00:00,1280.393167172986,0.0,1.340742191057815,-0.005840583573661573,0.0,3.1212353546218763
2021-08-27 00:00:00+00:00,1392.3779704957624,100.0,1.353291876481281,0.0,0.0,3.3643695222919883
2021-08-30 00:00:00+00:00,1398.770272588117,0.0,1.359504737268297,0.0,0.0,3.3643695222919883
2021-08-31 00:00:00+00:00,1396.3815702272898,0.0,1.357183089289991,-0.0017077159899941963,0.0,3.3643695222919883
2021-09-01 00:00:00+00:00,1397.8618928170981,0.0,1.3586218570511945,-0.0006494131229556332,0.0,3.3643695222919883
2021-09-02 00:00:00+00:00,1402.0337110247403,0.0,1.362676566196405,0.0,0.0,3.3643695222919883
2021-09-03 00:00:00+00:00,1401.4954119011736,0.0,1.3621533779196038,-0.00038394164087052207,0.0,3.3643695222919883
2021-09-07 00:00:00+00:00,1396.3142828368439,0.0,1.3571176907553908,-0.004079379934250005,0.0,3.3643695222919883
2021-09-08 00:00:00+00:00,1394.9685350279271,0.0,1.3558097200633874,-0.0050392340364264765,0.0,3.3643695222919883
2021-09-09 00:00:00+00:00,1388.710807716464,0.0,1.3497276563455716,-0.009502555611547225,0.0,3.3643695222919883
2021-09-10 00:00:00+00:00,1377.9784689403525,0.0,1.3392965900768448,-0.017157392076404543,0.0,3.3643695222919883
2021-09-13 00:00:00+00:00,1381.208263681753,0.0,1.3424357197376529,-0.014853742231180966,0.0,3.3643695222919883
2021-09-14 00:00:00+00:00,1374.042156599271,0.0,1.3354707758027349,-0.0199649653252707,0.0,3.3643695222919883
2021-09-15 00:00:00+00:00,1385.5146566702865,0.0,1.3466212259520633,-0.011782209104216457,0.0,3.3643695222919883
2021-09-16 00:00:00+00:00,1383.1259543094593,0.0,1.3442995779737574,-0.013485950135579627,0.0,3.3643695222919883
2021-09-17 00:00:00+00:00,1369.5675451346226,0.0,1.3311217732518237,-0.02315648021500749,0.0,3.3643695222919883
2021-09-20 00:00:00+00:00,1347.194487811381,0.0,1.309376760497268,-0.03911405466369122,0.0,3.3643695222919883
2021-09-21 00:00:00+00:00,1345.8823836976871,0.0,1.3081014890725646,-0.04004991241331324,0.0,3.3643695222919883
2021-09-22 00:00:00+00:00,1358.868850053734,0.0,1.320723406250397,-0.030787320327310352,0.0,3.3643695222919883
2021-09-23 00:00:00+00:00,1375.2869733225189,0.0,1.336680648692838,-0.019077100280757486,0.0,3.3643695222919883
2021-09-24 00:00:00+00:00,1377.5747445976774,0.0,1.3389041988692438,-0.017445348307057462,0.0,3.3643695222919883
2021-09-27 00:00:00+00:00,1473.5924894525908,100.0,1.3350337314730938,-0.020285690243041166,0.0,3.609092553153541
2021-09-28 00:00:00+00:00,1444.1422942188578,0.0,1.3083526752673125,-0.03986557946081448,0.0,3.609092553153541
2021-09-29 00:00:00+00:00,1446.4088043422385,0.0,1.3104060702792282,-0.03835869582983864,0.0,3.620910239679163
2021-09-30 00:00:00+00:00,1428.0869985294619,0.0,1.2938070247787703,-0.05053990295721322,0.0,3.620910239679163
2021-10-01 00:00:00+00:00,1445.1776948607476,0.0,1.309290719395798,-0.03917719591349633,0.0,3.620910239679163
2021-10-04 00:00:00+00:00,1427.3990255839228,0.0,1.2931837404615594,-0.05099730006278658,0.0,3.620910239679163
2021-10-05 00:00:00+00:00,1441.267111801894,0.0,1.3057478401190206,-0.041777137355702654,0.0,3.620910239679163
2021-10-06 00:00:00+00:00,1447.6761229261263,0.0,1.311554225600406,-0.03751612221430889,0.0,3.620910239679163
2021-10-07 00:00:00+00:00,1460.1320541506225,0.0,1.3228389521856976,-0.029234827250243955,0.0,3.620910239679163
2021-10-08 00:00:00+00:00,1457.3801623684665,0.0,1.3203458149168543,-0.03106441567253715,0.0,3.620910239679163
2021-10-11 00:00:00+00:00,1446.7708953662063,0.0,1.3107341146567075,-0.038117960511115934,0.0,3.620910239679163
2021-10-12 00:00:00+00:00,1443.874167174463,0.0,1.3081097596368723,-0.040043843060898476,0.0,3.620910239679163
2021-10-13 00:00:00+00:00,1448.5089322812526,0.0,1.3123087276686087,-0.0369624309812463,0.0,3.620910239679163
2021-10-14 00:00:00+00:00,1472.8414490918963,0.0,1.3343533098352245,-0.02078501756307327,0.0,3.620910239679163
2021-10-15 00:00:00+00:00,1484.3197345516794,0.0,1.344752316601322,-0.013153707959559724,0.0,3.620910239679163
2021-10-18 00:00:00+00:00,1488.8458723512783,0.0,1.3488528713198145,-0.010144516475524501,0.0,3.620910239679163
2021-10-19 00:00:00+00:00,1500.4327851182516,0.0,1.3593502913991553,-0.002440986276394441,0.0,3.620910239679163
2021-10-20 00:00:00+00:00,1506.262450604135,0.0,1.3646318058765736,0.0,0.0,3.620910239679163
2021-10-21 00:00:00+00:00,1509.9557790486078,0.0,1.3679778585268638,0.0,0.0,3.620910239679163
2021-10-22 00:00:00+00:00,1508.4349967479425,0.0,1.3666000721414502,-0.0010071700918443671,0.0,3.620910239679163
2021-10-25 00:00:00+00:00,1516.2561628656495,0.0,1.3736858306950053,0.0,0.0,3.620910239679163
2021-10-26 00:00:00+00:00,1517.7045269615212,0.0,1.374998008204923,0.0,0.0,3.620910239679163
2021-10-27 00:00:00+00:00,1610.5095614181803,100.0,1.36847956992168,-0.004740689255072206,0.0,3.8590792931689077
2021-10-28 00:00:00+00:00,1626.2546049343096,0.0,1.3818584227366717,0.0,0.0,3.8590792931689077
2021-10-29 00:00:00+00:00,1629.1489144041861,0.0,1.3843177706806038,0.0,0.0,3.8590792931689077
2021-11-01 00:00:00+00:00,1632.5834949751065,0.0,1.3872361969074034,0.0,0.0,3.8590792931689077
2021-11-02 00:00:00+00:00,1638.9123850159035,0.0,1.3926139710781353,0.0,0.0,3.8590792931689077
2021-11-03 00:00:00+00:00,1648.7916280064157,0.0,1.401008545393424,0.0,0.0,3.8590792931689077
2021-11-04 00:00:00+00:00,1656.5097865927537,0.0,1.4075668065772435,0.0,0.0,3.8590792931689077
2021-11-05 00:00:00+00:00,1662.14404236078,0.0,1.4123543372414316,0.0,0.0,3.8590792931689077
2021-11-08 00:00:00+00:00,1664.1507635932282,0.0,1.414059485149225,0.0,0.0,3.8590792931689077
2021-11-09 00:00:00+00:00,1658.3235538605431,0.0,1.4091079979554413,-0.0035016116689470245,0.0,3.8590792931689077
2021-11-10 00:00:00+00:00,1644.9711395061786,0.0,1.3977622061074335,-0.011525172181898413,0.0,3.8590792931689077
2021-11-11 00:00:00+00:00,1645.5114106072222,0.0,1.3982212843903008,-0.011200519444380164,0.0,3.8590792931689077
2021-11-12 00:00:00+00:00,1657.7446919665676,0.0,1.4086161283666545,-0.003849453887716736,0.0,3.8590792931689077
2021-11-15 00:00:00+00:00,1658.5165078252014,0.0,1.4092719544850365,-0.003385664262690602,0.0,3.8590792931689077
2021-11-16 00:00:00+00:00,1664.8453978659986,0.0,1.4146497286557687,0.0,0.0,3.8590792931689077
2021-11-17 00:00:00+00:00,1660.8319554011027,0.0,1.4112394328401823,-0.002410699798335858,0.0,3.8590792931689077
2021-11-18 00:00:00+00:00,1666.5819835479244,0.0,1.4161253374221279,0.0,0.0,3.8590792931689077
2021-11-19 00:00:00+00:00,1663.4561293204576,0.0,1.413469241642681,-0.0018756078358727057,0.0,3.8590792931689077
2021-11-22 00:00:00+00:00,1659.0567789262452,0.0,1.409731032767904,-0.004515352197471345,0.0,3.8590792931689077
2021-11-23 00:00:00+00:00,1661.2178633304197,0.0,1.4115673458993736,-0.0032186356689666296,0.0,3.8590792931689077
2021-11-24 00:00:00+00:00,1665.3084873811786,0.0,1.4150432243267976,-0.0007641365257259336,0.0,3.8590792931689077
2021-11-26 00:00:00+00:00,1629.0717328183227,0.0,1.3842521880687655,-0.022507294030472802,0.0,3.8590792931689077
2021-11-29 00:00:00+00:00,1748.8272062642732,100.0,1.4010387768929307,-0.010653407668462678,0.0,4.093313374834456
2021-11-30 00:00:00+00:00,1715.3439028581272,0.0,1.3742142820071892,-0.0295955833197874,0.0,4.093313374834456
2021-12-01 00:00:00+00:00,1695.614132391425,0.0,1.3584081615488428,-0.04075710980381986,0.0,4.093313374834456
2021-12-02 00:00:00+00:00,1721.4838729203789,0.0,1.3791331991622764,-0.026122079227246076,0.0,4.093313374834456
2021-12-03 00:00:00+00:00,1706.2567471659945,0.0,1.3669342846176604,-0.0347363693767484,0.0,4.093313374834456
2021-12-06 00:00:00+00:00,1726.6414477726703,0.0,1.3832650895725496,-0.023204335789511532,0.0,4.093313374834456
2021-12-07 00:00:00+00:00,1762.130474732485,0.0,1.4116964307289528,-0.0031274821346233272,0.0,4.093313374834456
2021-12-08 00:00:00+00:00,1767.0833839160346,0.0,1.4156643572340561,-0.00032552216664016864,0.0,4.093313374834456
2021-12-09 00:00:00+00:00,1755.0490425940213,0.0,1.4060232796100856,-0.007133590188020955,0.0,4.093313374834456
2021-12-10 00:00:00+00:00,1771.7906942970944,0.0,1.4194355270529566,0.0,0.0,4.093313374834456
2021-12-13 00:00:00+00:00,1756.07237093773,0.0,1.4068430991359338,-0.008871433522005256,0.0,4.093313374834456
2021-12-14 00:00:00+00:00,1744.1198958832133,0.0,1.3972676070740309,-0.015617419429363566,0.0,4.093313374834456
2021-12-15 00:00:00+00:00,1771.381362959611,0.0,1.4191075992426174,-0.00023102691463561253,0.0,4.093313374834456
2021-12-16 00:00:00+00:00,1755.3765076640082,0.0,1.4062856218583573,-0.00926417927688572,0.0,4.093313374834456
2021-12-17 00:00:00+00:00,1737.1612631459948,0.0,1.3916928342982657,-0.01954487697816787,0.0,4.093313374834456
2021-12-20 00:00:00+00:00,1718.3729547555047,0.0,1.3766409478036994,-0.03014901235993983,0.0,4.093313374834456
2021-12-21 00:00:00+00:00,1748.7576199369007,0.0,1.4009830291651733,-0.012999884486542768,0.0,4.108054264692384
2021-12-22 00:00:00+00:00,1766.422253275078,0.0,1.415134705327193,-0.0030299521491427006,0.0,4.108054264692384
2021-12-23 00:00:00+00:00,1777.3085970765128,0.0,1.4238560871479728,0.0,0.0,4.108054264692384
2021-12-27 00:00:00+00:00,1903.7177151920466,100.0,1.4450132365855355,0.0,0.0,4.338364474811528
2021-12-28 00:00:00+00:00,1902.286054915359,0.0,1.4439265376313797,-0.0007520339098924245,0.0,4.338364474811528
2021-12-29 00:00:00+00:00,1904.585388087009,0.0,1.445671842012297,0.0,0.0,4.338364474811528
2021-12-30 00:00:00+00:00,1899.2058161382427,0.0,1.4415884883663772,-0.002824537026491325,0.0,4.338364474811528
2021-12-31 00:00:00+00:00,1893.9997787684688,0.0,1.4376368558058097,-0.005557959955354019,0.0,4.338364474811528
2022-01-03 00:00:00+00:00,1905.6265955609638,0.0,1.4464621685244108,0.0,0.0,4.338364474811528
2022-01-04 00:00:00+00:00,1904.8456899554976,0.0,1.4458694236403256,-0.0004097894137735647,0.0,4.338364474811528
2022-01-05 00:00:00+00:00,1868.3600447223328,0.0,1.418175065445015,-0.019556061468411934,0.0,4.338364474811528
2022-01-06 00:00:00+00:00,1865.843793326942,0.0,1.4162651097074073,-0.020876494023904346,0.0,4.338364474811528
2022-01-07 00:00:00+00:00,1859.3796302594728,0.0,1.411358499278036,-0.02426863972680693,0.0,4.338364474811528
2022-01-10 00:00:00+00:00,1856.9501461535783,0.0,1.4095144040831042,-0.025543540125213426,0.0,4.338364474811528
2022-01-11 00:00:00+00:00,1873.2190129341216,0.0,1.4218632558348778,-0.01700626067159927,0.0,4.338364474811528
2022-01-12 00:00:00+00:00,1878.8155031066285,0.0,1.426111260837488,-0.014069436539556057,0.0,4.338364474811528
2022-01-13 00:00:00+00:00,1852.9154671920037,0.0,1.4064518888486646,-0.027660785429709622,0.0,4.338364474811528
2022-01-14 00:00:00+00:00,1853.4794545737293,0.0,1.4068799823760596,-0.0273648264086509,0.0,4.338364474811528
2022-01-18 00:00:00+00:00,1820.9851046573908,0.0,1.3822152091438504,-0.0444166192373362,0.0,4.338364474811528
2022-01-19 00:00:00+00:00,1801.852917323472,0.0,1.3676929594837646,-0.054456459874786534,0.0,4.338364474811528
2022-01-20 00:00:00+00:00,1782.0265916735832,0.0,1.3526438254822697,-0.0648605577689243,0.0,4.338364474811528
2022-01-21 00:00:00+00:00,1747.0159903618544,0.0,1.326069096512453,-0.08323278315310179,0.0,4.338364474811528
2022-01-24 00:00:00+00:00,1754.3044426795377,0.0,1.3316013820972477,-0.07940808195788274,0.0,4.338364474811528
2022-01-25 00:00:00+00:00,1733.003073108213,0.0,1.3154326188702588,-0.0905862265224815,0.0,4.338364474811528
2022-01-26 00:00:00+00:00,1729.0985450808828,0.0,1.3124688944498333,-0.09263517359134876,0.0,4.338364474811528
2022-01-27 00:00:00+00:00,1818.6999829706338,100.0,1.3045758860637393,-0.098091941530289,0.0,4.58642251215674
2022-01-28 00:00:00+00:00,1863.280009788797,0.0,1.3365536880825508,-0.07598434499948359,0.0,4.58642251215674
2022-01-31 00:00:00+00:00,1897.3571290541217,0.0,1.3609976252224447,-0.0590852254291252,0.0,4.58642251215674
2022-02-01 00:00:00+00:00,1909.7404698369448,0.0,1.369880348005448,-0.05294422639279028,0.0,4.58642251215674
2022-02-02 00:00:00+00:00,1927.9485672102073,0.0,1.3829412403937897,-0.043914683365290585,0.0,4.58642251215674
2022-02-03 00:00:00+00:00,1883.1392192664357,0.0,1.350798943508626,-0.06613600210047266,0.0,4.58642251215674
2022-02-04 00:00:00+00:00,1891.9910147148983,0.0,1.35714844534981,-0.061746325011536984,0.0,4.58642251215674
2022-02-07 00:00:00+00:00,1885.7534800983653,0.0,1.352674184985038,-0.06483956897057963,0.0,4.58642251215674
2022-02-08 00:00:00+00:00,1901.0262670638472,0.0,1.3636295430840755,-0.05726567015909989,0.0,4.58642251215674
2022-02-09 00:00:00+00:00,1928.9117159377602,0.0,1.383632118832468,-0.04343705010690879,0.0,4.58642251215674
2022-02-10 00:00:00+00:00,1895.0180535729219,0.0,1.3593197775856556,-0.06024519191376598,0.0,4.58642251215674
2022-02-11 00:00:00+00:00,1857.2259320727503,0.0,1.3322110236108606,-0.07898661119502481,0.0,4.58642251215674
2022-02-14 00:00:00+00:00,1851.1718543567033,0.0,1.32786835913917,-0.08198887739056648,0.0,4.58642251215674
2022-02-15 00:00:00+00:00,1880.8918722354792,0.0,1.3491868938183778,-0.06725047970336284,0.0,4.58642251215674
2022-02-16 00:00:00+00:00,1883.1392192664357,0.0,1.3507989435086263,-0.06613600210047255,0.0,4.58642251215674
2022-02-17 00:00:00+00:00,1843.0997507353075,0.0,1.3220781398435826,-0.0859918989846219,0.0,4.58642251215674
2022-02-18 00:00:00+00:00,1831.3126448790647,0.0,1.3136231037130943,-0.09183722028957764,0.0,4.58642251215674
2022-02-22 00:00:00+00:00,1811.2699785009397,0.0,1.2992462523939372,-0.10177654095208999,0.0,4.58642251215674
2022-02-23 00:00:00+00:00,1778.6605144395053,0.0,1.2758550823986954,-0.11794783841443846,0.0,4.58642251215674
2022-02-24 00:00:00+00:00,1805.9955926119594,0.0,1.2954628704678433,-0.10439215165275106,0.0,4.58642251215674
2022-02-25 00:00:00+00:00,1845.4388262165076,0.0,1.3237559874803722,-0.08483193249998078,0.0,4.58642251215674
2022-02-28 00:00:00+00:00,1941.8084580778132,100.0,1.321151879724491,-0.08663226147680958,0.0,4.838071701409739
2022-03-01 00:00:00+00:00,1912.6832664353262,0.0,1.3013359182038076,-0.10033186728184662,0.0,4.838071701409739
2022-03-02 00:00:00+00:00,1947.807666987561,0.0,1.3252335727951965,-0.08381041576281534,0.0,4.838071701409739
2022-03-03 00:00:00+00:00,1938.0347621507133,0.0,1.3185843631154988,-0.0884072934581932,0.0,4.838071701409739
2022-03-04 00:00:00+00:00,1922.3594098381457,0.0,1.3079192941243005,-0.09578050322701692,0.0,4.838071701409739
2022-03-07 00:00:00+00:00,1865.6088287806097,0.0,1.2693077943506106,-0.12247425340859197,0.0,4.838071701409739
2022-03-08 00:00:00+00:00,1851.5300401295071,0.0,1.2597289823862936,-0.12909648810836893,0.0,4.838071701409739
2022-03-09 00:00:00+00:00,1900.8783714838864,0.0,1.2933041995808068,-0.10588453142873833,0.0,4.838071701409739
2022-03-10 00:00:00+00:00,1892.4117460064194,0.0,1.2875437456503755,-0.10986697497671427,0.0,4.838071701409739
2022-03-11 00:00:00+00:00,1868.269768216385,0.0,1.2711182227287463,-0.12122262829351371,0.0,4.838071701409739
2022-03-14 00:00:00+00:00,1854.6264060184094,0.0,1.2618356626808513,-0.12764005161082348,0.0,4.838071701409739
2022-03-15 00:00:00+00:00,1895.3145890272654,0.0,1.2895187584265235,-0.10850156576026526,0.0,4.838071701409739
2022-03-16 00:00:00+00:00,1937.6960971316146,0.0,1.3183539449582817,-0.08856659120011201,0.0,4.838071701409739
2022-03-17 00:00:00+00:00,1961.4026484685226,0.0,1.3344832159634892,-0.07741574926577954,0.0,4.838071701409739
2022-03-18 00:00:00+00:00,1983.0772096908381,0.0,1.349229978025393,-0.06722069378296147,0.0,4.838071701409739
2022-03-21 00:00:00+00:00,1983.1739711248665,0.0,1.3492958117845981,-0.06717518014241297,0.0,4.838071701409739
2022-03-22 00:00:00+00:00,2006.2031924235766,0.0,1.3649642464753708,-0.056342933691918784,0.0,4.838071701409739
2022-03-23 00:00:00+00:00,1980.3678895380485,0.0,1.3473866327676551,-0.06849507571831359,0.0,4.838071701409739
2022-03-24 00:00:00+00:00,2009.7059563353973,0.0,1.3673474285585894,-0.054695339904070384,0.0,4.854127714447122
2022-03-25 00:00:00+00:00,2019.8996245357364,0.0,1.374282913800783,-0.04990054789836673,0.0,4.854127714447122
2022-03-28 00:00:00+00:00,2134.620528162879,100.0,1.3842986027413362,-0.04297628181073687,0.0,5.094681324525356
2022-03-29 00:00:00+00:00,2161.6223391828635,0.0,1.4018092416456753,-0.03087044227661173,0.0,5.094681324525356
2022-03-30 00:00:00+00:00,2148.1723804861163,0.0,1.3930869611348344,-0.036900520837006345,0.0,5.094681324525356
2022-03-31 00:00:00+00:00,2115.1588455031924,0.0,1.3716777271536804,-0.051701622757974186,0.0,5.094681324525356
2022-04-01 00:00:00+00:00,2121.0177290263964,0.0,1.3754772054065088,-0.04907488399113569,0.0,5.094681324525356
2022-04-04 00:00:00+00:00,2139.001954101971,0.0,1.387139951695625,-0.0410119380372751,0.0,5.094681324525356
2022-04-05 00:00:00+00:00,2112.5605580276842,0.0,1.369992741145904,-0.05286652429805061,0.0,5.094681324525356
2022-04-06 00:00:00+00:00,2091.1628964646775,0.0,1.3561163857877483,-0.06245983109867814,0.0,5.094681324525356
2022-04-07 00:00:00+00:00,2101.708886806445,0.0,1.3629554466428393,-0.05773170131836891,0.0,5.094681324525356
2022-04-08 00:00:00+00:00,2096.6142054819197,0.0,1.359651552509945,-0.06001582198518496,0.0,5.094681324525356
2022-04-11 00:00:00+00:00,2060.289127638054,0.0,1.3360947873424096,-0.0763016023395835,0.0,5.094681324525356
2022-04-12 00:00:00+00:00,2052.748999277757,0.0,1.3312050240257265,-0.0796821009264711,0.0,5.094681324525356
2022-04-13 00:00:00+00:00,2075.929799304347,0.0,1.3462377423303948,-0.0692893518924581,0.0,5.094681324525356
2022-04-14 00:00:00+00:00,2050.7111267479463,0.0,1.3298834663725685,-0.08059574919319767,0.0,5.094681324525356
2022-04-18 00:00:00+00:00,2051.067754440663,0.0,1.330114738961871,-0.08043586074652065,0.0,5.094681324525356
2022-04-19 00:00:00+00:00,2083.826555357361,0.0,1.3513587782363807,-0.06574896485889326,0.0,5.094681324525356
2022-04-20 00:00:00+00:00,2082.247204146758,0.0,1.3503345710551835,-0.06645704226560623,0.0,5.094681324525356
2022-04-21 00:00:00+00:00,2051.373435320135,0.0,1.3303129726098448,-0.08029881350651158,0.0,5.094681324525356
2022-04-22 00:00:00+00:00,1995.3828875636011,0.0,1.2940031760893376,-0.10540129963482026,0.0,5.094681324525356
2022-04-25 00:00:00+00:00,2006.2855055980854,0.0,1.3010735095337311,-0.10051328140783378,0.0,5.094681324525356
2022-04-26 00:00:00+00:00,1948.9193938839298,0.0,1.2638716615973427,-0.1262324801161827,0.0,5.094681324525356
2022-04-27 00:00:00+00:00,2053.9209721591164,100.0,1.267115178525291,-0.1239901007449633,0.0,5.355307204544929
2022-04-28 00:00:00+00:00,2105.3854743947936,0.0,1.2988649161354602,-0.10204017471090865,0.0,5.355307204544929
2022-04-29 00:00:00+00:00,2028.0548383611647,0.0,1.2511577141489005,-0.13502216554667823,0.0,5.355307204544929
2022-05-02 00:00:00+00:00,2040.8004695079815,0.0,1.2590208125372668,-0.12958607564438396,0.0,5.355307204544929
2022-05-03 00:00:00+00:00,2049.6367263954808,0.0,1.2644721202434874,-0.12581735785497805,0.0,5.355307204544929
2022-05-04 00:00:00+00:00,2111.8118430402474,0.0,1.3028295035581658,-0.09929928904588625,0.0,5.355307204544929
2022-05-05 00:00:00+00:00,2037.6408382573002,0.0,1.2570715570544366,-0.1309336777630199,0.0,5.355307204544929
2022-05-06 00:00:00+00:00,2024.8416540384378,0.0,1.2491754204375476,-0.13639260837918954,0.0,5.355307204544929
2022-05-09 00:00:00+00:00,1959.5069061429895,0.0,1.2088687816400387,-0.1642582793069174,0.0,5.355307204544929
2022-05-10 00:00:00+00:00,1964.5408949152618,0.0,1.2119743751211585,-0.16211125220264966,0.0,5.355307204544929
2022-05-11 00:00:00+00:00,1932.8910293364013,0.0,1.1924487820643326,-0.17561011410288496,0.0,5.355307204544929
2022-05-12 00:00:00+00:00,1931.3915433191287,0.0,1.1915237116657011,-0.17624965409139026,0.0,5.355307204544929
2022-05-13 00:00:00+00:00,1976.9652076298062,0.0,1.2196392441383899,-0.15681220658360617,0.0,5.355307204544929
2022-05-16 00:00:00+00:00,1969.8962021198067,0.0,1.2152781979734133,-0.15982718081513103,0.0,5.355307204544929
2022-05-17 00:00:00+00:00,2009.3112631452575,0.0,1.2395943341660087,-0.1430164154029936,0.0,5.355307204544929
2022-05-18 00:00:00+00:00,1929.7313980857198,0.0,1.1904995265815022,-0.176957716221521,0.0,5.355307204544929
2022-05-19 00:00:00+00:00,1916.8251077227665,0.0,1.1825373135075679,-0.18246232826544118,0.0,5.355307204544929
2022-05-20 00:00:00+00:00,1917.3070853711754,0.0,1.1828346575642705,-0.18225676184056472,0.0,5.355307204544929
2022-05-23 00:00:00+00:00,1953.6696212900356,0.0,1.2052676147310808,-0.1667479171193128,0.0,5.355307204544929
2022-05-24 00:00:00+00:00,1939.5851633420825,0.0,1.1965785606296506,-0.17275502486848693,0.0,5.355307204544929
2022-05-25 00:00:00+00:00,1955.758191099808,0.0,1.2065561056434602,-0.16585712927818053,0.0,5.355307204544929
2022-05-26 00:00:00+00:00,1994.6377214048043,0.0,1.2305418595508304,-0.1492747710047948,0.0,5.355307204544929
2022-05-27 00:00:00+00:00,2146.4350274004064,100.0,1.2624969121178002,-0.12718290212476158,0.0,5.621883256679954
2022-05-31 00:00:00+00:00,2134.5166348962453,0.0,1.2554867144915833,-0.13202934593695492,0.0,5.621883256679954
2022-06-01 00:00:00+00:00,2116.639046140003,0.0,1.2449714180522573,-0.13929901165524539,0.0,5.621883256679954
2022-06-02 00:00:00+00:00,2156.8355114252645,0.0,1.268614301555773,-0.12295369408110202,0.0,5.621883256679954
2022-06-03 00:00:00+00:00,2121.923616401282,0.0,1.248079713226146,-0.13715011675738598,0.0,5.621883256679954
2022-06-06 00:00:00+00:00,2127.7141561556623,0.0,1.25148561112945,-0.13479547660334845,0.0,5.621883256679954
2022-06-07 00:00:00+00:00,2148.515124205378,0.0,1.263720390005395,-0.12633706051602944,0.0,5.621883256679954
2022-06-08 00:00:00+00:00,2125.015652192456,0.0,1.2498983965725705,-0.13589278463629795,0.0,5.621883256679954
2022-06-09 00:00:00+00:00,2075.0371100405714,0.0,1.2205018603003672,-0.15621584382988318,0.0,5.621883256679954
2022-06-10 00:00:00+00:00,2014.152114370727,0.0,1.1846903318607762,-0.1809738563233062,0.0,5.621883256679954
2022-06-13 00:00:00+00:00,1936.5139065959768,0.0,1.1390248463805592,-0.21254432285462377,0.0,5.621883256679954
2022-06-14 00:00:00+00:00,1931.6790869952324,0.0,1.1361810869661506,-0.21451033308032474,0.0,5.621883256679954
2022-06-15 00:00:00+00:00,1959.3387526180975,0.0,1.152450036174164,-0.20326292574259253,0.0,5.621883256679954
2022-06-16 00:00:00+00:00,1894.9681893291122,0.0,1.114588355598604,-0.22943829444524177,0.0,5.621883256679954
2022-06-17 00:00:00+00:00,1899.9154465949905,0.0,1.1174982489528829,-0.2274265630515011,0.0,5.621883256679954
2022-06-21 00:00:00+00:00,1946.4646399603007,0.0,1.1448777000590522,-0.2084979994831223,0.0,5.621883256679954
2022-06-22 00:00:00+00:00,1942.360665182924,0.0,1.142463811253798,-0.21016682211656645,0.0,5.621883256679954
2022-06-23 00:00:00+00:00,1962.7681014046723,0.0,1.1544671213401982,-0.20186843011738598,0.0,5.621883256679954
2022-06-24 00:00:00+00:00,2023.8779724047836,0.0,1.1904109176595292,-0.1770189752878839,0.0,5.621883256679954
2022-06-27 00:00:00+00:00,2115.5878107887893,100.0,1.1855347843000088,-0.18039005091338378,1.4210854715202004e-14,5.898753131991606
2022-06-28 00:00:00+00:00,2069.8724740158546,0.0,1.1599167874275007,-0.19810084724803112,1.4210854715202004e-14,5.898753131991606
2022-06-29 00:00:00+00:00,2070.8870595545573,0.0,1.1604853416806713,-0.19770778183260396,1.4210854715202004e-14,5.922912308530366
2022-06-30 00:00:00+00:00,2054.5398215830132,0.0,1.1513246634315044,-0.2040409431475052,1.4210854715202004e-14,5.922912308530366
2022-07-01 00:00:00+00:00,2075.625389401381,0.0,1.1631406107384004,-0.19587208290074887,1.4210854715202004e-14,5.922912308530366
2022-07-05 00:00:00+00:00,2079.2975950326704,0.0,1.165198444258141,-0.19444941622856082,1.4210854715202004e-14,5.922912308530366
2022-07-06 00:00:00+00:00,2086.8196936645036,0.0,1.1694136838872864,-0.1915352441742405,1.4210854715202004e-14,5.922912308530366
2022-07-07 00:00:00+00:00,2117.441150299606,0.0,1.1865733601728632,-0.1796720398271251,1.4210854715202004e-14,5.922912308530366
2022-07-08 00:00:00+00:00,2116.1973387148146,0.0,1.1858763520452091,-0.18015391079673715,1.4210854715202004e-14,5.922912308530366
2022-07-11 00:00:00+00:00,2092.268772988352,0.0,1.1724672433036751,-0.18942419040260694,1.4210854715202004e-14,5.922912308530366
2022-07-12 00:00:00+00:00,2072.960078862543,0.0,1.1616470218934276,-0.19690466354991754,1.4210854715202004e-14,5.922912308530366
2022-07-13 00:00:00+00:00,2063.305731799638,0.0,1.1562369111883035,-0.20064490012357306,1.4210854715202004e-14,5.922912308530366
2022-07-14 00:00:00+00:00,2057.8566524757903,0.0,1.1531833517719146,-0.20275595389520673,1.4210854715202004e-14,5.922912308530366
2022-07-15 00:00:00+00:00,2096.7701863428347,0.0,1.174989748908518,-0.18768027641734442,1.4210854715202004e-14,5.922912308530366
2022-07-18 00:00:00+00:00,2079.4160532788405,0.0,1.1652648259845837,-0.19440352375526482,1.4210854715202004e-14,5.922912308530366
2022-07-19 00:00:00+00:00,2135.861407579135,0.0,1.1968957186347864,-0.17253576022953732,1.4210854715202004e-14,5.922912308530366
2022-07-20 00:00:00+00:00,2149.5433350118406,0.0,1.2045628080389805,-0.16723517956380474,1.4210854715202004e-14,5.922912308530366
2022-07-21 00:00:00+00:00,2171.2804231841465,0.0,1.2167438548413143,-0.15881391071391837,1.4210854715202004e-14,5.922912308530366
2022-07-22 00:00:00+00:00,2151.4978960736553,0.0,1.2056581065252938,-0.16647795375441454,1.4210854715202004e-14,5.922912308530366
2022-07-25 00:00:00+00:00,2153.6301445047266,0.0,1.2068529776012722,-0.16565188923507945,1.4210854715202004e-14,5.922912308530366
2022-07-26 00:00:00+00:00,2127.8062468395337,0.0,1.1923817612366463,-0.17565644841369144,1.4210854715202004e-14,5.922912308530366
2022-07-27 00:00:00+00:00,2285.1921419381065,100.0,1.2245397148893398,-0.15342430549805686,0.0,6.198644121787301
2022-07-28 00:00:00+00:00,2314.077823545635,0.0,1.2400183539372005,-0.1427232727405593,0.0,6.198644121787301
2022-07-29 00:00:00+00:00,2347.984406891812,0.0,1.2581874860384448,-0.13016218922478417,0.0,6.198644121787301
2022-08-01 00:00:00+00:00,2340.917952592974,0.0,1.2544008661855344,-0.13278003844013786,0.0,6.198644121787301
2022-08-02 00:00:00+00:00,2325.793260935813,0.0,1.246296171061762,-0.1383831543045786,0.0,6.198644121787301
2022-08-03 00:00:00+00:00,2362.117315489487,0.0,1.265760725744265,-0.12492649079407725,0.0,6.198644121787301
2022-08-04 00:00:00+00:00,2360.2577222529503,0.0,1.2647642468356042,-0.12561539848232828,0.0,6.198644121787301
2022-08-05 00:00:00+00:00,2355.3607933967387,0.0,1.262140185709465,-0.1274295220613889,0.0,6.198644121787301
2022-08-08 00:00:00+00:00,2353.2532543953307,0.0,1.2610108429463163,-0.12821028410807334,0.0,6.198644121787301
2022-08-09 00:00:00+00:00,2343.95528821265,0.0,1.2560284484030135,-0.1316548225493278,0.0,6.198644121787301
2022-08-10 00:00:00+00:00,2393.0485496572055,0.0,1.2823354915916525,-0.11346765957950355,0.0,6.198644121787301
2022-08-11 00:00:00+00:00,2393.0485496572055,0.0,1.2823354915916525,-0.11346765957950355,0.0,6.198644121787301
2022-08-12 00:00:00+00:00,2434.0215873022194,0.0,1.304291243545807,-0.09828872684837486,0.0,6.198644121787301
2022-08-15 00:00:00+00:00,2444.435309426822,0.0,1.3098715254343063,-0.09443084379416966,0.0,6.198644121787301
2022-08-16 00:00:00+00:00,2448.7123738708556,0.0,1.3121634269242257,-0.09284635611119241,0.0,6.198644121787301
2022-08-17 00:00:00+00:00,2431.9760347420297,0.0,1.3031951167462807,-0.09904652530545066,0.0,6.198644121787301
2022-08-18 00:00:00+00:00,2439.4763941293922,0.0,1.307214248344545,-0.09626793096283859,0.0,6.198644121787301
2022-08-19 00:00:00+00:00,2405.8177565480873,0.0,1.289177980097789,-0.10873716012018009,0.0,6.198644121787301
2022-08-22 00:00:00+00:00,2355.112847631867,0.0,1.2620073218549777,-0.12752137641982186,0.0,6.198644121787301
2022-08-23 00:00:00+00:00,2349.5340679222586,0.0,1.259017885128996,-0.12958809948457461,0.0,6.198644121787301
2022-08-24 00:00:00+00:00,2356.662508662314,0.0,1.2628377209455282,-0.12694728667961275,0.0,6.198644121787301
2022-08-25 00:00:00+00:00,2391.002997097016,0.0,1.2812393647921265,-0.11422545803657913,0.0,6.198644121787301
2022-08-26 00:00:00+00:00,2309.0569218069872,0.0,1.2373278608838176,-0.1445833234988363,0.0,6.198644121787301
2022-08-29 00:00:00+00:00,2393.833967159017,100.0,1.22917051069768,-0.1502228420176367,-1.4210854715202004e-14,6.4689473507877775
2022-08-30 00:00:00+00:00,2367.82879880885,0.0,1.2158175436580783,-0.15945430850889208,-1.4210854715202004e-14,6.4689473507877775
2022-08-31 00:00:00+00:00,2349.198230438581,0.0,1.2062512389132887,-0.16606789644292608,-1.4210854715202004e-14,6.4689473507877775
2022-09-01 00:00:00+00:00,2356.4434514714635,0.0,1.2099714685362626,-0.1634959455796905,-1.4210854715202004e-14,6.4689473507877775
2022-09-02 00:00:00+00:00,2331.732072591454,0.0,1.197282828215049,-0.17226813513108252,-1.4210854715202004e-14,6.4689473507877775
2022-09-06 00:00:00+00:00,2323.9046462970014,0.0,1.1932636515688009,-0.17504676061725621,-1.4210854715202004e-14,6.4689473507877775
2022-09-07 00:00:00+00:00,2365.5646672360745,0.0,1.2146549719008992,-0.160258043153653,-1.4210854715202004e-14,6.4689473507877775
2022-09-08 00:00:00+00:00,2381.0254514044573,0.0,1.2225936761856375,-0.15476968372228483,-1.4210854715202004e-14,6.4689473507877775
2022-09-09 00:00:00+00:00,2417.7690723569317,0.0,1.2414605549878608,-0.14172621863016277,-1.4210854715202004e-14,6.4689473507877775
2022-09-12 00:00:00+00:00,2444.3564459686695,0.0,1.2551124690507374,-0.13228807751596872,-1.4210854715202004e-14,6.4689473507877775
2022-09-13 00:00:00+00:00,2337.748193627687,0.0,1.2003719474555539,-0.17013249736071745,-1.4210854715202004e-14,6.4689473507877775
2022-09-14 00:00:00+00:00,2346.4812725512506,0.0,1.204856152804674,-0.16703237801663906,-1.4210854715202004e-14,6.4689473507877775
2022-09-15 00:00:00+00:00,2320.28203578056,0.0,1.1914035367573137,-0.17633273604887423,-1.4210854715202004e-14,6.4689473507877775
2022-09-16 00:00:00+00:00,2302.0396042513385,0.0,1.1820365300280407,-0.182808540900949,-1.4210854715202004e-14,6.4689473507877775
2022-09-19 00:00:00+00:00,2319.699830518989,0.0,1.1911045897340389,-0.1765394106718129,-1.4210854715202004e-14,6.4689473507877775
2022-09-20 00:00:00+00:00,2293.5652832218066,0.0,1.1776851900225982,-0.18581680485705465,-1.4210854715202004e-14,6.4689473507877775
2022-09-21 00:00:00+00:00,2253.1990517528907,0.0,1.1569581964088878,-0.20014624538079462,-1.4210854715202004e-14,6.4689473507877775
2022-09-22 00:00:00+00:00,2234.1803465415746,0.0,1.147192593648582,-0.2068976163967874,-1.4210854715202004e-14,6.4689473507877775
2022-09-23 00:00:00+00:00,2197.0485887480527,0.0,1.128126416830842,-0.22007886457086867,-1.4210854715202004e-14,6.4689473507877775
2022-09-26 00:00:00+00:00,2175.765751963961,0.0,1.117198242313357,-0.22763397023162235,-1.4210854715202004e-14,6.4689473507877775
2022-09-27 00:00:00+00:00,2268.2760066543633,100.0,1.1133524559332266,-0.23029272375025311,-1.4210854715202004e-14,6.763099694845891
2022-09-28 00:00:00+00:00,2312.6351775528574,0.0,1.1351255522046302,-0.2152400685580229,-1.4210854715202004e-14,6.792279069410413
2022-09-29 00:00:00+00:00,2264.4099961600436,0.0,1.111454877214461,-0.23160459955320023,-1.4210854715202004e-14,6.792279069410413
2022-09-30 00:00:00+00:00,2229.9052184874386,0.0,1.094518675953889,-0.2433133062370738,-1.4210854715202004e-14,6.792279069410413
2022-10-03 00:00:00+00:00,2288.862200809921,0.0,1.1234569096038425,-0.22330709087958922,-1.4210854715202004e-14,6.792279069410413
2022-10-04 00:00:00+00:00,2358.3472156899893,0.0,1.157562684977002,-0.19972833706541093,-1.4210854715202004e-14,6.792279069410413
2022-10-05 00:00:00+00:00,2354.2718482483433,0.0,1.1555623462454385,-0.20111125517767936,-1.4210854715202004e-14,6.792279069410413
2022-10-06 00:00:00+00:00,2329.4800296449953,0.0,1.1433936189617597,-0.209524007027313,-1.4210854715202004e-14,6.792279069410413
2022-10-07 00:00:00+00:00,2264.070382206573,0.0,1.1112881823201637,-0.23171984272922286,-1.4210854715202004e-14,6.792279069410413
2022-10-10 00:00:00+00:00,2247.157607323741,0.0,1.1029867765841748,-0.2374589528951372,-1.4210854715202004e-14,6.792279069410413
2022-10-11 00:00:00+00:00,2232.3504389524264,0.0,1.095718879192827,-0.24248355536971278,-1.4210854715202004e-14,6.792279069410413
2022-10-12 00:00:00+00:00,2225.4223143016275,0.0,1.0923183033491688,-0.24483451616056928,-1.4210854715202004e-14,6.792279069410413
2022-10-13 00:00:00+00:00,2283.7000687171694,0.0,1.1209231472105288,-0.22505878715512917,-1.4210854715202004e-14,6.792279069410413
2022-10-14 00:00:00+00:00,2232.282516161732,0.0,1.0956855402139676,-0.2425066040049173,-1.4210854715202004e-14,6.792279069410413
2022-10-17 00:00:00+00:00,2288.9980463913093,0.0,1.1235235875615612,-0.22326099360918028,-1.4210854715202004e-14,6.792279069410413
2022-10-18 00:00:00+00:00,2315.963394296869,0.0,1.1367591621687405,-0.2141106854330035,-1.4210854715202004e-14,6.792279069410413
2022-10-19 00:00:00+00:00,2299.93361569306,0.0,1.1288911631579235,-0.21955016334125987,-1.4210854715202004e-14,6.792279069410413
2022-10-20 00:00:00+00:00,2281.0510798800988,0.0,1.119622927035012,-0.2259576839281041,-1.4210854715202004e-14,6.792279069410413
2022-10-21 00:00:00+00:00,2335.864771970241,0.0,1.1465274829745424,-0.20735743531809248,-1.4210854715202004e-14,6.792279069410413
2022-10-24 00:00:00+00:00,2364.3244212710706,0.0,1.1604965151166284,-0.19770005716741723,-1.4210854715202004e-14,6.792279069410413
2022-10-25 00:00:00+00:00,2402.768720803934,0.0,1.1793663771510452,-0.18465452964168416,-1.4210854715202004e-14,6.792279069410413
2022-10-26 00:00:00+00:00,2384.8371040606903,0.0,1.1705648867321654,-0.1907393693356656,-1.4210854715202004e-14,6.792279069410413
2022-10-27 00:00:00+00:00,2471.2170221268207,100.0,1.1638796545881938,-0.1953611508723314,-2.842170943040401e-14,7.0761876761069225
2022-10-28 00:00:00+00:00,2528.887951687092,0.0,1.191041179041688,-0.17658324914455747,-2.842170943040401e-14,7.0761876761069225
2022-10-31 00:00:00+00:00,2511.692815634152,0.0,1.1829427122414435,-0.18218205910756247,-2.842170943040401e-14,7.0761876761069225
2022-11-01 00:00:00+00:00,2501.5738672573193,0.0,1.1781769478281312,-0.18547683204875465,-2.842170943040401e-14,7.0761876761069225
2022-11-02 00:00:00+00:00,2437.7466544188346,0.0,1.1481159722980063,-0.2062592459855057,-2.842170943040401e-14,7.0761876761069225
2022-11-03 00:00:00+00:00,2411.7770456475223,0.0,1.1358849545379666,-0.21471506185555855,-2.842170943040401e-14,7.0761876761069225
2022-11-04 00:00:00+00:00,2447.087222151296,0.0,1.1525151394487563,-0.2032179171167129,-2.842170943040401e-14,7.0761876761069225
2022-11-07 00:00:00+00:00,2470.580165235971,0.0,1.16357971137337,-0.19556851420429455,-2.842170943040401e-14,7.0761876761069225
2022-11-08 00:00:00+00:00,2484.024921820574,0.0,1.1699118459085402,-0.19119084386285035,-2.842170943040401e-14,7.0761876761069225
2022-11-09 00:00:00+00:00,2433.2886561828873,0.0,1.1460163697942392,-0.2077107893092478,-2.842170943040401e-14,7.0761876761069225
2022-11-10 00:00:00+00:00,2566.46250824722,0.0,1.2087378287162958,-0.16434881255873168,-2.842170943040401e-14,7.0761876761069225
2022-11-11 00:00:00+00:00,2591.0168794833107,0.0,1.2203023059989493,-0.15635380409304134,-2.842170943040401e-14,7.0761876761069225
2022-11-14 00:00:00+00:00,2570.2128877155565,0.0,1.2105041609813698,-0.1631276729371708,-2.842170943040401e-14,7.0761876761069225
2022-11-15 00:00:00+00:00,2591.4414507438773,0.0,1.2205022681421653,-0.15621556187173247,-2.842170943040401e-14,7.0761876761069225
2022-11-16 00:00:00+00:00,2571.7696490043,0.0,1.2112373555064948,-0.16262078479237208,-2.842170943040401e-14,7.0761876761069225
2022-11-17 00:00:00+00:00,2564.3396519443877,0.0,1.2077380180002164,-0.16504002366527548,-2.842170943040401e-14,7.0761876761069225
2022-11-18 00:00:00+00:00,2575.6615522261586,0.0,1.2130703418193072,-0.16135356443037507,-2.842170943040401e-14,7.0761876761069225
2022-11-21 00:00:00+00:00,2566.604032000742,0.0,1.2088044827640345,-0.16430273181829536,-2.842170943040401e-14,7.0761876761069225
2022-11-22 00:00:00+00:00,2600.7820184763386,0.0,1.224901435292915,-0.15317423300293986,-2.842170943040401e-14,7.0761876761069225
2022-11-23 00:00:00+00:00,2617.057250131384,0.0,1.2325666507828579,-0.14787494785277078,-2.842170943040401e-14,7.0761876761069225
2022-11-25 00:00:00+00:00,2616.77420262434,0.0,1.2324333426873806,-0.1479671093336432,-2.842170943040401e-14,7.0761876761069225
2022-11-28 00:00:00+00:00,2674.5357079961213,100.0,1.2125400981450996,-0.16172014413480562,-2.842170943040401e-14,7.348634999302436
2022-11-29 00:00:00+00:00,2669.832581596568,0.0,1.210407866622053,-0.16319424526890003,-2.842170943040401e-14,7.348634999302436
2022-11-30 00:00:00+00:00,2751.9903208887695,0.0,1.2476552860402759,-0.1374435410826853,-2.842170943040401e-14,7.348634999302436
2022-12-01 00:00:00+00:00,2752.3577526387344,0.0,1.2478218666280136,-0.13732837693158428,-2.842170943040401e-14,7.348634999302436
2022-12-02 00:00:00+00:00,2748.389489739111,0.0,1.2460227962804429,-0.13857214976347665,-2.842170943040401e-14,7.348634999302436
2022-12-05 00:00:00+00:00,2699.4475806437567,0.0,1.2238342619937377,-0.15391201469014848,-2.842170943040401e-14,7.348634999302436
2022-12-06 00:00:00+00:00,2660.426328797461,0.0,1.2061434035759593,-0.1661424475370894,-2.842170943040401e-14,7.348634999302436
2022-12-07 00:00:00+00:00,2655.282284297949,0.0,1.2038112753476269,-0.16775474565250537,-2.842170943040401e-14,7.348634999302436
2022-12-08 00:00:00+00:00,2676.225894045961,0.0,1.2133063688486945,-0.16119038903974037,-2.842170943040401e-14,7.348634999302436
2022-12-09 00:00:00+00:00,2656.6785249478166,0.0,1.2044442815810315,-0.16731712187832104,-2.842170943040401e-14,7.348634999302436
2022-12-12 00:00:00+00:00,2694.5974815442173,0.0,1.221635398235596,-0.1554321814846833,-2.842170943040401e-14,7.348634999302436
2022-12-13 00:00:00+00:00,2714.5122823923266,0.0,1.230664066090997,-0.1491902844950015,-2.842170943040401e-14,7.348634999302436
2022-12-14 00:00:00+00:00,2698.1248263438824,0.0,1.2232345718778812,-0.15432660563411227,-2.842170943040401e-14,7.348634999302436
2022-12-15 00:00:00+00:00,2631.7666523001812,0.0,1.1931501177323935,-0.17512525132297807,-2.842170943040401e-14,7.348634999302436
2022-12-16 00:00:00+00:00,2600.38798085316,0.0,1.178924135539566,-0.1849602698270153,-2.842170943040401e-14,7.348634999302436
2022-12-19 00:00:00+00:00,2577.9746441052876,0.0,1.1687627196875463,-0.19198528304418494,-2.842170943040401e-14,7.348634999302436
2022-12-20 00:00:00+00:00,2581.8841179249166,0.0,1.170535137141079,-0.19075993647646872,-2.842170943040401e-14,7.383773609188425
2022-12-21 00:00:00+00:00,2620.5012539009717,0.0,1.188042783685672,-0.1786561656862149,-2.842170943040401e-14,7.383773609188425
2022-12-22 00:00:00+00:00,2583.656223591122,0.0,1.1713385473075615,-0.19020450531209743,-2.842170943040401e-14,7.383773609188425
2022-12-23 00:00:00+00:00,2598.128419865131,0.0,1.1778997303338332,-0.18566848413640014,-2.842170943040401e-14,7.383773609188425
2022-12-27 00:00:00+00:00,2687.3746177577173,100.0,1.173024335990145,-0.1890390488492414,-2.842170943040401e-14,7.667916277449473
2022-12-28 00:00:00+00:00,2654.4025777646843,0.0,1.1586322207027948,-0.19898892213354036,-2.842170943040401e-14,7.667916277449473
2022-12-29 00:00:00+00:00,2701.4835837082237,0.0,1.1791828225317087,-0.18478142865316938,-2.842170943040401e-14,7.667916277449473
2022-12-30 00:00:00+00:00,2694.0457049190977,0.0,1.175936229083167,-0.18702593495218567,-2.842170943040401e-14,7.667916277449473
2023-01-03 00:00:00+00:00,2683.694017944541,0.0,1.17141777428365,-0.19014973237865163,-2.842170943040401e-14,7.667916277449473
2023-01-04 00:00:00+00:00,2703.017166963714,0.0,1.1798522232427482,-0.18431864384924856,-2.842170943040401e-14,7.667916277449473
2023-01-05 00:00:00+00:00,2673.4956892955333,0.0,1.166966259555237,-0.1932272513247255,-2.842170943040401e-14,7.667916277449473
2023-01-06 00:00:00+00:00,2734.3022653757075,0.0,1.193507997747955,-0.17487783384926248,-2.842170943040401e-14,7.667916277449473
2023-01-09 00:00:00+00:00,2732.3086071435705,0.0,1.1926377768236034,-0.17547945409435972,-2.842170943040401e-14,7.667916277449473
2023-01-10 00:00:00+00:00,2751.7851144882925,0.0,1.2011391658538058,-0.16960208708456448,-2.842170943040401e-14,7.667916277449473
2023-01-11 00:00:00+00:00,2786.904171039011,0.0,1.2164684421366112,-0.1590043150747763,-2.842170943040401e-14,7.667916277449473
2023-01-12 00:00:00+00:00,2797.332537176342,0.0,1.22102036697168,-0.15585737840811442,-2.842170943040401e-14,7.667916277449473
2023-01-13 00:00:00+00:00,2808.2209782903205,0.0,1.2257731120200608,-0.1525716063002761,-2.842170943040401e-14,7.667916277449473
2023-01-17 00:00:00+00:00,2803.9269451749487,0.0,1.22389879002915,-0.15386740375125463,-2.842170943040401e-14,7.667916277449473
2023-01-18 00:00:00+00:00,2758.379522486899,0.0,1.2040175889112756,-0.1676121124277048,-2.842170943040401e-14,7.667916277449473
2023-01-19 00:00:00+00:00,2738.5196193283045,0.0,1.1953488497033133,-0.17360517563848032,-2.842170943040401e-14,7.667916277449473
2023-01-20 00:00:00+00:00,2788.8978292711477,0.0,1.2173386630609624,-0.15840269482967928,-2.842170943040401e-14,7.667916277449473
2023-01-23 00:00:00+00:00,2822.866698380249,0.0,1.2321658888104885,-0.14815201142283163,-2.842170943040401e-14,7.667916277449473
2023-01-24 00:00:00+00:00,2819.8762110320436,0.0,1.2308605574239613,-0.14905444179047744,-2.842170943040401e-14,7.667916277449473
2023-01-25 00:00:00+00:00,2820.873040148112,0.0,1.2312956678861369,-0.14875363166792888,-2.842170943040401e-14,7.667916277449473
2023-01-26 00:00:00+00:00,2851.0079511184886,0.0,1.244449391858064,-0.13965991027088354,-2.842170943040401e-14,7.667916277449473
2023-01-27 00:00:00+00:00,2959.619551575021,100.0,1.2482083084008437,-0.13706121351643308,-2.842170943040401e-14,7.937403254686676
2023-01-30 00:00:00+00:00,2922.631252408181,0.0,1.2326086336693074,-0.14784592332149493,-2.842170943040401e-14,7.937403254686676
2023-01-31 00:00:00+00:00,2964.143871430192,0.0,1.2501164231212245,-0.13574205373341064,-2.842170943040401e-14,7.937403254686676
2023-02-01 00:00:00+00:00,2996.6078507418606,0.0,1.2638079831323796,-0.12627650371137145,-2.842170943040401e-14,7.937403254686676
2023-02-02 00:00:00+00:00,3039.549202349716,0.0,1.2819183351275751,-0.11375605734970096,-2.842170943040401e-14,7.937403254686676
2023-02-03 00:00:00+00:00,3007.0852230380474,0.0,1.26822677511642,-0.12322160737174015,-2.842170943040401e-14,7.937403254686676
2023-02-06 00:00:00+00:00,2989.7023099102835,0.0,1.260895597506535,-0.12828995811703736,-2.842170943040401e-14,7.937403254686676
2023-02-07 00:00:00+00:00,3028.2780897280604,0.0,1.277164786175047,-0.11704238523021326,-2.842170943040401e-14,7.937403254686676
2023-02-08 00:00:00+00:00,2995.09974412347,0.0,1.2631719448922525,-0.12671622363904578,-2.842170943040401e-14,7.937403254686676
2023-02-09 00:00:00+00:00,2969.4619316108324,0.0,1.2523592948100934,-0.13419146240950697,-2.842170943040401e-14,7.937403254686676
2023-02-10 00:00:00+00:00,2976.684968572597,0.0,1.2554055832233333,-0.1320854353874884,-2.842170943040401e-14,7.937403254686676
2023-02-13 00:00:00+00:00,3011.0539246653907,0.0,1.2699005599588595,-0.12206444966733432,-2.842170943040401e-14,7.937403254686676
2023-02-14 00:00:00+00:00,3009.942688209734,0.0,1.2694319002029761,-0.1223884538245682,-2.842170943040401e-14,7.937403254686676
2023-02-15 00:00:00+00:00,3020.023190343187,0.0,1.2736833137027728,-0.11944927325537735,-2.842170943040401e-14,7.937403254686676
2023-02-16 00:00:00+00:00,2978.034327125894,0.0,1.2559746700697625,-0.13169200176799067,-2.842170943040401e-14,7.937403254686676
2023-02-17 00:00:00+00:00,2970.335045968848,0.0,1.25272752747543,-0.13393688771453782,-2.842170943040401e-14,7.937403254686676
2023-02-21 00:00:00+00:00,2911.360139786526,0.0,1.2278550847167786,-0.1511322512020078,-2.842170943040401e-14,7.937403254686676
2023-02-22 00:00:00+00:00,2907.70893428937,0.0,1.2263152026617343,-0.1521968362900611,-2.842170943040401e-14,7.937403254686676
2023-02-23 00:00:00+00:00,2922.3137562779934,0.0,1.2324747308819117,-0.1479384959378478,-2.842170943040401e-14,7.937403254686676
2023-02-24 00:00:00+00:00,2891.040387454528,0.0,1.2192853063234885,-0.1570568986485652,-2.842170943040401e-14,7.937403254686676
2023-02-27 00:00:00+00:00,3000.447580027075,100.0,1.2232527540724842,-0.15431403551994083,-2.842170943040401e-14,8.209383512618881
2023-02-28 00:00:00+00:00,2989.118630779661,0.0,1.2186340536959486,-0.15750713692075202,-2.842170943040401e-14,8.209383512618881
2023-03-01 00:00:00+00:00,2978.2001507078776,0.0,1.214182697535954,-0.16058454624182372,-2.842170943040401e-14,8.209383512618881
2023-03-02 00:00:00+00:00,3000.447580027075,0.0,1.2232527540724845,-0.15431403551994072,-2.842170943040401e-14,8.209383512618881
2023-03-03 00:00:00+00:00,3047.979910565138,0.0,1.2426312143479492,-0.14091689268610252,-2.842170943040401e-14,8.209383512618881
2023-03-06 00:00:00+00:00,3051.674133145817,0.0,1.2441373122968196,-0.13987566396844675,-2.842170943040401e-14,8.209383512618881
2023-03-07 00:00:00+00:00,3004.4701779482584,0.0,1.2248927273945875,-0.15318025313849337,-2.842170943040401e-14,8.209383512618881
2023-03-08 00:00:00+00:00,3009.149526550451,0.0,1.2268004514631565,-0.15186136342946266,-2.842170943040401e-14,8.209383512618881
2023-03-09 00:00:00+00:00,2954.064563180778,0.0,1.2043428576033344,-0.16738724053050846,-2.842170943040401e-14,8.209383512618881
2023-03-10 00:00:00+00:00,2911.704144255665,0.0,1.1870729344562883,-0.1793266631596283,-2.842170943040401e-14,8.209383512618881
2023-03-13 00:00:00+00:00,2906.7785141480936,0.0,1.1850648038577944,-0.18071496811650278,-2.842170943040401e-14,8.209383512618881
2023-03-14 00:00:00+00:00,2955.0496892022925,0.0,1.2047444837230334,-0.1671095795391333,-2.842170943040401e-14,8.209383512618881
2023-03-15 00:00:00+00:00,2936.8248578042785,0.0,1.1973144005086065,-0.17224630787956874,-2.842170943040401e-14,8.209383512618881
2023-03-16 00:00:00+00:00,2987.066284901506,0.0,1.2177973326132432,-0.15808559731944938,-2.842170943040401e-14,8.209383512618881
2023-03-17 00:00:00+00:00,2954.392938521283,0.0,1.2044767329765678,-0.16729468686671656,-2.842170943040401e-14,8.209383512618881
2023-03-20 00:00:00+00:00,2981.073434937294,0.0,1.2153541070517424,-0.1597747016836467,-2.842170943040401e-14,8.209383512618881
2023-03-21 00:00:00+00:00,3020.068006622234,0.0,1.2312518076231513,-0.14878395410839085,-2.842170943040401e-14,8.209383512618881
2023-03-22 00:00:00+00:00,2969.9907671952587,0.0,1.2108358132051313,-0.16289838783661414,-2.842170943040401e-14,8.209383512618881
2023-03-23 00:00:00+00:00,2977.050837016111,0.0,1.213714133729639,-0.16090848406509417,-2.842170943040401e-14,8.209383512618881
2023-03-24 00:00:00+00:00,2996.8108231309848,0.0,1.22177008431393,-0.15533906734643277,-2.842170943040401e-14,8.242960785375137
2023-03-27 00:00:00+00:00,3101.278921290502,100.0,1.2235916836697989,-0.15407971926564124,-2.842170943040401e-14,8.516253628324092
2023-03-28 00:00:00+00:00,3095.828518968374,0.0,1.221441258918182,-0.15556639814215178,-2.842170943040401e-14,8.516253628324092
2023-03-29 00:00:00+00:00,3139.8575502268095,0.0,1.238812658864834,-0.14355682034284212,-2.842170943040401e-14,8.516253628324092
2023-03-30 00:00:00+00:00,3158.5933082091224,0.0,1.2462047439485158,-0.13844636170483804,-2.842170943040401e-14,8.516253628324092
2023-03-31 00:00:00+00:00,3202.7075020038415,0.0,1.263609744281912,-0.12641355454808278,-2.842170943040401e-14,8.516253628324092
2023-04-03 00:00:00+00:00,3215.3967199100443,0.0,1.2686162019067693,-0.12295238028870725,-2.842170943040401e-14,8.516253628324092
2023-04-04 00:00:00+00:00,3197.257099681714,0.0,1.2614593195302954,-0.1279002334245931,-2.842170943040401e-14,8.516253628324092
2023-04-05 00:00:00+00:00,3189.507308879939,0.0,1.2584016843365908,-0.13001410495213117,-2.842170943040401e-14,8.516253628324092
2023-04-06 00:00:00+00:00,3201.6855515684424,0.0,1.263206539640984,-0.1266923068374285,-2.842170943040401e-14,8.516253628324092
2023-04-10 00:00:00+00:00,3205.177215556055,0.0,1.2645841554974881,-0.12573990318216421,-2.842170943040401e-14,8.516253628324092
2023-04-11 00:00:00+00:00,3205.603028237472,0.0,1.2647521574312082,-0.12562375639493684,-2.842170943040401e-14,8.516253628324092
2023-04-12 00:00:00+00:00,3192.8286477949855,0.0,1.259712099419607,-0.12910816001175784,-2.842170943040401e-14,8.516253628324092
2023-04-13 00:00:00+00:00,3234.21764042864,0.0,1.2760418873771946,-0.11781869229325792,-2.842170943040401e-14,8.516253628324092
2023-04-14 00:00:00+00:00,3227.5749625985477,0.0,1.2734210572111622,-0.1196305821740048,-2.842170943040401e-14,8.516253628324092
2023-04-17 00:00:00+00:00,3238.5609297790857,0.0,1.277755507101139,-0.11663399506353878,-2.842170943040401e-14,8.516253628324092
2023-04-18 00:00:00+00:00,3240.77515572245,0.0,1.2786291171564832,-0.11603003176995652,-2.842170943040401e-14,8.516253628324092
2023-04-19 00:00:00+00:00,3240.6048306498833,0.0,1.278561916382995,-0.11607649048484747,-2.842170943040401e-14,8.516253628324092
2023-04-20 00:00:00+00:00,3222.294885348987,0.0,1.2713378332330334,-0.12107080233562428,-2.842170943040401e-14,8.516253628324092
2023-04-21 00:00:00+00:00,3224.168461147218,0.0,1.2720770417414013,-0.12055975647182404,-2.842170943040401e-14,8.516253628324092
2023-04-24 00:00:00+00:00,3228.42658796138,0.0,1.2737570610786018,-0.11939828859955037,-2.842170943040401e-14,8.516253628324092
2023-04-25 00:00:00+00:00,3177.414228727719,0.0,1.253630429418941,-0.13331267370938882,-2.842170943040401e-14,8.516253628324092
2023-04-26 00:00:00+00:00,3163.2772477047006,0.0,1.2480527652194355,-0.13716874704533755,-2.842170943040401e-14,8.516253628324092
2023-04-27 00:00:00+00:00,3327.3072993635865,100.0,1.2733154522279806,-0.1197035913307456,-4.263256414560601e-14,8.783578309346602
2023-04-28 00:00:00+00:00,3355.766093085869,0.0,1.284206247257728,-0.11217432767854962,-4.263256414560601e-14,8.783578309346602
2023-05-01 00:00:00+00:00,3353.4823627254395,0.0,1.2833322945701557,-0.11277852784817033,-4.263256414560601e-14,8.783578309346602
2023-05-02 00:00:00+00:00,3315.888647561436,0.0,1.268945688790119,-0.12272459217884901,-4.263256414560601e-14,8.783578309346602
2023-05-03 00:00:00+00:00,3292.787836607854,0.0,1.2601053212196756,-0.12883630927924283,-4.263256414560601e-14,8.783578309346602
2023-05-04 00:00:00+00:00,3268.720832040244,0.0,1.2508952044352595,-0.1352036495283222,-4.263256414560601e-14,8.783578309346602
2023-05-05 00:00:00+00:00,3328.712671893082,0.0,1.2738532692664868,-0.11933177584174826,-4.263256414560601e-14,8.783578309346602
2023-05-08 00:00:00+00:00,3330.5572233380444,0.0,1.2745591541295256,-0.11884376801243945,-4.263256414560601e-14,8.783578309346602
2023-05-09 00:00:00+00:00,3316.1521549107165,0.0,1.2690465294848388,-0.12265487677466202,-4.263256414560601e-14,8.783578309346602
2023-05-10 00:00:00+00:00,3330.645059121138,0.0,1.274592767694432,-0.11882052954437727,-4.263256414560601e-14,8.783578309346602
2023-05-11 00:00:00+00:00,3325.9897626171846,0.0,1.272811248754381,-0.12005216835168075,-4.263256414560601e-14,8.783578309346602
2023-05-12 00:00:00+00:00,3321.5101376794173,0.0,1.2710969569441428,-0.12123733022285987,-4.263256414560601e-14,8.783578309346602
2023-05-15 00:00:00+00:00,3333.0166252646613,0.0,1.2755003339469113,-0.11819309090669405,-4.263256414560601e-14,8.783578309346602
2023-05-16 00:00:00+00:00,3310.9698437082016,0.0,1.2670633291553477,-0.1240259463903397,-4.263256414560601e-14,8.783578309346602
2023-05-17 00:00:00+00:00,3350.4959461002613,0.0,1.2821894333633304,-0.1135686357622896,-4.263256414560601e-14,8.783578309346602
2023-05-18 00:00:00+00:00,3383.258693194124,0.0,1.2947272930735028,-0.1049006871750392,-4.263256414560601e-14,8.783578309346602
2023-05-19 00:00:00+00:00,3377.900710425423,0.0,1.2926768656141985,-0.10631823372684146,-4.263256414560601e-14,8.783578309346602
2023-05-22 00:00:00+00:00,3379.745261870385,0.0,1.2933827504772375,-0.10583022589753266,-4.263256414560601e-14,8.783578309346602
2023-05-23 00:00:00+00:00,3341.9758751401955,0.0,1.2789289175673877,-0.11582276716433582,-4.263256414560601e-14,8.783578309346602
2023-05-24 00:00:00+00:00,3316.942676958557,0.0,1.2693490515689985,-0.12244573056210095,-4.263256414560601e-14,8.783578309346602
2023-05-25 00:00:00+00:00,3345.8406495963077,0.0,1.2804079144232794,-0.11480027456959307,-4.263256414560601e-14,8.783578309346602
2023-05-26 00:00:00+00:00,3389.3193622275735,0.0,1.2970466290520604,-0.10329723287873804,-4.263256414560601e-14,8.783578309346602
2023-05-30 00:00:00+00:00,3489.8671768138006,100.0,1.2972562702768826,-0.10315229910211798,-4.263256414560601e-14,9.041340907313144
2023-05-31 00:00:00+00:00,3470.8803609084425,0.0,1.290198475599348,-0.10803164875336702,-4.263256414560601e-14,9.041340907313144
2023-06-01 00:00:00+00:00,3504.1524954473552,0.0,1.302566420558075,-0.09948116936451179,-4.263256414560601e-14,9.041340907313144
2023-06-02 00:00:00+00:00,3555.597725209967,0.0,1.3216896832795844,-0.08626045530946136,-4.263256414560601e-14,9.041340907313144
2023-06-05 00:00:00+00:00,3548.726306120409,0.0,1.3191354337772387,-0.08802631518324655,-4.263256414560601e-14,9.041340907313144
2023-06-06 00:00:00+00:00,3556.0497922553327,0.0,1.321857726010002,-0.08614428031776478,-4.263256414560601e-14,9.041340907313144
2023-06-07 00:00:00+00:00,3544.3864624848984,0.0,1.3175222235652309,-0.08914159510353203,-4.263256414560601e-14,9.041340907313144
2023-06-08 00:00:00+00:00,3565.6336136170844,0.0,1.3254202318948527,-0.08368137049380109,-4.263256414560601e-14,9.041340907313144
2023-06-09 00:00:00+00:00,3571.600898615911,0.0,1.3276383959363633,-0.08214786060340862,-4.263256414560601e-14,9.041340907313144
2023-06-12 00:00:00+00:00,3604.4209661094583,0.0,1.3398382981646728,-0.07371355620624964,-4.263256414560601e-14,9.041340907313144
2023-06-13 00:00:00+00:00,3628.1996926956917,0.0,1.3486773457846324,-0.06760275164301899,-4.263256414560601e-14,9.041340907313144
2023-06-14 00:00:00+00:00,3631.0025083769588,0.0,1.3497192107132208,-0.06688246669450126,-4.263256414560601e-14,9.041340907313144
2023-06-15 00:00:00+00:00,3677.5654140496213,0.0,1.3670276119462212,-0.054916442549772126,-4.263256414560601e-14,9.041340907313144
2023-06-16 00:00:00+00:00,3664.0034026886515,0.0,1.3619863300336967,-0.058401692300664165,-4.263256414560601e-14,9.041340907313144
2023-06-20 00:00:00+00:00,3647.096095191976,0.0,1.355701531916083,-0.06274663699010952,-4.263256414560601e-14,9.041340907313144
2023-06-21 00:00:00+00:00,3627.114731786814,0.0,1.3482740432316302,-0.0678815716230905,-4.263256414560601e-14,9.041340907313144
2023-06-22 00:00:00+00:00,3640.315089511491,0.0,1.3531808909598206,-0.06448926186555559,-4.263256414560601e-14,9.041340907313144
2023-06-23 00:00:00+00:00,3613.0102399714056,0.0,1.3430311100426047,-0.07150623136401824,-4.263256414560601e-14,9.041340907313144
2023-06-26 00:00:00+00:00,3598.0920274743385,0.0,1.3374856999388276,-0.07534000608999969,-4.263256414560601e-14,9.041340907313144
2023-06-27 00:00:00+00:00,3738.809104050672,100.0,1.352621084817348,-0.0648762793449299,-5.684341886080802e-14,9.291967850611805
2023-06-28 00:00:00+00:00,3740.4816582637823,0.0,1.3532261791217624,-0.06445795225862139,-5.684341886080802e-14,9.291967850611805
2023-06-29 00:00:00+00:00,3754.754120882322,0.0,1.3583896505194295,-0.060888227788789884,-5.684341886080802e-14,9.328349906542252
2023-06-30 00:00:00+00:00,3799.250349936528,0.0,1.3744874335135853,-0.0497591548379378,-5.684341886080802e-14,9.328349906542252
2023-07-03 00:00:00+00:00,3806.5264628636314,0.0,1.3771197753868438,-0.04793930643088007,-5.684341886080802e-14,9.328349906542252
2023-07-05 00:00:00+00:00,3798.037664448678,0.0,1.3740487098680425,-0.05006246290578065,-5.684341886080802e-14,9.328349906542252
2023-07-06 00:00:00+00:00,3767.0675427589576,0.0,1.3628443829203283,-0.05780848433069219,-5.684341886080802e-14,9.328349906542252
2023-07-07 00:00:00+00:00,3758.298893846808,0.0,1.3596720734833248,-0.06000163497509503,-5.684341886080802e-14,9.328349906542252
2023-07-10 00:00:00+00:00,3768.3735117458737,0.0,1.3633168545386054,-0.05748184487301522,-5.684341886080802e-14,9.328349906542252
2023-07-11 00:00:00+00:00,3792.533938003818,0.0,1.372057579476732,-0.051439014905990676,-5.684341886080802e-14,9.328349906542252
2023-07-12 00:00:00+00:00,3822.384657704753,0.0,1.3828569307516374,-0.043972970159087854,-5.684341886080802e-14,9.328349906542252
2023-07-13 00:00:00+00:00,3853.5413463926047,0.0,1.3941287536448204,-0.03618028595450762,-5.684341886080802e-14,9.328349906542252
2023-07-14 00:00:00+00:00,3850.4629909234454,0.0,1.3930150705445956,-0.03695022181903207,-5.684341886080802e-14,9.328349906542252
2023-07-17 00:00:00+00:00,3863.895814788866,0.0,1.3978747786183032,-0.033590501682925655,-5.684341886080802e-14,9.328349906542252
2023-07-18 00:00:00+00:00,3893.1868334954092,0.0,1.4084716420568044,-0.026264445275027026,-5.684341886080802e-14,9.328349906542252
2023-07-19 00:00:00+00:00,3901.582348411297,0.0,1.4115089596028716,-0.024164620189960573,-5.684341886080802e-14,9.328349906542252
2023-07-20 00:00:00+00:00,3876.1159531664366,0.0,1.4022957630464679,-0.030534089614662197,-5.684341886080802e-14,9.328349906542252
2023-07-21 00:00:00+00:00,3876.582370661764,0.0,1.4024645029101384,-0.030417432665491795,-5.684341886080802e-14,9.328349906542252
2023-07-24 00:00:00+00:00,3893.000266497278,0.0,1.4084041461113364,-0.026311108054695165,-5.684341886080802e-14,9.328349906542252
2023-07-25 00:00:00+00:00,3904.474136882325,0.0,1.412555146757628,-0.02344134710510437,-5.684341886080802e-14,9.328349906542252
2023-07-26 00:00:00+00:00,3905.4069718729797,0.0,1.412892626484969,-0.023208033206763568,-5.684341886080802e-14,9.328349906542252
2023-07-27 00:00:00+00:00,3977.449794183125,100.0,1.4027783181683682,-0.03020047900776146,-5.684341886080802e-14,9.565316228616048
2023-07-28 00:00:00+00:00,4016.1893249090203,0.0,1.416441086165535,-0.020754834113291376,-5.684341886080802e-14,9.565316228616048
2023-07-31 00:00:00+00:00,4023.937231054199,0.0,1.4191736397649681,-0.018865705134397448,-5.684341886080802e-14,9.565316228616048
2023-08-01 00:00:00+00:00,4011.5023199569982,0.0,1.4147880599140257,-0.021897640532622442,-5.684341886080802e-14,9.565316228616048
2023-08-02 00:00:00+00:00,3955.927832668739,0.0,1.3951878915032754,-0.03544805950468943,-5.684341886080802e-14,9.565316228616048
2023-08-03 00:00:00+00:00,3944.736412681258,0.0,1.391240869637427,-0.038176801363092094,-5.684341886080802e-14,9.565316228616048
2023-08-04 00:00:00+00:00,3925.4144738994537,0.0,1.384426353253655,-0.04288796252033389,-5.684341886080802e-14,9.565316228616048
2023-08-07 00:00:00+00:00,3960.806143945333,0.0,1.3969083882140296,-0.03425860792538582,-5.684341886080802e-14,9.565316228616048
2023-08-08 00:00:00+00:00,3943.6842278961108,0.0,1.3908697821115783,-0.03843334974294166,-5.684341886080802e-14,9.565316228616048
2023-08-09 00:00:00+00:00,3917.4752614297026,0.0,1.3816263291949764,-0.044823736659200586,-5.684341886080802e-14,9.565316228616048
2023-08-10 00:00:00+00:00,3919.7709373245707,0.0,1.3824359747059196,-0.044263994739528245,-5.684341886080802e-14,9.565316228616048
2023-08-11 00:00:00+00:00,3916.1361171576964,0.0,1.3811540359802594,-0.045150252779009525,-5.684341886080802e-14,9.565316228616048
2023-08-14 00:00:00+00:00,3938.2319976457998,0.0,1.3889468740230881,-0.039762736802163356,-5.684341886080802e-14,9.565316228616048
2023-08-15 00:00:00+00:00,3893.0837050467317,0.0,1.3730238456412047,-0.05077099455571876,-5.684341886080802e-14,9.565316228616048
2023-08-16 00:00:00+00:00,3864.2921031985975,0.0,1.3628695415247918,-0.05779109113160896,-5.684341886080802e-14,9.565316228616048
2023-08-17 00:00:00+00:00,3833.013519131023,0.0,1.3518381214381903,-0.06541757478714427,-5.684341886080802e-14,9.565316228616048
2023-08-18 00:00:00+00:00,3836.5526861356107,0.0,1.3530863249342278,-0.06455463932764949,-5.684341886080802e-14,9.565316228616048
2023-08-21 00:00:00+00:00,3861.9007741414434,0.0,1.3620261607842257,-0.0583741556312678,-5.684341886080802e-14,9.565316228616048
2023-08-22 00:00:00+00:00,3851.0919668031074,0.0,1.358214079836868,-0.06100960716972492,-5.684341886080802e-14,9.565316228616048
2023-08-23 00:00:00+00:00,3892.6054392353008,0.0,1.372855169493091,-0.05088760745565091,-5.684341886080802e-14,9.565316228616048
2023-08-24 00:00:00+00:00,3840.8570784384883,0.0,1.354604410267246,-0.06350512322826396,-5.684341886080802e-14,9.565316228616048
2023-08-25 00:00:00+00:00,3866.3008196066066,0.0,1.3635779813468667,-0.057301316951896,-5.684341886080802e-14,9.565316228616048
2023-08-28 00:00:00+00:00,3991.8175678778284,100.0,1.3725773007794786,-0.05107970975853782,-5.684341886080802e-14,9.811280459808849
2023-08-29 00:00:00+00:00,4048.5267689355233,0.0,1.3920766292917566,-0.037599005640178595,-5.684341886080802e-14,9.811280459808849
2023-08-30 00:00:00+00:00,4065.4021713263946,0.0,1.397879197637971,-0.033587446629178785,-5.684341886080802e-14,9.811280459808849
2023-08-31 00:00:00+00:00,4060.2021926826956,0.0,1.3960911969266374,-0.03482356655698682,-5.684341886080802e-14,9.811280459808849
2023-09-01 00:00:00+00:00,4068.8361194873273,0.0,1.3990599528247005,-0.03277114101647538,-5.684341886080802e-14,9.811280459808849
2023-09-05 00:00:00+00:00,4051.0777018550734,0.0,1.3929537617161845,-0.03699260718502728,-5.684341886080802e-14,9.811280459808849
2023-09-06 00:00:00+00:00,4023.1155525446184,0.0,1.3833390409099575,-0.04363966717418366,-5.684341886080802e-14,9.811280459808849
2023-09-07 00:00:00+00:00,4011.1457903836513,0.0,1.3792232656876426,-0.046485075309892876,-5.684341886080802e-14,9.811280459808849
2023-09-08 00:00:00+00:00,4016.6401074411447,0.0,1.3811124739864102,-0.045178986329567294,-5.684341886080802e-14,9.811280459808849
2023-09-11 00:00:00+00:00,4043.0324518780303,0.0,1.3901874209929894,-0.038905094620503844,-5.684341886080802e-14,9.811280459808849
2023-09-12 00:00:00+00:00,4021.349522061853,0.0,1.3827317953853537,-0.04405948148928829,-5.684341886080802e-14,9.811280459808849
2023-09-13 00:00:00+00:00,4026.058936682561,0.0,1.3843511167842972,-0.04293997664900928,-5.684341886080802e-14,9.811280459808849
2023-09-14 00:00:00+00:00,4060.8889823148825,0.0,1.3963273479639835,-0.03466030543444609,-5.684341886080802e-14,9.811280459808849
2023-09-15 00:00:00+00:00,4010.2627751422688,0.0,1.378919642925341,-0.04669498246744497,-5.684341886080802e-14,9.811280459808849
2023-09-18 00:00:00+00:00,4014.6778513491827,0.0,1.3804377567368504,-0.04564544667968351,-5.684341886080802e-14,9.811280459808849
2023-09-19 00:00:00+00:00,4006.6326013721396,0.0,1.3776714160136554,-0.04755793411515996,-5.684341886080802e-14,9.811280459808849
2023-09-20 00:00:00+00:00,3969.15351001567,0.0,1.3647843165470634,-0.05646732680238009,-5.684341886080802e-14,9.811280459808849
2023-09-21 00:00:00+00:00,3904.104720567137,0.0,1.3424174397241564,-0.07193048740873342,-5.684341886080802e-14,9.811280459808849
2023-09-22 00:00:00+00:00,3894.6858913257206,0.0,1.3391787969262694,-0.07416949708929144,-5.684341886080802e-14,9.811280459808849
2023-09-25 00:00:00+00:00,3910.8745040844055,0.0,1.344745214235138,-0.07032119920083224,-5.684341886080802e-14,9.811280459808849
2023-09-26 00:00:00+00:00,3853.4785133945234,0.0,1.325009734685514,-0.08396516444173219,-5.684341886080802e-14,9.811280459808849
2023-09-27 00:00:00+00:00,3954.0603081309855,100.0,1.3252097834691576,-0.08382686232225978,-7.105427357601002e-14,10.065063785493154
2023-09-28 00:00:00+00:00,3977.0388487532664,0.0,1.3329110789653014,-0.07850263354965381,-7.105427357601002e-14,10.103238615875588
2023-09-29 00:00:00+00:00,3967.5418044543435,0.0,1.3297281290256933,-0.08070314042005133,-7.105427357601002e-14,10.103238615875588
2023-10-02 00:00:00+00:00,3967.2387072958672,0.0,1.3296265455169824,-0.08077336936272361,-7.105427357601002e-14,10.103238615875588
2023-10-03 00:00:00+00:00,3913.893607404044,0.0,1.3117478479838638,-0.09313366327304229,-7.105427357601002e-14,10.103238615875588
2023-10-04 00:00:00+00:00,3942.6878374592898,0.0,1.3213982813113996,-0.086461913719177,-7.105427357601002e-14,10.103238615875588
2023-10-05 00:00:00+00:00,3939.3537687160506,0.0,1.3202808627155795,-0.08723443208857196,-7.105427357601002e-14,10.103238615875588
2023-10-06 00:00:00+00:00,3986.3338282798723,0.0,1.3360263065657692,-0.07634894597437092,-7.105427357601002e-14,10.103238615875588
2023-10-09 00:00:00+00:00,4012.9053458396247,0.0,1.344931794162758,-0.07019220866676901,-7.105427357601002e-14,10.103238615875588
2023-10-10 00:00:00+00:00,4033.6169850021697,0.0,1.3518733339246698,-0.06539323091749749,-7.105427357601002e-14,10.103238615875588
2023-10-11 00:00:00+00:00,4050.6914582629997,0.0,1.3575958715820506,-0.061437000480293213,-7.105427357601002e-14,10.103238615875588
2023-10-12 00:00:00+00:00,4026.3426531987393,0.0,1.349435329715608,-0.06707872554163197,-7.105427357601002e-14,10.103238615875588
2023-10-13 00:00:00+00:00,4005.1258521054006,0.0,1.342324484105845,-0.0719947515286905,-7.105427357601002e-14,10.103238615875588
2023-10-16 00:00:00+00:00,4047.0542923612843,0.0,1.3563768694775198,-0.06227974779236034,-7.105427357601002e-14,10.103238615875588
2023-10-17 00:00:00+00:00,4047.155324747443,0.0,1.35641073064709,-0.062256338144803025,-7.105427357601002e-14,10.103238615875588
2023-10-18 00:00:00+00:00,3993.00196576635,0.0,1.3382611437574092,-0.07480390923558089,-7.105427357601002e-14,10.103238615875588
2023-10-19 00:00:00+00:00,3959.156116403167,0.0,1.3269176519513586,-0.08264614116731717,-7.105427357601002e-14,10.103238615875588
2023-10-20 00:00:00+00:00,3909.852311957694,0.0,1.310393401201052,-0.0940700491753389,-7.105427357601002e-14,10.103238615875588
2023-10-23 00:00:00+00:00,3902.9821096988985,0.0,1.3080908416702717,-0.09566190520924356,-7.105427357601002e-14,10.103238615875588
2023-10-24 00:00:00+00:00,3932.180469298779,0.0,1.3178767196760885,-0.08889651706514867,-7.105427357601002e-14,10.103238615875588
2023-10-25 00:00:00+00:00,3876.713689297622,0.0,1.2992869375819935,-0.1017484135741733,-7.105427357601002e-14,10.103238615875588
2023-10-26 00:00:00+00:00,3829.1274354168477,0.0,1.283338326714382,-0.1127743575737189,-7.105427357601002e-14,10.103238615875588
2023-10-27 00:00:00+00:00,3911.2608808015675,100.0,1.2773503216947402,-0.11691411673918017,-5.684341886080802e-14,10.365898655787044
2023-10-30 00:00:00+00:00,3958.3220606988407,0.0,1.292719691090728,-0.10628862667768302,-5.684341886080802e-14,10.365898655787044
2023-10-31 00:00:00+00:00,3982.267286593709,0.0,1.3005397887349421,-0.10088226499441011,-5.684341886080802e-14,10.365898655787044
2023-11-01 00:00:00+00:00,4026.1150379076876,0.0,1.3148597077977235,-0.09098230398997564,-5.684341886080802e-14,10.365898655787044
2023-11-02 00:00:00+00:00,4102.615369987396,0.0,1.3398433963753424,-0.07371003159925993,-5.684341886080802e-14,10.365898655787044
2023-11-03 00:00:00+00:00,4140.5545590675765,0.0,1.3522336809544868,-0.06514410789329517,-5.684341886080802e-14,10.365898655787044
2023-11-06 00:00:00+00:00,4148.536301032533,0.0,1.354840380169225,-0.06334198733220409,-5.684341886080802e-14,10.365898655787044
2023-11-07 00:00:00+00:00,4160.249766513572,0.0,1.3586657958999442,-0.060697316898395526,-5.684341886080802e-14,10.365898655787044
2023-11-08 00:00:00+00:00,4163.670513069982,0.0,1.3597829527062608,-0.05992497951507059,-5.684341886080802e-14,10.365898655787044
2023-11-09 00:00:00+00:00,4132.261840142947,0.0,1.3495254220300839,-0.06701644094377912,-5.684341886080802e-14,10.365898655787044
2023-11-10 00:00:00+00:00,4196.737729781943,0.0,1.3705821351673182,-0.052459051476265395,-5.684341886080802e-14,10.365898655787044
2023-11-13 00:00:00+00:00,4192.4877113330695,0.0,1.3691941524685614,-0.05341862216463866,-5.684341886080802e-14,10.365898655787044
2023-11-14 00:00:00+00:00,4273.030743888536,0.0,1.3954981172718273,-0.035233587411811707,-5.684341886080802e-14,10.365898655787044
2023-11-15 00:00:00+00:00,4282.360052678743,0.0,1.3985449085617805,-0.033127212730017286,-5.684341886080802e-14,10.365898655787044
2023-11-16 00:00:00+00:00,4288.3722738991,0.0,1.4005083962819729,-0.03176977126841629,-5.684341886080802e-14,10.365898655787044
2023-11-17 00:00:00+00:00,4294.69547207913,0.0,1.4025734437118302,-0.0303421173174222,-5.684341886080802e-14,10.365898655787044
2023-11-20 00:00:00+00:00,4327.037075885186,0.0,1.4131356535170025,-0.02304001842053416,-5.684341886080802e-14,10.365898655787044
2023-11-21 00:00:00+00:00,4315.738246350377,0.0,1.409445650732503,-0.025591072201818887,-5.684341886080802e-14,10.365898655787044
2023-11-22 00:00:00+00:00,4334.396863930794,0.0,1.4155392333124102,-0.021378322838229713,-5.684341886080802e-14,10.365898655787044
2023-11-24 00:00:00+00:00,4336.781020621625,0.0,1.4163178577531763,-0.02084002708621535,-5.684341886080802e-14,10.365898655787044
2023-11-27 00:00:00+00:00,4429.128054328079,100.0,1.4138185310002707,-0.022567916558399292,-5.684341886080802e-14,10.605133737975478
2023-11-28 00:00:00+00:00,4433.476159160648,0.0,1.4152064861714946,-0.02160836490096474,-5.684341886080802e-14,10.605133737975478
2023-11-29 00:00:00+00:00,4430.612773051395,0.0,1.4142924669123957,-0.02224026477293395,-5.684341886080802e-14,10.605133737975478
2023-11-30 00:00:00+00:00,4447.793089706915,0.0,1.4197765824669892,-0.018448865541118464,-5.684341886080802e-14,10.605133737975478
2023-12-01 00:00:00+00:00,4473.881718702335,0.0,1.4281043134943348,-0.012691555596510029,-5.684341886080802e-14,10.605133737975478
2023-12-04 00:00:00+00:00,4451.398835177827,0.0,1.4209275696821506,-0.017653139776416693,-5.684341886080802e-14,10.605133737975478
2023-12-05 00:00:00+00:00,4450.02016779189,0.0,1.420487486335177,-0.017957387862920338,-5.684341886080802e-14,10.605133737975478
2023-12-06 00:00:00+00:00,4431.4611837504335,0.0,1.41456328743361,-0.022053035181239466,-5.684341886080802e-14,10.605133737975478
2023-12-07 00:00:00+00:00,4466.139971073613,0.0,1.4256330762382525,-0.014400025620723178,-5.684341886080802e-14,10.605133737975478
2023-12-08 00:00:00+00:00,4485.123160464589,0.0,1.4316926854004268,-0.010210763506556697,-5.684341886080802e-14,10.605133737975478
2023-12-11 00:00:00+00:00,4502.515579794869,0.0,1.4372445060853243,-0.006372556876817481,-5.684341886080802e-14,10.605133737975478
2023-12-12 00:00:00+00:00,4524.892411981998,0.0,1.4443873973323567,-0.0014343763958726274,-5.684341886080802e-14,10.605133737975478
2023-12-13 00:00:00+00:00,4586.508238999635,0.0,1.4640557376855592,0.0,-5.684341886080802e-14,10.605133737975478
2023-12-14 00:00:00+00:00,4599.976758846864,0.0,1.4683550134598393,0.0,-5.684341886080802e-14,10.605133737975478
2023-12-15 00:00:00+00:00,4592.9773705798,0.0,1.4661207441598196,-0.001521613832853097,-5.684341886080802e-14,10.605133737975478
2023-12-18 00:00:00+00:00,4618.95994823784,0.0,1.4744146226220134,0.0,-5.684341886080802e-14,10.605133737975478
2023-12-19 00:00:00+00:00,4647.063552643475,0.0,1.4833855523872435,0.0,-5.684341886080802e-14,10.605133737975478
2023-12-20 00:00:00+00:00,4580.261815227967,0.0,1.4620618215981172,-0.01437504278965751,-5.684341886080802e-14,10.649542689269612
2023-12-21 00:00:00+00:00,4624.8833990960065,0.0,1.4763054427762334,-0.00477293957704783,-5.684341886080802e-14,10.649542689269612
2023-12-22 00:00:00+00:00,4635.6394372121695,0.0,1.4797388693609346,-0.0024583514518125016,-5.684341886080802e-14,10.649542689269612
2023-12-26 00:00:00+00:00,4654.915109479748,0.0,1.4858918417553002,0.0,-5.684341886080802e-14,10.649542689269612
2023-12-27 00:00:00+00:00,4763.614686047599,100.0,1.488668826844152,0.0,-5.684341886080802e-14,10.878316250394153
2023-12-28 00:00:00+00:00,4764.376168185127,0.0,1.4889067962843876,0.0,-5.684341886080802e-14,10.878316250394153
2023-12-29 00:00:00+00:00,4751.648538172166,0.0,1.4849293070690242,-0.00267141585040076,-5.684341886080802e-14,10.878316250394153
2024-01-02 00:00:00+00:00,4721.298035833566,0.0,1.4754445250939268,-0.009041715185971633,-5.684341886080802e-14,10.878316250394153
2024-01-03 00:00:00+00:00,4686.269857507297,0.0,1.4644979308430977,-0.016393816928099825,-5.684341886080802e-14,10.878316250394153
2024-01-04 00:00:00+00:00,4671.475347406761,0.0,1.4598745245756666,-0.019499052446514398,-5.684341886080802e-14,10.878316250394153
2024-01-05 00:00:00+00:00,4677.458421344479,0.0,1.4617442844632307,-0.018243258670684992,-5.684341886080802e-14,10.878316250394153
2024-01-08 00:00:00+00:00,4744.360066284402,0.0,1.482651599569628,-0.004201200995501919,-5.684341886080802e-14,10.878316250394153
2024-01-09 00:00:00+00:00,4732.829051058984,0.0,1.4790480623317774,-0.006621458090736776,-5.684341886080802e-14,10.878316250394153
2024-01-10 00:00:00+00:00,4764.049818697616,0.0,1.48880480938143,-6.849784231777178e-05,-5.684341886080802e-14,10.878316250394153
2024-01-11 00:00:00+00:00,4762.418071260056,0.0,1.4882948748666396,-0.0004109870539076299,-5.684341886080802e-14,10.878316250394153
2024-01-12 00:00:00+00:00,4764.593734510136,0.0,1.4889747875530266,0.0,-5.684341886080802e-14,10.878316250394153
2024-01-16 00:00:00+00:00,4748.385043297048,0.0,1.483909438039444,-0.0034019041530629623,-5.684341886080802e-14,10.878316250394153
2024-01-17 00:00:00+00:00,4721.95073480859,0.0,1.475648498899843,-0.008949976026849882,-5.684341886080802e-14,10.878316250394153
2024-01-18 00:00:00+00:00,4763.941035535112,0.0,1.4887708137471105,-0.00013698942898243693,-5.684341886080802e-14,10.878316250394153
2024-01-19 00:00:00+00:00,4822.248810637225,0.0,1.50699247374228,0.0,-5.684341886080802e-14,10.878316250394153
2024-01-22 00:00:00+00:00,4833.235910050123,0.0,1.5104260328085337,0.0,-5.684341886080802e-14,10.878316250394153
2024-01-23 00:00:00+00:00,4847.595287500642,0.0,1.5149134565386873,0.0,-5.684341886080802e-14,10.878316250394153
2024-01-24 00:00:00+00:00,4851.620264513289,0.0,1.5161712950085033,0.0,-5.684341886080802e-14,10.878316250394153
2024-01-25 00:00:00+00:00,4878.9248383017775,0.0,1.5247041992226589,0.0,-5.684341886080802e-14,10.878316250394153
2024-01-26 00:00:00+00:00,4875.987692914172,0.0,1.5237863170960368,-0.0006020066889630415,-5.684341886080802e-14,10.878316250394153
2024-01-29 00:00:00+00:00,5012.127970585254,100.0,1.53508045155238,0.0,-5.684341886080802e-14,11.101304504164553
2024-01-30 00:00:00+00:00,5008.575553143922,0.0,1.5339924413096355,-0.0007087643137166921,-5.684341886080802e-14,11.101304504164553
2024-01-31 00:00:00+00:00,4926.980965038311,0.0,1.509002206046595,-0.016988194644399712,-5.684341886080802e-14,11.101304504164553
2024-02-01 00:00:00+00:00,4991.812583342633,0.0,1.5288583929766844,-0.0040532459190678605,-5.684341886080802e-14,11.101304504164553
2024-02-02 00:00:00+00:00,5043.100610151872,0.0,1.5445665408563094,0.0,-5.684341886080802e-14,11.101304504164553
2024-02-05 00:00:00+00:00,5024.6724446749595,0.0,1.5389224877220717,-0.0036541340142643985,-5.684341886080802e-14,11.101304504164553
2024-02-06 00:00:00+00:00,5040.325284025832,0.0,1.5437165328541655,-0.000550321387690178,-5.684341886080802e-14,11.101304504164553
2024-02-07 00:00:00+00:00,5081.733149826366,0.0,1.5563986522461575,0.0,-5.684341886080802e-14,11.101304504164553
2024-02-08 00:00:00+00:00,5085.174554222656,0.0,1.557452662168816,0.0,-5.684341886080802e-14,11.101304504164553
2024-02-09 00:00:00+00:00,5114.0379459334845,0.0,1.5662927453911162,0.0,-5.684341886080802e-14,11.101304504164553
2024-02-12 00:00:00+00:00,5111.706671987609,0.0,1.565578738669315,-0.00045585777237511227,-5.684341886080802e-14,11.101304504164553
2024-02-13 00:00:00+00:00,5039.659205755583,0.0,1.5435125309336513,-0.014544033690059965,-5.684341886080802e-14,11.101304504164553
2024-02-14 00:00:00+00:00,5087.616841213573,0.0,1.558200669210703,-0.00516638808691694,-5.684341886080802e-14,11.101304504164553
2024-02-15 00:00:00+00:00,5122.030885176483,0.0,1.5687407684372916,0.0,-5.684341886080802e-14,11.101304504164553
2024-02-16 00:00:00+00:00,5095.831806546655,0.0,1.5607166928970502,-0.005114978651466151,-5.684341886080802e-14,11.101304504164553
2024-02-20 00:00:00+00:00,5067.85651919616,0.0,1.5521486122354364,-0.010576735516591107,-5.684341886080802e-14,11.101304504164553
2024-02-21 00:00:00+00:00,5072.963119268076,0.0,1.553712626959382,-0.00957974815232221,-5.684341886080802e-14,11.101304504164553
2024-02-22 00:00:00+00:00,5179.535642508055,0.0,1.58635293424172,0.0,-5.684341886080802e-14,11.101304504164553
2024-02-23 00:00:00+00:00,5181.86691645393,0.0,1.587066940963521,0.0,-5.684341886080802e-14,11.101304504164553
2024-02-26 00:00:00+00:00,5162.883685751808,0.0,1.5812528862288544,-0.0036633960323921855,-5.684341886080802e-14,11.101304504164553
2024-02-27 00:00:00+00:00,5272.428048703376,100.0,1.5841760687723683,-0.0018215187504300179,-5.684341886080802e-14,11.315923097253613
2024-02-28 00:00:00+00:00,5264.280584073353,0.0,1.5817280470319433,-0.0033640004676402935,-5.684341886080802e-14,11.315923097253613
2024-02-29 00:00:00+00:00,5283.74397180063,0.0,1.5875760989674028,0.0,-5.684341886080802e-14,11.315923097253613
2024-03-01 00:00:00+00:00,5334.665625738271,0.0,1.6028762348450574,0.0,-5.684341886080802e-14,11.315923097253613
2024-03-04 00:00:00+00:00,5328.328708803809,0.0,1.600972217935838,-0.001187875188257026,-5.684341886080802e-14,11.315923097253613
2024-03-05 00:00:00+00:00,5274.917551784772,0.0,1.5849240754152758,-0.011199966060708944,-5.684341886080802e-14,11.315923097253613
2024-03-06 00:00:00+00:00,5302.867881834988,0.0,1.5933221499970107,-0.005960587998218192,-5.684341886080802e-14,11.315923097253613
2024-03-07 00:00:00+00:00,5355.373765006245,0.0,1.6090982901019704,0.0,-5.684341886080802e-14,11.315923097253613
2024-03-08 00:00:00+00:00,5322.897065717127,0.0,1.5993402034422215,-0.006064319824198194,-5.684341886080802e-14,11.315923097253613
2024-03-11 00:00:00+00:00,5318.483855709198,0.0,1.598014191666158,-0.0068883911591938185,-5.684341886080802e-14,11.315923097253613
2024-03-12 00:00:00+00:00,5375.402948888383,0.0,1.615116343547181,0.0,-5.684341886080802e-14,11.315923097253613
2024-03-13 00:00:00+00:00,5367.255484258361,0.0,1.6126683218067563,-0.0015156937456580755,-5.684341886080802e-14,11.315923097253613
2024-03-14 00:00:00+00:00,5355.486924237217,0.0,1.6091322904039205,-0.0037050291560533077,-5.684341886080802e-14,11.315923097253613
2024-03-15 00:00:00+00:00,5318.59701494017,0.0,1.5980481919681082,-0.01056775361556117,-5.684341886080802e-14,11.315923097253613
2024-03-18 00:00:00+00:00,5351.8658288460965,0.0,1.6080442807415094,-0.0043786708207902425,-5.684341886080802e-14,11.315923097253613
2024-03-19 00:00:00+00:00,5381.853025053819,0.0,1.6170543607583505,0.0,-5.684341886080802e-14,11.315923097253613
2024-03-20 00:00:00+00:00,5428.8141059074205,0.0,1.631164486067743,0.0,-5.684341886080802e-14,11.315923097253613
2024-03-21 00:00:00+00:00,5446.919582863027,0.0,1.6366045343797984,0.0,-5.684341886080802e-14,11.315923097253613
2024-03-22 00:00:00+00:00,5439.824499081049,0.0,1.6344727154475118,-0.0013025864755374927,-5.684341886080802e-14,11.352361323680139
2024-03-25 00:00:00+00:00,5425.747571039686,0.0,1.6302431020096495,-0.003886969781957461,-5.684341886080802e-14,11.352361323680139
2024-03-26 00:00:00+00:00,5410.535406865954,0.0,1.625672390713895,-0.006679771096959719,-5.684341886080802e-14,11.352361323680139
2024-03-27 00:00:00+00:00,5557.971807464056,100.0,1.6399253326074676,0.0,-5.684341886080802e-14,11.560803326949115
2024-03-28 00:00:00+00:00,5557.27815926444,0.0,1.6397206659963595,-0.00012480239620593636,-5.684341886080802e-14,11.560803326949115
2024-04-01 00:00:00+00:00,5549.994853168461,0.0,1.6375716665797218,-0.0014352275563690453,-5.684341886080802e-14,11.560803326949115
2024-04-02 00:00:00+00:00,5513.693930721842,0.0,1.6268607805983852,-0.007966552957816564,-5.684341886080802e-14,11.560803326949115
2024-04-03 00:00:00+00:00,5518.66507615243,0.0,1.6283275579779948,-0.007072135785007094,-5.684341886080802e-14,11.560803326949115
2024-04-04 00:00:00+00:00,5450.687552589969,0.0,1.6082702300893768,-0.019302770613195852,-5.684341886080802e-14,11.560803326949115
2024-04-05 00:00:00+00:00,5508.6071772579835,0.0,1.6253598921169237,-0.00888177052999417,-5.684341886080802e-14,11.560803326949115
2024-04-08 00:00:00+00:00,5510.8037298901045,0.0,1.6260080030521002,-0.008486562942008447,-5.684341886080802e-14,11.560803326949115
2024-04-09 00:00:00+00:00,5517.6246038530035,0.0,1.6280205580613318,-0.007259339379316332,-5.684341886080802e-14,11.560803326949115
2024-04-10 00:00:00+00:00,5464.213692482499,0.0,1.6122612290059894,-0.01686912388717876,-5.684341886080802e-14,11.560803326949115
2024-04-11 00:00:00+00:00,5503.6360318273955,0.0,1.6238931147373137,-0.009776187702804084,-5.684341886080802e-14,11.560803326949115
2024-04-12 00:00:00+00:00,5428.606418235496,0.0,1.601755009635761,-0.023275646892420565,-5.684341886080802e-14,11.560803326949115
2024-04-15 00:00:00+00:00,5359.70403040688,0.0,1.581424792932332,-0.035672684915550534,-5.684341886080802e-14,11.560803326949115
2024-04-16 00:00:00+00:00,5350.108563645511,0.0,1.5785935714786663,-0.03739911806306717,-5.684341886080802e-14,11.560803326949115
2024-04-17 00:00:00+00:00,5317.853922363323,0.0,1.5690765740621284,-0.04320242948664643,-5.684341886080802e-14,11.560803326949115
2024-04-18 00:00:00+00:00,5305.715078870026,0.0,1.5654949083677323,-0.04538647142025154,-5.684341886080802e-14,11.560803326949115
2024-04-19 00:00:00+00:00,5261.321594094542,0.0,1.5523962452567983,-0.05337382477743591,-5.684341886080802e-14,11.560803326949115
2024-04-22 00:00:00+00:00,5306.9867672359915,0.0,1.565870130488098,-0.04515766702720703,-5.684341886080802e-14,11.560803326949115
2024-04-23 00:00:00+00:00,5373.923818499026,0.0,1.585620458460053,-0.033114235793327396,-5.684341886080802e-14,11.560803326949115
2024-04-24 00:00:00+00:00,5369.993145367864,0.0,1.5844606809971058,-0.03382144937182807,-5.684341886080802e-14,11.560803326949115
2024-04-25 00:00:00+00:00,5347.7964029801215,0.0,1.5779113494416388,-0.03781512605042037,-5.684341886080802e-14,11.560803326949115
2024-04-26 00:00:00+00:00,5401.322922383895,0.0,1.5937047895988325,-0.028184541143190245,-5.684341886080802e-14,11.560803326949115
2024-04-29 00:00:00+00:00,5520.117056794328,100.0,1.5992501536618005,-0.024803067637838128,-5.684341886080802e-14,11.773989115251107
2024-04-30 00:00:00+00:00,5432.871797450318,0.0,1.5739740602426513,-0.04021602145748571,-5.684341886080802e-14,11.773989115251107
2024-05-01 00:00:00+00:00,5415.210813777441,0.0,1.568857442141609,-0.04333605259506612,-5.684341886080802e-14,11.773989115251107
2024-05-02 00:00:00+00:00,5465.721227081869,0.0,1.5834909699105906,-0.034412763541585734,-5.684341886080802e-14,11.773989115251107
2024-05-03 00:00:00+00:00,5533.539404385715,0.0,1.6031387834185933,-0.022431843973276577,-5.684341886080802e-14,11.773989115251107
2024-05-06 00:00:00+00:00,5589.348112792006,0.0,1.6193072966178872,-0.012572545578522165,-5.684341886080802e-14,11.773989115251107
2024-05-07 00:00:00+00:00,5597.354425390376,0.0,1.621626830157026,-0.011158131462819187,-5.684341886080802e-14,11.773989115251107
2024-05-08 00:00:00+00:00,5597.589905172681,0.0,1.6216950517317068,-0.011116531047651312,-5.684341886080802e-14,11.773989115251107
2024-05-09 00:00:00+00:00,5629.732895457317,0.0,1.6310072966756042,-0.005438074377254631,-5.684341886080802e-14,11.773989115251107
2024-05-10 00:00:00+00:00,5636.679549035315,0.0,1.633019833128681,-0.004210862129806259,-5.684341886080802e-14,11.773989115251107
2024-05-13 00:00:00+00:00,5637.032768708772,0.0,1.6331221654907015,-0.004148461507054835,-5.684341886080802e-14,11.773989115251107
2024-05-14 00:00:00+00:00,5663.759724000392,0.0,1.6408653142169458,0.0,-5.684341886080802e-14,11.773989115251107
2024-05-15 00:00:00+00:00,5732.755300215764,0.0,1.6608542355983513,0.0,-5.684341886080802e-14,11.773989115251107
2024-05-16 00:00:00+00:00,5721.805490338581,0.0,1.6576819323757053,-0.0019100431300060894,-5.684341886080802e-14,11.773989115251107
2024-05-17 00:00:00+00:00,5730.282762501561,0.0,1.6601379090642054,-0.0004313000616142926,-5.684341886080802e-14,11.773989115251107
2024-05-20 00:00:00+00:00,5735.934277276881,0.0,1.6617752268565391,0.0,-5.684341886080802e-14,11.773989115251107
2024-05-21 00:00:00+00:00,5751.35820301786,0.0,1.6662437399981163,0.0,-5.684341886080802e-14,11.773989115251107
2024-05-22 00:00:00+00:00,5734.639138474204,0.0,1.6614000081957963,-0.0029069767441859407,-5.684341886080802e-14,11.773989115251107
2024-05-23 00:00:00+00:00,5692.017297876995,0.0,1.6490519031786142,-0.010317720275139108,-5.684341886080802e-14,11.773989115251107
2024-05-24 00:00:00+00:00,5730.753722066172,0.0,1.660274352213567,-0.0035825417622009637,-5.684341886080802e-14,11.773989115251107
2024-05-28 00:00:00+00:00,5835.238183836535,100.0,1.6615735594770285,-0.0028028195449323334,-5.684341886080802e-14,11.979056872714189
2024-05-29 00:00:00+00:00,5794.150018763126,0.0,1.6498737785010757,-0.009824469916423495,-5.684341886080802e-14,11.979056872714189
2024-05-30 00:00:00+00:00,5755.218083926805,0.0,1.6387879802002456,-0.016477637178040738,-5.684341886080802e-14,11.979056872714189
2024-05-31 00:00:00+00:00,5805.29054165475,0.0,1.6530460223225438,-0.007920640515407085,-5.684341886080802e-14,11.979056872714189
2024-06-03 00:00:00+00:00,5811.639441797289,0.0,1.6548538601992946,-0.0068356624696663815,-5.684341886080802e-14,11.979056872714189
2024-06-04 00:00:00+00:00,5818.70708535219,0.0,1.656866358967753,-0.005627856720634261,-5.684341886080802e-14,11.979056872714189
2024-06-05 00:00:00+00:00,5888.305405782659,0.0,1.6766843553147754,0.0,-5.684341886080802e-14,11.979056872714189
2024-06-06 00:00:00+00:00,5886.987709526661,0.0,1.6763091436799782,-0.0002237819143525721,-5.684341886080802e-14,11.979056872714189
2024-06-07 00:00:00+00:00,5879.321113128124,0.0,1.6741260941684302,-0.0015257857796764362,-5.684341886080802e-14,11.979056872714189
2024-06-10 00:00:00+00:00,5898.607394693194,0.0,1.6796178280959184,0.0,-5.684341886080802e-14,11.979056872714189
2024-06-11 00:00:00+00:00,5912.023938390634,0.0,1.6834381647411276,0.0,-5.684341886080802e-14,11.979056872714189
2024-06-12 00:00:00+00:00,5961.257862137489,0.0,1.6974574358231003,0.0,-5.684341886080802e-14,11.979056872714189
2024-06-13 00:00:00+00:00,5972.51817559784,0.0,1.7006637897931867,0.0,-5.684341886080802e-14,11.979056872714189
2024-06-14 00:00:00+00:00,5977.309798346926,0.0,1.7020281957379042,0.0,-5.684341886080802e-14,11.979056872714189
2024-06-17 00:00:00+00:00,6024.746863562874,0.0,1.7155358145906077,0.0,-5.684341886080802e-14,11.979056872714189
2024-06-18 00:00:00+00:00,6040.798799772311,0.0,1.7201065745054114,0.0,-5.684341886080802e-14,11.979056872714189
2024-06-20 00:00:00+00:00,6024.028120150511,0.0,1.7153311536989,-0.0027762354247640175,-5.684341886080802e-14,11.979056872714189
2024-06-21 00:00:00+00:00,6010.851157590525,0.0,1.7115790373509265,-0.004957563258507269,-5.684341886080802e-14,11.979056872714189
2024-06-24 00:00:00+00:00,5994.679430812362,0.0,1.706974167287505,-0.007634647418101048,-5.684341886080802e-14,11.979056872714189
2024-06-25 00:00:00+00:00,6019.595869107607,0.0,1.714069078200036,-0.003509954787023206,-5.684341886080802e-14,11.979056872714189
2024-06-26 00:00:00+00:00,6026.304140956327,0.0,1.7159792465226404,-0.00239946061711771,-5.684341886080802e-14,11.979056872714189
2024-06-27 00:00:00+00:00,6135.766731937233,100.0,1.7186737022556682,-0.0008330136463522431,-5.684341886080802e-14,12.177764675870264
2024-06-28 00:00:00+00:00,6112.190579524748,0.0,1.712069847363206,-0.004672226280232672,-5.684341886080802e-14,12.22120364610151
2024-07-01 00:00:00+00:00,6126.244963717764,0.0,1.7160065844604964,-0.002383567451972546,-5.684341886080802e-14,12.22120364610151
2024-07-02 00:00:00+00:00,6165.963875567594,0.0,1.7271321458224032,0.0,-5.684341886080802e-14,12.22120364610151
2024-07-03 00:00:00+00:00,6193.828219880706,0.0,1.7349371550239872,0.0,-5.684341886080802e-14,12.22120364610151
2024-07-05 00:00:00+00:00,6230.858466928393,0.0,1.745309601462934,0.0,-5.684341886080802e-14,12.22120364610151
2024-07-08 00:00:00+00:00,6236.846856714983,0.0,1.7469869937913445,0.0,-5.684341886080802e-14,12.22120364610151
2024-07-09 00:00:00+00:00,6243.6907307568,0.0,1.748904013595242,0.0,-5.684341886080802e-14,12.22120364610151
2024-07-10 00:00:00+00:00,6303.819052695619,0.0,1.7657464018723439,0.0,-5.684341886080802e-14,12.22120364610151
2024-07-11 00:00:00+00:00,6249.801332579851,0.0,1.750615638420151,-0.008569046742017195,-5.684341886080802e-14,12.22120364610151
2024-07-12 00:00:00+00:00,6288.420336101531,0.0,1.7614331073135738,-0.002442759930982419,-5.684341886080802e-14,12.22120364610151
2024-07-15 00:00:00+00:00,6307.48541378945,0.0,1.7667733767672893,0.0,-5.684341886080802e-14,12.22120364610151
2024-07-16 00:00:00+00:00,6343.293540472527,0.0,1.7768034982412542,0.0,-5.684341886080802e-14,12.22120364610151
2024-07-17 00:00:00+00:00,6254.689814038292,0.0,1.7519849382800778,-0.013968094944512788,-5.684341886080802e-14,12.22120364610151
2024-07-18 00:00:00+00:00,6207.6381800008,0.0,1.7388054271282805,-0.021385635018495663,-5.684341886080802e-14,12.22120364610151
2024-07-19 00:00:00+00:00,6166.208299640517,0.0,1.7272006108153994,-0.027916923551171258,-5.684341886080802e-14,12.22120364610151
2024-07-22 00:00:00+00:00,6230.247406746089,0.0,1.7451384389804427,-0.017821362515412997,-5.684341886080802e-14,12.22120364610151
2024-07-23 00:00:00+00:00,6219.859383646902,0.0,1.7422286767780977,-0.01945900123304567,-5.684341886080802e-14,12.22120364610151
2024-07-24 00:00:00+00:00,6077.482361169819,0.0,1.7023478183577243,-0.04190428483353892,-5.684341886080802e-14,12.22120364610151
2024-07-25 00:00:00+00:00,6046.807140018104,0.0,1.6937554617366826,-0.046740135635018554,-5.684341886080802e-14,12.22120364610151
2024-07-26 00:00:00+00:00,6114.6348202539675,0.0,1.7127544972931692,-0.03604731812577078,-5.684341886080802e-14,12.22120364610151
2024-07-29 00:00:00+00:00,6218.883614531414,100.0,1.713944616036265,-0.03537750925592453,-5.684341886080802e-14,12.420378698884392
2024-07-30 00:00:00+00:00,6186.342222340338,0.0,1.7049761021676513,-0.04042506453003969,-5.684341886080802e-14,12.420378698884392
2024-07-31 00:00:00+00:00,6283.84219512658,0.0,1.731847412804529,-0.025301664185839567,-5.684341886080802e-14,12.420378698884392
2024-08-01 00:00:00+00:00,6198.141582104277,0.0,1.7082280442192477,-0.038594844106219384,-5.684341886080802e-14,12.420378698884392
2024-08-02 00:00:00+00:00,6084.867728370453,0.0,1.67700940052392,-0.05616496017489503,-5.684341886080802e-14,12.420378698884392
2024-08-05 00:00:00+00:00,5902.163957709863,0.0,1.6266556451776177,-0.08450447852689302,-5.684341886080802e-14,12.420378698884392
2024-08-06 00:00:00+00:00,5961.036552742575,0.0,1.6428811244666368,-0.07537264188593651,-5.684341886080802e-14,12.420378698884392
2024-08-07 00:00:00+00:00,5919.67669167529,0.0,1.6314822118015666,-0.08178804610838053,-5.684341886080802e-14,12.420378698884392
2024-08-08 00:00:00+00:00,6057.791302806884,0.0,1.6695470492897295,-0.06036483441060925,-5.684341886080802e-14,12.420378698884392
2024-08-09 00:00:00+00:00,6083.749894287553,0.0,1.6767013218032423,-0.056338349478204375,-5.684341886080802e-14,12.420378698884392
2024-08-12 00:00:00+00:00,6086.854988962274,0.0,1.6775570960273465,-0.05585671252456759,-5.684341886080802e-14,12.420378698884392
2024-08-13 00:00:00+00:00,6187.956871571192,0.0,1.7054211047641852,-0.04017461331414862,-5.684341886080802e-14,12.420378698884392
2024-08-14 00:00:00+00:00,6207.705273702419,0.0,1.7108638288294893,-0.03711140228901755,-5.684341886080802e-14,12.420378698884392
2024-08-15 00:00:00+00:00,6314.272122938847,0.0,1.7402340002007517,-0.020581622040197645,-5.684341886080802e-14,12.420378698884392
2024-08-16 00:00:00+00:00,6327.561928146653,0.0,1.7438967138799184,-0.018520215878631507,-5.684341886080802e-14,12.420378698884392
2024-08-19 00:00:00+00:00,6388.421783771187,0.0,1.7606698886723644,-0.00908013158734744,-5.684341886080802e-14,12.420378698884392
2024-08-20 00:00:00+00:00,6377.864461877135,0.0,1.7577602563104096,-0.010717697229712941,-5.684341886080802e-14,12.420378698884392
2024-08-21 00:00:00+00:00,6400.221143535126,0.0,1.763921830723961,-0.007249911163527023,-5.684341886080802e-14,12.420378698884392
2024-08-22 00:00:00+00:00,6348.428164360779,0.0,1.7496475166659002,-0.015283615550191088,-5.684341886080802e-14,12.420378698884392
2024-08-23 00:00:00+00:00,6417.11285856561,0.0,1.768577242503089,-0.004629806135741932,-5.684341886080802e-14,12.420378698884392
2024-08-26 00:00:00+00:00,6401.338977618027,0.0,1.7642299094446388,-0.007076521860217677,-5.684341886080802e-14,12.420378698884392
2024-08-27 00:00:00+00:00,6510.212793627123,100.0,1.7666755620915138,-0.005700087916173824,-5.684341886080802e-14,12.614735687542865
2024-08-28 00:00:00+00:00,6472.99932334887,0.0,1.7565769477135684,-0.011383673291788687,-5.684341886080802e-14,12.614735687542865
2024-08-29 00:00:00+00:00,6474.008502203874,0.0,1.756850808442462,-0.01122954216295835,-5.684341886080802e-14,12.614735687542865
2024-08-30 00:00:00+00:00,6534.937675574705,0.0,1.7733851499494027,-0.0019238752598332853,-5.684341886080802e-14,12.614735687542865
2024-09-03 00:00:00+00:00,6402.735245569256,0.0,1.7375093944643636,-0.022115053136593565,-5.684341886080802e-14,12.614735687542865
2024-09-04 00:00:00+00:00,6386.840678602953,0.0,1.733196087984292,-0.024542618415669737,-5.684341886080802e-14,12.614735687542865
2024-09-05 00:00:00+00:00,6371.072258993524,0.0,1.7289170140953323,-0.026950917303642075,-5.684341886080802e-14,12.614735687542865
2024-09-06 00:00:00+00:00,6264.982331861288,0.0,1.7001274049704105,-0.0431539522219202,-5.684341886080802e-14,12.614735687542865
2024-09-09 00:00:00+00:00,6335.4987043546535,0.0,1.719263423401839,-0.032384039594907654,-5.684341886080802e-14,12.614735687542865
2024-09-10 00:00:00+00:00,6361.6112072278665,0.0,1.7263495697619562,-0.0283958966364255,-5.684341886080802e-14,12.614735687542865
2024-09-11 00:00:00+00:00,6426.703243375588,0.0,1.7440135867755826,-0.018454438826875474,-5.684341886080802e-14,12.614735687542865
2024-09-12 00:00:00+00:00,6481.955785687026,0.0,1.759007461682498,-0.010015759523420154,-5.684341886080802e-14,12.614735687542865
2024-09-13 00:00:00+00:00,6516.394014114018,0.0,1.7683529590559863,-0.004756034752088523,-5.684341886080802e-14,12.614735687542865
2024-09-16 00:00:00+00:00,6526.233507950302,0.0,1.7710231011626976,-0.0032532562459935965,-5.684341886080802e-14,12.614735687542865
2024-09-17 00:00:00+00:00,6529.261044515312,0.0,1.7718446833493777,-0.0027908628595029183,-5.684341886080802e-14,12.614735687542865
2024-09-18 00:00:00+00:00,6508.068288560239,0.0,1.7660936080426155,-0.006027616564937888,-5.684341886080802e-14,12.614735687542865
2024-09-19 00:00:00+00:00,6621.600909748125,0.0,1.7969029400431262,0.0,-5.684341886080802e-14,12.614735687542865
2024-09-20 00:00:00+00:00,6608.607731989956,0.0,1.7933769831586233,-0.001962241146101218,-5.684341886080802e-14,12.614735687542865
2024-09-23 00:00:00+00:00,6624.8807410268855,0.0,1.7977929874120298,0.0,-5.684341886080802e-14,12.614735687542865
2024-09-24 00:00:00+00:00,6643.928991915075,0.0,1.8029621086698933,0.0,-5.684341886080802e-14,12.614735687542865
2024-09-25 00:00:00+00:00,6630.431224729406,0.0,1.799299221420944,-0.002031594136857051,-5.684341886080802e-14,12.614735687542865
2024-09-26 00:00:00+00:00,6656.79602231637,0.0,1.8064538329632847,0.0,-5.684341886080802e-14,12.614735687542865
2024-09-27 00:00:00+00:00,6747.831151656882,100.0,1.8040210372293368,-0.0013467245547909013,-5.684341886080802e-14,12.843715313976325
2024-09-30 00:00:00+00:00,6777.243259725887,0.0,1.8118843136678289,0.0,-5.684341886080802e-14,12.843715313976325
2024-10-01 00:00:00+00:00,6713.923743227984,0.0,1.7949559499814676,-0.009342960562472635,-5.684341886080802e-14,12.843715313976325
2024-10-02 00:00:00+00:00,6715.0796776062425,0.0,1.7952649870467359,-0.009172399416301658,-5.684341886080802e-14,12.843715313976325
2024-10-03 00:00:00+00:00,6702.364399445406,0.0,1.791865579328785,-0.011048572024181635,-5.684341886080802e-14,12.843715313976325
2024-10-04 00:00:00+00:00,6764.142670105632,0.0,1.8083818935947888,-0.0019330263232700817,-5.684341886080802e-14,12.843715313976325
2024-10-07 00:00:00+00:00,6703.263459517383,0.0,1.7921059414906602,-0.01091591335493769,-5.684341886080802e-14,12.843715313976325
2024-10-08 00:00:00+00:00,6766.7114131684275,0.0,1.8090686426287186,-0.0015540015540012053,-5.684341886080802e-14,12.843715313976325
2024-10-09 00:00:00+00:00,6812.948788298742,0.0,1.821430125239449,0.0,-5.684341886080802e-14,12.843715313976325
2024-10-10 00:00:00+00:00,6801.517881669302,0.0,1.8183740920384623,-0.0016778207182582827,-5.684341886080802e-14,12.843715313976325
2024-10-11 00:00:00+00:00,6841.9755849083285,0.0,1.8291903893228518,0.0,-5.684341886080802e-14,12.843715313976325
2024-10-14 00:00:00+00:00,6897.9741836772655,0.0,1.8441615182625144,0.0,-5.684341886080802e-14,12.843715313976325
2024-10-15 00:00:00+00:00,6845.4433880431025,0.0,1.8301175005186565,-0.0076153946412944595,-5.684341886080802e-14,12.843715313976325
2024-10-16 00:00:00+00:00,6874.213310346409,0.0,1.8378090896986667,-0.0034446161580427015,-5.684341886080802e-14,12.843715313976325
2024-10-17 00:00:00+00:00,6875.240807571527,0.0,1.8380837893122384,-0.0032956597836409918,-5.684341886080802e-14,12.843715313976325
2024-10-18 00:00:00+00:00,6901.698861118319,0.0,1.845157304361712,0.0,-5.684341886080802e-14,12.843715313976325
2024-10-21 00:00:00+00:00,6891.038577407718,0.0,1.8423072958709046,-0.001544588357897947,-5.684341886080802e-14,12.843715313976325
2024-10-22 00:00:00+00:00,6886.286402741546,0.0,1.841036810158135,-0.0022331397945513087,-5.684341886080802e-14,12.843715313976325
2024-10-23 00:00:00+00:00,6823.480634856202,0.0,1.8242457962785594,-0.0113331844573471,-5.684341886080802e-14,12.843715313976325
2024-10-24 00:00:00+00:00,6838.893093232974,0.0,1.828366290482136,-0.009100044662796014,-5.684341886080802e-14,12.843715313976325
2024-10-25 00:00:00+00:00,6836.195913017039,0.0,1.82764520399651,-0.009490844126842535,-5.684341886080802e-14,12.843715313976325
2024-10-28 00:00:00+00:00,6957.166018916624,100.0,1.8332515256938886,-0.00645244643352616,-5.684341886080802e-14,13.030352897281661
2024-10-29 00:00:00+00:00,6968.2418188793135,0.0,1.8361700599253086,-0.00487071991919541,-5.684341886080802e-14,13.030352897281661
2024-10-30 00:00:00+00:00,6947.26295071469,0.0,1.8306420127340306,-0.007866696022810205,-5.684341886080802e-14,13.030352897281661
2024-10-31 00:00:00+00:00,6810.5745488222055,0.0,1.7946238667486227,-0.027387062064375134,-5.684341886080802e-14,13.030352897281661
2024-11-01 00:00:00+00:00,6840.153449899036,0.0,1.8024180699313566,-0.02316292184375035,-5.684341886080802e-14,13.030352897281661
2024-11-04 00:00:00+00:00,6825.298847596134,0.0,1.7985038004915694,-0.025284296227676473,-5.684341886080802e-14,13.030352897281661
2024-11-05 00:00:00+00:00,6907.390070849009,0.0,1.8201352895009186,-0.01356091147440086,-5.684341886080802e-14,13.030352897281661
2024-11-06 00:00:00+00:00,7079.390729093126,0.0,1.86545840933003,0.0,-5.684341886080802e-14,13.030352897281661
2024-11-07 00:00:00+00:00,7134.509121848628,0.0,1.8799824090934498,0.0,-5.684341886080802e-14,13.030352897281661
2024-11-08 00:00:00+00:00,7166.04257586005,0.0,1.8882916477287874,0.0,-5.684341886080802e-14,13.030352897281661
2024-11-11 00:00:00+00:00,7171.906234663826,0.0,1.8898367540865977,0.0,-5.684341886080802e-14,13.030352897281661
2024-11-12 00:00:00+00:00,7150.406152383312,0.0,1.884171364107959,-0.002997819767441734,-5.684341886080802e-14,13.030352897281661
2024-11-13 00:00:00+00:00,7154.05465119455,0.0,1.8851327636194855,-0.0024890988372092693,-5.684341886080802e-14,13.030352897281661
2024-11-14 00:00:00+00:00,7108.578719583037,0.0,1.873149605422243,-0.00882994186046504,-5.684341886080802e-14,13.030352897281661
2024-11-15 00:00:00+00:00,7016.845035186175,0.0,1.8489772748467168,-0.02162063953488369,-5.684341886080802e-14,13.030352897281661
2024-11-18 00:00:00+00:00,7045.902722147113,0.0,1.8566341352420896,-0.017569040697674287,-5.684341886080802e-14,13.030352897281661
2024-11-19 00:00:00+00:00,7071.572517354758,0.0,1.8633982675196163,-0.013989825581395054,-5.684341886080802e-14,13.030352897281661
2024-11-20 00:00:00+00:00,7074.178587934213,0.0,1.8640849814564207,-0.013626453488372103,-5.684341886080802e-14,13.030352897281661
2024-11-21 00:00:00+00:00,7109.881754872766,0.0,1.8734929623906458,-0.008648255813953232,-5.684341886080802e-14,13.030352897281661
2024-11-22 00:00:00+00:00,7133.727300674791,0.0,1.8797763949124089,-0.005323401162790509,-5.684341886080802e-14,13.030352897281661
2024-11-25 00:00:00+00:00,7156.660721774007,0.0,1.8858194775562902,-0.002125726744185985,-5.684341886080802e-14,13.030352897281661
2024-11-26 00:00:00+00:00,7196.794208697634,0.0,1.896394872183083,0.0,-5.684341886080802e-14,13.030352897281661
2024-11-27 00:00:00+00:00,7273.541039494787,100.0,1.890267534154577,-0.003231045452813497,-5.684341886080802e-14,13.211408663145559
2024-11-29 00:00:00+00:00,7311.85412461791,0.0,1.9002244424263932,0.0,-5.684341886080802e-14,13.211408663145559
2024-12-02 00:00:00+00:00,7332.463922132416,0.0,1.9055805723933008,0.0,-5.684341886080802e-14,13.211408663145559
2024-12-03 00:00:00+00:00,7334.181405258625,0.0,1.9060269165572097,0.0,-5.684341886080802e-14,13.211408663145559
2024-12-04 00:00:00+00:00,7380.421335579635,0.0,1.918043874816298,0.0,-5.684341886080802e-14,13.211408663145559
2024-12-05 00:00:00+00:00,7368.13472552291,0.0,1.9148507973360263,-0.001664757267649919,-5.684341886080802e-14,13.211408663145559
2024-12-06 00:00:00+00:00,7382.7993891390015,0.0,1.9186618898124799,0.0,-5.684341886080802e-14,13.211408663145559
2024-12-09 00:00:00+00:00,7344.354189929247,0.0,1.908670647374209,-0.005207401309903159,-5.684341886080802e-14,13.211408663145559
2024-12-10 00:00:00+00:00,7323.480164241478,0.0,1.9032458490743922,-0.008034787588132253,-5.684341886080802e-14,13.211408663145559
2024-12-11 00:00:00+00:00,7378.968080626689,0.0,1.9176661989852979,-0.0005189506460042681,-5.684341886080802e-14,13.211408663145559
2024-12-12 00:00:00+00:00,7340.9192236768295,0.0,1.907777959046391,-0.005672667406320664,-5.684341886080802e-14,13.211408663145559
2024-12-13 00:00:00+00:00,7340.390767330304,0.0,1.907640622380573,-0.0057442468057693485,-5.684341886080802e-14,13.211408663145559
2024-12-16 00:00:00+00:00,7369.191638215961,0.0,1.9151254706676621,-0.0018431695358077649,-5.684341886080802e-14,13.211408663145559
2024-12-17 00:00:00+00:00,7338.276941944201,0.0,1.9070912757173006,-0.006030564403564642,-5.684341886080802e-14,13.211408663145559
2024-12-18 00:00:00+00:00,7122.798866648296,0.0,1.8510922502299494,-0.03521706452882867,-5.684341886080802e-14,13.211408663145559
2024-12-19 00:00:00+00:00,7120.156584915668,0.0,1.8504055669008588,-0.03557496152607276,-5.684341886080802e-14,13.211408663145559
2024-12-20 00:00:00+00:00,7200.746177760855,0.0,1.8713494084381268,-0.02465910311012487,-5.684341886080802e-14,13.211408663145559
2024-12-23 00:00:00+00:00,7252.125346051828,0.0,1.8847019657722968,-0.01769979599871152,-5.684341886080802e-14,13.253395248545894
2024-12-24 00:00:00+00:00,7326.741961301142,0.0,1.9040935337236444,-0.007592977254715416,-5.684341886080802e-14,13.253395248545894
2024-12-26 00:00:00+00:00,7326.609427348655,0.0,1.904059090441315,-0.007610928975397502,-5.684341886080802e-14,13.253395248545894
2024-12-27 00:00:00+00:00,7350.200864769485,100.0,1.8842018263672464,-0.01796046694219866,-5.684341886080802e-14,13.435330965799306
2024-12-30 00:00:00+00:00,7268.379699187766,0.0,1.863227217310844,-0.02889236128365158,-5.684341886080802e-14,13.435330965799306
2024-12-31 00:00:00+00:00,7239.090677682323,0.0,1.8557190649720987,-0.03280558454545257,-5.684341886080802e-14,13.435330965799306
2025-01-02 00:00:00+00:00,7220.9529808784955,0.0,1.851069521092601,-0.03522891087730162,-5.684341886080802e-14,13.435330965799306
2025-01-03 00:00:00+00:00,7314.194177781142,0.0,1.874971620739798,-0.022771218475055033,-5.684341886080802e-14,13.435330965799306
2025-01-06 00:00:00+00:00,7356.784176942727,0.0,1.8858894385901752,-0.01708088923656459,-5.684341886080802e-14,13.435330965799306
2025-01-07 00:00:00+00:00,7274.0225381934015,0.0,1.8646737420733541,-0.028138437535965344,-5.684341886080802e-14,13.435330965799306
2025-01-08 00:00:00+00:00,7283.830329798436,0.0,1.8671879398748605,-0.026828046260224725,-5.684341886080802e-14,13.435330965799306
2025-01-10 00:00:00+00:00,7172.988849330592,0.0,1.8387740606112615,-0.04163726273263613,-5.684341886080802e-14,13.435330965799306
2025-01-13 00:00:00+00:00,7182.259227696994,0.0,1.8411504941496717,-0.04039867371857986,-5.684341886080802e-14,13.435330965799306
2025-01-14 00:00:00+00:00,7191.395252753737,0.0,1.8434924866223075,-0.0391780352699449,-5.684341886080802e-14,13.435330965799306
2025-01-15 00:00:00+00:00,7322.927142908911,0.0,1.8772102900151113,-0.021604431722683448,-5.684341886080802e-14,13.435330965799306
2025-01-16 00:00:00+00:00,7312.044524826614,0.0,1.8744205636874125,-0.02305842752179299,-5.684341886080802e-14,13.435330965799306
2025-01-17 00:00:00+00:00,7382.176952468087,0.0,1.8923988000214715,-0.01368823237197625,-5.684341886080802e-14,13.435330965799306
2025-01-21 00:00:00+00:00,7449.353607297084,0.0,1.9096193329085014,-0.004712949661423771,-5.684341886080802e-14,13.435330965799306
2025-01-22 00:00:00+00:00,7491.674899839351,0.0,1.92046826862733,0.0,-5.684341886080802e-14,13.435330965799306
2025-01-23 00:00:00+00:00,7533.190072523671,0.0,1.9311105579515144,0.0,-5.684341886080802e-14,13.435330965799306
2025-01-24 00:00:00+00:00,7510.48436319147,0.0,1.9252900178356982,-0.003014089530943509,-5.684341886080802e-14,13.435330965799306
2025-01-27 00:00:00+00:00,7506.693327002549,100.0,1.8986834987016328,-0.0167919227184381,-5.684341886080802e-14,13.618078346611304
2025-01-28 00:00:00+00:00,7569.608848963893,0.0,1.9145968520459744,-0.008551403666425705,-5.684341886080802e-14,13.618078346611304
2025-01-29 00:00:00+00:00,7536.380737798161,0.0,1.9061923970329453,-0.012903539269653153,-5.684341886080802e-14,13.618078346611304
2025-01-30 00:00:00+00:00,7575.736984219868,0.0,1.9161468539950985,-0.007748755706814214,-5.684341886080802e-14,13.618078346611304
2025-01-31 00:00:00+00:00,7535.291291530433,0.0,1.9059168411308791,-0.013046232240250588,-5.684341886080802e-14,13.618078346611304
2025-02-03 00:00:00+00:00,7485.857667132234,0.0,1.8934134920746106,-0.019520925781117415,-5.684341886080802e-14,13.618078346611304
2025-02-04 00:00:00+00:00,7535.563653097365,0.0,1.9059857301063958,-0.013010558997601174,-5.684341886080802e-14,13.618078346611304
2025-02-05 00:00:00+00:00,7566.476690944172,0.0,1.9138046288275332,-0.00896164595689386,-5.684341886080802e-14,13.618078346611304
2025-02-06 00:00:00+00:00,7593.7128476373955,0.0,1.9206935263791964,-0.005394321691953308,-5.684341886080802e-14,13.618078346611304
2025-02-07 00:00:00+00:00,7519.902862998762,0.0,1.9020246140141894,-0.015061770449941947,-5.684341886080802e-14,13.618078346611304
2025-02-10 00:00:00+00:00,7573.6942724678765,0.0,1.9156301866787242,-0.00801630502668449,-5.684341886080802e-14,13.618078346611304
2025-02-11 00:00:00+00:00,7580.503311641182,0.0,1.9173524110666398,-0.007124473960449462,-5.684341886080802e-14,13.618078346611304
2025-02-12 00:00:00+00:00,7555.446047483417,0.0,1.9110146253191094,-0.010406412284194921,-5.684341886080802e-14,13.618078346611304
2025-02-13 00:00:00+00:00,7635.247986594559,0.0,1.9311990951454823,0.0,-5.684341886080802e-14,13.618078346611304
2025-02-14 00:00:00+00:00,7635.520348161493,0.0,1.9312679841209994,0.0,-5.684341886080802e-14,13.618078346611304
2025-02-18 00:00:00+00:00,7657.581635083002,0.0,1.9368479911378462,0.0,-5.684341886080802e-14,13.618078346611304
2025-02-19 00:00:00+00:00,7676.102221634393,0.0,1.941532441472977,0.0,-5.684341886080802e-14,13.618078346611304
2025-02-20 00:00:00+00:00,7643.827375952924,0.0,1.9333690978742564,-0.004204587790728631,-5.684341886080802e-14,13.618078346611304
2025-02-21 00:00:00+00:00,7513.774727742787,0.0,1.9004746120650653,-0.02114712509092176,-5.684341886080802e-14,13.618078346611304
2025-02-24 00:00:00+00:00,7478.231543258131,0.0,1.8914846007601447,-0.025777493923749617,-5.684341886080802e-14,13.618078346611304
2025-02-25 00:00:00+00:00,7441.054189371882,0.0,1.8820812556021245,-0.030620753277626922,-5.684341886080802e-14,13.618078346611304
2025-02-26 00:00:00+00:00,7445.68433600973,0.0,1.883252368185907,-0.030017563467986563,-5.684341886080802e-14,13.618078346611304
2025-02-27 00:00:00+00:00,7424.089867191274,100.0,1.8524972272174427,-0.04585821609449203,-5.684341886080802e-14,13.800193072459939
2025-02-28 00:00:00+00:00,7539.459481277039,0.0,1.881284848868349,-0.031030948192099395,-5.684341886080802e-14,13.800193072459939
2025-03-03 00:00:00+00:00,7409.59966446519,0.0,1.8488815570340154,-0.04772049256548638,-5.684341886080802e-14,13.800193072459939
2025-03-04 00:00:00+00:00,7320.312415286375,0.0,1.8266021417132785,-0.059195662820089034,-5.684341886080802e-14,13.800193072459939
2025-03-05 00:00:00+00:00,7402.423564067511,0.0,1.8470909394193658,-0.04864276281778823,-5.684341886080802e-14,13.800193072459939
2025-03-06 00:00:00+00:00,7268.147685472475,0.0,1.8135857290529405,-0.06589985811566845,-5.684341886080802e-14,13.800193072459939
2025-03-07 00:00:00+00:00,7307.340233798262,0.0,1.823365256025258,-0.060862843660788646,-5.684341886080802e-14,13.800193072459939
2025-03-10 00:00:00+00:00,7114.1375307838225,0.0,1.775156320246229,-0.08569319660737884,-5.684341886080802e-14,13.800193072459939
2025-03-11 00:00:00+00:00,7055.762714087317,0.0,1.760590334650137,-0.09319551039052698,-5.684341886080802e-14,13.800193072459939
2025-03-12 00:00:00+00:00,7089.987192907018,0.0,1.7691302032738505,-0.08879699072570257,-5.684341886080802e-14,13.800193072459939
2025-03-13 00:00:00+00:00,6997.387897390812,0.0,1.7460243490540446,-0.10069782417367534,-5.684341886080802e-14,13.800193072459939
2025-03-14 00:00:00+00:00,7141.04790727512,0.0,1.7818711363011654,-0.08223468316124649,-5.684341886080802e-14,13.800193072459939
2025-03-17 00:00:00+00:00,7195.558669911336,0.0,1.795472943181677,-0.07522897643703008,-5.684341886080802e-14,13.800193072459939
2025-03-18 00:00:00+00:00,7119.657608012806,0.0,1.7765337184113439,-0.08498375795176205,-5.684341886080802e-14,13.800193072459939
2025-03-19 00:00:00+00:00,7194.45465446554,0.0,1.795197463548654,-0.07537086416815342,-5.684341886080802e-14,13.800193072459939
2025-03-20 00:00:00+00:00,7177.894422778588,0.0,1.7910652690533084,-0.07749918013500412,-5.684341886080802e-14,13.800193072459939
2025-03-21 00:00:00+00:00,7179.6884478780075,0.0,1.7915129234569709,-0.07726861257192863,-5.684341886080802e-14,13.800193072459939
2025-03-24 00:00:00+00:00,7305.684210629567,0.0,1.8229520365757235,-0.061075675257473705,-5.684341886080802e-14,13.800193072459939
2025-03-25 00:00:00+00:00,7323.072453900866,0.0,1.8272908407958357,-0.05884094349228075,-5.684341886080802e-14,13.800193072459939
2025-03-26 00:00:00+00:00,7237.6492587823395,0.0,1.8059756041906794,-0.06981950668795167,-5.684341886080802e-14,13.800193072459939
2025-03-27 00:00:00+00:00,7317.739267256937,100.0,1.8010075603288012,-0.0723783327759202,-5.684341886080802e-14,14.03990573330699
2025-03-28 00:00:00+00:00,7171.58384857321,0.0,1.7650364763069617,-0.09090549372026646,-5.684341886080802e-14,14.03990573330699
2025-03-31 00:00:00+00:00,7215.247955403795,0.0,1.7757828808514304,-0.08537048214131204,-5.684341886080802e-14,14.03990573330699
2025-04-01 00:00:00+00:00,7241.783377239744,0.0,1.782313654031188,-0.08200676127821749,-5.684341886080802e-14,14.03990573330699
2025-04-02 00:00:00+00:00,7285.44748407033,0.0,1.7930600585756569,-0.07647174969926285,-5.684341886080802e-14,14.03990573330699
2025-04-03 00:00:00+00:00,6937.959817170982,0.0,1.7075380288407367,-0.12052047528740573,-5.684341886080802e-14,14.03990573330699
2025-04-04 00:00:00+00:00,6535.856916969069,0.0,1.608574354836368,-0.17149241471546295,-5.684341886080802e-14,14.03990573330699
2025-04-07 00:00:00+00:00,6508.338701731788,0.0,1.6018017011684715,-0.17498071783274605,-5.684341886080802e-14,14.03990573330699
2025-04-08 00:00:00+00:00,6412.586544630634,0.0,1.5782356307526266,-0.18711858888370114,-5.684341886080802e-14,14.03990573330699
2025-04-09 00:00:00+00:00,7007.316951493519,0.0,1.7246078804322722,-0.11172852763466123,-5.684341886080802e-14,14.03990573330699
2025-04-10 00:00:00+00:00,6768.076957797967,0.0,1.6657272587481087,-0.14205540779716463,-5.684341886080802e-14,14.03990573330699
2025-04-11 00:00:00+00:00,6887.275757473743,0.0,1.6950639065238449,-0.12694536011056534,-5.684341886080802e-14,14.03990573330699
2025-04-14 00:00:00+00:00,6956.4924927389475,0.0,1.7120992037599323,-0.1181712099227048,-5.684341886080802e-14,14.03990573330699
2025-04-15 00:00:00+00:00,6936.97702376965,0.0,1.7072961483525972,-0.12064505754159449,-5.684341886080802e-14,14.03990573330699
2025-04-16 00:00:00+00:00,6784.503647505937,0.0,1.6697701183355778,-0.13997310440572508,-5.684341886080802e-14,14.03990573330699
2025-04-17 00:00:00+00:00,6793.910384347252,0.0,1.6720852601506242,-0.1387806742584905,-5.684341886080802e-14,14.03990573330699
2025-04-21 00:00:00+00:00,6632.030271242223,0.0,1.6322440883185583,-0.15930115126985567,-5.684341886080802e-14,14.03990573330699
2025-04-22 00:00:00+00:00,6799.385947583242,0.0,1.673432880013114,-0.13808657312801054,-5.684341886080802e-14,14.03990573330699
2025-04-23 00:00:00+00:00,6908.61641418837,0.0,1.70031616855201,-0.12424014544818218,-5.684341886080802e-14,14.03990573330699
2025-04-24 00:00:00+00:00,7053.789039470765,0.0,1.73604537208571,-0.1058375667580248,-5.684341886080802e-14,14.03990573330699
2025-04-25 00:00:00+00:00,7105.736690684001,0.0,1.7488304836016377,-0.09925250475090841,-5.684341886080802e-14,14.03990573330699
2025-04-28 00:00:00+00:00,7209.962172990642,100.0,1.7498704394271134,-0.09871686815619518,-5.684341886080802e-14,14.237119728665222
2025-04-29 00:00:00+00:00,7253.670130557644,0.0,1.7604784372333637,-0.09325314394553907,-5.684341886080802e-14,14.237119728665222
2025-04-30 00:00:00+00:00,7257.22941048981,0.0,1.7613422807029282,-0.09280821526388949,-5.684341886080802e-14,14.237119728665222
2025-05-01 00:00:00+00:00,7308.625412710292,0.0,1.7738161804034378,-0.08638344510087015,-5.684341886080802e-14,14.237119728665222
2025-05-02 00:00:00+00:00,7413.410613913268,0.0,1.7992477321474123,-0.0732847447131082,-5.684341886080802e-14,14.237119728665222
2025-05-05 00:00:00+00:00,7374.6856482512985,0.0,1.789849115198552,-0.07812556876945509,-5.684341886080802e-14,14.237119728665222
2025-05-06 00:00:00+00:00,7311.8999502478855,0.0,1.774610916395437,-0.0859741107137525,-5.684341886080802e-14,14.237119728665222
2025-05-07 00:00:00+00:00,7344.930068018388,0.0,1.782627383792994,-0.08184517254804513,-5.684341886080802e-14,14.237119728665222
2025-05-08 00:00:00+00:00,7393.905759884997,0.0,1.7945138699341994,-0.07572295388854777,-5.684341886080802e-14,14.237119728665222
2025-05-09 00:00:00+00:00,7384.082147272217,0.0,1.7921296619582017,-0.0769509570499004,-5.684341886080802e-14,14.237119728665222
2025-05-12 00:00:00+00:00,7629.957204986265,0.0,1.8518039688357069,-0.04621528372155148,-5.684341886080802e-14,14.237119728665222
2025-05-13 00:00:00+00:00,7680.071866431168,0.0,1.8639668848871733,-0.03995068788392597,-5.684341886080802e-14,14.237119728665222
2025-05-14 00:00:00+00:00,7689.610736649373,0.0,1.8662819853856056,-0.03875827901710538,-5.684341886080802e-14,14.237119728665222
2025-05-15 00:00:00+00:00,7727.339103930336,0.0,1.875438726162988,-0.034042034991620396,-5.684341886080802e-14,14.237119728665222
2025-05-16 00:00:00+00:00,7777.1690229806645,0.0,1.8875325347368888,-0.027813033448527036,-5.684341886080802e-14,14.237119728665222
2025-05-19 00:00:00+00:00,7785.141810028717,0.0,1.8894675441087132,-0.026816393201631983,-5.684341886080802e-14,14.237119728665222
2025-05-20 00:00:00+00:00,7757.5217977551065,0.0,1.8827641187848938,-0.030269039771232298,-5.684341886080802e-14,14.237119728665222
2025-05-21 00:00:00+00:00,7627.821637026966,0.0,1.8512856627539687,-0.046482240930540986,-5.684341886080802e-14,14.237119728665222
2025-05-22 00:00:00+00:00,7631.380916959132,0.0,1.8521495062235331,-0.046037312248891404,-5.684341886080802e-14,14.237119728665222
2025-05-23 00:00:00+00:00,7579.842543541364,0.0,1.8396410527842413,-0.052479879559176545,-5.684341886080802e-14,14.237119728665222
2025-05-27 00:00:00+00:00,7836.403818138168,100.0,1.8776387481677583,-0.032908898115936,-5.684341886080802e-14,14.4226521480807
2025-05-28 00:00:00+00:00,7791.693596479118,0.0,1.8669259714178041,-0.03842658946176114,-5.684341886080802e-14,14.4226521480807
2025-05-29 00:00:00+00:00,7821.692712947126,0.0,1.8741138990435795,-0.03472439655875614,-5.684341886080802e-14,14.4226521480807
2025-05-30 00:00:00+00:00,7813.6160277442,0.0,1.8721786877597166,-0.03572114080187305,-5.684341886080802e-14,14.4226521480807
2025-06-02 00:00:00+00:00,7859.0473820106545,0.0,1.8830642512314442,-0.03011445443434102,-5.684341886080802e-14,14.4226521480807
2025-06-03 00:00:00+00:00,7903.613377148224,0.0,1.8937424706370436,-0.024614562092857395,-5.684341886080802e-14,14.4226521480807
2025-06-04 00:00:00+00:00,7898.5654488963955,0.0,1.8925329635846295,-0.025237527244805325,-5.684341886080802e-14,14.4226521480807
2025-06-05 00:00:00+00:00,7861.64345939731,0.0,1.883686283429829,-0.029794072356196244,-5.684341886080802e-14,14.4226521480807
2025-06-06 00:00:00+00:00,7941.977631862118,0.0,1.9029347242353911,-0.019880026938052686,-5.684341886080802e-14,14.4226521480807
2025-06-09 00:00:00+00:00,7950.486996629486,0.0,1.904973607552318,-0.018829885681911684,-5.684341886080802e-14,14.4226521480807
2025-06-10 00:00:00+00:00,7995.7741243744595,0.0,1.915824613679691,-0.013240998318721053,-5.684341886080802e-14,14.4226521480807
2025-06-11 00:00:00+00:00,7973.707466587896,0.0,1.9105373399934233,-0.015964245982950875,-5.684341886080802e-14,14.4226521480807
2025-06-12 00:00:00+00:00,8003.850809577386,0.0,1.9177598249635541,-0.012244254075604033,-5.684341886080802e-14,14.4226521480807
2025-06-13 00:00:00+00:00,7914.718819302246,0.0,1.896403386152355,-0.023244038758571617,-5.684341886080802e-14,14.4226521480807
2025-06-16 00:00:00+00:00,7991.158875687074,0.0,1.9147187786603412,-0.01381056645764478,-5.684341886080802e-14,14.4226521480807
2025-06-17 00:00:00+00:00,7923.083957548133,0.0,1.8984077121249272,-0.022211696506772016,-5.684341886080802e-14,14.4226521480807
2025-06-18 00:00:00+00:00,7921.497465811844,0.0,1.8980275813370255,-0.022407485554527096,-5.684341886080802e-14,14.4226521480807
2025-06-20 00:00:00+00:00,7899.575034546762,0.0,1.8927748649951126,-0.025112934214415517,-5.684341886080802e-14,14.4226521480807
2025-06-23 00:00:00+00:00,7980.918792661937,0.0,1.912265207211158,-0.015074295765882262,-5.684341886080802e-14,14.4226521480807
2025-06-24 00:00:00+00:00,8068.6085177222685,0.0,1.9332760725788098,-0.004252501126328578,-5.684341886080802e-14,14.4226521480807
2025-06-25 00:00:00+00:00,8072.64686032373,0.0,1.9342436782207408,-0.0037541290047703457,-5.684341886080802e-14,14.4226521480807
2025-06-26 00:00:00+00:00,8136.539209339727,0.0,1.9495525817698687,0.0,-5.684341886080802e-14,14.4226521480807
2025-06-27 00:00:00+00:00,8277.198097948656,100.0,1.9592946403060634,0.0,-5.684341886080802e-14,14.599520412644248
2025-06-30 00:00:00+00:00,8318.441743114376,0.0,1.9690574189617907,0.0,-5.684341886080802e-14,14.644370443663849
2025-07-01 00:00:00+00:00,8314.634206799023,0.0,1.9681561374644576,-0.00045772230339946596,-5.684341886080802e-14,14.644370443663849
2025-07-02 00:00:00+00:00,8351.538020317055,0.0,1.9768916350539927,0.0,-5.684341886080802e-14,14.644370443663849
2025-07-03 00:00:00+00:00,8423.734766604319,0.0,1.9939813188303455,0.0,-5.684341886080802e-14,14.644370443663849
2025-07-07 00:00:00+00:00,8356.22421885903,0.0,1.9780009045891722,-0.008014324953930507,-5.684341886080802e-14,14.644370443663849
2025-07-08 00:00:00+00:00,8350.659358090437,0.0,1.9766836470161468,-0.008674941761412924,-5.684341886080802e-14,14.644370443663849
2025-07-09 00:00:00+00:00,8400.15733019002,0.0,1.988400306481476,-0.0027989291053857057,-5.684341886080802e-14,14.644370443663849
2025-07-10 00:00:00+00:00,8424.759872535375,0.0,1.9942239715411656,0.0,-5.684341886080802e-14,14.644370443663849
2025-07-11 00:00:00+00:00,8394.446025716992,0.0,1.9870483842354763,-0.00359818526308453,-5.684341886080802e-14,14.644370443663849
2025-07-14 00:00:00+00:00,8410.994164318332,0.0,1.9909654922815774,-0.0016339585252653777,-5.684341886080802e-14,14.644370443663849
2025-07-15 00:00:00+00:00,8374.52968191361,0.0,1.982333988710965,-0.005962210363468778,-5.684341886080802e-14,14.644370443663849
2025-07-16 00:00:00+00:00,8402.061098347696,0.0,1.9888509472301419,-0.002694293312937801,-5.684341886080802e-14,14.644370443663849
2025-07-17 00:00:00+00:00,8452.4377326739,0.0,2.000775594733317,0.0,-5.684341886080802e-14,14.644370443663849
2025-07-18 00:00:00+00:00,8448.630196358547,0.0,1.9998743132359837,-0.0004504660591150289,-5.684341886080802e-14,14.644370443663849
2025-07-21 00:00:00+00:00,8463.713897915522,0.0,2.003444774552342,0.0,-5.684341886080802e-14,14.644370443663849
2025-07-22 00:00:00+00:00,8463.713897915522,0.0,2.003444774552342,0.0,-5.684341886080802e-14,14.644370443663849
2025-07-23 00:00:00+00:00,8535.617756793912,0.0,2.0204651289827456,0.0,-5.684341886080802e-14,14.644370443663849
2025-07-24 00:00:00+00:00,8541.475504971377,0.0,2.021851715901719,0.0,-5.684341886080802e-14,14.644370443663849
2025-07-25 00:00:00+00:00,8575.450444400678,0.0,2.0298939200317676,0.0,-5.684341886080802e-14,14.644370443663849
2025-07-28 00:00:00+00:00,8673.247926601574,100.0,2.0293725622887373,-0.00025683989586122724,-5.684341886080802e-14,14.814921984492985
2025-07-29 00:00:00+00:00,8650.729245185143,0.0,2.024103625600641,-0.002852510849944423,-5.684341886080802e-14,14.814921984492985
2025-07-30 00:00:00+00:00,8640.210650576155,0.0,2.021642477542386,-0.004064962414022322,-5.684341886080802e-14,14.814921984492985
2025-07-31 00:00:00+00:00,8607.765971430113,0.0,2.014051049024668,-0.007804777801813212,-5.684341886080802e-14,14.814921984492985
2025-08-01 00:00:00+00:00,8465.987168038517,0.0,1.9808775463239592,-0.024147258742979738,-5.684341886080802e-14,14.814921984492985
2025-08-04 00:00:00+00:00,8594.72884008376,0.0,2.011000611994718,-0.009307534669966255,-5.684341886080802e-14,14.814921984492985
2025-08-05 00:00:00+00:00,8553.395207747026,0.0,2.00132934004749,-0.01407195701331565,-5.684341886080802e-14,14.814921984492985
2025-08-06 00:00:00+00:00,8616.9512230605,0.0,2.0162002205684972,-0.006746017281068606,-5.684341886080802e-14,14.814921984492985
2025-08-07 00:00:00+00:00,8611.766000365928,0.0,2.014986978567949,-0.007343704671811335,-5.684341886080802e-14,14.814921984492985
2025-08-08 00:00:00+00:00,8677.692403196921,0.0,2.030412484003493,0.0,-5.684341886080802e-14,14.814921984492985
2025-08-11 00:00:00+00:00,8659.914496815529,0.0,2.0262527971444695,-0.00204869054529333,-5.684341886080802e-14,14.814921984492985
2025-08-12 00:00:00+00:00,8752.359609998764,0.0,2.0478831688113894,0.0,-5.684341886080802e-14,14.814921984492985
2025-08-13 00:00:00+00:00,8782.878349286822,0.0,2.0550239645860464,0.0,-5.684341886080802e-14,14.814921984492985
2025-08-14 00:00:00+00:00,8783.026498506666,0.0,2.055058628643205,0.0,-5.684341886080802e-14,14.814921984492985
2025-08-15 00:00:00+00:00,8764.063398366516,0.0,2.0506216293269137,-0.002159062157375269,-5.684341886080802e-14,14.814921984492985
2025-08-18 00:00:00+00:00,8760.952264749772,0.0,2.0498936841265847,-0.0025132832925697235,-5.684341886080802e-14,14.814921984492985
2025-08-19 00:00:00+00:00,8713.100066739858,0.0,2.0386971936643805,-0.007961541705321817,-5.684341886080802e-14,14.814921984492985
2025-08-20 00:00:00+00:00,8690.136937663896,0.0,2.033324264804809,-0.010576031036518496,-5.684341886080802e-14,14.814921984492985
2025-08-21 00:00:00+00:00,8655.914467879717,0.0,2.0253168676011897,-0.014472463523656942,-5.684341886080802e-14,14.814921984492985
2025-08-22 00:00:00+00:00,8788.359870421084,0.0,2.0563065347009117,0.0,-5.684341886080802e-14,14.814921984492985
2025-08-25 00:00:00+00:00,8751.174416240006,0.0,2.0476058563541217,-0.0042312166012036245,-5.684341886080802e-14,14.814921984492985
2025-08-26 00:00:00+00:00,8786.13763212341,0.0,2.055786573843534,-0.00025286154987269605,-5.684341886080802e-14,14.814921984492985
2025-08-27 00:00:00+00:00,8906.556455039186,100.0,2.0605641841839946,0.0,-5.684341886080802e-14,14.98360831573498
2025-08-28 00:00:00+00:00,8938.02203250223,0.0,2.0678438598119784,0.0,-5.684341886080802e-14,14.98360831573498
2025-08-29 00:00:00+00:00,8886.478419896102,0.0,2.0559190578309,-0.00576678066116787,-5.684341886080802e-14,14.98360831573498
2025-09-02 00:00:00+00:00,8821.00005155634,0.0,2.040770399500285,-0.013092603768523947,-5.684341886080802e-14,14.98360831573498
2025-09-03 00:00:00+00:00,8866.100712586702,0.0,2.0512046012337293,-0.008046670690001756,-5.684341886080802e-14,14.98360831573498
2025-09-04 00:00:00+00:00,8939.070885084331,0.0,2.068086515666245,0.0,-5.684341886080802e-14,14.98360831573498
2025-09-05 00:00:00+00:00,8914.647603529684,0.0,2.0624361007740477,-0.0027321946395346686,-5.684341886080802e-14,14.98360831573498
2025-09-08 00:00:00+00:00,8937.722360335916,0.0,2.067774529567903,-0.00015085737273501376,-5.684341886080802e-14,14.98360831573498
2025-09-09 00:00:00+00:00,8959.448592393732,0.0,2.072800972263416,0.0,-5.684341886080802e-14,14.98360831573498
2025-09-10 00:00:00+00:00,8985.370234779952,0.0,2.078798038375993,0.0,-5.684341886080802e-14,14.98360831573498
2025-09-11 00:00:00+00:00,9058.640079443898,0.0,2.0957492830525855,0.0,-5.684341886080802e-14,14.98360831573498
2025-09-12 00:00:00+00:00,9056.692210362851,0.0,2.095298636466091,-0.00021502886348978567,-5.684341886080802e-14,14.98360831573498
2025-09-15 00:00:00+00:00,9103.890576557416,0.0,2.1062181499080674,0.0,-5.684341886080802e-14,14.98360831573498
2025-09-16 00:00:00+00:00,9091.903689904828,0.0,2.1034449401450255,-0.0013166773646704488,-5.684341886080802e-14,14.98360831573498
2025-09-17 00:00:00+00:00,9081.415164083814,0.0,2.101018381602364,-0.0024687700587567862,-5.684341886080802e-14,14.98360831573498
2025-09-18 00:00:00+00:00,9124.11844778366,0.0,2.1108979413832003,0.0,-5.684341886080802e-14,14.98360831573498
2025-09-19 00:00:00+00:00,9166.671895400346,0.0,2.1207428360419978,0.0,-5.684341886080802e-14,14.98360831573498
2025-09-22 00:00:00+00:00,9211.323048181235,0.0,2.1310730424093274,0.0,-5.684341886080802e-14,14.98360831573498
2025-09-23 00:00:00+00:00,9163.075829404568,0.0,2.119910873113085,-0.005237816383629412,-5.684341886080802e-14,14.98360831573498
2025-09-24 00:00:00+00:00,9132.50926844047,0.0,2.112839188217329,-0.008556184527295119,-5.684341886080802e-14,14.98360831573498
2025-09-25 00:00:00+00:00,9088.906968241681,0.0,2.102751637704265,-0.013289739085171393,-5.684341886080802e-14,14.98360831573498
2025-09-26 00:00:00+00:00,9142.398449928854,0.0,2.115127086271838,-0.007482594833756351,-5.684341886080802e-14,14.98360831573498
2025-09-29 00:00:00+00:00,9267.862442358732,100.0,2.121018273404846,-0.004718171927656445,-5.684341886080802e-14,15.189979909787638
2025-09-30 00:00:00+00:00,9302.039897155753,0.0,2.128840034529788,-0.001047832634124335,-5.684341886080802e-14,15.189979909787638
2025-10-01 00:00:00+00:00,9335.30595315819,0.0,2.136453215358065,0.0,-5.684341886080802e-14,15.189979909787638
2025-10-02 00:00:00+00:00,9345.635139496844,0.0,2.1388171253869364,0.0,-5.684341886080802e-14,15.189979909787638
2025-10-03 00:00:00+00:00,9346.394638492333,0.0,2.138990942300824,0.0,-5.684341886080802e-14,15.189979909787638
2025-10-06 00:00:00+00:00,9378.293596302887,0.0,2.1462912526841036,0.0,-5.684341886080802e-14,15.189979909787638
2025-10-07 00:00:00+00:00,9344.875640501356,0.0,2.1386433084730494,-0.003563330093942163,-5.684341886080802e-14,15.189979909787638
2025-10-08 00:00:00+00:00,9399.103868779297,0.0,2.1510538361246243,0.0,-5.684341886080802e-14,15.189979909787638
2025-10-09 00:00:00+00:00,9373.736602329953,0.0,2.1452483512007787,-0.0026989026617320055,-5.684341886080802e-14,15.189979909787638
2025-10-10 00:00:00+00:00,9121.734835626574,0.0,2.087575899172872,-0.02951015724744266,-5.684341886080802e-14,15.189979909787638
2025-10-13 00:00:00+00:00,9259.963652805642,0.0,2.1192105775004153,-0.014803561905069929,-5.684341886080802e-14,15.189979909787638
2025-10-14 00:00:00+00:00,9246.900270083224,0.0,2.1162209265815486,-0.016193415970393032,-5.684341886080802e-14,15.189979909787638
2025-10-15 00:00:00+00:00,9287.609416241456,0.0,2.1255375131659244,-0.011862242836595205,-5.684341886080802e-14,15.189979909787638
2025-10-16 00:00:00+00:00,9226.241897405913,0.0,2.111493106523806,-0.018391324724857494,-5.684341886080802e-14,15.189979909787638
2025-10-17 00:00:00+00:00,9277.432129701898,0.0,2.1232083665198305,-0.012945036120044606,-5.684341886080802e-14,15.189979909787638
2025-10-20 00:00:00+00:00,9374.799900923636,0.0,2.1454916948802207,-0.0025857750052524775,-5.684341886080802e-14,15.189979909787638
2025-10-21 00:00:00+00:00,9373.584702530854,0.0,2.145213587818001,-0.0027150637555148904,-5.684341886080802e-14,15.189979909787638
2025-10-22 00:00:00+00:00,9326.191965212316,0.0,2.1343674123914145,-0.007757325015757099,-5.684341886080802e-14,15.189979909787638
2025-10-23 00:00:00+00:00,9378.90119549928,0.0,2.146430306215214,-0.002149425473116029,-5.684341886080802e-14,15.189979909787638
2025-10-24 00:00:00+00:00,9456.521992838294,0.0,2.1641943948145266,0.0,-5.684341886080802e-14,15.189979909787638
2025-10-27 00:00:00+00:00,9669.997209897867,100.0,2.1901640302573115,0.0,-5.684341886080802e-14,15.349201920472805
2025-10-28 00:00:00+00:00,9695.937361143468,0.0,2.196039232179748,0.0,-5.684341886080802e-14,15.349201920472805
2025-10-29 00:00:00+00:00,9699.92815364279,0.0,2.1969431093985845,0.0,-5.684341886080802e-14,15.349201920472805
2025-10-30 00:00:00+00:00,9596.935008756416,0.0,2.173616124250923,-0.010617928633594564,-5.684341886080802e-14,15.349201920472805
2025-10-31 00:00:00+00:00,9624.563572213267,0.0,2.1798737357659435,-0.0077696020254770515,-5.684341886080802e-14,15.349201920472805
2025-11-03 00:00:00+00:00,9643.443090575449,0.0,2.184149770301208,-0.005823245509929853,-5.684341886080802e-14,15.349201920472805
2025-11-04 00:00:00+00:00,9531.700900594407,0.0,2.15884120817379,-0.017343144236094954,-5.684341886080802e-14,15.349201920472805
2025-11-05 00:00:00+00:00,9560.403908185692,0.0,2.1653421712477283,-0.0143840493709948,-5.684341886080802e-14,15.349201920472805
2025-11-06 00:00:00+00:00,9458.792191472161,0.0,2.142328066675818,-0.02485956167418335,-5.684341886080802e-14,15.349201920472805
2025-11-07 00:00:00+00:00,9468.769172720467,0.0,2.144587759722909,-0.023830999287918653,-5.684341886080802e-14,15.349201920472805
2025-11-10 00:00:00+00:00,9615.814527118599,0.0,2.1778921587861872,-0.008671572118047477,-5.684341886080802e-14,15.349201920472805
2025-11-11 00:00:00+00:00,9637.917377884078,0.0,2.182898247998204,-0.006392910831553245,-5.684341886080802e-14,15.349201920472805
2025-11-12 00:00:00+00:00,9642.675630479425,0.0,2.1839759477591243,-0.005902365693488565,-5.684341886080802e-14,15.349201920472805
2025-11-13 00:00:00+00:00,9485.653294832988,0.0,2.1484118556487553,-0.022090355249624438,-5.684341886080802e-14,15.349201920472805
2025-11-14 00:00:00+00:00,9483.197422525713,0.0,2.147855623514087,-0.02234353983701265,-5.684341886080802e-14,15.349201920472805
2025-11-17 00:00:00+00:00,9394.325543406174,0.0,2.1277269731407693,-0.031505657093124806,-5.684341886080802e-14,15.349201920472805
2025-11-18 00:00:00+00:00,9316.965565726992,0.0,2.110205660898711,-0.0394809715958544,-5.684341886080802e-14,15.349201920472805
2025-11-19 00:00:00+00:00,9350.733809952033,0.0,2.1178538527504034,-0.03599968351926597,-5.684341886080802e-14,15.349201920472805
2025-11-20 00:00:00+00:00,9208.907184206864,0.0,2.085731446973296,-0.050621093440937015,-5.684341886080802e-14,15.349201920472805
2025-11-21 00:00:00+00:00,9300.541919672085,0.0,2.106485858498115,-0.041174143524013385,-5.684341886080802e-14,15.349201920472805
2025-11-24 00:00:00+00:00,9438.838228975546,0.0,2.1378086805816365,-0.026916686446712856,-5.684341886080802e-14,15.349201920472805
2025-11-25 00:00:00+00:00,9526.635663960651,0.0,2.1576939793960364,-0.01786533744758312,-5.684341886080802e-14,15.349201920472805
2025-11-26 00:00:00+00:00,9592.48374019948,0.0,2.172607953506836,-0.011076825698235981,-5.684341886080802e-14,15.349201920472805
2025-11-28 00:00:00+00:00,9745.922788640088,100.0,2.184711398747337,-0.005567604640702717,-5.684341886080802e-14,15.508860121003943
2025-12-01 00:00:00+00:00,9701.102182890387,0.0,2.1746641112401686,-0.010140908093207224,-5.684341886080802e-14,15.508860121003943
2025-12-02 00:00:00+00:00,9717.541574618652,0.0,2.1783492755161546,-0.008463502674641354,-5.684341886080802e-14,15.508860121003943
2025-12-03 00:00:00+00:00,9751.505978283649,0.0,2.185962963973144,-0.004997919781567051,-5.684341886080802e-14,15.508860121003943
2025-12-04 00:00:00+00:00,9759.725674147781,0.0,2.1878055461111368,-0.0041592170722841715,-5.684341886080802e-14,15.508860121003943
2025-12-05 00:00:00+00:00,9778.026129090566,0.0,2.1919078987957246,-0.002291916700673413,-5.684341886080802e-14,15.508860121003943
2025-12-08 00:00:00+00:00,9749.02456066429,0.0,2.1854067127616745,-0.005251113052293865,-5.684341886080802e-14,15.508860121003943
2025-12-09 00:00:00+00:00,9741.115042002577,0.0,2.1836336620251156,-0.006058166602735726,-5.684341886080802e-14,15.508860121003943
2025-12-10 00:00:00+00:00,9804.081014093852,0.0,2.197748536516155,0.0,-5.684341886080802e-14,15.508860121003943
2025-12-11 00:00:00+00:00,9828.11974728141,0.0,2.2031372201272665,0.0,-5.684341886080802e-14,15.508860121003943
2025-12-12 00:00:00+00:00,9722.039144053742,0.0,2.1793574808369436,-0.010793580659923308,-5.684341886080802e-14,15.508860121003943
2025-12-15 00:00:00+00:00,9707.926081343629,0.0,2.1761938020717104,-0.012229568730176332,-5.684341886080802e-14,15.508860121003943
2025-12-16 00:00:00+00:00,9680.785576131871,0.0,2.1701098044462626,-0.014991084249893483,-5.684341886080802e-14,15.508860121003943
2025-12-17 00:00:00+00:00,9574.394795701784,0.0,2.1462605337545058,-0.025816225087185063,-5.684341886080802e-14,15.508860121003943
2025-12-18 00:00:00+00:00,9646.666083865663,0.0,2.162461350288556,-0.018462703760395383,-5.684341886080802e-14,15.508860121003943
2025-12-19 00:00:00+00:00,9732.740257537234,0.0,2.181756314186406,-0.009704754540720617,-5.684341886080802e-14,15.508860121003943
2025-12-22 00:00:00+00:00,9793.86067527411,0.0,2.1954574768389152,-0.003485821590317295,-5.684341886080802e-14,15.552475942505694
2025-12-23 00:00:00+00:00,9839.584954545076,0.0,2.2057073378617447,0.0,-5.684341886080802e-14,15.552475942505694
2025-12-24 00:00:00+00:00,9872.400678783764,0.0,2.213063530636633,0.0,-5.684341886080802e-14,15.552475942505694
2025-12-26 00:00:00+00:00,9873.333827340315,0.0,2.2132727114738335,0.0,-5.684341886080802e-14,15.552475942505694
2025-12-29 00:00:00+00:00,9938.493728338222,100.0,2.205462721278541,-0.0035287066771322317,-5.684341886080802e-14,15.71054968121755
2025-12-30 00:00:00+00:00,9924.668444618752,0.0,2.202394736462346,-0.004914882361805151,-5.684341886080802e-14,15.71054968121755
2025-12-31 00:00:00+00:00,9852.557021581963,0.0,2.1863924065687823,-0.012145048717087992,-5.684341886080802e-14,15.71054968121755
2026-01-02 00:00:00+00:00,9870.938364708985,0.0,2.1904714318357685,-0.010302065136329919,-5.684341886080802e-14,15.71054968121755
2026-01-05 00:00:00+00:00,9936.294251382853,0.0,2.204974632785056,-0.0037492346269664134,-5.684341886080802e-14,15.71054968121755
2026-01-06 00:00:00+00:00,9995.208812687419,0.0,2.218048431717706,0.0,-5.684341886080802e-14,15.71054968121755
2026-01-07 00:00:00+00:00,9963.159291337734,0.0,2.2109362850983443,-0.003206488423633691,-5.684341886080802e-14,15.71054968121755
2026-01-08 00:00:00+00:00,9961.4311308728,0.0,2.21055278699632,-0.0033793873092218263,-5.684341886080802e-14,15.71054968121755
2026-01-09 00:00:00+00:00,10028.200967017974,0.0,2.2253697591199906,0.0,-5.684341886080802e-14,15.71054968121755
2026-01-12 00:00:00+00:00,10044.38283318963,0.0,2.228960695893492,0.0,-5.684341886080802e-14,15.71054968121755
2026-01-13 00:00:00+00:00,10023.802013107234,0.0,2.2243935821330196,-0.0020489880188944154,-5.684341886080802e-14,15.71054968121755
2026-01-14 00:00:00+00:00,9975.256414592272,0.0,2.213620771812516,-0.006882097162698941,-5.684341886080802e-14,15.71054968121755
2026-01-15 00:00:00+00:00,10001.650138056717,0.0,2.2194778337343433,-0.004254387336941168,-5.684341886080802e-14,15.71054968121755
2026-01-16 00:00:00+00:00,9993.323546725673,0.0,2.2176300701518623,-0.005083367222447954,-5.684341886080802e-14,15.71054968121755
2026-01-20 00:00:00+00:00,9790.029033850717,0.0,2.1725167479682637,-0.025322989332749235,-5.684341886080802e-14,15.71054968121755
2026-01-21 00:00:00+00:00,9902.202358574608,0.0,2.197409261136029,-0.014155222573278836,-5.684341886080802e-14,15.71054968121755
2026-01-22 00:00:00+00:00,9953.732961529004,0.0,2.2088444772691207,-0.009024931961084892,-5.684341886080802e-14,15.71054968121755
2026-01-23 00:00:00+00:00,9957.81770444612,0.0,2.209750927328451,-0.008618262583289127,-5.684341886080802e-14,15.71054968121755
2026-01-26 00:00:00+00:00,10009.03409640689,0.0,2.2211164165339015,-0.0035192542309258057,-5.684341886080802e-14,15.71054968121755
2026-01-27 00:00:00+00:00,10150.189050836949,100.0,2.2302491604156636,0.0,-5.684341886080802e-14,15.867108098854068
2026-01-28 00:00:00+00:00,10148.602340027062,0.0,2.229900520559416,-0.00015632327653591904,-5.684341886080802e-14,15.867108098854068
2026-01-29 00:00:00+00:00,10127.499086255586,0.0,2.225263610471323,-0.0022354228544633203,-5.684341886080802e-14,15.867108098854068
2026-01-30 00:00:00+00:00,10094.971514652936,0.0,2.218116493418248,-0.005440050023448717,-5.684341886080802e-14,15.867108098854068
2026-02-02 00:00:00+00:00,10149.87170867497,0.0,2.2301794324444133,-3.1264655307561284e-05,-5.684341886080802e-14,15.867108098854068
2026-02-03 00:00:00+00:00,10062.126600888307,0.0,2.2108996483939234,-0.008675941847741342,-5.684341886080802e-14,15.867108098854068
2026-02-04 00:00:00+00:00,10010.71717064802,0.0,2.1996037170515024,-0.013740816007503653,-5.684341886080802e-14,15.867108098854068
2026-02-05 00:00:00+00:00,9886.79505639597,0.0,2.172374944278568,-0.025949663904955567,-5.684341886080802e-14,15.867108098854068
2026-02-06 00:00:00+00:00,10079.421748716059,0.0,2.2146998228270225,-0.006972018133500013,-5.684341886080802e-14,15.867108098854068
2026-02-09 00:00:00+00:00,10126.864401931633,0.0,2.2251241545288245,-0.0022979521650773327,-5.684341886080802e-14,15.867108098854068
2026-02-10 00:00:00+00:00,10098.462278434685,0.0,2.218883501101993,-0.00509613881506954,-5.684341886080802e-14,15.867108098854068
2026-02-11 00:00:00+00:00,10097.034238705786,0.0,2.21856972523137,-0.0052368297639519,-5.684341886080802e-14,15.867108098854068
2026-02-12 00:00:00+00:00,9940.584552851085,0.0,2.1841938354053605,-0.02065030483038921,-5.684341886080802e-14,15.867108098854068
2026-02-13 00:00:00+00:00,9946.931396090626,0.0,2.1855883948303503,-0.020025011724245978,-5.684341886080802e-14,15.867108098854068
2026-02-17 00:00:00+00:00,9964.385214999367,0.0,2.189423433249074,-0.01830545568235098,-5.684341886080802e-14,15.867108098854068
2026-02-18 00:00:00+00:00,10014.525276591745,0.0,2.2004404527064967,-0.01336564014381747,-5.684341886080802e-14,15.867108098854068
2026-02-19 00:00:00+00:00,9988.8205614716,0.0,2.194792487035286,-0.015898077223698737,-5.684341886080802e-14,15.867108098854068
2026-02-20 00:00:00+00:00,10060.063876835457,0.0,2.210446416580802,-0.008879162107237715,-5.684341886080802e-14,15.867108098854068
2026-02-23 00:00:00+00:00,9958.673056083779,0.0,2.1881683297665826,-0.01886821947788031,-5.684341886080802e-14,15.867108098854068
2026-02-24 00:00:00+00:00,10031.344411176531,0.0,2.204136035182721,-0.011708613412537261,-5.684341886080802e-14,15.867108098854068
2026-02-25 00:00:00+00:00,10115.757426262433,0.0,2.222683675535091,-0.003392215100828766,-5.684341886080802e-14,15.867108098854068
2026-02-26 00:00:00+00:00,10058.953179268537,0.0,2.2102023686814287,-0.008988588400812847,-5.684341886080802e-14,15.867108098854068
2026-02-27 00:00:00+00:00,10113.175386500367,100.0,2.2001438482562867,-0.013498631764428448,-5.684341886080802e-14,16.026203388850735
2026-03-02 00:00:00+00:00,10117.021675313692,0.0,2.2009806169612527,-0.013123441081782983,-5.684341886080802e-14,16.026203388850735
2026-03-03 00:00:00+00:00,10027.915984471683,0.0,2.181595475296216,-0.021815358563067377,-5.684341886080802e-14,16.026203388850735
2026-03-04 00:00:00+00:00,10099.392851585955,0.0,2.197145427063493,-0.014843065043907866,-5.684341886080802e-14,16.026203388850735
2026-03-05 00:00:00+00:00,10045.38454616553,0.0,2.1853957998312676,-0.020111367546053138,-5.684341886080802e-14,16.026203388850735
2026-03-06 00:00:00+00:00,9911.08496176696,0.0,2.1561786258828843,-0.03321177554842092,-5.684341886080802e-14,16.026203388850735
2026-03-09 00:00:00+00:00,9997.145673965088,0.0,2.17490132565649,-0.024816884024230768,-5.684341886080802e-14,16.026203388850735
2026-03-10 00:00:00+00:00,9979.83737430513,0.0,2.171135866484145,-0.026505242096134807,-5.684341886080802e-14,16.026203388850735
2026-03-11 00:00:00+00:00,9968.779293966823,0.0,2.168730156457369,-0.02758391530874027,-5.684341886080802e-14,16.026203388850735
2026-03-12 00:00:00+00:00,9816.049575671075,0.0,2.135503465797692,-0.04248211199878371,-5.684341886080802e-14,16.026203388850735
2026-03-13 00:00:00+00:00,9761.400222115095,0.0,2.1236143771146385,-0.04781294628137012,-5.684341886080802e-14,16.026203388850735
2026-03-16 00:00:00+00:00,9859.160062787085,0.0,2.1448822483658483,-0.03827684976413348,-5.684341886080802e-14,16.026203388850735
2026-03-17 00:00:00+00:00,9886.40460854813,0.0,2.1508093600260207,-0.03561924909539582,-5.684341886080802e-14,16.026203388850735
2026-03-18 00:00:00+00:00,9750.02161770901,0.0,2.1211389363624478,-0.048922885384196424,-5.684341886080802e-14,16.026203388850735
2026-03-19 00:00:00+00:00,9723.898906185184,0.0,2.115455882241223,-0.051471055437162794,-5.684341886080802e-14,16.026203388850735
2026-03-20 00:00:00+00:00,9582.708054329409,0.0,2.084739497696443,-0.06524368007927017,-5.684341886080802e-14,16.026203388850735
2026-03-23 00:00:00+00:00,9686.71811432305,0.0,2.107367118093222,-0.05509789870273485,-5.684341886080802e-14,16.026203388850735
2026-03-24 00:00:00+00:00,9653.864397375906,0.0,2.100219718738307,-0.05830265245033073,-5.684341886080802e-14,16.026203388850735
2026-03-25 00:00:00+00:00,9706.430344491337,0.0,2.111655557706171,-0.053175046454177255,-5.684341886080802e-14,16.026203388850735
2026-03-26 00:00:00+00:00,9534.308920095078,0.0,2.0742101581589587,-0.06996482950255789,-5.684341886080802e-14,16.026203388850735
2026-03-27 00:00:00+00:00,9471.280290213408,100.0,2.0387429163268234,-0.08586764541283276,-5.684341886080802e-14,16.246878499748536
2026-03-30 00:00:00+00:00,9438.299126858916,0.0,2.0316435473818806,-0.08905086326622258,-5.684341886080802e-14,16.246878499748536
2026-03-31 00:00:00+00:00,9708.322247524737,0.0,2.0897674448522934,-0.06298924714635379,-5.684341886080802e-14,16.246878499748536
2026-04-01 00:00:00+00:00,9785.494920398543,0.0,2.106379268738242,-0.055540830986944734,-5.684341886080802e-14,16.246878499748536
2026-04-02 00:00:00+00:00,9796.705266563371,0.0,2.108792354734306,-0.05445885053431465,-5.684341886080802e-14,16.246878499748536
2026-04-06 00:00:00+00:00,9840.246900942695,0.0,2.118164920632062,-0.05025637573279573,-5.684341886080802e-14,16.246878499748536
2026-04-07 00:00:00+00:00,9846.258245987603,0.0,2.119458894282125,-0.04967618331616808,-5.684341886080802e-14,16.246878499748536
2026-04-08 00:00:00+00:00,10094.835487033755,0.0,2.1729664533252846,-0.025684442844808864,-5.684341886080802e-14,16.246878499748536
2026-04-09 00:00:00+00:00,10154.62399991283,0.0,2.185836245304293,-0.01991388043078246,-5.684341886080802e-14,16.246878499748536
2026-04-10 00:00:00+00:00,10147.800310942936,0.0,2.184367410350167,-0.020572477228035457,-5.684341886080802e-14,16.246878499748536
2026-04-13 00:00:00+00:00,10247.231207361398,0.0,2.2057704339674316,-0.010975781039491483,-5.684341886080802e-14,16.246878499748536
2026-04-14 00:00:00+00:00,10371.194890314478,0.0,2.2324542689673863,0.0,-5.684341886080802e-14,16.246878499748536
2026-04-15 00:00:00+00:00,10454.053970663197,0.0,2.2502901219817733,0.0,-5.684341886080802e-14,16.246878499748536
2026-04-16 00:00:00+00:00,10476.962069347841,0.0,2.2552212107563387,0.0,-5.684341886080802e-14,16.246878499748536
2026-04-17 00:00:00+00:00,10605.63734706585,0.0,2.2829192413198567,0.0,-5.684341886080802e-14,16.246878499748536
2026-04-20 00:00:00+00:00,10585.491217726161,0.0,2.278582680979104,-0.0018995680014706195,-5.684341886080802e-14,16.246878499748536
2026-04-21 00:00:00+00:00,10515.79210896224,0.0,2.2635795810905317,-0.008471460522687546,-5.684341886080802e-14,16.246878499748536
2026-04-22 00:00:00+00:00,10623.833850985568,0.0,2.2868361345308594,0.0,-5.684341886080802e-14,16.246878499748536
2026-04-23 00:00:00+00:00,10580.942091746232,0.0,2.2776034576763537,-0.004037314574093731,-5.684341886080802e-14,16.246878499748536
2026-04-24 00:00:00+00:00,10664.775984804934,0.0,2.295649144255615,0.0,-5.684341886080802e-14,16.246878499748536
2026-04-27 00:00:00+00:00,10782.551602907472,100.0,2.299475439579947,0.0,-5.684341886080802e-14,16.399318027235697
2026-04-28 00:00:00+00:00,10729.417812499227,0.0,2.2881441841818644,-0.004927756653992477,-5.684341886080802e-14,16.399318027235697
2026-04-29 00:00:00+00:00,10729.089826138683,0.0,2.2880742381608887,-0.004958174904942991,-5.684341886080802e-14,16.399318027235697
2026-04-30 00:00:00+00:00,10833.061502431357,0.0,2.3102471268102223,0.0,-5.684341886080802e-14,16.399318027235697
2026-05-01 00:00:00+00:00,10864.876179404195,0.0,2.3170318908448766,0.0,-5.684341886080802e-14,16.399318027235697
2026-05-04 00:00:00+00:00,10825.517816138828,0.0,2.3086383683277787,-0.003622532149972879,-5.684341886080802e-14,16.399318027235697
2026-05-05 00:00:00+00:00,10910.466283519909,0.0,2.3267543877605146,0.0,-5.684341886080802e-14,16.399318027235697
2026-05-06 00:00:00+00:00,11063.963900254836,0.0,2.3594891255771966,0.0,-5.684341886080802e-14,16.399318027235697
2026-05-07 00:00:00+00:00,11029.197346037095,0.0,2.35207484735376,-0.0031423235407465056,-5.684341886080802e-14,16.399318027235697
2026-05-08 00:00:00+00:00,11119.393595186892,0.0,2.371310003122109,0.0,-5.684341886080802e-14,16.399318027235697
2026-05-11 00:00:00+00:00,11143.6645858672,0.0,2.3764860086743194,0.0,-5.684341886080802e-14,16.399318027235697
2026-05-12 00:00:00+00:00,11129.72516554405,0.0,2.3735133027828472,-0.0012508829762184481,-5.684341886080802e-14,16.399318027235697
2026-05-13 00:00:00+00:00,11191.058614965912,0.0,2.386593208705325,0.0,-5.684341886080802e-14,16.399318027235697
2026-05-14 00:00:00+00:00,11278.302986870807,0.0,2.4051988502848927,0.0,-5.684341886080802e-14,16.399318027235697
2026-05-15 00:00:00+00:00,11142.352640425022,0.0,2.3762062245904167,-0.012054149157372906,-5.684341886080802e-14,16.399318027235697
2026-05-18 00:00:00+00:00,11133.661001870587,0.0,2.3743526550345573,-0.012824800430401684,-5.684341886080802e-14,16.399318027235697
2026-05-19 00:00:00+00:00,11062.815947992929,0.0,2.359244314503781,-0.019106335335088098,-5.684341886080802e-14,16.399318027235697
2026-05-20 00:00:00+00:00,11177.283187823035,0.0,2.3836554758243413,-0.008957003475201009,-5.684341886080802e-14,16.399318027235697
2026-05-21 00:00:00+00:00,11198.110321717624,0.0,2.3880970481563057,-0.007110348537943678,-5.684341886080802e-14,16.399318027235697
2026-05-22 00:00:00+00:00,11242.552473571432,0.0,2.3975747339985283,-0.003169848632457728,-5.684341886080802e-14,16.399318027235697
2026-05-26 00:00:00+00:00,11315.693431972903,0.0,2.413172696676135,0.0,-5.684341886080802e-14,16.399318027235697
2026-05-27 00:00:00+00:00,11414.765579230445,100.0,2.4129748237911812,-8.199698481015094e-05,-5.684341886080802e-14,16.5440975987455
2026-05-28 00:00:00+00:00,11480.114764745489,0.0,2.426789031214764,0.0,-5.684341886080802e-14,16.5440975987455
2026-05-29 00:00:00+00:00,11506.254438951506,0.0,2.432314714184197,0.0,-5.684341886080802e-14,16.5440975987455
2026-06-01 00:00:00+00:00,11536.199255605236,0.0,2.43864476872513,0.0,-5.684341886080802e-14,16.5440975987455
2026-06-02 00:00:00+00:00,11552.08158930003,0.0,2.4420021457192154,0.0,-5.684341886080802e-14,16.5440975987455
2026-06-03 00:00:00+00:00,11471.015511066178,0.0,2.4248655339785685,-0.007017443359207065,-5.684341886080802e-14,16.5440975987455
2026-06-04 00:00:00+00:00,11515.68457458279,0.0,2.434308156774435,-0.003150688855154349,-5.684341886080802e-14,16.5440975987455
2026-06-05 00:00:00+00:00,11216.898171949448,0.0,2.3711475020731934,-0.029014980093374998,-5.684341886080802e-14,16.5440975987455
2026-06-08 00:00:00+00:00,11244.692255915339,0.0,2.377022911812843,-0.026608999513075604,-5.684341886080802e-14,16.5440975987455
2026-06-09 00:00:00+00:00,11211.934942669825,0.0,2.3700983217625415,-0.02944461948271415,-5.684341886080802e-14,16.5440975987455
2026-06-10 00:00:00+00:00,11035.740303243185,0.0,2.3328524207344006,-0.044696817804256384,-5.684341886080802e-14,16.5440975987455
2026-06-11 00:00:00+00:00,11220.70331439716,0.0,2.371951873644693,-0.02868558989488157,-5.684341886080802e-14,16.5440975987455
2026-06-12 00:00:00+00:00,11282.247357464494,0.0,2.384961709496776,-0.02335806146707531,-5.684341886080802e-14,16.5440975987455
2026-06-15 00:00:00+00:00,11478.79123693759,0.0,2.4265092497985896,-0.006344341649242358,-5.684341886080802e-14,16.5440975987455
2026-06-16 00:00:00+00:00,11411.291318734708,0.0,2.4122403975737243,-0.012187437344255758,-5.684341886080802e-14,16.5440975987455
2026-06-17 00:00:00+00:00,11273.31354476117,0.0,2.3830731849376026,-0.024131412367885963,-5.684341886080802e-14,16.5440975987455
2026-06-18 00:00:00+00:00,11384.158998672765,0.0,2.406504878542161,-0.01453613267264331,-5.684341886080802e-14,16.5440975987455
2026-06-22 00:00:00+00:00,11350.905362499287,0.0,2.399475370460794,-0.017414716581216072,-5.684341886080802e-14,16.5440975987455
2026-06-23 00:00:00+00:00,11189.434969935532,0.0,2.365342037687587,-0.03139231804771847,-5.684341886080802e-14,16.5440975987455
2026-06-24 00:00:00+00:00,11178.681306496346,0.0,2.3630688136811746,-0.03232320339128669,-5.684341886080802e-14,16.5440975987455
2026-06-25 00:00:00+00:00,11179.012188448321,0.0,2.363138759035218,-0.03229456076533077,-5.684341886080802e-14,16.5440975987455
2026-06-26 00:00:00+00:00,11121.306376023897,0.0,2.350940289290039,-0.037289834732048055,-5.684341886080802e-14,16.59252584970593
2026-06-29 00:00:00+00:00,11400.216591849317,100.0,2.388760237804031,-0.021802563936529018,-5.684341886080802e-14,16.74016033809976
2026-06-30 00:00:00+00:00,11497.309521810295,0.0,2.4091047399101138,-0.01347148931329567,-5.684341886080802e-14,16.74016033809976
2026-07-01 00:00:00+00:00,11474.710305353861,0.0,2.4043693816612843,-0.01541061875146199,-5.684341886080802e-14,16.74016033809976
2026-07-02 00:00:00+00:00,11464.33140594424,0.0,2.4021946245395998,-0.016301181900842066,-5.684341886080802e-14,16.74016033809976
2026-07-06 00:00:00+00:00,11561.089532698456,0.0,2.4224689731901443,-0.007998835121137082,-5.684341886080802e-14,16.74016033809976
2026-07-07 00:00:00+00:00,11501.829365101583,0.0,2.41005181155988,-0.013083663425662362,-5.684341886080802e-14,16.74016033809976
2026-07-08 00:00:00+00:00,11471.36227328624,0.0,2.4036678471059023,-0.015697897186745857,-5.684341886080802e-14,16.74016033809976
2026-07-09 00:00:00+00:00,11562.261343922124,0.0,2.4227145102845284,-0.00789828766878764,-5.684341886080802e-14,16.74016033809976
2026-07-10 00:00:00+00:00,11615.327652193899,0.0,2.4338338329873355,-0.0033449244695377134,-5.684341886080802e-14,16.74016033809976
2026-07-13 00:00:00+00:00,11525.600392781684,0.0,2.4150327069030935,-0.011043986535146488,-5.684341886080802e-14,16.74016033809976
2026-07-14 00:00:00+00:00,11569.124809660743,0.0,2.4241526561230615,-0.007309366876455781,-5.684341886080802e-14,16.74016033809976
2026-07-15 00:00:00+00:00,11614.323242573611,0.0,2.4336233726207204,-0.0034311080001231398,-5.684341886080802e-14,16.74016033809976
2026-07-16 00:00:00+00:00,11553.054255736168,0.0,2.420785290257227,-0.008688303365818495,-5.684341886080802e-14,16.74016033809976
2026-07-17 00:00:00+00:00,11436.375338179612,0.0,2.396336811002159,-0.01869995683546255,-5.684341886080802e-14,16.74016033809976
2026-07-20 00:00:00+00:00,11420.304784255037,0.0,2.3929694451363246,-0.020078893324825375,-5.684341886080802e-14,16.74016033809976
2026-07-21 00:00:00+00:00,11515.054091768681,0.0,2.4128228730536394,-0.011948913606290912,-5.684341886080802e-14,16.74016033809976
2026-07-22 00:00:00+00:00,11500.992357084677,0.0,2.4098764279210343,-0.013155483034483328,-5.684341886080802e-14,16.74016033809976
2026-07-23 00:00:00+00:00,11360.040207037879,0.0,2.3803418231394455,-0.025249905159935748,-5.684341886080802e-14,16.74016033809976
2026-07-24 00:00:00+00:00,11368.91249201707,0.0,2.382200889711208,-0.02448861730643359,-5.684341886080802e-14,16.74016033809976
2026-07-27 00:00:00+00:00,11470.922979886303,100.0,2.3826221600828643,-0.02431610706830989,-7.105427357601002e-14,16.886138846603618
2026-07-28 00:00:00+00:00,11498.7851089832,0.0,2.388409395018515,-0.021946234074629034,-7.105427357601002e-14,16.886138846603618
2026-07-29 00:00:00+00:00,11324.351294697784,0.0,2.3521777969062305,-0.036783075301733525,-7.105427357601002e-14,16.886138846603618
2026-07-30 00:00:00+00:00,11512.80060422588,0.0,2.3913205495619025,-0.020754116144474644,-7.105427357601002e-14,16.886138846603618
2026-07-31 00:00:00+00:00,11594.867239020374,0.0,2.408366587008728,-0.013773762963087521,-7.105427357601002e-14,16.886138846603618
2026-08-03 00:00:00+00:00,11759.50709277476,0.0,2.4425638843557533,0.0,-7.105427357601002e-14,16.886138846603618
2026-08-04 00:00:00+00:00,11971.934719465033,0.0,2.486687166471197,0.0,-7.105427357601002e-14,16.886138846603618
2026-08-05 00:00:00+00:00,11948.631847856721,0.0,2.481846933615926,-0.0019464582921944196,-7.105427357601002e-14,16.886138846603618
2026-08-06 00:00:00+00:00,11928.368481240796,0.0,2.477638035480907,-0.0036390307201897842,-7.105427357601002e-14,16.886138846603618
2026-08-07 00:00:00+00:00,12001.147739669657,0.0,2.4927549946158485,0.0,-7.105427357601002e-14,16.886138846603618
2026-08-10 00:00:00+00:00,12000.13457133886,0.0,2.4925445497090974,-8.442261963392816e-05,-7.105427357601002e-14,16.886138846603618
2026-08-11 00:00:00+00:00,11962.478481710934,0.0,2.484723014008188,-0.0032221299826933336,-7.105427357601002e-14,16.886138846603618
2026-08-12 00:00:00+00:00,11992.029224692491,0.0,2.4908609904550905,-0.0007598035767049094,-7.105427357601002e-14,16.886138846603618
2026-08-13 00:00:00+00:00,12072.744968379258,0.0,2.5076264346929147,0.0,-7.105427357601002e-14,16.886138846603618
2026-08-14 00:00:00+00:00,12050.117542324808,0.0,2.5029264984421435,-0.0018742569410450383,-7.105427357601002e-14,16.886138846603618
2026-08-17 00:00:00+00:00,11993.717838577151,0.0,2.491211731966342,-0.006545912301559653,-7.105427357601002e-14,16.886138846603618
2026-08-18 00:00:00+00:00,11911.482342394193,0.0,2.474130620368392,-0.013357577452968838,-7.105427357601002e-14,16.886138846603618
2026-08-19 00:00:00+00:00,11936.980412052562,0.0,2.47942681718829,-0.01124554164626912,-7.105427357601002e-14,16.886138846603618
2026-08-20 00:00:00+00:00,11837.352192857603,0.0,2.4587330680244492,-0.01949786698370526,-7.105427357601002e-14,16.886138846603618
2026-08-21 00:00:00+00:00,11882.944767743433,0.0,2.468203088828241,-0.015721379117420775,-7.105427357601002e-14,16.886138846603618
2026-08-24 00:00:00+00:00,11851.198826711818,0.0,2.461609148416712,-0.018350933631722577,-7.105427357601002e-14,16.886138846603618
2026-08-25 00:00:00+00:00,11888.179470785879,0.0,2.4692903875131207,-0.015287782362403024,-7.105427357601002e-14,16.886138846603618
2026-08-26 00:00:00+00:00,11891.218975778269,0.0,2.469921722233374,-0.015036016504650584,-7.105427357601002e-14,16.886138846603618
2026-08-27 00:00:00+00:00,12068.334858619508,100.0,2.4859394403955535,-0.008648415089792638,-8.526512829121202e-14,17.027632957487842
2026-08-28 00:00:00+00:00,12042.623132853701,0.0,2.480643117919367,-0.010760501006144563,-8.526512829121202e-14,17.027632957487842
2026-08-31 00:00:00+00:00,12002.608195403605,0.0,2.4724004968471562,-0.014047522134241763,-8.526512829121202e-14,17.027632957487842
2026-09-01 00:00:00+00:00,11924.110807469586,0.0,2.456230929552308,-0.02049567847489231,-8.526512829121202e-14,17.027632957487842
2026-09-02 00:00:00+00:00,11977.407298626522,0.0,2.4672093993208275,-0.016117646078745662,-8.526512829121202e-14,17.027632957487842
2026-09-03 00:00:00+00:00,12101.87929554576,0.0,2.492849212102897,-0.005892912271770356,-8.526512829121202e-14,17.027632957487842
2026-09-04 00:00:00+00:00,12055.734410230967,0.0,2.4833438916323898,-0.00968347706204431,-8.526512829121202e-14,17.027632957487842
2026-09-08 00:00:00+00:00,11988.645536378466,0.0,2.4695243482177043,-0.015194482698088319,-8.526512829121202e-14,17.027632957487842
2026-09-09 00:00:00+00:00,11934.157110914504,0.0,2.4583003535661825,-0.019670426361880655,-8.526512829121202e-14,17.027632957487842
2026-09-10 00:00:00+00:00,11862.300499833906,0.0,2.4434987106194885,-0.025573077068506533,-8.526512829121202e-14,17.027632957487842
2026-09-11 00:00:00+00:00,11962.933810612658,0.0,2.464228025741517,-0.017306568614440576,-8.526512829121202e-14,17.027632957487842
2026-09-14 00:00:00+00:00,11907.423727171248,0.0,2.4527935811902797,-0.02186643622192863,-8.526512829121202e-14,17.027632957487842
2026-09-15 00:00:00+00:00,11854.638065003037,0.0,2.4419203363716186,-0.02620250664622714,-8.526512829121202e-14,17.027632957487842
2026-09-16 00:00:00+00:00,11804.236271448872,0.0,2.431538141318961,-0.03034275453523494,-8.526512829121202e-14,17.027632957487842
2026-09-17 00:00:00+00:00,11936.881532187701,0.0,2.458861553298758,-0.01944662917869122,-8.526512829121202e-14,17.027632957487842
2026-09-18 00:00:00+00:00,11949.652256905818,0.0,2.461492177045209,-0.01839757988248969,-8.526512829121202e-14,17.027632957487842
2026-09-21 00:00:00+00:00,12136.956219438183,0.0,2.5000746586598135,-0.0030115235382043304,-8.526512829121202e-14,17.027632957487842
2026-09-22 00:00:00+00:00,12136.956219438183,0.0,2.5000746586598135,-0.0030115235382043304,-8.526512829121202e-14,17.027632957487842
2026-09-23 00:00:00+00:00,12048.753080718398,0.0,2.4819058173176636,-0.010256957343967699,-8.526512829121202e-14,17.027632957487842
2026-09-24 00:00:00+00:00,12038.36622461433,0.0,2.479766243337217,-0.011110184104878185,-8.526512829121202e-14,17.027632957487842
2026-09-25 00:00:00+00:00,12103.071229852783,0.0,2.4930947369858987,-0.005795001004125111,-8.526512829121202e-14,17.027632957487842
