date,equity,deposit,twr,drawdown,cash,VOO_units,BTC_units,ETH_units
2021-09-27 00:00:00+00:00,98.55017408779132,100.0,1.0,0.0,-1.4210854715202004e-14,0.14683381851693167,0.00046268810341162296,0.0065275204495511205
2021-09-28 00:00:00+00:00,96.04568350765653,0.0,0.9745866447896508,-0.025413355210349153,-1.4210854715202004e-14,0.14683381851693167,0.00046268810341162296,0.0065275204495511205
2021-09-29 00:00:00+00:00,96.66545680354983,0.0,0.9808755560130971,-0.01912444398690294,-1.4210854715202004e-14,0.14731461417762398,0.00046268810341162296,0.0065275204495511205
2021-09-30 00:00:00+00:00,97.96431668050379,0.0,0.9940552372158606,-0.005944762784139357,-1.4210854715202004e-14,0.14731461417762398,0.00046268810341162296,0.0065275204495511205
2021-10-01 00:00:00+00:00,102.67626424782904,0.0,1.0418679134586009,0.0,-1.4210854715202004e-14,0.14731461417762398,0.00046268810341162296,0.0065275204495511205
2021-10-04 00:00:00+00:00,102.95289595763153,0.0,1.044674927371697,0.0,-1.4210854715202004e-14,0.14731461417762398,0.00046268810341162296,0.0065275204495511205
2021-10-05 00:00:00+00:00,105.39858326987702,0.0,1.0694915990304077,0.0,-1.4210854715202004e-14,0.14731461417762398,0.00046268810341162296,0.0065275204495511205
2021-10-06 00:00:00+00:00,107.82661591446556,0.0,1.0941291267371125,0.0,-1.4210854715202004e-14,0.14731461417762398,0.00046268810341162296,0.0065275204495511205
2021-10-07 00:00:00+00:00,107.70768338765491,0.0,1.0929223046496679,-0.0011029978619101488,-1.4210854715202004e-14,0.14731461417762398,0.00046268810341162296,0.0065275204495511205
2021-10-08 00:00:00+00:00,107.51374782280588,0.0,1.0909544180716466,-0.0029015850029816548,-1.4210854715202004e-14,0.14731461417762398,0.00046268810341162296,0.0065275204495511205
2021-10-11 00:00:00+00:00,108.57359790758102,0.0,1.1017088393051493,0.0,-1.4210854715202004e-14,0.14731461417762398,0.00046268810341162296,0.0065275204495511205
2021-10-12 00:00:00+00:00,107.44286543683249,0.0,1.0902351663135497,-0.010414433089995123,-1.4210854715202004e-14,0.14731461417762398,0.00046268810341162296,0.0065275204495511205
2021-10-13 00:00:00+00:00,109.02227450415096,0.0,1.1062616125571807,0.0,-1.4210854715202004e-14,0.14731461417762398,0.00046268810341162296,0.0065275204495511205
2021-10-14 00:00:00+00:00,111.20055712662123,0.0,1.128364897940825,0.0,-1.4210854715202004e-14,0.14731461417762398,0.00046268810341162296,0.0065275204495511205
2021-10-15 00:00:00+00:00,114.17868617654722,0.0,1.1585843174141277,0.0,-1.4210854715202004e-14,0.14731461417762398,0.00046268810341162296,0.0065275204495511205
2021-10-18 00:00:00+00:00,113.70934130276457,0.0,1.153821820765826,-0.004110617222000124,-1.4210854715202004e-14,0.14731461417762398,0.00046268810341162296,0.0065275204495511205
2021-10-19 00:00:00+00:00,116.09348670472713,0.0,1.1780140195521893,0.0,-1.4210854715202004e-14,0.14731461417762398,0.00046268810341162296,0.0065275204495511205
2021-10-20 00:00:00+00:00,118.98146528579235,0.0,1.2073186718046809,0.0,-1.4210854715202004e-14,0.14731461417762398,0.00046268810341162296,0.0065275204495511205
2021-10-21 00:00:00+00:00,116.66367298373173,0.0,1.1837997655874695,-0.019480280365461233,-1.4210854715202004e-14,0.14731461417762398,0.00046268810341162296,0.0065275204495511205
2021-10-22 00:00:00+00:00,115.37812926119064,0.0,1.170755204941682,-0.030284851644300614,-1.4210854715202004e-14,0.14731461417762398,0.00046268810341162296,0.0065275204495511205
2021-10-25 00:00:00+00:00,118.4223472502711,0.0,1.2016452365145192,-0.004699202805901415,-1.4210854715202004e-14,0.14731461417762398,0.00046268810341162296,0.0065275204495511205
2021-10-26 00:00:00+00:00,116.62892450026068,0.0,1.183447168711891,-0.019772329916100007,-1.4210854715202004e-14,0.14731461417762398,0.00046268810341162296,0.0065275204495511205
2021-10-27 00:00:00+00:00,212.03731414441248,100.0,1.1368555680541605,-0.05836330158399128,-1.7763568394002505e-14,0.2902160462714708,0.0007937079753855391,0.011361101059723336
2021-10-28 00:00:00+00:00,219.07341743233303,0.0,1.1745802168149384,-0.02711666418676817,-1.7763568394002505e-14,0.2902160462714708,0.0007937079753855391,0.011361101059723336
2021-10-29 00:00:00+00:00,222.13232808010343,0.0,1.19098081883223,-0.013532345149627645,-1.7763568394002505e-14,0.2902160462714708,0.0007937079753855391,0.011361101059723336
2021-11-01 00:00:00+00:00,220.19501292213235,0.0,1.180593743645477,-0.02213576977092213,-1.7763568394002505e-14,0.2902160462714708,0.0007937079753855391,0.011361101059723336
2021-11-02 00:00:00+00:00,225.57626710083846,0.0,1.2094457822635956,0.0,-1.7763568394002505e-14,0.2902160462714708,0.0007937079753855391,0.011361101059723336
2021-11-03 00:00:00+00:00,226.21536813244035,0.0,1.2128723752161497,0.0,-1.7763568394002505e-14,0.2902160462714708,0.0007937079753855391,0.011361101059723336
2021-11-04 00:00:00+00:00,224.797092502909,0.0,1.2052681733190718,-0.006269581245695988,-1.7763568394002505e-14,0.2902160462714708,0.0007937079753855391,0.011361101059723336
2021-11-05 00:00:00+00:00,224.19752423606732,0.0,1.2020535385490647,-0.00892001243342433,-1.7763568394002505e-14,0.2902160462714708,0.0007937079753855391,0.011361101059723336
2021-11-08 00:00:00+00:00,233.36960212230304,0.0,1.2512303914896359,0.0,-1.7763568394002505e-14,0.2902160462714708,0.0007937079753855391,0.011361101059723336
2021-11-09 00:00:00+00:00,231.6130104571364,0.0,1.2418122802321894,-0.007527080001816344,-1.7763568394002505e-14,0.2902160462714708,0.0007937079753855391,0.011361101059723336
2021-11-10 00:00:00+00:00,227.79323140029726,0.0,1.221332219413523,-0.023895017479968694,-1.7763568394002505e-14,0.2902160462714708,0.0007937079753855391,0.011361101059723336
2021-11-11 00:00:00+00:00,228.77300479268604,0.0,1.226585355358312,-0.019696641241253032,-1.7763568394002505e-14,0.2902160462714708,0.0007937079753855391,0.011361101059723336
2021-11-12 00:00:00+00:00,228.56719489743838,0.0,1.225481888610881,-0.020578546568150724,-1.7763568394002505e-14,0.2902160462714708,0.0007937079753855391,0.011361101059723336
2021-11-15 00:00:00+00:00,227.0608928267085,0.0,1.2174057256808295,-0.027033123586885477,-1.7763568394002505e-14,0.2902160462714708,0.0007937079753855391,0.011361101059723336
2021-11-16 00:00:00+00:00,220.6988174307994,0.0,1.18329493311866,-0.05429492348734932,-1.7763568394002505e-14,0.2902160462714708,0.0007937079753855391,0.011361101059723336
2021-11-17 00:00:00+00:00,221.51061355033815,0.0,1.1876474450449044,-0.05081633796397289,-1.7763568394002505e-14,0.2902160462714708,0.0007937079753855391,0.011361101059723336
2021-11-18 00:00:00+00:00,215.897219095009,0.0,1.157550767165468,-0.07487000392680598,-1.7763568394002505e-14,0.2902160462714708,0.0007937079753855391,0.011361101059723336
2021-11-19 00:00:00+00:00,219.96735500957024,0.0,1.1793731369491878,-0.05742927523915031,-1.7763568394002505e-14,0.2902160462714708,0.0007937079753855391,0.011361101059723336
2021-11-22 00:00:00+00:00,215.83173390851172,0.0,1.1571996629308434,-0.07515061110915422,-1.7763568394002505e-14,0.2902160462714708,0.0007937079753855391,0.011361101059723336
2021-11-23 00:00:00+00:00,219.9010827338985,0.0,1.1790178126709632,-0.057713255136570774,-1.7763568394002505e-14,0.2902160462714708,0.0007937079753855391,0.011361101059723336
2021-11-24 00:00:00+00:00,219.09267734075996,0.0,1.1746834804042914,-0.061177311233794884,-1.7763568394002505e-14,0.2902160462714708,0.0007937079753855391,0.011361101059723336
2021-11-26 00:00:00+00:00,211.06745872638302,0.0,1.1316556081478424,-0.09556576003515649,-1.7763568394002505e-14,0.2902160462714708,0.0007937079753855391,0.011361101059723336
2021-11-29 00:00:00+00:00,321.19987054334393,100.0,1.1859813707543452,-0.05214788673539916,-2.1316282072803006e-14,0.43075649527079996,0.0011423779590823862,0.0160109507519161
2021-11-30 00:00:00+00:00,319.70674623814745,0.0,1.1804682377409725,-0.05655405609547126,-2.1316282072803006e-14,0.43075649527079996,0.0011423779590823862,0.0160109507519161
2021-12-01 00:00:00+00:00,317.1397785280944,0.0,1.1709901022787728,-0.06412910824147589,-2.1316282072803006e-14,0.43075649527079996,0.0011423779590823862,0.0160109507519161
2021-12-02 00:00:00+00:00,317.9096083301183,0.0,1.173832581020459,-0.06185736135855191,-2.1316282072803006e-14,0.43075649527079996,0.0011423779590823862,0.0160109507519161
2021-12-03 00:00:00+00:00,308.28704100572844,0.0,1.138302723657033,-0.09025329675549054,-2.1316282072803006e-14,0.43075649527079996,0.0011423779590823862,0.0160109507519161
2021-12-06 00:00:00+00:00,308.93449183644873,0.0,1.1406933367740768,-0.0883426869003403,-2.1316282072803006e-14,0.43075649527079996,0.0011423779590823862,0.0160109507519161
2021-12-07 00:00:00+00:00,312.177623420299,0.0,1.152668103871103,-0.0787722934872056,-2.1316282072803006e-14,0.43075649527079996,0.0011423779590823862,0.0160109507519161
2021-12-08 00:00:00+00:00,314.6539015337477,0.0,1.1618113818755085,-0.07146486388303819,-2.1316282072803006e-14,0.43075649527079996,0.0011423779590823862,0.0160109507519161
2021-12-09 00:00:00+00:00,304.7413888249729,0.0,1.1252109455487875,-0.10071642025160332,-2.1316282072803006e-14,0.43075649527079996,0.0011423779590823862,0.0160109507519161
2021-12-10 00:00:00+00:00,302.7149882271312,0.0,1.1177287714287907,-0.10669627349916477,-2.1316282072803006e-14,0.43075649527079996,0.0011423779590823862,0.0160109507519161
2021-12-13 00:00:00+00:00,298.7033312418548,0.0,1.1029163418896812,-0.11853456454440925,-2.1316282072803006e-14,0.43075649527079996,0.0011423779590823862,0.0160109507519161
2021-12-14 00:00:00+00:00,300.55343145382017,0.0,1.1097475538129857,-0.11307496895772295,-2.1316282072803006e-14,0.43075649527079996,0.0011423779590823862,0.0160109507519161
2021-12-15 00:00:00+00:00,306.58144139945125,0.0,1.1320050581081988,-0.09528647497084441,-2.1316282072803006e-14,0.43075649527079996,0.0011423779590823862,0.0160109507519161
2021-12-16 00:00:00+00:00,302.5129007632331,0.0,1.11698259439254,-0.10729262812843676,-2.1316282072803006e-14,0.43075649527079996,0.0011423779590823862,0.0160109507519161
2021-12-17 00:00:00+00:00,297.55717389698685,0.0,1.0986843312831165,-0.12191684380756429,-2.1316282072803006e-14,0.43075649527079996,0.0011423779590823862,0.0160109507519161
2021-12-20 00:00:00+00:00,297.58415682715236,0.0,1.0987839616237218,-0.1218372179118995,-2.1316282072803006e-14,0.43075649527079996,0.0011423779590823862,0.0160109507519161
2021-12-21 00:00:00+00:00,304.15016147406374,0.0,1.1230279290274152,-0.1024611161415212,-2.1316282072803006e-14,0.43230774079512546,0.0011423779590823862,0.0160109507519161
2021-12-22 00:00:00+00:00,305.10978714762206,0.0,1.1265711999814556,-0.09962928678528093,-2.1316282072803006e-14,0.43230774079512546,0.0011423779590823862,0.0160109507519161
2021-12-23 00:00:00+00:00,310.93834001851565,0.0,1.1480922395498816,-0.08242938522054644,-2.1316282072803006e-14,0.43230774079512546,0.0011423779590823862,0.0160109507519161
2021-12-27 00:00:00+00:00,412.68001644218515,100.0,1.1545231132263247,-0.0772897452947715,-3.552713678800501e-14,0.5704938668666121,0.001535678720838626,0.020925357286696776
2021-12-28 00:00:00+00:00,402.52670941987543,0.0,1.1261179877879768,-0.09999150000880985,-3.552713678800501e-14,0.5704938668666121,0.001535678720838626,0.020925357286696776
2021-12-29 00:00:00+00:00,397.77032489470673,0.0,1.1128114169560728,-0.11062628871152191,-3.552713678800501e-14,0.5704938668666121,0.001535678720838626,0.020925357286696776
2021-12-30 00:00:00+00:00,399.72541748742566,0.0,1.118281028996538,-0.10625490189286146,-3.552713678800501e-14,0.5704938668666121,0.001535678720838626,0.020925357286696776
2021-12-31 00:00:00+00:00,396.96128961951837,0.0,1.11054804124752,-0.11243520873452284,-3.552713678800501e-14,0.5704938668666121,0.001535678720838626,0.020925357286696776
2022-01-03 00:00:00+00:00,400.7183122095007,0.0,1.1210587741258484,-0.10403489097544483,-3.552713678800501e-14,0.5704938668666121,0.001535678720838626,0.020925357286696776
2022-01-04 00:00:00+00:00,400.07476373483524,0.0,1.1192583680996775,-0.10547379945977886,-3.552713678800501e-14,0.5704938668666121,0.001535678720838626,0.020925357286696776
2022-01-05 00:00:00+00:00,386.5048122121652,0.0,1.0812947593614817,-0.13581482138220735,-3.552713678800501e-14,0.5704938668666121,0.001535678720838626,0.020925357286696776
2022-01-06 00:00:00+00:00,382.80730543145705,0.0,1.0709505292811365,-0.14408206788668998,-3.552713678800501e-14,0.5704938668666121,0.001535678720838626,0.020925357286696776
2022-01-07 00:00:00+00:00,375.2859652824173,0.0,1.0499086549510765,-0.16089901420862895,-3.552713678800501e-14,0.5704938668666121,0.001535678720838626,0.020925357286696776
2022-01-10 00:00:00+00:00,372.9205781809565,0.0,1.043291193548638,-0.16618777753107372,-3.552713678800501e-14,0.5704938668666121,0.001535678720838626,0.020925357286696776
2022-01-11 00:00:00+00:00,379.73860175406566,0.0,1.0623654532366624,-0.15094337504711886,-3.552713678800501e-14,0.5704938668666121,0.001535678720838626,0.020925357286696776
2022-01-12 00:00:00+00:00,385.0289796804861,0.0,1.0771659362995742,-0.13911463178482386,-3.552713678800501e-14,0.5704938668666121,0.001535678720838626,0.020925357286696776
2022-01-13 00:00:00+00:00,376.82750789912365,0.0,1.0542213100593965,-0.15745228278518142,-3.552713678800501e-14,0.5704938668666121,0.001535678720838626,0.020925357286696776
2022-01-14 00:00:00+00:00,379.0673042307517,0.0,1.0604874158332542,-0.15244432756248438,-3.552713678800501e-14,0.5704938668666121,0.001535678720838626,0.020925357286696776
2022-01-18 00:00:00+00:00,370.6193353673645,0.0,1.036853183682439,-0.17133312079478258,-3.552713678800501e-14,0.5704938668666121,0.001535678720838626,0.020925357286696776
2022-01-19 00:00:00+00:00,365.4538289719529,0.0,1.0224020440890185,-0.18288266410168386,-3.552713678800501e-14,0.5704938668666121,0.001535678720838626,0.020925357286696776
2022-01-20 00:00:00+00:00,359.6159099743554,0.0,1.0060697475218703,-0.19593565312611438,-3.552713678800501e-14,0.5704938668666121,0.001535678720838626,0.020925357286696776
2022-01-21 00:00:00+00:00,339.43991860571344,0.0,0.9496249296502123,-0.24104710362761506,-3.552713678800501e-14,0.5704938668666121,0.001535678720838626,0.020925357286696776
2022-01-24 00:00:00+00:00,338.0321391142148,0.0,0.9456864933399847,-0.24419475440161742,-3.552713678800501e-14,0.5704938668666121,0.001535678720838626,0.020925357286696776
2022-01-25 00:00:00+00:00,336.09748189773006,0.0,0.9402740517784616,-0.24852044981178034,-3.552713678800501e-14,0.5704938668666121,0.001535678720838626,0.020925357286696776
2022-01-26 00:00:00+00:00,335.44230148803223,0.0,0.9384411039830958,-0.24998536611163424,-3.552713678800501e-14,0.5704938668666121,0.001535678720838626,0.020925357286696776
2022-01-27 00:00:00+00:00,432.8542018707628,100.0,0.9312005769199483,-0.2557720918117089,-3.552713678800501e-14,0.7193286892737393,0.002078235972144041,0.029033369857764058
2022-01-28 00:00:00+00:00,444.50802099618926,0.0,0.956271473877899,-0.23573509692373873,-3.552713678800501e-14,0.7193286892737393,0.002078235972144041,0.029033369857764058
2022-01-31 00:00:00+00:00,455.5333035881413,0.0,0.9799901982565906,-0.2167787763771657,-3.552713678800501e-14,0.7193286892737393,0.002078235972144041,0.029033369857764058
2022-02-01 00:00:00+00:00,460.860441260713,0.0,0.9914504859298795,-0.20761956177429386,-3.552713678800501e-14,0.7193286892737393,0.002078235972144041,0.029033369857764058
2022-02-02 00:00:00+00:00,456.8852339928979,0.0,0.9828986102979294,-0.2144543347226786,-3.552713678800501e-14,0.7193286892737393,0.002078235972144041,0.029033369857764058
2022-02-03 00:00:00+00:00,451.1497837263226,0.0,0.9705599184842706,-0.22431558161819964,-3.552713678800501e-14,0.7193286892737393,0.002078235972144041,0.029033369857764058
2022-02-04 00:00:00+00:00,470.093225154417,0.0,1.011313002341263,-0.19174517401446933,-3.552713678800501e-14,0.7193286892737393,0.002078235972144041,0.029033369857764058
2022-02-07 00:00:00+00:00,478.0271317965375,0.0,1.0283812401230403,-0.17810401096578654,-3.552713678800501e-14,0.7193286892737393,0.002078235972144041,0.029033369857764058
2022-02-08 00:00:00+00:00,480.17428805784704,0.0,1.0330004239974888,-0.17441229766832644,-3.552713678800501e-14,0.7193286892737393,0.002078235972144041,0.029033369857764058
2022-02-09 00:00:00+00:00,488.9275595501269,0.0,1.0518313639036274,-0.15936235959599465,-3.552713678800501e-14,0.7193286892737393,0.002078235972144041,0.029033369857764058
2022-02-10 00:00:00+00:00,476.8107544206378,0.0,1.025764443729948,-0.18019538950877168,-3.552713678800501e-14,0.7193286892737393,0.002078235972144041,0.029033369857764058
2022-02-11 00:00:00+00:00,464.34392098782564,0.0,0.9989445065898537,-0.20163024061414192,-3.552713678800501e-14,0.7193286892737393,0.002078235972144041,0.029033369857764058
2022-02-14 00:00:00+00:00,463.7956815224115,0.0,0.9977650773402876,-0.20257285618485377,-3.552713678800501e-14,0.7193286892737393,0.002078235972144041,0.029033369857764058
2022-02-15 00:00:00+00:00,479.9997395068697,0.0,1.0326249171624662,-0.17471240773404795,-3.552713678800501e-14,0.7193286892737393,0.002078235972144041,0.029033369857764058
2022-02-16 00:00:00+00:00,477.1796678538212,0.0,1.0265580883343648,-0.17956109816657384,-3.552713678800501e-14,0.7193286892737393,0.002078235972144041,0.029033369857764058
2022-02-17 00:00:00+00:00,457.23134353871325,0.0,0.9836431968292548,-0.21385925124613436,-3.552713678800501e-14,0.7193286892737393,0.002078235972144041,0.029033369857764058
2022-02-18 00:00:00+00:00,450.99474236668294,0.0,0.9702263775300207,-0.22458215199286324,-3.552713678800501e-14,0.7193286892737393,0.002078235972144041,0.029033369857764058
2022-02-22 00:00:00+00:00,440.0693156232474,0.0,0.9467224733456243,-0.243366785377938,-3.552713678800501e-14,0.7193286892737393,0.002078235972144041,0.029033369857764058
2022-02-23 00:00:00+00:00,431.27484428774653,0.0,0.9278029000899407,-0.25848756040415777,-3.552713678800501e-14,0.7193286892737393,0.002078235972144041,0.029033369857764058
2022-02-24 00:00:00+00:00,438.2794793339661,0.0,0.9428719930269218,-0.24644414055160702,-3.552713678800501e-14,0.7193286892737393,0.002078235972144041,0.029033369857764058
2022-02-25 00:00:00+00:00,451.32156871222804,0.0,0.9709294800532464,-0.22402022308831626,-3.552713678800501e-14,0.7193286892737393,0.002078235972144041,0.029033369857764058
2022-02-28 00:00:00+00:00,568.966637221692,100.0,1.0088893702536672,-0.19368217307082247,-3.552713678800501e-14,0.8703182028255388,0.002607958049248806,0.036664870651690475
2022-03-01 00:00:00+00:00,569.0469788690855,0.0,1.0090318317421645,-0.1935683159510896,-3.552713678800501e-14,0.8703182028255388,0.002607958049248806,0.036664870651690475
2022-03-02 00:00:00+00:00,572.9235322258062,0.0,1.015905720682146,-0.18807461232405587,-3.552713678800501e-14,0.8703182028255388,0.002607958049248806,0.036664870651690475
2022-03-03 00:00:00+00:00,563.2581934888474,0.0,0.9987671806102099,-0.20177196189972602,-3.552713678800501e-14,0.8703182028255388,0.002607958049248806,0.036664870651690475
2022-03-04 00:00:00+00:00,544.049255010802,0.0,0.9647059675679317,-0.22899413718730588,-3.552713678800501e-14,0.8703182028255388,0.002607958049248806,0.036664870651690475
2022-03-07 00:00:00+00:00,526.0111051442589,0.0,0.932720792218701,-0.2545571154899279,-3.552713678800501e-14,0.8703182028255388,0.002607958049248806,0.036664870651690475
2022-03-08 00:00:00+00:00,528.526241334946,0.0,0.9371806216735797,-0.2509927603677915,-3.552713678800501e-14,0.8703182028255388,0.002607958049248806,0.036664870651690475
2022-03-09 00:00:00+00:00,551.3146110536602,0.0,0.9775888679055343,-0.218697951588533,-3.552713678800501e-14,0.8703182028255388,0.002607958049248806,0.036664870651690475
2022-03-10 00:00:00+00:00,538.8102055804575,0.0,0.9554161060282145,-0.23641871830594174,-3.552713678800501e-14,0.8703182028255388,0.002607958049248806,0.036664870651690475
2022-03-11 00:00:00+00:00,530.8341122030365,0.0,0.9412729290856704,-0.24772213375903518,-3.552713678800501e-14,0.8703182028255388,0.002607958049248806,0.036664870651690475
2022-03-14 00:00:00+00:00,532.0294313015635,0.0,0.9433924641404037,-0.24602817310306846,-3.552713678800501e-14,0.8703182028255388,0.002607958049248806,0.036664870651690475
2022-03-15 00:00:00+00:00,539.3673406086039,0.0,0.9564040156364784,-0.23562916778432452,-3.552713678800501e-14,0.8703182028255388,0.002607958049248806,0.036664870651690475
2022-03-16 00:00:00+00:00,557.4961155128375,0.0,0.9885498869408379,-0.20993775913328572,-3.552713678800501e-14,0.8703182028255388,0.002607958049248806,0.036664870651690475
2022-03-17 00:00:00+00:00,562.646552353761,0.0,0.9976826209906657,-0.20263875639810203,-3.552713678800501e-14,0.8703182028255388,0.002607958049248806,0.036664870651690475
2022-03-18 00:00:00+00:00,573.3916841329137,0.0,1.0167358457753348,-0.18741116528917323,-3.552713678800501e-14,0.8703182028255388,0.002607958049248806,0.036664870651690475
2022-03-21 00:00:00+00:00,569.6468585745336,0.0,1.0100955360416168,-0.1927181893024027,-3.552713678800501e-14,0.8703182028255388,0.002607958049248806,0.036664870651690475
2022-03-22 00:00:00+00:00,580.2601894806751,0.0,1.0289150520443078,-0.1776773813659157,-3.552713678800501e-14,0.8703182028255388,0.002607958049248806,0.036664870651690475
2022-03-23 00:00:00+00:00,579.3983363771148,0.0,1.0273868175609153,-0.17889876672690674,-3.552713678800501e-14,0.8703182028255388,0.002607958049248806,0.036664870651690475
2022-03-24 00:00:00+00:00,590.3084547781714,0.0,1.046732595965047,-0.16343736286738264,-3.552713678800501e-14,0.8732065106625571,0.002607958049248806,0.036664870651690475
2022-03-25 00:00:00+00:00,592.6651173699886,0.0,1.0509114206669117,-0.1600975904879014,-3.552713678800501e-14,0.8732065106625571,0.002607958049248806,0.036664870651690475
2022-03-28 00:00:00+00:00,711.7238360198157,100.0,1.0847062645093528,-0.13308830101387636,-3.552713678800501e-14,1.0175386767094974,0.003034415239653359,0.04272438393815558
2022-03-29 00:00:00+00:00,720.9530599765193,0.0,1.0987721093437492,-0.12184669041197072,-3.552713678800501e-14,1.0175386767094974,0.003034415239653359,0.04272438393815558
2022-03-30 00:00:00+00:00,716.5248010843793,0.0,1.092023199277683,-0.1272405092577802,-3.552713678800501e-14,1.0175386767094974,0.003034415239653359,0.04272438393815558
2022-03-31 00:00:00+00:00,700.7492948041848,0.0,1.067980460195586,-0.1464557866724162,-3.552713678800501e-14,1.0175386767094974,0.003034415239653359,0.04272438393815558
2022-04-01 00:00:00+00:00,711.6867479149963,0.0,1.0846497401980955,-0.1331334759965509,-3.552713678800501e-14,1.0175386767094974,0.003034415239653359,0.04272438393815558
2022-04-04 00:00:00+00:00,718.9266921016467,0.0,1.09568381327042,-0.12431489778156035,-3.552713678800501e-14,1.0175386767094974,0.003034415239653359,0.04272438393815558
2022-04-05 00:00:00+00:00,705.5525956047076,0.0,1.0753009547539623,-0.1406051498846852,-3.552713678800501e-14,1.0175386767094974,0.003034415239653359,0.04272438393815558
2022-04-06 00:00:00+00:00,684.0286950650637,0.0,1.0424973467104375,-0.16682223050120615,-3.552713678800501e-14,1.0175386767094974,0.003034415239653359,0.04272438393815558
2022-04-07 00:00:00+00:00,689.4726471147413,0.0,1.0507942290025873,-0.16019125162746561,-3.552713678800501e-14,1.0175386767094974,0.003034415239653359,0.04272438393815558
2022-04-08 00:00:00+00:00,683.350730716574,0.0,1.0414640917613924,-0.16764802162334702,-3.552713678800501e-14,1.0175386767094974,0.003034415239653359,0.04272438393815558
2022-04-11 00:00:00+00:00,658.7519965675555,0.0,1.0039742682089636,-0.19761038811269982,-3.552713678800501e-14,1.0175386767094974,0.003034415239653359,0.04272438393815558
2022-04-12 00:00:00+00:00,660.9456005581808,0.0,1.0073174413191834,-0.194938479619301,-3.552713678800501e-14,1.0175386767094974,0.003034415239653359,0.04272438393815558
2022-04-13 00:00:00+00:00,672.7025575995468,0.0,1.02523569037721,-0.18061797623327458,-3.552713678800501e-14,1.0175386767094974,0.003034415239653359,0.04272438393815558
2022-04-14 00:00:00+00:00,659.8936685025598,0.0,1.005714239019607,-0.19621978025784115,-3.552713678800501e-14,1.0175386767094974,0.003034415239653359,0.04272438393815558
2022-04-18 00:00:00+00:00,664.0053851096251,0.0,1.0119807212362384,-0.19121152417706377,-3.552713678800501e-14,1.0175386767094974,0.003034415239653359,0.04272438393815558
2022-04-19 00:00:00+00:00,674.6224196492515,0.0,1.0281616657161199,-0.17827949775735907,-3.552713678800501e-14,1.0175386767094974,0.003034415239653359,0.04272438393815558
2022-04-20 00:00:00+00:00,672.7980685475419,0.0,1.0253812543141982,-0.18050163959537135,-3.552713678800501e-14,1.0175386767094974,0.003034415239653359,0.04272438393815558
2022-04-21 00:00:00+00:00,660.0167248526017,0.0,1.0059017836640642,-0.1960698920791869,-3.552713678800501e-14,1.0175386767094974,0.003034415239653359,0.04272438393815558
2022-04-22 00:00:00+00:00,645.5896268007328,0.0,0.9839140928722708,-0.21364274751919599,-3.552713678800501e-14,1.0175386767094974,0.003034415239653359,0.04272438393815558
2022-04-25 00:00:00+00:00,651.8322313557833,0.0,0.9934281655013198,-0.20603897391062642,-3.552713678800501e-14,1.0175386767094974,0.003034415239653359,0.04272438393815558
2022-04-26 00:00:00+00:00,624.9402711915433,0.0,0.9524433393948707,-0.2387945930078058,-3.552713678800501e-14,1.0175386767094974,0.003034415239653359,0.04272438393815558
2022-04-27 00:00:00+00:00,733.8098417980143,100.0,0.9659610527458106,-0.2279910563906633,-3.907985046680551e-14,1.1739142047212412,0.003558389306066463,0.0498319673506932
2022-04-28 00:00:00+00:00,749.283387204325,0.0,0.9863298749651563,-0.21171202228320696,-3.907985046680551e-14,1.1739142047212412,0.003558389306066463,0.0498319673506932
2022-04-29 00:00:00+00:00,722.2844245903573,0.0,0.9507894053991843,-0.24011643909381508,-3.907985046680551e-14,1.1739142047212412,0.003558389306066463,0.0498319673506932
2022-05-02 00:00:00+00:00,726.7897505096192,0.0,0.9567200554396224,-0.2353765845628063,-3.907985046680551e-14,1.1739142047212412,0.003558389306066463,0.0498319673506932
2022-05-03 00:00:00+00:00,722.1640593615002,0.0,0.9506309609132179,-0.24024307003807932,-3.907985046680551e-14,1.1739142047212412,0.003558389306066463,0.0498319673506932
2022-05-04 00:00:00+00:00,750.6916755176945,0.0,0.9881836953751126,-0.21023042431167005,-3.907985046680551e-14,1.1739142047212412,0.003558389306066463,0.0498319673506932
2022-05-05 00:00:00+00:00,713.6690646280376,0.0,0.9394484534182252,-0.24918027902137407,-3.907985046680551e-14,1.1739142047212412,0.003558389306066463,0.0498319673506932
2022-05-06 00:00:00+00:00,706.1979881245527,0.0,0.9296137952910353,-0.25704026883146935,-3.907985046680551e-14,1.1739142047212412,0.003558389306066463,0.0498319673506932
2022-05-09 00:00:00+00:00,647.6114582168293,0.0,0.8524925809342977,-0.31867657089165335,-3.907985046680551e-14,1.1739142047212412,0.003558389306066463,0.0498319673506932
2022-05-10 00:00:00+00:00,657.7185629388252,0.0,0.8657972124087808,-0.30804333214923163,-3.907985046680551e-14,1.1739142047212412,0.003558389306066463,0.0498319673506932
2022-05-11 00:00:00+00:00,631.1631563769594,0.0,0.8308406241791374,-0.3359811032163381,-3.907985046680551e-14,1.1739142047212412,0.003558389306066463,0.0498319673506932
2022-05-12 00:00:00+00:00,624.3529289306744,0.0,0.821875884135132,-0.34314584290375294,-3.907985046680551e-14,1.1739142047212412,0.003558389306066463,0.0498319673506932
2022-05-13 00:00:00+00:00,637.7236998061419,0.0,0.8394766891055901,-0.3290790450620671,-3.907985046680551e-14,1.1739142047212412,0.003558389306066463,0.0498319673506932
2022-05-16 00:00:00+00:00,638.9589178268877,0.0,0.8411026859670749,-0.32777952670594,-3.907985046680551e-14,1.1739142047212412,0.003558389306066463,0.0498319673506932
2022-05-17 00:00:00+00:00,652.972213726793,0.0,0.8595492879188065,-0.31303675664760555,-3.907985046680551e-14,1.1739142047212412,0.003558389306066463,0.0498319673506932
2022-05-18 00:00:00+00:00,620.6222311305145,0.0,0.8169649268690247,-0.3470707453833519,-3.907985046680551e-14,1.1739142047212412,0.003558389306066463,0.0498319673506932
2022-05-19 00:00:00+00:00,628.7048847591358,0.0,0.8276046432687836,-0.3385673422753984,-3.907985046680551e-14,1.1739142047212412,0.003558389306066463,0.0498319673506932
2022-05-20 00:00:00+00:00,621.8181358820347,0.0,0.8185391731477768,-0.3458125867824584,-3.907985046680551e-14,1.1739142047212412,0.003558389306066463,0.0498319673506932
2022-05-23 00:00:00+00:00,630.1717469055105,0.0,0.8295355681793481,-0.3370241213596519,-3.907985046680551e-14,1.1739142047212412,0.003558389306066463,0.0498319673506932
2022-05-24 00:00:00+00:00,629.3286815074672,0.0,0.8284257870166533,-0.3379110732513604,-3.907985046680551e-14,1.1739142047212412,0.003558389306066463,0.0498319673506932
2022-05-25 00:00:00+00:00,630.6410129368858,0.0,0.8301532932136355,-0.3365304272818155,-3.907985046680551e-14,1.1739142047212412,0.003558389306066463,0.0498319673506932
2022-05-26 00:00:00+00:00,630.4562030981102,0.0,0.8299100161461271,-0.3367248575555388,-3.907985046680551e-14,1.1739142047212412,0.003558389306066463,0.0498319673506932
2022-05-27 00:00:00+00:00,736.0421954515227,100.0,0.8372632168624207,-0.3308480815706307,-4.973799150320701e-14,1.3338598360022562,0.004242262995554747,0.06097446777616006
2022-05-31 00:00:00+00:00,759.7545967200182,0.0,0.8642365636192787,-0.3092906234555467,-4.973799150320701e-14,1.3338598360022562,0.004242262995554747,0.06097446777616006
2022-06-01 00:00:00+00:00,739.4909316093152,0.0,0.8411862255532631,-0.3277127607555953,-4.973799150320701e-14,1.3338598360022562,0.004242262995554747,0.06097446777616006
2022-06-02 00:00:00+00:00,752.7554008848556,0.0,0.8562748336306828,-0.31565374414279046,-4.973799150320701e-14,1.3338598360022562,0.004242262995554747,0.06097446777616006
2022-06-03 00:00:00+00:00,737.6851555827138,0.0,0.8391321179840117,-0.3293544308934233,-4.973799150320701e-14,1.3338598360022562,0.004242262995554747,0.06097446777616006
2022-06-06 00:00:00+00:00,751.3216274664261,0.0,0.854643886720323,-0.3169572186439318,-4.973799150320701e-14,1.3338598360022562,0.004242262995554747,0.06097446777616006
2022-06-07 00:00:00+00:00,752.3698808609566,0.0,0.855836296631895,-0.3160042287551933,-4.973799150320701e-14,1.3338598360022562,0.004242262995554747,0.06097446777616006
2022-06-08 00:00:00+00:00,741.5811867894807,0.0,0.8435639340420203,-0.32581246445130985,-4.973799150320701e-14,1.3338598360022562,0.004242262995554747,0.06097446777616006
2022-06-09 00:00:00+00:00,729.1336450088495,0.0,0.8294045978821044,-0.3371287945662288,-4.973799150320701e-14,1.3338598360022562,0.004242262995554747,0.06097446777616006
2022-06-10 00:00:00+00:00,702.6924216493019,0.0,0.7993271595713675,-0.36116708400941333,-4.973799150320701e-14,1.3338598360022562,0.004242262995554747,0.06097446777616006
2022-06-13 00:00:00+00:00,628.6269970231589,0.0,0.7150762075689154,-0.42850156739112544,-4.973799150320701e-14,1.3338598360022562,0.004242262995554747,0.06097446777616006
2022-06-14 00:00:00+00:00,625.9347467424033,0.0,0.7120137172054636,-0.4309491504935514,-4.973799150320701e-14,1.3338598360022562,0.004242262995554747,0.06097446777616006
2022-06-15 00:00:00+00:00,636.1400330638296,0.0,0.7236224414162241,-0.42167130343219605,-4.973799150320701e-14,1.3338598360022562,0.004242262995554747,0.06097446777616006
2022-06-16 00:00:00+00:00,601.3030762139485,0.0,0.6839946826571819,-0.45334233622405784,-4.973799150320701e-14,1.3338598360022562,0.004242262995554747,0.06097446777616006
2022-06-17 00:00:00+00:00,603.8875948076229,0.0,0.6869346259989533,-0.4509926943341487,-4.973799150320701e-14,1.3338598360022562,0.004242262995554747,0.06097446777616006
2022-06-21 00:00:00+00:00,618.3850175984898,0.0,0.7034257441944931,-0.43781277294820276,-4.973799150320701e-14,1.3338598360022562,0.004242262995554747,0.06097446777616006
2022-06-22 00:00:00+00:00,609.6776599851435,0.0,0.6935209448626429,-0.4457288205436085,-4.973799150320701e-14,1.3338598360022562,0.004242262995554747,0.06097446777616006
2022-06-23 00:00:00+00:00,625.0439006265439,0.0,0.711000361328174,-0.43175903801241444,-4.973799150320701e-14,1.3338598360022562,0.004242262995554747,0.06097446777616006
2022-06-24 00:00:00+00:00,644.980349874027,0.0,0.7336784845837605,-0.41363437974816997,-4.973799150320701e-14,1.3338598360022562,0.004242262995554747,0.06097446777616006
2022-06-27 00:00:00+00:00,738.2480383198509,100.0,0.7260203409832953,-0.41975487014910073,-6.039613253960852e-14,1.4999817611892472,0.005191495765966244,0.0776468685830951
2022-06-28 00:00:00+00:00,720.4657311671301,0.0,0.7085325644741018,-0.43373133413857723,-6.039613253960852e-14,1.4999817611892472,0.005191495765966244,0.0776468685830951
2022-06-29 00:00:00+00:00,716.4979793615347,0.0,0.7046305310526634,-0.4368498912388351,-6.039613253960852e-14,1.5061251483360925,0.005191495765966244,0.0776468685830951
2022-06-30 00:00:00+00:00,709.135162955014,0.0,0.69738966592253,-0.44263688712654914,-6.039613253960852e-14,1.5061251483360925,0.005191495765966244,0.0776468685830951
2022-07-01 00:00:00+00:00,710.1822130951396,0.0,0.6984193736363367,-0.44181393100207333,-6.039613253960852e-14,1.5061251483360925,0.005191495765966244,0.0776468685830951
2022-07-05 00:00:00+00:00,721.4181092650784,0.0,0.7094691682109585,-0.43298278795297696,-6.039613253960852e-14,1.5061251483360925,0.005191495765966244,0.0776468685830951
2022-07-06 00:00:00+00:00,729.547084962069,0.0,0.7174635026365612,-0.4265936093652629,-6.039613253960852e-14,1.5061251483360925,0.005191495765966244,0.0776468685830951
2022-07-07 00:00:00+00:00,746.792956042152,0.0,0.7344237281328748,-0.4130387711742549,-6.039613253960852e-14,1.5061251483360925,0.005191495765966244,0.0776468685830951
2022-07-08 00:00:00+00:00,744.4989117757227,0.0,0.7321676804170769,-0.41484183456780943,-6.039613253960852e-14,1.5061251483360925,0.005191495765966244,0.0776468685830951
2022-07-11 00:00:00+00:00,720.8117321526314,0.0,0.7088728346007194,-0.43345938571969933,-6.039613253960852e-14,1.5061251483360925,0.005191495765966244,0.0776468685830951
2022-07-12 00:00:00+00:00,708.1163492255998,0.0,0.6963877269361276,-0.44343765011409897,-6.039613253960852e-14,1.5061251483360925,0.005191495765966244,0.0776468685830951
2022-07-13 00:00:00+00:00,716.2992570743895,0.0,0.7044351002283532,-0.4370060821575016,-6.039613253960852e-14,1.5061251483360925,0.005191495765966244,0.0776468685830951
2022-07-14 00:00:00+00:00,722.8403231284856,0.0,0.7108678257629812,-0.43186496220199155,-6.039613253960852e-14,1.5061251483360925,0.005191495765966244,0.0776468685830951
2022-07-15 00:00:00+00:00,736.9251351703033,0.0,0.7247193492489884,-0.4207946400772896,-6.039613253960852e-14,1.5061251483360925,0.005191495765966244,0.0776468685830951
2022-07-18 00:00:00+00:00,767.9918662721509,0.0,0.7552715180825581,-0.39637693967505094,-6.039613253960852e-14,1.5061251483360925,0.005191495765966244,0.0776468685830951
2022-07-19 00:00:00+00:00,784.3435617624785,0.0,0.771352378334569,-0.38352490190376076,-6.039613253960852e-14,1.5061251483360925,0.005191495765966244,0.0776468685830951
2022-07-20 00:00:00+00:00,785.3125247545643,0.0,0.7723052922678256,-0.3827633203918842,-6.039613253960852e-14,1.5061251483360925,0.005191495765966244,0.0776468685830951
2022-07-21 00:00:00+00:00,794.6536735956112,0.0,0.7814917224575856,-0.37542140298623106,-6.039613253960852e-14,1.5061251483360925,0.005191495765966244,0.0776468685830951
2022-07-22 00:00:00+00:00,784.0770669593179,0.0,0.7710902975191547,-0.38373436038334774,-6.039613253960852e-14,1.5061251483360925,0.005191495765966244,0.0776468685830951
2022-07-25 00:00:00+00:00,770.1504440912541,0.0,0.7573943430992437,-0.3946803496376572,-6.039613253960852e-14,1.5061251483360925,0.005191495765966244,0.0776468685830951
2022-07-26 00:00:00+00:00,763.9386190528857,0.0,0.7512854053189973,-0.3995626941057878,-6.039613253960852e-14,1.5061251483360925,0.005191495765966244,0.0776468685830951
2022-07-27 00:00:00+00:00,906.5135162021649,100.0,0.7931551289636356,-0.3660998531059054,-6.394884621840902e-14,1.6715642362902532,0.00613105563504625,0.09142767000915969
2022-07-28 00:00:00+00:00,927.8795365085865,0.0,0.8118493550161904,-0.3511591785669034,-6.394884621840902e-14,1.6715642362902532,0.00613105563504625,0.09142767000915969
2022-07-29 00:00:00+00:00,936.3391918694358,0.0,0.8192511410004006,-0.34524357258853666,-6.394884621840902e-14,1.6715642362902532,0.00613105563504625,0.09142767000915969
2022-08-01 00:00:00+00:00,922.9763995243593,0.0,0.8075593492109335,-0.3545878083655686,-6.394884621840902e-14,1.6715642362902532,0.00613105563504625,0.09142767000915969
2022-08-02 00:00:00+00:00,917.2373378098642,0.0,0.8025379500227989,-0.3586009775007559,-6.394884621840902e-14,1.6715642362902532,0.00613105563504625,0.09142767000915969
2022-08-03 00:00:00+00:00,924.8282779962188,0.0,0.8091796525841544,-0.35329284032112085,-6.394884621840902e-14,1.6715642362902532,0.00613105563504625,0.09142767000915969
2022-08-04 00:00:00+00:00,922.1962995307066,0.0,0.806876799750819,-0.35513331098823253,-6.394884621840902e-14,1.6715642362902532,0.00613105563504625,0.09142767000915969
2022-08-05 00:00:00+00:00,936.8832140617438,0.0,0.8197271338944799,-0.3448631527255628,-6.394884621840902e-14,1.6715642362902532,0.00613105563504625,0.09142767000915969
2022-08-08 00:00:00+00:00,943.04462232546,0.0,0.8251180657213757,-0.34055464818190495,-6.394884621840902e-14,1.6715642362902532,0.00613105563504625,0.09142767000915969
2022-08-09 00:00:00+00:00,929.6983110941319,0.0,0.81344069410289,-0.3498873591661573,-6.394884621840902e-14,1.6715642362902532,0.00613105563504625,0.09142767000915969
2022-08-10 00:00:00+00:00,961.6552885957728,0.0,0.8414014913315873,-0.3275407174774042,-6.394884621840902e-14,1.6715642362902532,0.00613105563504625,0.09142767000915969
2022-08-11 00:00:00+00:00,963.9685566176316,0.0,0.8434254880656809,-0.3259231123202244,-6.394884621840902e-14,1.6715642362902532,0.00613105563504625,0.09142767000915969
2022-08-12 00:00:00+00:00,985.0344260694964,0.0,0.8618570967545673,-0.31119232507732275,-6.394884621840902e-14,1.6715642362902532,0.00613105563504625,0.09142767000915969
2022-08-15 00:00:00+00:00,980.5346695250812,0.0,0.8579200291670449,-0.31433888194990256,-6.394884621840902e-14,1.6715642362902532,0.00613105563504625,0.09142767000915969
2022-08-16 00:00:00+00:00,978.1690394797545,0.0,0.8558502182153648,-0.31599310244019607,-6.394884621840902e-14,1.6715642362902532,0.00613105563504625,0.09142767000915969
2022-08-17 00:00:00+00:00,966.6378633103877,0.0,0.8457610012778902,-0.3240565390431569,-6.394884621840902e-14,1.6715642362902532,0.00613105563504625,0.09142767000915969
2022-08-18 00:00:00+00:00,968.8417782637259,0.0,0.8476893194086152,-0.3225154015005902,-6.394884621840902e-14,1.6715642362902532,0.00613105563504625,0.09142767000915969
2022-08-19 00:00:00+00:00,923.6123509226621,0.0,0.8081157756781846,-0.3541431049192364,-6.394884621840902e-14,1.6715642362902532,0.00613105563504625,0.09142767000915969
2022-08-22 00:00:00+00:00,914.8365426037318,0.0,0.8004373712699165,-0.36027978802771377,-6.394884621840902e-14,1.6715642362902532,0.00613105563504625,0.09142767000915969
2022-08-23 00:00:00+00:00,917.8504965269991,0.0,0.8030744340053015,-0.35817221235394403,-6.394884621840902e-14,1.6715642362902532,0.00613105563504625,0.09142767000915969
2022-08-24 00:00:00+00:00,917.9763153196839,0.0,0.8031845193145156,-0.3580842307080674,-6.394884621840902e-14,1.6715642362902532,0.00613105563504625,0.09142767000915969
2022-08-25 00:00:00+00:00,931.9321042516534,0.0,0.8153951542055425,-0.34832532861131627,-6.394884621840902e-14,1.6715642362902532,0.00613105563504625,0.09142767000915969
2022-08-26 00:00:00+00:00,884.6627806766495,0.0,0.7740368007270105,-0.3813794757610617,-6.394884621840902e-14,1.6715642362902532,0.00613105563504625,0.09142767000915969
2022-08-29 00:00:00+00:00,987.2639882610031,100.0,0.7763127305395883,-0.379560522330856,-7.105427357601002e-14,1.8337461736905392,0.007152247761629809,0.10542444239031609
2022-08-30 00:00:00+00:00,973.6330634689707,0.0,0.7655943608118303,-0.3881267862265062,-7.105427357601002e-14,1.8337461736905392,0.007152247761629809,0.10542444239031609
2022-08-31 00:00:00+00:00,973.1677595601423,0.0,0.7652284795963818,-0.3884192033688143,-7.105427357601002e-14,1.8337461736905392,0.007152247761629809,0.10542444239031609
2022-09-01 00:00:00+00:00,979.1839419554163,0.0,0.769959168690923,-0.38463837361378495,-7.105427357601002e-14,1.8337461736905392,0.007152247761629809,0.10542444239031609
2022-09-02 00:00:00+00:00,969.7548496516905,0.0,0.7625448150024948,-0.39056402386881195,-7.105427357601002e-14,1.8337461736905392,0.007152247761629809,0.10542444239031609
2022-09-06 00:00:00+00:00,957.5078336796746,0.0,0.7529146507067784,-0.39826057948416216,-7.105427357601002e-14,1.8337461736905392,0.007152247761629809,0.10542444239031609
2022-09-07 00:00:00+00:00,980.3933135968535,0.0,0.7709101307561502,-0.38387835206084364,-7.105427357601002e-14,1.8337461736905392,0.007152247761629809,0.10542444239031609
2022-09-08 00:00:00+00:00,985.5347062398306,0.0,0.774952948694315,-0.38064727809903587,-7.105427357601002e-14,1.8337461736905392,0.007152247761629809,0.10542444239031609
2022-09-09 00:00:00+00:00,1019.2788710008182,0.0,0.8014869102252349,-0.3594409825107947,-7.105427357601002e-14,1.8337461736905392,0.007152247761629809,0.10542444239031609
2022-09-12 00:00:00+00:00,1034.0265606612172,0.0,0.81308342277461,-0.3501728951719242,-7.105427357601002e-14,1.8337461736905392,0.007152247761629809,0.10542444239031609
2022-09-13 00:00:00+00:00,972.9458052241828,0.0,0.7650539508192233,-0.3885586890929028,-7.105427357601002e-14,1.8337461736905392,0.007152247761629809,0.10542444239031609
2022-09-14 00:00:00+00:00,982.5475430732745,0.0,0.7726040604314288,-0.3825245408948106,-7.105427357601002e-14,1.8337461736905392,0.007152247761629809,0.10542444239031609
2022-09-15 00:00:00+00:00,953.9046522395596,0.0,0.7500813703930375,-0.4005249748609143,-7.105427357601002e-14,1.8337461736905392,0.007152247761629809,0.10542444239031609
2022-09-16 00:00:00+00:00,945.3631294108731,0.0,0.743364936907214,-0.4058928379910829,-7.105427357601002e-14,1.8337461736905392,0.007152247761629809,0.10542444239031609
2022-09-19 00:00:00+00:00,942.3585722278342,0.0,0.7410023712524738,-0.40778103194066184,-7.105427357601002e-14,1.8337461736905392,0.007152247761629809,0.10542444239031609
2022-09-20 00:00:00+00:00,924.6225399541642,0.0,0.7270560430089372,-0.4189271232907392,-7.105427357601002e-14,1.8337461736905392,0.007152247761629809,0.10542444239031609
2022-09-21 00:00:00+00:00,902.0880123358016,0.0,0.709336526370186,-0.4330887970794134,-7.105427357601002e-14,1.8337461736905392,0.007152247761629809,0.10542444239031609
2022-09-22 00:00:00+00:00,911.9274866000299,0.0,0.7170735746409242,-0.42690524501469174,-7.105427357601002e-14,1.8337461736905392,0.007152247761629809,0.10542444239031609
2022-09-23 00:00:00+00:00,900.6860197526051,0.0,0.7082341011795592,-0.4339698699802357,-7.105427357601002e-14,1.8337461736905392,0.007152247761629809,0.10542444239031609
2022-09-26 00:00:00+00:00,895.1492978037653,0.0,0.7038804249739545,-0.43744938601118943,-7.105427357601002e-14,1.8337461736905392,0.007152247761629809,0.10542444239031609
2022-09-27 00:00:00+00:00,990.3430223716989,100.0,0.7001011188828198,-0.44046985779387626,-8.171241461241152e-14,2.010237580125407,0.008190910440913945,0.12037017157338314
2022-09-28 00:00:00+00:00,1007.3663937398137,0.0,0.7121354151546642,-0.4308518878710733,-8.171241461241152e-14,2.018910744496895,0.008190910440913945,0.12037017157338314
2022-09-29 00:00:00+00:00,994.3152059832124,0.0,0.7029091663249765,-0.4382256288642916,-8.171241461241152e-14,2.018910744496895,0.008190910440913945,0.12037017157338314
2022-09-30 00:00:00+00:00,981.8355108301158,0.0,0.6940869215646955,-0.44527648442237766,-8.171241461241152e-14,2.018910744496895,0.008190910440913945,0.12037017157338314
2022-10-03 00:00:00+00:00,1000.3731493051262,0.0,0.7071916955113221,-0.4348029744790771,-8.171241461241152e-14,2.018910744496895,0.008190910440913945,0.12037017157338314
2022-10-04 00:00:00+00:00,1031.4540466756407,0.0,0.729163649201538,-0.4172426963403264,-8.171241461241152e-14,2.018910744496895,0.008190910440913945,0.12037017157338314
2022-10-05 00:00:00+00:00,1027.6537014562552,0.0,0.7264770791140738,-0.4193898389495031,-8.171241461241152e-14,2.018910744496895,0.008190910440913945,0.12037017157338314
2022-10-06 00:00:00+00:00,1018.649383420801,0.0,0.7201116754216224,-0.42447715439176403,-8.171241461241152e-14,2.018910744496895,0.008190910440913945,0.12037017157338314
2022-10-07 00:00:00+00:00,993.157471937469,0.0,0.7020907318204828,-0.4388797326249262,-8.171241461241152e-14,2.018910744496895,0.008190910440913945,0.12037017157338314
2022-10-10 00:00:00+00:00,979.9249968813723,0.0,0.6927363259398046,-0.4463558984408327,-8.171241461241152e-14,2.018910744496895,0.008190910440913945,0.12037017157338314
2022-10-11 00:00:00+00:00,973.7410186229727,0.0,0.6883646991397445,-0.449849760826045,-8.171241461241152e-14,2.018910744496895,0.008190910440913945,0.12037017157338314
2022-10-12 00:00:00+00:00,974.1891118966528,0.0,0.6886814687793347,-0.4495965943095148,-8.171241461241152e-14,2.018910744496895,0.008190910440913945,0.12037017157338314
2022-10-13 00:00:00+00:00,992.424165554481,0.0,0.7015723370748073,-0.4392940406126489,-8.171241461241152e-14,2.018910744496895,0.008190910440913945,0.12037017157338314
2022-10-14 00:00:00+00:00,976.6237746460096,0.0,0.6904025998181994,-0.44822104345127867,-8.171241461241152e-14,2.018910744496895,0.008190910440913945,0.12037017157338314
2022-10-17 00:00:00+00:00,1000.7649197206616,0.0,0.7074686489507523,-0.43458162960021707,-8.171241461241152e-14,2.018910744496895,0.008190910440913945,0.12037017157338314
2022-10-18 00:00:00+00:00,1004.467714226193,0.0,0.7100862577163572,-0.432489601798296,-8.171241461241152e-14,2.018910744496895,0.008190910440913945,0.12037017157338314
2022-10-19 00:00:00+00:00,994.9525965260575,0.0,0.7033597554866415,-0.43786551200273693,-8.171241461241152e-14,2.018910744496895,0.008190910440913945,0.12037017157338314
2022-10-20 00:00:00+00:00,988.3646276223141,0.0,0.6987025364256837,-0.44158762352802783,-8.171241461241152e-14,2.018910744496895,0.008190910440913945,0.12037017157338314
2022-10-21 00:00:00+00:00,1007.7281738615246,0.0,0.7123911676184852,-0.4306474870943974,-8.171241461241152e-14,2.018910744496895,0.008190910440913945,0.12037017157338314
2022-10-24 00:00:00+00:00,1022.8212126475804,0.0,0.723060857920492,-0.4221201284444015,-8.171241461241152e-14,2.018910744496895,0.008190910440913945,0.12037017157338314
2022-10-25 00:00:00+00:00,1054.3728851355897,0.0,0.7453656156786468,-0.40429386886034513,-8.171241461241152e-14,2.018910744496895,0.008190910440913945,0.12037017157338314
2022-10-26 00:00:00+00:00,1067.5097106067637,0.0,0.7546524041985595,-0.3968717437400813,-8.171241461241152e-14,2.018910744496895,0.008190910440913945,0.12037017157338314
2022-10-27 00:00:00+00:00,1151.8538497414727,100.0,0.7435848392627102,-0.405717089098639,-9.237055564881302e-14,2.1892559085148005,0.009152320507949611,0.1331215332034977
2022-10-28 00:00:00+00:00,1177.7848385402854,0.0,0.7603247148486763,-0.3923383574918752,-9.237055564881302e-14,2.1892559085148005,0.009152320507949611,0.1331215332034977
2022-10-31 00:00:00+00:00,1173.9731087062007,0.0,0.7578640341671584,-0.3943049662781182,-9.237055564881302e-14,2.1892559085148005,0.009152320507949611,0.1331215332034977
2022-11-01 00:00:00+00:00,1171.548081912256,0.0,0.7562985463587981,-0.3955561249927786,-9.237055564881302e-14,2.1892559085148005,0.009152320507949611,0.1331215332034977
2022-11-02 00:00:00+00:00,1140.7585077124668,0.0,0.7364221874027933,-0.41144157589869956,-9.237055564881302e-14,2.1892559085148005,0.009152320507949611,0.1331215332034977
2022-11-03 00:00:00+00:00,1134.9229352559407,0.0,0.7326550053005971,-0.4144523580278894,-9.237055564881302e-14,2.1892559085148005,0.009152320507949611,0.1331215332034977
2022-11-04 00:00:00+00:00,1169.6021469738198,0.0,0.7550423386213863,-0.3965601029539567,-9.237055564881302e-14,2.1892559085148005,0.009152320507949611,0.1331215332034977
2022-11-07 00:00:00+00:00,1161.5613054961186,0.0,0.7498515344068799,-0.40070866284333617,-9.237055564881302e-14,2.1892559085148005,0.009152320507949611,0.1331215332034977
2022-11-08 00:00:00+00:00,1115.9532164937266,0.0,0.7204090113493455,-0.4242395195566885,-9.237055564881302e-14,2.1892559085148005,0.009152320507949611,0.1331215332034977
2022-11-09 00:00:00+00:00,1045.3471980776626,0.0,0.6748289537173182,-0.4606677089149749,-9.237055564881302e-14,2.1892559085148005,0.009152320507949611,0.1331215332034977
2022-11-10 00:00:00+00:00,1128.0747372283709,0.0,0.7282341178497173,-0.417985590181575,-9.237055564881302e-14,2.1892559085148005,0.009152320507949611,0.1331215332034977
2022-11-11 00:00:00+00:00,1129.4818220804423,0.0,0.7291424683004201,-0.41725962439870956,-9.237055564881302e-14,2.1892559085148005,0.009152320507949611,0.1331215332034977
2022-11-14 00:00:00+00:00,1112.7954954810389,0.0,0.7183705292344637,-0.42586870162319423,-9.237055564881302e-14,2.1892559085148005,0.009152320507949611,0.1331215332034977
2022-11-15 00:00:00+00:00,1123.2606312799476,0.0,0.7251263484060023,-0.42046936092823584,-9.237055564881302e-14,2.1892559085148005,0.009152320507949611,0.1331215332034977
2022-11-16 00:00:00+00:00,1110.0645024937594,0.0,0.7166075234660413,-0.42727771932322267,-9.237055564881302e-14,2.1892559085148005,0.009152320507949611,0.1331215332034977
2022-11-17 00:00:00+00:00,1105.9431900083327,0.0,0.7139469902024548,-0.42940405295584727,-9.237055564881302e-14,2.1892559085148005,0.009152320507949611,0.1331215332034977
2022-11-18 00:00:00+00:00,1111.1356378991866,0.0,0.7172990001220875,-0.42672508196662595,-9.237055564881302e-14,2.1892559085148005,0.009152320507949611,0.1331215332034977
2022-11-21 00:00:00+00:00,1085.9112332638645,0.0,0.7010152633698394,-0.439739261339988,-9.237055564881302e-14,2.1892559085148005,0.009152320507949611,0.1331215332034977
2022-11-22 00:00:00+00:00,1104.8585715975037,0.0,0.7132468095268779,-0.4299636466808232,-9.237055564881302e-14,2.1892559085148005,0.009152320507949611,0.1331215332034977
2022-11-23 00:00:00+00:00,1119.316507864064,0.0,0.7225802004056372,-0.42250427633444965,-9.237055564881302e-14,2.1892559085148005,0.009152320507949611,0.1331215332034977
2022-11-25 00:00:00+00:00,1120.4554104969427,0.0,0.72331542452404,-0.421916675423056,-9.237055564881302e-14,2.1892559085148005,0.009152320507949611,0.1331215332034977
2022-11-28 00:00:00+00:00,1199.3560300532015,100.0,0.7096946171452884,-0.432802606160828,-8.526512829121202e-14,2.352724302432109,0.010367873161163377,0.14984853672356566
2022-11-29 00:00:00+00:00,1207.5315782440834,0.0,0.7145323320505308,-0.42893623995189745,-8.526512829121202e-14,2.352724302432109,0.010367873161163377,0.14984853672356566
2022-11-30 00:00:00+00:00,1252.9951033688576,0.0,0.7414344513954183,-0.4074357077334788,-8.526512829121202e-14,2.352724302432109,0.010367873161163377,0.14984853672356566
2022-12-01 00:00:00+00:00,1248.4767497623889,0.0,0.7387608072459595,-0.40957251976077924,-8.526512829121202e-14,2.352724302432109,0.010367873161163377,0.14984853672356566
2022-12-02 00:00:00+00:00,1251.2765151000367,0.0,0.7404175116269851,-0.40824845954589484,-8.526512829121202e-14,2.352724302432109,0.010367873161163377,0.14984853672356566
2022-12-05 00:00:00+00:00,1228.8754556983408,0.0,0.727162138845785,-0.4188423300843327,-8.526512829121202e-14,2.352724302432109,0.010367873161163377,0.14984853672356566
2022-12-06 00:00:00+00:00,1219.4383906530943,0.0,0.7215779469157503,-0.42330529067737466,-8.526512829121202e-14,2.352724302432109,0.010367873161163377,0.14984853672356566
2022-12-07 00:00:00+00:00,1209.1605416212833,0.0,0.7154962381062447,-0.42816587338929635,-8.526512829121202e-14,2.352724302432109,0.010367873161163377,0.14984853672356566
2022-12-08 00:00:00+00:00,1227.2255203176937,0.0,0.7261858230321804,-0.419622614690785,-8.526512829121202e-14,2.352724302432109,0.010367873161163377,0.14984853672356566
2022-12-09 00:00:00+00:00,1217.4173140641683,0.0,0.7203820158160121,-0.4242610947466111,-8.526512829121202e-14,2.352724302432109,0.010367873161163377,0.14984853672356566
2022-12-12 00:00:00+00:00,1232.2431055182258,0.0,0.7291548773568812,-0.41724970691545027,-8.526512829121202e-14,2.352724302432109,0.010367873161163377,0.14984853672356566
2022-12-13 00:00:00+00:00,1251.2621291185733,0.0,0.7404089990140901,-0.40825526293954073,-8.526512829121202e-14,2.352724302432109,0.010367873161163377,0.14984853672356566
2022-12-14 00:00:00+00:00,1244.3250268039976,0.0,0.7363041093500742,-0.41153594545167893,-8.526512829121202e-14,2.352724302432109,0.010367873161163377,0.14984853672356566
2022-12-15 00:00:00+00:00,1212.3186517939023,0.0,0.7173649857789103,-0.4266723453505147,-8.526512829121202e-14,2.352724302432109,0.010367873161163377,0.14984853672356566
2022-12-16 00:00:00+00:00,1179.8225003250327,0.0,0.6981360469171349,-0.442040369491043,-8.526512829121202e-14,2.352724302432109,0.010367873161163377,0.14984853672356566
2022-12-19 00:00:00+00:00,1170.791553444308,0.0,0.6927921671780294,-0.44631126937922694,-8.526512829121202e-14,2.352724302432109,0.010367873161163377,0.14984853672356566
2022-12-20 00:00:00+00:00,1184.1385632123038,0.0,0.7006899896343954,-0.43999922444323125,-8.526512829121202e-14,2.3639742095836134,0.010367873161163377,0.14984853672356566
2022-12-21 00:00:00+00:00,1195.2936484239845,0.0,0.7072907851697926,-0.4347237807037784,-8.526512829121202e-14,2.3639742095836134,0.010367873161163377,0.14984853672356566
2022-12-22 00:00:00+00:00,1184.052729958444,0.0,0.7006391995464567,-0.440039816558228,-8.526512829121202e-14,2.3639742095836134,0.010367873161163377,0.14984853672356566
2022-12-23 00:00:00+00:00,1188.5826812781486,0.0,0.7033197064076112,-0.4378975197603031,-8.526512829121202e-14,2.3639742095836134,0.010367873161163377,0.14984853672356566
2022-12-27 00:00:00+00:00,1282.4297365097934,100.0,0.6996788260749378,-0.4408073598324731,-9.947598300641403e-14,2.534459810540242,0.011548177827143576,0.166109191189366
2022-12-28 00:00:00+00:00,1266.1400849496108,0.0,0.6907913806607217,-0.4479103246219035,-9.947598300641403e-14,2.534459810540242,0.011548177827143576,0.166109191189366
2022-12-29 00:00:00+00:00,1284.4142282248126,0.0,0.7007615417933826,-0.4399420390044234,-9.947598300641403e-14,2.534459810540242,0.011548177827143576,0.166109191189366
2022-12-30 00:00:00+00:00,1281.5726104712662,0.0,0.6992111880255683,-0.44118110239223685,-9.947598300641403e-14,2.534459810540242,0.011548177827143576,0.166109191189366
2023-01-03 00:00:00+00:00,1281.351451189652,0.0,0.6990905260804104,-0.4412775370264804,-9.947598300641403e-14,2.534459810540242,0.011548177827143576,0.166109191189366
2023-01-04 00:00:00+00:00,1296.7960239508418,0.0,0.7075169062797562,-0.4345430616999071,-9.947598300641403e-14,2.534459810540242,0.011548177827143576,0.166109191189366
2023-01-05 00:00:00+00:00,1285.8844188865498,0.0,0.7015636608078013,-0.43930097480084074,-9.947598300641403e-14,2.534459810540242,0.011548177827143576,0.166109191189366
2023-01-06 00:00:00+00:00,1310.327963232288,0.0,0.7148997757823984,-0.42864257402564854,-9.947598300641403e-14,2.534459810540242,0.011548177827143576,0.166109191189366
2023-01-09 00:00:00+00:00,1320.810580485239,0.0,0.7206189704680259,-0.42407171743158945,-9.947598300641403e-14,2.534459810540242,0.011548177827143576,0.166109191189366
2023-01-10 00:00:00+00:00,1332.8081932476675,0.0,0.7271647291745916,-0.4188402598590375,-9.947598300641403e-14,2.534459810540242,0.011548177827143576,0.166109191189366
2023-01-11 00:00:00+00:00,1359.1518245661164,0.0,0.7415375096168225,-0.40735334222980724,-9.947598300641403e-14,2.534459810540242,0.011548177827143576,0.166109191189366
2023-01-12 00:00:00+00:00,1377.4377286726335,0.0,0.7515140873229721,-0.399379928401302,-9.947598300641403e-14,2.534459810540242,0.011548177827143576,0.166109191189366
2023-01-13 00:00:00+00:00,1399.4081742449107,0.0,0.7635009082213947,-0.38979990142948917,-9.947598300641403e-14,2.534459810540242,0.011548177827143576,0.166109191189366
2023-01-17 00:00:00+00:00,1430.9000295934784,0.0,0.7806825001276888,-0.3760681442541869,-9.947598300641403e-14,2.534459810540242,0.011548177827143576,0.166109191189366
2023-01-18 00:00:00+00:00,1401.5707430604114,0.0,0.7646807807454471,-0.3888569315879017,-9.947598300641403e-14,2.534459810540242,0.011548177827143576,0.166109191189366
2023-01-19 00:00:00+00:00,1406.145750518916,0.0,0.7671768518803558,-0.38686203827977395,-9.947598300641403e-14,2.534459810540242,0.011548177827143576,0.166109191189366
2023-01-20 00:00:00+00:00,1459.068765388186,0.0,0.7960510364550633,-0.36378540525431513,-9.947598300641403e-14,2.534459810540242,0.011548177827143576,0.166109191189366
2023-01-23 00:00:00+00:00,1467.820990958483,0.0,0.8008261494598776,-0.3599690713183009,-9.947598300641403e-14,2.534459810540242,0.011548177827143576,0.166109191189366
2023-01-24 00:00:00+00:00,1451.8771520032715,0.0,0.7921273754017598,-0.3669212474461214,-9.947598300641403e-14,2.534459810540242,0.011548177827143576,0.166109191189366
2023-01-25 00:00:00+00:00,1466.4469607284193,0.0,0.8000764944643697,-0.36056820557895086,-9.947598300641403e-14,2.534459810540242,0.011548177827143576,0.166109191189366
2023-01-26 00:00:00+00:00,1474.0127970186836,0.0,0.8042043272049408,-0.35726918665434115,-9.947598300641403e-14,2.534459810540242,0.011548177827143576,0.166109191189366
2023-01-27 00:00:00+00:00,1577.11096596843,100.0,0.8058946523370141,-0.3559182562872639,-9.947598300641403e-14,2.696151996882564,0.01241607607690134,0.1785820438653964
2023-01-30 00:00:00+00:00,1555.8565388168743,0.0,0.7950337620448669,-0.36459842451688707,-9.947598300641403e-14,2.696151996882564,0.01241607607690134,0.1785820438653964
2023-01-31 00:00:00+00:00,1577.085846685187,0.0,0.8058818165274403,-0.3559285148372968,-9.947598300641403e-14,2.696151996882564,0.01241607607690134,0.1785820438653964
2023-02-01 00:00:00+00:00,1605.7193452232516,0.0,0.8205133699485125,-0.3442347823955417,-9.947598300641403e-14,2.696151996882564,0.01241607607690134,0.1785820438653964
2023-02-02 00:00:00+00:00,1617.5366396080901,0.0,0.8265519395579666,-0.33940867710707856,-9.947598300641403e-14,2.696151996882564,0.01241607607690134,0.1785820438653964
2023-02-03 00:00:00+00:00,1609.4442386562682,0.0,0.8224167691150703,-0.3427135604211524,-9.947598300641403e-14,2.696151996882564,0.01241607607690134,0.1785820438653964
2023-02-06 00:00:00+00:00,1586.4369987592456,0.0,0.8106602015696409,-0.35210956584540754,-9.947598300641403e-14,2.696151996882564,0.01241607607690134,0.1785820438653964
2023-02-07 00:00:00+00:00,1615.6071820332115,0.0,0.8255659978106458,-0.34019665488801065,-9.947598300641403e-14,2.696151996882564,0.01241607607690134,0.1785820438653964
2023-02-08 00:00:00+00:00,1597.2135121143183,0.0,0.8161669380460808,-0.34770850868287817,-9.947598300641403e-14,2.696151996882564,0.01241607607690134,0.1785820438653964
2023-02-09 00:00:00+00:00,1555.2543248398947,0.0,0.7947260341588256,-0.36484436474351056,-9.947598300641403e-14,2.696151996882564,0.01241607607690134,0.1785820438653964
2023-02-10 00:00:00+00:00,1549.816273379322,0.0,0.7919472210722538,-0.3670652291865997,-9.947598300641403e-14,2.696151996882564,0.01241607607690134,0.1785820438653964
2023-02-13 00:00:00+00:00,1561.9413637415173,0.0,0.7981430726596506,-0.3621134220457738,-9.947598300641403e-14,2.696151996882564,0.01241607607690134,0.1785820438653964
2023-02-14 00:00:00+00:00,1575.8645725347103,0.0,0.8052577524456198,-0.35642727516638184,-9.947598300641403e-14,2.696151996882564,0.01241607607690134,0.1785820438653964
2023-02-15 00:00:00+00:00,1626.9518039832599,0.0,0.8313630345186592,-0.33556358591251056,-9.947598300641403e-14,2.696151996882564,0.01241607607690134,0.1785820438653964
2023-02-16 00:00:00+00:00,1596.0558831101341,0.0,0.8155753962687468,-0.34818127675289745,-9.947598300641403e-14,2.696151996882564,0.01241607607690134,0.1785820438653964
2023-02-17 00:00:00+00:00,1616.511383642856,0.0,0.8260280396438276,-0.33982738489878683,-9.947598300641403e-14,2.696151996882564,0.01241607607690134,0.1785820438653964
2023-02-21 00:00:00+00:00,1588.92480286715,0.0,0.811931455190905,-0.35109356301338657,-9.947598300641403e-14,2.696151996882564,0.01241607607690134,0.1785820438653964
2023-02-22 00:00:00+00:00,1581.3648196425813,0.0,0.8080683471510112,-0.35418101043008077,-9.947598300641403e-14,2.696151996882564,0.01241607607690134,0.1785820438653964
2023-02-23 00:00:00+00:00,1584.6406460496398,0.0,0.8097422756445662,-0.35284318447497254,-9.947598300641403e-14,2.696151996882564,0.01241607607690134,0.1785820438653964
2023-02-24 00:00:00+00:00,1557.0139764563405,0.0,0.7956252060359289,-0.36412573459895925,-9.947598300641403e-14,2.696151996882564,0.01241607607690134,0.1785820438653964
2023-02-27 00:00:00+00:00,1668.2351494361924,100.0,0.8013591610286636,-0.35954308137079694,-1.0658141036401503e-13,2.8593401516418875,0.013263885974333874,0.1907487308174783
2023-02-28 00:00:00+00:00,1654.257073531534,0.0,0.7946446045205251,-0.3649094443953912,-1.0658141036401503e-13,2.8593401516418875,0.013263885974333874,0.1907487308174783
2023-03-01 00:00:00+00:00,1668.3619855154811,0.0,0.801420088442956,-0.3594943873695109,-1.0658141036401503e-13,2.8593401516418875,0.013263885974333874,0.1907487308174783
2023-03-02 00:00:00+00:00,1670.6287644197394,0.0,0.8025089661359885,-0.3586241418092698,-1.0658141036401503e-13,2.8593401516418875,0.013263885974333874,0.1907487308174783
2023-03-03 00:00:00+00:00,1657.4918238745818,0.0,0.7961984602955446,-0.3636675821567593,-1.0658141036401503e-13,2.8593401516418875,0.013263885974333874,0.1907487308174783
2023-03-06 00:00:00+00:00,1658.8281919179012,0.0,0.7968404026346579,-0.3631545332862399,-1.0658141036401503e-13,2.8593401516418875,0.013263885974333874,0.1907487308174783
2023-03-07 00:00:00+00:00,1638.8344065883907,0.0,0.7872361193039424,-0.3708304044895291,-1.0658141036401503e-13,2.8593401516418875,0.013263885974333874,0.1907487308174783
2023-03-08 00:00:00+00:00,1628.289153897167,0.0,0.782170565534541,-0.37487886255437086,-1.0658141036401503e-13,2.8593401516418875,0.013263885974333874,0.1907487308174783
2023-03-09 00:00:00+00:00,1573.1540902096954,0.0,0.7556856971424641,-0.39604592225194235,-1.0658141036401503e-13,2.8593401516418875,0.013263885974333874,0.1907487308174783
2023-03-10 00:00:00+00:00,1553.5188390357782,0.0,0.7462536405090602,-0.40358414758402905,-1.0658141036401503e-13,2.8593401516418875,0.013263885974333874,0.1907487308174783
2023-03-13 00:00:00+00:00,1651.4820736442489,0.0,0.7933115960520961,-0.3659748025240743,-1.0658141036401503e-13,2.8593401516418875,0.013263885974333874,0.1907487308174783
2023-03-14 00:00:00+00:00,1680.6319793163025,0.0,0.8073141447703127,-0.35478377902156333,-1.0658141036401503e-13,2.8593401516418875,0.013263885974333874,0.1907487308174783
2023-03-15 00:00:00+00:00,1659.7503467994165,0.0,0.7972833721179705,-0.3628005061731475,-1.0658141036401503e-13,2.8593401516418875,0.013263885974333874,0.1907487308174783
2023-03-16 00:00:00+00:00,1691.2423482250133,0.0,0.8124109779893963,-0.35071032200377494,-1.0658141036401503e-13,2.8593401516418875,0.013263885974333874,0.1907487308174783
2023-03-17 00:00:00+00:00,1733.686195934725,0.0,0.832799450323754,-0.33441558326258713,-1.0658141036401503e-13,2.8593401516418875,0.013263885974333874,0.1907487308174783
2023-03-20 00:00:00+00:00,1736.4730352411004,0.0,0.8341381460161649,-0.3333456798287223,-1.0658141036401503e-13,2.8593401516418875,0.013263885974333874,0.1907487308174783
2023-03-21 00:00:00+00:00,1768.2641407314454,0.0,0.8494094305425259,-0.32114066576398237,-1.0658141036401503e-13,2.8593401516418875,0.013263885974333874,0.1907487308174783
2023-03-22 00:00:00+00:00,1726.7270851496721,0.0,0.8294565479864544,-0.3370872753506604,-1.0658141036401503e-13,2.8593401516418875,0.013263885974333874,0.1907487308174783
2023-03-23 00:00:00+00:00,1758.1963448978743,0.0,0.8445732295876874,-0.3250058220035785,-1.0658141036401503e-13,2.8593401516418875,0.013263885974333874,0.1907487308174783
2023-03-24 00:00:00+00:00,1741.6747608785217,0.0,0.8366368647933792,-0.33134867048958727,-1.0658141036401503e-13,2.8710351643096494,0.013263885974333874,0.1907487308174783
2023-03-27 00:00:00+00:00,1830.8649680894418,100.0,0.831444235634787,-0.33549868889859524,-1.1368683772161603e-13,3.035010870079022,0.01397791626827781,0.2020065582705973
2023-03-28 00:00:00+00:00,1842.4957130829725,0.0,0.8367260647426433,-0.3312773807016547,-1.1368683772161603e-13,3.035010870079022,0.01397791626827781,0.2020065582705973
2023-03-29 00:00:00+00:00,1877.4444142505945,0.0,0.8525971948561135,-0.318592962051485,-1.1368683772161603e-13,3.035010870079022,0.01397791626827781,0.2020065582705973
2023-03-30 00:00:00+00:00,1879.7566100462468,0.0,0.853647224158908,-0.31775376464232974,-1.1368683772161603e-13,3.035010870079022,0.01397791626827781,0.2020065582705973
2023-03-31 00:00:00+00:00,1907.2219425580606,0.0,0.8661199585193072,-0.3077853891575,-1.1368683772161603e-13,3.035010870079022,0.01397791626827781,0.2020065582705973
2023-04-03 00:00:00+00:00,1900.2196701796574,0.0,0.862940041317962,-0.31032682135334,-1.1368683772161603e-13,3.035010870079022,0.01397791626827781,0.2020065582705973
2023-04-04 00:00:00+00:00,1910.955718663035,0.0,0.8678155650625201,-0.30643023781627166,-1.1368683772161603e-13,3.035010870079022,0.01397791626827781,0.2020065582705973
2023-04-05 00:00:00+00:00,1915.9982098240498,0.0,0.8701054937476705,-0.3046000963005878,-1.1368683772161603e-13,3.035010870079022,0.01397791626827781,0.2020065582705973
2023-04-06 00:00:00+00:00,1911.1058250176293,0.0,0.8678837323306883,-0.30637575762730573,-1.1368683772161603e-13,3.035010870079022,0.01397791626827781,0.2020065582705973
2023-04-10 00:00:00+00:00,1942.3978756059164,0.0,0.8820942806432563,-0.2950184980776477,-1.1368683772161603e-13,3.035010870079022,0.01397791626827781,0.2020065582705973
2023-04-11 00:00:00+00:00,1946.3114978465383,0.0,0.8838715600762735,-0.29359807267469595,-1.1368683772161603e-13,3.035010870079022,0.01397791626827781,0.2020065582705973
2023-04-12 00:00:00+00:00,1942.9542199442126,0.0,0.8823469313308638,-0.294816576281849,-1.1368683772161603e-13,3.035010870079022,0.01397791626827781,0.2020065582705973
2023-04-13 00:00:00+00:00,1983.608285702002,0.0,0.9008090184965298,-0.2800614302342165,-1.1368683772161603e-13,3.035010870079022,0.01397791626827781,0.2020065582705973
2023-04-14 00:00:00+00:00,2000.3147184454015,0.0,0.9083958517390791,-0.27399793202145584,-1.1368683772161603e-13,3.035010870079022,0.01397791626827781,0.2020065582705973
2023-04-17 00:00:00+00:00,1984.4893853396775,0.0,0.9012091491601963,-0.27974164047656036,-1.1368683772161603e-13,3.035010870079022,0.01397791626827781,0.2020065582705973
2023-04-18 00:00:00+00:00,2004.513067831515,0.0,0.9103024333041344,-0.2724741666317857,-1.1368683772161603e-13,3.035010870079022,0.01397791626827781,0.2020065582705973
2023-04-19 00:00:00+00:00,1948.0319307762943,0.0,0.8846528542007303,-0.2929736520006372,-1.1368683772161603e-13,3.035010870079022,0.01397791626827781,0.2020065582705973
2023-04-20 00:00:00+00:00,1935.6391403109492,0.0,0.8790249600766795,-0.29747153996941533,-1.1368683772161603e-13,3.035010870079022,0.01397791626827781,0.2020065582705973
2023-04-21 00:00:00+00:00,1903.5681448581868,0.0,0.8644606722864693,-0.30911151282275284,-1.1368683772161603e-13,3.035010870079022,0.01397791626827781,0.2020065582705973
2023-04-24 00:00:00+00:00,1907.1515060258253,0.0,0.8660879714259244,-0.3078109536687206,-1.1368683772161603e-13,3.035010870079022,0.01397791626827781,0.2020065582705973
2023-04-25 00:00:00+00:00,1904.9130669613587,0.0,0.8650714370067244,-0.30862338152062874,-1.1368683772161603e-13,3.035010870079022,0.01397791626827781,0.2020065582705973
2023-04-26 00:00:00+00:00,1901.457239739501,0.0,0.863502054407219,-0.3098776530042656,-1.1368683772161603e-13,3.035010870079022,0.01397791626827781,0.2020065582705973
2023-04-27 00:00:00+00:00,2049.125326564843,100.0,0.8851493941649007,-0.2925768106454818,-1.2434497875801753e-13,3.195405678692528,0.014680708144149523,0.2127085560961924
2023-04-28 00:00:00+00:00,2053.340369517882,0.0,0.886970143080496,-0.29112164385287553,-1.2434497875801753e-13,3.195405678692528,0.014680708144149523,0.2127085560961924
2023-05-01 00:00:00+00:00,2021.4478021441087,0.0,0.8731936862072684,-0.3021319717404728,-1.2434497875801753e-13,3.195405678692528,0.014680708144149523,0.2127085560961924
2023-05-02 00:00:00+00:00,2024.97346154121,0.0,0.8747166459008113,-0.30091480206180976,-1.2434497875801753e-13,3.195405678692528,0.014680708144149523,0.2127085560961924
2023-05-03 00:00:00+00:00,2029.25358872362,0.0,0.8765655088929104,-0.29943716612467597,-1.2434497875801753e-13,3.195405678692528,0.014680708144149523,0.2127085560961924
2023-05-04 00:00:00+00:00,2011.771729034404,0.0,0.8690139661384582,-0.3054724597091467,-1.2434497875801753e-13,3.195405678692528,0.014680708144149523,0.2127085560961924
2023-05-05 00:00:00+00:00,2068.1181039457474,0.0,0.8933535997224002,-0.2860199002528784,-1.2434497875801753e-13,3.195405678692528,0.014680708144149523,0.2127085560961924
2023-05-08 00:00:00+00:00,2010.8231758394766,0.0,0.868604224833259,-0.3057999304195659,-1.2434497875801753e-13,3.195405678692528,0.014680708144149523,0.2127085560961924
2023-05-09 00:00:00+00:00,2004.76663133408,0.0,0.8659880126230125,-0.30789084207583717,-1.2434497875801753e-13,3.195405678692528,0.014680708144149523,0.2127085560961924
2023-05-10 00:00:00+00:00,2008.3974916008808,0.0,0.8675564153574824,-0.30663735371339207,-1.2434497875801753e-13,3.195405678692528,0.014680708144149523,0.2127085560961924
2023-05-11 00:00:00+00:00,1987.5537157675842,0.0,0.8585526441816701,-0.3138332876013893,-1.2434497875801753e-13,3.195405678692528,0.014680708144149523,0.2127085560961924
2023-05-12 00:00:00+00:00,1986.17245864321,0.0,0.8579559901405649,-0.3143101414607292,-1.2434497875801753e-13,3.195405678692528,0.014680708144149523,0.2127085560961924
2023-05-15 00:00:00+00:00,1997.6093683291006,0.0,0.8628963290980438,-0.3103617567419107,-1.2434497875801753e-13,3.195405678692528,0.014680708144149523,0.2127085560961924
2023-05-16 00:00:00+00:00,1989.4091607550183,0.0,0.8593541305452627,-0.3131927290207762,-1.2434497875801753e-13,3.195405678692528,0.014680708144149523,0.2127085560961924
2023-05-17 00:00:00+00:00,2008.8017722936445,0.0,0.8677310502642074,-0.3064977831691399,-1.2434497875801753e-13,3.195405678692528,0.014680708144149523,0.2127085560961924
2023-05-18 00:00:00+00:00,2007.5562608158627,0.0,0.8671930335232635,-0.30692777331692034,-1.2434497875801753e-13,3.195405678692528,0.014680708144149523,0.2127085560961924
2023-05-19 00:00:00+00:00,2008.9743841378934,0.0,0.8678056124529528,-0.3064381920744442,-1.2434497875801753e-13,3.195405678692528,0.014680708144149523,0.2127085560961924
2023-05-22 00:00:00+00:00,2010.2603882221954,0.0,0.8683611205623674,-0.3059942225919309,-1.2434497875801753e-13,3.195405678692528,0.014680708144149523,0.2127085560961924
2023-05-23 00:00:00+00:00,2009.7634012666524,0.0,0.8681464398413281,-0.3061657982845447,-1.2434497875801753e-13,3.195405678692528,0.014680708144149523,0.2127085560961924
2023-05-24 00:00:00+00:00,1976.0615610110292,0.0,0.853588441314944,-0.31780074467443553,-1.2434497875801753e-13,3.195405678692528,0.014680708144149523,0.2127085560961924
2023-05-25 00:00:00+00:00,1989.9144844743466,0.0,0.8595724124522897,-0.3130182752123396,-1.2434497875801753e-13,3.195405678692528,0.014680708144149523,0.2127085560961924
2023-05-26 00:00:00+00:00,2013.8595782251507,0.0,0.8699158428671961,-0.30475166781113006,-1.2434497875801753e-13,3.195405678692528,0.014680708144149523,0.2127085560961924
2023-05-30 00:00:00+00:00,2143.930212274565,100.0,0.8829052892255671,-0.294370329212963,-1.3500311979441904e-13,3.3500632374724533,0.01540070216509236,0.22326019667663133
2023-05-31 00:00:00+00:00,2123.4212746904577,0.0,0.8744593755639491,-0.301120415942844,-1.3500311979441904e-13,3.3500632374724533,0.01540070216509236,0.22326019667663133
2023-06-01 00:00:00+00:00,2127.060330530113,0.0,0.8759579978746119,-0.29992269702484475,-1.3500311979441904e-13,3.3500632374724533,0.01540070216509236,0.22326019667663133
2023-06-02 00:00:00+00:00,2162.6866353635396,0.0,0.8906294889487657,-0.2881970458786264,-1.3500311979441904e-13,3.3500632374724533,0.01540070216509236,0.22326019667663133
2023-06-05 00:00:00+00:00,2115.344752234908,0.0,0.8711333324149099,-0.3037786339430314,-1.3500311979441904e-13,3.3500632374724533,0.01540070216509236,0.22326019667663133
2023-06-06 00:00:00+00:00,2157.7408210065755,0.0,0.8885927222525873,-0.2898248569596483,-1.3500311979441904e-13,3.3500632374724533,0.01540070216509236,0.22326019667663133
2023-06-07 00:00:00+00:00,2127.9778250562113,0.0,0.8763358370250142,-0.2996207229415967,-1.3500311979441904e-13,3.3500632374724533,0.01540070216509236,0.22326019667663133
2023-06-08 00:00:00+00:00,2141.3195887552074,0.0,0.8818301920511249,-0.2952295611991381,-1.3500311979441904e-13,3.3500632374724533,0.01540070216509236,0.22326019667663133
2023-06-09 00:00:00+00:00,2142.0337146504194,0.0,0.8821242806956365,-0.2949945216360713,-1.3500311979441904e-13,3.3500632374724533,0.01540070216509236,0.22326019667663133
2023-06-12 00:00:00+00:00,2123.540846893695,0.0,0.8745086173396737,-0.3010810612595983,-1.3500311979441904e-13,3.3500632374724533,0.01540070216509236,0.22326019667663133
2023-06-13 00:00:00+00:00,2132.252070131307,0.0,0.8780960405813811,-0.298213944806779,-1.3500311979441904e-13,3.3500632374724533,0.01540070216509236,0.22326019667663133
2023-06-14 00:00:00+00:00,2100.9749022979618,0.0,0.8652155947749112,-0.30850816871156705,-1.3500311979441904e-13,3.3500632374724533,0.01540070216509236,0.22326019667663133
2023-06-15 00:00:00+00:00,2129.038759660093,0.0,0.8767727471296095,-0.2992715385647089,-1.3500311979441904e-13,3.3500632374724533,0.01540070216509236,0.22326019667663133
2023-06-16 00:00:00+00:00,2146.8877825997884,0.0,0.8841232647307614,-0.29339690696117116,-1.3500311979441904e-13,3.3500632374724533,0.01540070216509236,0.22326019667663133
2023-06-20 00:00:00+00:00,2187.3914714566076,0.0,0.9008033417780887,-0.28006596714322995,-1.3500311979441904e-13,3.3500632374724533,0.01540070216509236,0.22326019667663133
2023-06-21 00:00:00+00:00,2227.634905783157,0.0,0.9173762417820569,-0.266820684646345,-1.3500311979441904e-13,3.3500632374724533,0.01540070216509236,0.22326019667663133
2023-06-22 00:00:00+00:00,2227.0300342317664,0.0,0.9171271458511504,-0.2670197654332255,-1.3500311979441904e-13,3.3500632374724533,0.01540070216509236,0.22326019667663133
2023-06-23 00:00:00+00:00,2233.892164755897,0.0,0.9199530826752241,-0.26476123907125837,-1.3500311979441904e-13,3.3500632374724533,0.01540070216509236,0.22326019667663133
2023-06-26 00:00:00+00:00,2214.373472926489,0.0,0.9119149683017787,-0.271185407176603,-1.3500311979441904e-13,3.3500632374724533,0.01540070216509236,0.22326019667663133
2023-06-27 00:00:00+00:00,2343.5738721362427,100.0,0.9239401670522723,-0.2615747081140768,-1.5631940186722204e-13,3.5004394034516504,0.016060476235406865,0.23400272343205972
2023-06-28 00:00:00+00:00,2319.9210688753246,0.0,0.9146151889681693,-0.269027354842871,-1.5631940186722204e-13,3.5004394034516504,0.016060476235406865,0.23400272343205972
2023-06-29 00:00:00+00:00,2336.8475592391696,0.0,0.921288357892059,-0.26369406932704753,-1.5631940186722204e-13,3.5141451312592573,0.016060476235406865,0.23400272343205972
2023-06-30 00:00:00+00:00,2373.147987450271,0.0,0.9355995874650623,-0.25225634397259444,-1.5631940186722204e-13,3.5141451312592573,0.016060476235406865,0.23400272343205972
2023-07-03 00:00:00+00:00,2391.967157727566,0.0,0.9430189342740192,-0.24632670314911354,-1.5631940186722204e-13,3.5141451312592573,0.016060476235406865,0.23400272343205972
2023-07-05 00:00:00+00:00,2367.735408998478,0.0,0.9334657103560916,-0.2539617669893981,-1.5631940186722204e-13,3.5141451312592573,0.016060476235406865,0.23400272343205972
2023-07-06 00:00:00+00:00,2331.260879337261,0.0,0.9190858423139467,-0.2654543491229132,-1.5631940186722204e-13,3.5141451312592573,0.016060476235406865,0.23400272343205972
2023-07-07 00:00:00+00:00,2340.9623004498676,0.0,0.9229105703287097,-0.2623975755336707,-1.5631940186722204e-13,3.5141451312592573,0.016060476235406865,0.23400272343205972
2023-07-10 00:00:00+00:00,2348.0522270828596,0.0,0.9257057320582197,-0.2601636450373197,-1.5631940186722204e-13,3.5141451312592573,0.016060476235406865,0.23400272343205972
2023-07-11 00:00:00+00:00,2360.043669315454,0.0,0.9304332873835747,-0.25638531983237756,-1.5631940186722204e-13,3.5141451312592573,0.016060476235406865,0.23400272343205972
2023-07-12 00:00:00+00:00,2365.884354791052,0.0,0.9327359431599445,-0.25454500665581825,-1.5631940186722204e-13,3.5141451312592573,0.016060476235406865,0.23400272343205972
2023-07-13 00:00:00+00:00,2425.9193862335505,0.0,0.9564043999726197,-0.23562886061775956,-1.5631940186722204e-13,3.5141451312592573,0.016060476235406865,0.23400272343205972
2023-07-14 00:00:00+00:00,2390.816499630647,0.0,0.9425652941106226,-0.24668925841190292,-1.5631940186722204e-13,3.5141451312592573,0.016060476235406865,0.23400272343205972
2023-07-17 00:00:00+00:00,2386.8506926249415,0.0,0.9410017981052637,-0.24793882525106636,-1.5631940186722204e-13,3.5141451312592573,0.016060476235406865,0.23400272343205972
2023-07-18 00:00:00+00:00,2390.1326252285135,0.0,0.9422956806638854,-0.2469047370708063,-1.5631940186722204e-13,3.5141451312592573,0.016060476235406865,0.23400272343205972
2023-07-19 00:00:00+00:00,2392.0919211294686,0.0,0.9430681215088514,-0.24628739205567562,-1.5631940186722204e-13,3.5141451312592573,0.016060476235406865,0.23400272343205972
2023-07-20 00:00:00+00:00,2381.436988372821,0.0,0.9388674771561586,-0.24964460299081914,-1.5631940186722204e-13,3.5141451312592573,0.016060476235406865,0.23400272343205972
2023-07-21 00:00:00+00:00,2383.27912765333,0.0,0.9395937296949853,-0.24906417228535793,-1.5631940186722204e-13,3.5141451312592573,0.016060476235406865,0.23400272343205972
2023-07-24 00:00:00+00:00,2368.0517108600848,0.0,0.9335904104981807,-0.2538621049743629,-1.5631940186722204e-13,3.5141451312592573,0.016060476235406865,0.23400272343205972
2023-07-25 00:00:00+00:00,2375.008299792521,0.0,0.9363330046262208,-0.2516701872055058,-1.5631940186722204e-13,3.5141451312592573,0.016060476235406865,0.23400272343205972
2023-07-26 00:00:00+00:00,2380.6915549604296,0.0,0.9385735944329555,-0.24987947797883248,-1.5631940186722204e-13,3.5141451312592573,0.016060476235406865,0.23400272343205972
2023-07-27 00:00:00+00:00,2464.9873178443786,100.0,0.9323822916381319,-0.2548276496640267,-1.5987211554602254e-13,3.6563249245035347,0.016740841082121944,0.2446705341375329
2023-07-28 00:00:00+00:00,2484.483573625596,0.0,0.9397567570205952,-0.24893387867458994,-1.5987211554602254e-13,3.6563249245035347,0.016740841082121944,0.2446705341375329
2023-07-31 00:00:00+00:00,2481.6579861970467,0.0,0.9386879776143959,-0.24978806141620868,-1.5987211554602254e-13,3.6563249245035347,0.016740841082121944,0.2446705341375329
2023-08-01 00:00:00+00:00,2489.0757102060397,0.0,0.9414937342445323,-0.24754566333411276,-1.5987211554602254e-13,3.6563249245035347,0.016740841082121944,0.2446705341375329
2023-08-02 00:00:00+00:00,2450.9139700177952,0.0,0.9270590430345467,-0.25908206087381824,-1.5987211554602254e-13,3.6563249245035347,0.016740841082121944,0.2446705341375329
2023-08-03 00:00:00+00:00,2445.76309998896,0.0,0.9251107246936575,-0.26063918285082643,-1.5987211554602254e-13,3.6563249245035347,0.016740841082121944,0.2446705341375329
2023-08-04 00:00:00+00:00,2435.678654068785,0.0,0.9212962795933167,-0.2636877381978553,-1.5987211554602254e-13,3.6563249245035347,0.016740841082121944,0.2446705341375329
2023-08-07 00:00:00+00:00,2450.555612029714,0.0,0.9269234940036308,-0.2591903934653519,-1.5987211554602254e-13,3.6563249245035347,0.016740841082121944,0.2446705341375329
2023-08-08 00:00:00+00:00,2460.0299858110893,0.0,0.9305071791099055,-0.2563262645801766,-1.5987211554602254e-13,3.6563249245035347,0.016740841082121944,0.2446705341375329
2023-08-09 00:00:00+00:00,2446.6247418254147,0.0,0.9254366410114533,-0.26037870618720593,-1.5987211554602254e-13,3.6563249245035347,0.016740841082121944,0.2446705341375329
2023-08-10 00:00:00+00:00,2444.684244890773,0.0,0.9247026473857091,-0.26096532367247216,-1.5987211554602254e-13,3.6563249245035347,0.016740841082121944,0.2446705341375329
2023-08-11 00:00:00+00:00,2441.909149583581,0.0,0.9236529666415921,-0.26180424250888823,-1.5987211554602254e-13,3.6563249245035347,0.016740841082121944,0.2446705341375329
2023-08-14 00:00:00+00:00,2449.6200906964677,0.0,0.9265696327410379,-0.2594732041011867,-1.5987211554602254e-13,3.6563249245035347,0.016740841082121944,0.2446705341375329
2023-08-15 00:00:00+00:00,2424.454317397764,0.0,0.9170506704286433,-0.2670808856098351,-1.5987211554602254e-13,3.6563249245035347,0.016740841082121944,0.2446705341375329
2023-08-16 00:00:00+00:00,2400.409446687672,0.0,0.9079556899017561,-0.2743497152264649,-1.5987211554602254e-13,3.6563249245035347,0.016740841082121944,0.2446705341375329
2023-08-17 00:00:00+00:00,2322.2718560681533,0.0,0.8784001196651435,-0.2979709207515525,-1.5987211554602254e-13,3.6563249245035347,0.016740841082121944,0.2446705341375329
2023-08-18 00:00:00+00:00,2309.2233503403113,0.0,0.8734645179340896,-0.30191551941589434,-1.5987211554602254e-13,3.6563249245035347,0.016740841082121944,0.2446705341375329
2023-08-21 00:00:00+00:00,2321.5915899054135,0.0,0.8781428087576401,-0.29817656705718387,-1.5987211554602254e-13,3.6563249245035347,0.016740841082121944,0.2446705341375329
2023-08-22 00:00:00+00:00,2308.3062096996623,0.0,0.8731176091747251,-0.30219277351851526,-1.5987211554602254e-13,3.6563249245035347,0.016740841082121944,0.2446705341375329
2023-08-23 00:00:00+00:00,2341.3984687576813,0.0,0.8856347674224117,-0.2921888938710713,-1.5987211554602254e-13,3.6563249245035347,0.016740841082121944,0.2446705341375329
2023-08-24 00:00:00+00:00,2312.87367124506,0.0,0.8748452530582609,-0.3008120175080423,-1.5987211554602254e-13,3.6563249245035347,0.016740841082121944,0.2446705341375329
2023-08-25 00:00:00+00:00,2318.789149849489,0.0,0.8770827848530116,-0.29902375228529077,-1.5987211554602254e-13,3.6563249245035347,0.016740841082121944,0.2446705341375329
2023-08-28 00:00:00+00:00,2429.2776865787573,100.0,0.8810500774393759,-0.2958530391909252,-1.5631940186722204e-13,3.803903463219215,0.017505924343207538,0.2567127904812876
2023-08-29 00:00:00+00:00,2498.807110287542,0.0,0.9062669987001203,-0.2756993397345664,-1.5631940186722204e-13,3.803903463219215,0.017505924343207538,0.2567127904812876
2023-08-30 00:00:00+00:00,2491.8513502422425,0.0,0.9037442846602973,-0.2777155264072858,-1.5631940186722204e-13,3.803903463219215,0.017505924343207538,0.2567127904812876
2023-08-31 00:00:00+00:00,2450.774344330283,0.0,0.8888464821407844,-0.28962204867595975,-1.5631940186722204e-13,3.803903463219215,0.017505924343207538,0.2567127904812876
2023-09-01 00:00:00+00:00,2447.4739994332035,0.0,0.8876495135343492,-0.2905786819343721,-1.5631940186722204e-13,3.803903463219215,0.017505924343207538,0.2567127904812876
2023-09-05 00:00:00+00:00,2441.730511617797,0.0,0.8855664662102442,-0.2922434811098661,-1.5631940186722204e-13,3.803903463219215,0.017505924343207538,0.2567127904812876
2023-09-06 00:00:00+00:00,2429.992844652363,0.0,0.8813094508653176,-0.29564574449307757,-1.5631940186722204e-13,3.803903463219215,0.017505924343207538,0.2567127904812876
2023-09-07 00:00:00+00:00,2437.8588136189405,0.0,0.8841622793440985,-0.29336572596236987,-1.5631940186722204e-13,3.803903463219215,0.017505924343207538,0.2567127904812876
2023-09-08 00:00:00+00:00,2430.9623703571915,0.0,0.8816610783066917,-0.29536471915692386,-1.5631940186722204e-13,3.803903463219215,0.017505924343207538,0.2567127904812876
2023-09-11 00:00:00+00:00,2406.3854544362066,0.0,0.872747526021156,-0.30248854890575516,-1.5631940186722204e-13,3.803903463219215,0.017505924343207538,0.2567127904812876
2023-09-12 00:00:00+00:00,2420.3965219435536,0.0,0.8778290579434046,-0.2984273208882684,-1.5631940186722204e-13,3.803903463219215,0.017505924343207538,0.2567127904812876
2023-09-13 00:00:00+00:00,2432.6687504931206,0.0,0.8822799480057825,-0.29487011024772525,-1.5631940186722204e-13,3.803903463219215,0.017505924343207538,0.2567127904812876
2023-09-14 00:00:00+00:00,2456.276200515854,0.0,0.8908418945405847,-0.2880272884995987,-1.5631940186722204e-13,3.803903463219215,0.017505924343207538,0.2567127904812876
2023-09-15 00:00:00+00:00,2441.805224974575,0.0,0.8855935632395951,-0.2922218248029739,-1.5631940186722204e-13,3.803903463219215,0.017505924343207538,0.2567127904812876
2023-09-18 00:00:00+00:00,2445.1732890781095,0.0,0.8868150922379613,-0.291245562552093,-1.5631940186722204e-13,3.803903463219215,0.017505924343207538,0.2567127904812876
2023-09-19 00:00:00+00:00,2451.5507304894504,0.0,0.8891280617598772,-0.2893970064926752,-1.5631940186722204e-13,3.803903463219215,0.017505924343207538,0.2567127904812876
2023-09-20 00:00:00+00:00,2430.1722353410114,0.0,0.8813745122541407,-0.2955937465642664,-1.5631940186722204e-13,3.803903463219215,0.017505924343207538,0.2567127904812876
2023-09-21 00:00:00+00:00,2385.365721863406,0.0,0.8651240924740828,-0.30858129856954586,-1.5631940186722204e-13,3.803903463219215,0.017505924343207538,0.2567127904812876
2023-09-22 00:00:00+00:00,2384.2714508912936,0.0,0.8647272224373448,-0.30889848239071693,-1.5631940186722204e-13,3.803903463219215,0.017505924343207538,0.2567127904812876
2023-09-25 00:00:00+00:00,2384.508599701404,0.0,0.8648132315332446,-0.3088297427753073,-1.5631940186722204e-13,3.803903463219215,0.017505924343207538,0.2567127904812876
2023-09-26 00:00:00+00:00,2362.2584505416107,0.0,0.8567435506776642,-0.31527913923375905,-1.5631940186722204e-13,3.803903463219215,0.017505924343207538,0.2567127904812876
2023-09-27 00:00:00+00:00,2466.3708313765646,100.0,0.8582350283597396,-0.3140871303981202,-1.6342482922482304e-13,3.9561734586297974,0.018267509221161153,0.2692408860902126
2023-09-28 00:00:00+00:00,2501.8806705206202,0.0,0.870591559428443,-0.30421162613228114,-1.6342482922482304e-13,3.9711784555146017,0.018267509221161153,0.2692408860902126
2023-09-29 00:00:00+00:00,2499.9506349051235,0.0,0.8699199555681765,-0.3047483808857099,-1.6342482922482304e-13,3.9711784555146017,0.018267509221161153,0.2692408860902126
2023-10-02 00:00:00+00:00,2509.2049081195955,0.0,0.873140209932861,-0.3021747106914855,-1.6342482922482304e-13,3.9711784555146017,0.018267509221161153,0.2692408860902126
2023-10-03 00:00:00+00:00,2485.5077721807606,0.0,0.8648942025296842,-0.30876502967611286,-1.6342482922482304e-13,3.9711784555146017,0.018267509221161153,0.2692408860902126
2023-10-04 00:00:00+00:00,2500.484622324111,0.0,0.8701057697619904,-0.3045998757062659,-1.6342482922482304e-13,3.9711784555146017,0.018267509221161153,0.2692408860902126
2023-10-05 00:00:00+00:00,2483.0815114616657,0.0,0.8640499248117636,-0.30943978767724756,-1.6342482922482304e-13,3.9711784555146017,0.018267509221161153,0.2692408860902126
2023-10-06 00:00:00+00:00,2520.008950384906,0.0,0.8768997449557404,-0.29917004020997373,-1.6342482922482304e-13,3.9711784555146017,0.018267509221161153,0.2692408860902126
2023-10-09 00:00:00+00:00,2506.750743596515,0.0,0.8722862223928405,-0.3028572289118141,-1.6342482922482304e-13,3.9711784555146017,0.018267509221161153,0.2692408860902126
2023-10-10 00:00:00+00:00,2507.8726465099603,0.0,0.8726766163946218,-0.30254522082406576,-1.6342482922482304e-13,3.9711784555146017,0.018267509221161153,0.2692408860902126
2023-10-11 00:00:00+00:00,2504.9788547811418,0.0,0.8716696496421551,-0.303350002069243,-1.6342482922482304e-13,3.9711784555146017,0.018267509221161153,0.2692408860902126
2023-10-12 00:00:00+00:00,2485.951786504892,0.0,0.8650487083490099,-0.3086415465667057,-1.6342482922482304e-13,3.9711784555146017,0.018267509221161153,0.2692408860902126
2023-10-13 00:00:00+00:00,2482.8613297877137,0.0,0.8639733071260592,-0.3095010215524999,-1.6342482922482304e-13,3.9711784555146017,0.018267509221161153,0.2692408860902126
2023-10-16 00:00:00+00:00,2542.002473416177,0.0,0.8845529379072392,-0.29305350643365824,-1.6342482922482304e-13,3.9711784555146017,0.018267509221161153,0.2692408860902126
2023-10-17 00:00:00+00:00,2530.861892618345,0.0,0.8806762959378582,-0.2961517703471216,-1.6342482922482304e-13,3.9711784555146017,0.018267509221161153,0.2692408860902126
2023-10-18 00:00:00+00:00,2507.766981280647,0.0,0.872639847551947,-0.3025746069730315,-1.6342482922482304e-13,3.9711784555146017,0.018267509221161153,0.2692408860902126
2023-10-19 00:00:00+00:00,2502.4983584835986,0.0,0.8708064993067774,-0.30403984331770406,-1.6342482922482304e-13,3.9711784555146017,0.018267509221161153,0.2692408860902126
2023-10-20 00:00:00+00:00,2510.618577073826,0.0,0.8736321311798975,-0.30178156067660233,-1.6342482922482304e-13,3.9711784555146017,0.018267509221161153,0.2692408860902126
2023-10-23 00:00:00+00:00,2613.5463111753797,0.0,0.909448394359732,-0.27315672593518114,-1.6342482922482304e-13,3.9711784555146017,0.018267509221161153,0.2692408860902126
2023-10-24 00:00:00+00:00,2645.8560348215506,0.0,0.9206913657073497,-0.2641711934352612,-1.6342482922482304e-13,3.9711784555146017,0.018267509221161153,0.2692408860902126
2023-10-25 00:00:00+00:00,2635.1116462102673,0.0,0.9169525886559822,-0.267159273869366,-1.6342482922482304e-13,3.9711784555146017,0.018267509221161153,0.2692408860902126
2023-10-26 00:00:00+00:00,2614.486027765362,0.0,0.9097753921023234,-0.27289538498245536,-1.6342482922482304e-13,3.9711784555146017,0.018267509221161153,0.2692408860902126
2023-10-27 00:00:00+00:00,2695.6017978654127,100.0,0.9032041549722244,-0.27814720525056413,-1.7408297026122455e-13,4.128774479461475,0.018852254881036506,0.28031449466214586
2023-10-30 00:00:00+00:00,2733.6403530656826,0.0,0.9159495764707671,-0.267960894571706,-1.7408297026122455e-13,4.128774479461475,0.018852254881036506,0.28031449466214586
2023-10-31 00:00:00+00:00,2747.867368863753,0.0,0.9207165638618011,-0.26415105473448885,-1.7408297026122455e-13,4.128774479461475,0.018852254881036506,0.28031449466214586
2023-11-01 00:00:00+00:00,2789.1279029296666,0.0,0.9345415605041898,-0.25310193321664476,-1.7408297026122455e-13,4.128774479461475,0.018852254881036506,0.28031449466214586
2023-11-02 00:00:00+00:00,2797.604466097531,0.0,0.937381767495876,-0.25083200194658917,-1.7408297026122455e-13,4.128774479461475,0.018852254881036506,0.28031449466214586
2023-11-03 00:00:00+00:00,2817.4224407972233,0.0,0.9440220943817205,-0.2455249642251517,-1.7408297026122455e-13,4.128774479461475,0.018852254881036506,0.28031449466214586
2023-11-06 00:00:00+00:00,2845.9384943170276,0.0,0.9535768505934477,-0.23788867575524653,-1.7408297026122455e-13,4.128774479461475,0.018852254881036506,0.28031449466214586
2023-11-07 00:00:00+00:00,2852.8640897431687,0.0,0.9558973812332108,-0.23603407674970256,-1.7408297026122455e-13,4.128774479461475,0.018852254881036506,0.28031449466214586
2023-11-08 00:00:00+00:00,2859.2785503323403,0.0,0.9580466480353895,-0.23431635408503815,-1.7408297026122455e-13,4.128774479461475,0.018852254881036506,0.28031449466214586
2023-11-09 00:00:00+00:00,2932.429705401086,0.0,0.9825571032708136,-0.2147272716889148,-1.7408297026122455e-13,4.128774479461475,0.018852254881036506,0.28031449466214586
2023-11-10 00:00:00+00:00,2957.210503842324,0.0,0.990860302999119,-0.20809124383602662,-1.7408297026122455e-13,4.128774479461475,0.018852254881036506,0.28031449466214586
2023-11-13 00:00:00+00:00,2932.959150250502,0.0,0.9827345021686033,-0.21458549212617706,-1.7408297026122455e-13,4.128774479461475,0.018852254881036506,0.28031449466214586
2023-11-14 00:00:00+00:00,2927.0352187170706,0.0,0.9807495949100449,-0.2161718564536893,-1.7408297026122455e-13,4.128774479461475,0.018852254881036506,0.28031449466214586
2023-11-15 00:00:00+00:00,2996.4135296645145,0.0,1.0039958988568325,-0.197593100610721,-1.7408297026122455e-13,4.128774479461475,0.018852254881036506,0.28031449466214586
2023-11-16 00:00:00+00:00,2939.7502762594827,0.0,0.9850099766964466,-0.21276690256559705,-1.7408297026122455e-13,4.128774479461475,0.018852254881036506,0.28031449466214586
2023-11-17 00:00:00+00:00,2950.4937740429928,0.0,0.9886097561018042,-0.2098899109021578,-1.7408297026122455e-13,4.128774479461475,0.018852254881036506,0.28031449466214586
2023-11-20 00:00:00+00:00,2996.0959960155274,0.0,1.003889504169258,-0.19767813266261025,-1.7408297026122455e-13,4.128774479461475,0.018852254881036506,0.28031449466214586
2023-11-21 00:00:00+00:00,2934.6353837746638,0.0,0.9832961508085934,-0.21413661504981252,-1.7408297026122455e-13,4.128774479461475,0.018852254881036506,0.28031449466214586
2023-11-22 00:00:00+00:00,3009.98498973038,0.0,1.0085432318977274,-0.19395881145676175,-1.7408297026122455e-13,4.128774479461475,0.018852254881036506,0.28031449466214586
2023-11-24 00:00:00+00:00,3021.630826158889,0.0,1.0124453541839957,-0.19084018333454777,-1.7408297026122455e-13,4.128774479461475,0.018852254881036506,0.28031449466214586
2023-11-27 00:00:00+00:00,3094.2299022349525,100.0,1.0032642398377392,-0.19817785224724593,-1.7053025658242404e-13,4.272315528774536,0.019385536879169853,0.2899976870370883
2023-11-28 00:00:00+00:00,3113.1364686458674,0.0,1.0093944507714798,-0.19327850599140373,-1.7053025658242404e-13,4.272315528774536,0.019385536879169853,0.2899976870370883
2023-11-29 00:00:00+00:00,3107.070708816839,0.0,1.007427706180358,-0.19485035447310528,-1.7053025658242404e-13,4.272315528774536,0.019385536879169853,0.2899976870370883
2023-11-30 00:00:00+00:00,3118.1720044689923,0.0,1.011027158482085,-0.1919736242352459,-1.7053025658242404e-13,4.272315528774536,0.019385536879169853,0.2899976870370883
2023-12-01 00:00:00+00:00,3157.4952192993433,0.0,1.0237772050142617,-0.1817836171678845,-1.7053025658242404e-13,4.272315528774536,0.019385536879169853,0.2899976870370883
2023-12-04 00:00:00+00:00,3257.8538488631257,0.0,1.0563171995788998,-0.15577721995601845,-1.7053025658242404e-13,4.272315528774536,0.019385536879169853,0.2899976870370883
2023-12-05 00:00:00+00:00,3312.151684889303,0.0,1.0739225743916407,-0.14170676983549257,-1.7053025658242404e-13,4.272315528774536,0.019385536879169853,0.2899976870370883
2023-12-06 00:00:00+00:00,3281.0708436281125,0.0,1.0638450114546065,-0.1497608924060262,-1.7053025658242404e-13,4.272315528774536,0.019385536879169853,0.2899976870370883
2023-12-07 00:00:00+00:00,3321.2295412641806,0.0,1.0768659525384034,-0.13935438280366985,-1.7053025658242404e-13,4.272315528774536,0.019385536879169853,0.2899976870370883
2023-12-08 00:00:00+00:00,3347.1493834318903,0.0,1.085270127913452,-0.132637653868527,-1.7053025658242404e-13,4.272315528774536,0.019385536879169853,0.2899976870370883
2023-12-11 00:00:00+00:00,3258.8532413676285,0.0,1.0566412397417222,-0.15551824274045012,-1.7053025658242404e-13,4.272315528774536,0.019385536879169853,0.2899976870370883
2023-12-12 00:00:00+00:00,3266.2194266908723,0.0,1.0590296305699185,-0.153609408968156,-1.7053025658242404e-13,4.272315528774536,0.019385536879169853,0.2899976870370883
2023-12-13 00:00:00+00:00,3334.1713542573957,0.0,1.081062168910491,-0.13600071076962372,-1.7053025658242404e-13,4.272315528774536,0.019385536879169853,0.2899976870370883
2023-12-14 00:00:00+00:00,3358.5639132119004,0.0,1.0889711423515118,-0.12967975381811858,-1.7053025658242404e-13,4.272315528774536,0.019385536879169853,0.2899976870370883
2023-12-15 00:00:00+00:00,3307.2722287962656,0.0,1.0723404735256175,-0.14297120592718615,-1.7053025658242404e-13,4.272315528774536,0.019385536879169853,0.2899976870370883
2023-12-18 00:00:00+00:00,3331.3382270274383,0.0,1.0801435638531636,-0.13673487217073355,-1.7053025658242404e-13,4.272315528774536,0.019385536879169853,0.2899976870370883
2023-12-19 00:00:00+00:00,3323.2175673770744,0.0,1.0775105444303925,-0.13883921637519014,-1.7053025658242404e-13,4.272315528774536,0.019385536879169853,0.2899976870370883
2023-12-20 00:00:00+00:00,3330.3444854893146,0.0,1.0798213559434924,-0.13699238502517086,-1.7053025658242404e-13,4.290205831425895,0.019385536879169853,0.2899976870370883
2023-12-21 00:00:00+00:00,3362.916849823543,0.0,1.0903825260491442,-0.1285517571620014,-1.7053025658242404e-13,4.290205831425895,0.019385536879169853,0.2899976870370883
2023-12-22 00:00:00+00:00,3393.9583662482655,0.0,1.100447338413851,-0.1205078250187579,-1.7053025658242404e-13,4.290205831425895,0.019385536879169853,0.2899976870370883
2023-12-26 00:00:00+00:00,3346.2574391826083,0.0,1.0849809264651087,-0.1328687875193002,-1.7053025658242404e-13,4.290205831425895,0.019385536879169853,0.2899976870370883
2023-12-27 00:00:00+00:00,3512.089003713421,100.0,1.1063259643689276,-0.11580954882992744,-1.7763568394002505e-13,4.427469968100619,0.019855321344752465,0.29894932718023304
2023-12-28 00:00:00+00:00,3484.9982196794926,0.0,1.0977922291076183,-0.12262982375239762,-1.7763568394002505e-13,4.427469968100619,0.019855321344752465,0.29894932718023304
2023-12-29 00:00:00+00:00,3456.5159853627765,0.0,1.0888201799042792,-0.1298004050173377,-1.7763568394002505e-13,4.427469968100619,0.019855321344752465,0.29894932718023304
2024-01-02 00:00:00+00:00,3518.1288906397076,0.0,1.108228559582585,-0.11428896938540789,-1.7763568394002505e-13,4.427469968100619,0.019855321344752465,0.29894932718023304
2024-01-03 00:00:00+00:00,3418.609904554599,0.0,1.0768795709501175,-0.13934349878757923,-1.7763568394002505e-13,4.427469968100619,0.019855321344752465,0.29894932718023304
2024-01-04 00:00:00+00:00,3455.6737157693274,0.0,1.0885548606828,-0.1300124516741995,-1.7763568394002505e-13,4.427469968100619,0.019855321344752465,0.29894932718023304
2024-01-05 00:00:00+00:00,3458.4891362533185,0.0,1.0894417325071648,-0.12930365189567983,-1.7763568394002505e-13,4.427469968100619,0.019855321344752465,0.29894932718023304
2024-01-08 00:00:00+00:00,3559.863933891952,0.0,1.121375311252374,-0.10378191028645378,-1.7763568394002505e-13,4.427469968100619,0.019855321344752465,0.29894932718023304
2024-01-09 00:00:00+00:00,3542.6121444434207,0.0,1.1159409095106883,-0.10812515656519539,-1.7763568394002505e-13,4.427469968100619,0.019855321344752465,0.29894932718023304
2024-01-10 00:00:00+00:00,3637.8948234729037,0.0,1.1459554397955107,-0.08413714405449457,-1.7763568394002505e-13,4.427469968100619,0.019855321344752465,0.29894932718023304
2024-01-11 00:00:00+00:00,3641.033318031791,0.0,1.146944081602668,-0.08334700834976627,-1.7763568394002505e-13,4.427469968100619,0.019855321344752465,0.29894932718023304
2024-01-12 00:00:00+00:00,3542.764059269397,0.0,1.1159887634563523,-0.10808691105422508,-1.7763568394002505e-13,4.427469968100619,0.019855321344752465,0.29894932718023304
2024-01-16 00:00:00+00:00,3562.6099896259198,0.0,1.122240332826395,-0.10309057351913697,-1.7763568394002505e-13,4.427469968100619,0.019855321344752465,0.29894932718023304
2024-01-17 00:00:00+00:00,3527.5636985668552,0.0,1.1112005722416038,-0.11191369726987,-1.7763568394002505e-13,4.427469968100619,0.019855321344752465,0.29894932718023304
2024-01-18 00:00:00+00:00,3498.139703095753,0.0,1.1019318634672146,-0.11932137281662081,-1.7763568394002505e-13,4.427469968100619,0.019855321344752465,0.29894932718023304
2024-01-19 00:00:00+00:00,3534.7883130531472,0.0,1.1134763626843545,-0.11009485522588702,-1.7763568394002505e-13,4.427469968100619,0.019855321344752465,0.29894932718023304
2024-01-22 00:00:00+00:00,3444.5891918631924,0.0,1.085063179069077,-0.13280305014229288,-1.7763568394002505e-13,4.427469968100619,0.019855321344752465,0.29894932718023304
2024-01-23 00:00:00+00:00,3435.5725972037844,0.0,1.082222905724254,-0.1350730344426594,-1.7763568394002505e-13,4.427469968100619,0.019855321344752465,0.29894932718023304
2024-01-24 00:00:00+00:00,3438.6632297734004,0.0,1.083196470760469,-0.13429494829414768,-1.7763568394002505e-13,4.427469968100619,0.019855321344752465,0.29894932718023304
2024-01-25 00:00:00+00:00,3442.421499184854,0.0,1.0843803448099558,-0.13334878038011766,-1.7763568394002505e-13,4.427469968100619,0.019855321344752465,0.29894932718023304
2024-01-26 00:00:00+00:00,3492.8655048772794,0.0,1.1002704641051382,-0.12064918532291591,-1.7763568394002505e-13,4.427469968100619,0.019855321344752465,0.29894932718023304
2024-01-29 00:00:00+00:00,3653.079943851046,100.0,1.1192383197591809,-0.10548982236062343,-1.8118839761882555e-13,4.561262920362858,0.02033044711397638,0.3077977630712954
2024-01-30 00:00:00+00:00,3652.0899911997576,0.0,1.1189350159828881,-0.1057322267797901,-1.8118839761882555e-13,4.561262920362858,0.02033044711397638,0.3077977630712954
2024-01-31 00:00:00+00:00,3592.7955322071552,0.0,1.100768254873371,-0.12025134430848827,-1.8118839761882555e-13,4.561262920362858,0.02033044711397638,0.3077977630712954
2024-02-01 00:00:00+00:00,3636.165147444905,0.0,1.1140559288453042,-0.10963165822804255,-1.8118839761882555e-13,4.561262920362858,0.02033044711397638,0.3077977630712954
2024-02-02 00:00:00+00:00,3661.089337583624,0.0,1.121692254663789,-0.10352860488916582,-1.8118839761882555e-13,4.561262920362858,0.02033044711397638,0.3077977630712954
2024-02-05 00:00:00+00:00,3641.3039146417195,0.0,1.1156303551517086,-0.10837335574665063,-1.8118839761882555e-13,4.561262920362858,0.02033044711397638,0.3077977630712954
2024-02-06 00:00:00+00:00,3677.464411948739,0.0,1.1267092844030895,-0.09951892787570438,-1.8118839761882555e-13,4.561262920362858,0.02033044711397638,0.3077977630712954
2024-02-07 00:00:00+00:00,3736.051266975507,0.0,1.1446592483206623,-0.0851730775513666,-1.8118839761882555e-13,4.561262920362858,0.02033044711397638,0.3077977630712954
2024-02-08 00:00:00+00:00,3754.8482872581535,0.0,1.15041831894627,-0.0805703515747771,-1.8118839761882555e-13,4.561262920362858,0.02033044711397638,0.3077977630712954
2024-02-09 00:00:00+00:00,3824.8248830863304,0.0,1.1718578956160954,-0.06343555624399799,-1.8118839761882555e-13,4.561262920362858,0.02033044711397638,0.3077977630712954
2024-02-12 00:00:00+00:00,3933.858513911376,0.0,1.2052638488494152,-0.03673707332627674,-1.8118839761882555e-13,4.561262920362858,0.02033044711397638,0.3077977630712954
2024-02-13 00:00:00+00:00,3893.6744305690254,0.0,1.1929521648423735,-0.04657673522290329,-1.8118839761882555e-13,4.561262920362858,0.02033044711397638,0.3077977630712954
2024-02-14 00:00:00+00:00,3997.480459165371,0.0,1.2247564743052994,-0.02115830734643387,-1.8118839761882555e-13,4.561262920362858,0.02033044711397638,0.3077977630712954
2024-02-15 00:00:00+00:00,4028.051583166721,0.0,1.2341229196025107,-0.013672519468423405,-1.8118839761882555e-13,4.561262920362858,0.02033044711397638,0.3077977630712954
2024-02-16 00:00:00+00:00,4015.850752625405,0.0,1.2303848034691056,-0.01666007168808681,-1.8118839761882555e-13,4.561262920362858,0.02033044711397638,0.3077977630712954
2024-02-20 00:00:00+00:00,4072.6590861086315,0.0,1.247789860213924,-0.002749718436439119,-1.8118839761882555e-13,4.561262920362858,0.02033044711397638,0.3077977630712954
2024-02-21 00:00:00+00:00,4051.994579024449,0.0,1.2414586250526232,-0.0078097259333503866,-1.8118839761882555e-13,4.561262920362858,0.02033044711397638,0.3077977630712954
2024-02-22 00:00:00+00:00,4085.4552243131543,0.0,1.2517103679617883,0.0,-1.8118839761882555e-13,4.561262920362858,0.02033044711397638,0.3077977630712954
2024-02-23 00:00:00+00:00,4060.216499043121,0.0,1.243977674207948,-0.006177702088088988,-1.8118839761882555e-13,4.561262920362858,0.02033044711397638,0.3077977630712954
2024-02-26 00:00:00+00:00,4206.384766312925,0.0,1.2887610154913869,0.0,-1.8118839761882555e-13,4.561262920362858,0.02033044711397638,0.3077977630712954
2024-02-27 00:00:00+00:00,4384.1097677839025,100.0,1.312574564985721,0.0,-1.9184653865522705e-13,4.690034076216294,0.02069702797534148,0.314085656445731
2024-02-28 00:00:00+00:00,4536.592857177452,0.0,1.3582270315820553,0.0,-1.9184653865522705e-13,4.690034076216294,0.02069702797534148,0.314085656445731
2024-02-29 00:00:00+00:00,4504.2215746655365,0.0,1.348535275601551,-0.007135593501784054,-1.9184653865522705e-13,4.690034076216294,0.02069702797534148,0.314085656445731
2024-03-01 00:00:00+00:00,4580.657991583921,0.0,1.371419852402745,0.0,-1.9184653865522705e-13,4.690034076216294,0.02069702797534148,0.314085656445731
2024-03-04 00:00:00+00:00,4760.3070955625735,0.0,1.4252056508874507,0.0,-1.9184653865522705e-13,4.690034076216294,0.02069702797534148,0.314085656445731
2024-03-05 00:00:00+00:00,4621.307495327538,0.0,1.3835900551392823,-0.029199712843023695,-1.9184653865522705e-13,4.690034076216294,0.02069702797534148,0.314085656445731
2024-03-06 00:00:00+00:00,4764.744369967415,0.0,1.4265341426064437,0.0,-1.9184653865522705e-13,4.690034076216294,0.02069702797534148,0.314085656445731
2024-03-07 00:00:00+00:00,4817.768570032109,0.0,1.4424092506717265,0.0,-1.9184653865522705e-13,4.690034076216294,0.02069702797534148,0.314085656445731
2024-03-08 00:00:00+00:00,4835.821070153955,0.0,1.4478140543261557,0.0,-1.9184653865522705e-13,4.690034076216294,0.02069702797534148,0.314085656445731
2024-03-11 00:00:00+00:00,4972.813844251727,0.0,1.4888288190998176,0.0,-1.9184653865522705e-13,4.690034076216294,0.02069702797534148,0.314085656445731
2024-03-12 00:00:00+00:00,4956.799486317157,0.0,1.4840342222459806,-0.003220381545768203,-1.9184653865522705e-13,4.690034076216294,0.02069702797534148,0.314085656445731
2024-03-13 00:00:00+00:00,4994.758872763073,0.0,1.4953990209828876,0.0,-1.9184653865522705e-13,4.690034076216294,0.02069702797534148,0.314085656445731
2024-03-14 00:00:00+00:00,4916.377608186254,0.0,1.4719321691693317,-0.015692702405363135,-1.9184653865522705e-13,4.690034076216294,0.02069702797534148,0.314085656445731
2024-03-15 00:00:00+00:00,4818.171458589108,0.0,1.4425298729418001,-0.035354542365781394,-1.9184653865522705e-13,4.690034076216294,0.02069702797534148,0.314085656445731
2024-03-18 00:00:00+00:00,4723.203460879992,0.0,1.4140970587826744,-0.054368072373603304,-1.9184653865522705e-13,4.690034076216294,0.02069702797534148,0.314085656445731
2024-03-19 00:00:00+00:00,4504.583825044129,0.0,1.348643731059622,-0.09813788016713232,-1.9184653865522705e-13,4.690034076216294,0.02069702797534148,0.314085656445731
2024-03-20 00:00:00+00:00,4758.632414857307,0.0,1.4247042621415855,-0.047274846278043015,-1.9184653865522705e-13,4.690034076216294,0.02069702797534148,0.314085656445731
2024-03-21 00:00:00+00:00,4710.283605313581,0.0,1.4102289362451466,-0.056954754913348116,-1.9184653865522705e-13,4.690034076216294,0.02069702797534148,0.314085656445731
2024-03-22 00:00:00+00:00,4622.9077739164295,0.0,1.3840691683649837,-0.07444825832822166,-1.9184653865522705e-13,4.705136381361755,0.02069702797534148,0.314085656445731
2024-03-25 00:00:00+00:00,4822.7808266110615,0.0,1.4439098883945913,-0.03443170141602325,-1.9184653865522705e-13,4.705136381361755,0.02069702797534148,0.314085656445731
2024-03-26 00:00:00+00:00,4817.7404912326765,0.0,1.442400844057864,-0.03544082628206435,-1.9184653865522705e-13,4.705136381361755,0.02069702797534148,0.314085656445731
2024-03-27 00:00:00+00:00,4898.976393580796,100.0,1.436782992631389,-0.03919758374120885,-2.0605739337042905e-13,4.83020158332314,0.02098236314445462,0.31965249602584617
2024-03-28 00:00:00+00:00,4945.141669460882,0.0,1.4503224502457506,-0.030143506919985352,-2.0605739337042905e-13,4.83020158332314,0.02098236314445462,0.31965249602584617
2024-04-01 00:00:00+00:00,4900.250686219935,0.0,1.4371567200888127,-0.03894766552394402,-2.0605739337042905e-13,4.83020158332314,0.02098236314445462,0.31965249602584617
2024-04-02 00:00:00+00:00,4725.38500056816,0.0,1.3858717121699122,-0.07324286513240186,-2.0605739337042905e-13,4.83020158332314,0.02098236314445462,0.31965249602584617
2024-04-03 00:00:00+00:00,4748.1255963917265,0.0,1.3925411260834837,-0.0687829090805463,-2.0605739337042905e-13,4.83020158332314,0.02098236314445462,0.31965249602584617
2024-04-04 00:00:00+00:00,4777.990838522743,0.0,1.4013000725484814,-0.06292564533883227,-2.0605739337042905e-13,4.83020158332314,0.02098236314445462,0.31965249602584617
2024-04-05 00:00:00+00:00,4785.138663899058,0.0,1.4033964031101975,-0.06152379169823119,-2.0605739337042905e-13,4.83020158332314,0.02098236314445462,0.31965249602584617
2024-04-08 00:00:00+00:00,4986.208647486365,0.0,1.4623666674138707,-0.02208932405700359,-2.0605739337042905e-13,4.83020158332314,0.02098236314445462,0.31965249602584617
2024-04-09 00:00:00+00:00,4876.983107199161,0.0,1.4303327513388184,-0.04351097515183788,-2.0605739337042905e-13,4.83020158332314,0.02098236314445462,0.31965249602584617
2024-04-10 00:00:00+00:00,4898.374424211789,0.0,1.4366064456791305,-0.03931564383739816,-2.0605739337042905e-13,4.83020158332314,0.02098236314445462,0.31965249602584617
2024-04-11 00:00:00+00:00,4887.951166371474,0.0,1.433549488798832,-0.041359885432721066,-2.0605739337042905e-13,4.83020158332314,0.02098236314445462,0.31965249602584617
2024-04-12 00:00:00+00:00,4711.233533322053,0.0,1.3817213375147845,-0.07601829469794996,-2.0605739337042905e-13,4.83020158332314,0.02098236314445462,0.31965249602584617
2024-04-15 00:00:00+00:00,4561.589862989335,0.0,1.3378334998900285,-0.10536687458127081,-2.0605739337042905e-13,4.83020158332314,0.02098236314445462,0.31965249602584617
2024-04-16 00:00:00+00:00,4559.735385218938,0.0,1.337289614411378,-0.10573058050257944,-2.0605739337042905e-13,4.83020158332314,0.02098236314445462,0.31965249602584617
2024-04-17 00:00:00+00:00,4461.882214350442,0.0,1.3085910128293963,-0.1249218473011352,-2.0605739337042905e-13,4.83020158332314,0.02098236314445462,0.31965249602584617
2024-04-18 00:00:00+00:00,4528.068090839511,0.0,1.3280021579446288,-0.11194126830993445,-2.0605739337042905e-13,4.83020158332314,0.02098236314445462,0.31965249602584617
2024-04-19 00:00:00+00:00,4514.282469549955,0.0,1.323959079427728,-0.11464494703392036,-2.0605739337042905e-13,4.83020158332314,0.02098236314445462,0.31965249602584617
2024-04-22 00:00:00+00:00,4642.28319191192,0.0,1.361499423809706,-0.08954104910753036,-2.0605739337042905e-13,4.83020158332314,0.02098236314445462,0.31965249602584617
2024-04-23 00:00:00+00:00,4667.901994723108,0.0,1.3690129648463445,-0.08451661019108647,-2.0605739337042905e-13,4.83020158332314,0.02098236314445462,0.31965249602584617
2024-04-24 00:00:00+00:00,4596.540718759674,0.0,1.3480839667456217,-0.09851220454888321,-2.0605739337042905e-13,4.83020158332314,0.02098236314445462,0.31965249602584617
2024-04-25 00:00:00+00:00,4596.441587466486,0.0,1.348054893293405,-0.09853164648498758,-2.0605739337042905e-13,4.83020158332314,0.02098236314445462,0.31965249602584617
2024-04-26 00:00:00+00:00,4595.691850095639,0.0,1.3478350086038635,-0.09867868729914908,-2.0605739337042905e-13,4.83020158332314,0.02098236314445462,0.31965249602584617
2024-04-29 00:00:00+00:00,4732.747802697875,100.0,1.3587028630692188,-0.09141115915926024,-2.0961010704922955e-13,4.958113056304335,0.02129875211117377,0.32577181642473163
2024-04-30 00:00:00+00:00,4561.952538954607,0.0,1.3096700340403074,-0.12420028657000548,-2.0961010704922955e-13,4.958113056304335,0.02129875211117377,0.32577181642473163
2024-05-01 00:00:00+00:00,4491.829659442004,0.0,1.28953877813309,-0.13766241649301791,-2.0961010704922955e-13,4.958113056304335,0.02129875211117377,0.32577181642473163
2024-05-02 00:00:00+00:00,4532.389075411678,0.0,1.3011827948649761,-0.12987585480045194,-2.0961010704922955e-13,4.958113056304335,0.02129875211117377,0.32577181642473163
2024-05-03 00:00:00+00:00,4680.265212801798,0.0,1.3436358770125267,-0.10148672149765803,-2.0961010704922955e-13,4.958113056304335,0.02129875211117377,0.32577181642473163
2024-05-06 00:00:00+00:00,4696.76391893637,0.0,1.3483724148963334,-0.09831931412521411,-2.0961010704922955e-13,4.958113056304335,0.02129875211117377,0.32577181642473163
2024-05-07 00:00:00+00:00,4663.425583328361,0.0,1.3388014650107845,-0.10471957903862716,-2.0961010704922955e-13,4.958113056304335,0.02129875211117377,0.32577181642473163
2024-05-08 00:00:00+00:00,4629.435080258429,0.0,1.329043287359325,-0.11124504649884093,-2.0961010704922955e-13,4.958113056304335,0.02129875211117377,0.32577181642473163
2024-05-09 00:00:00+00:00,4703.237623702877,0.0,1.3502309211103987,-0.09707649786815675,-2.0961010704922955e-13,4.958113056304335,0.02129875211117377,0.32577181642473163
2024-05-10 00:00:00+00:00,4616.603688024787,0.0,1.3253595818056345,-0.11370840611189548,-2.0961010704922955e-13,4.958113056304335,0.02129875211117377,0.32577181642473163
2024-05-13 00:00:00+00:00,4675.690322295492,0.0,1.3423224926767707,-0.1023650050309004,-2.0961010704922955e-13,4.958113056304335,0.02129875211117377,0.32577181642473163
2024-05-14 00:00:00+00:00,4635.425970651846,0.0,1.3307631846091275,-0.11009492052866876,-2.0961010704922955e-13,4.958113056304335,0.02129875211117377,0.32577181642473163
2024-05-15 00:00:00+00:00,4812.140400661827,0.0,1.381495319937221,-0.07616943668372911,-2.0961010704922955e-13,4.958113056304335,0.02129875211117377,0.32577181642473163
2024-05-16 00:00:00+00:00,4758.223036508489,0.0,1.3660164311186522,-0.08652044574644391,-2.0961010704922955e-13,4.958113056304335,0.02129875211117377,0.32577181642473163
2024-05-17 00:00:00+00:00,4847.881318975502,0.0,1.3917560162738887,-0.06930792601487523,-2.0961010704922955e-13,4.958113056304335,0.02129875211117377,0.32577181642473163
2024-05-20 00:00:00+00:00,5130.072508148767,0.0,1.4727689906910044,-0.015133104926743246,-2.0961010704922955e-13,4.958113056304335,0.02129875211117377,0.32577181642473163
2024-05-21 00:00:00+00:00,5150.55604593704,0.0,1.4786495156204857,-0.011200693010613882,-2.0961010704922955e-13,4.958113056304335,0.02129875211117377,0.32577181642473163
2024-05-22 00:00:00+00:00,5105.708330356556,0.0,1.4657743906187728,-0.019810518763509144,-2.0961010704922955e-13,4.958113056304335,0.02129875211117377,0.32577181642473163
2024-05-23 00:00:00+00:00,5077.212404715789,0.0,1.4575936260042188,-0.025281141988323763,-2.0961010704922955e-13,4.958113056304335,0.02129875211117377,0.32577181642473163
2024-05-24 00:00:00+00:00,5087.860159868449,0.0,1.4606504412021326,-0.02323699513853872,-2.0961010704922955e-13,4.958113056304335,0.02129875211117377,0.32577181642473163
2024-05-28 00:00:00+00:00,5223.811176511377,100.0,1.4709714537046688,-0.01633514997365937,-2.2026824808563106e-13,5.081153710782185,0.021586353806170744,0.3308999515182522
2024-05-29 00:00:00+00:00,5164.714716680305,0.0,1.4543304989516745,-0.0274632532554554,-2.2026824808563106e-13,5.081153710782185,0.021586353806170744,0.3308999515182522
2024-05-30 00:00:00+00:00,5156.846851142495,0.0,1.4521149890075662,-0.028944804274963265,-2.2026824808563106e-13,5.081153710782185,0.021586353806170744,0.3308999515182522
2024-05-31 00:00:00+00:00,5165.312841849177,0.0,1.4544989248421638,-0.02735062385813336,-2.2026824808563106e-13,5.081153710782185,0.021586353806170744,0.3308999515182522
2024-06-03 00:00:00+00:00,5196.996540919552,0.0,1.4634207283502716,-0.021384454706675826,-2.2026824808563106e-13,5.081153710782185,0.021586353806170744,0.3308999515182522
2024-06-04 00:00:00+00:00,5251.579296711791,0.0,1.478790670509731,-0.011106300218279186,-2.2026824808563106e-13,5.081153710782185,0.021586353806170744,0.3308999515182522
2024-06-05 00:00:00+00:00,5311.85945655422,0.0,1.4957649430009856,0.0,-2.2026824808563106e-13,5.081153710782185,0.021586353806170744,0.3308999515182522
2024-06-06 00:00:00+00:00,5287.249467047902,0.0,1.4888350232897718,-0.004633027230408371,-2.2026824808563106e-13,5.081153710782185,0.021586353806170744,0.3308999515182522
2024-06-07 00:00:00+00:00,5208.12067095977,0.0,1.466553168858465,-0.01952965556467212,-2.2026824808563106e-13,5.081153710782185,0.021586353806170744,0.3308999515182522
2024-06-10 00:00:00+00:00,5216.81732958359,0.0,1.469002058404047,-0.01789244006698243,-2.2026824808563106e-13,5.081153710782185,0.021586353806170744,0.3308999515182522
2024-06-11 00:00:00+00:00,5118.037119159151,0.0,1.4411865679861242,-0.03648860422237177,-2.2026824808563106e-13,5.081153710782185,0.021586353806170744,0.3308999515182522
2024-06-12 00:00:00+00:00,5180.199508393708,0.0,1.4586908568986452,-0.024786037589541232,-2.2026824808563106e-13,5.081153710782185,0.021586353806170744,0.3308999515182522
2024-06-13 00:00:00+00:00,5122.7717274821825,0.0,1.4425197849521139,-0.03559727636218346,-2.2026824808563106e-13,5.081153710782185,0.021586353806170744,0.3308999515182522
2024-06-14 00:00:00+00:00,5113.170464713548,0.0,1.439816168191293,-0.037404790820569245,-2.2026824808563106e-13,5.081153710782185,0.021586353806170744,0.3308999515182522
2024-06-17 00:00:00+00:00,5153.043388081409,0.0,1.4510439729621858,-0.029898394295212682,-2.2026824808563106e-13,5.081153710782185,0.021586353806170744,0.3308999515182522
2024-06-18 00:00:00+00:00,5121.885219341346,0.0,1.4422701533853162,-0.0357641686054907,-2.2026824808563106e-13,5.081153710782185,0.021586353806170744,0.3308999515182522
2024-06-20 00:00:00+00:00,5117.9951353006445,0.0,1.4411747457637478,-0.036496508019309704,-2.2026824808563106e-13,5.081153710782185,0.021586353806170744,0.3308999515182522
2024-06-21 00:00:00+00:00,5098.5183689605965,0.0,1.4356902888550622,-0.04016316495919092,-2.2026824808563106e-13,5.081153710782185,0.021586353806170744,0.3308999515182522
2024-06-24 00:00:00+00:00,4953.692451882113,0.0,1.3949088014351207,-0.06742780143216554,-2.2026824808563106e-13,5.081153710782185,0.021586353806170744,0.3308999515182522
2024-06-25 00:00:00+00:00,5010.872504821712,0.0,1.4110101157348545,-0.05666319943031006,-2.2026824808563106e-13,5.081153710782185,0.021586353806170744,0.3308999515182522
2024-06-26 00:00:00+00:00,4985.638538378934,0.0,1.403904490541515,-0.061413695306408944,-2.2026824808563106e-13,5.081153710782185,0.021586353806170744,0.3308999515182522
2024-06-27 00:00:00+00:00,5134.660881500173,100.0,1.4177086777313772,-0.05218484738183693,-2.3447910280083306e-13,5.20037839267583,0.02191445766757904,0.3368226671728012
2024-06-28 00:00:00+00:00,5072.89720064888,0.0,1.4006553789191827,-0.06358590266929409,-2.3447910280083306e-13,5.218928519747859,0.02191445766757904,0.3368226671728012
2024-07-01 00:00:00+00:00,5153.974641467567,0.0,1.4230413152194827,-0.04861968995983812,-2.3447910280083306e-13,5.218928519747859,0.02191445766757904,0.3368226671728012
2024-07-02 00:00:00+00:00,5147.159365370178,0.0,1.4211595792514433,-0.04987773252651584,-2.3447910280083306e-13,5.218928519747859,0.02191445766757904,0.3368226671728012
2024-07-03 00:00:00+00:00,5074.435903943082,0.0,1.4010802235317068,-0.0633018710007408,-2.3447910280083306e-13,5.218928519747859,0.02191445766757904,0.3368226671728012
2024-07-05 00:00:00+00:00,4906.138830251986,0.0,1.354612457243906,-0.09436809334084428,-2.3447910280083306e-13,5.218928519747859,0.02191445766757904,0.3368226671728012
2024-07-08 00:00:00+00:00,4923.116931027114,0.0,1.3593002061246586,-0.09123407893390978,-2.3447910280083306e-13,5.218928519747859,0.02191445766757904,0.3368226671728012
2024-07-09 00:00:00+00:00,4971.349891342417,0.0,1.372617597081878,-0.08233068069641647,-2.3447910280083306e-13,5.218928519747859,0.02191445766757904,0.3368226671728012
2024-07-10 00:00:00+00:00,5001.510147957376,0.0,1.3809450131493515,-0.07676335134668177,-2.3447910280083306e-13,5.218928519747859,0.02191445766757904,0.3368226671728012
2024-07-11 00:00:00+00:00,4969.485882271296,0.0,1.3721029337191972,-0.08267476107153748,-2.3447910280083306e-13,5.218928519747859,0.02191445766757904,0.3368226671728012
2024-07-12 00:00:00+00:00,5009.569721400008,0.0,1.383170306595624,-0.07527562197002724,-2.3447910280083306e-13,5.218928519747859,0.02191445766757904,0.3368226671728012
2024-07-15 00:00:00+00:00,5285.22033503059,0.0,1.459278987574742,-0.024392840330273446,-2.3447910280083306e-13,5.218928519747859,0.02191445766757904,0.3368226671728012
2024-07-16 00:00:00+00:00,5294.297476965223,0.0,1.46178523739079,-0.02271727638035248,-2.3447910280083306e-13,5.218928519747859,0.02191445766757904,0.3368226671728012
2024-07-17 00:00:00+00:00,5216.284185824622,0.0,1.440245330008221,-0.03711787286669155,-2.3447910280083306e-13,5.218928519747859,0.02191445766757904,0.3368226671728012
2024-07-18 00:00:00+00:00,5207.285985464765,0.0,1.4377608764038754,-0.03877886486678539,-2.3447910280083306e-13,5.218928519747859,0.02191445766757904,0.3368226671728012
2024-07-19 00:00:00+00:00,5274.096451879525,0.0,1.4562076210254624,-0.026446215470298795,-2.3447910280083306e-13,5.218928519747859,0.02191445766757904,0.3368226671728012
2024-07-22 00:00:00+00:00,5299.020190441352,0.0,1.4630892050786406,-0.021845503249184994,-2.3447910280083306e-13,5.218928519747859,0.02191445766757904,0.3368226671728012
2024-07-23 00:00:00+00:00,5274.061687410495,0.0,1.4561980223605149,-0.02645263269848186,-2.3447910280083306e-13,5.218928519747859,0.02191445766757904,0.3368226671728012
2024-07-24 00:00:00+00:00,5151.576969442762,0.0,1.4223793045211388,-0.04906228002149293,-2.3447910280083306e-13,5.218928519747859,0.02191445766757904,0.3368226671728012
2024-07-25 00:00:00+00:00,5093.765314958549,0.0,1.4064171823619962,-0.0597338245270872,-2.3447910280083306e-13,5.218928519747859,0.02191445766757904,0.3368226671728012
2024-07-26 00:00:00+00:00,5202.316152581554,0.0,1.4363886776612496,-0.039696254159165,-2.3447910280083306e-13,5.218928519747859,0.02191445766757904,0.3368226671728012
2024-07-29 00:00:00+00:00,5293.768454180683,100.0,1.4340286101753508,-0.04127408729193227,-2.3092638912203256e-13,5.338433551417588,0.02220705942691603,0.34292941270284827
2024-07-30 00:00:00+00:00,5253.345392068098,0.0,1.423078409371883,-0.04859489050684007,-2.3092638912203256e-13,5.338433551417588,0.02220705942691603,0.34292941270284827
2024-07-31 00:00:00+00:00,5244.673152932435,0.0,1.4207291870470944,-0.050165473061125065,-2.3092638912203256e-13,5.338433551417588,0.02220705942691603,0.34292941270284827
2024-08-01 00:00:00+00:00,5213.899181744082,0.0,1.4123928278891946,-0.05573878135191468,-2.3092638912203256e-13,5.338433551417588,0.02220705942691603,0.34292941270284827
2024-08-02 00:00:00+00:00,5006.274251651646,0.0,1.3561493233771917,-0.09334061496566437,-2.3092638912203256e-13,5.338433551417588,0.02220705942691603,0.34292941270284827
2024-08-05 00:00:00+00:00,4566.1711251566085,0.0,1.2369298145747076,-0.17304532348978008,-2.3092638912203256e-13,5.338433551417588,0.02220705942691603,0.34292941270284827
2024-08-06 00:00:00+00:00,4650.274355320543,0.0,1.2597125334085841,-0.15781384013373412,-2.3092638912203256e-13,5.338433551417588,0.02220705942691603,0.34292941270284827
2024-08-07 00:00:00+00:00,4572.133410594467,0.0,1.2385449377093751,-0.17196552606423865,-2.3092638912203256e-13,5.338433551417588,0.02220705942691603,0.34292941270284827
2024-08-08 00:00:00+00:00,4893.486791346439,0.0,1.3255963352088191,-0.11376694485883154,-2.3092638912203256e-13,5.338433551417588,0.02220705942691603,0.34292941270284827
2024-08-09 00:00:00+00:00,4857.102480643394,0.0,1.31574019152568,-0.12035631154325499,-2.3092638912203256e-13,5.338433551417588,0.02220705942691603,0.34292941270284827
2024-08-12 00:00:00+00:00,4867.6772320119735,0.0,1.3186047852719474,-0.11844117523813469,-2.3092638912203256e-13,5.338433551417588,0.02220705942691603,0.34292941270284827
2024-08-13 00:00:00+00:00,4931.869582273917,0.0,1.335993847076743,-0.10681564417714617,-2.3092638912203256e-13,5.338433551417588,0.02220705942691603,0.34292941270284827
2024-08-14 00:00:00+00:00,4884.024103539396,0.0,1.3230329882921743,-0.1154806813176511,-2.3092638912203256e-13,5.338433551417588,0.02220705942691603,0.34292941270284827
2024-08-15 00:00:00+00:00,4873.061456188337,0.0,1.320063317427128,-0.11746606737643128,-2.3092638912203256e-13,5.338433551417588,0.02220705942691603,0.34292941270284827
2024-08-16 00:00:00+00:00,4916.220089902657,0.0,1.331754557053133,-0.1096498395120793,-2.3092638912203256e-13,5.338433551417588,0.02220705942691603,0.34292941270284827
2024-08-19 00:00:00+00:00,4969.862985391666,0.0,1.3462858777048958,-0.09993486342592484,-2.3092638912203256e-13,5.338433551417588,0.02220705942691603,0.34292941270284827
2024-08-20 00:00:00+00:00,4934.10424385121,0.0,1.3365991944136417,-0.10641093664623946,-2.3092638912203256e-13,5.338433551417588,0.02220705942691603,0.34292941270284827
2024-08-21 00:00:00+00:00,5011.138236861252,0.0,1.3574669280307414,-0.09245972478320952,-2.3092638912203256e-13,5.338433551417588,0.02220705942691603,0.34292941270284827
2024-08-22 00:00:00+00:00,4968.866105956093,0.0,1.346015833096054,-0.10011540289511445,-2.3092638912203256e-13,5.338433551417588,0.02220705942691603,0.34292941270284827
2024-08-23 00:00:00+00:00,5127.569516894459,0.0,1.3890069903005784,-0.07137348231080776,-2.3092638912203256e-13,5.338433551417588,0.02220705942691603,0.34292941270284827
2024-08-26 00:00:00+00:00,5065.95250155181,0.0,1.372315560813293,-0.08253260832548548,-2.3092638912203256e-13,5.338433551417588,0.02220705942691603,0.34292941270284827
2024-08-27 00:00:00+00:00,5014.555071702815,100.0,1.3313035203756318,-0.10995138199682053,-2.3447910280083306e-13,5.455047744612672,0.022524881544918048,0.3503795561327953
2024-08-28 00:00:00+00:00,5014.777921866414,0.0,1.3313626843898012,-0.10991182764408192,-2.3447910280083306e-13,5.455047744612672,0.022524881544918048,0.3503795561327953
2024-08-29 00:00:00+00:00,5022.26259176309,0.0,1.3333497734215927,-0.10858335083956161,-2.3447910280083306e-13,5.455047744612672,0.022524881544918048,0.3503795561327953
2024-08-30 00:00:00+00:00,5042.752563623509,0.0,1.3387896123066225,-0.10494652346873434,-2.3447910280083306e-13,5.455047744612672,0.022524881544918048,0.3503795561327953
2024-09-03 00:00:00+00:00,4913.440375485146,0.0,1.3044587955473166,-0.12789853669778306,-2.3447910280083306e-13,5.455047744612672,0.022524881544918048,0.3503795561327953
2024-09-04 00:00:00+00:00,4926.357010659889,0.0,1.307888005444039,-0.12560592386929803,-2.3447910280083306e-13,5.455047744612672,0.022524881544918048,0.3503795561327953
2024-09-05 00:00:00+00:00,4850.5023049730535,0.0,1.2877495015740137,-0.13906960609039687,-2.3447910280083306e-13,5.455047744612672,0.022524881544918048,0.3503795561327953
2024-09-06 00:00:00+00:00,4704.379518639784,0.0,1.2489556749890123,-0.16500538347742966,-2.3447910280083306e-13,5.455047744612672,0.022524881544918048,0.3503795561327953
2024-09-09 00:00:00+00:00,4851.273484557369,0.0,1.2879542403954565,-0.13893272708250137,-2.3447910280083306e-13,5.455047744612672,0.022524881544918048,0.3503795561327953
2024-09-10 00:00:00+00:00,4886.113002496556,0.0,1.2972037096339863,-0.1327489551724762,-2.3447910280083306e-13,5.455047744612672,0.022524881544918048,0.3503795561327953
2024-09-11 00:00:00+00:00,4890.741152099497,0.0,1.2984324271914005,-0.13192749083533983,-2.3447910280083306e-13,5.455047744612672,0.022524881544918048,0.3503795561327953
2024-09-12 00:00:00+00:00,4939.957775515237,0.0,1.3114988434691115,-0.12319188278485593,-2.3447910280083306e-13,5.455047744612672,0.022524881544918048,0.3503795561327953
2024-09-13 00:00:00+00:00,5035.266606662573,0.0,1.3368021815748885,-0.10627522871820128,-2.3447910280083306e-13,5.455047744612672,0.022524881544918048,0.3503795561327953
2024-09-16 00:00:00+00:00,4937.791519105345,0.0,1.310923728679606,-0.12357637821790945,-2.3447910280083306e-13,5.455047744612672,0.022524881544918048,0.3503795561327953
2024-09-17 00:00:00+00:00,5002.562486937225,0.0,1.328119634649273,-0.11207998231016314,-2.3447910280083306e-13,5.455047744612672,0.022524881544918048,0.3503795561327953
2024-09-18 00:00:00+00:00,5037.5139918148025,0.0,1.3373988350609947,-0.10587633349813486,-2.3447910280083306e-13,5.455047744612672,0.022524881544918048,0.3503795561327953
2024-09-19 00:00:00+00:00,5145.064315439452,0.0,1.3659521408701207,-0.08678689973199838,-2.3447910280083306e-13,5.455047744612672,0.022524881544918048,0.3503795561327953
2024-09-20 00:00:00+00:00,5178.848772290672,0.0,1.3749215041928642,-0.08079039382061637,-2.3447910280083306e-13,5.455047744612672,0.022524881544918048,0.3503795561327953
2024-09-23 00:00:00+00:00,5218.9973695413555,0.0,1.3855804695634106,-0.07366429729026103,-2.3447910280083306e-13,5.455047744612672,0.022524881544918048,0.3503795561327953
2024-09-24 00:00:00+00:00,5250.20128972074,0.0,1.3938647317143549,-0.06812581867454803,-2.3447910280083306e-13,5.455047744612672,0.022524881544918048,0.3503795561327953
2024-09-25 00:00:00+00:00,5193.680925464152,0.0,1.3788592608736177,-0.07815778988162236,-2.3447910280083306e-13,5.455047744612672,0.022524881544918048,0.3503795561327953
2024-09-26 00:00:00+00:00,5268.9551898178925,0.0,1.398843664613308,-0.06479713195659098,-2.3447910280083306e-13,5.455047744612672,0.022524881544918048,0.3503795561327953
2024-09-27 00:00:00+00:00,5400.817204694158,100.0,1.4073026429203563,-0.059141846113297314,-2.3803181647963356e-13,5.585841230964756,0.022831292660188705,0.35796623481549594
2024-09-30 00:00:00+00:00,5324.84205832154,0.0,1.387505634387367,-0.07237722017766746,-2.3803181647963356e-13,5.585841230964756,0.022831292660188705,0.35796623481549594
2024-10-01 00:00:00+00:00,5184.4433736045885,0.0,1.3509216448583423,-0.09683560162336802,-2.3803181647963356e-13,5.585841230964756,0.022831292660188705,0.35796623481549594
2024-10-02 00:00:00+00:00,5151.414807822347,0.0,1.3423153198975903,-0.10258939669726852,-2.3803181647963356e-13,5.585841230964756,0.022831292660188705,0.35796623481549594
2024-10-03 00:00:00+00:00,5143.127348445673,0.0,1.3401558386483914,-0.104033127050292,-2.3803181647963356e-13,5.585841230964756,0.022831292660188705,0.35796623481549594
2024-10-04 00:00:00+00:00,5223.564177388946,0.0,1.3611154374775487,-0.090020498309906,-2.3803181647963356e-13,5.585841230964756,0.022831292660188705,0.35796623481549594
2024-10-07 00:00:00+00:00,5203.209128090248,0.0,1.3558114781711803,-0.09356648281180713,-2.3803181647963356e-13,5.585841230964756,0.022831292660188705,0.35796623481549594
2024-10-08 00:00:00+00:00,5235.860994523311,0.0,1.3643196457661868,-0.08787831126131174,-2.3803181647963356e-13,5.585841230964756,0.022831292660188705,0.35796623481549594
2024-10-09 00:00:00+00:00,5195.9564199773995,0.0,1.353921624301164,-0.09482995263630012,-2.3803181647963356e-13,5.585841230964756,0.022831292660188705,0.35796623481549594
2024-10-10 00:00:00+00:00,5189.65038721721,0.0,1.3522784476792922,-0.09592850533975839,-2.3803181647963356e-13,5.585841230964756,0.022831292660188705,0.35796623481549594
2024-10-11 00:00:00+00:00,5276.76115494784,0.0,1.3749770892010946,-0.08075323222748598,-2.3803181647963356e-13,5.585841230964756,0.022831292660188705,0.35796623481549594
2024-10-14 00:00:00+00:00,5450.146690412668,0.0,1.420156533913968,-0.0505483227433603,-2.3803181647963356e-13,5.585841230964756,0.022831292660188705,0.35796623481549594
2024-10-15 00:00:00+00:00,5441.895719870337,0.0,1.418006560639407,-0.05198569649959195,-2.3803181647963356e-13,5.585841230964756,0.022831292660188705,0.35796623481549594
2024-10-16 00:00:00+00:00,5468.191817358585,0.0,1.4248585917471321,-0.04740474202557021,-2.3803181647963356e-13,5.585841230964756,0.022831292660188705,0.35796623481549594
2024-10-17 00:00:00+00:00,5462.215616468511,0.0,1.4233013601304216,-0.048445835831115724,-2.3803181647963356e-13,5.585841230964756,0.022831292660188705,0.35796623481549594
2024-10-18 00:00:00+00:00,5509.714984665073,0.0,1.4356783734353653,-0.040171131063593046,-2.3803181647963356e-13,5.585841230964756,0.022831292660188705,0.35796623481549594
2024-10-21 00:00:00+00:00,5489.875375243868,0.0,1.4305087234148643,-0.04362732252247892,-2.3803181647963356e-13,5.585841230964756,0.022831292660188705,0.35796623481549594
2024-10-22 00:00:00+00:00,5473.204793636378,0.0,1.4261648338392554,-0.046531448331774694,-2.3803181647963356e-13,5.585841230964756,0.022831292660188705,0.35796623481549594
2024-10-23 00:00:00+00:00,5393.446466261885,0.0,1.4053820336342284,-0.060425877601744005,-2.3803181647963356e-13,5.585841230964756,0.022831292660188705,0.35796623481549594
2024-10-24 00:00:00+00:00,5439.085707423129,0.0,1.417274349606573,-0.05247521929276888,-2.3803181647963356e-13,5.585841230964756,0.022831292660188705,0.35796623481549594
2024-10-25 00:00:00+00:00,5369.588497784541,0.0,1.3991653110864453,-0.06458209384205138,-2.3803181647963356e-13,5.585841230964756,0.022831292660188705,0.35796623481549594
2024-10-28 00:00:00+00:00,5599.565929539821,100.0,1.4330338121477701,-0.04193916373474871,-2.4513724383723456e-13,5.6978237809479575,0.023124876000481173,0.3659294037135495
2024-10-29 00:00:00+00:00,5694.6604270757725,0.0,1.4573702753724151,-0.025668917972859084,-2.4513724383723456e-13,5.6978237809479575,0.023124876000481173,0.3659294037135495
2024-10-30 00:00:00+00:00,5683.890679898297,0.0,1.4546140953313536,-0.02751157383530478,-2.4513724383723456e-13,5.6978237809479575,0.023124876000481173,0.3659294037135495
2024-10-31 00:00:00+00:00,5525.209026149634,0.0,1.414004487720564,-0.054661299332489977,-2.4513724383723456e-13,5.6978237809479575,0.023124876000481173,0.3659294037135495
2024-11-01 00:00:00+00:00,5517.130267481562,0.0,1.411936982046516,-0.056043539024443145,-2.4513724383723456e-13,5.6978237809479575,0.023124876000481173,0.3659294037135495
2024-11-04 00:00:00+00:00,5431.118719621819,0.0,1.3899250157853547,-0.07075973247727152,-2.4513724383723456e-13,5.6978237809479575,0.023124876000481173,0.3659294037135495
2024-11-05 00:00:00+00:00,5511.117792400912,0.0,1.410398277048006,-0.05707224678077205,-2.4513724383723456e-13,5.6978237809479575,0.023124876000481173,0.3659294037135495
2024-11-06 00:00:00+00:00,5839.232824134427,0.0,1.4943690599023667,-0.0009332235690845403,-2.4513724383723456e-13,5.6978237809479575,0.023124876000481173,0.3659294037135495
2024-11-07 00:00:00+00:00,5933.471365261046,0.0,1.5184864678481325,0.0,-2.4513724383723456e-13,5.6978237809479575,0.023124876000481173,0.3659294037135495
2024-11-08 00:00:00+00:00,5986.588775105029,0.0,1.5320802080197735,0.0,-2.4513724383723456e-13,5.6978237809479575,0.023124876000481173,0.3659294037135495
2024-11-11 00:00:00+00:00,6419.819903742217,0.0,1.6429521691010591,0.0,-2.4513724383723456e-13,5.6978237809479575,0.023124876000481173,0.3659294037135495
2024-11-12 00:00:00+00:00,6347.561924804284,0.0,1.6244599987581287,-0.011255452648416653,-2.4513724383723456e-13,5.6978237809479575,0.023124876000481173,0.3659294037135495
2024-11-13 00:00:00+00:00,6384.46704231222,0.0,1.6339047096331563,-0.00550683071489122,-2.4513724383723456e-13,5.6978237809479575,0.023124876000481173,0.3659294037135495
2024-11-14 00:00:00+00:00,6247.096404544287,0.0,1.5987489902086813,-0.026904726579206284,-2.4513724383723456e-13,5.6978237809479575,0.023124876000481173,0.3659294037135495
2024-11-15 00:00:00+00:00,6304.108953626503,0.0,1.6133395694749322,-0.018024018095626926,-2.4513724383723456e-13,5.6978237809479575,0.023124876000481173,0.3659294037135495
2024-11-18 00:00:00+00:00,6346.783226801923,0.0,1.6242607153527935,-0.011376748574788209,-2.4513724383723456e-13,5.6978237809479575,0.023124876000481173,0.3659294037135495
2024-11-19 00:00:00+00:00,6363.988204452546,0.0,1.6286637914163367,-0.0086967703341847,-2.4513724383723456e-13,5.6978237809479575,0.023124876000481173,0.3659294037135495
2024-11-20 00:00:00+00:00,6397.10583070706,0.0,1.6371392123325241,-0.0035381168593091594,-2.4513724383723456e-13,5.6978237809479575,0.023124876000481173,0.3659294037135495
2024-11-21 00:00:00+00:00,6610.521328836837,0.0,1.6917562359919744,0.0,-2.4513724383723456e-13,5.6978237809479575,0.023124876000481173,0.3659294037135495
2024-11-22 00:00:00+00:00,6623.985373885038,0.0,1.6952019373276026,0.0,-2.4513724383723456e-13,5.6978237809479575,0.023124876000481173,0.3659294037135495
2024-11-25 00:00:00+00:00,6529.722992949438,0.0,1.6710784283281526,-0.014230463326085796,-2.4513724383723456e-13,5.6978237809479575,0.023124876000481173,0.3659294037135495
2024-11-26 00:00:00+00:00,6490.264440228327,0.0,1.6609802455512575,-0.02018738359295047,-2.4513724383723456e-13,5.6978237809479575,0.023124876000481173,0.3659294037135495
2024-11-27 00:00:00+00:00,6793.17001276227,100.0,1.712907582379353,0.0,-2.4868995751603507e-13,5.806457240466297,0.023342023830839307,0.371935898947023
2024-11-29 00:00:00+00:00,6824.569257846157,0.0,1.7208249471566415,0.0,-2.4868995751603507e-13,5.806457240466297,0.023342023830839307,0.371935898947023
2024-12-02 00:00:00+00:00,6814.874561975176,0.0,1.7183804156588185,-0.0014205579143085068,-2.4868995751603507e-13,5.806457240466297,0.023342023830839307,0.371935898947023
2024-12-03 00:00:00+00:00,6805.088446734024,0.0,1.7159128326354118,-0.0028545114535595273,-2.4868995751603507e-13,5.806457240466297,0.023342023830839307,0.371935898947023
2024-12-04 00:00:00+00:00,6972.362438651558,0.0,1.7580912101163397,0.0,-2.4868995751603507e-13,5.806457240466297,0.023342023830839307,0.371935898947023
2024-12-05 00:00:00+00:00,6909.07823803046,0.0,1.7421340079728567,-0.00907643588208773,-2.4868995751603507e-13,5.806457240466297,0.023342023830839307,0.371935898947023
2024-12-06 00:00:00+00:00,7060.240807527589,0.0,1.780249867133916,0.0,-2.4868995751603507e-13,5.806457240466297,0.023342023830839307,0.371935898947023
2024-12-09 00:00:00+00:00,6879.123382358894,0.0,1.7345808480618712,-0.025653151231837423,-2.4868995751603507e-13,5.806457240466297,0.023342023830839307,0.371935898947023
2024-12-10 00:00:00+00:00,6822.84597535448,0.0,1.7203904189995325,-0.0336241834584452,-2.4868995751603507e-13,5.806457240466297,0.023342023830839307,0.371935898947023
2024-12-11 00:00:00+00:00,7028.730419355457,0.0,1.7723044774671828,-0.004463075556649154,-2.4868995751603507e-13,5.806457240466297,0.023342023830839307,0.371935898947023
2024-12-12 00:00:00+00:00,7004.370590743017,0.0,1.7661621116707549,-0.00791335852525099,-2.4868995751603507e-13,5.806457240466297,0.023342023830839307,0.371935898947023
2024-12-13 00:00:00+00:00,7046.652137906713,0.0,1.7768234645583407,-0.0019246750913070043,-2.4868995751603507e-13,5.806457240466297,0.023342023830839307,0.371935898947023
2024-12-16 00:00:00+00:00,7197.03331116516,0.0,1.8147422935347342,0.0,-2.4868995751603507e-13,5.806457240466297,0.023342023830839307,0.371935898947023
2024-12-17 00:00:00+00:00,7150.523136512858,0.0,1.8030146861481908,-0.006462409251343559,-2.4868995751603507e-13,5.806457240466297,0.023342023830839307,0.371935898947023
2024-12-18 00:00:00+00:00,6818.394864291722,0.0,1.7192680649475818,-0.052610350751890356,-2.4868995751603507e-13,5.806457240466297,0.023342023830839307,0.371935898947023
2024-12-19 00:00:00+00:00,6675.197809955797,0.0,1.683160721883065,-0.07250702875027837,-2.4868995751603507e-13,5.806457240466297,0.023342023830839307,0.371935898947023
2024-12-20 00:00:00+00:00,6739.167913292316,0.0,1.6992908753820735,-0.06361862979882715,-2.4868995751603507e-13,5.806457240466297,0.023342023830839307,0.371935898947023
2024-12-23 00:00:00+00:00,6675.020072620144,0.0,1.6831159051584226,-0.07253172466704971,-2.4868995751603507e-13,5.824910481828842,0.023342023830839307,0.371935898947023
2024-12-24 00:00:00+00:00,6822.373691644303,0.0,1.7202713319832088,-0.052057508048438006,-2.4868995751603507e-13,5.824910481828842,0.023342023830839307,0.371935898947023
2024-12-26 00:00:00+00:00,6696.463393237297,0.0,1.6885228692720113,-0.06955225803266762,-2.4868995751603507e-13,5.824910481828842,0.023342023830839307,0.371935898947023
2024-12-27 00:00:00+00:00,6727.014052390651,100.0,1.6710111181596474,-0.07920197588778777,-2.6645352591003757e-13,5.9340719121808885,0.02355049759015159,0.37792384360811815
2024-12-30 00:00:00+00:00,6666.092008076481,0.0,1.6558778937309255,-0.08754102462359781,-2.6645352591003757e-13,5.9340719121808885,0.02355049759015159,0.37792384360811815
2024-12-31 00:00:00+00:00,6662.525296216514,0.0,1.6549919114619933,-0.0880292384444189,-2.6645352591003757e-13,5.9340719121808885,0.02355049759015159,0.37792384360811815
2025-01-02 00:00:00+00:00,6779.346441738364,0.0,1.6840106457002226,-0.0720386846662806,-2.6645352591003757e-13,5.9340719121808885,0.02355049759015159,0.37792384360811815
2025-01-03 00:00:00+00:00,6906.490469316519,0.0,1.7155936158019707,-0.05463512813141247,-2.6645352591003757e-13,5.9340719121808885,0.02355049759015159,0.37792384360811815
2025-01-06 00:00:00+00:00,7050.594285493346,0.0,1.7513894499009255,-0.03491010478981604,-2.6645352591003757e-13,5.9340719121808885,0.02355049759015159,0.37792384360811815
2025-01-07 00:00:00+00:00,6773.972854763508,0.0,1.6826758300584757,-0.07277422471871808,-2.6645352591003757e-13,5.9340719121808885,0.02355049759015159,0.37792384360811815
2025-01-08 00:00:00+00:00,6713.284638791943,0.0,1.6676006893140143,-0.08108126688011397,-2.6645352591003757e-13,5.9340719121808885,0.02355049759015159,0.37792384360811815
2025-01-10 00:00:00+00:00,6633.680992495156,0.0,1.6478268971125982,-0.09197746534965034,-2.6645352591003757e-13,5.9340719121808885,0.02355049759015159,0.37792384360811815
2025-01-13 00:00:00+00:00,6584.348196604897,0.0,1.6355724778739127,-0.09873017028320674,-2.6645352591003757e-13,5.9340719121808885,0.02355049759015159,0.37792384360811815
2025-01-14 00:00:00+00:00,6669.3701201045615,0.0,1.6566921869080822,-0.0870923145339848,-2.6645352591003757e-13,5.9340719121808885,0.02355049759015159,0.37792384360811815
2025-01-15 00:00:00+00:00,6905.540199416106,0.0,1.7153575658165725,-0.054765201688544596,-2.6645352591003757e-13,5.9340719121808885,0.02355049759015159,0.37792384360811815
2025-01-16 00:00:00+00:00,6834.500936028926,0.0,1.6977111928461366,-0.06448910189922652,-2.6645352591003757e-13,5.9340719121808885,0.02355049759015159,0.37792384360811815
2025-01-17 00:00:00+00:00,7024.379195668429,0.0,1.7448775404237304,-0.03849844320039619,-2.6645352591003757e-13,5.9340719121808885,0.02355049759015159,0.37792384360811815
2025-01-21 00:00:00+00:00,7047.5019961070575,0.0,1.7506213156433175,-0.03533337935631764,-2.6645352591003757e-13,5.9340719121808885,0.02355049759015159,0.37792384360811815
2025-01-22 00:00:00+00:00,6976.6971406475395,0.0,1.7330331703278645,-0.04502519365860902,-2.6645352591003757e-13,5.9340719121808885,0.02355049759015159,0.37792384360811815
2025-01-23 00:00:00+00:00,7035.963486892713,0.0,1.7477551142300316,-0.0369127779428261,-2.6645352591003757e-13,5.9340719121808885,0.02355049759015159,0.37792384360811815
2025-01-24 00:00:00+00:00,7037.919932645027,0.0,1.748241101412269,-0.03664497838584835,-2.6645352591003757e-13,5.9340719121808885,0.02355049759015159,0.37792384360811815
2025-01-27 00:00:00+00:00,6977.826961618692,100.0,1.7084735117445846,-0.05855860756028364,-2.7711166694643907e-13,6.043720340668087,0.02374509935410132,0.38410152509847384
2025-01-28 00:00:00+00:00,6947.780887685953,0.0,1.7011169347287947,-0.06261239362235904,-2.7711166694643907e-13,6.043720340668087,0.02374509935410132,0.38410152509847384
2025-01-29 00:00:00+00:00,7003.865102856101,0.0,1.7148487736769698,-0.05504556774460412,-2.7711166694643907e-13,6.043720340668087,0.02374509935410132,0.38410152509847384
2025-01-30 00:00:00+00:00,7096.105692056781,0.0,1.7374332550955973,-0.04260056026387926,-2.7711166694643907e-13,6.043720340668087,0.02374509935410132,0.38410152509847384
2025-01-31 00:00:00+00:00,7044.2871484335665,0.0,1.7247458368371047,-0.049591866028721565,-2.7711166694643907e-13,6.043720340668087,0.02374509935410132,0.38410152509847384
2025-02-03 00:00:00+00:00,6834.462828200385,0.0,1.6733717779488566,-0.07790115218537041,-2.7711166694643907e-13,6.043720340668087,0.02374509935410132,0.38410152509847384
2025-02-04 00:00:00+00:00,6714.74212986031,0.0,1.6440589785563458,-0.09405374834017532,-2.7711166694643907e-13,6.043720340668087,0.02374509935410132,0.38410152509847384
2025-02-05 00:00:00+00:00,6723.054722228981,0.0,1.6460942603072288,-0.09293222174208249,-2.7711166694643907e-13,6.043720340668087,0.02374509935410132,0.38410152509847384
2025-02-06 00:00:00+00:00,6694.734491574576,0.0,1.6391602442896802,-0.0967531587656213,-2.7711166694643907e-13,6.043720340668087,0.02374509935410132,0.38410152509847384
2025-02-07 00:00:00+00:00,6636.058535424012,0.0,1.6247938351753632,-0.1046696597285951,-2.7711166694643907e-13,6.043720340668087,0.02374509935410132,0.38410152509847384
2025-02-10 00:00:00+00:00,6696.886706090926,0.0,1.6396871993880227,-0.09646278414867449,-2.7711166694643907e-13,6.043720340668087,0.02374509935410132,0.38410152509847384
2025-02-11 00:00:00+00:00,6638.158590795914,0.0,1.62530801946165,-0.10438632237093359,-2.7711166694643907e-13,6.043720340668087,0.02374509935410132,0.38410152509847384
2025-02-12 00:00:00+00:00,6728.8228016723615,0.0,1.6475065353603162,-0.09215399826753257,-2.7711166694643907e-13,6.043720340668087,0.02374509935410132,0.38410152509847384
2025-02-13 00:00:00+00:00,6710.308314082559,0.0,1.6429733888944194,-0.09465195430352003,-2.7711166694643907e-13,6.043720340668087,0.02374509935410132,0.38410152509847384
2025-02-14 00:00:00+00:00,6750.853694823943,0.0,1.6529006498312804,-0.08918161233142397,-2.7711166694643907e-13,6.043720340668087,0.02374509935410132,0.38410152509847384
2025-02-18 00:00:00+00:00,6696.494790488692,0.0,1.6395912415161893,-0.09651566100737519,-2.7711166694643907e-13,6.043720340668087,0.02374509935410132,0.38410152509847384
2025-02-19 00:00:00+00:00,6744.521703493815,0.0,1.6513503047849465,-0.09003591823031498,-2.7711166694643907e-13,6.043720340668087,0.02374509935410132,0.38410152509847384
2025-02-20 00:00:00+00:00,6778.287559002552,0.0,1.659617645040786,-0.0854802629809206,-2.7711166694643907e-13,6.043720340668087,0.02374509935410132,0.38410152509847384
2025-02-21 00:00:00+00:00,6641.335730475039,0.0,1.626085920520927,-0.10395766588232447,-2.7711166694643907e-13,6.043720340668087,0.02374509935410132,0.38410152509847384
2025-02-24 00:00:00+00:00,6458.227684994105,0.0,1.581253159947723,-0.12866241913182264,-2.7711166694643907e-13,6.043720340668087,0.02374509935410132,0.38410152509847384
2025-02-25 00:00:00+00:00,6366.676316294157,0.0,1.5588374294849057,-0.14101443767609556,-2.7711166694643907e-13,6.043720340668087,0.02374509935410132,0.38410152509847384
2025-02-26 00:00:00+00:00,6202.334134096576,0.0,1.5185993630078694,-0.16318731953397136,-2.7711166694643907e-13,6.043720340668087,0.02374509935410132,0.38410152509847384
2025-02-27 00:00:00+00:00,6247.7397847212105,100.0,1.50523230757474,-0.17055313421782559,-2.913225216616411e-13,6.152989176177268,0.02398213215682638,0.3926489510148653
2025-02-28 00:00:00+00:00,6263.041351422656,0.0,1.5089188267559406,-0.16852170573658376,-2.913225216616411e-13,6.152989176177268,0.02398213215682638,0.3926489510148653
2025-03-03 00:00:00+00:00,6215.22353435574,0.0,1.4973983528554689,-0.17486997564879936,-2.913225216616411e-13,6.152989176177268,0.02398213215682638,0.3926489510148653
2025-03-04 00:00:00+00:00,6209.702211391,0.0,1.4960681320086586,-0.17560298377427774,-2.913225216616411e-13,6.152989176177268,0.02398213215682638,0.3926489510148653
2025-03-05 00:00:00+00:00,6353.546662229631,0.0,1.5307237550224644,-0.15650626511771082,-2.913225216616411e-13,6.152989176177268,0.02398213215682638,0.3926489510148653
2025-03-06 00:00:00+00:00,6262.04480043539,0.0,1.5086787334111689,-0.16865400735628322,-2.913225216616411e-13,6.152989176177268,0.02398213215682638,0.3926489510148653
2025-03-07 00:00:00+00:00,6180.657332114865,0.0,1.4890705149243235,-0.1794589676840952,-2.913225216616411e-13,6.152989176177268,0.02398213215682638,0.3926489510148653
2025-03-10 00:00:00+00:00,5789.153310248393,0.0,1.394747684178395,-0.23143484937372483,-2.913225216616411e-13,6.152989176177268,0.02398213215682638,0.3926489510148653
2025-03-11 00:00:00+00:00,5890.043004187197,0.0,1.4190544626376056,-0.2180407831496627,-2.913225216616411e-13,6.152989176177268,0.02398213215682638,0.3926489510148653
2025-03-12 00:00:00+00:00,5917.240144218489,0.0,1.4256069144456736,-0.21443010419463315,-2.913225216616411e-13,6.152989176177268,0.02398213215682638,0.3926489510148653
2025-03-13 00:00:00+00:00,5797.331825317546,0.0,1.3967180871615954,-0.230349073729315,-2.913225216616411e-13,6.152989176177268,0.02398213215682638,0.3926489510148653
2025-03-14 00:00:00+00:00,5948.629347665438,0.0,1.4331693361798388,-0.2102628889591105,-2.913225216616411e-13,6.152989176177268,0.02398213215682638,0.3926489510148653
2025-03-17 00:00:00+00:00,5979.333329138984,0.0,1.440566671292639,-0.20618664345628934,-2.913225216616411e-13,6.152989176177268,0.02398213215682638,0.3926489510148653
2025-03-18 00:00:00+00:00,5916.488581540726,0.0,1.4254258447368322,-0.21452988128666794,-2.913225216616411e-13,6.152989176177268,0.02398213215682638,0.3926489510148653
2025-03-19 00:00:00+00:00,6097.798459803934,0.0,1.4691077994673463,-0.19045927088312087,-2.913225216616411e-13,6.152989176177268,0.02398213215682638,0.3926489510148653
2025-03-20 00:00:00+00:00,5999.143792414791,0.0,1.4453394932055637,-0.2035566160799901,-2.913225216616411e-13,6.152989176177268,0.02398213215682638,0.3926489510148653
2025-03-21 00:00:00+00:00,5989.632298943077,0.0,1.443047943339495,-0.20481935728254685,-2.913225216616411e-13,6.152989176177268,0.02398213215682638,0.3926489510148653
2025-03-24 00:00:00+00:00,6172.904373427761,0.0,1.4872026388127637,-0.18048824667219965,-2.913225216616411e-13,6.152989176177268,0.02398213215682638,0.3926489510148653
2025-03-25 00:00:00+00:00,6172.222694382179,0.0,1.4870384057687889,-0.18057874604754343,-2.913225216616411e-13,6.152989176177268,0.02398213215682638,0.3926489510148653
2025-03-26 00:00:00+00:00,6100.299823961413,0.0,1.4697104388653657,-0.1901271910059028,-2.913225216616411e-13,6.152989176177268,0.02398213215682638,0.3926489510148653
2025-03-27 00:00:00+00:00,6196.810123153194,100.0,1.4688696851558167,-0.19059048197153694,-2.948752353404416e-13,6.289421761996629,0.024211912684733147,0.4025866649776717
2025-03-28 00:00:00+00:00,6020.378997846756,0.0,1.4270490828894549,-0.2136354081934878,-2.948752353404416e-13,6.289421761996629,0.024211912684733147,0.4025866649776717
2025-03-31 00:00:00+00:00,5964.576387806794,0.0,1.4138218319956413,-0.22092418464452301,-2.948752353404416e-13,6.289421761996629,0.024211912684733147,0.4025866649776717
2025-04-01 00:00:00+00:00,6072.849582343844,0.0,1.4394865223782354,-0.20678185133690796,-2.948752353404416e-13,6.289421761996629,0.024211912684733147,0.4025866649776717
2025-04-02 00:00:00+00:00,5984.252687767005,0.0,1.418485831691162,-0.21835412292714496,-2.948752353404416e-13,6.289421761996629,0.024211912684733147,0.4025866649776717
2025-04-03 00:00:00+00:00,5854.32129241247,0.0,1.3876873589296377,-0.23532538814273396,-2.948752353404416e-13,6.289421761996629,0.024211912684733147,0.4025866649776717
2025-04-04 00:00:00+00:00,5690.433460216268,0.0,1.3488399739533798,-0.2567319454895577,-2.948752353404416e-13,6.289421761996629,0.024211912684733147,0.4025866649776717
2025-04-07 00:00:00+00:00,5457.4510008886555,0.0,1.2936146459413538,-0.2871634443358533,-2.948752353404416e-13,6.289421761996629,0.024211912684733147,0.4025866649776717
2025-04-08 00:00:00+00:00,5313.717482546623,0.0,1.2595445673626076,-0.3059375031651017,-2.948752353404416e-13,6.289421761996629,0.024211912684733147,0.4025866649776717
2025-04-09 00:00:00+00:00,5811.44535752941,0.0,1.377524200833647,-0.24092571945820407,-2.948752353404416e-13,6.289421761996629,0.024211912684733147,0.4025866649776717
2025-04-10 00:00:00+00:00,5572.161202017714,0.0,1.3208051413201056,-0.27218032773818446,-2.948752353404416e-13,6.289421761996629,0.024211912684733147,0.4025866649776717
2025-04-11 00:00:00+00:00,5735.91949127286,0.0,1.3596218199014183,-0.2507906909177927,-2.948752353404416e-13,6.289421761996629,0.024211912684733147,0.4025866649776717
2025-04-14 00:00:00+00:00,5818.114792448503,0.0,1.379105099808294,-0.240054577048464,-2.948752353404416e-13,6.289421761996629,0.024211912684733147,0.4025866649776717
2025-04-15 00:00:00+00:00,5772.343022450832,0.0,1.3682555233246931,-0.24603315401900905,-2.948752353404416e-13,6.289421761996629,0.024211912684733147,0.4025866649776717
2025-04-16 00:00:00+00:00,5708.709034277463,0.0,1.353171950596816,-0.25434484256102097,-2.948752353404416e-13,6.289421761996629,0.024211912684733147,0.4025866649776717
2025-04-17 00:00:00+00:00,5737.746864692679,0.0,1.3600549739543082,-0.25055200465670047,-2.948752353404416e-13,6.289421761996629,0.024211912684733147,0.4025866649776717
2025-04-21 00:00:00+00:00,5725.783295370152,0.0,1.357219172315258,-0.2521146516777971,-2.948752353404416e-13,6.289421761996629,0.024211912684733147,0.4025866649776717
2025-04-22 00:00:00+00:00,6015.384436231427,0.0,1.4258651898861838,-0.2142877834687481,-2.948752353404416e-13,6.289421761996629,0.024211912684733147,0.4025866649776717
2025-04-23 00:00:00+00:00,6085.9472594254985,0.0,1.4425911488600633,-0.2050710704216846,-2.948752353404416e-13,6.289421761996629,0.024211912684733147,0.4025866649776717
2025-04-24 00:00:00+00:00,6147.752812832647,0.0,1.4572413159572997,-0.19699820677077962,-2.948752353404416e-13,6.289421761996629,0.024211912684733147,0.4025866649776717
2025-04-25 00:00:00+00:00,6192.978867041667,0.0,1.467961537924185,-0.19109090962722508,-2.948752353404416e-13,6.289421761996629,0.024211912684733147,0.4025866649776717
2025-04-28 00:00:00+00:00,6310.327553088051,100.0,1.4720738083511271,-0.18882487414571758,-3.090860900556436e-13,6.407750159211569,0.024424928004236245,0.41373507476198285
2025-04-29 00:00:00+00:00,6310.717725782798,0.0,1.4721648278742563,-0.18877471852667815,-3.090860900556436e-13,6.407750159211569,0.024424928004236245,0.41373507476198285
2025-04-30 00:00:00+00:00,6308.510253615281,0.0,1.4716498685582575,-0.18905848295859418,-3.090860900556436e-13,6.407750159211569,0.024424928004236245,0.41373507476198285
2025-05-01 00:00:00+00:00,6406.668227387243,0.0,1.494548169962566,-0.17644054735093972,-3.090860900556436e-13,6.407750159211569,0.024424928004236245,0.41373507476198285
2025-05-02 00:00:00+00:00,6465.22375916594,0.0,1.5082080099534882,-0.1689133959534177,-3.090860900556436e-13,6.407750159211569,0.024424928004236245,0.41373507476198285
2025-05-05 00:00:00+00:00,6386.090264277369,0.0,1.4897477407822395,-0.17908578750290438,-3.090860900556436e-13,6.407750159211569,0.024424928004236245,0.41373507476198285
2025-05-06 00:00:00+00:00,6407.812924471174,0.0,1.4948152050065588,-0.1762933997118814,-3.090860900556436e-13,6.407750159211569,0.024424928004236245,0.41373507476198285
2025-05-07 00:00:00+00:00,6425.041015104468,0.0,1.4988341756187515,-0.17407877638684466,-3.090860900556436e-13,6.407750159211569,0.024424928004236245,0.41373507476198285
2025-05-08 00:00:00+00:00,6763.232779966032,0.0,1.5777275825084023,-0.13060516188481908,-3.090860900556436e-13,6.407750159211569,0.024424928004236245,0.41373507476198285
2025-05-09 00:00:00+00:00,6808.688361997855,0.0,1.5883314649835136,-0.12476197273730816,-3.090860900556436e-13,6.407750159211569,0.024424928004236245,0.41373507476198285
2025-05-12 00:00:00+00:00,6977.175522801359,0.0,1.627636165789561,-0.10310341496517939,-3.090860900556436e-13,6.407750159211569,0.024424928004236245,0.41373507476198285
2025-05-13 00:00:00+00:00,7108.012629048691,0.0,1.6581578583081846,-0.08628466740671825,-3.090860900556436e-13,6.407750159211569,0.024424928004236245,0.41373507476198285
2025-05-14 00:00:00+00:00,7068.801963876543,0.0,1.649010790628679,-0.0913250897918102,-3.090860900556436e-13,6.407750159211569,0.024424928004236245,0.41373507476198285
2025-05-15 00:00:00+00:00,7066.774070311238,0.0,1.648537723425987,-0.09158576989188683,-3.090860900556436e-13,6.407750159211569,0.024424928004236245,0.41373507476198285
2025-05-16 00:00:00+00:00,7077.091443388532,0.0,1.6509445611931706,-0.0902595001643568,-3.090860900556436e-13,6.407750159211569,0.024424928004236245,0.41373507476198285
2025-05-19 00:00:00+00:00,7128.497132606786,0.0,1.6629364852354334,-0.08365144122122992,-3.090860900556436e-13,6.407750159211569,0.024424928004236245,0.41373507476198285
2025-05-20 00:00:00+00:00,7145.6041581180125,0.0,1.666927213764501,-0.081452380482256,-3.090860900556436e-13,6.407750159211569,0.024424928004236245,0.41373507476198285
2025-05-21 00:00:00+00:00,7166.560903015052,0.0,1.6718160051959585,-0.07875844898086626,-3.090860900556436e-13,6.407750159211569,0.024424928004236245,0.41373507476198285
2025-05-22 00:00:00+00:00,7265.383629863865,0.0,1.6948693802609005,-0.06605506120670535,-3.090860900556436e-13,6.407750159211569,0.024424928004236245,0.41373507476198285
2025-05-23 00:00:00+00:00,7078.029602187416,0.0,1.6511634149664955,-0.09013890244968148,-3.090860900556436e-13,6.407750159211569,0.024424928004236245,0.41373507476198285
2025-05-27 00:00:00+00:00,7344.354554528938,100.0,1.6899637155780523,-0.0687582905855132,-3.197442310920451e-13,6.519069610860856,0.02460741144288837,0.421524611354618
2025-05-28 00:00:00+00:00,7304.45317088689,0.0,1.6807822565327724,-0.07381766407231072,-3.197442310920451e-13,6.519069610860856,0.02460741144288837,0.421524611354618
2025-05-29 00:00:00+00:00,7242.9079008362105,0.0,1.6666204574966728,-0.08162141620094798,-3.197442310920451e-13,6.519069610860856,0.02460741144288837,0.421524611354618
2025-05-30 00:00:00+00:00,7157.606752532616,0.0,1.646992341171417,-0.09243734108195378,-3.197442310920451e-13,6.519069610860856,0.02460741144288837,0.421524611354618
2025-06-02 00:00:00+00:00,7256.284822993496,0.0,1.6696985377968652,-0.07992526335811267,-3.197442310920451e-13,6.519069610860856,0.02460741144288837,0.421524611354618
2025-06-03 00:00:00+00:00,7258.667701656351,0.0,1.6702468471750345,-0.0796231216269574,-3.197442310920451e-13,6.519069610860856,0.02460741144288837,0.421524611354618
2025-06-04 00:00:00+00:00,7245.68848172364,0.0,1.6672602796584564,-0.08126884704329784,-3.197442310920451e-13,6.519069610860856,0.02460741144288837,0.421524611354618
2025-06-05 00:00:00+00:00,7068.910135024799,0.0,1.6265829145608397,-0.10368380107976638,-3.197442310920451e-13,6.519069610860856,0.02460741144288837,0.421524611354618
2025-06-06 00:00:00+00:00,7199.796513908786,0.0,1.656700364574325,-0.08708780829292129,-3.197442310920451e-13,6.519069610860856,0.02460741144288837,0.421524611354618
2025-06-09 00:00:00+00:00,7436.665379692328,0.0,1.711204785017571,-0.05705356010383933,-3.197442310920451e-13,6.519069610860856,0.02460741144288837,0.421524611354618
2025-06-10 00:00:00+00:00,7514.85620332783,0.0,1.7291967887878243,-0.047139202657962676,-3.197442310920451e-13,6.519069610860856,0.02460741144288837,0.421524611354618
2025-06-11 00:00:00+00:00,7445.909822239086,0.0,1.7133319661549704,-0.055881393044649785,-3.197442310920451e-13,6.519069610860856,0.02460741144288837,0.421524611354618
2025-06-12 00:00:00+00:00,7332.007432735324,0.0,1.6871225962301082,-0.07032386788983125,-3.197442310920451e-13,6.519069610860856,0.02460741144288837,0.421524611354618
2025-06-13 00:00:00+00:00,7274.686113185979,0.0,1.6739327441541743,-0.07759203600544995,-3.197442310920451e-13,6.519069610860856,0.02460741144288837,0.421524611354618
2025-06-16 00:00:00+00:00,7312.38810931964,0.0,1.6826081158287975,-0.07281153813226404,-3.197442310920451e-13,6.519069610860856,0.02460741144288837,0.421524611354618
2025-06-17 00:00:00+00:00,7211.9902460213025,0.0,1.6595061883774427,-0.08554168033132925,-3.197442310920451e-13,6.519069610860856,0.02460741144288837,0.421524611354618
2025-06-18 00:00:00+00:00,7225.8755871193425,0.0,1.6627012577957134,-0.08378106152079423,-3.197442310920451e-13,6.519069610860856,0.02460741144288837,0.421524611354618
2025-06-20 00:00:00+00:00,7126.915710392852,0.0,1.639930216484436,-0.09632887141777091,-3.197442310920451e-13,6.519069610860856,0.02460741144288837,0.421524611354618
2025-06-23 00:00:00+00:00,7215.961758491844,0.0,1.6604200483935065,-0.08503810468903572,-3.197442310920451e-13,6.519069610860856,0.02460741144288837,0.421524611354618
2025-06-24 00:00:00+00:00,7289.538265867139,0.0,1.6773502805684404,-0.0757088284412456,-3.197442310920451e-13,6.519069610860856,0.02460741144288837,0.421524611354618
2025-06-25 00:00:00+00:00,7309.680516484343,0.0,1.681985088493415,-0.0731548526279927,-3.197442310920451e-13,6.519069610860856,0.02460741144288837,0.421524611354618
2025-06-26 00:00:00+00:00,7327.810029042724,0.0,1.6861567577908738,-0.070856085848643,-3.197442310920451e-13,6.519069610860856,0.02460741144288837,0.421524611354618
2025-06-27 00:00:00+00:00,7451.760115737097,100.0,1.6916677631757489,-0.06781928805949755,-3.197442310920451e-13,6.625190569598985,0.02479413967050434,0.42979049115500323
2025-06-30 00:00:00+00:00,7499.70461504998,0.0,1.7025519251253425,-0.061821653029791146,-3.197442310920451e-13,6.645543293124063,0.02479413967050434,0.42979049115500323
2025-07-01 00:00:00+00:00,7427.0634903678665,0.0,1.6860612374224404,-0.07090872162440776,-3.197442310920451e-13,6.645543293124063,0.02479413967050434,0.42979049115500323
2025-07-02 00:00:00+00:00,7593.456846483983,0.0,1.7238351689736995,-0.05009368265946279,-3.197442310920451e-13,6.645543293124063,0.02479413967050434,0.42979049115500323
2025-07-03 00:00:00+00:00,7653.404364357716,0.0,1.7374442065560056,-0.04259452554454346,-3.197442310920451e-13,6.645543293124063,0.02479413967050434,0.42979049115500323
2025-07-07 00:00:00+00:00,7568.951981747406,0.0,1.7182721759261501,-0.05315912785648513,-3.197442310920451e-13,6.645543293124063,0.02479413967050434,0.42979049115500323
2025-07-08 00:00:00+00:00,7614.149313478807,0.0,1.7285326872528772,-0.04750515078035622,-3.197442310920451e-13,6.645543293124063,0.02479413967050434,0.42979049115500323
2025-07-09 00:00:00+00:00,7759.879297016881,0.0,1.7616157054191304,-0.029275004117595316,-3.197442310920451e-13,6.645543293124063,0.02479413967050434,0.42979049115500323
2025-07-10 00:00:00+00:00,7967.919122917399,0.0,1.8088440463032347,-0.0032501844766128496,-3.197442310920451e-13,6.645543293124063,0.02479413967050434,0.42979049115500323
2025-07-11 00:00:00+00:00,7994.770370416675,0.0,1.8149397054616194,0.0,-3.197442310920451e-13,6.645543293124063,0.02479413967050434,0.42979049115500323
2025-07-14 00:00:00+00:00,8083.451965558397,0.0,1.8350718344295707,0.0,-3.197442310920451e-13,6.645543293124063,0.02479413967050434,0.42979049115500323
2025-07-15 00:00:00+00:00,8068.66620268812,0.0,1.8317152316923484,-0.0018291396959213557,-3.197442310920451e-13,6.645543293124063,0.02479413967050434,0.42979049115500323
2025-07-16 00:00:00+00:00,8203.127631944408,0.0,1.862240109268993,0.0,-3.197442310920451e-13,6.645543293124063,0.02479413967050434,0.42979049115500323
2025-07-17 00:00:00+00:00,8284.905411137353,0.0,1.8808049624924155,0.0,-3.197442310920451e-13,6.645543293124063,0.02479413967050434,0.42979049115500323
2025-07-18 00:00:00+00:00,8282.224279138514,0.0,1.8801963029944162,-0.00032361648875733895,-3.197442310920451e-13,6.645543293124063,0.02479413967050434,0.42979049115500323
2025-07-21 00:00:00+00:00,8368.150445262338,0.0,1.8997029058623722,0.0,-3.197442310920451e-13,6.645543293124063,0.02479413967050434,0.42979049115500323
2025-07-22 00:00:00+00:00,8425.043825705176,0.0,1.9126186057961354,0.0,-3.197442310920451e-13,6.645543293124063,0.02479413967050434,0.42979049115500323
2025-07-23 00:00:00+00:00,8377.278507752095,0.0,1.9017751208578024,-0.005669444449338812,-3.197442310920451e-13,6.645543293124063,0.02479413967050434,0.42979049115500323
2025-07-24 00:00:00+00:00,8403.450179235426,0.0,1.9077165054795746,-0.002563030758827245,-3.197442310920451e-13,6.645543293124063,0.02479413967050434,0.42979049115500323
2025-07-25 00:00:00+00:00,8408.595258910325,0.0,1.9088845201888267,-0.0019523419860042468,-3.197442310920451e-13,6.645543293124063,0.02479413967050434,0.42979049115500323
2025-07-28 00:00:00+00:00,8549.83991763525,100.0,1.9182477120367223,0.0,-3.161915174132446e-13,6.747874217621543,0.024961371101337462,0.4349478949897442
2025-07-29 00:00:00+00:00,8534.532379731503,0.0,1.9148133027561214,-0.0017903888319795724,-3.161915174132446e-13,6.747874217621543,0.024961371101337462,0.4349478949897442
2025-07-30 00:00:00+00:00,8534.034661362923,0.0,1.914701634335313,-0.0018486025966084618,-3.161915174132446e-13,6.747874217621543,0.024961371101337462,0.4349478949897442
2025-07-31 00:00:00+00:00,8418.886984358507,0.0,1.8888670257241664,-0.01531641931758676,-3.161915174132446e-13,6.747874217621543,0.024961371101337462,0.4349478949897442
2025-08-01 00:00:00+00:00,8201.329644706411,0.0,1.8400557177880226,-0.04076219862432595,-3.161915174132446e-13,6.747874217621543,0.024961371101337462,0.4349478949897442
2025-08-04 00:00:00+00:00,8405.079817294365,0.0,1.8857692406327906,-0.016931322894396805,-3.161915174132446e-13,6.747874217621543,0.024961371101337462,0.4349478949897442
2025-08-05 00:00:00+00:00,8315.752019699623,0.0,1.8657275971624896,-0.027379214136253993,-3.161915174132446e-13,6.747874217621543,0.024961371101337462,0.4349478949897442
2025-08-06 00:00:00+00:00,8397.246216287263,0.0,1.8840116887542007,-0.017847550693112058,-3.161915174132446e-13,6.747874217621543,0.024961371101337462,0.4349478949897442
2025-08-07 00:00:00+00:00,8555.5153428486,0.0,1.9195210541735597,0.0,-3.161915174132446e-13,6.747874217621543,0.024961371101337462,0.4349478949897442
2025-08-08 00:00:00+00:00,8608.784912483085,0.0,1.9314726498825932,0.0,-3.161915174132446e-13,6.747874217621543,0.024961371101337462,0.4349478949897442
2025-08-11 00:00:00+00:00,8743.848334780423,0.0,1.9617755682176279,0.0,-3.161915174132446e-13,6.747874217621543,0.024961371101337462,0.4349478949897442
2025-08-12 00:00:00+00:00,8981.857493992538,0.0,2.0151754598531078,0.0,-3.161915174132446e-13,6.747874217621543,0.024961371101337462,0.4349478949897442
2025-08-13 00:00:00+00:00,9144.005347260638,0.0,2.0515550589496514,0.0,-3.161915174132446e-13,6.747874217621543,0.024961371101337462,0.4349478949897442
2025-08-14 00:00:00+00:00,8930.923357728214,0.0,2.0037478435123526,-0.023302916111729854,-3.161915174132446e-13,6.747874217621543,0.024961371101337462,0.4349478949897442
2025-08-15 00:00:00+00:00,8851.796538130191,0.0,1.9859948981804088,-0.031956325268115315,-3.161915174132446e-13,6.747874217621543,0.024961371101337462,0.4349478949897442
2025-08-18 00:00:00+00:00,8767.535346008197,0.0,1.9670900016491757,-0.041171235903227354,-3.161915174132446e-13,6.747874217621543,0.024961371101337462,0.4349478949897442
2025-08-19 00:00:00+00:00,8558.759897590007,0.0,1.9202490046111398,-0.06400318322713561,-3.161915174132446e-13,6.747874217621543,0.024961371101337462,0.4349478949897442
2025-08-20 00:00:00+00:00,8696.538550761172,0.0,1.951161113932385,-0.048935535304943656,-3.161915174132446e-13,6.747874217621543,0.024961371101337462,0.4349478949897442
2025-08-21 00:00:00+00:00,8588.52005873037,0.0,1.9269260139548579,-0.06074857433199998,-3.161915174132446e-13,6.747874217621543,0.024961371101337462,0.4349478949897442
2025-08-22 00:00:00+00:00,9023.487781070655,0.0,2.024515658465986,-0.013179953599446237,-3.161915174132446e-13,6.747874217621543,0.024961371101337462,0.4349478949897442
2025-08-25 00:00:00+00:00,8637.925574928313,0.0,1.9380106680912723,-0.05534552453908359,-3.161915174132446e-13,6.747874217621543,0.024961371101337462,0.4349478949897442
2025-08-26 00:00:00+00:00,8792.691827529721,0.0,1.97273412640314,-0.038420091238918985,-3.161915174132446e-13,6.747874217621543,0.024961371101337462,0.4349478949897442
2025-08-27 00:00:00+00:00,8848.112891487375,100.0,1.9627323669676355,-0.04329530011614269,-3.161915174132446e-13,6.84908601636674,0.025140052737053924,0.43928861244855716
2025-08-28 00:00:00+00:00,8897.277774293818,0.0,1.97363836556709,-0.03797933330751213,-3.161915174132446e-13,6.84908601636674,0.025140052737053924,0.43928861244855716
2025-08-29 00:00:00+00:00,8702.046908317525,0.0,1.9303312847938048,-0.05908872570932133,-3.161915174132446e-13,6.84908601636674,0.025140052737053924,0.43928861244855716
2025-09-02 00:00:00+00:00,8729.287328324352,0.0,1.9363738901146104,-0.05614334761944484,-3.161915174132446e-13,6.84908601636674,0.025140052737053924,0.43928861244855716
2025-09-03 00:00:00+00:00,8816.065016192384,0.0,1.9556233480270504,-0.04676048566384361,-3.161915174132446e-13,6.84908601636674,0.025140052737053924,0.43928861244855716
2025-09-04 00:00:00+00:00,8757.740914352393,0.0,1.9426856059503415,-0.05306679561164129,-3.161915174132446e-13,6.84908601636674,0.025140052737053924,0.43928861244855716
2025-09-05 00:00:00+00:00,8749.143934470954,0.0,1.9407785811555174,-0.053996346484041724,-3.161915174132446e-13,6.84908601636674,0.025140052737053924,0.43928861244855716
2025-09-08 00:00:00+00:00,8794.544902942931,0.0,1.950849649574791,-0.04908735397353625,-3.161915174132446e-13,6.84908601636674,0.025140052737053924,0.43928861244855716
2025-09-09 00:00:00+00:00,8793.066566342879,0.0,1.9505217176044622,-0.049247199535027764,-3.161915174132446e-13,6.84908601636674,0.025140052737053924,0.43928861244855716
2025-09-10 00:00:00+00:00,8882.82706010423,0.0,1.9704328363414187,-0.039541820851625276,-3.161915174132446e-13,6.84908601636674,0.025140052737053924,0.43928861244855716
2025-09-11 00:00:00+00:00,9002.701700689566,0.0,1.997024024761021,-0.026580341556394327,-3.161915174132446e-13,6.84908601636674,0.025140052737053924,0.43928861244855716
2025-09-12 00:00:00+00:00,9126.845517618085,0.0,2.0245622230901734,-0.013157256365957659,-3.161915174132446e-13,6.84908601636674,0.025140052737053924,0.43928861244855716
2025-09-15 00:00:00+00:00,9048.56143296618,0.0,2.0071968584469904,-0.02162174508022774,-3.161915174132446e-13,6.84908601636674,0.025140052737053924,0.43928861244855716
2025-09-16 00:00:00+00:00,9069.40295570542,0.0,2.0118200285804266,-0.019368249560686057,-3.161915174132446e-13,6.84908601636674,0.025140052737053924,0.43928861244855716
2025-09-17 00:00:00+00:00,9095.228651466026,0.0,2.017548812739314,-0.01657583892861625,-3.161915174132446e-13,6.84908601636674,0.025140052737053924,0.43928861244855716
2025-09-18 00:00:00+00:00,9129.223952905175,0.0,2.0250898194237603,-0.012900087380272707,-3.161915174132446e-13,6.84908601636674,0.025140052737053924,0.43928861244855716
2025-09-19 00:00:00+00:00,9060.138675105401,0.0,2.0097649798244577,-0.02036995251133511,-3.161915174132446e-13,6.84908601636674,0.025140052737053924,0.43928861244855716
2025-09-22 00:00:00+00:00,8887.203975663439,0.0,1.9714037454992135,-0.0390685656233245,-3.161915174132446e-13,6.84908601636674,0.025140052737053924,0.43928861244855716
2025-09-23 00:00:00+00:00,8833.4577982107,0.0,1.9594815013573281,-0.04487988620664307,-3.161915174132446e-13,6.84908601636674,0.025140052737053924,0.43928861244855716
2025-09-24 00:00:00+00:00,8847.34402511539,0.0,1.9625618132085834,-0.04337843400928787,-3.161915174132446e-13,6.84908601636674,0.025140052737053924,0.43928861244855716
2025-09-25 00:00:00+00:00,8596.67654184239,0.0,1.906957506527599,-0.07048192627892869,-3.161915174132446e-13,6.84908601636674,0.025140052737053924,0.43928861244855716
2025-09-26 00:00:00+00:00,8706.797805078962,0.0,1.931385152320153,-0.058575033658137654,-3.161915174132446e-13,6.84908601636674,0.025140052737053924,0.43928861244855716
2025-09-29 00:00:00+00:00,9016.770446624116,100.0,1.9779623270005144,-0.035871682618557,-3.197442310920451e-13,6.966802934063722,0.025318095978060562,0.4441097770009981
2025-09-30 00:00:00+00:00,8994.73417883274,0.0,1.9731283448361625,-0.03822793532708868,-3.197442310920451e-13,6.966802934063722,0.025318095978060562,0.4441097770009981
2025-10-01 00:00:00+00:00,9215.190052218324,0.0,2.021488610288627,-0.014655443211169628,-3.197442310920451e-13,6.966802934063722,0.025318095978060562,0.4441097770009981
2025-10-02 00:00:00+00:00,9329.442835150385,0.0,2.046551652730746,-0.0024388359440215,-3.197442310920451e-13,6.966802934063722,0.025318095978060562,0.4441097770009981
2025-10-03 00:00:00+00:00,9385.5650422542,0.0,2.0588628912186935,0.0,-3.197442310920451e-13,6.966802934063722,0.025318095978060562,0.4441097770009981
2025-10-06 00:00:00+00:00,9537.635648266289,0.0,2.0922218340371463,0.0,-3.197442310920451e-13,6.966802934063722,0.025318095978060562,0.4441097770009981
2025-10-07 00:00:00+00:00,9333.163493604563,0.0,2.0473678343445028,-0.02143845311378545,-3.197442310920451e-13,6.966802934063722,0.025318095978060562,0.4441097770009981
2025-10-08 00:00:00+00:00,9442.638294150302,0.0,2.0713827554869653,-0.009960262440226075,-3.197442310920451e-13,6.966802934063722,0.025318095978060562,0.4441097770009981
2025-10-09 00:00:00+00:00,9319.385886552209,0.0,2.0443455118991114,-0.022883004736478085,-3.197442310920451e-13,6.966802934063722,0.025318095978060562,0.4441097770009981
2025-10-10 00:00:00+00:00,8739.68653998866,0.0,1.917179862592955,-0.08366319890010454,-3.197442310920451e-13,6.966802934063722,0.025318095978060562,0.4441097770009981
2025-10-13 00:00:00+00:00,9046.219525838591,0.0,1.9844224192914177,-0.05152389339983088,-3.197442310920451e-13,6.966802934063722,0.025318095978060562,0.4441097770009981
2025-10-14 00:00:00+00:00,8934.660295177615,0.0,1.9599502474885762,-0.06322063196011063,-3.197442310920451e-13,6.966802934063722,0.025318095978060562,0.4441097770009981
2025-10-15 00:00:00+00:00,8834.076040172326,0.0,1.9378855993678774,-0.07376666860007963,-3.197442310920451e-13,6.966802934063722,0.025318095978060562,0.4441097770009981
2025-10-16 00:00:00+00:00,8700.42956706628,0.0,1.9085682633543806,-0.08777920567265485,-3.197442310920451e-13,6.966802934063722,0.025318095978060562,0.4441097770009981
2025-10-17 00:00:00+00:00,8651.329747618702,0.0,1.8977974897492704,-0.09292721313050978,-3.197442310920451e-13,6.966802934063722,0.025318095978060562,0.4441097770009981
2025-10-20 00:00:00+00:00,8865.374336929646,0.0,1.944751344952921,-0.0704851114184516,-3.197442310920451e-13,6.966802934063722,0.025318095978060562,0.4441097770009981
2025-10-21 00:00:00+00:00,8761.094597655429,0.0,1.9218760375493635,-0.08141861140942397,-3.197442310920451e-13,6.966802934063722,0.025318095978060562,0.4441097770009981
2025-10-22 00:00:00+00:00,8690.883847131983,0.0,1.906474268112303,-0.08878005329216221,-3.197442310920451e-13,6.966802934063722,0.025318095978060562,0.4441097770009981
2025-10-23 00:00:00+00:00,8801.39531787598,0.0,1.9307165982378178,-0.07719317004148096,-3.197442310920451e-13,6.966802934063722,0.025318095978060562,0.4441097770009981
2025-10-24 00:00:00+00:00,8895.134304981111,0.0,1.9512796353210735,-0.06736484459877334,-3.197442310920451e-13,6.966802934063722,0.025318095978060562,0.4441097770009981
2025-10-27 00:00:00+00:00,9207.73644486404,100.0,1.997917067849432,-0.04507398051847311,-3.197442310920451e-13,7.062336140474821,0.025492416315102615,0.44891204393696443
2025-10-28 00:00:00+00:00,9125.572210540306,0.0,1.9800888722765957,-0.05359515895318767,-3.197442310920451e-13,7.062336140474821,0.025492416315102615,0.44891204393696443
2025-10-29 00:00:00+00:00,9019.851070543233,0.0,1.9571492419670784,-0.06455940277108774,-3.197442310920451e-13,7.062336140474821,0.025492416315102615,0.44891204393696443
2025-10-30 00:00:00+00:00,8885.217731145483,0.0,1.927936172251734,-0.07852210464146003,-3.197442310920451e-13,7.062336140474821,0.025492416315102615,0.44891204393696443
2025-10-31 00:00:00+00:00,8949.949331862263,0.0,1.9419817925489362,-0.0718088488725439,-3.197442310920451e-13,7.062336140474821,0.025492416315102615,0.44891204393696443
2025-11-03 00:00:00+00:00,8771.9158460867,0.0,1.9033516534252075,-0.09027254067389945,-3.197442310920451e-13,7.062336140474821,0.025492416315102615,0.44891204393696443
2025-11-04 00:00:00+00:00,8448.645840962017,0.0,1.8332077407893683,-0.12379858054916915,-3.197442310920451e-13,7.062336140474821,0.025492416315102615,0.44891204393696443
2025-11-05 00:00:00+00:00,8584.335459070102,0.0,1.8626500044305403,-0.10972633296901635,-3.197442310920451e-13,7.062336140474821,0.025492416315102615,0.44891204393696443
2025-11-06 00:00:00+00:00,8423.855740110434,0.0,1.8278287243609916,-0.12636953948902363,-3.197442310920451e-13,7.062336140474821,0.025492416315102615,0.44891204393696443
2025-11-07 00:00:00+00:00,8533.531619246813,0.0,1.8516264635958268,-0.11499515325153986,-3.197442310920451e-13,7.062336140474821,0.025492416315102615,0.44891204393696443
2025-11-10 00:00:00+00:00,8728.472417878223,0.0,1.8939251926198466,-0.09477801932439789,-3.197442310920451e-13,7.062336140474821,0.025492416315102615,0.44891204393696443
2025-11-11 00:00:00+00:00,8596.007791345543,0.0,1.8651826955011803,-0.10851580594485621,-3.197442310920451e-13,7.062336140474821,0.025492416315102615,0.44891204393696443
2025-11-12 00:00:00+00:00,8561.115047539788,0.0,1.8576115830121278,-0.1121345008489445,-3.197442310920451e-13,7.062336140474821,0.025492416315102615,0.44891204393696443
2025-11-13 00:00:00+00:00,8356.52081504963,0.0,1.8132182284104497,-0.1333527836712859,-3.197442310920451e-13,7.062336140474821,0.025492416315102615,0.44891204393696443
2025-11-14 00:00:00+00:00,8171.946612129785,0.0,1.7731688685589355,-0.15249480733243614,-3.197442310920451e-13,7.062336140474821,0.025492416315102615,0.44891204393696443
2025-11-17 00:00:00+00:00,8034.068877323953,0.0,1.743251822030237,-0.16679398251644162,-3.197442310920451e-13,7.062336140474821,0.025492416315102615,0.44891204393696443
2025-11-18 00:00:00+00:00,8058.882811789836,0.0,1.748636009934262,-0.1642205518140024,-3.197442310920451e-13,7.062336140474821,0.025492416315102615,0.44891204393696443
2025-11-19 00:00:00+00:00,7994.506743500236,0.0,1.7346675339285687,-0.17089693563642905,-3.197442310920451e-13,7.062336140474821,0.025492416315102615,0.44891204393696443
2025-11-20 00:00:00+00:00,7718.027019553595,0.0,1.6746762904025438,-0.1995703977665254,-3.197442310920451e-13,7.062336140474821,0.025492416315102615,0.44891204393696443
2025-11-21 00:00:00+00:00,7691.059584548348,0.0,1.6688248307093034,-0.20236716606233718,-3.197442310920451e-13,7.062336140474821,0.025492416315102615,0.44891204393696443
2025-11-24 00:00:00+00:00,7919.701454093863,0.0,1.7184361001375015,-0.1786549245489848,-3.197442310920451e-13,7.062336140474821,0.025492416315102615,0.44891204393696443
2025-11-25 00:00:00+00:00,7939.0732890462605,0.0,1.7226394480415943,-0.1766458890654089,-3.197442310920451e-13,7.062336140474821,0.025492416315102615,0.44891204393696443
2025-11-26 00:00:00+00:00,8078.92251439167,0.0,1.7529842733866945,-0.16214225238050395,-3.197442310920451e-13,7.062336140474821,0.025492416315102615,0.44891204393696443
2025-11-28 00:00:00+00:00,8215.933040638785,100.0,1.7610149074651107,-0.15830392417468442,-3.197442310920451e-13,7.1581310607935045,0.025711064880603443,0.455535099213855
2025-12-01 00:00:00+00:00,7971.133972702475,0.0,1.7085443230729223,-0.18338280612619406,-3.197442310920451e-13,7.1581310607935045,0.025711064880603443,0.455535099213855
2025-12-02 00:00:00+00:00,8196.808299617584,0.0,1.7569156829615566,-0.1602631927555137,-3.197442310920451e-13,7.1581310607935045,0.025711064880603443,0.455535099213855
2025-12-03 00:00:00+00:00,8355.411462266155,0.0,1.7909109130119627,-0.14401480575497805,-3.197442310920451e-13,7.1581310607935045,0.025711064880603443,0.455535099213855
2025-12-04 00:00:00+00:00,8299.346756260253,0.0,1.7788939232713348,-0.1497584556610877,-3.197442310920451e-13,7.1581310607935045,0.025711064880603443,0.455535099213855
2025-12-05 00:00:00+00:00,8186.355777538432,0.0,1.7546752743419944,-0.1613340202285447,-3.197442310920451e-13,7.1581310607935045,0.025711064880603443,0.455535099213855
2025-12-08 00:00:00+00:00,8253.142697836034,0.0,1.7689904789190045,-0.154491913744364,-3.197442310920451e-13,7.1581310607935045,0.025711064880603443,0.455535099213855
2025-12-09 00:00:00+00:00,8390.37643973641,0.0,1.7984053565839508,-0.14043275558703439,-3.197442310920451e-13,7.1581310607935045,0.025711064880603443,0.455535099213855
2025-12-10 00:00:00+00:00,8405.159724174697,0.0,1.8015740270378542,-0.1389182553546241,-3.197442310920451e-13,7.1581310607935045,0.025711064880603443,0.455535099213855
2025-12-11 00:00:00+00:00,8389.541524883314,0.0,1.7982263997332204,-0.1405182899447297,-3.197442310920451e-13,7.1581310607935045,0.025711064880603443,0.455535099213855
2025-12-12 00:00:00+00:00,8213.376827530039,0.0,1.7604670050699849,-0.15856580003613108,-3.197442310920451e-13,7.1581310607935045,0.025711064880603443,0.455535099213855
2025-12-15 00:00:00+00:00,8053.557774364008,0.0,1.7262111592968725,-0.1749387511332966,-3.197442310920451e-13,7.1581310607935045,0.025711064880603443,0.455535099213855
2025-12-16 00:00:00+00:00,8076.670706110826,0.0,1.7311652183380117,-0.17257090516183005,-3.197442310920451e-13,7.1581310607935045,0.025711064880603443,0.455535099213855
2025-12-17 00:00:00+00:00,7927.2313835844925,0.0,1.6991341789626104,-0.18788048603624163,-3.197442310920451e-13,7.1581310607935045,0.025711064880603443,0.455535099213855
2025-12-18 00:00:00+00:00,7939.659982573787,0.0,1.7017981427498994,-0.18660721580076733,-3.197442310920451e-13,7.1581310607935045,0.025711064880603443,0.455535099213855
2025-12-19 00:00:00+00:00,8115.518139337106,0.0,1.739491833062091,-0.16859110981287695,-3.197442310920451e-13,7.1581310607935045,0.025711064880603443,0.455535099213855
2025-12-22 00:00:00+00:00,8169.830130215596,0.0,1.7511331433208335,-0.16302701996859914,-3.197442310920451e-13,7.17826199009442,0.025711064880603443,0.455535099213855
2025-12-23 00:00:00+00:00,8141.499915288573,0.0,1.7450608042972064,-0.16592935992358837,-3.197442310920451e-13,7.17826199009442,0.025711064880603443,0.455535099213855
2025-12-24 00:00:00+00:00,8153.368101948816,0.0,1.7476046484996712,-0.16471350213973368,-3.197442310920451e-13,7.17826199009442,0.025711064880603443,0.455535099213855
2025-12-26 00:00:00+00:00,8137.214482688492,0.0,1.7441422585086332,-0.1663683887940599,-3.197442310920451e-13,7.17826199009442,0.025711064880603443,0.455535099213855
2025-12-29 00:00:00+00:00,8221.93263098587,100.0,1.7408667244300478,-0.1679339656489124,-3.197442310920451e-13,7.273106233321533,0.02593811911193456,0.462302515015265
2025-12-30 00:00:00+00:00,8264.458214887518,0.0,1.7498708573114505,-0.16363034318645653,-3.197442310920451e-13,7.273106233321533,0.02593811911193456,0.462302515015265
2025-12-31 00:00:00+00:00,8208.40972813194,0.0,1.7380034594712244,-0.16930249402971909,-3.197442310920451e-13,7.273106233321533,0.02593811911193456,0.462302515015265
2026-01-02 00:00:00+00:00,8348.900443384415,0.0,1.767750189619886,-0.1550847233972129,-3.197442310920451e-13,7.273106233321533,0.02593811911193456,0.462302515015265
2026-01-05 00:00:00+00:00,8525.414094017253,0.0,1.8051242176721607,-0.13722140343550604,-3.197442310920451e-13,7.273106233321533,0.02593811911193456,0.462302515015265
2026-01-06 00:00:00+00:00,8583.006352666487,0.0,1.8173184852692181,-0.1313930216651431,-3.197442310920451e-13,7.273106233321533,0.02593811911193456,0.462302515015265
2026-01-07 00:00:00+00:00,8447.107470006533,0.0,1.7885440044593977,-0.14514609523588262,-3.197442310920451e-13,7.273106233321533,0.02593811911193456,0.462302515015265
2026-01-08 00:00:00+00:00,8410.760238288072,0.0,1.7808480418355555,-0.1488244636089877,-3.197442310920451e-13,7.273106233321533,0.02593811911193456,0.462302515015265
2026-01-09 00:00:00+00:00,8421.335844262823,0.0,1.7830872623884875,-0.14775420398522154,-3.197442310920451e-13,7.273106233321533,0.02593811911193456,0.462302515015265
2026-01-12 00:00:00+00:00,8449.212460137296,0.0,1.7889897034742603,-0.14493306858277544,-3.197442310920451e-13,7.273106233321533,0.02593811911193456,0.462302515015265
2026-01-13 00:00:00+00:00,8652.85461748033,0.0,1.8321077720988541,-0.12432432245311997,-3.197442310920451e-13,7.273106233321533,0.02593811911193456,0.462302515015265
2026-01-14 00:00:00+00:00,8683.720843214262,0.0,1.8386432167078794,-0.12120063618682453,-3.197442310920451e-13,7.273106233321533,0.02593811911193456,0.462302515015265
2026-01-15 00:00:00+00:00,8644.252313885845,0.0,1.8302863677219017,-0.12519488232747034,-3.197442310920451e-13,7.273106233321533,0.02593811911193456,0.462302515015265
2026-01-16 00:00:00+00:00,8628.640341125323,0.0,1.8269807746087845,-0.12677482622220482,-3.197442310920451e-13,7.273106233321533,0.02593811911193456,0.462302515015265
2026-01-20 00:00:00+00:00,8184.997245007042,0.0,1.7330462292629867,-0.17167185569471632,-3.197442310920451e-13,7.273106233321533,0.02593811911193456,0.462302515015265
2026-01-21 00:00:00+00:00,8283.164491120748,0.0,1.75383162119678,-0.1617372533520547,-3.197442310920451e-13,7.273106233321533,0.02593811911193456,0.462302515015265
2026-01-22 00:00:00+00:00,8296.0673173915,0.0,1.7565635945555984,-0.16043147720806572,-3.197442310920451e-13,7.273106233321533,0.02593811911193456,0.462302515015265
2026-01-23 00:00:00+00:00,8300.730918622772,0.0,1.7575510397906682,-0.15995951710373757,-3.197442310920451e-13,7.273106233321533,0.02593811911193456,0.462302515015265
2026-01-26 00:00:00+00:00,8279.888509293409,0.0,1.75313798285054,-0.16206878528378177,-3.197442310920451e-13,7.273106233321533,0.02593811911193456,0.462302515015265
2026-01-27 00:00:00+00:00,8467.758082430611,100.0,1.7717430022334448,-0.153176315527358,-3.197442310920451e-13,7.367041283903444,0.026164159802385664,0.46911741254031786
2026-01-28 00:00:00+00:00,8460.828137224224,0.0,1.770293021990061,-0.15386934922951845,-3.197442310920451e-13,7.367041283903444,0.026164159802385664,0.46911741254031786
2026-01-29 00:00:00+00:00,8241.08787127674,0.0,1.7243158843921933,-0.17584461822341402,-3.197442310920451e-13,7.367041283903444,0.026164159802385664,0.46911741254031786
2026-01-30 00:00:00+00:00,8161.743031395774,0.0,1.7077142451561698,-0.18377955082278807,-3.197442310920451e-13,7.367041283903444,0.026164159802385664,0.46911741254031786
2026-02-02 00:00:00+00:00,7873.706492725453,0.0,1.6474472043634552,-0.2125848332322654,-3.197442310920451e-13,7.367041283903444,0.026164159802385664,0.46911741254031786
2026-02-03 00:00:00+00:00,7702.150059627249,0.0,1.6115517634603271,-0.2297414465125428,-3.197442310920451e-13,7.367041283903444,0.026164159802385664,0.46911741254031786
2026-02-04 00:00:00+00:00,7570.048657285569,0.0,1.5839116569639315,-0.2429523336406354,-3.197442310920451e-13,7.367041283903444,0.026164159802385664,0.46911741254031786
2026-02-05 00:00:00+00:00,7093.384816936976,0.0,1.4841773689346585,-0.29062141270613107,-3.197442310920451e-13,7.367041283903444,0.026164159802385664,0.46911741254031786
2026-02-06 00:00:00+00:00,7494.479993408194,0.0,1.5681001221858337,-0.25050962728936277,-3.197442310920451e-13,7.367041283903444,0.026164159802385664,0.46911741254031786
2026-02-09 00:00:00+00:00,7524.470134591041,0.0,1.574375079767221,-0.24751044360850094,-3.197442310920451e-13,7.367041283903444,0.026164159802385664,0.46911741254031786
2026-02-10 00:00:00+00:00,7438.723984112807,0.0,1.5564340686283362,-0.25608554346025314,-3.197442310920451e-13,7.367041283903444,0.026164159802385664,0.46911741254031786
2026-02-11 00:00:00+00:00,7353.815833113704,0.0,1.5386683954831182,-0.26457683862609005,-3.197442310920451e-13,7.367041283903444,0.026164159802385664,0.46911741254031786
2026-02-12 00:00:00+00:00,7263.103692300196,0.0,1.5196883302593118,-0.27364856558880046,-3.197442310920451e-13,7.367041283903444,0.026164159802385664,0.46911741254031786
2026-02-13 00:00:00+00:00,7380.920748352901,0.0,1.5443396656627446,-0.26186619385249865,-3.197442310920451e-13,7.367041283903444,0.026164159802385664,0.46911741254031786
2026-02-17 00:00:00+00:00,7326.923526242111,0.0,1.5330416102053814,-0.2672662213608449,-3.197442310920451e-13,7.367041283903444,0.026164159802385664,0.46911741254031786
2026-02-18 00:00:00+00:00,7306.1557693237455,0.0,1.5286962890903932,-0.269343114472415,-3.197442310920451e-13,7.367041283903444,0.026164159802385664,0.46911741254031786
2026-02-19 00:00:00+00:00,7305.21716496572,0.0,1.5284999011342177,-0.2694369802150339,-3.197442310920451e-13,7.367041283903444,0.026164159802385664,0.46911741254031786
2026-02-20 00:00:00+00:00,7374.173817422714,0.0,1.5429279782307534,-0.26254092509228655,-3.197442310920451e-13,7.367041283903444,0.026164159802385664,0.46911741254031786
2026-02-23 00:00:00+00:00,7186.269213381154,0.0,1.5036119439206994,-0.2813324478985417,-3.197442310920451e-13,7.367041283903444,0.026164159802385664,0.46911741254031786
2026-02-24 00:00:00+00:00,7202.322144321704,0.0,1.5069707630771263,-0.279727064042115,-3.197442310920451e-13,7.367041283903444,0.026164159802385664,0.46911741254031786
2026-02-25 00:00:00+00:00,7440.7594668914035,0.0,1.5568599608579021,-0.2558819836738876,-3.197442310920451e-13,7.367041283903444,0.026164159802385664,0.46911741254031786
2026-02-26 00:00:00+00:00,7387.248850803102,0.0,1.5456637199312324,-0.26123334782874175,-3.197442310920451e-13,7.367041283903444,0.026164159802385664,0.46911741254031786
2026-02-27 00:00:00+00:00,7376.443855988092,100.0,1.5224795462379217,-0.2723144737954728,-3.126388037344441e-13,7.462498457901445,0.02646007709864783,0.4789661238569648
2026-03-02 00:00:00+00:00,7503.206692009997,0.0,1.548643078264237,-0.2598093313671338,-3.126388037344441e-13,7.462498457901445,0.02646007709864783,0.4789661238569648
2026-03-03 00:00:00+00:00,7427.357314229077,0.0,1.5329879565659164,-0.26729186569673336,-3.126388037344441e-13,7.462498457901445,0.02646007709864783,0.4789661238569648
2026-03-04 00:00:00+00:00,7644.380670868485,0.0,1.5777810340962457,-0.24588253098775714,-3.126388037344441e-13,7.462498457901445,0.02646007709864783,0.4789661238569648
2026-03-05 00:00:00+00:00,7546.172294674008,0.0,1.5575110710972118,-0.25557077850973287,-3.126388037344441e-13,7.462498457901445,0.02646007709864783,0.4789661238569648
2026-03-06 00:00:00+00:00,7365.055831972129,0.0,1.5201290865889547,-0.2734379013454241,-3.126388037344441e-13,7.462498457901445,0.02646007709864783,0.4789661238569648
2026-03-09 00:00:00+00:00,7420.396673190379,0.0,1.5315512976802772,-0.26797853231222646,-3.126388037344441e-13,7.462498457901445,0.02646007709864783,0.4789661238569648
2026-03-10 00:00:00+00:00,7473.312483345127,0.0,1.5424729884307342,-0.26275839237640397,-3.126388037344441e-13,7.462498457901445,0.02646007709864783,0.4789661238569648
2026-03-11 00:00:00+00:00,7482.004060236706,0.0,1.5442669081433125,-0.2619009690939422,-3.126388037344441e-13,7.462498457901445,0.02646007709864783,0.4789661238569648
2026-03-12 00:00:00+00:00,7430.455437646458,0.0,1.533627401483653,-0.2669862360988896,-3.126388037344441e-13,7.462498457901445,0.02646007709864783,0.4789661238569648
2026-03-13 00:00:00+00:00,7424.248957986301,0.0,1.5323463996186337,-0.26759850476188674,-3.126388037344441e-13,7.462498457901445,0.02646007709864783,0.4789661238569648
2026-03-16 00:00:00+00:00,7699.301488474913,0.0,1.5891165533655436,-0.24046459724627378,-3.126388037344441e-13,7.462498457901445,0.02646007709864783,0.4789661238569648
2026-03-17 00:00:00+00:00,7669.139343371432,0.0,1.582891162121844,-0.24344009016123258,-3.126388037344441e-13,7.462498457901445,0.02646007709864783,0.4789661238569648
2026-03-18 00:00:00+00:00,7480.5729208751745,0.0,1.5439715245616996,-0.26204215086387095,-3.126388037344441e-13,7.462498457901445,0.02646007709864783,0.4789661238569648
2026-03-19 00:00:00+00:00,7402.162700082802,0.0,1.527787851276438,-0.2697773121273559,-3.126388037344441e-13,7.462498457901445,0.02646007709864783,0.4789661238569648
2026-03-20 00:00:00+00:00,7355.812354343825,0.0,1.5182212559459032,-0.2743497695861691,-3.126388037344441e-13,7.462498457901445,0.02646007709864783,0.4789661238569648
2026-03-23 00:00:00+00:00,7417.497544224691,0.0,1.5309529247192217,-0.26826453112522086,-3.126388037344441e-13,7.462498457901445,0.02646007709864783,0.4789661238569648
2026-03-24 00:00:00+00:00,7394.957726544025,0.0,1.5263007627744265,-0.27048808212211406,-3.126388037344441e-13,7.462498457901445,0.02646007709864783,0.4789661238569648
2026-03-25 00:00:00+00:00,7446.194001730826,0.0,1.536875801711922,-0.2654336281605617,-3.126388037344441e-13,7.462498457901445,0.02646007709864783,0.4789661238569648
2026-03-26 00:00:00+00:00,7247.456461706178,0.0,1.4958568709555329,-0.28503906869706497,-3.126388037344441e-13,7.462498457901445,0.02646007709864783,0.4789661238569648
2026-03-27 00:00:00+00:00,7173.679515516267,100.0,1.4599897442821492,-0.30218214888573436,-3.197442310920451e-13,7.587989097149803,0.026750253573623588,0.48865829246377923
2026-03-30 00:00:00+00:00,7185.193348270392,0.0,1.4623330435195967,-0.30106214373172735,-3.197442310920451e-13,7.587989097149803,0.026750253573623588,0.48865829246377923
2026-03-31 00:00:00+00:00,7389.665868846907,0.0,1.5039473618597923,-0.28117213127549723,-3.197442310920451e-13,7.587989097149803,0.026750253573623588,0.48865829246377923
2026-04-01 00:00:00+00:00,7438.210241381687,0.0,1.5138271294030863,-0.27644998977856516,-3.197442310920451e-13,7.587989097149803,0.026750253573623588,0.48865829246377923
2026-04-02 00:00:00+00:00,7370.379922278102,0.0,1.5000222793218385,-0.2830481668249303,-3.197442310920451e-13,7.587989097149803,0.026750253573623588,0.48865829246377923
2026-04-06 00:00:00+00:00,7467.3514284907615,0.0,1.519757953915588,-0.27361528821106573,-3.197442310920451e-13,7.587989097149803,0.026750253573623588,0.48865829246377923
2026-04-07 00:00:00+00:00,7617.215497223546,0.0,1.5502583411872815,-0.2590372990248808,-3.197442310920451e-13,7.587989097149803,0.026750253573623588,0.48865829246377923
2026-04-08 00:00:00+00:00,7686.021455078413,0.0,1.5642617536057393,-0.2523442169670205,-3.197442310920451e-13,7.587989097149803,0.026750253573623588,0.48865829246377923
2026-04-09 00:00:00+00:00,7733.250738690422,0.0,1.5738738737951317,-0.24775000041071726,-3.197442310920451e-13,7.587989097149803,0.026750253573623588,0.48865829246377923
2026-04-10 00:00:00+00:00,7788.2910159918,0.0,1.5850756901306187,-0.24239597142906188,-3.197442310920451e-13,7.587989097149803,0.026750253573623588,0.48865829246377923
2026-04-13 00:00:00+00:00,7934.452863954935,0.0,1.6148226001465935,-0.22817811482703265,-3.197442310920451e-13,7.587989097149803,0.026750253573623588,0.48865829246377923
2026-04-14 00:00:00+00:00,7961.710165220912,0.0,1.620370015558595,-0.22552666777598207,-3.197442310920451e-13,7.587989097149803,0.026750253573623588,0.48865829246377923
2026-04-15 00:00:00+00:00,8036.886924201182,0.0,1.6356700156327784,-0.21821386765829065,-3.197442310920451e-13,7.587989097149803,0.026750253573623588,0.48865829246377923
2026-04-16 00:00:00+00:00,8051.039706448338,0.0,1.6385503947867692,-0.21683715936324677,-3.197442310920451e-13,7.587989097149803,0.026750253573623588,0.48865829246377923
2026-04-17 00:00:00+00:00,8197.047475733649,0.0,1.6682659466567675,-0.2026342907254316,-3.197442310920451e-13,7.587989097149803,0.026750253573623588,0.48865829246377923
2026-04-20 00:00:00+00:00,8103.325585143877,0.0,1.6491916349622129,-0.21175106380572628,-3.197442310920451e-13,7.587989097149803,0.026750253573623588,0.48865829246377923
2026-04-21 00:00:00+00:00,8090.513571188536,0.0,1.6465841294362218,-0.21299734920604618,-3.197442310920451e-13,7.587989097149803,0.026750253573623588,0.48865829246377923
2026-04-22 00:00:00+00:00,8213.182539452808,0.0,1.6715497604237972,-0.201064756504152,-3.197442310920451e-13,7.587989097149803,0.026750253573623588,0.48865829246377923
2026-04-23 00:00:00+00:00,8173.862086039203,0.0,1.6635472481007672,-0.20488964361355977,-3.197442310920451e-13,7.587989097149803,0.026750253573623588,0.48865829246377923
2026-04-24 00:00:00+00:00,8183.609727135452,0.0,1.665531091399131,-0.20394144430405536,-3.197442310920451e-13,7.587989097149803,0.026750253573623588,0.48865829246377923
2026-04-27 00:00:00+00:00,8283.709214832776,100.0,1.6655513391698127,-0.20393176666359092,-3.232969447708456e-13,7.679452813642099,0.027004139373048294,0.4970864234488343
2026-04-28 00:00:00+00:00,8223.96919863028,0.0,1.6535398040703033,-0.20967280946512412,-3.232969447708456e-13,7.679452813642099,0.027004139373048294,0.4970864234488343
2026-04-29 00:00:00+00:00,8190.464893874685,0.0,1.646803312215457,-0.21289258843179681,-3.232969447708456e-13,7.679452813642099,0.027004139373048294,0.4970864234488343
2026-04-30 00:00:00+00:00,8256.743928369864,0.0,1.6601296050390464,-0.20652314299021335,-3.232969447708456e-13,7.679452813642099,0.027004139373048294,0.4970864234488343
2026-05-01 00:00:00+00:00,8341.48192218707,0.0,1.6771673203209991,-0.19837978313956273,-3.232969447708456e-13,7.679452813642099,0.027004139373048294,0.4970864234488343
2026-05-04 00:00:00+00:00,8392.679605515992,0.0,1.687461304310465,-0.19345966242291646,-3.232969447708456e-13,7.679452813642099,0.027004139373048294,0.4970864234488343
2026-05-05 00:00:00+00:00,8467.43061093034,0.0,1.7024910010252197,-0.18627605671235303,-3.232969447708456e-13,7.679452813642099,0.027004139373048294,0.4970864234488343
2026-05-06 00:00:00+00:00,8548.996692510293,0.0,1.7188909606185703,-0.17843751907425498,-3.232969447708456e-13,7.679452813642099,0.027004139373048294,0.4970864234488343
2026-05-07 00:00:00+00:00,8464.087191273644,0.0,1.70181876145932,-0.1865973608661302,-3.232969447708456e-13,7.679452813642099,0.027004139373048294,0.4970864234488343
2026-05-08 00:00:00+00:00,8519.33192929031,0.0,1.7129264603173373,-0.18128831634832987,-3.232969447708456e-13,7.679452813642099,0.027004139373048294,0.4970864234488343
2026-05-11 00:00:00+00:00,8588.930311301729,0.0,1.7269201526786777,-0.17459988009664507,-3.232969447708456e-13,7.679452813642099,0.027004139373048294,0.4970864234488343
2026-05-12 00:00:00+00:00,8516.619898957028,0.0,1.7123811700812461,-0.18154894370018138,-3.232969447708456e-13,7.679452813642099,0.027004139373048294,0.4970864234488343
2026-05-13 00:00:00+00:00,8505.075423499811,0.0,1.710059997758665,-0.18265837305648547,-3.232969447708456e-13,7.679452813642099,0.027004139373048294,0.4970864234488343
2026-05-14 00:00:00+00:00,8606.128051584725,0.0,1.730377990057584,-0.1729471694124085,-3.232969447708456e-13,7.679452813642099,0.027004139373048294,0.4970864234488343
2026-05-15 00:00:00+00:00,8459.95985157991,0.0,1.700988904208682,-0.18699400009297396,-3.232969447708456e-13,7.679452813642099,0.027004139373048294,0.4970864234488343
2026-05-18 00:00:00+00:00,8351.860388034997,0.0,1.679254050702673,-0.19738240783847083,-3.232969447708456e-13,7.679452813642099,0.027004139373048294,0.4970864234488343
2026-05-19 00:00:00+00:00,8305.139569908088,0.0,1.669860200776236,-0.2018722997675263,-3.232969447708456e-13,7.679452813642099,0.027004139373048294,0.4970864234488343
2026-05-20 00:00:00+00:00,8386.831595353628,0.0,1.6862854830805303,-0.19402165886650857,-3.232969447708456e-13,7.679452813642099,0.027004139373048294,0.4970864234488343
2026-05-21 00:00:00+00:00,8400.441005757173,0.0,1.689021838393721,-0.19271378832014752,-3.232969447708456e-13,7.679452813642099,0.027004139373048294,0.4970864234488343
2026-05-22 00:00:00+00:00,8331.434050444497,0.0,1.6751470603381058,-0.1993453881963625,-3.232969447708456e-13,7.679452813642099,0.027004139373048294,0.4970864234488343
2026-05-26 00:00:00+00:00,8380.166720933625,0.0,1.6849454202864669,-0.19466215633779127,-3.232969447708456e-13,7.679452813642099,0.027004139373048294,0.4970864234488343
2026-05-27 00:00:00+00:00,8414.489725680309,100.0,1.6717401755633736,-0.20097374553367142,-3.304023721284466e-13,7.76632055654798,0.02726714519857813,0.506716244963534
2026-05-28 00:00:00+00:00,8414.915812474192,0.0,1.6718248279231522,-0.20093328502494257,-3.304023721284466e-13,7.76632055654798,0.02726714519857813,0.506716244963534
2026-05-29 00:00:00+00:00,8425.264182663197,0.0,1.6738807798299882,-0.19995062062798963,-3.304023721284466e-13,7.76632055654798,0.02726714519857813,0.506716244963534
2026-06-01 00:00:00+00:00,8379.414859107324,0.0,1.6647717121729404,-0.2043043977986786,-3.304023721284466e-13,7.76632055654798,0.02726714519857813,0.506716244963534
2026-06-02 00:00:00+00:00,8185.6993780357625,0.0,1.6262854862824294,-0.2226993047174387,-3.304023721284466e-13,7.76632055654798,0.02726714519857813,0.506716244963534
2026-06-03 00:00:00+00:00,8052.547586705339,0.0,1.5998316897633182,-0.23534318219197303,-3.304023721284466e-13,7.76632055654798,0.02726714519857813,0.506716244963534
2026-06-04 00:00:00+00:00,8045.091577169774,0.0,1.5983503746632537,-0.2360511927269775,-3.304023721284466e-13,7.76632055654798,0.02726714519857813,0.506716244963534
2026-06-05 00:00:00+00:00,7732.735472417419,0.0,1.5362933437058863,-0.2657120202490869,-3.304023721284466e-13,7.76632055654798,0.02726714519857813,0.506716244963534
2026-06-08 00:00:00+00:00,7855.386350148982,0.0,1.560660881911584,-0.254065292445526,-3.304023721284466e-13,7.76632055654798,0.02726714519857813,0.506716244963534
2026-06-09 00:00:00+00:00,7777.207732223407,0.0,1.5451288246250516,-0.26148900681168463,-3.304023721284466e-13,7.76632055654798,0.02726714519857813,0.506716244963534
2026-06-10 00:00:00+00:00,7679.439218554034,0.0,1.5257047647551591,-0.27077294580605593,-3.304023721284466e-13,7.76632055654798,0.02726714519857813,0.506716244963534
2026-06-11 00:00:00+00:00,7850.220066097491,0.0,1.5596344756898384,-0.2545558743738128,-3.304023721284466e-13,7.76632055654798,0.02726714519857813,0.506716244963534
2026-06-12 00:00:00+00:00,7874.284685704627,0.0,1.5644154894789597,-0.2522707372476526,-3.304023721284466e-13,7.76632055654798,0.02726714519857813,0.506716244963534
2026-06-15 00:00:00+00:00,8107.229825234775,0.0,1.6106956278058597,-0.2301506457860325,-3.304023721284466e-13,7.76632055654798,0.02726714519857813,0.506716244963534
2026-06-16 00:00:00+00:00,8056.126797524206,0.0,1.6005427858271053,-0.2350033061557809,-3.304023721284466e-13,7.76632055654798,0.02726714519857813,0.506716244963534
2026-06-17 00:00:00+00:00,7938.0931253436775,0.0,1.5770925662313457,-0.2462115916321399,-3.304023721284466e-13,7.76632055654798,0.02726714519857813,0.506716244963534
2026-06-18 00:00:00+00:00,7927.815272169317,0.0,1.5750506242205684,-0.24718755984810925,-3.304023721284466e-13,7.76632055654798,0.02726714519857813,0.506716244963534
2026-06-22 00:00:00+00:00,7949.817389515522,0.0,1.5794218724737876,-0.24509827458107591,-3.304023721284466e-13,7.76632055654798,0.02726714519857813,0.506716244963534
2026-06-23 00:00:00+00:00,7808.027727842081,0.0,1.5512519558624904,-0.2585623901700719,-3.304023721284466e-13,7.76632055654798,0.02726714519857813,0.506716244963534
2026-06-24 00:00:00+00:00,7735.027449713704,0.0,1.5367486999607025,-0.26549437781394536,-3.304023721284466e-13,7.76632055654798,0.02726714519857813,0.506716244963534
2026-06-25 00:00:00+00:00,7672.642140772444,0.0,1.5243543622501523,-0.2714183852537464,-3.304023721284466e-13,7.76632055654798,0.02726714519857813,0.506716244963534
2026-06-26 00:00:00+00:00,7659.3153258909815,0.0,1.5217066708777756,-0.27268387791293913,-3.304023721284466e-13,7.789054303052242,0.02726714519857813,0.506716244963534
2026-06-29 00:00:00+00:00,7865.932211882357,100.0,1.5428886721061186,-0.2625597118786567,-3.339550858072471e-13,7.877634996088539,0.02760234219759736,0.5194201527999539
2026-06-30 00:00:00+00:00,7845.151472721533,0.0,1.5388125669242314,-0.264507930330245,-3.339550858072471e-13,7.877634996088539,0.02760234219759736,0.5194201527999539
2026-07-01 00:00:00+00:00,7892.6549620311835,0.0,1.5481302922194808,-0.2600544229900267,-3.339550858072471e-13,7.877634996088539,0.02760234219759736,0.5194201527999539
2026-07-02 00:00:00+00:00,7977.4300656523865,0.0,1.5647587786506494,-0.2521066584840602,-3.339550858072471e-13,7.877634996088539,0.02760234219759736,0.5194201527999539
2026-07-06 00:00:00+00:00,8142.889762236727,0.0,1.5972134050920592,-0.23659461960107742,-3.339550858072471e-13,7.877634996088539,0.02760234219759736,0.5194201527999539
2026-07-07 00:00:00+00:00,8081.686817775129,0.0,1.5852085559316897,-0.2423324667858594,-3.339550858072471e-13,7.877634996088539,0.02760234219759736,0.5194201527999539
2026-07-08 00:00:00+00:00,8023.207866120803,0.0,1.573738013136037,-0.24781493647862574,-3.339550858072471e-13,7.877634996088539,0.02760234219759736,0.5194201527999539
2026-07-09 00:00:00+00:00,8092.7710864628425,0.0,1.5873827156035747,-0.24129330371217628,-3.339550858072471e-13,7.877634996088539,0.02760234219759736,0.5194201527999539
2026-07-10 00:00:00+00:00,8170.309671371017,0.0,1.6025917717056908,-0.23402397124719154,-3.339550858072471e-13,7.877634996088539,0.02760234219759736,0.5194201527999539
2026-07-13 00:00:00+00:00,8067.19462045267,0.0,1.5823659370938397,-0.24369112713038177,-3.339550858072471e-13,7.877634996088539,0.02760234219759736,0.5194201527999539
2026-07-14 00:00:00+00:00,8222.275144128116,0.0,1.6127847071515937,-0.22915214777222348,-3.339550858072471e-13,7.877634996088539,0.02760234219759736,0.5194201527999539
2026-07-15 00:00:00+00:00,8249.103294538578,0.0,1.6180470013396027,-0.22663697748654932,-3.339550858072471e-13,7.877634996088539,0.02760234219759736,0.5194201527999539
2026-07-16 00:00:00+00:00,8167.101992269226,0.0,1.6019625911309547,-0.23432469489154906,-3.339550858072471e-13,7.877634996088539,0.02760234219759736,0.5194201527999539
2026-07-17 00:00:00+00:00,8103.163294928495,0.0,1.589421128888601,-0.24031902208875344,-3.339550858072471e-13,7.877634996088539,0.02760234219759736,0.5194201527999539
2026-07-20 00:00:00+00:00,8164.782212429067,0.0,1.6015075704238406,-0.23454217694804602,-3.339550858072471e-13,7.877634996088539,0.02760234219759736,0.5194201527999539
2026-07-21 00:00:00+00:00,8258.422331155129,0.0,1.6198749138671091,-0.22576330697142077,-3.339550858072471e-13,7.877634996088539,0.02760234219759736,0.5194201527999539
2026-07-22 00:00:00+00:00,8241.774779115649,0.0,1.6166095260188373,-0.2273240343260201,-3.339550858072471e-13,7.877634996088539,0.02760234219759736,0.5194201527999539
2026-07-23 00:00:00+00:00,8118.394357963146,0.0,1.5924086749273016,-0.23889109222486526,-3.339550858072471e-13,7.877634996088539,0.02760234219759736,0.5194201527999539
2026-07-24 00:00:00+00:00,8087.300433001989,0.0,1.586309656616234,-0.241806183833148,-3.339550858072471e-13,7.877634996088539,0.02760234219759736,0.5194201527999539
2026-07-27 00:00:00+00:00,8192.486987671831,100.0,1.5873269901288811,-0.24131993830406662,-3.481659405224491e-13,7.965222101190854,0.02790769441414994,0.5296364676494151
2026-07-28 00:00:00+00:00,8225.801037717052,0.0,1.5937817200377427,-0.23823483049960092,-3.481659405224491e-13,7.965222101190854,0.02790769441414994,0.5296364676494151
2026-07-29 00:00:00+00:00,8139.357622738118,0.0,1.5770329640224503,-0.24624007915097068,-3.481659405224491e-13,7.965222101190854,0.02790769441414994,0.5296364676494151
2026-07-30 00:00:00+00:00,8254.476710929983,0.0,1.599337745957527,-0.23557926796345074,-3.481659405224491e-13,7.965222101190854,0.02790769441414994,0.5296364676494151
2026-07-31 00:00:00+00:00,8210.876377820232,0.0,1.5908900077276267,-0.23961695559889595,-3.481659405224491e-13,7.965222101190854,0.02790769441414994,0.5296364676494151
2026-08-03 00:00:00+00:00,8305.066068517852,0.0,1.609139635522118,-0.23089434908671902,-3.481659405224491e-13,7.965222101190854,0.02790769441414994,0.5296364676494151
2026-08-04 00:00:00+00:00,8426.537237112154,0.0,1.6326751583398387,-0.21964529201502858,-3.481659405224491e-13,7.965222101190854,0.02790769441414994,0.5296364676494151
2026-08-05 00:00:00+00:00,8451.871689959338,0.0,1.6375838095033985,-0.21729914922858795,-3.481659405224491e-13,7.965222101190854,0.02790769441414994,0.5296364676494151
2026-08-06 00:00:00+00:00,8430.23734182743,0.0,1.633392068368466,-0.21930263713161025,-3.481659405224491e-13,7.965222101190854,0.02790769441414994,0.5296364676494151
2026-08-07 00:00:00+00:00,8486.639080094305,0.0,1.6443201298442938,-0.21407945223885871,-3.481659405224491e-13,7.965222101190854,0.02790769441414994,0.5296364676494151
2026-08-10 00:00:00+00:00,8437.834422703574,0.0,1.6348640330525777,-0.21859909572879854,-3.481659405224491e-13,7.965222101190854,0.02790769441414994,0.5296364676494151
2026-08-11 00:00:00+00:00,8414.740323297672,0.0,1.6303894592931234,-0.220737766536387,-3.481659405224491e-13,7.965222101190854,0.02790769441414994,0.5296364676494151
2026-08-12 00:00:00+00:00,8423.857870188049,0.0,1.6321560203245464,-0.21989341963077502,-3.481659405224491e-13,7.965222101190854,0.02790769441414994,0.5296364676494151
2026-08-13 00:00:00+00:00,8465.59288367492,0.0,1.6402423454466728,-0.2160284732897252,-3.481659405224491e-13,7.965222101190854,0.02790769441414994,0.5296364676494151
2026-08-14 00:00:00+00:00,8440.344310300661,0.0,1.6353503337731088,-0.2183666630523874,-3.481659405224491e-13,7.965222101190854,0.02790769441414994,0.5296364676494151
2026-08-17 00:00:00+00:00,8471.912773010114,0.0,1.6414668491817992,-0.21544320851750765,-3.481659405224491e-13,7.965222101190854,0.02790769441414994,0.5296364676494151
2026-08-18 00:00:00+00:00,8440.768211848967,0.0,1.635432466386782,-0.21832740688349694,-3.481659405224491e-13,7.965222101190854,0.02790769441414994,0.5296364676494151
2026-08-19 00:00:00+00:00,8758.834321462688,0.0,1.6970590421988514,-0.1888723200425596,-3.481659405224491e-13,7.965222101190854,0.02790769441414994,0.5296364676494151
2026-08-20 00:00:00+00:00,8854.032641559274,0.0,1.7155040959574515,-0.18005630758225155,-3.481659405224491e-13,7.965222101190854,0.02790769441414994,0.5296364676494151
2026-08-21 00:00:00+00:00,9124.16449062175,0.0,1.7678432178328398,-0.15504025955908618,-3.481659405224491e-13,7.965222101190854,0.02790769441414994,0.5296364676494151
2026-08-24 00:00:00+00:00,9109.459255222939,0.0,1.7649940198933305,-0.15640206445623306,-3.481659405224491e-13,7.965222101190854,0.02790769441414994,0.5296364676494151
2026-08-25 00:00:00+00:00,9093.233203689691,0.0,1.7618501577693255,-0.1579047072796943,-3.481659405224491e-13,7.965222101190854,0.02790769441414994,0.5296364676494151
2026-08-26 00:00:00+00:00,9142.162174492982,0.0,1.77133034077995,-0.1533735515215443,-3.481659405224491e-13,7.965222101190854,0.02790769441414994,0.5296364676494151
2026-08-27 00:00:00+00:00,9315.270671259557,100.0,1.7854954032695172,-0.1466032070680433,-3.446132268436486e-13,8.050118567721388,0.028160403694113732,0.5376028767329959
2026-08-28 00:00:00+00:00,9198.793288238134,0.0,1.7631697146976044,-0.15727401080821513,-3.446132268436486e-13,8.050118567721388,0.028160403694113732,0.5376028767329959
2026-08-31 00:00:00+00:00,9213.944665175528,0.0,1.7660738400665414,-0.15588595275352346,-3.446132268436486e-13,8.050118567721388,0.028160403694113732,0.5376028767329959
2026-09-01 00:00:00+00:00,9118.280721852529,0.0,1.7477375472104633,-0.16464998176697498,-3.446132268436486e-13,8.050118567721388,0.028160403694113732,0.5376028767329959
2026-09-02 00:00:00+00:00,9126.362877942882,0.0,1.7492866865814056,-0.1639095538899018,-3.446132268436486e-13,8.050118567721388,0.028160403694113732,0.5376028767329959
2026-09-03 00:00:00+00:00,9358.03128545769,0.0,1.7936915022113662,-0.14268579314543173,-3.446132268436486e-13,8.050118567721388,0.028160403694113732,0.5376028767329959
2026-09-04 00:00:00+00:00,9263.115913741092,0.0,1.77549869108646,-0.1513812435173464,-3.446132268436486e-13,8.050118567721388,0.028160403694113732,0.5376028767329959
2026-09-08 00:00:00+00:00,9213.169384974344,0.0,1.7659252389915636,-0.15595697824066845,-3.446132268436486e-13,8.050118567721388,0.028160403694113732,0.5376028767329959
2026-09-09 00:00:00+00:00,9174.101069354756,0.0,1.7584368577717373,-0.15953613084198548,-3.446132268436486e-13,8.050118567721388,0.028160403694113732,0.5376028767329959
2026-09-10 00:00:00+00:00,9075.142131996427,0.0,1.7394690001537212,-0.16860202304779226,-3.446132268436486e-13,8.050118567721388,0.028160403694113732,0.5376028767329959
2026-09-11 00:00:00+00:00,9183.23819559607,0.0,1.7601882075154753,-0.15869905433544762,-3.446132268436486e-13,8.050118567721388,0.028160403694113732,0.5376028767329959
2026-09-14 00:00:00+00:00,9183.762069672435,0.0,1.7602886205671464,-0.15865106083397595,-3.446132268436486e-13,8.050118567721388,0.028160403694113732,0.5376028767329959
2026-09-15 00:00:00+00:00,9023.983116032618,0.0,1.7296631457601397,-0.17328883695731934,-3.446132268436486e-13,8.050118567721388,0.028160403694113732,0.5376028767329959
2026-09-16 00:00:00+00:00,9026.719734093178,0.0,1.7301876843527446,-0.17303812807737573,-3.446132268436486e-13,8.050118567721388,0.028160403694113732,0.5376028767329959
2026-09-17 00:00:00+00:00,9110.973238397977,0.0,1.7463368924599985,-0.16531943981758812,-3.446132268436486e-13,8.050118567721388,0.028160403694113732,0.5376028767329959
2026-09-18 00:00:00+00:00,9331.428618427057,0.0,1.7885924620037155,-0.14512293442973412,-3.446132268436486e-13,8.050118567721388,0.028160403694113732,0.5376028767329959
2026-09-21 00:00:00+00:00,9669.705411041958,0.0,1.8534313356727499,-0.11413249516836699,-3.446132268436486e-13,8.050118567721388,0.028160403694113732,0.5376028767329959
2026-09-22 00:00:00+00:00,9645.990773646954,0.0,1.8488858557233994,-0.11630505635447197,-3.446132268436486e-13,8.050118567721388,0.028160403694113732,0.5376028767329959
2026-09-23 00:00:00+00:00,9516.242204527829,0.0,1.824016425524473,-0.12819166885145483,-3.446132268436486e-13,8.050118567721388,0.028160403694113732,0.5376028767329959
2026-09-24 00:00:00+00:00,9513.4831733125,0.0,1.8234875909123296,-0.12844443106028958,-3.446132268436486e-13,8.050118567721388,0.028160403694113732,0.5376028767329959
2026-09-25 00:00:00+00:00,9537.250724864913,0.0,1.828043213131095,-0.12626702226708575,-3.446132268436486e-13,8.050118567721388,0.028160403694113732,0.5376028767329959
