date,equity,deposit,twr,drawdown,cash,NVDA_units
2021-09-27 00:00:00+00:00,99.7179941976834,100.0,1.0,0.0,0.0,4.603785512358421
2021-09-28 00:00:00+00:00,95.29375632030695,0.0,0.9556325023084026,-0.044367497691597424,0.0,4.603785512358421
2021-09-29 00:00:00+00:00,94.45586735705771,0.0,0.9472299168975068,-0.052770083102493204,0.0,4.603785512358421
2021-09-30 00:00:00+00:00,95.37202067401705,0.0,0.9564173591874423,-0.043582640812557694,0.0,4.603785512358421
2021-10-01 00:00:00+00:00,95.49171909733838,0.0,0.9576177285318561,-0.042382271468143884,0.0,4.603785512358421
2021-10-04 00:00:00+00:00,90.84189572985636,0.0,0.9109879963065559,-0.08901200369344409,0.0,4.603785512358421
2021-10-05 00:00:00+00:00,94.15201751324207,0.0,0.9441828254847647,-0.05581717451523527,0.0,4.603785512358421
2021-10-06 00:00:00+00:00,95.29836010581931,0.0,0.9556786703601109,-0.04432132963988911,0.0,4.603785512358421
2021-10-07 00:00:00+00:00,97.02477967295371,0.0,0.9729916897506925,-0.0270083102493075,0.0,4.603785512358421
2021-10-08 00:00:00+00:00,95.90145600793826,0.0,0.9617266851338874,-0.03827331486611263,0.0,4.603785512358421
2021-10-11 00:00:00+00:00,95.27534117825752,0.0,0.9554478301015698,-0.04455216989843025,0.0,4.603785512358421
2021-10-12 00:00:00+00:00,95.16485032596091,0.0,0.9543397968605725,-0.045660203139427535,0.0,4.603785512358421
2021-10-13 00:00:00+00:00,96.39866484327297,0.0,0.9667128347183748,-0.03328716528162523,0.0,4.603785512358421
2021-10-14 00:00:00+00:00,100.11391975174621,0.0,1.0039704524469066,0.0,0.0,4.603785512358421
2021-10-15 00:00:00+00:00,100.64795887117978,0.0,1.00932594644506,0.0,0.0,4.603785512358421
2021-10-18 00:00:00+00:00,102.30532165562883,0.0,1.0259464450600186,0.0,0.0,4.603785512358421
2021-10-19 00:00:00+00:00,102.6183790704692,0.0,1.0290858725761773,0.0,0.0,4.603785512358421
2021-10-20 00:00:00+00:00,101.75747117965818,0.0,1.0204524469067406,-0.00838941229250778,0.0,4.603785512358421
2021-10-21 00:00:00+00:00,104.46910084643729,0.0,1.0476454293628807,0.0,0.0,4.603785512358421
2021-10-22 00:00:00+00:00,104.62562955385746,0.0,1.0492151431209602,0.0,0.0,4.603785512358421
2021-10-25 00:00:00+00:00,106.65129517929518,0.0,1.0695290858725761,0.0,0.0,4.603785512358421
2021-10-26 00:00:00+00:00,113.79176650896308,0.0,1.1411357340720218,0.0,0.0,4.603785512358421
2021-10-27 00:00:00+00:00,212.42325423332684,100.0,1.1274119093335975,-0.012026461295232882,0.0,8.687712332147022
2021-10-28 00:00:00+00:00,216.68023327607887,0.0,1.150005334370343,0.0,0.0,8.687712332147022
2021-10-29 00:00:00+00:00,222.11874119600293,0.0,1.1788695875805526,0.0,0.0,8.687712332147022
2021-11-01 00:00:00+00:00,224.37754640236116,0.0,1.190857935559234,0.0,0.0,8.687712332147022
2021-11-02 00:00:00+00:00,229.36429328101354,0.0,1.217324519173707,0.0,0.0,8.687712332147022
2021-11-03 00:00:00+00:00,231.07577261044648,0.0,1.2264079982190923,0.0,0.0,8.687712332147022
2021-11-04 00:00:00+00:00,258.90251521031337,0.0,1.3740952235103079,0.0,0.0,8.687712332147022
2021-11-05 00:00:00+00:00,258.4768173060382,0.0,1.3718358810066336,-0.001644240126170149,0.0,8.687712332147022
2021-11-08 00:00:00+00:00,267.6162906794569,0.0,1.4203425812896056,0.0,0.0,8.687712332147022
2021-11-09 00:00:00+00:00,266.3391969666313,0.0,1.413564553778582,-0.004772107518504098,0.0,8.687712332147022
2021-11-10 00:00:00+00:00,255.93131759271913,0.0,1.3583259350152737,-0.04366316062848985,0.0,8.687712332147022
2021-11-11 00:00:00+00:00,264.019577773948,0.0,1.40125344258509,-0.013439813011297264,0.0,8.687712332147022
2021-11-12 00:00:00+00:00,264.019577773948,0.0,1.40125344258509,-0.013439813011297264,0.0,8.687712332147022
2021-11-15 00:00:00+00:00,260.84856277271433,0.0,1.3844236463842488,-0.025288923516426642,0.0,8.687712332147022
2021-11-16 00:00:00+00:00,262.3949755678365,0.0,1.3926310538465767,-0.019510453187897903,0.0,8.687712332147022
2021-11-17 00:00:00+00:00,254.21115055095402,0.0,1.3491963469392008,-0.05009089728606697,0.0,8.687712332147022
2021-11-18 00:00:00+00:00,275.1832881207569,0.0,1.4605035470181873,0.0,0.0,8.687712332147022
2021-11-19 00:00:00+00:00,286.5641912758695,0.0,1.520906377218466,0.0,0.0,8.687712332147022
2021-11-22 00:00:00+00:00,277.62453528609024,0.0,1.4734601846413007,-0.03119599818099139,0.0,8.687712332147022
2021-11-23 00:00:00+00:00,275.80011569633933,0.0,1.463777288196981,-0.03756252842201013,0.0,8.687712332147022
2021-11-24 00:00:00+00:00,283.8623127405718,0.0,1.506566468674736,-0.009428528118841761,0.0,8.687712332147022
2021-11-26 00:00:00+00:00,273.68900159962766,0.0,1.4525727937399833,-0.04492951341518847,0.0,8.687712332147022
2021-11-29 00:00:00+00:00,393.0301108965776,100.0,1.5552234994727603,0.0,0.0,11.775830264159204
2021-11-30 00:00:00+00:00,384.78702971166615,0.0,1.5226055569502612,-0.02097315436241598,0.0,11.775830264159204
2021-12-01 00:00:00+00:00,370.6442575644109,0.0,1.466642486993802,-0.0569570949185042,0.0,11.790814619513629
2021-12-02 00:00:00+00:00,378.7917104664948,0.0,1.4988820275859034,-0.03622725087806178,0.0,11.790814619513629
2021-12-03 00:00:00+00:00,361.8954731167318,0.0,1.4320234723493164,-0.07921692744818365,0.0,11.790814619513629
2021-12-06 00:00:00+00:00,354.16069872633085,0.0,1.4014169041461053,-0.09889677938816976,0.0,11.790814619513629
2021-12-07 00:00:00+00:00,382.3407456669684,0.0,1.5129255901303644,-0.02719731881413534,0.0,11.790814619513629
2021-12-08 00:00:00+00:00,375.2544660806408,0.0,1.4848851213954106,-0.04522718316768959,0.0,11.790814619513629
2021-12-09 00:00:00+00:00,359.50193774897053,0.0,1.4225522324937492,-0.085306881630832,0.0,11.790814619513629
2021-12-10 00:00:00+00:00,356.0590198800726,0.0,1.408928577135003,-0.09406681572606956,0.0,11.790814619513629
2021-12-13 00:00:00+00:00,332.0411305001233,0.0,1.3138895841015572,-0.155176355972642,0.0,11.790814619513629
2021-12-14 00:00:00+00:00,334.1163138731577,0.0,1.3221011023999798,-0.14989639569606028,0.0,11.790814619513629
2021-12-15 00:00:00+00:00,359.1364224957656,0.0,1.4211058855207321,-0.08623687463409324,0.0,11.790814619513629
2021-12-16 00:00:00+00:00,334.7058546041334,0.0,1.3244339200983954,-0.14839640698112222,0.0,11.790814619513629
2021-12-17 00:00:00+00:00,327.79643723709836,0.0,1.297093296672966,-0.16597627472019527,0.0,11.790814619513629
2021-12-20 00:00:00+00:00,326.8295904382983,0.0,1.2932674756475648,-0.16843625621269342,0.0,11.790814619513629
2021-12-21 00:00:00+00:00,342.81793506235874,0.0,1.356533491628592,-0.127756562263576,0.0,11.790814619513629
2021-12-22 00:00:00+00:00,346.6499498137007,0.0,1.3716968066682929,-0.11800663561647906,0.0,11.790814619513629
2021-12-23 00:00:00+00:00,349.47974532238396,0.0,1.3828943316206872,-0.11080668978477681,0.0,11.790814619513629
2021-12-27 00:00:00+00:00,469.14705250868406,100.0,1.4607180338243386,-0.06076648512606719,0.0,15.160673857123415
2021-12-28 00:00:00+00:00,459.70195269569615,0.0,1.431310138039153,-0.07967559741452934,0.0,15.160673857123415
2021-12-29 00:00:00+00:00,454.83537638755956,0.0,1.4161577551386002,-0.08941849475738062,0.0,15.160673857123415
2021-12-30 00:00:00+00:00,448.54369673685335,0.0,1.3965682258434926,-0.10201445238131612,0.0,15.160673857123415
2021-12-31 00:00:00+00:00,445.89057881185676,0.0,1.3883075809600136,-0.10732600077695154,0.0,15.160673857123415
2022-01-03 00:00:00+00:00,456.65465725041435,0.0,1.4218221973444143,-0.08577629014323063,0.0,15.160673857123415
2022-01-04 00:00:00+00:00,444.0561372751448,0.0,1.382595935069151,-0.11099855709621942,0.0,15.160673857123415
2022-01-05 00:00:00+00:00,418.49524115203474,0.0,1.3030105220774615,-0.16217153192502687,0.0,15.160673857123415
2022-01-06 00:00:00+00:00,427.1974679460236,0.0,1.330105437295273,-0.14474965318734256,0.0,15.160673857123415
2022-01-07 00:00:00+00:00,413.08288058504166,0.0,1.2861588065151643,-0.17300709065212305,0.0,15.160673857123415
2022-01-10 00:00:00+00:00,415.40246368518154,0.0,1.2933809703275774,-0.16836327976908183,0.0,15.160673857123415
2022-01-11 00:00:00+00:00,421.72446468360204,0.0,1.3130649069927818,-0.15570661873491054,0.0,15.160673857123415
2022-01-12 00:00:00+00:00,424.48370732559846,0.0,1.3216559776715997,-0.15018260840344988,0.0,15.160673857123415
2022-01-13 00:00:00+00:00,402.8949077530547,0.0,1.2544379301626045,-0.19340343649136327,0.0,15.160673857123415
2022-01-14 00:00:00+00:00,408.45887505861907,0.0,1.2717616825753864,-0.18226436071308783,0.0,15.160673857123415
2022-01-18 00:00:00+00:00,392.7069349210678,0.0,1.222717053810045,-0.21379978233060337,0.0,15.160673857123415
2022-01-19 00:00:00+00:00,380.03261157651264,0.0,1.1832547731095393,-0.23917380780918174,0.0,15.160673857123415
2022-01-20 00:00:00+00:00,366.13027364953047,0.0,1.139968993920109,-0.2670063214023114,0.0,15.160673857123415
2022-01-21 00:00:00+00:00,354.3655907364027,0.0,1.1033389343225104,-0.29055924457381477,0.0,15.160673857123415
2022-01-24 00:00:00+00:00,354.33526938868846,0.0,1.1032445269524136,-0.29061994798405055,0.0,15.160673857123415
2022-01-25 00:00:00+00:00,338.4468831864231,0.0,1.0537750650216362,-0.32242853494762724,0.0,15.160673857123415
2022-01-26 00:00:00+00:00,345.2388650744144,0.0,1.0749223159233425,-0.3088309710548006,0.0,15.160673857123415
2022-01-27 00:00:00+00:00,425.74859648281046,100.0,1.0142381729374736,-0.34785053512802966,0.0,19.401594808731794
2022-01-28 00:00:00+00:00,443.13242543143417,0.0,1.0556507414278118,-0.321222485523341,0.0,19.401594808731794
2022-01-31 00:00:00+00:00,475.06745048660673,0.0,1.1317278482750177,-0.27230533189687056,0.0,19.401594808731794
2022-02-01 00:00:00+00:00,478.01649289753396,0.0,1.138753194715343,-0.26778807348178946,0.0,19.401594808731794
2022-02-02 00:00:00+00:00,489.73505616200794,0.0,1.1666697029387405,-0.24983791504291453,0.0,19.401594808731794
2022-02-03 00:00:00+00:00,464.629392479509,0.0,1.1068618194270248,-0.28829404918182855,0.0,19.401594808731794
2022-02-04 00:00:00+00:00,471.82738415354845,0.0,1.1240092110675552,-0.27726837239238733,0.0,19.401594808731794
2022-02-07 00:00:00+00:00,479.76263643031984,0.0,1.1429129393181672,-0.2651133809991756,0.0,19.401594808731794
2022-02-08 00:00:00+00:00,487.1352424576379,0.0,1.1604763054189802,-0.2538202349614729,0.0,19.401594808731794
2022-02-09 00:00:00+00:00,518.1195893671825,0.0,1.2342886624268703,-0.20635930279775916,0.0,19.401594808731794
2022-02-10 00:00:00+00:00,501.02678434068986,0.0,1.19356938470367,-0.23254157032201195,0.0,19.401594808731794
2022-02-11 00:00:00+00:00,464.6487940743178,0.0,1.1069080388115007,-0.28826433037646615,0.0,19.401594808731794
2022-02-14 00:00:00+00:00,470.8185012234944,0.0,1.1216058030748124,-0.2788137502712308,0.0,19.401594808731794
2022-02-15 00:00:00+00:00,514.0452544573488,0.0,1.2245825916869475,-0.2126002519238579,0.0,19.401594808731794
2022-02-16 00:00:00+00:00,514.3556799742886,0.0,1.225322101838561,-0.21212475103805972,0.0,19.401594808731794
2022-02-17 00:00:00+00:00,475.4748839775901,0.0,1.1326984553490103,-0.2716812369842606,0.0,19.401594808731794
2022-02-18 00:00:00+00:00,458.69250446803704,0.0,1.0927186877774226,-0.29738800362271556,0.0,19.401594808731794
2022-02-22 00:00:00+00:00,453.80330257623666,0.0,1.0810714028895152,-0.3048771425740342,0.0,19.401594808731794
2022-02-23 00:00:00+00:00,434.3435029830787,0.0,1.034713360260264,-0.3346851043524969,0.0,19.401594808731794
2022-02-24 00:00:00+00:00,460.74907351776267,0.0,1.09761794253186,-0.29423781025430373,0.0,19.401594808731794
2022-02-25 00:00:00+00:00,468.68432579453395,0.0,1.1165216707824717,-0.2820828188610922,0.0,19.401594808731794
2022-02-28 00:00:00+00:00,574.6951418000688,100.0,1.1308409171491782,-0.2728756236434525,0.0,23.567567840888607
2022-03-01 00:00:00+00:00,553.2957902005419,0.0,1.0887329182657886,-0.29995083109605647,0.0,23.567567840888607
2022-03-02 00:00:00+00:00,571.7491958199575,0.0,1.1250441111354954,-0.2766029374447473,0.0,23.606490331129546
2022-03-03 00:00:00+00:00,559.804311712406,0.0,1.1015398865180488,-0.29171602223636395,0.0,23.606490331129546
2022-03-04 00:00:00+00:00,541.4384622347873,0.0,1.0654009798928046,-0.31495313679738735,0.0,23.606490331129546
2022-03-07 00:00:00+00:00,504.0457815502781,0.0,0.9918225376121017,-0.36226366310157887,0.0,23.606490331129546
2022-03-08 00:00:00+00:00,507.870032983921,0.0,0.999347605572628,-0.3574250865477412,0.0,23.606490331129546
2022-03-09 00:00:00+00:00,543.2797684806153,0.0,1.0690241607626876,-0.31262345178998396,0.0,23.606490331129546
2022-03-10 00:00:00+00:00,534.8758579227333,0.0,1.0524875916642469,-0.323256373105825,0.0,23.606490331129546
2022-03-11 00:00:00+00:00,521.703436317963,0.0,1.0265679131335446,-0.33992258123571073,0.0,23.606490331129546
2022-03-14 00:00:00+00:00,503.52643876299317,0.0,0.9908006148026473,-0.3629207537446928,0.0,23.606490331129546
2022-03-15 00:00:00+00:00,542.311902377039,0.0,1.0671196682541593,-0.313848029806696,0.0,23.606490331129546
2022-03-16 00:00:00+00:00,578.2645871513494,0.0,1.1378645972904666,-0.2683594366493198,0.0,23.606490331129546
2022-03-17 00:00:00+00:00,584.6383395407543,0.0,1.1504063772246773,-0.2602951423929235,0.0,23.606490331129546
2022-03-18 00:00:00+00:00,624.4624887293699,0.0,1.2287692762950977,-0.20990823716869922,0.0,23.606490331129546
2022-03-21 00:00:00+00:00,631.0959125124173,0.0,1.2418220176340358,-0.20151539759074588,0.0,23.606490331129546
2022-03-22 00:00:00+00:00,626.1385495428801,0.0,1.2320672999074276,-0.2077876264568318,0.0,23.606490331129546
2022-03-23 00:00:00+00:00,605.1287731481748,0.0,1.1907258771613254,-0.23436992974643456,0.0,23.606490331129546
2022-03-24 00:00:00+00:00,664.5227028212967,0.0,1.3075966857334518,-0.1592226543794233,0.0,23.606490331129546
2022-03-25 00:00:00+00:00,653.7109302496394,0.0,1.2863221108820873,-0.1729020868587916,0.0,23.606490331129546
2022-03-28 00:00:00+00:00,767.770680380593,100.0,1.313987806268298,-0.1551131996695293,0.0,27.20757930403604
2022-03-29 00:00:00+00:00,779.6603925364568,0.0,1.3343362477913585,-0.14202926573337227,0.0,27.20757930403604
2022-03-30 00:00:00+00:00,753.377870928758,0.0,1.28935548231933,-0.17095164601329826,0.0,27.20757930403604
2022-03-31 00:00:00+00:00,742.3860088899274,0.0,1.2705436507968666,-0.18304754832498582,0.0,27.20757930403604
2022-04-01 00:00:00+00:00,726.7688583694107,0.0,1.2438159495743568,-0.20023331052030424,0.0,27.20757930403604
2022-04-04 00:00:00+00:00,744.3993697584261,0.0,1.2739893823133575,-0.18083196225799358,0.0,27.20757930403604
2022-04-05 00:00:00+00:00,705.5197389329586,0.0,1.2074495128935552,-0.2236167256327497,0.0,27.20757930403604
2022-04-06 00:00:00+00:00,664.0553880736077,0.0,1.1364860692296095,-0.2692458224718878,0.0,27.20757930403604
2022-04-07 00:00:00+00:00,658.6410797921045,0.0,1.127219845286614,-0.27520395257096153,0.0,27.20757930403604
2022-04-08 00:00:00+00:00,629.0120259300093,0.0,1.0765117152669048,-0.3078089961784558,0.0,27.20757930403604
2022-04-11 00:00:00+00:00,596.308515606558,0.0,1.0205418600936353,-0.34379729959095173,0.0,27.20757930403604
2022-04-12 00:00:00+00:00,585.0717853539911,0.0,1.0013109531164637,-0.35616266507294914,0.0,27.20757930403604
2022-04-13 00:00:00+00:00,604.0898832875122,0.0,1.0338591467654779,-0.3352343588455494,0.0,27.20757930403604
2022-04-14 00:00:00+00:00,578.3787208451981,0.0,0.989856224021102,-0.3635279917280858,0.0,27.20757930403604
2022-04-18 00:00:00+00:00,592.6626999798171,0.0,1.014302292212422,-0.3478093067933433,0.0,27.20757930403604
2022-04-19 00:00:00+00:00,603.9538453909921,0.0,1.0336263270684178,-0.33538406060683257,0.0,27.20757930403604
2022-04-20 00:00:00+00:00,584.4732186093022,0.0,1.0002865464493984,-0.35682135282259575,0.0,27.20757930403604
2022-04-21 00:00:00+00:00,549.1305730933594,0.0,0.9397999891531612,-0.3957138704039871,0.0,27.20757930403604
2022-04-22 00:00:00+00:00,530.9559101182633,0.0,0.9086952776259198,-0.4157140257114308,0.0,27.20757930403604
2022-04-25 00:00:00+00:00,541.4852433089253,0.0,0.9267155221783786,-0.40412710938810625,0.0,27.20757930403604
2022-04-26 00:00:00+00:00,511.17599996422916,0.0,0.8748432936733683,-0.43748066180201695,0.0,27.20757930403604
2022-04-27 00:00:00+00:00,599.9941128421486,100.0,0.8557062470200644,-0.4497856756214401,1.4210854715202004e-14,32.58181443617424
2022-04-28 00:00:00+00:00,644.5334531763989,0.0,0.9192278565599193,-0.4089416364454699,1.4210854715202004e-14,32.58181443617424
2022-04-29 00:00:00+00:00,604.2949123477237,0.0,0.861840008877607,-0.44584170109969323,1.4210854715202004e-14,32.58181443617424
2022-05-02 00:00:00+00:00,636.4205813817915,0.0,0.9076573512377366,-0.41638140656603795,1.4210854715202004e-14,32.58181443617424
2022-05-03 00:00:00+00:00,638.6687265778875,0.0,0.9108636358450883,-0.4143197835205794,1.4210854715202004e-14,32.58181443617424
2022-05-04 00:00:00+00:00,662.518614745167,0.0,0.9448781334187342,-0.3924486520818009,1.4210854715202004e-14,32.58181443617424
2022-05-05 00:00:00+00:00,613.9717112352674,0.0,0.8756409730570781,-0.4369677584257625,1.4210854715202004e-14,32.58181443617424
2022-05-06 00:00:00+00:00,608.4653845955539,0.0,0.867787899163709,-0.44201724095739314,1.4210854715202004e-14,32.58181443617424
2022-05-09 00:00:00+00:00,552.2617546931534,0.0,0.7876307839799127,-0.4935578170938588,1.4210854715202004e-14,32.58181443617424
2022-05-10 00:00:00+00:00,573.2770250044857,0.0,0.8176025748747233,-0.47428612340805,1.4210854715202004e-14,32.58181443617424
2022-05-11 00:00:00+00:00,541.8355740735776,0.0,0.7727610582646576,-0.503118967449609,1.4210854715202004e-14,32.58181443617424
2022-05-12 00:00:00+00:00,527.0108485051184,0.0,0.7516181670132794,-0.5167137281116913,1.4210854715202004e-14,32.58181443617424
2022-05-13 00:00:00+00:00,576.8936064069011,0.0,0.8227605109822025,-0.4709695993783991,1.4210854715202004e-14,32.58181443617424
2022-05-16 00:00:00+00:00,562.4924444261121,0.0,0.8022217023380066,-0.484175938307279,1.4210854715202004e-14,32.58181443617424
2022-05-17 00:00:00+00:00,592.2396410063392,0.0,0.8446468885193436,-0.4568967811985293,1.4210854715202004e-14,32.58181443617424
2022-05-18 00:00:00+00:00,551.8707729199192,0.0,0.7870731692655906,-0.4939163602321994,1.4210854715202004e-14,32.58181443617424
2022-05-19 00:00:00+00:00,557.9309904050476,0.0,0.7957161973375826,-0.4883589415879196,1.4210854715202004e-14,32.58181443617424
2022-05-20 00:00:00+00:00,543.9208101974928,0.0,0.7757350034077088,-0.5012067373784588,1.4210854715202004e-14,32.58181443617424
2022-05-23 00:00:00+00:00,550.5675003424723,0.0,0.7852144535511839,-0.49511150402666804,1.4210854715202004e-14,32.58181443617424
2022-05-24 00:00:00+00:00,526.3266304019587,0.0,0.7506423412632162,-0.5173411786037871,1.4210854715202004e-14,32.58181443617424
2022-05-25 00:00:00+00:00,553.0763000540578,0.0,0.7887924813014173,-0.4928108522223156,1.4210854715202004e-14,32.58181443617424
2022-05-26 00:00:00+00:00,581.6179695001464,0.0,0.8294983554469277,-0.4666372031234496,1.4210854715202004e-14,32.58181443617424
2022-05-27 00:00:00+00:00,716.2815284071514,100.0,0.878935213685695,-0.43484958015123565,0.0,38.07780173340872
2022-05-31 00:00:00+00:00,710.9887139662077,0.0,0.872440503425618,-0.4390256424742901,0.0,38.07780173340872
2022-06-01 00:00:00+00:00,697.5853277560477,0.0,0.8559934673713218,-0.44960099454418356,0.0,38.07780173340872
2022-06-02 00:00:00+00:00,746.0202915609436,0.0,0.9154270749311647,-0.4113855177461595,0.0,38.07780173340872
2022-06-03 00:00:00+00:00,712.8164484494112,0.0,0.8746832810693855,-0.4375835490102138,0.0,38.07780173340872
2022-06-06 00:00:00+00:00,715.3295833638163,0.0,0.8777671003295663,-0.4356006704971086,0.0,38.07780173340872
2022-06-07 00:00:00+00:00,720.6604756064934,0.0,0.8843085351238885,-0.4313945645602192,0.0,38.07780173340872
2022-06-08 00:00:00+00:00,711.5979587939422,0.0,0.8731880959735407,-0.43854494465293115,0.0,38.15947869980385
2022-06-09 00:00:00+00:00,688.7022715740598,0.0,0.8450932408907368,-0.4566097791235577,0.0,38.15947869980385
2022-06-10 00:00:00+00:00,647.7189914504705,0.0,0.7948034502925182,-0.4889458328259789,0.0,38.15947869980385
2022-06-13 00:00:00+00:00,597.0813632158308,0.0,0.7326669958010505,-0.5288992250635143,0.0,38.15947869980385
2022-06-14 00:00:00+00:00,604.2935046900938,0.0,0.7415168751521337,-0.523208802205267,0.0,38.15947869980385
2022-06-15 00:00:00+00:00,630.6617044716583,0.0,0.7738727832558293,-0.5024041345065956,0.0,38.15947869980385
2022-06-16 00:00:00+00:00,595.3260271956399,0.0,0.7305130569113689,-0.5302841957062623,0.0,38.15947869980385
2022-06-17 00:00:00+00:00,605.9725217528852,0.0,0.7435771645248727,-0.521884047677421,0.0,38.15947869980385
2022-06-21 00:00:00+00:00,632.1499241409505,0.0,0.7756989488362115,-0.5012299202660049,0.0,38.15947869980385
2022-06-22 00:00:00+00:00,624.2890715287909,0.0,0.7660530485911157,-0.5074321801009198,0.0,38.15947869980385
2022-06-23 00:00:00+00:00,619.1375419043175,0.0,0.7597317061974849,-0.5114967678568108,0.0,38.15947869980385
2022-06-24 00:00:00+00:00,653.5192322128407,0.0,0.8019208135801619,-0.4843694080934201,0.0,38.15947869980385
2022-06-27 00:00:00+00:00,741.1046313252907,100.0,0.7866870968763591,-0.4941646026162442,0.0,43.93293208401747
2022-06-28 00:00:00+00:00,702.1361205667672,0.0,0.7453217844731739,-0.5207622668215552,0.0,43.93293208401747
2022-06-29 00:00:00+00:00,682.8056304497995,0.0,0.7248023510375465,-0.533956147599838,0.0,43.93293208401747
2022-06-30 00:00:00+00:00,665.9793174616209,0.0,0.7069411169333527,-0.5454408210954795,0.0,43.93293208401747
2022-07-01 00:00:00+00:00,638.0379726561857,0.0,0.6772812086036731,-0.5645119760386339,0.0,43.93293208401747
2022-07-05 00:00:00+00:00,657.4123957052375,0.0,0.6978472771152907,-0.5512881091676731,0.0,43.93293208401747
2022-07-06 00:00:00+00:00,664.7052624311845,0.0,0.7055886997296411,-0.546310417783139,0.0,43.93293208401747
2022-07-07 00:00:00+00:00,696.6884369883492,0.0,0.7395390350504063,-0.5244805423136166,0.0,43.93293208401747
2022-07-08 00:00:00+00:00,695.8097783466687,0.0,0.738606333530605,-0.525080264167175,0.0,43.93293208401747
2022-07-11 00:00:00+00:00,665.6717869370327,0.0,0.7066146714014223,-0.545650723744225,0.0,43.93293208401747
2022-07-12 00:00:00+00:00,662.5964816911516,0.0,0.703350216082118,-0.547749750231679,0.0,43.93293208401747
2022-07-13 00:00:00+00:00,666.198982122041,0.0,0.7071742923133031,-0.54529089063209,0.0,43.93293208401747
2022-07-14 00:00:00+00:00,675.3370319955166,0.0,0.716874388119236,-0.5390537833550836,0.0,43.93293208401747
2022-07-15 00:00:00+00:00,692.4708755082835,0.0,0.7350620677553603,-0.5273592072106965,0.0,43.93293208401747
2022-07-18 00:00:00+00:00,707.3641394847652,0.0,0.7508713585159912,-0.5171939217928834,0.0,43.93293208401747
2022-07-19 00:00:00+00:00,746.5083819716249,0.0,0.7924232112231366,-0.4904763132168606,0.0,43.93293208401747
2022-07-20 00:00:00+00:00,782.313721620099,0.0,0.8304307981550372,-0.4660376476843596,0.0,43.93293208401747
2022-07-21 00:00:00+00:00,792.9894241165155,0.0,0.8417631216206225,-0.45875102716362604,0.0,43.93293208401747
2022-07-22 00:00:00+00:00,760.8744507630986,0.0,0.807672881071887,-0.4806708609111823,0.0,43.93293208401747
2022-07-25 00:00:00+00:00,747.9142357983135,0.0,0.7939155336548187,-0.48951675825116725,0.0,43.93293208401747
2022-07-26 00:00:00+00:00,726.343166145061,0.0,0.7710177113436983,-0.5042399297560236,0.0,43.93293208401747
2022-07-27 00:00:00+00:00,885.9651088700052,100.0,0.8343067680434771,-0.46354542075379046,0.0,49.80129898088843
2022-07-28 00:00:00+00:00,895.6265608722977,0.0,0.843404885693867,-0.45769538205936866,0.0,49.80129898088843
2022-07-29 00:00:00+00:00,904.5409933898766,0.0,0.8517995406393296,-0.45229766594441245,0.0,49.80129898088843
2022-08-01 00:00:00+00:00,918.3857545065636,0.0,0.8648370494373109,-0.44391462080498323,0.0,49.80129898088843
2022-08-02 00:00:00+00:00,922.6188649199391,0.0,0.8688233380985642,-0.4413514595213448,0.0,49.80129898088843
2022-08-03 00:00:00+00:00,940.8959416459252,0.0,0.8860347256124458,-0.43028463374375303,0.0,49.80129898088843
2022-08-04 00:00:00+00:00,956.9319599177712,0.0,0.9011357250115463,-0.42057477570455803,0.0,49.80129898088843
2022-08-05 00:00:00+00:00,945.6768663480905,0.0,0.8905368869239788,-0.42738976923517313,0.0,49.80129898088843
2022-08-08 00:00:00+00:00,886.1145127669479,0.0,0.8344474605844623,-0.46345495623789756,0.0,49.80129898088843
2022-08-09 00:00:00+00:00,850.9049943874597,0.0,0.8012909184255675,-0.48477442715004315,0.0,49.80129898088843
2022-08-10 00:00:00+00:00,901.254107657138,0.0,0.8487043047376505,-0.4542878852940613,0.0,49.80129898088843
2022-08-11 00:00:00+00:00,893.5349063151002,0.0,0.841435190120071,-0.45896188528187254,0.0,49.80129898088843
2022-08-12 00:00:00+00:00,931.7325026334416,0.0,0.8774055830986739,-0.4358331240518645,0.0,49.80129898088843
2022-08-15 00:00:00+00:00,947.8183222042686,0.0,0.8925534800114363,-0.4260931111740385,0.0,49.80129898088843
2022-08-16 00:00:00+00:00,940.1987234601928,0.0,0.8853781604211806,-0.4307068014845875,0.0,49.80129898088843
2022-08-17 00:00:00+00:00,913.1068168145895,0.0,0.8598659129891597,-0.4471110336998735,0.0,49.80129898088843
2022-08-18 00:00:00+00:00,934.9197857682185,0.0,0.8804070239730293,-0.433903214379478,0.0,49.80129898088843
2022-08-19 00:00:00+00:00,888.9033855098777,0.0,0.8370737213495234,-0.4617662852745592,0.0,49.80129898088843
2022-08-22 00:00:00+00:00,848.3153268404535,0.0,0.7988522477151538,-0.48634247875885717,0.0,49.80129898088843
2022-08-23 00:00:00+00:00,855.6361177906442,0.0,0.8057461822234391,-0.48190971748009415,0.0,49.80129898088843
2022-08-24 00:00:00+00:00,857.6779710488606,0.0,0.8076689802835729,-0.4806733690962215,0.0,49.80129898088843
2022-08-25 00:00:00+00:00,892.0906686446546,0.0,0.8400751622238789,-0.4598363756021725,0.0,49.80129898088843
2022-08-26 00:00:00+00:00,809.769121429246,0.0,0.7625535721409183,-0.5096823238592825,0.0,49.80129898088843
2022-08-29 00:00:00+00:00,885.4939921650323,100.0,0.7396938630649085,-0.5243809887674191,0.0,56.04037669546435
2022-08-30 00:00:00+00:00,866.8325467254426,0.0,0.7241050992904249,-0.5344044765682197,0.0,56.04037669546435
2022-08-31 00:00:00+00:00,845.8734458413389,0.0,0.7065969982343984,-0.5456620874916414,0.0,56.04037669546435
2022-09-01 00:00:00+00:00,781.0347300046867,0.0,0.6524342364113429,-0.5804884400007291,0.0,56.04037669546435
2022-09-02 00:00:00+00:00,764.783020763002,0.0,0.6388584361272581,-0.5892176035509759,0.0,56.04037669546435
2022-09-06 00:00:00+00:00,754.5836722044276,0.0,0.6303384511213842,-0.5946959061928548,0.0,56.04037669546435
2022-09-07 00:00:00+00:00,770.7793410694168,0.0,0.6438674383010411,-0.5859968432065745,0.0,56.203831199461625
2022-09-08 00:00:00+00:00,786.2915984804681,0.0,0.656825540457311,-0.577664856093042,0.0,56.203831199461625
2022-09-09 00:00:00+00:00,808.6045194666544,0.0,0.6754645497183227,-0.5656800775275621,0.0,56.203831199461625
2022-09-12 00:00:00+00:00,815.2365715481909,0.0,0.681004607886583,-0.562117851152936,0.0,56.203831199461625
2022-09-13 00:00:00+00:00,738.0125074801306,0.0,0.6164957949781952,-0.6035966565659567,0.0,56.203831199461625
2022-09-14 00:00:00+00:00,737.8438959865322,0.0,0.6163549460417139,-0.6036872216432778,0.0,56.203831199461625
2022-09-15 00:00:00+00:00,726.6593335778393,0.0,0.6070119665884612,-0.6096947051055712,0.0,56.203831199461625
2022-09-16 00:00:00+00:00,741.7781641704945,0.0,0.6196414212262752,-0.6015740365057876,0.0,56.203831199461625
2022-09-19 00:00:00+00:00,752.1196691111954,0.0,0.628280155997122,-0.5960193784300992,0.0,56.203831199461625
2022-09-20 00:00:00+00:00,740.5416798841064,0.0,0.6186085290254132,-0.6022381804061416,0.0,56.203831199461625
2022-09-21 00:00:00+00:00,745.3190055360606,0.0,0.6225992488923803,-0.5996721698820465,0.0,56.203831199461625
2022-09-22 00:00:00+00:00,705.9763236964375,0.0,0.589734497046768,-0.6208040212569479,0.0,56.203831199461625
2022-09-23 00:00:00+00:00,703.4471512924617,0.0,0.58762176299955,-0.622162497416763,0.0,56.203831199461625
2022-09-26 00:00:00+00:00,687.2604479070168,0.0,0.5741002650973552,-0.6308567448395794,0.0,56.203831199461625
2022-09-27 00:00:00+00:00,796.8569781524852,100.0,0.5821166882375439,-0.6257022296570952,0.0,64.19535794348548
2022-09-28 00:00:00+00:00,817.5920787682311,0.0,0.597264008812806,-0.6159625873610541,0.0,64.19535794348548
2022-09-29 00:00:00+00:00,784.4672740693926,0.0,0.573065812475855,-0.6315218920816645,0.0,64.19535794348548
2022-09-30 00:00:00+00:00,779.2674500759701,0.0,0.5692672583997056,-0.6339643410785047,0.0,64.19535794348548
2022-10-03 00:00:00+00:00,803.2123185888903,0.0,0.5867593654417264,-0.622717014216513,0.0,64.19535794348548
2022-10-04 00:00:00+00:00,845.2602780418732,0.0,0.6174760681562669,-0.6029663464025596,0.0,64.19535794348548
2022-10-05 00:00:00+00:00,847.9564830754996,0.0,0.6194456887883442,-0.6016998913671612,0.0,64.19535794348548
2022-10-06 00:00:00+00:00,842.8850497979644,0.0,0.6157409261708653,-0.6040820329813632,0.0,64.19535794348548
2022-10-07 00:00:00+00:00,775.2231425255306,0.0,0.5663128274515894,-0.6358640236316025,0.0,64.19535794348548
2022-10-10 00:00:00+00:00,749.1598272004755,0.0,0.5472731613415078,-0.6481064223071218,0.0,64.19535794348548
2022-10-11 00:00:00+00:00,743.7674171332227,0.0,0.543333920077353,-0.6506393323779187,0.0,64.19535794348548
2022-10-12 00:00:00+00:00,738.246616350083,0.0,0.5393008873545279,-0.6532325498313538,0.0,64.19535794348548
2022-10-13 00:00:00+00:00,767.7764810040863,0.0,0.560872922848709,-0.639361851824608,0.0,64.19535794348548
2022-10-14 00:00:00+00:00,720.7212836315115,0.0,0.5264983532460248,-0.6614645075614443,0.0,64.19535794348548
2022-10-17 00:00:00+00:00,763.1544152321553,0.0,0.5574964303365764,-0.6415329175995769,0.0,64.19535794348548
2022-10-18 00:00:00+00:00,768.2258485096908,0.0,0.5612011929540554,-0.6391507759853748,0.0,64.19535794348548
2022-10-19 00:00:00+00:00,773.6182585769435,0.0,0.5651404342182101,-0.6366178659145778,0.0,64.19535794348548
2022-10-20 00:00:00+00:00,782.798194762862,0.0,0.5718465235131404,-0.6323058880559589,0.0,64.19535794348548
2022-10-21 00:00:00+00:00,800.2593321234899,0.0,0.5846021618923083,-0.6241040840171875,0.0,64.19535794348548
2022-10-24 00:00:00+00:00,808.7973147299736,0.0,0.5908392938938868,-0.6200936430717587,0.0,64.19535794348548
2022-10-25 00:00:00+00:00,851.2946416885609,0.0,0.6218842667137734,-0.6001318994185725,0.0,64.19535794348548
2022-10-26 00:00:00+00:00,827.8633360391888,0.0,0.6047673255064341,-0.6111379967500121,0.0,64.19535794348548
2022-10-27 00:00:00+00:00,942.4588381148234,100.0,0.6154295717618804,-0.6042822321225737,0.0,71.52844855151969
2022-10-28 00:00:00+00:00,989.5245572617233,0.0,0.6461636836485924,-0.5845203703084156,0.0,71.52844855151969
2022-10-31 00:00:00+00:00,965.4194700998612,0.0,0.6304229606914162,-0.5946415670126273,0.0,71.52844855151969
2022-11-01 00:00:00+00:00,968.7097787332311,0.0,0.6325715460208825,-0.5932600386791147,0.0,71.52844855151969
2022-11-02 00:00:00+00:00,945.5345614025387,0.0,0.6174380319611641,-0.6029908034629858,0.0,71.52844855151969
2022-11-03 00:00:00+00:00,959.9833080099456,0.0,0.6268731240601243,-0.5969240920853871,0.0,71.52844855151969
2022-11-04 00:00:00+00:00,1012.5567176953127,0.0,0.6612037809548559,-0.5748496719738275,0.0,71.52844855151969
2022-11-07 00:00:00+00:00,1022.9283427352831,0.0,0.6679764955803472,-0.5704948544007987,0.0,71.52844855151969
2022-11-08 00:00:00+00:00,1044.4584057492905,0.0,0.6820357169753324,-0.5614548537836839,0.0,71.52844855151969
2022-11-09 00:00:00+00:00,985.3759072457352,0.0,0.6434545977983961,-0.586262297337627,0.0,71.52844855151969
2022-11-10 00:00:00+00:00,1126.5730646864351,0.0,0.7356569334585321,-0.5269767118951528,0.0,71.52844855151969
2022-11-11 00:00:00+00:00,1167.844979500662,0.0,0.7626076668303144,-0.5096475412769625,0.0,71.52844855151969
2022-11-14 00:00:00+00:00,1165.5560691470134,0.0,0.7611129987750336,-0.5106086044654932,0.0,71.52844855151969
2022-11-15 00:00:00+00:00,1192.0931235596272,0.0,0.7784418065409457,-0.4994662781234678,0.0,71.52844855151969
2022-11-16 00:00:00+00:00,1138.0176164546783,0.0,0.7431302737349362,-0.5221713959525005,0.0,71.52844855151969
2022-11-17 00:00:00+00:00,1121.3514879421741,0.0,0.7322472219574226,-0.5291691372939881,0.0,71.52844855151969
2022-11-18 00:00:00+00:00,1102.181863730367,0.0,0.7197293769944458,-0.5372180414979308,0.0,71.52844855151969
2022-11-21 00:00:00+00:00,1095.6012464636271,0.0,0.7154322063355134,-0.539981098164956,0.0,71.52844855151969
2022-11-22 00:00:00+00:00,1147.1732578692727,0.0,0.7491089459560594,-0.5183271431983786,0.0,71.52844855151969
2022-11-23 00:00:00+00:00,1181.5784416225536,0.0,0.7715756751619992,-0.5038811621457798,0.0,71.52844855151969
2022-11-25 00:00:00+00:00,1163.7678579332253,0.0,0.7599452893568454,-0.5113594350815326,0.0,71.52844855151969
2022-11-28 00:00:00+00:00,1230.789668583024,100.0,0.7384103934776007,-0.5252062525238779,0.0,77.7651904077225
2022-11-29 00:00:00+00:00,1216.1698127863722,0.0,0.7296392331835596,-0.5308460594693198,0.0,77.7651904077225
2022-11-30 00:00:00+00:00,1319.1309248861967,0.0,0.7914105961054236,-0.4911274190663133,0.0,77.94899987509288
2022-12-01 00:00:00+00:00,1335.6561128597166,0.0,0.8013248575469145,-0.48475260448509594,0.0,77.94899987509288
2022-12-02 00:00:00+00:00,1315.4673218920675,0.0,0.7892126230499988,-0.4925407034310171,0.0,77.94899987509288
2022-12-05 00:00:00+00:00,1294.7328879252927,0.0,0.7767730308639772,-0.500539291537639,0.0,77.94899987509288
2022-12-06 00:00:00+00:00,1246.17066100311,0.0,0.7476381965335583,-0.51927282683999,0.0,77.94899987509288
2022-12-07 00:00:00+00:00,1256.5378779864973,0.0,0.753857992626569,-0.5152735327866791,0.0,77.94899987509288
2022-12-08 00:00:00+00:00,1338.3063788554698,0.0,0.8029148806082856,-0.48373022856169323,0.0,77.94899987509288
2022-12-09 00:00:00+00:00,1325.210946876454,0.0,0.7950582960697457,-0.48878196841850696,0.0,77.94899987509288
2022-12-12 00:00:00+00:00,1366.8357128097537,0.0,0.8200310112101047,-0.47272465244506323,0.0,77.94899987509288
2022-12-13 00:00:00+00:00,1408.6943257426785,0.0,0.8451440225029376,-0.45657712683131924,0.0,77.94899987509288
2022-12-14 00:00:00+00:00,1377.6706237923916,0.0,0.8265313996080632,-0.4685449391111519,0.0,77.94899987509288
2022-12-15 00:00:00+00:00,1321.3914458825745,0.0,0.7927667922460048,-0.490255392543411,0.0,77.94899987509288
2022-12-16 00:00:00+00:00,1291.6928769301642,0.0,0.774949180881816,-0.5017120168615423,0.0,77.94899987509288
2022-12-19 00:00:00+00:00,1266.9830439697598,0.0,0.7601245541037377,-0.5112441688532683,0.0,77.94899987509288
2022-12-20 00:00:00+00:00,1253.8096629908691,0.0,0.7522212041810398,-0.5163259785901821,0.0,77.94899987509288
2022-12-21 00:00:00+00:00,1286.2364469389076,0.0,0.7716756039907576,-0.503816908468548,0.0,77.94899987509288
2022-12-22 00:00:00+00:00,1195.6597090840498,0.0,0.7173342275991899,-0.5387581091448432,0.0,77.94899987509288
2022-12-23 00:00:00+00:00,1185.2924921006622,0.0,0.7111144315061789,-0.5427574031981542,0.0,77.94899987509288
2022-12-27 00:00:00+00:00,1194.3488676268312,100.0,0.6565529420444474,-0.5778401353458028,0.0,84.57962379624892
2022-12-28 00:00:00+00:00,1187.15959960415,0.0,0.652600884819479,-0.5803812860076262,0.0,84.57962379624892
2022-12-29 00:00:00+00:00,1235.116246296623,0.0,0.678963431249562,-0.5634303162987577,0.0,84.57962379624892
2022-12-30 00:00:00+00:00,1236.0466221583818,0.0,0.6794748739492639,-0.5631014615072276,0.0,84.57962379624892
2023-01-03 00:00:00+00:00,1210.7573146433033,0.0,0.6655729314755516,-0.5720403326588179,0.0,84.57962379624892
2023-01-04 00:00:00+00:00,1247.4648713708755,0.0,0.6857516707183312,-0.5590655163384495,0.0,84.57962379624892
2023-01-05 00:00:00+00:00,1206.5283334534909,0.0,0.6632481919314526,-0.5735351271657727,0.0,84.57962379624892
2023-01-06 00:00:00+00:00,1256.7686299884629,0.0,0.6908660977153491,-0.5557769684231487,0.0,84.57962379624892
2023-01-09 00:00:00+00:00,1321.8103606877783,0.0,0.7266205919035922,-0.5327870289061827,0.0,84.57962379624892
2023-01-10 00:00:00+00:00,1345.5772349745241,0.0,0.7396856281414287,-0.5243862837770963,0.0,84.57962379624892
2023-01-11 00:00:00+00:00,1353.3585603637791,0.0,0.743963148902571,-0.5216358618842992,0.0,84.57962379624892
2023-01-12 00:00:00+00:00,1396.494168499866,0.0,0.767675492252381,-0.5063889579133596,0.0,84.57962379624892
2023-01-13 00:00:00+00:00,1429.3110625328106,0.0,0.7857154711145895,-0.4947893525393896,0.0,84.57962379624892
2023-01-17 00:00:00+00:00,1497.2285004411985,0.0,0.8230507881928198,-0.4707829527576942,0.0,84.57962379624892
2023-01-18 00:00:00+00:00,1469.7401227074174,0.0,0.807939981156176,-0.48049911705290105,0.0,84.57962379624892
2023-01-19 00:00:00+00:00,1417.9773929441133,0.0,0.7794851691364041,-0.4987954018180287,0.0,84.57962379624892
2023-01-20 00:00:00+00:00,1508.8159089012845,0.0,0.829420574543651,-0.4666872158086379,0.0,84.57962379624892
2023-01-23 00:00:00+00:00,1623.3367195214057,0.0,0.8923745213978528,-0.42620818056029974,0.0,84.57962379624892
2023-01-24 00:00:00+00:00,1629.4264524347357,0.0,0.8957221463413554,-0.42405567647028475,0.0,84.57962379624892
2023-01-25 00:00:00+00:00,1634.332070614918,0.0,0.8984188442125102,-0.42232171484221714,0.0,84.57962379624892
2023-01-26 00:00:00+00:00,1674.845710413321,0.0,0.9206898490449789,-0.40800158346558935,0.0,84.57962379624892
2023-01-27 00:00:00+00:00,1827.0515557656067,100.0,0.9493882488902995,-0.3895486730928682,0.0,89.71527403710321
2023-01-30 00:00:00+00:00,1719.1240810989716,0.0,0.8933060459236887,-0.4256092155072694,0.0,89.71527403710321
2023-01-31 00:00:00+00:00,1752.7673088628853,0.0,0.9107880293920836,-0.4143683980464211,0.0,89.71527403710321
2023-02-01 00:00:00+00:00,1878.9069841590526,0.0,0.976333812742919,-0.37222282644654736,0.0,89.71527403710321
2023-02-02 00:00:00+00:00,1947.6288840714737,0.0,1.0120436776410269,-0.34926158331318813,0.0,89.71527403710321
2023-02-03 00:00:00+00:00,1892.992282182878,0.0,0.9836529364883536,-0.3675166708696056,0.0,89.71527403710321
2023-02-06 00:00:00+00:00,1892.0054141684695,0.0,0.9831401316399472,-0.36784640151512393,0.0,89.71527403710321
2023-02-07 00:00:00+00:00,1989.2567712246894,0.0,1.033674718519254,-0.3353529451749653,0.0,89.71527403710321
2023-02-08 00:00:00+00:00,1992.1276599938767,0.0,1.0351665144418905,-0.33439372875163953,0.0,89.71527403710321
2023-02-09 00:00:00+00:00,2003.9700761667746,0.0,1.0413201726227657,-0.33043696100542086,0.0,89.71527403710321
2023-02-10 00:00:00+00:00,1907.7953023989999,0.0,0.9913450092144473,-0.3625707111868324,0.0,89.71527403710321
2023-02-13 00:00:00+00:00,1954.716390720405,0.0,1.0157265488250355,-0.3468935177681026,0.0,89.71527403710321
2023-02-14 00:00:00+00:00,2060.849559906298,0.0,1.0708763793399987,-0.3114324856182801,0.0,89.71527403710321
2023-02-15 00:00:00+00:00,2042.2784981806176,0.0,1.0612263244654445,-0.31763741685666835,0.0,89.71527403710321
2023-02-16 00:00:00+00:00,1973.9154593643448,0.0,1.025702934057666,-0.340478757937112,0.0,89.71527403710321
2023-02-17 00:00:00+00:00,1918.8302811055637,0.0,0.9970790997920809,-0.3588837230596742,0.0,89.71527403710321
2023-02-21 00:00:00+00:00,1853.0689852363669,0.0,0.9629076494391915,-0.380855774256479,0.0,89.71527403710321
2023-02-22 00:00:00+00:00,1861.9507973660402,0.0,0.9675228930748478,-0.377888198446815,0.0,89.71527403710321
2023-02-23 00:00:00+00:00,2123.0222448140107,0.0,1.1031830847895923,-0.2906594549506326,0.0,89.71527403710321
2023-02-24 00:00:00+00:00,2089.1098712279854,0.0,1.08556124545345,-0.30199019895116774,0.0,89.71527403710321
2023-02-27 00:00:00+00:00,2207.6350530011123,100.0,1.0951874597923188,-0.2958005970437042,0.0,93.93791979069452
2023-02-28 00:00:00+00:00,2180.8627458607643,0.0,1.0819059642797528,-0.30434052427414315,0.0,93.93791979069452
2023-03-01 00:00:00+00:00,2132.2029034091843,0.0,1.0577662636639311,-0.31986221657367786,0.0,93.93791979069452
2023-03-02 00:00:00+00:00,2190.068662000252,0.0,1.0864729346665296,-0.30140398789315026,0.0,93.93791979069452
2023-03-03 00:00:00+00:00,2244.1769037996924,0.0,1.113315536123505,-0.284144345490579,0.0,93.93791979069452
2023-03-06 00:00:00+00:00,2212.613762750019,0.0,1.0976573519402693,-0.2942124702254123,0.0,93.93791979069452
2023-03-07 00:00:00+00:00,2191.383792877322,0.0,1.0871253590074976,-0.30098448269586564,0.0,94.09926970445387
2023-03-08 00:00:00+00:00,2275.4144407233994,0.0,1.1288121910924211,-0.27418008313589515,0.0,94.09926970445387
2023-03-09 00:00:00+00:00,2205.310484793581,0.0,1.0940342628692767,-0.2965420962066432,0.0,94.09926970445387
2023-03-10 00:00:00+00:00,2160.989728762783,0.0,1.0720471431469933,-0.3106796910473444,0.0,94.09926970445387
2023-03-13 00:00:00+00:00,2161.083828032488,0.0,1.0720938249298433,-0.31064967492241713,0.0,94.09926970445387
2023-03-14 00:00:00+00:00,2264.3107268982735,0.0,1.1233037407161375,-0.27772198587730246,0.0,94.09926970445387
2023-03-15 00:00:00+00:00,2279.8371063995087,0.0,1.131006234886364,-0.27276932526431796,0.0,94.09926970445387
2023-03-16 00:00:00+00:00,2403.3894475214565,0.0,1.1922994157682278,-0.23335815323493259,0.0,94.09926970445387
2023-03-17 00:00:00+00:00,2420.703713147076,0.0,1.2008888638126018,-0.22783518624833166,0.0,94.09926970445387
2023-03-20 00:00:00+00:00,2437.171085345355,0.0,1.2090581758113268,-0.2225823643860756,0.0,94.09926970445387
2023-03-21 00:00:00+00:00,2465.306766986987,0.0,1.2230160288834346,-0.213607543032849,0.0,94.09926970445387
2023-03-22 00:00:00+00:00,2490.619470537485,0.0,1.2355734284700466,-0.20553320542743791,0.0,94.09926970445387
2023-03-23 00:00:00+00:00,2558.653242533805,0.0,1.269324357470494,-0.18383154710508787,0.0,94.09926970445387
2023-03-24 00:00:00+00:00,2519.88434341557,0.0,1.2500914629363524,-0.19619819057508536,0.0,94.09926970445387
2023-03-27 00:00:00+00:00,2595.358102475116,100.0,1.2379242202223382,-0.20402165949652284,0.0,97.82360644058333
2023-03-28 00:00:00+00:00,2583.521446095806,0.0,1.2322784160443239,-0.20765187996318135,0.0,97.82360644058333
2023-03-29 00:00:00+00:00,2639.672196192701,0.0,1.2590609912358968,-0.1904308341130816,0.0,97.82360644058333
2023-03-30 00:00:00+00:00,2678.7038151624934,0.0,1.277678147161746,-0.17846010711971982,0.0,97.82360644058333
2023-03-31 00:00:00+00:00,2717.2463161000833,0.0,1.2960620053942893,-0.1666393892365502,0.0,97.82360644058333
2023-04-03 00:00:00+00:00,2735.637154110913,0.0,1.3048339986626092,-0.160999046693312,0.0,97.82360644058333
2023-04-04 00:00:00+00:00,2685.5514676133344,0.0,1.2809443148680355,-0.17635997957702465,0.0,97.82360644058333
2023-04-05 00:00:00+00:00,2629.5963647293206,0.0,1.254255058753785,-0.19352102178304742,0.0,97.82360644058333
2023-04-06 00:00:00+00:00,2644.8568473340515,0.0,1.2615339467849442,-0.18884073754504116,0.0,97.82360644058333
2023-04-10 00:00:00+00:00,2697.877242024848,0.0,1.2868234167393564,-0.17257975000017345,0.0,97.82360644058333
2023-04-11 00:00:00+00:00,2657.7695633842086,0.0,1.2676930058882327,-0.1848804970359591,0.0,97.82360644058333
2023-04-12 00:00:00+00:00,2591.8364526432556,0.0,1.2362444768305323,-0.20510172508990876,0.0,97.82360644058333
2023-04-13 00:00:00+00:00,2588.706097237157,0.0,1.2347513715933713,-0.20606178339514092,0.0,97.82360644058333
2023-04-14 00:00:00+00:00,2617.5640611371286,0.0,1.2485159354984479,-0.19721124589378314,0.0,97.82360644058333
2023-04-17 00:00:00+00:00,2641.4330211086312,0.0,1.2599008629317996,-0.1898908013163887,0.0,97.82360644058333
2023-04-18 00:00:00+00:00,2706.485719391619,0.0,1.2909294561415487,-0.16993958966078537,0.0,97.82360644058333
2023-04-19 00:00:00+00:00,2732.3111514919333,0.0,1.3032475743481258,-0.16201910864262115,0.0,97.82360644058333
2023-04-20 00:00:00+00:00,2651.4110289655705,0.0,1.2646601358752496,-0.1868306154684617,0.0,97.82360644058333
2023-04-21 00:00:00+00:00,2652.878383062179,0.0,1.2653600289551687,-0.18638058813788427,0.0,97.82360644058333
2023-04-24 00:00:00+00:00,2645.345965366255,0.0,1.2617672444782506,-0.1886907284348487,0.0,97.82360644058333
2023-04-25 00:00:00+00:00,2566.989256607347,0.0,1.2243929540105676,-0.21272218788768837,0.0,97.82360644058333
2023-04-26 00:00:00+00:00,2636.9331352123645,0.0,1.2577545241533807,-0.19127088513015988,0.0,97.82360644058333
2023-04-27 00:00:00+00:00,2762.7951080563116,100.0,1.2700900714274632,-0.18333919731920256,0.0,101.47635010858414
2023-04-28 00:00:00+00:00,2815.867239163101,0.0,1.2944879670917755,-0.1676514870495317,0.0,101.47635010858414
2023-05-01 00:00:00+00:00,2933.6812816391675,0.0,1.348648496472782,-0.13282656998817832,0.0,101.47635010858414
2023-05-02 00:00:00+00:00,2862.6478365631588,0.0,1.315993569197412,-0.15382350533955413,0.0,101.47635010858414
2023-05-03 00:00:00+00:00,2821.2454857188563,0.0,1.296960411585482,-0.16606171908721323,0.0,101.47635010858414
2023-05-04 00:00:00+00:00,2796.8911616927962,0.0,1.285764436519641,-0.173260668350542,0.0,101.47635010858414
2023-05-05 00:00:00+00:00,2910.341721114193,0.0,1.3379190203680176,-0.13972556303220185,0.0,101.47635010858414
2023-05-08 00:00:00+00:00,2958.1370820153365,0.0,1.3598911214347311,-0.12559762510291883,0.0,101.47635010858414
2023-05-09 00:00:00+00:00,2899.2807989523576,0.0,1.3328341816922817,-0.1429950858226301,0.0,101.47635010858414
2023-05-10 00:00:00+00:00,2931.1443728864533,0.0,1.3474822490700906,-0.13357646053644157,0.0,101.47635010858414
2023-05-11 00:00:00+00:00,2899.9911334031176,0.0,1.3331607309650353,-0.1427851164691165,0.0,101.47635010858414
2023-05-12 00:00:00+00:00,2875.8397620772744,0.0,1.3220580556914094,-0.14992407448858425,0.0,101.47635010858414
2023-05-15 00:00:00+00:00,2938.0447646938364,0.0,1.350654442005412,-0.1315367582451652,0.0,101.47635010858414
2023-05-16 00:00:00+00:00,2964.4286157220686,0.0,1.3627834149934066,-0.12373789654322565,0.0,101.47635010858414
2023-05-17 00:00:00+00:00,3062.353293576852,0.0,1.4078005647373095,-0.0947921213802575,0.0,101.47635010858414
2023-05-18 00:00:00+00:00,3214.5678187397284,0.0,1.4777754088988166,-0.049798688484452236,0.0,101.47635010858414
2023-05-19 00:00:00+00:00,3172.5566097947744,0.0,1.4584623519102407,-0.06221687596369452,0.0,101.47635010858414
2023-05-22 00:00:00+00:00,3163.6266909852193,0.0,1.4543571610527657,-0.06485649069358168,0.0,101.47635010858414
2023-05-23 00:00:00+00:00,3114.10623213223,0.0,1.431592011752222,-0.07949435419568363,0.0,101.47635010858414
2023-05-24 00:00:00+00:00,3098.8847796159425,0.0,1.4245945273360712,-0.08399369748526431,0.0,101.47635010858414
2023-05-25 00:00:00+00:00,3854.0717771240256,0.0,1.7717630541693623,0.0,0.0,101.47635010858414
2023-05-26 00:00:00+00:00,3952.0979313289176,0.0,1.8168268538093726,0.0,0.0,101.47635010858414
2023-05-30 00:00:00+00:00,4169.076234970263,100.0,1.8706031840171613,0.0,0.0,103.9384766016869
2023-05-31 00:00:00+00:00,3932.4083237482228,0.0,1.7644137733814989,-0.05676747027000051,0.0,103.9384766016869
2023-06-01 00:00:00+00:00,4133.633214449088,0.0,1.8547004220379077,-0.008501408591159332,0.0,103.9384766016869
2023-06-02 00:00:00+00:00,4087.5884693145404,0.0,1.834040822164566,-0.019545760514571908,0.0,103.9384766016869
2023-06-05 00:00:00+00:00,4071.3740669646777,0.0,1.82676565832655,-0.02343496796389999,0.0,103.9384766016869
2023-06-06 00:00:00+00:00,4017.6378745616057,0.0,1.8026550191967134,-0.03632420034404504,0.0,103.9384766016869
2023-06-07 00:00:00+00:00,3899.2519497122844,0.0,1.7495369960460678,-0.06472040088753683,0.0,104.04941827117503
2023-06-08 00:00:00+00:00,4006.94309762295,0.0,1.7978564300929702,-0.03888946332699261,0.0,104.04941827117503
2023-06-09 00:00:00+00:00,4033.9959463734563,0.0,1.809994645409101,-0.032400532152362826,0.0,104.04941827117503
2023-06-12 00:00:00+00:00,4108.079132182533,0.0,1.8432346811978881,-0.014630843704915963,0.0,104.04941827117503
2023-06-13 00:00:00+00:00,4268.315236320142,0.0,1.9151302642241974,0.0,0.0,104.04941827117503
2023-06-14 00:00:00+00:00,4473.812837405712,0.0,2.007334015183263,0.0,0.0,104.04941827117503
2023-06-15 00:00:00+00:00,4438.019837520428,0.0,1.9912742226111522,-0.008000558178477557,0.0,104.04941827117503
2023-06-16 00:00:00+00:00,4442.077764833004,0.0,1.9930949549085717,-0.007093518152429201,0.0,104.04941827117503
2023-06-20 00:00:00+00:00,4558.1969156236355,0.0,2.0451959098808845,0.0,0.0,104.04941827117503
2023-06-21 00:00:00+00:00,4478.807209482729,0.0,2.009574916472395,-0.017416910153396525,0.0,104.04941827117503
2023-06-22 00:00:00+00:00,4476.726221117306,0.0,2.008641207601923,-0.01787344777209654,0.0,104.04941827117503
2023-06-23 00:00:00+00:00,4391.821895808027,0.0,1.970545885686684,-0.036500182615047505,0.0,104.04941827117503
2023-06-26 00:00:00+00:00,4227.735963194384,0.0,1.896922941250002,-0.0724981738495254,0.0,104.04941827117503
2023-06-27 00:00:00+00:00,4459.7619158681655,100.0,1.9561610442553878,-0.043533661100799925,0.0,106.49923383007368
2023-06-28 00:00:00+00:00,4378.928997391139,0.0,1.9207057421112037,-0.060869556392243784,0.0,106.49923383007368
2023-06-29 00:00:00+00:00,4347.511723411268,0.0,1.9069253545848082,-0.06760748670973504,0.0,106.49923383007368
2023-06-30 00:00:00+00:00,4505.130589479777,0.0,1.9760608581070636,-0.03380363291350774,0.0,106.49923383007368
2023-07-03 00:00:00+00:00,4516.952004434915,0.0,1.9812460208712326,-0.03126834387879085,0.0,106.49923383007368
2023-07-05 00:00:00+00:00,4506.728077987228,0.0,1.9767615557778973,-0.033461026287194606,0.0,106.49923383007368
2023-07-06 00:00:00+00:00,4483.937241947592,0.0,1.9667649356740033,-0.03834888082259513,0.0,106.49923383007368
2023-07-07 00:00:00+00:00,4526.536935479621,0.0,1.9854502068962345,-0.029212704120912147,0.0,106.49923383007368
2023-07-10 00:00:00+00:00,4492.137682952508,0.0,1.970361850384283,-0.03659016680752114,0.0,106.49923383007368
2023-07-11 00:00:00+00:00,4516.100010564274,0.0,1.9808723154467878,-0.03145106741282455,0.0,106.49923383007368
2023-07-12 00:00:00+00:00,4675.529363607895,0.0,2.0508019429959883,0.0,0.0,106.49923383007368
2023-07-13 00:00:00+00:00,4896.5152738052975,0.0,2.1477317874613124,0.0,0.0,106.49923383007368
2023-07-14 00:00:00+00:00,4842.41366301962,0.0,2.1240014930090787,-0.011049002762250737,0.0,106.49923383007368
2023-07-17 00:00:00+00:00,4948.060902979053,0.0,2.170340965640212,0.0,0.0,106.49923383007368
2023-07-18 00:00:00+00:00,5058.074611525519,0.0,2.2185956785716243,0.0,0.0,106.49923383007368
2023-07-19 00:00:00+00:00,5013.664431018378,0.0,2.1991162833224482,-0.00878005642818036,0.0,106.49923383007368
2023-07-20 00:00:00+00:00,4847.845123944954,0.0,2.1263838650899136,-0.04156314481829271,0.0,106.49923383007368
2023-07-21 00:00:00+00:00,4718.874551776735,0.0,2.0698142064646086,-0.06706110245504682,0.0,106.49923383007368
2023-07-24 00:00:00+00:00,4751.1438196272475,0.0,2.083968299415449,-0.060681349223059455,0.0,106.49923383007368
2023-07-25 00:00:00+00:00,4864.778502123936,0.0,2.1338112604007504,-0.038215353518339046,0.0,106.49923383007368
2023-07-26 00:00:00+00:00,4840.6031760445085,0.0,2.123207368982134,-0.042994904619530816,0.0,106.49923383007368
2023-07-27 00:00:00+00:00,4986.934883681238,100.0,2.143529593195566,-0.03383495519309199,0.0,108.6478188165847
2023-07-28 00:00:00+00:00,5079.285529675335,0.0,2.183224585662151,-0.01594300991888986,0.0,108.6478188165847
2023-07-31 00:00:00+00:00,5077.003925480187,0.0,2.1822438858482704,-0.01638504621389958,0.0,108.6478188165847
2023-08-01 00:00:00+00:00,5052.884109702904,0.0,2.1718764878158208,-0.02105800133257374,0.0,108.6478188165847
2023-08-02 00:00:00+00:00,4809.7302911913885,0.0,2.0673619076508607,-0.06816644077217837,0.0,108.6478188165847
2023-08-03 00:00:00+00:00,4836.457654620268,0.0,2.0788501054706017,-0.06298830131635058,0.0,108.6478188165847
2023-08-04 00:00:00+00:00,4854.384544725004,0.0,2.0865556040082325,-0.059515158998417306,0.0,108.6478188165847
2023-08-07 00:00:00+00:00,4934.4036632834195,0.0,2.12095014748075,-0.044012314652005724,0.0,108.6478188165847
2023-08-08 00:00:00+00:00,4852.646179623939,0.0,2.085808404150038,-0.059851948556519985,0.0,108.6478188165847
2023-08-09 00:00:00+00:00,4623.399281920946,0.0,1.9872714228506343,-0.10426607153130363,0.0,108.6478188165847
2023-08-10 00:00:00+00:00,4605.363743997392,0.0,1.9795192243218653,-0.10776026319661869,0.0,108.6478188165847
2023-08-11 00:00:00+00:00,4438.806637751568,0.0,1.907928137908602,-0.14002891273232632,0.0,108.6478188165847
2023-08-14 00:00:00+00:00,4753.668016682031,0.0,2.043264712224087,-0.07902790402098814,0.0,108.6478188165847
2023-08-15 00:00:00+00:00,4773.985158800731,0.0,2.051997610566735,-0.07509167606066391,0.0,108.6478188165847
2023-08-16 00:00:00+00:00,4724.659049058002,0.0,2.030795814590465,-0.08464807977182587,0.0,108.6478188165847
2023-08-17 00:00:00+00:00,4709.176734876639,0.0,2.0241410658534202,-0.08764761177367741,0.0,108.6478188165847
2023-08-18 00:00:00+00:00,4704.341906939301,0.0,2.0220629162478168,-0.08858430773215031,0.0,108.6478188165847
2023-08-21 00:00:00+00:00,5102.862106358533,0.0,2.1933584837389133,-0.011375301537123406,0.0,108.6478188165847
2023-08-22 00:00:00+00:00,4961.72858971579,0.0,2.1326951952517446,-0.038718403785580335,0.0,108.6478188165847
2023-08-23 00:00:00+00:00,5119.0506313622045,0.0,2.2003167824183496,-0.00823894877729281,0.0,108.6478188165847
2023-08-24 00:00:00+00:00,5124.157078846584,0.0,2.202511682001796,-0.007249629450366446,0.0,108.6478188165847
2023-08-25 00:00:00+00:00,4999.755326301595,0.0,2.1490401921497497,-0.03135113220208552,0.0,108.6478188165847
2023-08-28 00:00:00+00:00,5189.229673494439,100.0,2.187498867771786,-0.01401643891232085,0.0,110.79811409190647
2023-08-29 00:00:00+00:00,5405.175197859565,0.0,2.2785298337862456,0.0,0.0,110.79811409190647
2023-08-30 00:00:00+00:00,5458.35829262368,0.0,2.3009489531741067,0.0,0.0,110.79811409190647
2023-08-31 00:00:00+00:00,5468.440921006043,0.0,2.305199244558055,0.0,0.0,110.79811409190647
2023-09-01 00:00:00+00:00,5374.705716484291,0.0,2.2656855466369508,-0.01714112045385463,0.0,110.79811409190647
2023-09-05 00:00:00+00:00,5379.026842933876,0.0,2.2675071000872147,-0.016350926957754863,0.0,110.79811409190647
2023-09-06 00:00:00+00:00,5218.701971842886,0.0,2.199922796432559,-0.04566913180022292,0.0,110.89228813333517
2023-09-07 00:00:00+00:00,5127.770295573551,0.0,2.1615909145542584,-0.062297578112962104,0.0,110.89228813333517
2023-09-08 00:00:00+00:00,5053.583354812351,0.0,2.130317708485255,-0.07586395687298941,0.0,110.89228813333517
2023-09-11 00:00:00+00:00,5009.891793287816,0.0,2.1118997067047056,-0.08385372254032997,0.0,110.89228813333517
2023-09-12 00:00:00+00:00,4975.736968542748,0.0,2.0975018779016366,-0.09009952920413944,0.0,110.89228813333517
2023-09-13 00:00:00+00:00,5043.93572574475,0.0,2.126250789310362,-0.07762819446958491,0.0,110.89228813333517
2023-09-14 00:00:00+00:00,5054.5813854055505,0.0,2.1307384242619682,-0.07568144953541056,0.0,110.89228813333517
2023-09-15 00:00:00+00:00,4868.171449053414,0.0,2.0521580664114523,-0.10976976447652576,0.0,110.89228813333517
2023-09-18 00:00:00+00:00,4875.490340070214,0.0,2.0552433154406815,-0.10843137733428088,0.0,110.89228813333517
2023-09-19 00:00:00+00:00,4826.032379562747,0.0,2.0343945113946793,-0.11747562984096571,0.0,110.89228813333517
2023-09-20 00:00:00+00:00,4683.979358463944,0.0,1.9745126325091875,-0.14345250755635475,0.0,110.89228813333517
2023-09-21 00:00:00+00:00,4548.468982365009,0.0,1.9173887792710376,-0.1682329482809488,0.0,110.89228813333517
2023-09-22 00:00:00+00:00,4614.228109228076,0.0,1.9451092743366865,-0.15620774259380943,0.0,110.89228813333517
2023-09-25 00:00:00+00:00,4682.094189565678,0.0,1.9737179471531743,-0.14379724363844792,0.0,110.89228813333517
2023-09-26 00:00:00+00:00,4647.60668795621,0.0,1.9591798797578674,-0.1501038860814503,0.0,110.89228813333517
2023-09-27 00:00:00+00:00,4809.649564432526,100.0,1.98533380444123,-0.13875826173027772,0.0,113.25349826769629
2023-09-28 00:00:00+00:00,4879.979986856765,0.0,2.014364893556752,-0.1261645177473849,0.0,113.25349826769629
2023-09-29 00:00:00+00:00,4926.413921146521,0.0,2.0335319572240054,-0.1178498075493396,0.0,113.25349826769629
2023-10-02 00:00:00+00:00,5071.718159423975,0.0,2.093510841821775,-0.09183084856374923,0.0,113.25349826769629
2023-10-03 00:00:00+00:00,4928.45248411534,0.0,2.034373438067934,-0.11748477149186431,0.0,113.25349826769629
2023-10-04 00:00:00+00:00,4987.797317207612,0.0,2.0588698804133987,-0.10685816626314304,0.0,113.25349826769629
2023-10-05 00:00:00+00:00,5061.072330586812,0.0,2.0891164418590398,-0.0937371479750081,0.0,113.25349826769629
2023-10-06 00:00:00+00:00,5182.706587726318,0.0,2.139324798880088,-0.07195666321232375,0.0,113.25349826769629
2023-10-09 00:00:00+00:00,5127.325627073415,0.0,2.116464569286706,-0.08187347610706541,0.0,113.25349826769629
2023-10-10 00:00:00+00:00,5186.783713663955,0.0,2.1410077605679443,-0.0712265910973735,0.0,113.25349826769629
2023-10-11 00:00:00+00:00,5300.943239917792,0.0,2.1881306878279223,-0.05078457187876484,0.0,113.25349826769629
2023-10-12 00:00:00+00:00,5316.685476177002,0.0,2.194628789900479,-0.04796568232381759,0.0,113.25349826769629
2023-10-13 00:00:00+00:00,5148.617284747741,0.0,2.1252533692121776,-0.07806087728454736,0.0,113.25349826769629
2023-10-16 00:00:00+00:00,5220.42000264946,0.0,2.154892194492759,-0.06520349614903354,0.0,113.25349826769629
2023-10-17 00:00:00+00:00,4976.13220688604,0.0,2.0540547400286986,-0.10894698370313982,0.0,113.25349826769629
2023-10-18 00:00:00+00:00,4778.844612903712,0.0,1.9726180939107594,-0.14427436215434686,0.0,113.25349826769629
2023-10-19 00:00:00+00:00,4768.085530568282,0.0,1.9681769450122497,-0.1462009413465768,0.0,113.25349826769629
2023-10-20 00:00:00+00:00,4687.222532805146,0.0,1.934798204869765,-0.16068070495975817,0.0,113.25349826769629
2023-10-23 00:00:00+00:00,4867.069088054248,0.0,2.0090355148785406,-0.12847641277806077,0.0,113.25349826769629
2023-10-24 00:00:00+00:00,4944.987494862423,0.0,2.041198782690907,-0.11452392347012141,0.0,113.25349826769629
2023-10-25 00:00:00+00:00,4731.617904126084,0.0,1.9531237876930905,-0.1527310308191877,0.0,113.25349826769629
2023-10-26 00:00:00+00:00,4567.060571143121,0.0,1.8851975840137762,-0.1821975525698214,0.0,113.25349826769629
2023-10-27 00:00:00+00:00,4685.18574164559,100.0,1.892679316981583,-0.17895196198346797,0.0,115.68359855915037
2023-10-30 00:00:00+00:00,4761.652600293189,0.0,1.9235697127476283,-0.16555164709139558,0.0,115.68359855915037
2023-10-31 00:00:00+00:00,4717.577149242152,0.0,1.9057645073212086,-0.17327558048606972,0.0,115.68359855915037
2023-11-01 00:00:00+00:00,4896.30830901604,0.0,1.9779667183023582,-0.14195411829506865,0.0,115.68359855915037
2023-11-02 00:00:00+00:00,5032.930638914396,0.0,2.0331581818419937,-0.11801195205068538,0.0,115.68359855915037
2023-11-03 00:00:00+00:00,5206.340353154563,0.0,2.1032106829816333,-0.08762303824854256,0.0,115.68359855915037
2023-11-06 00:00:00+00:00,5292.640317679688,0.0,2.1380733686722073,-0.07249953611618876,0.0,115.68359855915037
2023-11-07 00:00:00+00:00,5316.239771785755,0.0,2.147606864491077,-0.0683638867395131,0.0,115.68359855915037
2023-11-08 00:00:00+00:00,5387.847919293869,0.0,2.1765344817061787,-0.05581502907205038,0.0,115.68359855915037
2023-11-09 00:00:00+00:00,5431.34495235211,0.0,2.1941060230193905,-0.048192459632687035,0.0,115.68359855915037
2023-11-10 00:00:00+00:00,5591.5667363565335,0.0,2.2588309823778965,-0.02011464401162777,0.0,115.68359855915037
2023-11-13 00:00:00+00:00,5624.536561945891,0.0,2.2721498368307294,-0.014336898558919065,0.0,115.68359855915037
2023-11-14 00:00:00+00:00,5744.3847700531705,0.0,2.3205650410873444,0.0,0.0,115.68359855915037
2023-11-15 00:00:00+00:00,5655.539766359743,0.0,2.2846742332986567,-0.015466408893185069,0.0,115.68359855915037
2023-11-16 00:00:00+00:00,5724.02445670676,0.0,2.312340064302437,-0.003544385371354819,0.0,115.68359855915037
2023-11-17 00:00:00+00:00,5702.970041768995,0.0,2.30383469058168,-0.007209602062187903,0.0,115.68359855915037
2023-11-20 00:00:00+00:00,5831.494519768211,0.0,2.3557548565364095,0.0,0.0,115.68359855915037
2023-11-21 00:00:00+00:00,5777.701646438206,0.0,2.3340240940081025,-0.009224543236326821,0.0,115.68359855915037
2023-11-22 00:00:00+00:00,5635.6421874075695,0.0,2.276636187804315,-0.0335852724711857,0.0,115.68359855915037
2023-11-24 00:00:00+00:00,5526.8996047619685,0.0,2.232707334521286,-0.05223273621773894,0.0,115.68359855915037
2023-11-27 00:00:00+00:00,5681.682410758466,100.0,2.2548380011700253,-0.042838436727138496,0.0,117.77460326600196
2023-11-28 00:00:00+00:00,5632.099302783479,0.0,2.2351604007701127,-0.051191428272635675,0.0,117.77460326600196
2023-11-29 00:00:00+00:00,5669.669401225335,0.0,2.250070506536318,-0.044862201899681486,0.0,117.77460326600196
2023-11-30 00:00:00+00:00,5508.318194750912,0.0,2.1860365099855334,-0.072044145883841,0.0,117.77460326600196
2023-12-01 00:00:00+00:00,5507.729321734581,0.0,2.1858028092681945,-0.07214335005896577,0.0,117.77460326600196
2023-12-04 00:00:00+00:00,5359.922194635749,0.0,2.127143929216199,-0.09704359801525775,0.0,117.77460326600196
2023-12-05 00:00:00+00:00,5489.003159815288,0.0,2.1783711264568266,-0.07529804282793007,0.0,117.87577115954318
2023-12-06 00:00:00+00:00,5363.701215072693,0.0,2.1286436749380444,-0.09640696737532328,0.0,117.87577115954318
2023-12-07 00:00:00+00:00,5492.539432950073,0.0,2.1797745352485136,-0.07470230648134335,0.0,117.87577115954318
2023-12-08 00:00:00+00:00,5599.806384705258,0.0,2.222344601929691,-0.05663163730154297,0.0,117.87577115954318
2023-12-11 00:00:00+00:00,5496.19358185602,0.0,2.1812247243332568,-0.07408671225653707,0.0,117.87577115954318
2023-12-12 00:00:00+00:00,5617.605626150349,0.0,2.229408426181183,-0.053633097690389375,0.0,117.87577115954318
2023-12-13 00:00:00+00:00,5668.4100835201125,0.0,2.249570732488422,-0.04507435217775857,0.0,117.87577115954318
2023-12-14 00:00:00+00:00,5699.293535563913,0.0,2.261827169269157,-0.03987158808423352,0.0,117.87577115954318
2023-12-15 00:00:00+00:00,5762.946451990066,0.0,2.287088527519526,-0.029148333845670726,0.0,117.87577115954318
2023-12-18 00:00:00+00:00,5902.8649923564435,0.0,2.3426167353772818,-0.005577032399052051,0.0,117.87577115954318
2023-12-19 00:00:00+00:00,5847.109752597979,0.0,2.320489656761681,-0.014969808796904238,0.0,117.87577115954318
2023-12-20 00:00:00+00:00,5671.1212262567815,0.0,2.250646679228716,-0.04461762097870847,0.0,117.87577115954318
2023-12-21 00:00:00+00:00,5774.734029106021,0.0,2.291766556825151,-0.027162546023714262,0.0,117.87577115954318
2023-12-22 00:00:00+00:00,5755.873905720493,0.0,2.284281709936152,-0.03033980653884427,0.0,117.87577115954318
2023-12-26 00:00:00+00:00,5808.8001269711285,0.0,2.305286061518404,-0.021423619218261192,0.0,117.87577115954318
2023-12-27 00:00:00+00:00,5924.827246460112,100.0,2.3116465997288156,-0.018723619176761352,0.0,119.8945149737967
2023-12-28 00:00:00+00:00,5937.41617053236,0.0,2.3165583283438975,-0.016638627777315285,0.0,119.8945149737967
2023-12-29 00:00:00+00:00,5937.41617053236,0.0,2.3165583283438975,-0.016638627777315285,0.0,119.8945149737967
2024-01-02 00:00:00+00:00,5775.07899725784,0.0,2.2532204183932163,-0.04352508829969948,0.0,119.8945149737967
2024-01-03 00:00:00+00:00,5703.262182788536,0.0,2.2252001761033657,-0.05541946780701712,0.0,119.8945149737967
2024-01-04 00:00:00+00:00,5754.696929712294,0.0,2.2452680958735596,-0.04690078866070768,0.0,119.8945149737967
2024-01-05 00:00:00+00:00,5886.4610016684965,0.0,2.2966775220447553,-0.025077878679835908,0.0,119.8945149737967
2024-01-08 00:00:00+00:00,6264.848090925799,0.0,2.4443100507038027,0.0,0.0,119.8945149737967
2024-01-09 00:00:00+00:00,6371.194525707557,0.0,2.4858024629093083,0.0,0.0,119.8945149737967
2024-01-10 00:00:00+00:00,6516.266888825851,0.0,2.5424042879021624,0.0,0.0,119.8945149737967
2024-01-11 00:00:00+00:00,6572.857099893483,0.0,2.5644836774861512,0.0,0.0,119.8945149737967
2024-01-12 00:00:00+00:00,6559.428914216418,0.0,2.5592445002967303,-0.002042975447812845,0.0,119.8945149737967
2024-01-16 00:00:00+00:00,6759.892543252606,0.0,2.6374579311959465,0.0,0.0,119.8945149737967
2024-01-17 00:00:00+00:00,6720.447247826226,0.0,2.6220678482020214,-0.005835195629811052,0.0,119.8945149737967
2024-01-18 00:00:00+00:00,6846.816066608608,0.0,2.671372247823896,0.0,0.0,119.8945149737967
2024-01-19 00:00:00+00:00,7132.644590306139,0.0,2.7828918765701474,0.0,0.0,119.8945149737967
2024-01-22 00:00:00+00:00,7152.187396246869,0.0,2.7905167505154655,0.0,0.0,119.8945149737967
2024-01-23 00:00:00+00:00,7178.44429502613,0.0,2.800761213055494,0.0,0.0,119.8945149737967
2024-01-24 00:00:00+00:00,7356.967227822113,0.0,2.870414202654138,0.0,0.0,119.8945149737967
2024-01-25 00:00:00+00:00,7387.540329140431,0.0,2.882342686433624,0.0,0.0,119.8945149737967
2024-01-26 00:00:00+00:00,7317.282143365786,0.0,2.8549305629246886,-0.009510362399986927,0.0,119.8945149737967
2024-01-29 00:00:00+00:00,7591.173549494283,100.0,2.922776503570329,0.0,0.0,121.52683181772645
2024-01-30 00:00:00+00:00,7628.72534052596,0.0,2.9372348072540433,0.0,0.0,121.52683181772645
2024-01-31 00:00:00+00:00,7477.1813812492555,0.0,2.8788868956242957,-0.019864912224806353,0.0,121.52683181772645
2024-02-01 00:00:00+00:00,7659.471628975844,0.0,2.9490728358365024,0.0,0.0,121.52683181772645
2024-02-02 00:00:00+00:00,8040.2151930607815,0.0,3.095667869626398,0.0,0.0,121.52683181772645
2024-02-05 00:00:00+00:00,8425.698303586609,0.0,3.2440877378618107,0.0,0.0,121.52683181772645
2024-02-06 00:00:00+00:00,8290.92504710075,0.0,3.1921969327315862,-0.01599549991345972,0.0,121.52683181772645
2024-02-07 00:00:00+00:00,8518.909383590806,0.0,3.279976148623653,0.0,0.0,121.52683181772645
2024-02-08 00:00:00+00:00,8463.250094618288,0.0,3.258546041545526,-0.00653361674203623,0.0,121.52683181772645
2024-02-09 00:00:00+00:00,8766.094959508062,0.0,3.3751482835514053,0.0,0.0,121.52683181772645
2024-02-12 00:00:00+00:00,8780.0705451671,0.0,3.3805292056343412,0.0,0.0,121.52683181772645
2024-02-13 00:00:00+00:00,8765.487325348973,0.0,3.374914330417365,-0.001660945631712929,0.0,121.52683181772645
2024-02-14 00:00:00+00:00,8980.832871329985,0.0,3.457827321121385,0.0,0.0,121.52683181772645
2024-02-15 00:00:00+00:00,8829.896546212369,0.0,3.3997133626256777,-0.016806495263870125,0.0,121.52683181772645
2024-02-16 00:00:00+00:00,8824.42783878057,0.0,3.397607784419311,-0.01741542625169168,0.0,121.52683181772645
2024-02-20 00:00:00+00:00,8440.281523404738,0.0,3.249702613078788,-0.060189445196211167,0.0,121.52683181772645
2024-02-21 00:00:00+00:00,8199.658396405637,0.0,3.157057171998674,-0.08698240866035212,0.0,121.52683181772645
2024-02-22 00:00:00+00:00,9544.474317300599,0.0,3.6748422482575274,0.0,0.0,121.52683181772645
2024-02-23 00:00:00+00:00,9578.380303377744,0.0,3.687896833136997,0.0,0.0,121.52683181772645
2024-02-26 00:00:00+00:00,9611.80018212762,0.0,3.7007642555092346,0.0,0.0,121.52683181772645
2024-02-27 00:00:00+00:00,9663.377015814034,100.0,3.682120222171431,-0.005037887325583856,-1.4210854715202004e-14,122.78594955355122
2024-02-28 00:00:00+00:00,9535.925200177448,0.0,3.6335561532191436,-0.01816060079753523,-1.4210854715202004e-14,122.78594955355122
2024-02-29 00:00:00+00:00,9713.842041080543,0.0,3.701349347739244,0.0,-1.4210854715202004e-14,122.78594955355122
2024-03-01 00:00:00+00:00,10102.70514331664,0.0,3.8495212228566746,0.0,-1.4210854715202004e-14,122.78594955355122
2024-03-04 00:00:00+00:00,10465.905982096045,0.0,3.9879147835126147,0.0,-1.4210854715202004e-14,122.78594955355122
2024-03-05 00:00:00+00:00,10560.08280540362,0.0,4.023799794000481,0.0,-1.4210854715202004e-14,122.84308321394559
2024-03-06 00:00:00+00:00,10896.181481076974,0.0,4.151866382763048,0.0,-1.4210854715202004e-14,122.84308321394559
2024-03-07 00:00:00+00:00,11383.745678353123,0.0,4.337647190803482,0.0,-1.4210854715202004e-14,122.84308321394559
2024-03-08 00:00:00+00:00,10752.20938755023,0.0,4.097007449272651,-0.055477020362796337,-1.4210854715202004e-14,122.84308321394559
2024-03-11 00:00:00+00:00,10536.74261959297,0.0,4.014906280891969,-0.0744046013229882,-1.4210854715202004e-14,122.84308321394559
2024-03-12 00:00:00+00:00,11290.876307443381,0.0,4.302260370224351,-0.00815806796231755,-1.4210854715202004e-14,122.84308321394559
2024-03-13 00:00:00+00:00,11164.962147149088,0.0,4.2542822074021185,-0.019218940530274287,-1.4210854715202004e-14,122.84308321394559
2024-03-14 00:00:00+00:00,10803.312110167231,0.0,4.116479562183917,-0.05098792476448433,-1.4210854715202004e-14,122.84308321394559
2024-03-15 00:00:00+00:00,10790.106478721731,0.0,4.111447706083048,-0.05214796749722139,-1.4210854715202004e-14,122.84308321394559
2024-03-18 00:00:00+00:00,10866.084925689556,0.0,4.14039843164944,-0.04547367512328837,-1.4210854715202004e-14,122.84308321394559
2024-03-19 00:00:00+00:00,10981.925953160307,0.0,4.1845383414458945,-0.035297672360768084,-1.4210854715202004e-14,122.84308321394559
2024-03-20 00:00:00+00:00,11101.575116210692,0.0,4.23012929811795,-0.02478714564741169,-1.4210854715202004e-14,122.84308321394559
2024-03-21 00:00:00+00:00,11232.157313667116,0.0,4.279886163561886,-0.01331621146230122,-1.4210854715202004e-14,122.84308321394559
2024-03-22 00:00:00+00:00,11582.751473159717,0.0,4.413476092044476,0.0,-1.4210854715202004e-14,122.84308321394559
2024-03-25 00:00:00+00:00,11670.338591491258,0.0,4.446850170183258,0.0,-1.4210854715202004e-14,122.84308321394559
2024-03-26 00:00:00+00:00,11370.478625366019,0.0,4.332591930720749,-0.025694195911664885,-1.4210854715202004e-14,122.84308321394559
2024-03-27 00:00:00+00:00,11183.466103463548,100.0,4.22322906417999,-0.05028752880020071,-1.4210854715202004e-14,123.91652192203377
2024-03-28 00:00:00+00:00,11196.601254787282,0.0,4.228189311058693,-0.04917207703347337,-1.4210854715202004e-14,123.91652192203377
2024-04-01 00:00:00+00:00,11197.468670440738,0.0,4.228516874531816,-0.04909841512434965,-1.4210854715202004e-14,123.91652192203377
2024-04-02 00:00:00+00:00,11084.580718969764,0.0,4.185886828244082,-0.058684986440283304,-1.4210854715202004e-14,123.91652192203377
2024-04-03 00:00:00+00:00,11024.109456271812,0.0,4.163050974689291,-0.06382027381918098,-1.4210854715202004e-14,123.91652192203377
2024-04-04 00:00:00+00:00,10645.04881571231,0.0,4.01990573693498,-0.0960105281061635,-1.4210854715202004e-14,123.91652192203377
2024-04-05 00:00:00+00:00,10905.645261314346,0.0,4.1183151632172015,-0.07388038597948032,-1.4210854715202004e-14,123.91652192203377
2024-04-08 00:00:00+00:00,10797.218304632568,0.0,4.077369729076953,-0.08308812461992143,-1.4210854715202004e-14,123.91652192203377
2024-04-09 00:00:00+00:00,10576.77081213327,0.0,3.9941218121220916,-0.10180877266717292,-1.4210854715202004e-14,123.91652192203377
2024-04-10 00:00:00+00:00,10785.570151571897,0.0,4.072971019580743,-0.08407729882815174,-1.4210854715202004e-14,123.91652192203377
2024-04-11 00:00:00+00:00,11228.819550487011,0.0,4.240355954346081,-0.046436063266027894,-1.4210854715202004e-14,123.91652192203377
2024-04-12 00:00:00+00:00,10927.702402216471,0.0,4.1266446343908765,-0.07200726886176734,-1.4210854715202004e-14,123.91652192203377
2024-04-15 00:00:00+00:00,10656.944801816826,0.0,4.024398035994939,-0.09500030763818368,-1.4210854715202004e-14,123.91652192203377
2024-04-16 00:00:00+00:00,10832.162763814582,0.0,4.090565857565582,-0.08012060199523063,-1.4210854715202004e-14,123.91652192203377
2024-04-17 00:00:00+00:00,10413.324919718107,0.0,3.932399494829533,-0.11568878097202095,-1.4210854715202004e-14,123.91652192203377
2024-04-18 00:00:00+00:00,10492.135827660522,0.0,3.962160976101761,-0.10899607037165426,-1.4210854715202004e-14,123.91652192203377
2024-04-19 00:00:00+00:00,9442.438970458974,0.0,3.5657623788422743,-0.19813750354100046,-1.4210854715202004e-14,123.91652192203377
2024-04-22 00:00:00+00:00,9853.593990196281,0.0,3.721027465102099,-0.16322175861644728,-1.4210854715202004e-14,123.91652192203377
2024-04-23 00:00:00+00:00,10213.57148637979,0.0,3.8569663064477266,-0.13265206633018223,-1.4210854715202004e-14,123.91652192203377
2024-04-24 00:00:00+00:00,9873.296717181885,0.0,3.7284678354201564,-0.1615485809663555,-1.4210854715202004e-14,123.91652192203377
2024-04-25 00:00:00+00:00,10239.470039461496,0.0,3.8667464158595126,-0.1304527321863509,-1.4210854715202004e-14,123.91652192203377
2024-04-26 00:00:00+00:00,10871.816050829633,0.0,4.105540187765445,-0.07675320043529754,-1.4210854715202004e-14,123.91652192203377
2024-04-29 00:00:00+00:00,10974.677088937508,100.0,4.10662060587367,-0.0765102378737369,-1.4210854715202004e-14,125.05756907070099
2024-04-30 00:00:00+00:00,10805.224082846707,0.0,4.043212890011017,-0.09076925570343797,-1.4210854715202004e-14,125.05756907070099
2024-05-01 00:00:00+00:00,10384.905593200081,0.0,3.885933677454282,-0.12613793387733152,-1.4210854715202004e-14,125.05756907070099
2024-05-02 00:00:00+00:00,10732.065404940346,0.0,4.015837603088764,-0.09692536303212829,-1.4210854715202004e-14,125.05756907070099
2024-05-03 00:00:00+00:00,11103.73650021847,0.0,4.154913419726259,-0.06565023315030394,-1.4210854715202004e-14,125.05756907070099
2024-05-06 00:00:00+00:00,11522.80441417439,0.0,4.311724678660392,-0.03038678758031954,-1.4210854715202004e-14,125.05756907070099
2024-05-07 00:00:00+00:00,11324.463109628257,0.0,4.237507234115618,-0.04707667856032405,-1.4210854715202004e-14,125.05756907070099
2024-05-08 00:00:00+00:00,11306.704934820218,0.0,4.2308622926746615,-0.04857098153583517,-1.4210854715202004e-14,125.05756907070099
2024-05-09 00:00:00+00:00,11098.484082317502,0.0,4.1529480145113284,-0.0660922100867225,-1.4210854715202004e-14,125.05756907070099
2024-05-10 00:00:00+00:00,11239.924192936463,0.0,4.205873569227682,-0.05419040258458829,-1.4210854715202004e-14,125.05756907070099
2024-05-13 00:00:00+00:00,11305.0791864223,0.0,4.2302539529652785,-0.048707783920917125,-1.4210854715202004e-14,125.05756907070099
2024-05-14 00:00:00+00:00,11424.75928002296,0.0,4.275037114648348,-0.03863702372680333,-1.4210854715202004e-14,125.05756907070099
2024-05-15 00:00:00+00:00,11834.197761160434,0.0,4.428245130688441,-0.004183869206920154,-1.4210854715202004e-14,125.05756907070099
2024-05-16 00:00:00+00:00,11800.307159942275,0.0,4.41556358751591,-0.007035672772860324,-1.4210854715202004e-14,125.05756907070099
2024-05-17 00:00:00+00:00,11565.198930089357,0.0,4.3275883064666205,-0.026819402307796336,-1.4210854715202004e-14,125.05756907070099
2024-05-20 00:00:00+00:00,11852.95639652104,0.0,4.43526443502748,-0.0026053801482815997,-1.4210854715202004e-14,125.05756907070099
2024-05-21 00:00:00+00:00,11928.741283377884,0.0,4.463622424557197,0.0,-1.4210854715202004e-14,125.05756907070099
2024-05-22 00:00:00+00:00,11874.216183263059,0.0,4.443219646611724,-0.004570901390141047,-1.4210854715202004e-14,125.05756907070099
2024-05-23 00:00:00+00:00,12980.850611969694,0.0,4.857311807252769,0.0,-1.4210854715202004e-14,125.05756907070099
2024-05-24 00:00:00+00:00,13314.754321388464,0.0,4.982255424487663,0.0,-1.4210854715202004e-14,125.05756907070099
2024-05-28 00:00:00+00:00,14347.44772927456,100.0,5.331260496504629,0.0,-1.4210854715202004e-14,125.96419460122878
2024-05-29 00:00:00+00:00,14463.838645086096,0.0,5.374509323984372,0.0,-1.4210854715202004e-14,125.96419460122878
2024-05-30 00:00:00+00:00,13919.04350343578,0.0,5.172072983237737,-0.03766601349880261,-1.4210854715202004e-14,125.96419460122878
2024-05-31 00:00:00+00:00,13809.832546716514,0.0,5.131492102907718,-0.04521663400827347,-1.4210854715202004e-14,125.96419460122878
2024-06-03 00:00:00+00:00,14485.88237914131,0.0,5.38270038979493,0.0,-1.4210854715202004e-14,125.96419460122878
2024-06-04 00:00:00+00:00,14666.892926783275,0.0,5.449960741622194,0.0,-1.4210854715202004e-14,125.96419460122878
2024-06-05 00:00:00+00:00,15423.055986974452,0.0,5.730937701969489,0.0,-1.4210854715202004e-14,125.96419460122878
2024-06-06 00:00:00+00:00,15241.41561835948,0.0,5.663443319690495,-0.011777196994446126,-1.4210854715202004e-14,125.96419460122878
2024-06-07 00:00:00+00:00,15227.559556953345,0.0,5.65829464975243,-0.012675596210388718,-1.4210854715202004e-14,125.96419460122878
2024-06-10 00:00:00+00:00,15341.179260483654,0.0,5.70051374324456,-0.005308722639660424,-1.4210854715202004e-14,125.96419460122878
2024-06-11 00:00:00+00:00,15231.590411180585,0.0,5.659792444643503,-0.012414243711205586,-1.4210854715202004e-14,125.97461261418067
2024-06-12 00:00:00+00:00,15772.02149929542,0.0,5.860607179467096,0.0,-1.4210854715202004e-14,125.97461261418067
2024-06-13 00:00:00+00:00,16327.569540923958,0.0,6.067039109670371,0.0,-1.4210854715202004e-14,125.97461261418067
2024-06-14 00:00:00+00:00,16613.531911558148,0.0,6.173297722269335,0.0,-1.4210854715202004e-14,125.97461261418067
2024-06-17 00:00:00+00:00,16500.154760205383,0.0,6.131168756921727,-0.006824385805277666,-1.4210854715202004e-14,125.97461261418067
2024-06-18 00:00:00+00:00,17079.637978230618,0.0,6.346494579809497,0.0,-1.4210854715202004e-14,125.97461261418067
2024-06-20 00:00:00+00:00,16474.95983768255,0.0,6.12180676462226,-0.035403451836554134,-1.4210854715202004e-14,125.97461261418067
2024-06-21 00:00:00+00:00,15944.606718576846,0.0,5.924736826718454,-0.06645522938486514,-1.4210854715202004e-14,125.97461261418067
2024-06-24 00:00:00+00:00,14878.86149586088,0.0,5.528724552450949,-0.12885381324679157,-1.4210854715202004e-14,125.97461261418067
2024-06-25 00:00:00+00:00,15884.138904522042,0.0,5.902268045199731,-0.06999557456852035,-1.4210854715202004e-14,125.97461261418067
2024-06-26 00:00:00+00:00,15923.191034432437,0.0,5.916779133263907,-0.06770910163740962,-1.4210854715202004e-14,125.97461261418067
2024-06-27 00:00:00+00:00,15719.453649121713,100.0,5.803915636273104,-0.0854926978528483,-1.4210854715202004e-14,126.78001168740796
2024-06-28 00:00:00+00:00,15662.40264386238,0.0,5.782851340472452,-0.08881174201742781,-1.4210854715202004e-14,126.78001168740796
2024-07-01 00:00:00+00:00,15758.75545274481,0.0,5.8184265956024435,-0.08320624520613784,-1.4210854715202004e-14,126.78001168740796
2024-07-02 00:00:00+00:00,15552.104033694335,0.0,5.742127035257858,-0.09522856073561481,-1.4210854715202004e-14,126.78001168740796
2024-07-03 00:00:00+00:00,16263.339899260694,0.0,6.004728589572658,-0.053851143483856556,-1.4210854715202004e-14,126.78001168740796
2024-07-05 00:00:00+00:00,15952.728870626544,0.0,5.890045201324662,-0.07192149504656742,-1.4210854715202004e-14,126.78001168740796
2024-07-08 00:00:00+00:00,16253.197498325699,0.0,6.000983825874764,-0.054441195779781903,-1.4210854715202004e-14,126.78001168740796
2024-07-09 00:00:00+00:00,16656.35793549166,0.0,6.149838182866042,-0.03098661701675287,-1.4210854715202004e-14,126.78001168740796
2024-07-10 00:00:00+00:00,17103.891376748208,0.0,6.315075881035605,-0.004950559459051096,-1.4210854715202004e-14,126.78001168740796
2024-07-11 00:00:00+00:00,16151.773488975776,0.0,5.963536188895827,-0.06034171873903427,-1.4210854715202004e-14,126.78001168740796
2024-07-12 00:00:00+00:00,16385.048710480605,0.0,6.049665753947384,-0.0467705159327535,-1.4210854715202004e-14,126.78001168740796
2024-07-15 00:00:00+00:00,16283.624701130679,0.0,6.012218116968446,-0.05267103889200597,-1.4210854715202004e-14,126.78001168740796
2024-07-16 00:00:00+00:00,16019.922276820871,0.0,5.914854260823208,-0.06801239858606245,-1.4210854715202004e-14,126.78001168740796
2024-07-17 00:00:00+00:00,14958.773578997265,0.0,5.523058358931072,-0.12974662004724224,-1.4210854715202004e-14,126.78001168740796
2024-07-18 00:00:00+00:00,15351.79161522823,0.0,5.668167952224455,-0.10688209358013878,-1.4210854715202004e-14,126.78001168740796
2024-07-19 00:00:00+00:00,14951.166778296021,0.0,5.520249786157652,-0.13018915926918617,-1.4210854715202004e-14,126.78001168740796
2024-07-22 00:00:00+00:00,15662.40264386238,0.0,5.782851340472452,-0.08881174201742781,-1.4210854715202004e-14,126.78001168740796
2024-07-23 00:00:00+00:00,15541.961632759343,0.0,5.7383822715599635,-0.09581861303154027,-1.4210854715202004e-14,126.78001168740796
2024-07-24 00:00:00+00:00,14484.61633528636,0.0,5.347990656054538,-0.15733156488174782,-1.4210854715202004e-14,126.78001168740796
2024-07-25 00:00:00+00:00,14234.859712262167,0.0,5.2557758499939045,-0.17186160266890715,-1.4210854715202004e-14,126.78001168740796
2024-07-26 00:00:00+00:00,14333.748121378345,0.0,5.292287296048368,-0.1661085927836361,-1.4210854715202004e-14,126.78001168740796
2024-07-29 00:00:00+00:00,14245.485324132378,100.0,5.22277715803378,-0.17706111738449604,-1.4210854715202004e-14,127.65915695073373
2024-07-30 00:00:00+00:00,13242.08435049961,0.0,4.854903437609498,-0.23502598535974362,-1.4210854715202004e-14,127.65915695073373
2024-07-31 00:00:00+00:00,14938.674546374861,0.0,5.476918926723836,-0.13701668569167258,-1.4210854715202004e-14,127.65915695073373
2024-08-01 00:00:00+00:00,13941.65653058963,0.0,5.111385369915484,-0.1946128204100802,-1.4210854715202004e-14,127.65915695073373
2024-08-02 00:00:00+00:00,13693.997766105207,0.0,5.02058702161738,-0.2089196707754719,-1.4210854715202004e-14,127.65915695073373
2024-08-05 00:00:00+00:00,12823.362315701204,0.0,4.701388704404454,-0.2592148870084474,-1.4210854715202004e-14,127.65915695073373
2024-08-06 00:00:00+00:00,13308.46711211399,0.0,4.879241139215175,-0.2311911594886078,-1.4210854715202004e-14,127.65915695073373
2024-08-07 00:00:00+00:00,12626.767213997073,0.0,4.629311665033793,-0.2705718713191194,-1.4210854715202004e-14,127.65915695073373
2024-08-08 00:00:00+00:00,13400.38170511852,0.0,4.912939495284575,-0.22588140059011175,-1.4210854715202004e-14,127.65915695073373
2024-08-09 00:00:00+00:00,13372.296690589359,0.0,4.902642775374481,-0.22750382692020765,-1.4210854715202004e-14,127.65915695073373
2024-08-12 00:00:00+00:00,13917.40129076899,0.0,5.102492748174949,-0.19601400678607195,-1.4210854715202004e-14,127.65915695073373
2024-08-13 00:00:00+00:00,14826.334488258215,0.0,5.435732047083459,-0.14350639101205642,-1.4210854715202004e-14,127.65915695073373
2024-08-14 00:00:00+00:00,15073.993252742639,0.0,5.526530395381564,-0.1291995406466645,-1.4210854715202004e-14,127.65915695073373
2024-08-15 00:00:00+00:00,15684.204022967146,0.0,5.750250037064523,-0.09394864129276093,-1.4210854715202004e-14,127.65915695073373
2024-08-16 00:00:00+00:00,15903.777772922407,0.0,5.830751665452533,-0.08126421725746513,-1.4210854715202004e-14,127.65915695073373
2024-08-19 00:00:00+00:00,16595.690403595385,0.0,6.084425401419404,-0.04129353221600951,-1.4210854715202004e-14,127.65915695073373
2024-08-20 00:00:00+00:00,16244.627721980867,0.0,5.955716402543224,-0.061573861342209324,-1.4210854715202004e-14,127.65915695073373
2024-08-21 00:00:00+00:00,16404.201668169284,0.0,6.0142204929414875,-0.0523555299212094,-1.4210854715202004e-14,127.65915695073373
2024-08-22 00:00:00+00:00,15796.544081083792,0.0,5.7914369167049,-0.0874589359723772,-1.4210854715202004e-14,127.65915695073373
2024-08-23 00:00:00+00:00,16515.265134716425,0.0,6.054939339858679,-0.0459395712521935,-1.4210854715202004e-14,127.65915695073373
2024-08-26 00:00:00+00:00,16143.776987989786,0.0,5.9187418174115205,-0.06739984680028144,-1.4210854715202004e-14,127.65915695073373
2024-08-27 00:00:00+00:00,16481.217523351686,100.0,6.005793888735385,-0.053683287173679206,-1.4210854715202004e-14,128.4584374384387
2024-08-28 00:00:00+00:00,16135.664326642283,0.0,5.879873502447791,-0.07352422215031862,-1.4210854715202004e-14,128.4584374384387
2024-08-29 00:00:00+00:00,15105.427658386006,0.0,5.504452871211176,-0.13267823646728727,-1.4210854715202004e-14,128.4584374384387
2024-08-30 00:00:00+00:00,15334.083677026427,0.0,5.587775654702595,-0.11954929064631403,-1.4210854715202004e-14,128.4584374384387
2024-09-03 00:00:00+00:00,13873.511243351379,0.0,5.055539672513029,-0.20341227603084455,-1.4210854715202004e-14,128.4584374384387
2024-09-04 00:00:00+00:00,13643.570640336573,0.0,4.971748783496378,-0.21661497997440737,-1.4210854715202004e-14,128.4584374384387
2024-09-05 00:00:00+00:00,13772.029077775012,0.0,5.0185593360196465,-0.20923916771543372,-1.4210854715202004e-14,128.4584374384387
2024-09-06 00:00:00+00:00,13209.381121794651,0.0,4.81352911596773,-0.24154522540973833,-1.4210854715202004e-14,128.4584374384387
2024-09-09 00:00:00+00:00,13676.969834070567,0.0,4.983919527152427,-0.2146972687870744,-1.4210854715202004e-14,128.4584374384387
2024-09-10 00:00:00+00:00,13886.357087095223,0.0,5.060220727765356,-0.20267469480494715,-1.4210854715202004e-14,128.4584374384387
2024-09-11 00:00:00+00:00,15018.075920927868,0.0,5.472621695495354,-0.13769378880338923,-1.4210854715202004e-14,128.4584374384387
2024-09-12 00:00:00+00:00,15305.82282078997,0.0,5.577477333147476,-0.12117196934328822,-1.4210854715202004e-14,128.4692195802415
2024-09-13 00:00:00+00:00,15300.68405200676,0.0,5.575604753885046,-0.1214670265971598,-1.4210854715202004e-14,128.4692195802415
2024-09-16 00:00:00+00:00,15002.635462580602,0.0,5.466995156664113,-0.13858034732171542,-1.4210854715202004e-14,128.4692195802415
2024-09-17 00:00:00+00:00,14849.757091280113,0.0,5.4112859236068225,-0.14735830062439714,-1.4210854715202004e-14,128.4692195802415
2024-09-18 00:00:00+00:00,14564.555423811978,0.0,5.307357774541964,-0.1637339782142736,-1.4210854715202004e-14,128.4692195802415
2024-09-19 00:00:00+00:00,15142.666911923065,0.0,5.518022941565328,-0.13054003715371287,-1.4210854715202004e-14,128.4692195802415
2024-09-20 00:00:00+00:00,14902.429471308013,0.0,5.43047986104673,-0.14433396377221253,-1.4210854715202004e-14,128.4692195802415
2024-09-23 00:00:00+00:00,14935.831468398876,0.0,5.442651626252524,-0.14241609162204683,-1.4210854715202004e-14,128.4692195802415
2024-09-24 00:00:00+00:00,15528.074570663788,0.0,5.658466386247571,-0.10841074311333909,-1.4210854715202004e-14,128.4692195802415
2024-09-25 00:00:00+00:00,15867.233310355627,0.0,5.782056617567944,-0.08893696435781018,-1.4210854715202004e-14,128.4692195802415
2024-09-26 00:00:00+00:00,15935.321996733155,0.0,5.806868292795142,-0.08502745574401072,-1.4210854715202004e-14,128.4692195802415
2024-09-27 00:00:00+00:00,15694.041235854604,100.0,5.6825047920329395,-0.10462307647578406,-1.4210854715202004e-14,129.2754632277974
2024-09-30 00:00:00+00:00,15699.212254383714,0.0,5.684377116511368,-0.10432805936753886,-1.4210854715202004e-14,129.2754632277974
2024-10-01 00:00:00+00:00,15125.229197652294,0.0,5.476549099405715,-0.1370749583827574,-1.4210854715202004e-14,129.2754632277974
2024-10-02 00:00:00+00:00,15364.388804623719,0.0,5.56314410653307,-0.12343041712641645,-1.4210854715202004e-14,129.2754632277974
2024-10-03 00:00:00+00:00,15881.490657534909,0.0,5.750376554376,-0.09392870630189532,-1.4210854715202004e-14,129.2754632277974
2024-10-04 00:00:00+00:00,16149.09086641645,0.0,5.847269346134718,-0.07866157095020543,-1.4210854715202004e-14,129.2754632277974
2024-10-07 00:00:00+00:00,16511.062163454284,0.0,5.978332059624769,-0.05801037337304071,-1.4210854715202004e-14,129.2754632277974
2024-10-08 00:00:00+00:00,17179.41630834199,0.0,6.2203299984617555,-0.01987941213234734,-1.4210854715202004e-14,129.2754632277974
2024-10-09 00:00:00+00:00,17148.390197167326,0.0,6.209096051591182,-0.021649514781818313,-1.4210854715202004e-14,129.2754632277974
2024-10-10 00:00:00+00:00,17427.625197739366,0.0,6.310201573426364,-0.005718590936576895,-1.4210854715202004e-14,129.2754632277974
2024-10-11 00:00:00+00:00,17426.33244310709,0.0,6.3097334923067585,-0.005792345213637917,-1.4210854715202004e-14,129.2754632277974
2024-10-14 00:00:00+00:00,17849.063207861986,0.0,6.462796018418353,0.0,-1.4210854715202004e-14,129.2754632277974
2024-10-15 00:00:00+00:00,17012.650960778137,0.0,6.159947534032413,-0.04686028825957855,-1.4210854715202004e-14,129.2754632277974
2024-10-16 00:00:00+00:00,17545.26586927666,0.0,6.352796955310629,-0.017020351995365002,-1.4210854715202004e-14,129.2754632277974
2024-10-17 00:00:00+00:00,17701.689179782297,0.0,6.4094347707831165,-0.008256681393496224,-1.4210854715202004e-14,129.2754632277974
2024-10-18 00:00:00+00:00,17840.01392543604,0.0,6.459519450581101,-0.0005069892083727767,-1.4210854715202004e-14,129.2754632277974
2024-10-21 00:00:00+00:00,18578.176820466764,0.0,6.726793769876885,0.0,-1.4210854715202004e-14,129.2754632277974
2024-10-22 00:00:00+00:00,18562.663764879428,0.0,6.721176796441597,-0.0008350149606847213,-1.4210854715202004e-14,129.2754632277974
2024-10-23 00:00:00+00:00,18041.683648071405,0.0,6.532540105239844,-0.02887760072367962,-1.4210854715202004e-14,129.2754632277974
2024-10-24 00:00:00+00:00,18151.567791815032,0.0,6.5723270004064664,-0.022962911418829668,-1.4210854715202004e-14,129.2754632277974
2024-10-25 00:00:00+00:00,18297.64906526244,0.0,6.6252201669220945,-0.015099853872381996,-1.4210854715202004e-14,129.2754632277974
2024-10-28 00:00:00+00:00,18264.00471872285,100.0,6.57683016792653,-0.022293473990819157,-1.4210854715202004e-14,129.97441445148624
2024-10-29 00:00:00+00:00,18358.88604127243,0.0,6.610996735123985,-0.017214298329086275,-1.4210854715202004e-14,129.97441445148624
2024-10-30 00:00:00+00:00,18109.985037597835,0.0,6.521368000626552,-0.03053843722253613,-1.4210854715202004e-14,129.97441445148624
2024-10-31 00:00:00+00:00,17255.40326257931,0.0,6.213634878265913,-0.07628580705252741,-1.4210854715202004e-14,129.97441445148624
2024-11-01 00:00:00+00:00,17598.535716731236,0.0,6.337196162377257,-0.057917281371740126,-1.4210854715202004e-14,129.97441445148624
2024-11-04 00:00:00+00:00,17683.019086124703,0.0,6.367618448238004,-0.053394727700334155,-1.4210854715202004e-14,129.97441445148624
2024-11-05 00:00:00+00:00,18184.720325907438,0.0,6.548280022734135,-0.02653771666706195,-1.4210854715202004e-14,129.97441445148624
2024-11-06 00:00:00+00:00,18925.574488280912,0.0,6.815060067974537,0.0,-1.4210854715202004e-14,129.97441445148624
2024-11-07 00:00:00+00:00,19350.59082353727,0.0,6.968107567612451,0.0,-1.4210854715202004e-14,129.97441445148624
2024-11-08 00:00:00+00:00,19188.122805472914,0.0,6.909603171726399,-0.008396023643202466,-1.4210854715202004e-14,129.97441445148624
2024-11-11 00:00:00+00:00,18880.08344322289,0.0,6.798678837126442,-0.024314884470714726,-1.4210854715202004e-14,129.97441445148624
2024-11-12 00:00:00+00:00,19273.905919010893,0.0,6.940493492754234,-0.00396292315959168,-1.4210854715202004e-14,129.97441445148624
2024-11-13 00:00:00+00:00,19011.357601818894,0.0,6.845950389002374,-0.01753089736700686,-1.4210854715202004e-14,129.97441445148624
2024-11-14 00:00:00+00:00,19075.045064900118,0.0,6.868884112189704,-0.014239656098871678,-1.4210854715202004e-14,129.97441445148624
2024-11-15 00:00:00+00:00,18453.767363822015,0.0,6.645163302321438,-0.046346050510478354,-1.4210854715202004e-14,129.97441445148624
2024-11-18 00:00:00+00:00,18215.914185375797,0.0,6.5595128667442575,-0.05863782912412674,-1.4210854715202004e-14,129.97441445148624
2024-11-19 00:00:00+00:00,19107.538668512992,0.0,6.8805849913669155,-0.012560451370231096,-1.4210854715202004e-14,129.97441445148624
2024-11-20 00:00:00+00:00,18961.967324327325,0.0,6.828165052653011,-0.02008328855454078,-1.4210854715202004e-14,129.97441445148624
2024-11-21 00:00:00+00:00,19063.347367599486,0.0,6.86467179568591,-0.014844169801182194,-1.4210854715202004e-14,129.97441445148624
2024-11-22 00:00:00+00:00,18449.86813138847,0.0,6.643759196820173,-0.04654755507791519,-1.4210854715202004e-14,129.97441445148624
2024-11-25 00:00:00+00:00,17679.119853691158,0.0,6.366214342736738,-0.08637829124126817,-1.4210854715202004e-14,129.97441445148624
2024-11-26 00:00:00+00:00,17796.096826697496,0.0,6.4083375077746965,-0.08033315421816223,-1.4210854715202004e-14,129.97441445148624
2024-11-27 00:00:00+00:00,17690.93158103835,100.0,6.334457928906766,-0.09093568555842457,-1.4210854715202004e-14,130.71473016874796
2024-11-29 00:00:00+00:00,18071.311445829408,0.0,6.4706576671446765,-0.0713895265882385,-1.4210854715202004e-14,130.71473016874796
2024-12-02 00:00:00+00:00,18120.98304329353,0.0,6.488443199972995,-0.06883710720381553,-1.4210854715202004e-14,130.71473016874796
2024-12-03 00:00:00+00:00,18334.04805346859,0.0,6.564733774999727,-0.057888571423264645,-1.4210854715202004e-14,130.71473016874796
2024-12-04 00:00:00+00:00,18971.935936692076,0.0,6.793137459742337,-0.025110133012780866,-1.4210854715202004e-14,130.71473016874796
2024-12-05 00:00:00+00:00,18962.785905580266,0.0,6.789861177379226,-0.02558031553096407,-1.4210854715202004e-14,130.72374124900225
2024-12-06 00:00:00+00:00,18620.28970350788,0.0,6.667226155424631,-0.04317978866834771,-1.4210854715202004e-14,130.72374124900225
2024-12-09 00:00:00+00:00,18145.762522774003,0.0,6.497315800579143,-0.06756379152663106,-1.4210854715202004e-14,130.72374124900225
2024-12-10 00:00:00+00:00,17656.85573050273,0.0,6.322256647101971,-0.09268670356243847,-1.4210854715202004e-14,130.72374124900225
2024-12-11 00:00:00+00:00,18211.124393398502,0.0,6.520719430723148,-0.06420511344697788,-1.4210854715202004e-14,130.72374124900225
2024-12-12 00:00:00+00:00,17953.59862313797,0.0,6.4285091279557625,-0.07743830508081206,-1.4210854715202004e-14,130.72374124900225
2024-12-13 00:00:00+00:00,17549.66226267855,0.0,6.2838746936658,-0.09819493561307002,-1.4210854715202004e-14,130.72374124900225
2024-12-16 00:00:00+00:00,17255.533844868296,0.0,6.178558358017771,-0.11330898697151015,-1.4210854715202004e-14,130.72374124900225
2024-12-17 00:00:00+00:00,17045.0686214574,0.0,6.103198668954069,-0.12412393038799396,-1.4210854715202004e-14,130.72374124900225
2024-12-18 00:00:00+00:00,16851.597484408878,0.0,6.033923923727809,-0.1340656175037681,-1.4210854715202004e-14,130.72374124900225
2024-12-19 00:00:00+00:00,17082.978506419615,0.0,6.116772774437593,-0.122175897101795,-1.4210854715202004e-14,130.72374124900225
2024-12-20 00:00:00+00:00,17608.487946240602,0.0,6.304937960795407,-0.09517212534138197,-1.4210854715202004e-14,130.72374124900225
2024-12-23 00:00:00+00:00,18258.184940248142,0.0,6.5375700444268325,-0.06178686522962762,-1.4210854715202004e-14,130.72374124900225
2024-12-24 00:00:00+00:00,18330.082997935093,0.0,6.563314037585239,-0.05809231934200898,-1.4210854715202004e-14,130.72374124900225
2024-12-26 00:00:00+00:00,18292.173112972883,0.0,6.549739932101716,-0.06004035262820784,-1.4210854715202004e-14,130.72374124900225
2024-12-27 00:00:00+00:00,18009.29885690211,100.0,6.412647046063917,-0.07971468812139149,-1.4210854715202004e-14,131.44514164588068
2024-12-30 00:00:00+00:00,18072.392524892137,0.0,6.435113074690373,-0.07649056616166772,-1.4210854715202004e-14,131.44514164588068
2024-12-31 00:00:00+00:00,17651.768071625316,0.0,6.285339550514002,-0.09798471255982522,-1.4210854715202004e-14,131.44514164588068
2025-01-02 00:00:00+00:00,18180.177541041758,0.0,6.473492540260568,-0.07098269114713995,-1.4210854715202004e-14,131.44514164588068
2025-01-03 00:00:00+00:00,18989.879613580382,0.0,6.761806574300081,-0.02960645933068695,-1.4210854715202004e-14,131.44514164588068
2025-01-06 00:00:00+00:00,19641.847516143953,0.0,6.9939555367734565,0.0,-1.4210854715202004e-14,131.44514164588068
2025-01-07 00:00:00+00:00,18420.722150253718,0.0,6.559144274398929,-0.062169577728702574,-1.4210854715202004e-14,131.44514164588068
2025-01-08 00:00:00+00:00,18416.778796004342,0.0,6.557740147609777,-0.062370340627718734,-1.4210854715202004e-14,131.44514164588068
2025-01-10 00:00:00+00:00,17864.709201091642,0.0,6.36116239712829,-0.0904771464899955,-1.4210854715202004e-14,131.44514164588068
2025-01-13 00:00:00+00:00,17512.436221480682,0.0,6.235727070630579,-0.10841196546878151,-1.4210854715202004e-14,131.44514164588068
2025-01-14 00:00:00+00:00,17319.211863261236,0.0,6.166924857962059,-0.11824934752057836,-1.4210854715202004e-14,131.44514164588068
2025-01-15 00:00:00+00:00,17908.086097834785,0.0,6.376607791808978,-0.08826875460081651,-1.4210854715202004e-14,131.44514164588068
2025-01-16 00:00:00+00:00,17557.12756964028,0.0,6.251640507574318,-0.106136652613264,-1.4210854715202004e-14,131.44514164588068
2025-01-17 00:00:00+00:00,18101.31045605423,0.0,6.445410004477499,-0.07843137254901966,-1.4210854715202004e-14,131.44514164588068
2025-01-21 00:00:00+00:00,18511.419297989378,0.0,6.59143919054946,-0.057552031051328445,-1.4210854715202004e-14,131.44514164588068
2025-01-22 00:00:00+00:00,19331.636981859672,0.0,6.883497562693382,-0.01579334805594612,-1.4210854715202004e-14,131.44514164588068
2025-01-23 00:00:00+00:00,19351.353753106552,0.0,6.890518196639148,-0.014789533560864987,-1.4210854715202004e-14,131.44514164588068
2025-01-24 00:00:00+00:00,18746.706101535503,0.0,6.6752187556356155,-0.0455731780766917,-1.4210854715202004e-14,131.44514164588068
2025-01-27 00:00:00+00:00,15660.574074017853,100.0,5.540719278616818,-0.2077846006477566,-1.4210854715202004e-14,132.2460232563575
2025-01-28 00:00:00+00:00,17058.414539837555,0.0,6.03527596477608,-0.1370725860289994,-1.4210854715202004e-14,132.2460232563575
2025-01-29 00:00:00+00:00,16358.833076811421,0.0,5.787763678136297,-0.17246204273034538,-1.4210854715202004e-14,132.2460232563575
2025-01-30 00:00:00+00:00,16484.466798904963,0.0,5.832212954564993,-0.16610665825656856,-1.4210854715202004e-14,132.2460232563575
2025-01-31 00:00:00+00:00,15878.780012390844,0.0,5.617920653466656,-0.19674630129856552,-1.4210854715202004e-14,132.2460232563575
2025-02-03 00:00:00+00:00,15427.821073086665,0.0,5.4583711454436585,-0.21955878662022688,-1.4210854715202004e-14,132.2460232563575
2025-02-04 00:00:00+00:00,15690.990659366817,0.0,5.551480682383765,-0.2062459286172632,-1.4210854715202004e-14,132.2460232563575
2025-02-05 00:00:00+00:00,16508.271083091106,0.0,5.8406349227304295,-0.1649024801457477,-1.4210854715202004e-14,132.2460232563575
2025-02-06 00:00:00+00:00,17017.41827262808,0.0,6.0207714640467165,-0.13914644833096868,-1.4210854715202004e-14,132.2460232563575
2025-02-07 00:00:00+00:00,17170.823659605456,0.0,6.075046370001753,-0.1313861893945678,-1.4210854715202004e-14,132.2460232563575
2025-02-10 00:00:00+00:00,17664.10132635167,0.0,6.249568265874416,-0.10643294298700268,-1.4210854715202004e-14,132.2460232563575
2025-02-11 00:00:00+00:00,17562.271888444277,0.0,6.213540957611159,-0.1115841493499583,-1.4210854715202004e-14,132.2460232563575
2025-02-12 00:00:00+00:00,17342.74348983872,0.0,6.135871695641018,-0.12268934748308402,-1.4210854715202004e-14,132.2460232563575
2025-02-13 00:00:00+00:00,17891.564486352603,0.0,6.3300448505663685,-0.09492635215027001,-1.4210854715202004e-14,132.2460232563575
2025-02-14 00:00:00+00:00,18362.36032914524,0.0,6.496612665393897,-0.07111038506959111,-1.4210854715202004e-14,132.2460232563575
2025-02-18 00:00:00+00:00,18435.095641936234,0.0,6.522346457010509,-0.06743095195319415,-1.4210854715202004e-14,132.2460232563575
2025-02-19 00:00:00+00:00,18412.613817982652,0.0,6.514392375965374,-0.0685682312800805,-1.4210854715202004e-14,132.2460232563575
2025-02-20 00:00:00+00:00,18528.99031844825,0.0,6.555566442551956,-0.06268113829384514,-1.4210854715202004e-14,132.2460232563575
2025-02-21 00:00:00+00:00,17777.832906352138,0.0,6.289806558220393,-0.10067964756863623,-1.4210854715202004e-14,132.2460232563575
2025-02-24 00:00:00+00:00,17229.011909838253,0.0,6.095633403295044,-0.12844264290145002,-1.4210854715202004e-14,132.2460232563575
2025-02-25 00:00:00+00:00,16746.31392495255,0.0,5.924854604384798,-0.15286069903753918,-1.4210854715202004e-14,132.2460232563575
2025-02-26 00:00:00+00:00,17361.25793309461,0.0,6.142422115325249,-0.12175276450800088,-1.4210854715202004e-14,132.2460232563575
2025-02-27 00:00:00+00:00,15978.315216490235,100.0,5.617756208434504,-0.19676981374889302,-1.4210854715202004e-14,132.9863938118205
2025-02-28 00:00:00+00:00,16612.660314972618,0.0,5.840783233937897,-0.16488127451944834,-1.4210854715202004e-14,132.9863938118205
2025-03-03 00:00:00+00:00,15168.428078176246,0.0,5.333011012351557,-0.23748285440032235,-1.4210854715202004e-14,132.9863938118205
2025-03-04 00:00:00+00:00,15425.09181823306,0.0,5.423250458729241,-0.22458036368484469,-1.4210854715202004e-14,132.9863938118205
2025-03-05 00:00:00+00:00,15599.303994126545,0.0,5.484501067410466,-0.21582271454635982,-1.4210854715202004e-14,132.9863938118205
2025-03-06 00:00:00+00:00,14704.305563772992,0.0,5.169831909834401,-0.26081430134178174,-1.4210854715202004e-14,132.9863938118205
2025-03-07 00:00:00+00:00,14986.236718654052,0.0,5.268955032280354,-0.24664161723980627,-1.4210854715202004e-14,132.9863938118205
2025-03-10 00:00:00+00:00,14226.884409988557,0.0,5.001977188333945,-0.2848142711182401,-1.4210854715202004e-14,132.9863938118205
2025-03-11 00:00:00+00:00,14463.600190973599,0.0,5.085203206236678,-0.27291456465526076,-1.4210854715202004e-14,132.9863938118205
2025-03-12 00:00:00+00:00,15393.175083718223,0.0,5.412028973169321,-0.22618481848884187,-1.4210854715202004e-14,132.99788390978247
2025-03-13 00:00:00+00:00,15371.895422292659,0.0,5.404547336434337,-0.22725454744202822,-1.4210854715202004e-14,132.99788390978247
2025-03-14 00:00:00+00:00,16181.852535303235,0.0,5.689317134659681,-0.18653798916137354,-1.4210854715202004e-14,132.99788390978247
2025-03-17 00:00:00+00:00,15897.237063736298,0.0,5.589250243329264,-0.2008456139102408,-1.4210854715202004e-14,132.99788390978247
2025-03-18 00:00:00+00:00,15351.945739706192,0.0,5.39753330199529,-0.22825741833564028,-1.4210854715202004e-14,132.99788390978247
2025-03-19 00:00:00+00:00,15629.911317077636,0.0,5.495262181846023,-0.21428408388464393,-1.4210854715202004e-14,132.99788390978247
2025-03-20 00:00:00+00:00,15764.239179826516,0.0,5.542490013735612,-0.20753141986765533,-1.4210854715202004e-14,132.99788390978247
2025-03-21 00:00:00+00:00,15653.850936181398,0.0,5.5036790231728805,-0.21308063881230932,-1.4210854715202004e-14,132.99788390978247
2025-03-24 00:00:00+00:00,16147.27308548669,0.0,5.677159474965331,-0.18827629871030138,-1.4210854715202004e-14,132.99788390978247
2025-03-25 00:00:00+00:00,16051.514609071646,0.0,5.643492109657902,-0.1930900789996398,-1.4210854715202004e-14,132.99788390978247
2025-03-26 00:00:00+00:00,15129.839273576856,0.0,5.319443718573892,-0.23942271428452244,-1.4210854715202004e-14,132.99788390978247
2025-03-27 00:00:00+00:00,14919.97603868186,100.0,5.210500060371401,-0.25499954453882945,-1.4210854715202004e-14,133.89550425093654
2025-03-28 00:00:00+00:00,14684.31995120021,0.0,5.128201935034833,-0.26676658036052614,-1.4210854715202004e-14,133.89550425093654
2025-03-31 00:00:00+00:00,14511.594750716502,0.0,5.0678811499870084,-0.2753912827525652,-1.4210854715202004e-14,133.89550425093654
2025-04-01 00:00:00+00:00,14748.58979324066,0.0,5.150646878308443,-0.26355738877279067,-1.4210854715202004e-14,133.89550425093654
2025-04-02 00:00:00+00:00,14784.741579388414,0.0,5.163272158899848,-0.26175221850468944,-1.4210854715202004e-14,133.89550425093654
2025-04-03 00:00:00+00:00,13630.56233274534,0.0,4.760198385944616,-0.31938395076777215,-1.4210854715202004e-14,133.89550425093654
2025-04-04 00:00:00+00:00,12627.685005905825,0.0,4.409963750279339,-0.3694607111680607,-1.4210854715202004e-14,133.89550425093654
2025-04-07 00:00:00+00:00,13073.557035061443,0.0,4.565675544240003,-0.347196944528146,-1.4210854715202004e-14,133.89550425093654
2025-04-08 00:00:00+00:00,12894.137059365188,0.0,4.503016744267844,-0.3561559377105741,-1.4210854715202004e-14,133.89550425093654
2025-04-09 00:00:00+00:00,15308.273001009575,0.0,5.34610492598279,-0.23561067869626096,-1.4210854715202004e-14,133.89550425093654
2025-04-10 00:00:00+00:00,14403.139392273242,0.0,5.030005308212794,-0.28080679355686866,-1.4210854715202004e-14,133.89550425093654
2025-04-11 00:00:00+00:00,14853.028286556391,0.0,5.187119911128059,-0.25834245244272036,-1.4210854715202004e-14,133.89550425093654
2025-04-14 00:00:00+00:00,14823.571275621183,0.0,5.176832645460988,-0.25981333192043243,-1.4210854715202004e-14,133.89550425093654
2025-04-15 00:00:00+00:00,15023.07557695508,0.0,5.246505490206149,-0.24985146636683708,-1.4210854715202004e-14,133.89550425093654
2025-04-16 00:00:00+00:00,13990.74123918036,0.0,4.885983588873802,-0.3013991062448378,-1.4210854715202004e-14,133.89550425093654
2025-04-17 00:00:00+00:00,13589.054726427548,0.0,4.745702693413744,-0.3214565536681845,-1.4210854715202004e-14,133.89550425093654
2025-04-21 00:00:00+00:00,12975.81331695826,0.0,4.531540526344723,-0.3520775900678269,-1.4210854715202004e-14,133.89550425093654
2025-04-22 00:00:00+00:00,13240.926415375114,0.0,4.624125917348361,-0.33883967476841814,-1.4210854715202004e-14,133.89550425093654
2025-04-23 00:00:00+00:00,13752.407241613691,0.0,4.802750257567501,-0.31329985838269014,-1.4210854715202004e-14,133.89550425093654
2025-04-24 00:00:00+00:00,14250.498517427177,0.0,4.976698567937973,-0.28842862357774024,-1.4210854715202004e-14,133.89550425093654
2025-04-25 00:00:00+00:00,14863.739926896465,0.0,5.190860735006995,-0.2578075871780977,-1.4210854715202004e-14,133.89550425093654
2025-04-28 00:00:00+00:00,14657.533445842233,100.0,5.083924310720341,-0.27309742191101727,-1.4210854715202004e-14,134.8067087817735
2025-04-29 00:00:00+00:00,14696.627391388945,0.0,5.097483935939772,-0.27115865848191956,-1.4210854715202004e-14,134.8067087817735
2025-04-30 00:00:00+00:00,14683.14672051077,0.0,5.092808203105486,-0.2718271975954014,-1.4210854715202004e-14,134.8067087817735
2025-05-01 00:00:00+00:00,15045.776767133739,0.0,5.218585416347808,-0.25384349544273566,-1.4210854715202004e-14,134.8067087817735
2025-05-02 00:00:00+00:00,15435.368155513064,0.0,5.353714095258705,-0.23452271506310562,-1.4210854715202004e-14,134.8067087817735
2025-05-05 00:00:00+00:00,15343.699593541458,0.0,5.321919111985553,-0.23906878103478335,-1.4210854715202004e-14,134.8067087817735
2025-05-06 00:00:00+00:00,15305.953715082564,0.0,5.308827060049549,-0.24094069055253287,-1.4210854715202004e-14,134.8067087817735
2025-05-07 00:00:00+00:00,15780.473329994406,0.0,5.473412855816455,-0.21740811375796631,-1.4210854715202004e-14,134.8067087817735
2025-05-08 00:00:00+00:00,15822.263409716756,0.0,5.487907627602745,-0.2153356425061721,-1.4210854715202004e-14,134.8067087817735
2025-05-09 00:00:00+00:00,15725.20257939388,0.0,5.4542423511958775,-0.2201491241232425,-1.4210854715202004e-14,134.8067087817735
2025-05-12 00:00:00+00:00,16581.22518015814,0.0,5.751151386173107,-0.17769689041713532,-1.4210854715202004e-14,134.8067087817735
2025-05-13 00:00:00+00:00,17515.435672015832,0.0,6.0751796715892015,-0.1313671298528324,-1.4210854715202004e-14,134.8067087817735
2025-05-14 00:00:00+00:00,18244.739966525227,0.0,6.328136817924133,-0.09519916381345594,-1.4210854715202004e-14,134.8067087817735
2025-05-15 00:00:00+00:00,18175.988545046523,0.0,6.304290580469269,-0.0986087132922141,-1.4210854715202004e-14,134.8067087817735
2025-05-16 00:00:00+00:00,18252.82836905213,0.0,6.330942257624704,-0.09479804034536687,-1.4210854715202004e-14,134.8067087817735
2025-05-19 00:00:00+00:00,18275.74550954503,0.0,6.338891003442992,-0.09366152385244753,-1.4210854715202004e-14,134.8067087817735
2025-05-20 00:00:00+00:00,18115.325526094723,0.0,6.283249782714976,-0.1016171393028833,-1.4210854715202004e-14,134.8067087817735
2025-05-21 00:00:00+00:00,17767.52421743775,0.0,6.162615875590371,-0.11886544843071889,-1.4210854715202004e-14,134.8067087817735
2025-05-22 00:00:00+00:00,17906.375127482974,0.0,6.210775923783527,-0.11197949556185427,-1.4210854715202004e-14,134.8067087817735
2025-05-23 00:00:00+00:00,17698.77279595904,0.0,6.138769638135505,-0.12227499790947727,-1.4210854715202004e-14,134.8067087817735
2025-05-27 00:00:00+00:00,18367.26489819201,100.0,6.3359495272125805,-0.09408209790599209,-1.4210854715202004e-14,135.5517704663617
2025-05-28 00:00:00+00:00,18273.73417657022,0.0,6.30368528238766,-0.09869525917864808,-1.4210854715202004e-14,135.5517704663617
2025-05-29 00:00:00+00:00,18867.450931212883,0.0,6.50849309736324,-0.06941171370874577,-1.4210854715202004e-14,135.5517704663617
2025-05-30 00:00:00+00:00,18317.110743119454,0.0,6.318648410422405,-0.09655582206669178,-1.4210854715202004e-14,135.5517704663617
2025-06-02 00:00:00+00:00,18622.10222666877,0.0,6.42385790441671,-0.0815129048732488,-1.4210854715202004e-14,135.5517704663617
2025-06-03 00:00:00+00:00,19142.6210252596,0.0,6.603415440833658,-0.05583965952977277,-1.4210854715202004e-14,135.5517704663617
2025-06-04 00:00:00+00:00,19237.50726458605,0.0,6.636147283409662,-0.05115964084736846,-1.4210854715202004e-14,135.5517704663617
2025-06-05 00:00:00+00:00,18975.892347585974,0.0,6.545900917450104,-0.06406312092885491,-1.4210854715202004e-14,135.5517704663617
2025-06-06 00:00:00+00:00,19210.39691049278,0.0,6.626795328387947,-0.05249678904234112,-1.4210854715202004e-14,135.5517704663617
2025-06-09 00:00:00+00:00,19333.74902161717,0.0,6.669346723736755,-0.046412764755215274,-1.4210854715202004e-14,135.5517704663617
2025-06-10 00:00:00+00:00,19514.03287633743,0.0,6.731537224631167,-0.03752072925864658,-1.4210854715202004e-14,135.5517704663617
2025-06-11 00:00:00+00:00,19362.214893415105,0.0,6.679166276509557,-0.04500875915049385,-1.4210854715202004e-14,135.5612608934755
2025-06-12 00:00:00+00:00,19656.382829553946,0.0,6.780642092654805,-0.03049968547799209,-1.4210854715202004e-14,135.5612608934755
2025-06-13 00:00:00+00:00,19245.632209046715,0.0,6.638950054442777,-0.050758898946969166,-1.4210854715202004e-14,135.5612608934755
2025-06-16 00:00:00+00:00,19614.35883867697,0.0,6.766145547491199,-0.03257241028834934,-1.4210854715202004e-14,135.5612608934755
2025-06-17 00:00:00+00:00,19537.08891996769,0.0,6.739490609609728,-0.036383549455780706,-1.4210854715202004e-14,135.5612608934755
2025-06-18 00:00:00+00:00,19721.452234782813,0.0,6.803088356133938,-0.027290305126470904,-1.4210854715202004e-14,135.5612608934755
2025-06-20 00:00:00+00:00,19500.48737952645,0.0,6.726864586402717,-0.03818882590351125,-1.4210854715202004e-14,135.5612608934755
2025-06-23 00:00:00+00:00,19543.86698301236,0.0,6.741828762055471,-0.036049239002497235,-1.4210854715202004e-14,135.5612608934755
2025-06-24 00:00:00+00:00,20049.510486145027,0.0,6.9162549345079025,-0.01110967918755168,-1.4210854715202004e-14,135.5612608934755
2025-06-25 00:00:00+00:00,20918.458168472203,0.0,7.216006078052159,0.0,-1.4210854715202004e-14,135.5612608934755
2025-06-26 00:00:00+00:00,21014.706663706573,0.0,7.249207842781711,0.0,-1.4210854715202004e-14,135.5612608934755
2025-06-27 00:00:00+00:00,21485.834256123788,100.0,7.377231569054798,0.0,-2.842170943040401e-14,136.20180194056283
2025-06-30 00:00:00+00:00,21518.522688589524,0.0,7.388455249413424,0.0,-2.842170943040401e-14,136.20180194056283
2025-07-01 00:00:00+00:00,20879.736237488283,0.0,7.169125829071953,-0.029685423128046118,-2.842170943040401e-14,136.20180194056283
2025-07-02 00:00:00+00:00,21417.733355153505,0.0,7.353848901640994,-0.004683840749414747,-2.842170943040401e-14,136.20180194056283
2025-07-03 00:00:00+00:00,21702.395121209283,0.0,7.451588451430691,0.0,-2.842170943040401e-14,136.20180194056283
2025-07-07 00:00:00+00:00,21552.573139074662,0.0,7.400146583120324,-0.006903476841973233,-2.842170943040401e-14,136.20180194056283
2025-07-08 00:00:00+00:00,21792.288310490054,0.0,7.48245357241691,0.0,-2.842170943040401e-14,136.20180194056283
2025-07-09 00:00:00+00:00,22184.549500078872,0.0,7.617137736720413,0.0,-2.842170943040401e-14,136.20180194056283
2025-07-10 00:00:00+00:00,22350.715698446358,0.0,7.674191445210092,0.0,-2.842170943040401e-14,136.20180194056283
2025-07-11 00:00:00+00:00,22462.40117603762,0.0,7.712539019768729,0.0,-2.842170943040401e-14,136.20180194056283
2025-07-14 00:00:00+00:00,22346.629644388144,0.0,7.672788485165265,-0.005154014067426549,-2.842170943040401e-14,136.20180194056283
2025-07-15 00:00:00+00:00,23249.647591254074,0.0,7.9828426550722895,0.0,-2.842170943040401e-14,136.20180194056283
2025-07-16 00:00:00+00:00,23340.902798554253,0.0,8.014175429406786,0.0,-2.842170943040401e-14,136.20180194056283
2025-07-17 00:00:00+00:00,23562.91173571737,0.0,8.090402925175782,0.0,-2.842170943040401e-14,136.20180194056283
2025-07-18 00:00:00+00:00,23482.552672572438,0.0,8.062811377627494,-0.003410404624277663,-2.842170943040401e-14,136.20180194056283
2025-07-21 00:00:00+00:00,23342.264816573657,0.0,8.01464308275506,-0.009364161849711228,-2.842170943040401e-14,136.20180194056283
2025-07-22 00:00:00+00:00,22749.78697813221,0.0,7.811213876254976,-0.03450867052023132,-2.842170943040401e-14,136.20180194056283
2025-07-23 00:00:00+00:00,23260.54373540932,0.0,7.986583881858497,-0.012832369942196609,-2.842170943040401e-14,136.20180194056283
2025-07-24 00:00:00+00:00,23663.701069153387,0.0,8.12500927294821,0.0,-2.842170943040401e-14,136.20180194056283
2025-07-25 00:00:00+00:00,23631.01263668765,0.0,8.113785592589585,-0.001381374467595342,-2.842170943040401e-14,136.20180194056283
2025-07-28 00:00:00+00:00,24175.186519178493,100.0,8.266294150041904,0.0,-2.842170943040401e-14,136.7761613532022
2025-07-29 00:00:00+00:00,24005.584079100518,0.0,8.208301478211341,-0.0070155586987270535,-2.842170943040401e-14,136.7761613532022
2025-07-30 00:00:00+00:00,24519.862445788563,0.0,8.384150225052403,0.0,-2.842170943040401e-14,136.7761613532022
2025-07-31 00:00:00+00:00,24328.375819894078,0.0,8.318674627824349,-0.007809449433814897,-2.842170943040401e-14,136.7761613532022
2025-08-01 00:00:00+00:00,23760.754750278287,0.0,8.1245862503269,-0.030958888826909337,-2.842170943040401e-14,136.7761613532022
2025-08-04 00:00:00+00:00,24619.709043576397,0.0,8.418291072178459,0.0,-2.842170943040401e-14,136.7761613532022
2025-08-05 00:00:00+00:00,24381.718522821826,0.0,8.336914258480734,-0.009666666666666601,-2.842170943040401e-14,136.7761613532022
2025-08-06 00:00:00+00:00,24540.37886999154,0.0,8.39116546761255,-0.0032222222222222374,-2.842170943040401e-14,136.7761613532022
2025-08-07 00:00:00+00:00,24725.026687818365,0.0,8.45430265065389,0.0,-2.842170943040401e-14,136.7761613532022
2025-08-08 00:00:00+00:00,24989.00467923004,0.0,8.544565438261134,0.0,-2.842170943040401e-14,136.7761613532022
2025-08-11 00:00:00+00:00,24901.467935963996,0.0,8.514633736671167,-0.0035030103995621342,-2.842170943040401e-14,136.7761613532022
2025-08-12 00:00:00+00:00,25051.921713452517,0.0,8.566078848778924,0.0,-2.842170943040401e-14,136.7761613532022
2025-08-13 00:00:00+00:00,24837.18314012799,0.0,8.492652643316033,-0.00857174055470633,-2.842170943040401e-14,136.7761613532022
2025-08-14 00:00:00+00:00,24895.99688950987,0.0,8.512763005321792,-0.006224066390041583,-2.842170943040401e-14,136.7761613532022
2025-08-15 00:00:00+00:00,24681.258316185336,0.0,8.439336799858902,-0.014795806944748024,-2.842170943040401e-14,136.7761613532022
2025-08-18 00:00:00+00:00,24894.629127896333,0.0,8.512295322484448,-0.00627866346363859,-2.842170943040401e-14,136.7761613532022
2025-08-19 00:00:00+00:00,24023.364980076436,0.0,8.2143813550968,-0.04105699934483531,-2.842170943040401e-14,136.7761613532022
2025-08-20 00:00:00+00:00,23990.53870135167,0.0,8.203156967000563,-0.0423673291111597,-2.842170943040401e-14,136.7761613532022
2025-08-21 00:00:00+00:00,23933.092713583323,0.0,8.183514287832146,-0.044660406202227665,-2.842170943040401e-14,136.7761613532022
2025-08-22 00:00:00+00:00,24344.788959256464,0.0,8.324286821872466,-0.028226687049573984,-2.842170943040401e-14,136.7761613532022
2025-08-25 00:00:00+00:00,24593.72157291929,0.0,8.409405098268936,-0.018290019654946477,-2.842170943040401e-14,136.7761613532022
2025-08-26 00:00:00+00:00,24861.802849171567,0.0,8.501070934388213,-0.007588993229962759,-2.842170943040401e-14,136.7761613532022
2025-08-27 00:00:00+00:00,24938.292216928527,100.0,8.493031873278166,-0.008527469427995094,-2.842170943040401e-14,137.32539767031128
2025-08-28 00:00:00+00:00,24741.91689825998,0.0,8.426153924055766,-0.01633476964119973,-2.842170943040401e-14,137.32539767031128
2025-08-29 00:00:00+00:00,23919.33776621482,0.0,8.146014822068233,-0.049038076128679275,-2.842170943040401e-14,137.32539767031128
2025-09-02 00:00:00+00:00,23452.43141413576,0.0,7.987004313427563,-0.06760088782441065,-2.842170943040401e-14,137.32539767031128
2025-09-03 00:00:00+00:00,23430.45935050851,0.0,7.979521465962119,-0.06847443190420988,-2.842170943040401e-14,137.32539767031128
2025-09-04 00:00:00+00:00,23573.277764085633,0.0,8.0281599744875,-0.06279639538551574,-2.842170943040401e-14,137.32539767031128
2025-09-05 00:00:00+00:00,22936.08791889539,0.0,7.811157397989644,-0.0881291736996902,-2.842170943040401e-14,137.32539767031128
2025-09-08 00:00:00+00:00,23113.237681890092,0.0,7.87148785567978,-0.08108622455630987,-2.842170943040401e-14,137.32539767031128
2025-09-09 00:00:00+00:00,23449.684906182352,0.0,7.98606895749438,-0.06771008083438579,-2.842170943040401e-14,137.32539767031128
2025-09-10 00:00:00+00:00,24351.9127688763,0.0,8.293333381544148,-0.03184017705763409,-2.842170943040401e-14,137.32539767031128
2025-09-11 00:00:00+00:00,24331.31395922575,0.0,8.286318212045295,-0.0326591246324458,-2.842170943040401e-14,137.33314872284106
2025-09-12 00:00:00+00:00,24420.580505895596,0.0,8.316718995687161,-0.029110151505003734,-2.842170943040401e-14,137.33314872284106
2025-09-15 00:00:00+00:00,24410.967185485,0.0,8.313445065141114,-0.029492348611036,-2.842170943040401e-14,137.33314872284106
2025-09-16 00:00:00+00:00,24016.821048650443,0.0,8.17921391275318,-0.045162429958357175,-2.842170943040401e-14,137.33314872284106
2025-09-17 00:00:00+00:00,23386.461896012603,0.0,7.964537609805233,-0.07022364019675575,-2.842170943040401e-14,137.33314872284106
2025-09-18 00:00:00+00:00,24203.59413091351,0.0,8.24282170621924,-0.037736886184016716,-2.842170943040401e-14,137.33314872284106
2025-09-19 00:00:00+00:00,24262.64738486433,0.0,8.262932993859245,-0.03538910396124728,-2.842170943040401e-14,137.33314872284106
2025-09-22 00:00:00+00:00,25215.739437000848,0.0,8.587519822281633,0.0,-2.842170943040401e-14,137.33314872284106
2025-09-23 00:00:00+00:00,24504.35372661653,0.0,8.345248961874145,-0.028211971025543403,-2.842170943040401e-14,137.33314872284106
2025-09-24 00:00:00+00:00,24303.84732948118,0.0,8.276964124770876,-0.03616360764664239,-2.842170943040401e-14,137.33314872284106
2025-09-25 00:00:00+00:00,24402.727196561627,0.0,8.31063883895879,-0.03224225260062097,-2.842170943040401e-14,137.33314872284106
2025-09-26 00:00:00+00:00,24471.39377092305,0.0,8.33402405714484,-0.029519089374217322,-2.842170943040401e-14,137.33314872284106
2025-09-29 00:00:00+00:00,25074.7725273893,100.0,8.505455676672376,-0.009556210327029357,-2.842170943040401e-14,137.88711865487656
2025-09-30 00:00:00+00:00,25726.97859862687,0.0,8.726686390726048,0.0,-2.842170943040401e-14,137.88711865487656
2025-10-01 00:00:00+00:00,25817.98409693909,0.0,8.757555792687027,0.0,-2.842170943040401e-14,137.88711865487656
2025-10-02 00:00:00+00:00,26045.497842719633,0.0,8.83472929758947,0.0,-2.842170943040401e-14,137.88711865487656
2025-10-03 00:00:00+00:00,25870.38120202794,0.0,8.775329084725165,-0.006723489861824361,-2.842170943040401e-14,137.88711865487656
2025-10-06 00:00:00+00:00,25583.575995225794,0.0,8.678043696726931,-0.017735189793001482,-2.842170943040401e-14,137.88711865487656
2025-10-07 00:00:00+00:00,25514.63243589836,0.0,8.654657786150434,-0.020382233045688092,-2.842170943040401e-14,137.88711865487656
2025-10-08 00:00:00+00:00,26075.83300882371,0.0,8.84501909824313,0.0,-2.842170943040401e-14,137.88711865487656
2025-10-09 00:00:00+00:00,26552.922439369577,0.0,9.006849599432496,0.0,-2.842170943040401e-14,137.88711865487656
2025-10-10 00:00:00+00:00,25255.40465282719,0.0,8.566726762382801,-0.048865347665783765,-2.842170943040401e-14,137.88711865487656
2025-10-13 00:00:00+00:00,25966.902185086354,0.0,8.808069359532261,-0.02206989666095449,-2.842170943040401e-14,137.88711865487656
2025-10-14 00:00:00+00:00,24823.817971437427,0.0,8.420330962173923,-0.06511917744196905,-2.842170943040401e-14,137.88711865487656
2025-10-15 00:00:00+00:00,24796.240547706453,0.0,8.410976597943323,-0.06615776081424929,-2.842170943040401e-14,137.88711865487656
2025-10-16 00:00:00+00:00,25069.25704264311,0.0,8.503584803826255,-0.05587578542867533,-2.842170943040401e-14,137.88711865487656
2025-10-17 00:00:00+00:00,25263.677879946485,0.0,8.56953307165198,-0.04855377265409977,-2.842170943040401e-14,137.88711865487656
2025-10-20 00:00:00+00:00,25183.703351126653,0.0,8.542405415383241,-0.05156566443371258,-2.842170943040401e-14,137.88711865487656
2025-10-21 00:00:00+00:00,24979.630415517437,0.0,8.473183120076806,-0.059251181388586205,-2.842170943040401e-14,137.88711865487656
2025-10-22 00:00:00+00:00,24858.289751101147,0.0,8.43202391746217,-0.0638209482266191,-2.842170943040401e-14,137.88711865487656
2025-10-23 00:00:00+00:00,25117.517534172315,0.0,8.519954941229802,-0.05405826452718521,-2.842170943040401e-14,137.88711865487656
2025-10-24 00:00:00+00:00,25682.854720657306,0.0,8.711719407957085,-0.03276730539544104,-2.842170943040401e-14,137.88711865487656
2025-10-27 00:00:00+00:00,26504.743496887124,100.0,8.956586753533331,-0.005580513512996932,-2.842170943040401e-14,138.41319910641351
2025-10-28 00:00:00+00:00,27825.20541636231,0.0,9.402802418208813,0.0,-2.842170943040401e-14,138.41319910641351
2025-10-29 00:00:00+00:00,28657.068742991854,0.0,9.68390893232827,0.0,-2.842170943040401e-14,138.41319910641351
2025-10-30 00:00:00+00:00,28082.653966700236,0.0,9.489800440881387,-0.020044435857805465,-2.842170943040401e-14,138.41319910641351
2025-10-31 00:00:00+00:00,28027.288687057673,0.0,9.471091188693736,-0.021976429675425235,-2.842170943040401e-14,138.41319910641351
2025-11-03 00:00:00+00:00,28634.92263113483,0.0,9.676425231453207,-0.0007727975270481746,-2.842170943040401e-14,138.41319910641351
2025-11-04 00:00:00+00:00,27501.3185304533,0.0,9.293353292911048,-0.04033037094281333,-2.842170943040401e-14,138.41319910641351
2025-11-05 00:00:00+00:00,27019.640597562982,0.0,9.130582798878482,-0.05713871715610541,-2.842170943040401e-14,138.41319910641351
2025-11-06 00:00:00+00:00,26032.754487934257,0.0,8.7970903786336,-0.09157650695517805,-2.842170943040401e-14,138.41319910641351
2025-11-07 00:00:00+00:00,26042.443411871704,0.0,8.80036449776644,-0.09123840803709449,-2.842170943040401e-14,138.41319910641351
2025-11-10 00:00:00+00:00,27551.147282131613,0.0,9.310191619879935,-0.03859157650695533,-2.842170943040401e-14,138.41319910641351
2025-11-11 00:00:00+00:00,26735.893539394834,0.0,9.03469788141677,-0.06704018547140678,-2.842170943040401e-14,138.41319910641351
2025-11-12 00:00:00+00:00,26824.47798682294,0.0,9.064632684917013,-0.06394899536321497,-2.842170943040401e-14,138.41319910641351
2025-11-13 00:00:00+00:00,25863.89038502443,0.0,8.740027159461265,-0.09746908809891819,-2.842170943040401e-14,138.41319910641351
2025-11-14 00:00:00+00:00,26322.038074066655,0.0,8.894846221314076,-0.08148183925811481,-2.842170943040401e-14,138.41319910641351
2025-11-17 00:00:00+00:00,25827.902953256762,0.0,8.72786614553929,-0.09872488408037128,-2.842170943040401e-14,138.41319910641351
2025-11-18 00:00:00+00:00,25102.61778993916,0.0,8.482774941881061,-0.12403400309119017,-2.842170943040401e-14,138.41319910641351
2025-11-19 00:00:00+00:00,25816.82989732825,0.0,8.724124295101761,-0.09911128284389503,-2.842170943040401e-14,138.41319910641351
2025-11-20 00:00:00+00:00,25002.960286582536,0.0,8.449098287943288,-0.12751159196290596,-2.842170943040401e-14,138.41319910641351
2025-11-21 00:00:00+00:00,24759.35305615525,0.0,8.366777578317624,-0.13601236476043288,-2.842170943040401e-14,138.41319910641351
2025-11-24 00:00:00+00:00,25267.329496875787,0.0,8.538434967139324,-0.11828632148377127,-2.842170943040401e-14,138.41319910641351
2025-11-25 00:00:00+00:00,24612.63506510245,0.0,8.317198060020347,-0.1411321483771254,-2.842170943040401e-14,138.41319910641351
2025-11-26 00:00:00+00:00,24950.3632709221,0.0,8.431324498365019,-0.1293469860896448,-2.842170943040401e-14,138.41319910641351
2025-11-28 00:00:00+00:00,24597.963985663962,100.0,8.278447959638022,-0.14513364205629076,-2.842170943040401e-14,138.9715479416043
2025-12-01 00:00:00+00:00,25003.760905653446,0.0,8.415018965525835,-0.13103076202693698,-2.842170943040401e-14,138.9715479416043
2025-12-02 00:00:00+00:00,25217.77708948352,0.0,8.48704613986393,-0.12359294173748314,-2.842170943040401e-14,138.9715479416043
2025-12-03 00:00:00+00:00,24957.900294832718,0.0,8.399584571024816,-0.1326245806603913,-2.842170943040401e-14,138.9715479416043
2025-12-04 00:00:00+00:00,25485.992177010816,0.0,8.577313962248684,-0.1142715176084923,-2.842170943040401e-14,138.9791262788244
2025-12-05 00:00:00+00:00,25351.182424520357,0.0,8.53194372261851,-0.11895663391299527,-2.842170943040401e-14,138.9791262788244
2025-12-08 00:00:00+00:00,25787.576881035868,0.0,8.678812333380105,-0.10379038113347006,-2.842170943040401e-14,138.9791262788244
2025-12-09 00:00:00+00:00,25706.96898779415,0.0,8.651683736487836,-0.10659179088255422,-2.842170943040401e-14,138.9791262788244
2025-12-10 00:00:00+00:00,25541.583827522347,0.0,8.596023339415767,-0.11233951088498584,-2.842170943040401e-14,138.9791262788244
2025-12-11 00:00:00+00:00,25145.493317627697,0.0,8.46271902710031,-0.1261050587899688,-2.842170943040401e-14,138.9791262788244
2025-12-12 00:00:00+00:00,24324.126681319845,0.0,8.186287979456676,-0.15465045812977574,-2.842170943040401e-14,138.9791262788244
2025-12-15 00:00:00+00:00,24500.630171693952,0.0,8.245690251962161,-0.14851633678264287,-2.842170943040401e-14,138.9791262788244
2025-12-16 00:00:00+00:00,24699.370322272673,0.0,8.312576275334479,-0.1416094127461075,-2.842170943040401e-14,138.9791262788244
2025-12-17 00:00:00+00:00,23757.09184610224,0.0,7.99545233235244,-0.17435692670954106,-2.842170943040401e-14,138.9791262788244
2025-12-18 00:00:00+00:00,24201.82505019448,0.0,8.145127349689094,-0.15890087292149002,-2.842170943040401e-14,138.9791262788244
2025-12-19 00:00:00+00:00,25153.832065204428,0.0,8.465525433675372,-0.12581525778144276,-2.842170943040401e-14,138.9791262788244
2025-12-22 00:00:00+00:00,25529.07570615725,0.0,8.591813729553174,-0.11277421239777474,-2.842170943040401e-14,138.9791262788244
2025-12-23 00:00:00+00:00,26296.240483216367,0.0,8.850003134458905,-0.08611251961338628,-2.842170943040401e-14,138.9791262788244
2025-12-24 00:00:00+00:00,26212.85300744907,0.0,8.821939068708282,-0.08901052969864598,-2.842170943040401e-14,138.9791262788244
2025-12-26 00:00:00+00:00,26479.692929904413,0.0,8.911744079110274,-0.07973689742581536,-2.842170943040401e-14,138.9791262788244
2025-12-29 00:00:00+00:00,26258.87273310869,100.0,8.803772000399933,-0.09088653539379465,-2.842170943040401e-14,139.51159671187276
2025-12-30 00:00:00+00:00,26164.004847344615,0.0,8.771965789793876,-0.09417097464537372,-2.842170943040401e-14,139.51159671187276
2025-12-31 00:00:00+00:00,26018.912786764267,0.0,8.72332099710226,-0.09919423467720068,-2.842170943040401e-14,139.51159671187276
2026-01-02 00:00:00+00:00,26346.765039037167,0.0,8.83323951904966,-0.08784359902836114,-2.842170943040401e-14,139.51159671187276
2026-01-05 00:00:00+00:00,26244.921573437503,0.0,8.799094616487277,-0.09136954116608564,-2.842170943040401e-14,139.51159671187276
2026-01-06 00:00:00+00:00,26122.151368331055,0.0,8.75793363805591,-0.09561999196224691,-2.842170943040401e-14,139.51159671187276
2026-01-07 00:00:00+00:00,26383.03805418226,0.0,8.845400717222567,-0.08658778402040412,-2.842170943040401e-14,139.51159671187276
2026-01-08 00:00:00+00:00,25815.225855564935,0.0,8.655031191977493,-0.10624611895264979,-2.842170943040401e-14,139.51159671187276
2026-01-09 00:00:00+00:00,25790.1137681568,0.0,8.646611900934714,-0.10711552934277369,-2.842170943040401e-14,139.51159671187276
2026-01-12 00:00:00+00:00,25801.274695893746,0.0,8.650353808064837,-0.1067291247249409,-2.842170943040401e-14,139.51159671187276
2026-01-13 00:00:00+00:00,25922.649785033078,0.0,8.69104704810494,-0.10252697450600867,-2.842170943040401e-14,139.51159671187276
2026-01-14 00:00:00+00:00,25550.153821812375,0.0,8.56616089763704,-0.11542322862617971,-2.842170943040401e-14,139.51159671187276
2026-01-15 00:00:00+00:00,26095.6441649558,0.0,8.749046608621866,-0.09653770292959984,-2.842170943040401e-14,139.51159671187276
2026-01-16 00:00:00+00:00,25981.244655652063,0.0,8.710692060538092,-0.1004983502623864,-2.842170943040401e-14,139.51159671187276
2026-01-20 00:00:00+00:00,24842.83002648318,0.0,8.329017533265414,-0.1399116212813356,-2.842170943040401e-14,139.51159671187276
2026-01-21 00:00:00+00:00,25575.265909220514,0.0,8.574580188679821,-0.1145538182360557,-2.842170943040401e-14,139.51159671187276
2026-01-22 00:00:00+00:00,25787.32353622256,0.0,8.645676424152182,-0.107212130497232,-2.842170943040401e-14,139.51159671187276
2026-01-23 00:00:00+00:00,26182.14135491716,0.0,8.778046388880329,-0.09354306714139538,-2.842170943040401e-14,139.51159671187276
2026-01-26 00:00:00+00:00,26014.727438862912,0.0,8.721917781928465,-0.09933913640888792,-2.842170943040401e-14,139.51159671187276
2026-01-27 00:00:00+00:00,26401.359510085535,100.0,8.818016476975059,-0.08941559254678244,-4.263256414560601e-14,140.04540372419655
2026-01-28 00:00:00+00:00,26821.495721258125,0.0,8.958341373171352,-0.07492507046764141,-4.263256414560601e-14,140.04540372419655
2026-01-29 00:00:00+00:00,26960.140670945075,0.0,9.004648588916128,-0.07014319818152503,-4.263256414560601e-14,140.04540372419655
2026-01-30 00:00:00+00:00,26766.878013805686,0.0,8.940099136665834,-0.07680883833792973,-4.263256414560601e-14,140.04540372419655
2026-02-02 00:00:00+00:00,25993.82738524812,0.0,8.681901327664654,-0.10347139896354918,-4.263256414560601e-14,140.04540372419655
2026-02-03 00:00:00+00:00,25255.788107621607,0.0,8.435397260013167,-0.12892641608257338,-4.263256414560601e-14,140.04540372419655
2026-02-04 00:00:00+00:00,24394.508874717798,0.0,8.147731222810766,-0.15863198634481235,-4.263256414560601e-14,140.04540372419655
2026-02-05 00:00:00+00:00,24071.0039921149,0.0,8.039681052739619,-0.16978968834575103,-4.263256414560601e-14,140.04540372419655
2026-02-06 00:00:00+00:00,25965.818304503282,0.0,8.672546334584903,-0.10443743376882508,-4.263256414560601e-14,140.04540372419655
2026-02-09 00:00:00+00:00,26614.22852374631,0.0,8.889114424381182,-0.08207372802668422,-4.263256414560601e-14,140.04540372419655
2026-02-10 00:00:00+00:00,26404.160418160016,0.0,8.818951976283035,-0.08931898906625468,-4.263256414560601e-14,140.04540372419655
2026-02-11 00:00:00+00:00,26615.628977783555,0.0,8.889582174035171,-0.08202542628642029,-4.263256414560601e-14,140.04540372419655
2026-02-12 00:00:00+00:00,26180.087772201303,0.0,8.744112031645013,-0.09704726750846315,-4.263256414560601e-14,140.04540372419655
2026-02-13 00:00:00+00:00,25601.70025482037,0.0,8.550931424548116,-0.11699588623741386,-4.263256414560601e-14,140.04540372419655
2026-02-17 00:00:00+00:00,25904.198326864636,0.0,8.651965349809448,-0.1065627103404323,-4.263256414560601e-14,140.04540372419655
2026-02-18 00:00:00+00:00,26325.734992074464,0.0,8.792757995659727,-0.09202388652102766,-4.263256414560601e-14,140.04540372419655
2026-02-19 00:00:00+00:00,26314.53135977653,0.0,8.789015998427827,-0.09241030044313803,-4.263256414560601e-14,140.04540372419655
2026-02-20 00:00:00+00:00,26583.418534926986,0.0,8.878823931993454,-0.08313636631248789,-4.263256414560601e-14,140.04540372419655
2026-02-23 00:00:00+00:00,26825.69708336985,0.0,8.959744622133318,-0.07478016524684972,-4.263256414560601e-14,140.04540372419655
2026-02-24 00:00:00+00:00,27007.756108211302,0.0,9.02055207715171,-0.0685009390125556,-4.263256414560601e-14,140.04540372419655
2026-02-25 00:00:00+00:00,27387.279152303876,0.0,9.147312233382362,-0.055411167401064776,-4.263256414560601e-14,140.04540372419655
2026-02-26 00:00:00+00:00,25892.994694566696,0.0,8.648223352577546,-0.10694912426254288,-4.263256414560601e-14,140.04540372419655
2026-02-27 00:00:00+00:00,24912.356230318168,100.0,8.287291644505604,-0.14422040702595518,-4.263256414560601e-14,140.5968521379207
2026-03-02 00:00:00+00:00,25656.11357812777,0.0,8.53470838811097,-0.11867114325919237,-4.263256414560601e-14,140.5968521379207
2026-03-03 00:00:00+00:00,25314.463227432625,0.0,8.421055706265784,-0.13040738351500192,-4.263256414560601e-14,140.5968521379207
2026-03-04 00:00:00+00:00,25734.847815325003,0.0,8.560899952651424,-0.11596649529900582,-4.263256414560601e-14,140.5968521379207
2026-03-05 00:00:00+00:00,25777.026870966383,0.0,8.574931147940953,-0.11451757674890584,-4.263256414560601e-14,140.5968521379207
2026-03-06 00:00:00+00:00,25000.93224716506,0.0,8.316757154613615,-0.14117767807074533,-4.263256414560601e-14,140.5968521379207
2026-03-09 00:00:00+00:00,25680.015042991217,0.0,8.542659398775035,-0.11785008941413588,-4.263256414560601e-14,140.5968521379207
2026-03-10 00:00:00+00:00,25978.08036952361,0.0,8.641813178821042,-0.10761106499342932,-4.263256414560601e-14,140.5968521379207
2026-03-11 00:00:00+00:00,26156.63837173877,0.0,8.701211905546717,-0.10147730979800595,-4.263256414560601e-14,140.60440988947357
2026-03-12 00:00:00+00:00,25750.29162715819,0.0,8.566037458376744,-0.11543597546850948,-4.263256414560601e-14,140.60440988947357
2026-03-13 00:00:00+00:00,25343.944882577613,0.0,8.430863011206773,-0.1293946411390129,-4.263256414560601e-14,140.60440988947357
2026-03-16 00:00:00+00:00,25761.539979949346,0.0,8.569779311585602,-0.11504957641880686,-4.263256414560601e-14,140.60440988947357
2026-03-17 00:00:00+00:00,25580.16029119193,0.0,8.509441928592778,-0.12128026109525991,-4.263256414560601e-14,140.60440988947357
2026-03-18 00:00:00+00:00,25365.035544061033,0.0,8.43787898597338,-0.12867014292082057,-4.263256414560601e-14,140.60440988947357
2026-03-19 00:00:00+00:00,25106.323429864402,0.0,8.35181636216966,-0.13755732106397855,-4.263256414560601e-14,140.60440988947357
2026-03-20 00:00:00+00:00,24282.381587912085,0.0,8.077725614620856,-0.1658610514546882,-4.263256414560601e-14,140.60440988947357
2026-03-23 00:00:00+00:00,24695.758552987136,0.0,8.215238720046365,-0.15166088637812059,-4.263256414560601e-14,140.60440988947357
2026-03-24 00:00:00+00:00,24633.89261263577,0.0,8.19465852739765,-0.1537860811514845,-4.263256414560601e-14,140.60440988947357
2026-03-25 00:00:00+00:00,25123.19595905114,0.0,8.357429141982946,-0.13697772248942486,-4.263256414560601e-14,140.60440988947357
2026-03-26 00:00:00+00:00,24077.099149473455,0.0,8.00943679355921,-0.17291283411175906,-4.263256414560601e-14,140.60440988947357
2026-03-27 00:00:00+00:00,23652.542675189947,100.0,7.834938948144228,-0.19093219454093946,-4.263256414560601e-14,141.19235121292948
2026-03-30 00:00:00+00:00,23320.74064983956,0.0,7.725029047665843,-0.20228193990166532,-4.263256414560601e-14,141.19235121292948
2026-03-31 00:00:00+00:00,24623.946051534902,0.0,8.156717720608604,-0.15770400386783567,-4.263256414560601e-14,141.19235121292948
2026-04-01 00:00:00+00:00,24814.555725672355,0.0,8.219857450670654,-0.1511839373840146,-4.263256414560601e-14,141.19235121292948
2026-04-02 00:00:00+00:00,25046.11118166156,0.0,8.296560530153442,-0.14326326402589085,-4.263256414560601e-14,141.19235121292948
2026-04-06 00:00:00+00:00,25081.40926946479,0.0,8.308253072757527,-0.14205584430666462,-4.263256414560601e-14,141.19235121292948
2026-04-07 00:00:00+00:00,25146.35775102274,0.0,8.32976735114904,-0.1398341920232884,-4.263256414560601e-14,141.19235121292948
2026-04-08 00:00:00+00:00,25708.3033088502,0.0,8.51591262940605,-0.12061207009320807,-4.263256414560601e-14,141.19235121292948
2026-04-09 00:00:00+00:00,25966.68531156986,0.0,8.601502041267938,-0.11177375774847276,-4.263256414560601e-14,141.19235121292948
2026-04-10 00:00:00+00:00,26633.113209294886,0.0,8.822257245633034,-0.08897767344948293,-4.263256414560601e-14,141.19235121292948
2026-04-13 00:00:00+00:00,26729.12400811968,0.0,8.854060961516142,-0.08569349181318775,-4.263256414560601e-14,141.19235121292948
2026-04-14 00:00:00+00:00,27745.70893685277,0.0,9.190806188513744,-0.0509198038994747,-4.263256414560601e-14,141.19235121292948
2026-04-15 00:00:00+00:00,28078.922885715285,0.0,9.30118379069629,-0.0395217617499799,-4.263256414560601e-14,141.19235121292948
2026-04-16 00:00:00+00:00,28005.502863084563,0.0,9.276863302079798,-0.04203319476597012,-4.263256414560601e-14,141.19235121292948
2026-04-17 00:00:00+00:00,28475.67339262362,0.0,9.43260796956619,-0.0259503641058777,-4.263256414560601e-14,141.19235121292948
2026-04-20 00:00:00+00:00,28529.32648608453,0.0,9.450380634324395,-0.02411508613265423,-4.263256414560601e-14,141.19235121292948
2026-04-21 00:00:00+00:00,28221.527160440342,0.0,9.348421662816786,-0.034643786084306294,-4.263256414560601e-14,141.19235121292948
2026-04-22 00:00:00+00:00,28591.45112061822,0.0,9.470959509307582,-0.021990027426816217,-4.263256414560601e-14,141.19235121292948
2026-04-23 00:00:00+00:00,28187.64099614924,0.0,9.337196821916866,-0.03580290901476346,-4.263256414560601e-14,141.19235121292948
2026-04-24 00:00:00+00:00,29406.130987116823,0.0,9.740823392609826,0.0,-4.263256414560601e-14,141.19235121292948
2026-04-27 00:00:00+00:00,30686.945843815683,100.0,10.131970020621266,0.0,-4.263256414560601e-14,141.6691096616762
2026-04-28 00:00:00+00:00,30199.604106579514,0.0,9.971063428723674,-0.015881076589261856,-4.263256414560601e-14,141.6691096616762
2026-04-29 00:00:00+00:00,29644.261196705746,0.0,9.787704754235723,-0.03397811735376943,-4.263256414560601e-14,141.6691096616762
2026-04-30 00:00:00+00:00,28272.90421518072,0.0,9.334921088663432,-0.07866672822122711,-4.263256414560601e-14,141.6691096616762
2026-05-01 00:00:00+00:00,28114.234812359642,0.0,9.282532895952588,-0.08383731129680072,-4.263256414560601e-14,141.6691096616762
2026-05-04 00:00:00+00:00,28118.48488564949,0.0,9.283936151114485,-0.08369881353584796,-4.263256414560601e-14,141.6691096616762
2026-05-05 00:00:00+00:00,27837.980048519374,0.0,9.191321310429245,-0.09283966575873681,-4.263256414560601e-14,141.6691096616762
2026-05-06 00:00:00+00:00,29443.091060986168,0.0,9.721284009905904,-0.040533678038871535,-4.263256414560601e-14,141.6691096616762
2026-05-07 00:00:00+00:00,29963.016693444515,0.0,9.892948891378042,-0.023590785282304627,-4.263256414560601e-14,141.6691096616762
2026-05-08 00:00:00+00:00,30487.192399192718,0.0,10.06601702801208,-0.006509394764784515,-4.263256414560601e-14,141.6691096616762
2026-05-11 00:00:00+00:00,31087.869424158227,0.0,10.264343757560274,0.0,-4.263256414560601e-14,141.6691096616762
2026-05-12 00:00:00+00:00,31277.706031104874,0.0,10.327022488125033,0.0,-4.263256414560601e-14,141.6691096616762
2026-05-13 00:00:00+00:00,31993.13503489634,0.0,10.563237107044461,0.0,-4.263256414560601e-14,141.6691096616762
2026-05-14 00:00:00+00:00,33397.07591164355,0.0,11.0267790621913,0.0,-4.263256414560601e-14,141.6691096616762
2026-05-15 00:00:00+00:00,31920.88378896888,0.0,10.5393817692922,-0.04420123865275327,-4.263256414560601e-14,141.6691096616762
2026-05-18 00:00:00+00:00,31495.876459983854,0.0,10.399056253102442,-0.05692712310172232,-4.263256414560601e-14,141.6691096616762
2026-05-19 00:00:00+00:00,31253.622282462387,0.0,10.319070708874278,-0.06418087723763488,-4.263256414560601e-14,141.6691096616762
2026-05-20 00:00:00+00:00,31658.795936094783,0.0,10.452847700975182,-0.052048867396284226,-4.263256414560601e-14,141.6691096616762
2026-05-21 00:00:00+00:00,31097.786261834543,0.0,10.267618019604699,-0.06884703486892363,-4.263256414560601e-14,141.6691096616762
2026-05-22 00:00:00+00:00,30505.60938344874,0.0,10.072097800380302,-0.0865784338678206,-4.263256414560601e-14,141.6691096616762
2026-05-26 00:00:00+00:00,30439.02490190775,0.0,10.050113469510572,-0.0885721557648258,-4.263256414560601e-14,141.6691096616762
2026-05-27 00:00:00+00:00,30218.093211514653,100.0,9.944150814175634,-0.0981817303048893,-4.263256414560601e-14,142.13590409931635
2026-05-28 00:00:00+00:00,30452.617453278526,0.0,10.021327901867966,-0.09118267035664407,-4.263256414560601e-14,142.13590409931635
2026-05-29 00:00:00+00:00,30010.574791529652,0.0,9.875860785066056,-0.10437483789545776,-4.263256414560601e-14,142.13590409931635
2026-06-01 00:00:00+00:00,31889.611443722617,0.0,10.49421296645553,-0.04829752121921416,-4.263256414560601e-14,142.13590409931635
2026-06-02 00:00:00+00:00,31670.722151409667,0.0,10.422181017942686,-0.05482997717090976,-4.263256414560601e-14,142.13590409931635
2026-06-03 00:00:00+00:00,30523.685405328186,0.0,10.044714898138372,-0.08906174309959991,-4.263256414560601e-14,142.13590409931635
2026-06-04 00:00:00+00:00,31114.970766381346,0.0,10.239294707108131,-0.07141562832099368,-4.263256414560601e-14,142.29841199296325
2026-06-05 00:00:00+00:00,29185.404299756763,0.0,9.60431420665818,-0.12900093921446898,-4.263256414560601e-14,142.29841199296325
2026-06-08 00:00:00+00:00,29689.14067821185,0.0,9.770083452350866,-0.11396760583962384,-4.263256414560601e-14,142.29841199296325
2026-06-09 00:00:00+00:00,29625.106392815018,0.0,9.74901109061027,-0.11587862279405325,-4.263256414560601e-14,142.29841199296325
2026-06-10 00:00:00+00:00,28519.447731629694,0.0,9.385161644555984,-0.1488755155405359,-4.263256414560601e-14,142.29841199296325
2026-06-11 00:00:00+00:00,29152.675664998384,0.0,9.593543888435208,-0.1299776812133998,-4.263256414560601e-14,142.29841199296325
2026-06-12 00:00:00+00:00,29198.21115683613,0.0,9.608528679006298,-0.1286187358235833,-4.263256414560601e-14,142.29841199296325
2026-06-15 00:00:00+00:00,30231.29762790504,0.0,9.94849611508791,-0.09778766229212077,-4.263256414560601e-14,142.29841199296325
2026-06-16 00:00:00+00:00,29514.113631460506,0.0,9.712485663593238,-0.11919105218173098,-4.263256414560601e-14,142.29841199296325
2026-06-17 00:00:00+00:00,29121.37001435993,0.0,9.583241844917586,-0.1309119561688985,-4.263256414560601e-14,142.29841199296325
2026-06-18 00:00:00+00:00,29980.852422797427,0.0,9.866079766946914,-0.10526186193611153,-4.263256414560601e-14,142.29841199296325
2026-06-22 00:00:00+00:00,29690.563662331784,0.0,9.770551727056214,-0.11392513879619193,-4.263256414560601e-14,142.29841199296325
2026-06-23 00:00:00+00:00,28465.374335072367,0.0,9.367367205752814,-0.15048926319094302,-4.263256414560601e-14,142.29841199296325
2026-06-24 00:00:00+00:00,28317.38398659969,0.0,9.318666636396772,-0.15490583570784655,-4.263256414560601e-14,142.29841199296325
2026-06-25 00:00:00+00:00,27853.49116350263,0.0,9.16600908245379,-0.1687500918666024,-4.263256414560601e-14,142.29841199296325
2026-06-26 00:00:00+00:00,27396.713261005214,0.0,9.01569290203754,-0.18238201280819966,-4.263256414560601e-14,142.29841199296325
2026-06-29 00:00:00+00:00,27844.44888883092,100.0,9.130125520348585,-0.17200431160772733,-5.684341886080802e-14,142.81401697097462
2026-06-30 00:00:00+00:00,28575.656655722312,0.0,9.369886728043024,-0.1502607719628155,-5.684341886080802e-14,142.81401697097462
2026-07-01 00:00:00+00:00,28217.193473125168,0.0,9.252347542239695,-0.16092020253092665,-5.684341886080802e-14,142.81401697097462
2026-07-02 00:00:00+00:00,27824.454926454986,0.0,9.12356954982569,-0.1725988615198928,-5.684341886080802e-14,142.81401697097462
2026-07-06 00:00:00+00:00,27927.28101867409,0.0,9.157285969657723,-0.1695411762573269,-5.684341886080802e-14,142.81401697097462
2026-07-07 00:00:00+00:00,28124.364362094035,0.0,9.221909107669115,-0.1636806128374093,-5.684341886080802e-14,142.81401697097462
2026-07-08 00:00:00+00:00,29151.19714411534,0.0,9.558605022380641,-0.13314622806262122,-5.684341886080802e-14,142.81401697097462
2026-07-09 00:00:00+00:00,28959.826361374235,0.0,9.495855018804363,-0.1388369200790629,-5.684341886080802e-14,142.81401697097462
2026-07-10 00:00:00+00:00,30128.04502019681,0.0,9.87891101078493,-0.10409821806824693,-5.684341886080802e-14,142.81401697097462
2026-07-13 00:00:00+00:00,29066.936874102466,0.0,9.530976289462727,-0.13565183126389035,-5.684341886080802e-14,142.81401697097462
2026-07-14 00:00:00+00:00,30248.008794452428,0.0,9.9182468339223,-0.10053091859525365,-5.684341886080802e-14,142.81401697097462
2026-07-15 00:00:00+00:00,30347.978606332108,0.0,9.951026686536775,-0.09755816903442582,-5.684341886080802e-14,142.81401697097462
2026-07-16 00:00:00+00:00,29619.627119780136,0.0,9.712202046059891,-0.11921677297759958,-5.684341886080802e-14,142.81401697097462
2026-07-17 00:00:00+00:00,28964.110781883363,0.0,9.497259869630696,-0.13870951652645613,-5.684341886080802e-14,142.81401697097462
2026-07-20 00:00:00+00:00,29031.23336985972,0.0,9.519269199243272,-0.1367135275356145,-5.684341886080802e-14,142.81401697097462
2026-07-21 00:00:00+00:00,29603.91757791333,0.0,9.707050926363332,-0.11968391933715827,-5.684341886080802e-14,142.81401697097462
2026-07-22 00:00:00+00:00,30285.140438864877,0.0,9.930422207750533,-0.09942675447266047,-5.684341886080802e-14,142.81401697097462
2026-07-23 00:00:00+00:00,29813.85418286066,0.0,9.775888616853727,-0.11344114525941984,-5.684341886080802e-14,142.81401697097462
2026-07-24 00:00:00+00:00,29539.65127027639,0.0,9.685978163968313,-0.12159497262626173,-5.684341886080802e-14,142.81401697097462
2026-07-27 00:00:00+00:00,28158.720512479642,100.0,9.200384652686685,-0.1656326293656295,-5.684341886080802e-14,143.294084334027
2026-07-28 00:00:00+00:00,28230.367554646655,0.0,9.223794109336948,-0.1635096652146083,-5.684341886080802e-14,143.294084334027
2026-07-29 00:00:00+00:00,27227.308964308468,0.0,8.896061716233255,-0.19323116332890578,-5.684341886080802e-14,143.294084334027
2026-07-30 00:00:00+00:00,27948.078208508625,0.0,9.13156085013491,-0.17187414396963185,-5.684341886080802e-14,143.294084334027
2026-07-31 00:00:00+00:00,28766.28743005592,0.0,9.398896845080923,-0.14762989336496923,-5.684341886080802e-14,143.294084334027
2026-08-03 00:00:00+00:00,29610.289586783336,0.0,9.674660244421029,-0.12262137566593923,-5.684341886080802e-14,143.294084334027
2026-08-04 00:00:00+00:00,30369.74823375368,0.0,9.922800484913823,-0.10011795566511406,-5.684341886080802e-14,143.294084334027
2026-08-05 00:00:00+00:00,31412.929167705395,0.0,10.263642173741665,-0.06920759762624462,-5.684341886080802e-14,143.294084334027
2026-08-06 00:00:00+00:00,31379.97152830857,0.0,10.252873823682544,-0.07018416113571446,-5.684341886080802e-14,143.294084334027
2026-08-07 00:00:00+00:00,32092.143127448686,0.0,10.485563822786167,-0.04908189747456315,-5.684341886080802e-14,143.294084334027
2026-08-10 00:00:00+00:00,31173.628046867572,0.0,10.185454588529785,-0.07629829789065556,-5.684341886080802e-14,143.294084334027
2026-08-11 00:00:00+00:00,31166.46334265087,0.0,10.183113642864758,-0.0765105943057578,-5.684341886080802e-14,143.294084334027
2026-08-12 00:00:00+00:00,32110.77135841211,0.0,10.491650281515234,-0.04852992679529777,-5.684341886080802e-14,143.294084334027
2026-08-13 00:00:00+00:00,32284.157200456284,0.0,10.548301166608875,-0.04339235354982618,-5.684341886080802e-14,143.294084334027
2026-08-14 00:00:00+00:00,32264.096028649517,0.0,10.5417465187468,-0.04398678351211216,-5.684341886080802e-14,143.294084334027
2026-08-17 00:00:00+00:00,32242.60191599941,0.0,10.53472368175172,-0.04462367275741874,-5.684341886080802e-14,143.294084334027
2026-08-18 00:00:00+00:00,31487.442091559093,0.0,10.28798800865794,-0.06699971490918255,-5.684341886080802e-14,143.294084334027
2026-08-19 00:00:00+00:00,31175.060987710913,0.0,10.18592277766279,-0.07625583860763507,-5.684341886080802e-14,143.294084334027
2026-08-20 00:00:00+00:00,31073.322187833754,0.0,10.152681349219415,-0.07927044770208536,-5.684341886080802e-14,143.294084334027
2026-08-21 00:00:00+00:00,30768.105788202276,0.0,10.052957063889291,-0.08831427498543587,-5.684341886080802e-14,143.294084334027
2026-08-24 00:00:00+00:00,29873.950701957947,0.0,9.760807044893998,-0.11480886759018116,-5.684341886080802e-14,143.294084334027
2026-08-25 00:00:00+00:00,30528.804667364453,0.0,9.97476947867741,-0.09540497524984681,-5.684341886080802e-14,143.294084334027
2026-08-26 00:00:00+00:00,30043.037721472097,0.0,9.81605336258862,-0.10979867219377093,-5.684341886080802e-14,143.294084334027
2026-08-27 00:00:00+00:00,32770.43162977333,100.0,10.674509789249907,-0.03194670637314723,-5.684341886080802e-14,143.74257228604847
2026-08-28 00:00:00+00:00,31271.196600829848,0.0,10.186154946272994,-0.07623478362785419,-5.684341886080802e-14,143.74257228604847
2026-08-31 00:00:00+00:00,31735.48510931378,0.0,10.337390434558268,-0.06251949220573516,-5.684341886080802e-14,143.74257228604847
2026-09-01 00:00:00+00:00,31255.38491787838,0.0,10.181004511687425,-0.07670186785585231,-5.684341886080802e-14,143.74257228604847
2026-09-02 00:00:00+00:00,32257.270646712135,0.0,10.507354775881968,-0.04710571268180552,-5.684341886080802e-14,143.74257228604847
2026-09-03 00:00:00+00:00,32837.990638747775,0.0,10.696516191570055,-0.029950982853520047,-5.684341886080802e-14,143.74257228604847
2026-09-04 00:00:00+00:00,33112.53895181413,0.0,10.785946464828532,-0.021840702167375103,-5.684341886080802e-14,143.74257228604847
2026-09-08 00:00:00+00:00,32447.01084212972,0.0,10.569159990908767,-0.04150070194583122,-5.684341886080802e-14,143.74257228604847
2026-09-09 00:00:00+00:00,32150.90114322046,0.0,10.472706397760883,-0.05024791567015485,-5.684341886080802e-14,143.74257228604847
2026-09-10 00:00:00+00:00,31423.56372745306,0.0,10.235786406824817,-0.0717337901580567,-5.684341886080802e-14,143.90714291744393
2026-09-11 00:00:00+00:00,31413.490227448834,0.0,10.232505105082382,-0.07203136588020809,-5.684341886080802e-14,143.90714291744393
2026-09-14 00:00:00+00:00,30358.650869863974,0.0,9.888905936910438,-0.10319179507118359,-5.684341886080802e-14,143.90714291744393
2026-09-15 00:00:00+00:00,30532.778512794077,0.0,9.945625581315355,-0.098047986159713,-5.684341886080802e-14,143.90714291744393
2026-09-16 00:00:00+00:00,30781.73787004126,0.0,10.026720610092637,-0.09069361474083315,-5.684341886080802e-14,143.90714291744393
2026-09-17 00:00:00+00:00,31564.592727512154,0.0,10.281724631218884,-0.06756773004793981,-5.684341886080802e-14,143.90714291744393
2026-09-18 00:00:00+00:00,31986.240656260266,0.0,10.419070547009309,-0.055112060535039364,-5.684341886080802e-14,143.90714291744393
2026-09-21 00:00:00+00:00,32721.6061565684,0.0,10.65860557420694,-0.033389032818001874,-5.684341886080802e-14,143.90714291744393
2026-09-22 00:00:00+00:00,32936.027799515396,0.0,10.728450425581592,-0.02705492101792628,-5.684341886080802e-14,143.90714291744393
2026-09-23 00:00:00+00:00,32452.49979931278,0.0,10.570947941944791,-0.04133855568118405,-5.684341886080802e-14,143.90714291744393
2026-09-24 00:00:00+00:00,32318.666156399562,0.0,10.527353504509607,-0.04529206170404987,-5.684341886080802e-14,143.90714291744393
2026-09-25 00:00:00+00:00,32389.180656429104,0.0,10.550322616706637,-0.0432090316489917,-5.684341886080802e-14,143.90714291744393
