date,equity,deposit,twr,drawdown,cash,VOO_units,BTC_units,ETH_units
2020-09-28 00:00:00+00:00,99.74645469244642,100.0,1.0,0.0,-1.0658141036401503e-14,0.19507519026902526,0.001853494807303584,0.05584774026102891
2020-09-29 00:00:00+00:00,99.9980408703895,0.0,1.0025222568433014,0.0,-1.0658141036401503e-14,0.19591159192006408,0.001853494807303584,0.05584774026102891
2020-09-30 00:00:00+00:00,100.34224723777346,0.0,1.0059730698916975,0.0,-1.0658141036401503e-14,0.19591159192006408,0.001853494807303584,0.05584774026102891
2020-10-01 00:00:00+00:00,100.04260632263758,0.0,1.002969044174094,-0.0029861890019848847,-1.0658141036401503e-14,0.19591159192006408,0.001853494807303584,0.05584774026102891
2020-10-02 00:00:00+00:00,98.98316401905544,0.0,0.9923476911961984,-0.013544476590179544,-1.0658141036401503e-14,0.19591159192006408,0.001853494807303584,0.05584774026102891
2020-10-05 00:00:00+00:00,100.89227271184843,0.0,1.011487305718634,0.0,-1.0658141036401503e-14,0.19591159192006408,0.001853494807303584,0.05584774026102891
2020-10-06 00:00:00+00:00,98.96244732877122,0.0,0.9921399976962332,-0.019127583621679878,-1.0658141036401503e-14,0.19591159192006408,0.001853494807303584,0.05584774026102891
2020-10-07 00:00:00+00:00,100.16689786701717,0.0,1.0042151189820943,-0.007189597630563482,-1.0658141036401503e-14,0.19591159192006408,0.001853494807303584,0.05584774026102891
2020-10-08 00:00:00+00:00,101.71325508703852,0.0,1.019717998004605,0.0,-1.0658141036401503e-14,0.19591159192006408,0.001853494807303584,0.05584774026102891
2020-10-09 00:00:00+00:00,103.28136096135604,0.0,1.0354389163986726,0.0,-1.0658141036401503e-14,0.19591159192006408,0.001853494807303584,0.05584774026102891
2020-10-12 00:00:00+00:00,106.37376213695096,0.0,1.0664415338363538,0.0,-1.0658141036401503e-14,0.19591159192006408,0.001853494807303584,0.05584774026102891
2020-10-13 00:00:00+00:00,105.46313514665006,0.0,1.057312116724651,-0.008560635367286462,-1.0658141036401503e-14,0.19591159192006408,0.001853494807303584,0.05584774026102891
2020-10-14 00:00:00+00:00,104.93316182614181,0.0,1.0519989121386601,-0.01354281621584874,-1.0658141036401503e-14,0.19591159192006408,0.001853494807303584,0.05584774026102891
2020-10-15 00:00:00+00:00,104.96175564597921,0.0,1.052285577162751,-0.013274011021193965,-1.0658141036401503e-14,0.19591159192006408,0.001853494807303584,0.05584774026102891
2020-10-16 00:00:00+00:00,103.8864886141949,0.0,1.041505574654394,-0.02338239686919985,-1.0658141036401503e-14,0.19591159192006408,0.001853494807303584,0.05584774026102891
2020-10-19 00:00:00+00:00,104.51388133771863,0.0,1.0477954495723365,-0.017484394289240535,-1.0658141036401503e-14,0.19591159192006408,0.001853494807303584,0.05584774026102891
2020-10-20 00:00:00+00:00,104.44858906853939,0.0,1.0471408672176998,-0.018098194796692613,-1.0658141036401503e-14,0.19591159192006408,0.001853494807303584,0.05584774026102891
2020-10-21 00:00:00+00:00,107.17208943556822,0.0,1.0744450994876722,0.0,-1.0658141036401503e-14,0.19591159192006408,0.001853494807303584,0.05584774026102891
2020-10-22 00:00:00+00:00,109.17666464580809,0.0,1.0945418058460152,0.0,-1.0658141036401503e-14,0.19591159192006408,0.001853494807303584,0.05584774026102891
2020-10-23 00:00:00+00:00,109.0320293310186,0.0,1.0930917762160355,-0.001324782317345119,-1.0658141036401503e-14,0.19591159192006408,0.001853494807303584,0.05584774026102891
2020-10-26 00:00:00+00:00,107.1987557568748,0.0,1.0747124405314095,-0.018116590164666047,-1.0658141036401503e-14,0.19591159192006408,0.001853494807303584,0.05584774026102891
2020-10-27 00:00:00+00:00,209.7786508457161,100.0,1.1005769697199006,0.0,-2.842170943040401e-14,0.3880123510734491,0.003383513613595169,0.10672421779730404
2020-10-28 00:00:00+00:00,202.75145426545615,0.0,1.0637096779971762,-0.03349814936806028,-2.842170943040401e-14,0.3880123510734491,0.003383513613595169,0.10672421779730404
2020-10-29 00:00:00+00:00,204.50067578232478,0.0,1.0728867458667755,-0.025159734044019055,-2.842170943040401e-14,0.3880123510734491,0.003383513613595169,0.10672421779730404
2020-10-30 00:00:00+00:00,203.03559211584414,0.0,1.0652003710353,-0.03214368432005632,-2.842170943040401e-14,0.3880123510734491,0.003383513613595169,0.10672421779730404
2020-11-02 00:00:00+00:00,204.4100139554492,0.0,1.072411100140722,-0.02559191256414073,-2.842170943040401e-14,0.3880123510734491,0.003383513613595169,0.10672421779730404
2020-11-03 00:00:00+00:00,208.60888654720932,0.0,1.0944399503342432,-0.005576183724087191,-2.842170943040401e-14,0.3880123510734491,0.003383513613595169,0.10672421779730404
2020-11-04 00:00:00+00:00,213.27245892935437,0.0,1.118906788783812,0.0,-2.842170943040401e-14,0.3880123510734491,0.003383513613595169,0.10672421779730404
2020-11-05 00:00:00+00:00,222.07845367210476,0.0,1.1651063184798698,0.0,-2.842170943040401e-14,0.3880123510734491,0.003383513613595169,0.10672421779730404
2020-11-06 00:00:00+00:00,226.21448351257476,0.0,1.1868054721837584,0.0,-2.842170943040401e-14,0.3880123510734491,0.003383513613595169,0.10672421779730404
2020-11-09 00:00:00+00:00,225.68249184715322,0.0,1.1840144456770787,-0.0023517135470770834,-2.842170943040401e-14,0.3880123510734491,0.003383513613595169,0.10672421779730404
2020-11-10 00:00:00+00:00,226.05644082609794,0.0,1.1859763213608894,-0.0006986408828595359,-2.842170943040401e-14,0.3880123510734491,0.003383513613595169,0.10672421779730404
2020-11-11 00:00:00+00:00,229.6152441608415,0.0,1.2046471297305255,0.0,-2.842170943040401e-14,0.3880123510734491,0.003383513613595169,0.10672421779730404
2020-11-12 00:00:00+00:00,230.42075032652357,0.0,1.2088731152221046,0.0,-2.842170943040401e-14,0.3880123510734491,0.003383513613595169,0.10672421779730404
2020-11-13 00:00:00+00:00,233.7278733452477,0.0,1.2262235148731884,0.0,-2.842170943040401e-14,0.3880123510734491,0.003383513613595169,0.10672421779730404
2020-11-16 00:00:00+00:00,234.9105430407827,0.0,1.2324282407804437,0.0,-2.842170943040401e-14,0.3880123510734491,0.003383513613595169,0.10672421779730404
2020-11-17 00:00:00+00:00,239.771846653297,0.0,1.2579324509428222,0.0,-2.842170943040401e-14,0.3880123510734491,0.003383513613595169,0.10672421779730404
2020-11-18 00:00:00+00:00,238.20787980667092,0.0,1.2497272981026124,-0.006522729288094942,-2.842170943040401e-14,0.3880123510734491,0.003383513613595169,0.10672421779730404
2020-11-19 00:00:00+00:00,238.06565114169584,0.0,1.2489811135291369,-0.007115912628675947,-2.842170943040401e-14,0.3880123510734491,0.003383513613595169,0.10672421779730404
2020-11-20 00:00:00+00:00,244.24602390047008,0.0,1.2814056519422177,0.0,-2.842170943040401e-14,0.3880123510734491,0.003383513613595169,0.10672421779730404
2020-11-23 00:00:00+00:00,254.5296188611415,0.0,1.3353572229625044,0.0,-2.842170943040401e-14,0.3880123510734491,0.003383513613595169,0.10672421779730404
2020-11-24 00:00:00+00:00,258.8883467597075,0.0,1.3582247336605564,0.0,-2.842170943040401e-14,0.3880123510734491,0.003383513613595169,0.10672421779730404
2020-11-25 00:00:00+00:00,253.39764080911257,0.0,1.3294184443057206,-0.02120877984396574,-2.842170943040401e-14,0.3880123510734491,0.003383513613595169,0.10672421779730404
2020-11-27 00:00:00+00:00,342.82627033740596,100.0,1.2739570957240955,-0.06204248520003819,-3.197442310920451e-14,0.5674102151490246,0.0045479831256289936,0.14514069041823532
2020-11-30 00:00:00+00:00,367.8222765250628,0.0,1.3668433247058724,0.0,-3.197442310920451e-14,0.5674102151490246,0.0045479831256289936,0.14514069041823532
2020-12-01 00:00:00+00:00,361.10781726189634,0.0,1.3418921066622767,-0.01825462918287657,-3.197442310920451e-14,0.5674102151490246,0.0045479831256289936,0.14514069041823532
2020-12-02 00:00:00+00:00,365.1958205741737,0.0,1.3570833019633068,-0.007140557052993546,-3.197442310920451e-14,0.5674102151490246,0.0045479831256289936,0.14514069041823532
2020-12-03 00:00:00+00:00,368.8815432475818,0.0,1.3707796051901229,0.0,-3.197442310920451e-14,0.5674102151490246,0.0045479831256289936,0.14514069041823532
2020-12-04 00:00:00+00:00,359.96352068683586,0.0,1.3376398516061625,-0.024175843774217776,-3.197442310920451e-14,0.5674102151490246,0.0045479831256289936,0.14514069041823532
2020-12-07 00:00:00+00:00,365.44372197535864,0.0,1.358004514181871,-0.009319580594781218,-3.197442310920451e-14,0.5674102151490246,0.0045479831256289936,0.14514069041823532
2020-12-08 00:00:00+00:00,356.8923765979572,0.0,1.3262273487073402,-0.03250140016243053,-3.197442310920451e-14,0.5674102151490246,0.0045479831256289936,0.14514069041823532
2020-12-09 00:00:00+00:00,358.8007867746909,0.0,1.3333190826162065,-0.0273278960615414,-3.197442310920451e-14,0.5674102151490246,0.0045479831256289936,0.14514069041823532
2020-12-10 00:00:00+00:00,355.3598380424084,0.0,1.3205323698324989,-0.03665595487952633,-3.197442310920451e-14,0.5674102151490246,0.0045479831256289936,0.14514069041823532
2020-12-11 00:00:00+00:00,352.0106880777051,0.0,1.308086785198688,-0.045735156661263265,-3.197442310920451e-14,0.5674102151490246,0.0045479831256289936,0.14514069041823532
2020-12-14 00:00:00+00:00,362.83654706026704,0.0,1.3483161405936803,-0.016387364176845165,-3.197442310920451e-14,0.5674102151490246,0.0045479831256289936,0.14514069041823532
2020-12-15 00:00:00+00:00,366.5018973122175,0.0,1.3619367390302901,-0.006450975872672293,-3.197442310920451e-14,0.5674102151490246,0.0045479831256289936,0.14514069041823532
2020-12-16 00:00:00+00:00,382.5245888423032,0.0,1.4214777466294497,0.0,-3.197442310920451e-14,0.5674102151490246,0.0045479831256289936,0.14514069041823532
2020-12-17 00:00:00+00:00,391.02298840718197,0.0,1.4530581631982278,0.0,-3.197442310920451e-14,0.5674102151490246,0.0045479831256289936,0.14514069041823532
2020-12-18 00:00:00+00:00,393.274875915655,0.0,1.4614262735748573,0.0,-3.197442310920451e-14,0.5674102151490246,0.0045479831256289936,0.14514069041823532
2020-12-21 00:00:00+00:00,384.2002733459529,0.0,1.427704661974993,-0.023074452820241564,-3.197442310920451e-14,0.5674102151490246,0.0045479831256289936,0.14514069041823532
2020-12-22 00:00:00+00:00,392.9742358935343,0.0,1.4603090823833467,-0.0007644526526663364,-3.197442310920451e-14,0.5697350605823098,0.0045479831256289936,0.14514069041823532
2020-12-23 00:00:00+00:00,383.11298393840013,0.0,1.4236642479936072,-0.02583915881632448,-3.197442310920451e-14,0.5697350605823098,0.0045479831256289936,0.14514069041823532
2020-12-24 00:00:00+00:00,390.02244048176135,0.0,1.4493400842775335,-0.008270132757199788,-3.197442310920451e-14,0.5697350605823098,0.0045479831256289936,0.14514069041823532
2020-12-28 00:00:00+00:00,525.982993673307,100.0,1.5829710392782845,0.0,-2.842170943040401e-14,0.7452193907529183,0.005307833384119886,0.17428977078977045
2020-12-29 00:00:00+00:00,527.3455772513738,0.0,1.5870717998895978,0.0,-2.842170943040401e-14,0.7452193907529183,0.005307833384119886,0.17428977078977045
2020-12-30 00:00:00+00:00,539.1153408203159,0.0,1.6224934676866367,0.0,-2.842170943040401e-14,0.7452193907529183,0.005307833384119886,0.17428977078977045
2020-12-31 00:00:00+00:00,537.9967343168047,0.0,1.6191269677794051,-0.0020748927341024404,-2.842170943040401e-14,0.7452193907529183,0.005307833384119886,0.17428977078977045
2021-01-04 00:00:00+00:00,603.9530688934822,0.0,1.8176257191604768,0.0,-2.842170943040401e-14,0.7452193907529183,0.005307833384119886,0.17428977078977045
2021-01-05 00:00:00+00:00,626.1540783671205,0.0,1.8844407216647978,0.0,-2.842170943040401e-14,0.7452193907529183,0.005307833384119886,0.17428977078977045
2021-01-06 00:00:00+00:00,661.6370547656962,0.0,1.9912284404731115,0.0,-2.842170943040401e-14,0.7452193907529183,0.005307833384119886,0.17428977078977045
2021-01-07 00:00:00+00:00,682.4614326449909,0.0,2.053900404187561,0.0,-2.842170943040401e-14,0.7452193907529183,0.005307833384119886,0.17428977078977045
2021-01-08 00:00:00+00:00,688.6450234142274,0.0,2.0725102170982224,0.0,-2.842170943040401e-14,0.7452193907529183,0.005307833384119886,0.17428977078977045
2021-01-11 00:00:00+00:00,636.8089780620728,0.0,1.9165071531776015,-0.07527251862673323,-2.842170943040401e-14,0.7452193907529183,0.005307833384119886,0.17428977078977045
2021-01-12 00:00:00+00:00,623.2260372197998,0.0,1.8756286414382977,-0.09499667313369575,-2.842170943040401e-14,0.7452193907529183,0.005307833384119886,0.17428977078977045
2021-01-13 00:00:00+00:00,655.393251446775,0.0,1.9724374150071042,-0.04828579433071878,-2.842170943040401e-14,0.7452193907529183,0.005307833384119886,0.17428977078977045
2021-01-14 00:00:00+00:00,681.6558164781806,0.0,2.0514758637058828,-0.010149215776504295,-2.842170943040401e-14,0.7452193907529183,0.005307833384119886,0.17428977078977045
2021-01-15 00:00:00+00:00,656.0608287679833,0.0,1.9744465209642599,-0.04731638730894372,-2.842170943040401e-14,0.7452193907529183,0.005307833384119886,0.17428977078977045
2021-01-19 00:00:00+00:00,687.8852001944168,0.0,2.070223492686219,-0.0011033597774997572,-2.842170943040401e-14,0.7452193907529183,0.005307833384119886,0.17428977078977045
2021-01-20 00:00:00+00:00,691.1904843888007,0.0,2.080170903950895,0.0,-2.842170943040401e-14,0.7452193907529183,0.005307833384119886,0.17428977078977045
2021-01-21 00:00:00+00:00,620.5579937133425,0.0,1.867599036578336,-0.10218961671313564,-2.842170943040401e-14,0.7452193907529183,0.005307833384119886,0.17428977078977045
2021-01-22 00:00:00+00:00,651.9432340483437,0.0,1.9620544222251837,-0.05678210453832,-2.842170943040401e-14,0.7452193907529183,0.005307833384119886,0.17428977078977045
2021-01-25 00:00:00+00:00,664.201290001231,0.0,1.9989456293643357,-0.03904740443791754,-2.842170943040401e-14,0.7452193907529183,0.005307833384119886,0.17428977078977045
2021-01-26 00:00:00+00:00,673.3215127772585,0.0,2.026393377104988,-0.02585245603799513,-2.842170943040401e-14,0.7452193907529183,0.005307833384119886,0.17428977078977045
2021-01-27 00:00:00+00:00,729.509952373904,100.0,1.8945403853955696,-0.08923810933166831,-3.552713678800501e-14,0.9167877806153196,0.005922977199148858,0.18890334592298186
2021-01-28 00:00:00+00:00,767.0467373581195,0.0,1.9920235723748432,-0.04237504303547002,-3.552713678800501e-14,0.9167877806153196,0.005922977199148858,0.18890334592298186
2021-01-29 00:00:00+00:00,775.3400325311594,0.0,2.0135612944884373,-0.03202121966803062,-3.552713678800501e-14,0.9167877806153196,0.005922977199148858,0.18890334592298186
2021-02-01 00:00:00+00:00,775.1589468505714,0.0,2.013091014221562,-0.032247297374426,-3.552713678800501e-14,0.9167877806153196,0.005922977199148858,0.18890334592298186
2021-02-02 00:00:00+00:00,817.2171786331369,0.0,2.122316417372139,0.0,-3.552713678800501e-14,0.9167877806153196,0.005922977199148858,0.18890334592298186
2021-02-03 00:00:00+00:00,859.1184614193216,0.0,2.2311342233252787,0.0,-3.552713678800501e-14,0.9167877806153196,0.005922977199148858,0.18890334592298186
2021-02-04 00:00:00+00:00,845.680394855689,0.0,2.196235508477606,-0.01564169223116474,-3.552713678800501e-14,0.9167877806153196,0.005922977199148858,0.18890334592298186
2021-02-05 00:00:00+00:00,878.3327982697933,0.0,2.281033936171355,0.0,-3.552713678800501e-14,0.9167877806153196,0.005922977199148858,0.18890334592298186
2021-02-08 00:00:00+00:00,934.477476876142,0.0,2.4268419004063158,0.0,-3.552713678800501e-14,0.9167877806153196,0.005922977199148858,0.18890334592298186
2021-02-09 00:00:00+00:00,938.0667855368029,0.0,2.436163349950827,0.0,-3.552713678800501e-14,0.9167877806153196,0.005922977199148858,0.18890334592298186
2021-02-10 00:00:00+00:00,923.0302108447249,0.0,2.3971133028343243,-0.016029322137733892,-3.552713678800501e-14,0.9167877806153196,0.005922977199148858,0.18890334592298186
2021-02-11 00:00:00+00:00,950.7604130839732,0.0,2.4691287535714728,0.0,-3.552713678800501e-14,0.9167877806153196,0.005922977199148858,0.18890334592298186
2021-02-12 00:00:00+00:00,958.7208761618592,0.0,2.4898021093474,0.0,-3.552713678800501e-14,0.9167877806153196,0.005922977199148858,0.18890334592298186
2021-02-16 00:00:00+00:00,958.3346978125668,0.0,2.4887992025654992,-0.0004028058206455576,-3.552713678800501e-14,0.9167877806153196,0.005922977199148858,0.18890334592298186
2021-02-17 00:00:00+00:00,988.9202388804576,0.0,2.5682299801357473,0.0,-3.552713678800501e-14,0.9167877806153196,0.005922977199148858,0.18890334592298186
2021-02-18 00:00:00+00:00,1001.0997033285698,0.0,2.5998601000461767,0.0,-3.552713678800501e-14,0.9167877806153196,0.005922977199148858,0.18890334592298186
2021-02-19 00:00:00+00:00,1029.1869348258929,0.0,2.672802757253901,0.0,-3.552713678800501e-14,0.9167877806153196,0.005922977199148858,0.18890334592298186
2021-02-22 00:00:00+00:00,982.3164345203741,0.0,2.5510798727016857,-0.04554128965254289,-3.552713678800501e-14,0.9167877806153196,0.005922977199148858,0.18890334592298186
2021-02-23 00:00:00+00:00,914.2271219527898,0.0,2.374251644308999,-0.111699642682066,-3.552713678800501e-14,0.9167877806153196,0.005922977199148858,0.18890334592298186
2021-02-24 00:00:00+00:00,931.0850897446816,0.0,2.4180318568934975,-0.09531975364398415,-3.552713678800501e-14,0.9167877806153196,0.005922977199148858,0.18890334592298186
2021-02-25 00:00:00+00:00,880.993402932165,0.0,2.287943537563402,-0.14399087947885536,-3.552713678800501e-14,0.9167877806153196,0.005922977199148858,0.18890334592298186
2021-02-26 00:00:00+00:00,867.4845705701657,0.0,2.2528610436425667,-0.15711661194288495,-3.552713678800501e-14,0.9167877806153196,0.005922977199148858,0.18890334592298186
2021-03-01 00:00:00+00:00,1023.1871019756161,100.0,2.3975207497548445,-0.10299376067012422,-3.552713678800501e-14,1.085931808234848,0.00636543712496857,0.20297993523729646
2021-03-02 00:00:00+00:00,996.0182880359696,0.0,2.333859084121296,-0.12681207852420928,-3.552713678800501e-14,1.085931808234848,0.00636543712496857,0.20297993523729646
2021-03-03 00:00:00+00:00,1019.4982115645679,0.0,2.388876982366668,-0.10622773196288715,-3.552713678800501e-14,1.085931808234848,0.00636543712496857,0.20297993523729646
2021-03-04 00:00:00+00:00,996.4566565519319,0.0,2.334886264400474,-0.12642777022596685,-3.552713678800501e-14,1.085931808234848,0.00636543712496857,0.20297993523729646
2021-03-05 00:00:00+00:00,1003.5394990085625,0.0,2.3514827028468033,-0.12021839379469557,-3.552713678800501e-14,1.085931808234848,0.00636543712496857,0.20297993523729646
2021-03-08 00:00:00+00:00,1086.6082366409496,0.0,2.5461284540931235,-0.047393808920986547,-3.552713678800501e-14,1.085931808234848,0.00636543712496857,0.20297993523729646
2021-03-09 00:00:00+00:00,1115.4903851425881,0.0,2.6138047864046596,-0.022073447316350858,-3.552713678800501e-14,1.085931808234848,0.00636543712496857,0.20297993523729646
2021-03-10 00:00:00+00:00,1108.732728392351,0.0,2.5979703195245243,-0.02799774039677405,-3.552713678800501e-14,1.085931808234848,0.00636543712496857,0.20297993523729646
2021-03-11 00:00:00+00:00,1131.29254845808,0.0,2.6508322414681125,-0.008220028854041384,-3.552713678800501e-14,1.085931808234848,0.00636543712496857,0.20297993523729646
2021-03-12 00:00:00+00:00,1116.2223744971252,0.0,2.6155199757993595,-0.021431727911488285,-3.552713678800501e-14,1.085931808234848,0.00636543712496857,0.20297993523729646
2021-03-15 00:00:00+00:00,1113.7705654999613,0.0,2.609774923957144,-0.02358117639833368,-3.552713678800501e-14,1.085931808234848,0.00636543712496857,0.20297993523729646
2021-03-16 00:00:00+00:00,1123.9347619720004,0.0,2.6335915571997313,-0.014670442832996788,-3.552713678800501e-14,1.085931808234848,0.00636543712496857,0.20297993523729646
2021-03-17 00:00:00+00:00,1141.7826903198845,0.0,2.6754126263586047,0.0,-3.552713678800501e-14,1.085931808234848,0.00636543712496857,0.20297993523729646
2021-03-18 00:00:00+00:00,1118.2586210558602,0.0,2.6202912863121264,-0.020602930367979,-3.552713678800501e-14,1.085931808234848,0.00636543712496857,0.20297993523729646
2021-03-19 00:00:00+00:00,1126.696664326295,0.0,2.6400632163815487,-0.013212694605978847,-3.552713678800501e-14,1.085931808234848,0.00636543712496857,0.20297993523729646
2021-03-22 00:00:00+00:00,1078.650038932386,0.0,2.5274808928600976,-0.055293053505488965,-3.552713678800501e-14,1.085931808234848,0.00636543712496857,0.20297993523729646
2021-03-23 00:00:00+00:00,1074.7850401781495,0.0,2.5184244703415115,-0.05867810986253863,-3.552713678800501e-14,1.085931808234848,0.00636543712496857,0.20297993523729646
2021-03-24 00:00:00+00:00,1042.1511231364268,0.0,2.4419570353022717,-0.0872596581014421,-3.552713678800501e-14,1.085931808234848,0.00636543712496857,0.20297993523729646
2021-03-25 00:00:00+00:00,1038.6972038290123,0.0,2.4338638496165683,-0.09028468145894886,-3.552713678800501e-14,1.085931808234848,0.00636543712496857,0.20297993523729646
2021-03-26 00:00:00+00:00,1091.7539359771956,0.0,2.5581858001120756,-0.04381635381831983,-3.552713678800501e-14,1.0896996494309705,0.00636543712496857,0.20297993523729646
2021-03-29 00:00:00+00:00,1234.3693646226225,100.0,2.6580418032221917,-0.0064927641311373074,-3.907985046680551e-14,1.2551022337388387,0.006723466460419933,0.2148164148613622
2021-03-30 00:00:00+00:00,1245.7680084899296,0.0,2.6825871887183776,0.0,-3.907985046680551e-14,1.2551022337388387,0.006723466460419933,0.2148164148613622
2021-03-31 00:00:00+00:00,1264.4860437351317,0.0,2.7228938599481394,0.0,-3.907985046680551e-14,1.2551022337388387,0.006723466460419933,0.2148164148613622
2021-04-01 00:00:00+00:00,1279.6527925222958,0.0,2.755553332429115,0.0,-3.907985046680551e-14,1.2551022337388387,0.006723466460419933,0.2148164148613622
2021-04-05 00:00:00+00:00,1319.0013521549477,0.0,2.8402849527996072,0.0,-3.907985046680551e-14,1.2551022337388387,0.006723466460419933,0.2148164148613622
2021-04-06 00:00:00+00:00,1312.1183914258581,0.0,2.8254634594344914,-0.005218312110024992,-3.907985046680551e-14,1.2551022337388387,0.006723466460419933,0.2148164148613622
2021-04-07 00:00:00+00:00,1267.0560883228386,0.0,2.7284280915534085,-0.039382267309462704,-3.907985046680551e-14,1.2551022337388387,0.006723466460419933,0.2148164148613622
2021-04-08 00:00:00+00:00,1308.7528601674585,0.0,2.818216258530723,-0.007769887400604469,-3.907985046680551e-14,1.2551022337388387,0.006723466460419933,0.2148164148613622
2021-04-09 00:00:00+00:00,1309.6594409098439,0.0,2.820168453376383,-0.0070825638122667955,-3.907985046680551e-14,1.2551022337388387,0.006723466460419933,0.2148164148613622
2021-04-12 00:00:00+00:00,1336.6333914971738,0.0,2.8782530837261424,0.0,-3.907985046680551e-14,1.2551022337388387,0.006723466460419933,0.2148164148613622
2021-04-13 00:00:00+00:00,1397.596675698495,0.0,3.009528990689669,0.0,-3.907985046680551e-14,1.2551022337388387,0.006723466460419933,0.2148164148613622
2021-04-14 00:00:00+00:00,1420.586016977593,0.0,3.059033322131876,0.0,-3.907985046680551e-14,1.2551022337388387,0.006723466460419933,0.2148164148613622
2021-04-15 00:00:00+00:00,1444.5240997248734,0.0,3.110580635646673,0.0,-3.907985046680551e-14,1.2551022337388387,0.006723466460419933,0.2148164148613622
2021-04-16 00:00:00+00:00,1414.3066243779715,0.0,3.045511528326064,-0.020918637046385857,-3.907985046680551e-14,1.2551022337388387,0.006723466460419933,0.2148164148613622
2021-04-19 00:00:00+00:00,1317.414328070498,0.0,2.8368675183751257,-0.08799422015775649,-3.907985046680551e-14,1.2551022337388387,0.006723466460419933,0.2148164148613622
2021-04-20 00:00:00+00:00,1355.50872660161,0.0,2.9188984782047704,-0.06162262930761575,-3.907985046680551e-14,1.2551022337388387,0.006723466460419933,0.2148164148613622
2021-04-21 00:00:00+00:00,1348.0511095087052,0.0,2.9028395427244447,-0.06678531028630297,-3.907985046680551e-14,1.2551022337388387,0.006723466460419933,0.2148164148613622
2021-04-22 00:00:00+00:00,1338.3305052842456,0.0,2.8819075809294508,-0.07351458827225754,-3.907985046680551e-14,1.2551022337388387,0.006723466460419933,0.2148164148613622
2021-04-23 00:00:00+00:00,1333.034205041901,0.0,2.870502739032008,-0.07718105547993748,-3.907985046680551e-14,1.2551022337388387,0.006723466460419933,0.2148164148613622
2021-04-26 00:00:00+00:00,1388.9041302019327,0.0,2.9908108095937407,-0.03850400940595866,-3.907985046680551e-14,1.2551022337388387,0.006723466460419933,0.2148164148613622
2021-04-27 00:00:00+00:00,1525.5019530638551,100.0,3.0696191030121787,-0.01316845227064134,-4.263256414560601e-14,1.411192850585543,0.007093272472091092,0.22270328759049923
2021-04-28 00:00:00+00:00,1542.3583953825562,0.0,3.103537681252204,-0.0022641928371051057,-4.263256414560601e-14,1.411192850585543,0.007093272472091092,0.22270328759049923
2021-04-29 00:00:00+00:00,1538.7718627294382,0.0,3.096320850671636,-0.004584283979531811,-4.263256414560601e-14,1.411192850585543,0.007093272472091092,0.22270328759049923
2021-04-30 00:00:00+00:00,1567.9594674691393,0.0,3.1550522268591332,0.0,-4.263256414560601e-14,1.411192850585543,0.007093272472091092,0.22270328759049923
2021-05-03 00:00:00+00:00,1712.1409276668523,0.0,3.445174546030339,0.0,-4.263256414560601e-14,1.411192850585543,0.007093272472091092,0.22270328759049923
2021-05-04 00:00:00+00:00,1637.9171301952097,0.0,3.295821222581972,-0.04335145330167889,-4.263256414560601e-14,1.411192850585543,0.007093272472091092,0.22270328759049923
2021-05-05 00:00:00+00:00,1731.5898379989658,0.0,3.484309695328786,0.0,-4.263256414560601e-14,1.411192850585543,0.007093272472091092,0.22270328759049923
2021-05-06 00:00:00+00:00,1720.8944632207047,0.0,3.462788433643551,-0.006176621358912948,-4.263256414560601e-14,1.411192850585543,0.007093272472091092,0.22270328759049923
2021-05-07 00:00:00+00:00,1729.037070502261,0.0,3.4791730097560833,-0.0014742333552006937,-4.263256414560601e-14,1.411192850585543,0.007093272472091092,0.22270328759049923
2021-05-10 00:00:00+00:00,1816.9021667784648,0.0,3.65597539108096,0.0,-4.263256414560601e-14,1.411192850585543,0.007093272472091092,0.22270328759049923
2021-05-11 00:00:00+00:00,1868.8838375274306,0.0,3.7605730477519614,0.0,-4.263256414560601e-14,1.411192850585543,0.007093272472091092,0.22270328759049923
2021-05-12 00:00:00+00:00,1729.483823257166,0.0,3.480071966842324,-0.07458998332111078,-4.263256414560601e-14,1.411192850585543,0.007093272472091092,0.22270328759049923
2021-05-13 00:00:00+00:00,1712.565999655499,0.0,3.446029877020828,-0.08364235097604722,-4.263256414560601e-14,1.411192850585543,0.007093272472091092,0.22270328759049923
2021-05-14 00:00:00+00:00,1801.4734113499985,0.0,3.6249296082133586,-0.036069885577595495,-4.263256414560601e-14,1.411192850585543,0.007093272472091092,0.22270328759049923
2021-05-17 00:00:00+00:00,1578.9709538786856,0.0,3.177209569212853,-0.15512621909786817,-4.263256414560601e-14,1.411192850585543,0.007093272472091092,0.22270328759049923
2021-05-18 00:00:00+00:00,1590.0454180594884,0.0,3.1994936356060433,-0.14920050881110436,-4.263256414560601e-14,1.411192850585543,0.007093272472091092,0.22270328759049923
2021-05-19 00:00:00+00:00,1336.4581830174423,0.0,2.689224724182027,-0.28488964579756726,-4.263256414560601e-14,1.411192850585543,0.007093272472091092,0.22270328759049923
2021-05-20 00:00:00+00:00,1442.7842586266904,0.0,2.9031743374112695,-0.2279968237429233,-4.263256414560601e-14,1.411192850585543,0.007093272472091092,0.22270328759049923
2021-05-21 00:00:00+00:00,1343.953631842681,0.0,2.704307086320858,-0.28087899052048204,-4.263256414560601e-14,1.411192850585543,0.007093272472091092,0.22270328759049923
2021-05-24 00:00:00+00:00,1408.7675530171903,0.0,2.8347258315599677,-0.24619843955576326,-4.263256414560601e-14,1.411192850585543,0.007093272472091092,0.22270328759049923
2021-05-25 00:00:00+00:00,1416.9023346491815,0.0,2.851094660879551,-0.24184569088907582,-4.263256414560601e-14,1.411192850585543,0.007093272472091092,0.22270328759049923
2021-05-26 00:00:00+00:00,1464.444780430668,0.0,2.9467596972183556,-0.21640673913250974,-4.263256414560601e-14,1.411192850585543,0.007093272472091092,0.22270328759049923
2021-05-27 00:00:00+00:00,1526.273457799468,100.0,2.869951259903252,-0.236831402166517,-4.973799150320701e-14,1.5664421632444392,0.007602167932928347,0.2296257420114124
2021-05-28 00:00:00+00:00,1429.8504048536138,0.0,2.6886407215645645,-0.2850449419745188,-4.973799150320701e-14,1.5664421632444392,0.007602167932928347,0.2296257420114124
2021-06-01 00:00:00+00:00,1488.2925031336626,0.0,2.798533200355382,-0.2558226725503122,-4.973799150320701e-14,1.5664421632444392,0.007602167932928347,0.2296257420114124
2021-06-02 00:00:00+00:00,1512.4197571752818,0.0,2.8439012454988677,-0.24375854174700118,-4.973799150320701e-14,1.5664421632444392,0.007602167932928347,0.2296257420114124
2021-06-03 00:00:00+00:00,1557.5547370412226,0.0,2.9287714839676173,-0.22119010938548,-4.973799150320701e-14,1.5664421632444392,0.007602167932928347,0.2296257420114124
2021-06-04 00:00:00+00:00,1506.1237526193966,0.0,2.8320624586057432,-0.2469066754869378,-4.973799150320701e-14,1.5664421632444392,0.007602167932928347,0.2296257420114124
2021-06-07 00:00:00+00:00,1458.3212032855545,0.0,2.7421762157531386,-0.2708089482818614,-4.973799150320701e-14,1.5664421632444392,0.007602167932928347,0.2296257420114124
2021-06-08 00:00:00+00:00,1437.630913536836,0.0,2.703270918128616,-0.2811545251741331,-4.973799150320701e-14,1.5664421632444392,0.007602167932928347,0.2296257420114124
2021-06-09 00:00:00+00:00,1490.7790653848797,0.0,2.8032088450960013,-0.25457933950472367,-4.973799150320701e-14,1.5664421632444392,0.007602167932928347,0.2296257420114124
2021-06-10 00:00:00+00:00,1456.229100117057,0.0,2.7382422980835397,-0.2718550435496958,-4.973799150320701e-14,1.5664421632444392,0.007602167932928347,0.2296257420114124
2021-06-11 00:00:00+00:00,1435.3986976410306,0.0,2.699073537384159,-0.2822706797312069,-4.973799150320701e-14,1.5664421632444392,0.007602167932928347,0.2296257420114124
2021-06-14 00:00:00+00:00,1513.211403590021,0.0,2.845389829745529,-0.2433627020098762,-4.973799150320701e-14,1.5664421632444392,0.007602167932928347,0.2296257420114124
2021-06-15 00:00:00+00:00,1500.5480476280432,0.0,2.821578097836045,-0.24969464440459133,-4.973799150320701e-14,1.5664421632444392,0.007602167932928347,0.2296257420114124
2021-06-16 00:00:00+00:00,1443.215980309751,0.0,2.713772882465125,-0.2783618751702229,-4.973799150320701e-14,1.5664421632444392,0.007602167932928347,0.2296257420114124
2021-06-17 00:00:00+00:00,1442.2879020787914,0.0,2.7120277566001496,-0.2788259336641854,-4.973799150320701e-14,1.5664421632444392,0.007602167932928347,0.2296257420114124
2021-06-18 00:00:00+00:00,1384.9784019141366,0.0,2.6042649757161054,-0.30748188038179103,-4.973799150320701e-14,1.5664421632444392,0.007602167932928347,0.2296257420114124
2021-06-21 00:00:00+00:00,1281.3149532735013,0.0,2.4093398503974446,-0.3593157692182771,-4.973799150320701e-14,1.5664421632444392,0.007602167932928347,0.2296257420114124
2021-06-22 00:00:00+00:00,1289.962588777327,0.0,2.4256005619249654,-0.35499177090178613,-4.973799150320701e-14,1.5664421632444392,0.007602167932928347,0.2296257420114124
2021-06-23 00:00:00+00:00,1318.5924357552046,0.0,2.479435125439856,-0.3406762496151907,-4.973799150320701e-14,1.5664421632444392,0.007602167932928347,0.2296257420114124
2021-06-24 00:00:00+00:00,1334.4832876007367,0.0,2.509315727793233,-0.3327304918878572,-4.973799150320701e-14,1.5664421632444392,0.007602167932928347,0.2296257420114124
2021-06-25 00:00:00+00:00,1271.8569188709484,0.0,2.3915552931078543,-0.3640449839054434,-4.973799150320701e-14,1.5664421632444392,0.007602167932928347,0.2296257420114124
2021-06-28 00:00:00+00:00,1459.413360610716,100.0,2.5561933656626787,-0.320264934837325,-6.750155989720952e-14,1.718638734552471,0.008177631969155682,0.23970006839608185
2021-06-29 00:00:00+00:00,1490.693610725583,0.0,2.6109813852724435,-0.3056958734432068,-6.750155989720952e-14,1.7244657399272763,0.008177631969155682,0.23970006839608185
2021-06-30 00:00:00+00:00,1510.6775219828382,0.0,2.645983628471321,-0.29638818476001483,-6.750155989720952e-14,1.7244657399272763,0.008177631969155682,0.23970006839608185
2021-07-01 00:00:00+00:00,1461.3357170496618,0.0,2.5595604136206442,-0.31936957981690384,-6.750155989720952e-14,1.7244657399272763,0.008177631969155682,0.23970006839608185
2021-07-02 00:00:00+00:00,1480.2697935375302,0.0,2.5927238490184026,-0.3105508612395361,-6.750155989720952e-14,1.7244657399272763,0.008177631969155682,0.23970006839608185
2021-07-06 00:00:00+00:00,1522.8794211017832,0.0,2.667355512831267,-0.29070503910945455,-6.750155989720952e-14,1.7244657399272763,0.008177631969155682,0.23970006839608185
2021-07-07 00:00:00+00:00,1520.8938250544538,0.0,2.663877699361788,-0.29162984855347207,-6.750155989720952e-14,1.7244657399272763,0.008177631969155682,0.23970006839608185
2021-07-08 00:00:00+00:00,1459.3459843551586,0.0,2.5560753547261563,-0.32029631594201946,-6.750155989720952e-14,1.7244657399272763,0.008177631969155682,0.23970006839608185
2021-07-09 00:00:00+00:00,1481.5912470592816,0.0,2.5950384028086457,-0.3099353822258718,-6.750155989720952e-14,1.7244657399272763,0.008177631969155682,0.23970006839608185
2021-07-12 00:00:00+00:00,1450.4649718093156,0.0,2.5405200734311086,-0.3244327284242464,-6.750155989720952e-14,1.7244657399272763,0.008177631969155682,0.23970006839608185
2021-07-13 00:00:00+00:00,1423.2856514050477,0.0,2.4929149189383906,-0.33709174445404433,-6.750155989720952e-14,1.7244657399272763,0.008177631969155682,0.23970006839608185
2021-07-14 00:00:00+00:00,1438.0190135700227,0.0,2.518720714360364,-0.33022954683301964,-6.750155989720952e-14,1.7244657399272763,0.008177631969155682,0.23970006839608185
2021-07-15 00:00:00+00:00,1410.113031027377,0.0,2.4698427957643885,-0.34322701237226616,-6.750155989720952e-14,1.7244657399272763,0.008177631969155682,0.23970006839608185
2021-07-16 00:00:00+00:00,1390.3257460692155,0.0,2.4351849476867446,-0.35244312056576654,-6.750155989720952e-14,1.7244657399272763,0.008177631969155682,0.23970006839608185
2021-07-19 00:00:00+00:00,1361.8592884263662,0.0,2.3853253450994973,-0.36570163248778675,-6.750155989720952e-14,1.7244657399272763,0.008177631969155682,0.23970006839608185
2021-07-20 00:00:00+00:00,1354.9593578489778,0.0,2.373239970769313,-0.36891533799934684,-6.750155989720952e-14,1.7244657399272763,0.008177631969155682,0.23970006839608185
2021-07-21 00:00:00+00:00,1430.1632561663705,0.0,2.504961189129576,-0.33388843739466234,-6.750155989720952e-14,1.7244657399272763,0.008177631969155682,0.23970006839608185
2021-07-22 00:00:00+00:00,1439.7667542467182,0.0,2.5217819191178683,-0.32941552069428137,-6.750155989720952e-14,1.7244657399272763,0.008177631969155682,0.23970006839608185
2021-07-23 00:00:00+00:00,1481.5695358396283,0.0,2.5950003751482607,-0.30994549442417296,-6.750155989720952e-14,1.7244657399272763,0.008177631969155682,0.23970006839608185
2021-07-26 00:00:00+00:00,1537.7019722304908,0.0,2.6933175246094394,-0.2838013009162309,-6.750155989720952e-14,1.7244657399272763,0.008177631969155682,0.23970006839608185
2021-07-27 00:00:00+00:00,1671.4881202044626,100.0,2.7524946773156636,-0.2680650947703086,-7.815970093361102e-14,1.8727412127731256,0.00871386509945846,0.24866404421203506
2021-07-28 00:00:00+00:00,1676.3212243277062,0.0,2.760453509456519,-0.26594870664546877,-7.815970093361102e-14,1.8727412127731256,0.00871386509945846,0.24866404421203506
2021-07-29 00:00:00+00:00,1699.9483802396965,0.0,2.7993611272264287,-0.2556025127872831,-7.815970093361102e-14,1.8727412127731256,0.00871386509945846,0.24866404421203506
2021-07-30 00:00:00+00:00,1734.9398651289462,0.0,2.8569827607545504,-0.24027994550925413,-7.815970093361102e-14,1.8727412127731256,0.00871386509945846,0.24866404421203506
2021-08-02 00:00:00+00:00,1742.8385513305739,0.0,2.8699897881243333,-0.23682115686065752,-7.815970093361102e-14,1.8727412127731256,0.00871386509945846,0.24866404421203506
2021-08-03 00:00:00+00:00,1716.385494114553,0.0,2.826428665370486,-0.24840479642853863,-7.815970093361102e-14,1.8727412127731256,0.00871386509945846,0.24866404421203506
2021-08-04 00:00:00+00:00,1779.6105093533197,0.0,2.9305433855496634,-0.22071893077531968,-7.815970093361102e-14,1.8727412127731256,0.00871386509945846,0.24866404421203506
2021-08-05 00:00:00+00:00,1819.673301398931,0.0,2.9965161080183464,-0.20317566765266315,-7.815970093361102e-14,1.8727412127731256,0.00871386509945846,0.24866404421203506
2021-08-06 00:00:00+00:00,1854.2501732545493,0.0,3.0534549845741505,-0.18803465700540511,-7.815970093361102e-14,1.8727412127731256,0.00871386509945846,0.24866404421203506
2021-08-09 00:00:00+00:00,1950.1666937602054,0.0,3.211403885895784,-0.14603337174489028,-7.815970093361102e-14,1.8727412127731256,0.00871386509945846,0.24866404421203506
2021-08-10 00:00:00+00:00,1940.6075533337516,0.0,3.195662533728526,-0.15021926362024385,-7.815970093361102e-14,1.8727412127731256,0.00871386509945846,0.24866404421203506
2021-08-11 00:00:00+00:00,1946.4829314365152,0.0,3.20533771284562,-0.14764646979487783,-7.815970093361102e-14,1.8727412127731256,0.00871386509945846,0.24866404421203506
2021-08-12 00:00:00+00:00,1910.5396958650708,0.0,3.1461488000438935,-0.16338580314916773,-7.815970093361102e-14,1.8727412127731256,0.00871386509945846,0.24866404421203506
2021-08-13 00:00:00+00:00,2010.4132667091133,0.0,3.310613906813009,-0.11965174860994499,-7.815970093361102e-14,1.8727412127731256,0.00871386509945846,0.24866404421203506
2021-08-16 00:00:00+00:00,1951.9907979626046,0.0,3.2144076985147803,-0.14523460714682146,-7.815970093361102e-14,1.8727412127731256,0.00871386509945846,0.24866404421203506
2021-08-17 00:00:00+00:00,1902.8900993167836,0.0,3.133551956830795,-0.1667355168904363,-7.815970093361102e-14,1.8727412127731256,0.00871386509945846,0.24866404421203506
2021-08-18 00:00:00+00:00,1895.4538721378585,0.0,3.1213064760033284,-0.16999179742852788,-7.815970093361102e-14,1.8727412127731256,0.00871386509945846,0.24866404421203506
2021-08-19 00:00:00+00:00,1956.597164961044,0.0,3.2219931551457353,-0.14321750588734994,-7.815970093361102e-14,1.8727412127731256,0.00871386509945846,0.24866404421203506
2021-08-20 00:00:00+00:00,2009.9540213991177,0.0,3.309857652397519,-0.11985284945438734,-7.815970093361102e-14,1.8727412127731256,0.00871386509945846,0.24866404421203506
2021-08-23 00:00:00+00:00,2027.2307211044472,0.0,3.3383077642503536,-0.11228748335417504,-7.815970093361102e-14,1.8727412127731256,0.00871386509945846,0.24866404421203506
2021-08-24 00:00:00+00:00,1975.1700070546635,0.0,3.2525776674658466,-0.13508456659013446,-7.815970093361102e-14,1.8727412127731256,0.00871386509945846,0.24866404421203506
2021-08-25 00:00:00+00:00,2001.9026549256753,0.0,3.2965992013828886,-0.12337849590408367,-7.815970093361102e-14,1.8727412127731256,0.00871386509945846,0.24866404421203506
2021-08-26 00:00:00+00:00,1945.5946857770275,0.0,3.203875009389739,-0.14803542739184705,-7.815970093361102e-14,1.8727412127731256,0.00871386509945846,0.24866404421203506
2021-08-27 00:00:00+00:00,2119.0583114178303,100.0,3.3248499873799413,-0.11586613392139578,-9.237055564881302e-14,2.0186217133751927,0.00914017571866317,0.25512044498102715
2021-08-30 00:00:00+00:00,2092.6414106555317,0.0,3.283401277973083,-0.12688804703956702,-9.237055564881302e-14,2.0186217133751927,0.00914017571866317,0.25512044498102715
2021-08-31 00:00:00+00:00,2143.1983831707366,0.0,3.362726301038011,-0.10579418127558515,-9.237055564881302e-14,2.0186217133751927,0.00914017571866317,0.25512044498102715
2021-09-01 00:00:00+00:00,2261.153886671876,0.0,3.5478011298966625,-0.05657965292882483,-9.237055564881302e-14,2.0186217133751927,0.00914017571866317,0.25512044498102715
2021-09-02 00:00:00+00:00,2257.1832527866627,0.0,3.5415711163326145,-0.05823631894353565,-9.237055564881302e-14,2.0186217133751927,0.00914017571866317,0.25512044498102715
2021-09-03 00:00:00+00:00,2302.590548106977,0.0,3.612816180453427,-0.039291050970772234,-9.237055564881302e-14,2.0186217133751927,0.00914017571866317,0.25512044498102715
2021-09-07 00:00:00+00:00,2142.3603234525795,0.0,3.361411366555876,-0.10614384460227444,-9.237055564881302e-14,2.0186217133751927,0.00914017571866317,0.25512044498102715
2021-09-08 00:00:00+00:00,2150.5372029528444,0.0,3.3742410737691104,-0.10273220838345287,-9.237055564881302e-14,2.0186217133751927,0.00914017571866317,0.25512044498102715
2021-09-09 00:00:00+00:00,2131.055882350726,0.0,3.343674445088298,-0.1108603921183986,-9.237055564881302e-14,2.0186217133751927,0.00914017571866317,0.25512044498102715
2021-09-10 00:00:00+00:00,2055.3780709879775,0.0,3.2249342628108115,-0.14243541559745798,-9.237055564881302e-14,2.0186217133751927,0.00914017571866317,0.25512044498102715
2021-09-13 00:00:00+00:00,2077.6510812524666,0.0,3.259881115145069,-0.13314245628234822,-9.237055564881302e-14,2.0186217133751927,0.00914017571866317,0.25512044498102715
2021-09-14 00:00:00+00:00,2131.210867762367,0.0,3.3439176206730195,-0.11079572761603851,-9.237055564881302e-14,2.0186217133751927,0.00914017571866317,0.25512044498102715
2021-09-15 00:00:00+00:00,2193.0374211931976,0.0,3.440924868791974,-0.08499985903772578,-9.237055564881302e-14,2.0186217133751927,0.00914017571866317,0.25512044498102715
2021-09-16 00:00:00+00:00,2176.472281094994,0.0,3.414933792685338,-0.09191132592763851,-9.237055564881302e-14,2.0186217133751927,0.00914017571866317,0.25512044498102715
2021-09-17 00:00:00+00:00,2121.431695820973,0.0,3.328573880705724,-0.11487588768006596,-9.237055564881302e-14,2.0186217133751927,0.00914017571866317,0.25512044498102715
2021-09-20 00:00:00+00:00,1961.0520165671828,0.0,3.0769345691918373,-0.1817910381953084,-9.237055564881302e-14,2.0186217133751927,0.00914017571866317,0.25512044498102715
2021-09-21 00:00:00+00:00,1885.4864599824336,0.0,2.9583705171771206,-0.21331922565748074,-9.237055564881302e-14,2.0186217133751927,0.00914017571866317,0.25512044498102715
2021-09-22 00:00:00+00:00,1998.302756428201,0.0,3.1353818149752395,-0.16624892664974444,-9.237055564881302e-14,2.0186217133751927,0.00914017571866317,0.25512044498102715
2021-09-23 00:00:00+00:00,2039.5157468597092,0.0,3.200045920713985,-0.14905364685657552,-9.237055564881302e-14,2.0186217133751927,0.00914017571866317,0.25512044498102715
2021-09-24 00:00:00+00:00,1964.9688559150238,0.0,3.083080177920992,-0.1801568168542741,-9.237055564881302e-14,2.0186217133751927,0.00914017571866317,0.25512044498102715
2021-09-27 00:00:00+00:00,2054.365427366924,100.0,3.0664431608628133,-0.18458088117822713,-9.947598300641403e-14,2.1654555318921243,0.009602863822074792,0.2616479654305783
2021-09-28 00:00:00+00:00,1994.3566479581023,0.0,2.9768712138476436,-0.20839957739228288,-9.947598300641403e-14,2.1654555318921243,0.009602863822074792,0.2616479654305783
2021-09-29 00:00:00+00:00,2012.4117318166382,0.0,3.0038210873605427,-0.20123315004977727,-9.947598300641403e-14,2.172546143807497,0.009602863822074792,0.2616479654305783
2021-09-30 00:00:00+00:00,2062.792565093312,0.0,3.0790219058623594,-0.181235980058153,-9.947598300641403e-14,2.172546143807497,0.009602863822074792,0.2616479654305783
2021-10-01 00:00:00+00:00,2195.435159180208,0.0,3.2770105256368764,-0.12858745621339662,-9.947598300641403e-14,2.172546143807497,0.009602863822074792,0.2616479654305783
2021-10-04 00:00:00+00:00,2215.1609326373773,0.0,3.306454149592325,-0.12075789843548035,-9.947598300641403e-14,2.172546143807497,0.009602863822074792,0.2616479654305783
2021-10-05 00:00:00+00:00,2278.8020211414805,0.0,3.401447853240949,-0.09549746539977311,-9.947598300641403e-14,2.172546143807497,0.009602863822074792,0.2616479654305783
2021-10-06 00:00:00+00:00,2335.1507812118625,0.0,3.485556682000975,-0.0731315047623895,-9.947598300641403e-14,2.172546143807497,0.009602863822074792,0.2616479654305783
2021-10-07 00:00:00+00:00,2331.2256023339432,0.0,3.479697774055476,-0.07468948751424742,-9.947598300641403e-14,2.172546143807497,0.009602863822074792,0.2616479654305783
2021-10-08 00:00:00+00:00,2324.8020477819364,0.0,3.4701096722202163,-0.07723912601707916,-9.947598300641403e-14,2.172546143807497,0.009602863822074792,0.2616479654305783
2021-10-11 00:00:00+00:00,2346.740576251482,0.0,3.502856159134696,-0.06853128109592932,-9.947598300641403e-14,2.172546143807497,0.009602863822074792,0.2616479654305783
2021-10-12 00:00:00+00:00,2317.588798931179,0.0,3.459342835263484,-0.08010221013218988,-9.947598300641403e-14,2.172546143807497,0.009602863822074792,0.2616479654305783
2021-10-13 00:00:00+00:00,2363.8669517032927,0.0,3.5284197984828745,-0.06173347687205977,-9.947598300641403e-14,2.172546143807497,0.009602863822074792,0.2616479654305783
2021-10-14 00:00:00+00:00,2426.2696680651984,0.0,3.6215650492051306,-0.03696457874417003,-9.947598300641403e-14,2.172546143807497,0.009602863822074792,0.2616479654305783
2021-10-15 00:00:00+00:00,2495.1370533400623,0.0,3.7243597710055636,-0.009629722993426681,-9.947598300641403e-14,2.172546143807497,0.009602863822074792,0.2616479654305783
2021-10-18 00:00:00+00:00,2468.6407371783116,0.0,3.684810114260027,-0.020146645878139524,-9.947598300641403e-14,2.172546143807497,0.009602863822074792,0.2616479654305783
2021-10-19 00:00:00+00:00,2531.954434656888,0.0,3.779315138554053,0.0,-9.947598300641403e-14,2.172546143807497,0.009602863822074792,0.2616479654305783
2021-10-20 00:00:00+00:00,2626.3164540088565,0.0,3.9201643589665647,0.0,-9.947598300641403e-14,2.172546143807497,0.009602863822074792,0.2616479654305783
2021-10-21 00:00:00+00:00,2563.662404955515,0.0,3.826643957162379,-0.023856245106222973,-9.947598300641403e-14,2.172546143807497,0.009602863822074792,0.2616479654305783
2021-10-22 00:00:00+00:00,2527.159758596224,0.0,3.7721583779218317,-0.03775504481239411,-9.947598300641403e-14,2.172546143807497,0.009602863822074792,0.2616479654305783
2021-10-25 00:00:00+00:00,2619.741855986254,0.0,3.9103508024915263,-0.0025033533230799376,-9.947598300641403e-14,2.172546143807497,0.009602863822074792,0.2616479654305783
2021-10-26 00:00:00+00:00,2570.9558652904793,0.0,3.837530521580395,-0.021079176743485695,-9.947598300641403e-14,2.172546143807497,0.009602863822074792,0.2616479654305783
2021-10-27 00:00:00+00:00,2591.718679552024,100.0,3.71925734434672,-0.05124964063313098,-1.0302869668521453e-13,2.3154475759013438,0.009933883694048708,0.26648154604075047
2021-10-28 00:00:00+00:00,2719.651844845651,0.0,3.9028483985602467,-0.00441715163465306,-1.0302869668521453e-13,2.3154475759013438,0.009933883694048708,0.26648154604075047
2021-10-29 00:00:00+00:00,2773.46310228956,0.0,3.980070481356434,0.0,-1.0302869668521453e-13,2.3154475759013438,0.009933883694048708,0.26648154604075047
2021-11-01 00:00:00+00:00,2735.6823638152696,0.0,3.925853065649249,-0.01362222502369026,-1.0302869668521453e-13,2.3154475759013438,0.009933883694048708,0.26648154604075047
2021-11-02 00:00:00+00:00,2834.488442165444,0.0,4.067645165026911,0.0,-1.0302869668521453e-13,2.3154475759013438,0.009933883694048708,0.26648154604075047
2021-11-03 00:00:00+00:00,2840.7891188555986,0.0,4.076686978954903,0.0,-1.0302869668521453e-13,2.3154475759013438,0.009933883694048708,0.26648154604075047
2021-11-04 00:00:00+00:00,2811.5764014420233,0.0,4.034765139734473,-0.010283310795467848,-1.0302869668521453e-13,2.3154475759013438,0.009933883694048708,0.26648154604075047
2021-11-05 00:00:00+00:00,2794.9310807041247,0.0,4.0108781986509845,-0.016142711138638743,-1.0302869668521453e-13,2.3154475759013438,0.009933883694048708,0.26648154604075047
2021-11-08 00:00:00+00:00,2950.522143453049,0.0,4.2341598408327945,0.0,-1.0302869668521453e-13,2.3154475759013438,0.009933883694048708,0.26648154604075047
2021-11-09 00:00:00+00:00,2921.123015120067,0.0,4.1919704917986875,-0.00996404260114303,-1.0302869668521453e-13,2.3154475759013438,0.009933883694048708,0.26648154604075047
2021-11-10 00:00:00+00:00,2865.0016477934687,0.0,4.11143327560657,-0.028984868271313524,-1.0302869668521453e-13,2.3154475759013438,0.009933883694048708,0.26648154604075047
2021-11-11 00:00:00+00:00,2888.293227338706,0.0,4.144857959762503,-0.021090814807956604,-1.0302869668521453e-13,2.3154475759013438,0.009933883694048708,0.26648154604075047
2021-11-12 00:00:00+00:00,2874.888583994261,0.0,4.125621567093607,-0.02563395757819087,-1.0302869668521453e-13,2.3154475759013438,0.009933883694048708,0.26648154604075047
2021-11-15 00:00:00+00:00,2843.1350122025724,0.0,4.080053463569389,-0.03639597536617689,-1.0302869668521453e-13,2.3154475759013438,0.009933883694048708,0.26648154604075047
2021-11-16 00:00:00+00:00,2717.3484213560996,0.0,3.8995428605023363,-0.07902795192177825,-1.0302869668521453e-13,2.3154475759013438,0.009933883694048708,0.26648154604075047
2021-11-17 00:00:00+00:00,2738.57766646668,0.0,3.930007982514001,-0.07183287116033188,-1.0302869668521453e-13,2.3154475759013438,0.009933883694048708,0.26648154604075047
2021-11-18 00:00:00+00:00,2630.2040177450453,0.0,3.7744858989940178,-0.10856320004876474,-1.0302869668521453e-13,2.3154475759013438,0.009933883694048708,0.26648154604075047
2021-11-19 00:00:00+00:00,2719.23216260525,0.0,3.9022461317065096,-0.07838950856919058,-1.0302869668521453e-13,2.3154475759013438,0.009933883694048708,0.26648154604075047
2021-11-22 00:00:00+00:00,2643.0226142700944,0.0,3.7928812825848963,-0.10421868206116314,-1.0302869668521453e-13,2.3154475759013438,0.009933883694048708,0.26648154604075047
2021-11-23 00:00:00+00:00,2724.7196819371798,0.0,3.9101210205740973,-0.07652966171323461,-1.0302869668521453e-13,2.3154475759013438,0.009933883694048708,0.26648154604075047
2021-11-24 00:00:00+00:00,2704.4958731700717,0.0,3.881098754430331,-0.08338397691028643,-1.0302869668521453e-13,2.3154475759013438,0.009933883694048708,0.26648154604075047
2021-11-26 00:00:00+00:00,2588.061363855693,0.0,3.7140088972943848,-0.12284631735492157,-1.0302869668521453e-13,2.3154475759013438,0.009933883694048708,0.26648154604075047
2021-11-29 00:00:00+00:00,2848.4353379593485,100.0,3.9441542775523186,-0.06849187895170161,-1.0658141036401503e-13,2.455988024900673,0.010282553677745556,0.27113139573294326
2021-11-30 00:00:00+00:00,2870.212388298963,0.0,3.9743083923762823,-0.06137025011446029,-1.0658141036401503e-13,2.455988024900673,0.010282553677745556,0.27113139573294326
2021-12-01 00:00:00+00:00,2847.948378796106,0.0,3.9434799978728394,-0.06865112652496907,-1.0658141036401503e-13,2.455988024900673,0.010282553677745556,0.27113139573294326
2021-12-02 00:00:00+00:00,2836.783115283957,0.0,3.9280197480807586,-0.07230244115957196,-1.0658141036401503e-13,2.455988024900673,0.010282553677745556,0.27113139573294326
2021-12-03 00:00:00+00:00,2717.9264810413606,0.0,3.7634420600721366,-0.11117147166274077,-1.0658141036401503e-13,2.455988024900673,0.010282553677745556,0.27113139573294326
2021-12-06 00:00:00+00:00,2733.4247634467356,0.0,3.7849021283521727,-0.10610315372323298,-1.0658141036401503e-13,2.455988024900673,0.010282553677745556,0.27113139573294326
2021-12-07 00:00:00+00:00,2745.0621212996234,0.0,3.801016074890892,-0.10229745267639911,-1.0658141036401503e-13,2.455988024900673,0.010282553677745556,0.27113139573294326
2021-12-08 00:00:00+00:00,2782.2083517457686,0.0,3.8524514934017677,-0.09014972551342104,-1.0658141036401503e-13,2.455988024900673,0.010282553677745556,0.27113139573294326
2021-12-09 00:00:00+00:00,2655.087410448496,0.0,3.6764304345058645,-0.13172138683768564,-1.0658141036401503e-13,2.455988024900673,0.010282553677745556,0.27113139573294326
2021-12-10 00:00:00+00:00,2604.653462209437,0.0,3.6065958590004765,-0.14821452316946204,-1.0658141036401503e-13,2.455988024900673,0.010282553677745556,0.27113139573294326
2021-12-13 00:00:00+00:00,2559.266915800259,0.0,3.543750289442513,-0.163057035478965,-1.0658141036401503e-13,2.455988024900673,0.010282553677745556,0.27113139573294326
2021-12-14 00:00:00+00:00,2589.8576539076817,0.0,3.5861084883287515,-0.1530531148716816,-1.0658141036401503e-13,2.455988024900673,0.010282553677745556,0.27113139573294326
2021-12-15 00:00:00+00:00,2654.984367550087,0.0,3.6762877536862875,-0.1317550843892521,-1.0658141036401503e-13,2.455988024900673,0.010282553677745556,0.27113139573294326
2021-12-16 00:00:00+00:00,2616.1762975116985,0.0,3.622551229143969,-0.144446273801636,-1.0658141036401503e-13,2.455988024900673,0.010282553677745556,0.27113139573294326
2021-12-17 00:00:00+00:00,2567.3913317577753,0.0,3.554999956768438,-0.1604001524729346,-1.0658141036401503e-13,2.455988024900673,0.010282553677745556,0.27113139573294326
2021-12-20 00:00:00+00:00,2582.9612919892593,0.0,3.5765592754687607,-0.15530839412871433,-1.0658141036401503e-13,2.455988024900673,0.010282553677745556,0.27113139573294326
2021-12-21 00:00:00+00:00,2640.3294795420734,0.0,3.6559955116776393,-0.13654759170391617,-1.0658141036401503e-13,2.46483255881543,0.010282553677745556,0.27113139573294326
2021-12-22 00:00:00+00:00,2638.4338159011413,0.0,3.653370635571609,-0.13716752014419775,-1.0658141036401503e-13,2.46483255881543,0.010282553677745556,0.27113139573294326
2021-12-23 00:00:00+00:00,2703.870282713995,0.0,3.743978808082461,-0.11576819278837669,-1.0658141036401503e-13,2.46483255881543,0.010282553677745556,0.27113139573294326
2021-12-27 00:00:00+00:00,2797.972216717685,100.0,3.735811909603629,-0.11769700482803414,-1.2079226507921703e-13,2.6030186848869166,0.010675854439501795,0.27604580226772396
2021-12-28 00:00:00+00:00,2695.914397249644,0.0,3.599545789747674,-0.14987956877893904,-1.2079226507921703e-13,2.6030186848869166,0.010675854439501795,0.27604580226772396
2021-12-29 00:00:00+00:00,2640.8998905274157,0.0,3.5260912185457585,-0.167227655285628,-1.2079226507921703e-13,2.6030186848869166,0.010675854439501795,0.27604580226772396
2021-12-30 00:00:00+00:00,2666.507451843233,0.0,3.560282062889367,-0.15915265442857873,-1.2079226507921703e-13,2.6030186848869166,0.010675854439501795,0.27604580226772396
2021-12-31 00:00:00+00:00,2644.6129442523998,0.0,3.531048834008812,-0.16605679361544634,-1.2079226507921703e-13,2.6030186848869166,0.010675854439501795,0.27604580226772396
2022-01-03 00:00:00+00:00,2678.7858865211215,0.0,3.5766760507305886,-0.15528081480572753,-1.2079226507921703e-13,2.6030186848869166,0.010675854439501795,0.27604580226772396
2022-01-04 00:00:00+00:00,2677.0670080246737,0.0,3.5743810291003437,-0.1558228400755609,-1.2079226507921703e-13,2.6030186848869166,0.010675854439501795,0.27604580226772396
2022-01-05 00:00:00+00:00,2562.2700148284407,0.0,3.421105749307798,-0.1920225315266042,-1.2079226507921703e-13,2.6030186848869166,0.010675854439501795,0.27604580226772396
2022-01-06 00:00:00+00:00,2519.882346097362,0.0,3.364510348996189,-0.20538891410050286,-1.2079226507921703e-13,2.6030186848869166,0.010675854439501795,0.27604580226772396
2022-01-07 00:00:00+00:00,2442.5222406451394,0.0,3.2612202585693306,-0.22978338533202414,-1.2079226507921703e-13,2.6030186848869166,0.010675854439501795,0.27604580226772396
2022-01-10 00:00:00+00:00,2411.6217769643335,0.0,3.2199624077796436,-0.23952743192937043,-1.2079226507921703e-13,2.6030186848869166,0.010675854439501795,0.27604580226772396
2022-01-11 00:00:00+00:00,2474.414194626523,0.0,3.303801932823391,-0.21972668557227082,-1.2079226507921703e-13,2.6030186848869166,0.010675854439501795,0.27604580226772396
2022-01-12 00:00:00+00:00,2526.609880884002,0.0,3.373492855837405,-0.2032674762760277,-1.2079226507921703e-13,2.6030186848869166,0.010675854439501795,0.27604580226772396
2022-01-13 00:00:00+00:00,2460.671606891196,0.0,3.2854530290624253,-0.2240602262156861,-1.2079226507921703e-13,2.6030186848869166,0.010675854439501795,0.27604580226772396
2022-01-14 00:00:00+00:00,2484.7889452113227,0.0,3.3176541492829696,-0.2164551471844205,-1.2079226507921703e-13,2.6030186848869166,0.010675854439501795,0.27604580226772396
2022-01-18 00:00:00+00:00,2416.9994594144146,0.0,3.227142611365312,-0.2378316519268242,-1.2079226507921703e-13,2.6030186848869166,0.010675854439501795,0.27604580226772396
2022-01-19 00:00:00+00:00,2377.198728211978,0.0,3.174001252509568,-0.2503822784627586,-1.2079226507921703e-13,2.6030186848869166,0.010675854439501795,0.27604580226772396
2022-01-20 00:00:00+00:00,2332.065383221151,0.0,3.113739865091369,-0.2646144732035095,-1.2079226507921703e-13,2.6030186848869166,0.010675854439501795,0.27604580226772396
2022-01-21 00:00:00+00:00,2146.221445873487,0.0,2.8656037362467823,-0.32321786518027107,-1.2079226507921703e-13,2.6030186848869166,0.010675854439501795,0.27604580226772396
2022-01-24 00:00:00+00:00,2117.3189909225484,0.0,2.8270135977252626,-0.33233186653406255,-1.2079226507921703e-13,2.6030186848869166,0.010675854439501795,0.27604580226772396
2022-01-25 00:00:00+00:00,2113.1131885034033,0.0,2.821398071354771,-0.3336581098932144,-1.2079226507921703e-13,2.6030186848869166,0.010675854439501795,0.27604580226772396
2022-01-26 00:00:00+00:00,2110.3283334300418,0.0,2.8176797732646675,-0.3345362765732356,-1.2079226507921703e-13,2.6030186848869166,0.010675854439501795,0.27604580226772396
2022-01-27 00:00:00+00:00,2196.957175676885,100.0,2.7998267974270337,-0.3387526917556446,-1.2079226507921703e-13,2.7518535072940438,0.01121841169080721,0.28415381483879126
2022-01-28 00:00:00+00:00,2264.2565207408848,0.0,2.8855938355129815,-0.3184967162351081,-1.2079226507921703e-13,2.7518535072940438,0.01121841169080721,0.28415381483879126
2022-01-31 00:00:00+00:00,2333.4560493445265,0.0,2.9737824887552105,-0.2976688172994638,-1.2079226507921703e-13,2.7518535072940438,0.01121841169080721,0.28415381483879126
2022-02-01 00:00:00+00:00,2371.938160062283,0.0,3.022824521072446,-0.2860863465943452,-1.2079226507921703e-13,2.7518535072940438,0.01121841169080721,0.28415381483879126
2022-02-02 00:00:00+00:00,2332.4103035222583,0.0,2.972449778582751,-0.29798356927448555,-1.2079226507921703e-13,2.7518535072940438,0.01121841169080721,0.28415381483879126
2022-02-03 00:00:00+00:00,2314.385775132069,0.0,2.9494791179997613,-0.3034086503877369,-1.2079226507921703e-13,2.7518535072940438,0.01121841169080721,0.28415381483879126
2022-02-04 00:00:00+00:00,2452.629494969512,0.0,3.1256584608026614,-0.26179960646268563,-1.2079226507921703e-13,2.7518535072940438,0.01121841169080721,0.28415381483879126
2022-02-07 00:00:00+00:00,2515.4447676162818,0.0,3.2057109468461937,-0.24289326162621216,-1.2079226507921703e-13,2.7518535072940438,0.01121841169080721,0.28415381483879126
2022-02-08 00:00:00+00:00,2520.3275073223253,0.0,3.211933564940527,-0.2414236387663653,-1.2079226507921703e-13,2.7518535072940438,0.01121841169080721,0.28415381483879126
2022-02-09 00:00:00+00:00,2576.9163964717195,0.0,3.284051078213532,-0.224391331063305,-1.2079226507921703e-13,2.7518535072940438,0.01121841169080721,0.28415381483879126
2022-02-10 00:00:00+00:00,2498.020339290594,0.0,3.183505060497464,-0.24813772267243517,-1.2079226507921703e-13,2.7518535072940438,0.01121841169080721,0.28415381483879126
2022-02-11 00:00:00+00:00,2421.573166351913,0.0,3.086079928250491,-0.2711470411463006,-1.2079226507921703e-13,2.7518535072940438,0.01121841169080721,0.28415381483879126
2022-02-14 00:00:00+00:00,2420.3884382134447,0.0,3.0845700974597623,-0.27150362447038023,-1.2079226507921703e-13,2.7518535072940438,0.01121841169080721,0.28415381483879126
2022-02-15 00:00:00+00:00,2532.8670541462466,0.0,3.2279141036664987,-0.23764944522462395,-1.2079226507921703e-13,2.7518535072940438,0.01121841169080721,0.28415381483879126
2022-02-16 00:00:00+00:00,2509.288646052351,0.0,3.197865516669522,-0.24474615109462883,-1.2079226507921703e-13,2.7518535072940438,0.01121841169080721,0.28415381483879126
2022-02-17 00:00:00+00:00,2382.1175455002776,0.0,3.0357972437300274,-0.28302252209426926,-1.2079226507921703e-13,2.7518535072940438,0.01121841169080721,0.28415381483879126
2022-02-18 00:00:00+00:00,2337.0371572250338,0.0,2.9783462926924607,-0.29659096381522865,-1.2079226507921703e-13,2.7518535072940438,0.01121841169080721,0.28415381483879126
2022-02-22 00:00:00+00:00,2264.7574286373383,0.0,2.886232198138828,-0.3183459513490756,-1.2079226507921703e-13,2.7518535072940438,0.01121841169080721,0.28415381483879126
2022-02-23 00:00:00+00:00,2218.1166940081666,0.0,2.8267927242554993,-0.332384031184918,-1.2079226507921703e-13,2.7518535072940438,0.01121841169080721,0.28415381483879126
2022-02-24 00:00:00+00:00,2251.2879103916684,0.0,2.8690664934313435,-0.3224000507106406,-1.2079226507921703e-13,2.7518535072940438,0.01121841169080721,0.28415381483879126
2022-02-25 00:00:00+00:00,2333.917085804705,0.0,2.97437003877671,-0.2975300530478564,-1.2079226507921703e-13,2.7518535072940438,0.01121841169080721,0.28415381483879126
2022-02-28 00:00:00+00:00,2524.4248459671553,100.0,3.0897141406479043,-0.27028873335112336,-1.2079226507921703e-13,2.902843020845843,0.011748133767911974,0.2917853156327177
2022-03-01 00:00:00+00:00,2537.9255480694937,0.0,3.1062380273704218,-0.26638621494282744,-1.2079226507921703e-13,2.902843020845843,0.011748133767911974,0.2917853156327177
2022-03-02 00:00:00+00:00,2544.3240614691304,0.0,3.1140693467941567,-0.2645366580724863,-1.2079226507921703e-13,2.902843020845843,0.011748133767911974,0.2917853156327177
2022-03-03 00:00:00+00:00,2488.4927949233283,0.0,3.0457358988753467,-0.28067526655387276,-1.2079226507921703e-13,2.902843020845843,0.011748133767911974,0.2917853156327177
2022-03-04 00:00:00+00:00,2378.429616537941,0.0,2.911026497973495,-0.31249017339861673,-1.2079226507921703e-13,2.902843020845843,0.011748133767911974,0.2917853156327177
2022-03-07 00:00:00+00:00,2292.5256383227816,0.0,2.805886217543558,-0.3373216120741245,-1.2079226507921703e-13,2.902843020845843,0.011748133767911974,0.2917853156327177
2022-03-08 00:00:00+00:00,2317.5608657436205,0.0,2.836527532257313,-0.3300849191136319,-1.2079226507921703e-13,2.902843020845843,0.011748133767911974,0.2917853156327177
2022-03-09 00:00:00+00:00,2428.9565624494116,0.0,2.9728678395827806,-0.2978848339844291,-1.2079226507921703e-13,2.902843020845843,0.011748133767911974,0.2917853156327177
2022-03-10 00:00:00+00:00,2359.1787592622823,0.0,2.8874648355856376,-0.31805483398621115,-1.2079226507921703e-13,2.902843020845843,0.011748133767911974,0.2917853156327177
2022-03-11 00:00:00+00:00,2322.016232192212,0.0,2.8419805798059348,-0.32879704908661156,-1.2079226507921703e-13,2.902843020845843,0.011748133767911974,0.2917853156327177
2022-03-14 00:00:00+00:00,2334.392219279891,0.0,2.8571278963799904,-0.3252196412551972,-1.2079226507921703e-13,2.902843020845843,0.011748133767911974,0.2917853156327177
2022-03-15 00:00:00+00:00,2362.4744989953188,0.0,2.8914985835790956,-0.3171021661264488,-1.2079226507921703e-13,2.902843020845843,0.011748133767911974,0.2917853156327177
2022-03-16 00:00:00+00:00,2454.98745636809,0.0,3.0047277783576387,-0.2903603332635041,-1.2079226507921703e-13,2.902843020845843,0.011748133767911974,0.2917853156327177
2022-03-17 00:00:00+00:00,2478.0275165171106,0.0,3.0329271520714296,-0.28370036416128797,-1.2079226507921703e-13,2.902843020845843,0.011748133767911974,0.2917853156327177
2022-03-18 00:00:00+00:00,2537.952838928731,0.0,3.106271429415972,-0.2663783262360223,-1.2079226507921703e-13,2.902843020845843,0.011748133767911974,0.2917853156327177
2022-03-21 00:00:00+00:00,2514.8726161983113,0.0,3.07802289959604,-0.27304990475025614,-1.2079226507921703e-13,2.902843020845843,0.011748133767911974,0.2917853156327177
2022-03-22 00:00:00+00:00,2567.9187263709023,0.0,3.142947516769117,-0.25771637469620245,-1.2079226507921703e-13,2.902843020845843,0.011748133767911974,0.2917853156327177
2022-03-23 00:00:00+00:00,2577.873352801025,0.0,3.1551312623439367,-0.2548388863554639,-1.2079226507921703e-13,2.902843020845843,0.011748133767911974,0.2917853156327177
2022-03-24 00:00:00+00:00,2630.31521898462,0.0,3.219316328406913,-0.23968001931317673,-1.2079226507921703e-13,2.9124766286682724,0.011748133767911974,0.2917853156327177
2022-03-25 00:00:00+00:00,2637.6956051172065,0.0,3.228349389317291,-0.23754664191365904,-1.2079226507921703e-13,2.9124766286682724,0.011748133767911974,0.2917853156327177
2022-03-28 00:00:00+00:00,2847.158935900942,100.0,3.362324619970415,-0.20590512725917842,-1.2079226507921703e-13,3.056808794715213,0.012174590958316528,0.2978448289191828
2022-03-29 00:00:00+00:00,2887.297009887241,0.0,3.4097252875835213,-0.19471030481624885,-1.2079226507921703e-13,3.056808794715213,0.012174590958316528,0.2978448289191828
2022-03-30 00:00:00+00:00,2870.3769970780822,0.0,3.3897437632221328,-0.19942942858873702,-1.2079226507921703e-13,3.056808794715213,0.012174590958316528,0.2978448289191828
2022-03-31 00:00:00+00:00,2800.5458657224135,0.0,3.3072773686570343,-0.21890587673077944,-1.2079226507921703e-13,3.056808794715213,0.012174590958316528,0.2978448289191828
2022-04-01 00:00:00+00:00,2865.2096276190205,0.0,3.3836414085788404,-0.20087064830473433,-1.2079226507921703e-13,3.056808794715213,0.012174590958316528,0.2978448289191828
2022-04-04 00:00:00+00:00,2898.7647037220186,0.0,3.423267948946314,-0.19151187540595782,-1.2079226507921703e-13,3.056808794715213,0.012174590958316528,0.2978448289191828
2022-04-05 00:00:00+00:00,2836.204749351531,0.0,3.349388380035787,-0.20896033547542847,-1.2079226507921703e-13,3.056808794715213,0.012174590958316528,0.2978448289191828
2022-04-06 00:00:00+00:00,2724.004870485801,0.0,3.216887025681796,-0.24025375833495144,-1.2079226507921703e-13,3.056808794715213,0.012174590958316528,0.2978448289191828
2022-04-07 00:00:00+00:00,2751.1424282889493,0.0,3.2489348603062873,-0.23268488143157307,-1.2079226507921703e-13,3.056808794715213,0.012174590958316528,0.2978448289191828
2022-04-08 00:00:00+00:00,2723.206315599161,0.0,3.2159439800646754,-0.2404764815321312,-1.2079226507921703e-13,3.056808794715213,0.012174590958316528,0.2978448289191828
2022-04-11 00:00:00+00:00,2604.940686254661,0.0,3.076279336750523,-0.27346168959330885,-1.2079226507921703e-13,3.056808794715213,0.012174590958316528,0.2978448289191828
2022-04-12 00:00:00+00:00,2621.318276471184,0.0,3.095620292433201,-0.26889385171998137,-1.2079226507921703e-13,3.056808794715213,0.012174590958316528,0.2978448289191828
2022-04-13 00:00:00+00:00,2675.2789647934246,0.0,3.1593446418429423,-0.2538437941394419,-1.2079226507921703e-13,3.056808794715213,0.012174590958316528,0.2978448289191828
2022-04-14 00:00:00+00:00,2616.789930547602,0.0,3.0902725864113787,-0.27015684277909324,-1.2079226507921703e-13,3.056808794715213,0.012174590958316528,0.2978448289191828
2022-04-18 00:00:00+00:00,2637.4604665037928,0.0,3.1146832545609917,-0.26439166879718434,-1.2079226507921703e-13,3.056808794715213,0.012174590958316528,0.2978448289191828
2022-04-19 00:00:00+00:00,2679.30458227087,0.0,3.1640986556018245,-0.2527210179718925,-1.2079226507921703e-13,3.056808794715213,0.012174590958316528,0.2978448289191828
2022-04-20 00:00:00+00:00,2669.0499760629546,0.0,3.1519885782590347,-0.2555811077649145,-1.2079226507921703e-13,3.056808794715213,0.012174590958316528,0.2978448289191828
2022-04-21 00:00:00+00:00,2612.295499597338,0.0,3.0849649319470354,-0.2714103746871611,-1.2079226507921703e-13,3.056808794715213,0.012174590958316528,0.2978448289191828
2022-04-22 00:00:00+00:00,2563.0052990702216,0.0,3.0267561496181488,-0.28515779673002806,-1.2079226507921703e-13,3.056808794715213,0.012174590958316528,0.2978448289191828
2022-04-25 00:00:00+00:00,2591.448510932025,0.0,3.0603458836888646,-0.27722476270831065,-1.2079226507921703e-13,3.056808794715213,0.012174590958316528,0.2978448289191828
2022-04-26 00:00:00+00:00,2470.2032408872005,0.0,2.9171624627051416,-0.31104101584143784,-1.2079226507921703e-13,3.056808794715213,0.012174590958316528,0.2978448289191828
2022-04-27 00:00:00+00:00,2611.5852461374016,100.0,2.966032138831061,-0.2994992512498801,-1.2434497875801753e-13,3.2131843227269568,0.012698565024729632,0.30495241233172043
2022-04-28 00:00:00+00:00,2663.522433098632,0.0,3.0250182913816346,-0.28556823429068756,-1.2434497875801753e-13,3.2131843227269568,0.012698565024729632,0.30495241233172043
2022-04-29 00:00:00+00:00,2566.0387049053757,0.0,2.9143039766710905,-0.3117161169574809,-1.2434497875801753e-13,3.2131843227269568,0.012698565024729632,0.30495241233172043
2022-05-02 00:00:00+00:00,2584.8032949749545,0.0,2.9356153151773405,-0.3066829251774421,-1.2434497875801753e-13,3.2131843227269568,0.012698565024729632,0.30495241233172043
2022-05-03 00:00:00+00:00,2557.1716861102077,0.0,2.9042335174505904,-0.3140945012412729,-1.2434497875801753e-13,3.2131843227269568,0.012698565024729632,0.30495241233172043
2022-05-04 00:00:00+00:00,2667.8484134548175,0.0,3.0299313980042792,-0.2844078844675032,-1.2434497875801753e-13,3.2131843227269568,0.012698565024729632,0.30495241233172043
2022-05-05 00:00:00+00:00,2524.754849861569,0.0,2.8674170366196874,-0.3227896101211639,-1.2434497875801753e-13,3.2131843227269568,0.012698565024729632,0.30495241233172043
2022-05-06 00:00:00+00:00,2493.419296101193,0.0,2.831828590989277,-0.33119468857077927,-1.2434497875801753e-13,3.2131843227269568,0.012698565024729632,0.30495241233172043
2022-05-09 00:00:00+00:00,2237.2318204265753,0.0,2.5408711016479777,-0.3999113880527885,-1.2434497875801753e-13,3.2131843227269568,0.012698565024729632,0.30495241233172043
2022-05-10 00:00:00+00:00,2286.8109954792044,0.0,2.597179210617549,-0.3866128563283706,-1.2434497875801753e-13,3.2131843227269568,0.012698565024729632,0.30495241233172043
2022-05-11 00:00:00+00:00,2165.135622355184,0.0,2.4589899373690973,-0.4192496198052241,-1.2434497875801753e-13,3.2131843227269568,0.012698565024729632,0.30495241233172043
2022-05-12 00:00:00+00:00,2125.244911719007,0.0,2.4136852206409323,-0.4299494323846317,-1.2434497875801753e-13,3.2131843227269568,0.012698565024729632,0.30495241233172043
2022-05-13 00:00:00+00:00,2170.9424469243268,0.0,2.465584869823286,-0.4176920658388883,-1.2434497875801753e-13,3.2131843227269568,0.012698565024729632,0.30495241233172043
2022-05-16 00:00:00+00:00,2178.414778545516,0.0,2.474071353568448,-0.4156877759527765,-1.2434497875801753e-13,3.2131843227269568,0.012698565024729632,0.30495241233172043
2022-05-17 00:00:00+00:00,2229.7637886756706,0.0,2.532389501355682,-0.4019145245925341,-1.2434497875801753e-13,3.2131843227269568,0.012698565024729632,0.30495241233172043
2022-05-18 00:00:00+00:00,2106.4996114579517,0.0,2.392395789974803,-0.43497745009450206,-1.2434497875801753e-13,3.2131843227269568,0.012698565024729632,0.30495241233172043
2022-05-19 00:00:00+00:00,2150.9724226129188,0.0,2.4429044943660885,-0.42304858904769016,-1.2434497875801753e-13,3.2131843227269568,0.012698565024729632,0.30495241233172043
2022-05-20 00:00:00+00:00,2118.621347446312,0.0,2.406162699775307,-0.43172605895245286,-1.2434497875801753e-13,3.2131843227269568,0.012698565024729632,0.30495241233172043
2022-05-23 00:00:00+00:00,2143.61490116606,0.0,2.4345484029439155,-0.42502208361008,-1.2434497875801753e-13,3.2131843227269568,0.012698565024729632,0.30495241233172043
2022-05-24 00:00:00+00:00,2143.947564909827,0.0,2.4349262161349254,-0.42493285382065016,-1.2434497875801753e-13,3.2131843227269568,0.012698565024729632,0.30495241233172043
2022-05-25 00:00:00+00:00,2141.007532173171,0.0,2.4315871592923295,-0.42572145344090895,-1.2434497875801753e-13,3.2131843227269568,0.012698565024729632,0.30495241233172043
2022-05-26 00:00:00+00:00,2114.1427365810505,0.0,2.401076247482268,-0.43292734857878845,-1.2434497875801753e-13,3.2131843227269568,0.012698565024729632,0.30495241233172043
2022-05-27 00:00:00+00:00,2216.9788202986665,100.0,2.4042972472437367,-0.4321666310143718,-1.3500311979441904e-13,3.3731299540079718,0.013382438714217916,0.31609491275718726
2022-05-31 00:00:00+00:00,2320.110160869321,0.0,2.5161424286086977,-0.40575166663670137,-1.3500311979441904e-13,3.3731299540079718,0.013382438714217916,0.31609491275718726
2022-06-01 00:00:00+00:00,2243.5028676323277,0.0,2.433062381762024,-0.42537304371497753,-1.3500311979441904e-13,3.3731299540079718,0.013382438714217916,0.31609491275718726
2022-06-02 00:00:00+00:00,2281.374985282227,0.0,2.474134415188431,-0.41567288241489564,-1.3500311979441904e-13,3.3731299540079718,0.013382438714217916,0.31609491275718726
2022-06-03 00:00:00+00:00,2231.721811498709,0.0,2.4202859129151686,-0.42839051809646955,-1.3500311979441904e-13,3.3731299540079718,0.013382438714217916,0.31609491275718726
2022-06-06 00:00:00+00:00,2284.363044260754,0.0,2.4773749432038077,-0.41490755277756686,-1.3500311979441904e-13,3.3731299540079718,0.013382438714217916,0.31609491275718726
2022-06-07 00:00:00+00:00,2278.8262838580254,0.0,2.4713703672137064,-0.4163256796825068,-1.3500311979441904e-13,3.3731299540079718,0.013382438714217916,0.31609491275718726
2022-06-08 00:00:00+00:00,2245.62702698887,0.0,2.435366016982569,-0.4248289841359485,-1.3500311979441904e-13,3.3731299540079718,0.013382438714217916,0.31609491275718726
2022-06-09 00:00:00+00:00,2213.4002998279184,0.0,2.400416368076896,-0.4330831951765026,-1.3500311979441904e-13,3.3731299540079718,0.013382438714217916,0.31609491275718726
2022-06-10 00:00:00+00:00,2123.448961176872,0.0,2.3028648019886533,-0.4561223740821946,-1.3500311979441904e-13,3.3731299540079718,0.013382438714217916,0.31609491275718726
2022-06-13 00:00:00+00:00,1845.2626774759772,0.0,2.001173820550715,-0.5273740492146572,-1.3500311979441904e-13,3.3731299540079718,0.013382438714217916,0.31609491275718726
2022-06-14 00:00:00+00:00,1837.3737424071032,0.0,1.992618328411542,-0.5293946371142133,-1.3500311979441904e-13,3.3731299540079718,0.013382438714217916,0.31609491275718726
2022-06-15 00:00:00+00:00,1869.0022768451897,0.0,2.0269192417029016,-0.5212936407936273,-1.3500311979441904e-13,3.3731299540079718,0.013382438714217916,0.31609491275718726
2022-06-16 00:00:00+00:00,1747.7476086432823,0.0,1.895419444634915,-0.5523505214998886,-1.3500311979441904e-13,3.3731299540079718,0.013382438714217916,0.31609491275718726
2022-06-17 00:00:00+00:00,1757.4480678072616,0.0,1.9059395213498624,-0.5498659490910969,-1.3500311979441904e-13,3.3731299540079718,0.013382438714217916,0.31609491275718726
2022-06-21 00:00:00+00:00,1801.0854778467285,0.0,1.9532639720275653,-0.5386891271342775,-1.3500311979441904e-13,3.3731299540079718,0.013382438714217916,0.31609491275718726
2022-06-22 00:00:00+00:00,1764.864166733625,0.0,1.9139822261653916,-0.5479664684106633,-1.3500311979441904e-13,3.3731299540079718,0.013382438714217916,0.31609491275718726
2022-06-23 00:00:00+00:00,1822.0060503483835,0.0,1.9759521792472063,-0.5333307542639754,-1.3500311979441904e-13,3.3731299540079718,0.013382438714217916,0.31609491275718726
2022-06-24 00:00:00+00:00,1885.7614583252378,0.0,2.04509445092439,-0.5170011223472963,-1.3500311979441904e-13,3.3731299540079718,0.013382438714217916,0.31609491275718726
2022-06-27 00:00:00+00:00,1963.4565912418393,100.0,2.0209049863982798,-0.522714053704501,-1.4566126083082054e-13,3.5392518791949628,0.014331671484629414,0.3327673135641223
2022-06-28 00:00:00+00:00,1913.290715057046,0.0,1.9692713165829636,-0.5349086027428671,-1.4566126083082054e-13,3.5392518791949628,0.014331671484629414,0.3327673135641223
2022-06-29 00:00:00+00:00,1897.0425303910292,0.0,1.952547729436733,-0.5388582852713711,-1.4566126083082054e-13,3.5537473851182186,0.014331671484629414,0.3327673135641223
2022-06-30 00:00:00+00:00,1874.9262158476095,0.0,1.9297843179404386,-0.544234419463749,-1.4566126083082054e-13,3.5537473851182186,0.014331671484629414,0.3327673135641223
2022-07-01 00:00:00+00:00,1874.3304987334939,0.0,1.9291711708549524,-0.5443792290856186,-1.4566126083082054e-13,3.5537473851182186,0.014331671484629414,0.3327673135641223
2022-07-05 00:00:00+00:00,1913.5909071207009,0.0,1.9695802919079204,-0.5348356306925499,-1.4566126083082054e-13,3.5537473851182186,0.014331671484629414,0.3327673135641223
2022-07-06 00:00:00+00:00,1941.6673290168587,0.0,1.998478196380706,-0.5280106865338282,-1.4566126083082054e-13,3.5537473851182186,0.014331671484629414,0.3327673135641223
2022-07-07 00:00:00+00:00,1992.18302226391,0.0,2.0504719184877804,-0.5157311023750856,-1.4566126083082054e-13,3.5537473851182186,0.014331671484629414,0.3327673135641223
2022-07-08 00:00:00+00:00,1983.2000953809763,0.0,2.0412261618914043,-0.5179147130425935,-1.4566126083082054e-13,3.5537473851182186,0.014331671484629414,0.3327673135641223
2022-07-11 00:00:00+00:00,1906.319246551977,0.0,1.962095871234563,-0.5366032589717613,-1.4566126083082054e-13,3.5537473851182186,0.014331671484629414,0.3327673135641223
2022-07-12 00:00:00+00:00,1866.394819047482,0.0,1.9210033026578879,-0.546308270147861,-1.4566126083082054e-13,3.5537473851182186,0.014331671484629414,0.3327673135641223
2022-07-13 00:00:00+00:00,1899.0185030779621,0.0,1.954581516724836,-0.5383779568556865,-1.4566126083082054e-13,3.5537473851182186,0.014331671484629414,0.3327673135641223
2022-07-14 00:00:00+00:00,1926.9176499687658,0.0,1.983296959337307,-0.5315961055104563,-1.4566126083082054e-13,3.5537473851182186,0.014331671484629414,0.3327673135641223
2022-07-15 00:00:00+00:00,1966.311156923216,0.0,2.0238430732626536,-0.5220201529131232,-1.4566126083082054e-13,3.5537473851182186,0.014331671484629414,0.3327673135641223
2022-07-18 00:00:00+00:00,2095.2644325173924,0.0,2.1565693677084288,-0.49067360497088264,-1.4566126083082054e-13,3.5537473851182186,0.014331671484629414,0.3327673135641223
2022-07-19 00:00:00+00:00,2130.063199294408,0.0,2.192386304845655,-0.48221456268536944,-1.4566126083082054e-13,3.5537473851182186,0.014331671484629414,0.3327673135641223
2022-07-20 00:00:00+00:00,2128.8867963689954,0.0,2.191175481775471,-0.4825005280517468,-1.4566126083082054e-13,3.5537473851182186,0.014331671484629414,0.3327673135641223
2022-07-21 00:00:00+00:00,2158.8360992948064,0.0,2.2220010655402964,-0.4752203154656385,-1.4566126083082054e-13,3.5537473851182186,0.014331671484629414,0.3327673135641223
2022-07-22 00:00:00+00:00,2126.897942384449,0.0,2.1891284362983687,-0.48298398771176276,-1.4566126083082054e-13,3.5537473851182186,0.014331671484629414,0.3327673135641223
2022-07-25 00:00:00+00:00,2077.0467222546763,0.0,2.13781862899849,-0.4951020487270944,-1.4566126083082054e-13,3.5537473851182186,0.014331671484629414,0.3327673135641223
2022-07-26 00:00:00+00:00,2063.518465489969,0.0,2.123894551595902,-0.4983905588273294,-1.4566126083082054e-13,3.5537473851182186,0.014331671484629414,0.3327673135641223
2022-07-27 00:00:00+00:00,2288.4900728613597,100.0,2.2525226789614865,-0.46801189288157585,-1.4921397450962104e-13,3.7191864730723796,0.015271231353709419,0.3465481149901869
2022-07-28 00:00:00+00:00,2350.1867495705565,0.0,2.3132496906938376,-0.4536697296153901,-1.4921397450962104e-13,3.7191864730723796,0.015271231353709419,0.3465481149901869
2022-07-29 00:00:00+00:00,2368.490039146641,0.0,2.331265313902629,-0.4494149012938291,-1.4921397450962104e-13,3.7191864730723796,0.015271231353709419,0.3465481149901869
2022-08-01 00:00:00+00:00,2324.8523963124103,0.0,2.2883135085589315,-0.45955901652762,-1.4921397450962104e-13,3.7191864730723796,0.015271231353709419,0.3465481149901869
2022-08-02 00:00:00+00:00,2311.716602180621,0.0,2.275384165085298,-0.4626125959765929,-1.4921397450962104e-13,3.7191864730723796,0.015271231353709419,0.3465481149901869
2022-08-03 00:00:00+00:00,2326.505294430755,0.0,2.2899404286586673,-0.45917477971066134,-1.4921397450962104e-13,3.7191864730723796,0.015271231353709419,0.3465481149901869
2022-08-04 00:00:00+00:00,2318.870901821732,0.0,2.282426023114221,-0.4609494896476788,-1.4921397450962104e-13,3.7191864730723796,0.015271231353709419,0.3465481149901869
2022-08-05 00:00:00+00:00,2371.114066868992,0.0,2.33384810070381,-0.4488049132682772,-1.4921397450962104e-13,3.7191864730723796,0.015271231353709419,0.3465481149901869
2022-08-08 00:00:00+00:00,2391.3932989123314,0.0,2.35380861118679,-0.4440907524351202,-1.4921397450962104e-13,3.7191864730723796,0.015271231353709419,0.3465481149901869
2022-08-09 00:00:00+00:00,2349.9896834850856,0.0,2.313055721826749,-0.4537155400888677,-1.4921397450962104e-13,3.7191864730723796,0.015271231353709419,0.3465481149901869
2022-08-10 00:00:00+00:00,2443.9881587050068,0.0,2.405576856059127,-0.4318644202184897,-1.4921397450962104e-13,3.7191864730723796,0.015271231353709419,0.3465481149901869
2022-08-11 00:00:00+00:00,2452.9130371176316,0.0,2.4143614652955026,-0.4297897207346252,-1.4921397450962104e-13,3.7191864730723796,0.015271231353709419,0.3465481149901869
2022-08-12 00:00:00+00:00,2511.725438166206,0.0,2.472249532513751,-0.4161180433784717,-1.4921397450962104e-13,3.7191864730723796,0.015271231353709419,0.3465481149901869
2022-08-15 00:00:00+00:00,2492.7344195553424,0.0,2.453556989065632,-0.4205327429058383,-1.4921397450962104e-13,3.7191864730723796,0.015271231353709419,0.3465481149901869
2022-08-16 00:00:00+00:00,2483.875128703733,0.0,2.4448369365736347,-0.4225921957417714,-1.4921397450962104e-13,3.7191864730723796,0.015271231353709419,0.3465481149901869
2022-08-17 00:00:00+00:00,2451.312662036946,0.0,2.412786242747309,-0.43016174791531936,-1.4921397450962104e-13,3.7191864730723796,0.015271231353709419,0.3465481149901869
2022-08-18 00:00:00+00:00,2457.706991084512,0.0,2.4190800743733187,-0.4286753062450466,-1.4921397450962104e-13,3.7191864730723796,0.015271231353709419,0.3465481149901869
2022-08-19 00:00:00+00:00,2319.2568262326226,0.0,2.2828058820868264,-0.46085977669708533,-1.4921397450962104e-13,3.7191864730723796,0.015271231353709419,0.3465481149901869
2022-08-22 00:00:00+00:00,2302.8923239391283,0.0,2.2666985749225335,-0.4646639096938985,-1.4921397450962104e-13,3.7191864730723796,0.015271231353709419,0.3465481149901869
2022-08-23 00:00:00+00:00,2315.6413093009346,0.0,2.2792471889636294,-0.46170024877583826,-1.4921397450962104e-13,3.7191864730723796,0.015271231353709419,0.3465481149901869
2022-08-24 00:00:00+00:00,2314.392143830103,0.0,2.278017656187328,-0.46199063289512543,-1.4921397450962104e-13,3.7191864730723796,0.015271231353709419,0.3465481149901869
2022-08-25 00:00:00+00:00,2351.2720610631004,0.0,2.3143179447272213,-0.4534174354003532,-1.4921397450962104e-13,3.7191864730723796,0.015271231353709419,0.3465481149901869
2022-08-26 00:00:00+00:00,2217.1968465420923,0.0,2.182349943215382,-0.4845848939925359,-1.4921397450962104e-13,3.7191864730723796,0.015271231353709419,0.3465481149901869
2022-08-29 00:00:00+00:00,2326.297640285144,100.0,2.191307702982783,-0.4824693007924362,-1.5631940186722204e-13,3.881368410472666,0.01629242348029298,0.3605448873713433
2022-08-30 00:00:00+00:00,2293.1603636903674,0.0,2.1600933096908292,-0.4898413402206441,-1.5631940186722204e-13,3.881368410472666,0.01629242348029298,0.3605448873713433
2022-08-31 00:00:00+00:00,2296.505164355297,0.0,2.1632440189272897,-0.4890972234761424,-1.5631940186722204e-13,3.881368410472666,0.01629242348029298,0.3605448873713433
2022-09-01 00:00:00+00:00,2313.7382210323867,0.0,2.179477079215231,-0.4852633908155528,-1.5631940186722204e-13,3.881368410472666,0.01629242348029298,0.3605448873713433
2022-09-02 00:00:00+00:00,2292.0877842148366,0.0,2.1590829696440137,-0.4900799566368389,-1.5631940186722204e-13,3.881368410472666,0.01629242348029298,0.3605448873713433
2022-09-06 00:00:00+00:00,2262.5804482120266,0.0,2.13128787947252,-0.49664444433129185,-1.5631940186722204e-13,3.881368410472666,0.01629242348029298,0.3605448873713433
2022-09-07 00:00:00+00:00,2321.3540861744696,0.0,2.1866510124479013,-0.48356909170962703,-1.5631940186722204e-13,3.881368410472666,0.01629242348029298,0.3605448873713433
2022-09-08 00:00:00+00:00,2333.0054376850076,0.0,2.1976262616477724,-0.4809770192295024,-1.5631940186722204e-13,3.881368410472666,0.01629242348029298,0.3605448873713433
2022-09-09 00:00:00+00:00,2418.168442947863,0.0,2.2778474449606625,-0.462030832423028,-1.5631940186722204e-13,3.881368410472666,0.01629242348029298,0.3605448873713433
2022-09-12 00:00:00+00:00,2450.3231761532907,0.0,2.3081363096958616,-0.4548773791114399,-1.5631940186722204e-13,3.881368410472666,0.01629242348029298,0.3605448873713433
2022-09-13 00:00:00+00:00,2298.967132403389,0.0,2.165563124382608,-0.4885495102242823,-1.5631940186722204e-13,3.881368410472666,0.01629242348029298,0.3605448873713433
2022-09-14 00:00:00+00:00,2328.144026484162,0.0,2.1930469474502674,-0.4820585358395614,-1.5631940186722204e-13,3.881368410472666,0.01629242348029298,0.3605448873713433
2022-09-15 00:00:00+00:00,2244.1530766623964,0.0,2.113929807778185,-0.500743975843291,-1.5631940186722204e-13,3.881368410472666,0.01629242348029298,0.3605448873713433
2022-09-16 00:00:00+00:00,2220.852826459858,0.0,2.0919816198653134,-0.5059275751257768,-1.5631940186722204e-13,3.881368410472666,0.01629242348029298,0.3605448873713433
2022-09-19 00:00:00+00:00,2206.2278558195676,0.0,2.078205304115779,-0.5091811877118395,-1.5631940186722204e-13,3.881368410472666,0.01629242348029298,0.3605448873713433
2022-09-20 00:00:00+00:00,2160.634310973785,0.0,2.035257452432188,-0.5193243691924763,-1.5631940186722204e-13,3.881368410472666,0.01629242348029298,0.3605448873713433
2022-09-21 00:00:00+00:00,2101.8593359833476,0.0,1.9798930600136067,-0.5324000192623357,-1.5631940186722204e-13,3.881368410472666,0.01629242348029298,0.3605448873713433
2022-09-22 00:00:00+00:00,2134.8561513954933,0.0,2.01097514277653,-0.5250592281889382,-1.5631940186722204e-13,3.881368410472666,0.01629242348029298,0.3605448873713433
2022-09-23 00:00:00+00:00,2111.0417376291853,0.0,1.9885426270810174,-0.530357213276601,-1.5631940186722204e-13,3.881368410472666,0.01629242348029298,0.3605448873713433
2022-09-26 00:00:00+00:00,2100.476499380191,0.0,1.9785904663781282,-0.5327076584834431,-1.5631940186722204e-13,3.881368410472666,0.01629242348029298,0.3605448873713433
2022-09-27 00:00:00+00:00,2190.286698468978,100.0,1.9689919572097723,-0.5349745802646644,-1.6697754290362354e-13,4.057859816907533,0.017331086159577114,0.3754906165544104
2022-09-28 00:00:00+00:00,2226.1324150086334,0.0,2.0012160161041344,-0.5273640837067394,-1.6697754290362354e-13,4.075367441646247,0.017331086159577114,0.3754906165544104
2022-09-29 00:00:00+00:00,2199.7309620339684,0.0,1.9774820233797552,-0.5329694443016553,-1.6697754290362354e-13,4.075367441646247,0.017331086159577114,0.3754906165544104
2022-09-30 00:00:00+00:00,2173.4799504745033,0.0,1.9538832722823132,-0.5385428642915818,-1.6697754290362354e-13,4.075367441646247,0.017331086159577114,0.3754906165544104
2022-10-03 00:00:00+00:00,2210.318477056159,0.0,1.986999833052846,-0.5307215816722608,-1.6697754290362354e-13,4.075367441646247,0.017331086159577114,0.3754906165544104
2022-10-04 00:00:00+00:00,2278.711559664628,0.0,2.0484828478924064,-0.5162008698543838,-1.6697754290362354e-13,4.075367441646247,0.017331086159577114,0.3754906165544104
2022-10-05 00:00:00+00:00,2269.6660615410365,0.0,2.040351258056812,-0.5181213428977433,-1.6697754290362354e-13,4.075367441646247,0.017331086159577114,0.3754906165544104
2022-10-06 00:00:00+00:00,2251.313952378439,0.0,2.0238533469092674,-0.5220177265411864,-1.6697754290362354e-13,4.075367441646247,0.017331086159577114,0.3754906165544104
2022-10-07 00:00:00+00:00,2196.7354615138142,0.0,1.9747891720575408,-0.5336054267452667,-1.6697754290362354e-13,4.075367441646247,0.017331086159577114,0.3754906165544104
2022-10-10 00:00:00+00:00,2164.264811831759,0.0,1.9455991814896239,-0.5404993541512231,-1.6697754290362354e-13,4.075367441646247,0.017331086159577114,0.3754906165544104
2022-10-11 00:00:00+00:00,2150.4100587304615,0.0,1.933144237831038,-0.5434408925264338,-1.6697754290362354e-13,4.075367441646247,0.017331086159577114,0.3754906165544104
2022-10-12 00:00:00+00:00,2153.2896031360315,0.0,1.935732848618365,-0.5428295290246681,-1.6697754290362354e-13,4.075367441646247,0.017331086159577114,0.3754906165544104
2022-10-13 00:00:00+00:00,2189.2985513681588,0.0,1.9681036471563835,-0.5351843763249884,-1.6697754290362354e-13,4.075367441646247,0.017331086159577114,0.3754906165544104
2022-10-14 00:00:00+00:00,2158.4637573242035,0.0,1.9403842342059205,-0.5417309910000287,-1.6697754290362354e-13,4.075367441646247,0.017331086159577114,0.3754906165544104
2022-10-17 00:00:00+00:00,2212.1473427829974,0.0,1.9886439200618569,-0.5303332904714526,-1.6697754290362354e-13,4.075367441646247,0.017331086159577114,0.3754906165544104
2022-10-18 00:00:00+00:00,2216.702870486209,0.0,1.992739181844134,-0.5293660946318473,-1.6697754290362354e-13,4.075367441646247,0.017331086159577114,0.3754906165544104
2022-10-19 00:00:00+00:00,2193.938577626911,0.0,1.972274870216411,-0.5341992403790561,-1.6697754290362354e-13,4.075367441646247,0.017331086159577114,0.3754906165544104
2022-10-20 00:00:00+00:00,2180.2408041660237,0.0,1.959961045823001,-0.5371074500018151,-1.6697754290362354e-13,4.075367441646247,0.017331086159577114,0.3754906165544104
2022-10-21 00:00:00+00:00,2221.7021397127537,0.0,1.9972333519022698,-0.5283046868846017,-1.6697754290362354e-13,4.075367441646247,0.017331086159577114,0.3754906165544104
2022-10-24 00:00:00+00:00,2258.1126428318144,0.0,2.0299651343896974,-0.520574279030894,-1.6697754290362354e-13,4.075367441646247,0.017331086159577114,0.3754906165544104
2022-10-25 00:00:00+00:00,2337.7893283518342,0.0,2.10159171782999,-0.5036579163679755,-1.6697754290362354e-13,4.075367441646247,0.017331086159577114,0.3754906165544104
2022-10-26 00:00:00+00:00,2378.9523329836866,0.0,2.138595834739142,-0.4949184926569724,-1.6697754290362354e-13,4.075367441646247,0.017331086159577114,0.3754906165544104
2022-10-27 00:00:00+00:00,2441.7962034400634,100.0,2.1051937598949775,-0.5028072063805418,-1.7763568394002505e-13,4.245712605664153,0.01829249622661278,0.388241978184525
2022-10-28 00:00:00+00:00,2497.4961398210767,0.0,2.15321544095528,-0.4914657164827827,-1.7763568394002505e-13,4.245712605664153,0.01829249622661278,0.388241978184525
2022-10-31 00:00:00+00:00,2492.4267501820154,0.0,2.1488448684154453,-0.49249793366496997,-1.7763568394002505e-13,4.245712605664153,0.01829249622661278,0.388241978184525
2022-11-01 00:00:00+00:00,2488.47305963647,0.0,2.1454361954666905,-0.493302974824702,-1.7763568394002505e-13,4.245712605664153,0.01829249622661278,0.388241978184525
2022-11-02 00:00:00+00:00,2420.7587749672966,0.0,2.087056348147547,-0.5070907980325432,-1.7763568394002505e-13,4.245712605664153,0.01829249622661278,0.388241978184525
2022-11-03 00:00:00+00:00,2411.1200495068733,0.0,2.0787463242954183,-0.5090534126159582,-1.7763568394002505e-13,4.245712605664153,0.01829249622661278,0.388241978184525
2022-11-04 00:00:00+00:00,2493.684196467565,0.0,2.149928975299555,-0.4922418954130232,-1.7763568394002505e-13,4.245712605664153,0.01829249622661278,0.388241978184525
2022-11-07 00:00:00+00:00,2467.8135129594293,0.0,2.12762457437993,-0.4975096230751982,-1.7763568394002505e-13,4.245712605664153,0.01829249622661278,0.388241978184525
2022-11-08 00:00:00+00:00,2347.9038331028223,0.0,2.0242444849893824,-0.5219253497545704,-1.7763568394002505e-13,4.245712605664153,0.01829249622661278,0.388241978184525
2022-11-09 00:00:00+00:00,2179.367212155226,0.0,1.878940695003629,-0.55624237968445,-1.7763568394002505e-13,4.245712605664153,0.01829249622661278,0.388241978184525
2022-11-10 00:00:00+00:00,2366.2815123229666,0.0,2.040088794830267,-0.5181833299828822,-1.7763568394002505e-13,4.245712605664153,0.01829249622661278,0.388241978184525
2022-11-11 00:00:00+00:00,2367.421326585841,0.0,2.0410714853063445,-0.5179512436864224,-1.7763568394002505e-13,4.245712605664153,0.01829249622661278,0.388241978184525
2022-11-14 00:00:00+00:00,2328.832628604932,0.0,2.007802252567988,-0.525808583510375,-1.7763568394002505e-13,4.245712605664153,0.01829249622661278,0.388241978184525
2022-11-15 00:00:00+00:00,2350.5749777191236,0.0,2.026547411404819,-0.5213814575771358,-1.7763568394002505e-13,4.245712605664153,0.01829249622661278,0.388241978184525
2022-11-16 00:00:00+00:00,2320.033510436208,0.0,2.0002160958546313,-0.5276002392339494,-1.7763568394002505e-13,4.245712605664153,0.01829249622661278,0.388241978184525
2022-11-17 00:00:00+00:00,2310.009699851189,0.0,1.9915740709943166,-0.5296412639437333,-1.7763568394002505e-13,4.245712605664153,0.01829249622661278,0.388241978184525
2022-11-18 00:00:00+00:00,2321.6643078504217,0.0,2.0016220872863566,-0.5272681801042569,-1.7763568394002505e-13,4.245712605664153,0.01829249622661278,0.388241978184525
2022-11-21 00:00:00+00:00,2258.5574790993787,0.0,1.94721455650787,-0.5401178439865221,-1.7763568394002505e-13,4.245712605664153,0.01829249622661278,0.388241978184525
2022-11-22 00:00:00+00:00,2299.7410081443595,0.0,1.9827209219587634,-0.5317321507709561,-1.7763568394002505e-13,4.245712605664153,0.01829249622661278,0.388241978184525
2022-11-23 00:00:00+00:00,2333.8270651030007,0.0,2.0121082042830056,-0.5247916281102759,-1.7763568394002505e-13,4.245712605664153,0.01829249622661278,0.388241978184525
2022-11-25 00:00:00+00:00,2337.9143096168727,0.0,2.015632020739779,-0.5239593930059724,-1.7763568394002505e-13,4.245712605664153,0.01829249622661278,0.388241978184525
2022-11-28 00:00:00+00:00,2393.914293327074,100.0,1.977697421776088,-0.5329185727227753,-1.7053025658242404e-13,4.409180999581461,0.019508048879826545,0.40496898170459295
2022-11-29 00:00:00+00:00,2415.3019444597753,0.0,1.9953665182098634,-0.5287455851413003,-1.7053025658242404e-13,4.409180999581461,0.019508048879826545,0.40496898170459295
2022-11-30 00:00:00+00:00,2510.2394686663347,0.0,2.073797770897766,-0.5102221340586232,-1.7053025658242404e-13,4.409180999581461,0.019508048879826545,0.40496898170459295
2022-12-01 00:00:00+00:00,2499.5164733317006,0.0,2.064939124501721,-0.5123143192214541,-1.7053025658242404e-13,4.409180999581461,0.019508048879826545,0.40496898170459295
2022-12-02 00:00:00+00:00,2507.1534642602865,0.0,2.071248313310899,-0.5108242505782408,-1.7053025658242404e-13,4.409180999581461,0.019508048879826545,0.40496898170459295
2022-12-05 00:00:00+00:00,2460.6709187470806,0.0,2.032847435436824,-0.5198935534193263,-1.7053025658242404e-13,4.409180999581461,0.019508048879826545,0.40496898170459295
2022-12-06 00:00:00+00:00,2444.47323008456,0.0,2.019465950896674,-0.5230539169963229,-1.7053025658242404e-13,4.409180999581461,0.019508048879826545,0.40496898170459295
2022-12-07 00:00:00+00:00,2420.209077565873,0.0,1.9994204747442694,-0.5277881445422679,-1.7053025658242404e-13,4.409180999581461,0.019508048879826545,0.40496898170459295
2022-12-08 00:00:00+00:00,2460.1773121371825,0.0,2.032439649526322,-0.5199898619966665,-1.7053025658242404e-13,4.409180999581461,0.019508048879826545,0.40496898170459295
2022-12-09 00:00:00+00:00,2439.668221480803,0.0,2.01549636303225,-0.5239914318785299,-1.7053025658242404e-13,4.409180999581461,0.019508048879826545,0.40496898170459295
2022-12-12 00:00:00+00:00,2468.9861330460735,0.0,2.0397169286039234,-0.5182711552517247,-1.7053025658242404e-13,4.409180999581461,0.019508048879826545,0.40496898170459295
2022-12-13 00:00:00+00:00,2510.295570307088,0.0,2.0738441184510528,-0.5102111879547846,-1.7053025658242404e-13,4.409180999581461,0.019508048879826545,0.40496898170459295
2022-12-14 00:00:00+00:00,2495.6522616610664,0.0,2.061746762319201,-0.5130682733239266,-1.7053025658242404e-13,4.409180999581461,0.019508048879826545,0.40496898170459295
2022-12-15 00:00:00+00:00,2430.5577345631323,0.0,2.0079698669758015,-0.5257689972845087,-1.7053025658242404e-13,4.409180999581461,0.019508048879826545,0.40496898170459295
2022-12-16 00:00:00+00:00,2357.222955369407,0.0,1.947385407397518,-0.5400774933866226,-1.7053025658242404e-13,4.409180999581461,0.019508048879826545,0.40496898170459295
2022-12-19 00:00:00+00:00,2340.4061372470333,0.0,1.9334924380728424,-0.5433586565563964,-1.7053025658242404e-13,4.409180999581461,0.019508048879826545,0.40496898170459295
2022-12-20 00:00:00+00:00,2371.552833682579,0.0,1.9592238276255616,-0.5372815620394217,-1.7053025658242404e-13,4.430264165513054,0.019508048879826545,0.40496898170459295
2022-12-21 00:00:00+00:00,2392.060487700935,0.0,1.9761659272620573,-0.5332802724628894,-1.7053025658242404e-13,4.430264165513054,0.019508048879826545,0.40496898170459295
2022-12-22 00:00:00+00:00,2371.4817915347535,0.0,1.9591651371899916,-0.5372954232156115,-1.7053025658242404e-13,4.430264165513054,0.019508048879826545,0.40496898170459295
2022-12-23 00:00:00+00:00,2380.2509580390347,0.0,1.9664096563588624,-0.5355844535212209,-1.7053025658242404e-13,4.430264165513054,0.019508048879826545,0.40496898170459295
2022-12-27 00:00:00+00:00,2468.392618500394,100.0,1.9566130618870021,-0.5378981579726649,-1.8474111129762605e-13,4.600749766469683,0.020688353545806743,0.4212296361703933
2022-12-28 00:00:00+00:00,2436.3045976590674,0.0,1.9311779506985784,-0.5439052791359087,-1.8474111129762605e-13,4.600749766469683,0.020688353545806743,0.4212296361703933
2022-12-29 00:00:00+00:00,2470.691224204699,0.0,1.9584350904862873,-0.5374678415302591,-1.8474111129762605e-13,4.600749766469683,0.020688353545806743,0.4212296361703933
2022-12-30 00:00:00+00:00,2465.480191804483,0.0,1.9543044777208136,-0.538443386365775,-1.8474111129762605e-13,4.600749766469683,0.020688353545806743,0.4212296361703933
2023-01-03 00:00:00+00:00,2466.802884657441,0.0,1.95535293253046,-0.538195768219777,-1.8474111129762605e-13,4.600749766469683,0.020688353545806743,0.4212296361703933
2023-01-04 00:00:00+00:00,2499.8600349349153,0.0,1.981556240519998,-0.5320072186669609,-1.8474111129762605e-13,4.600749766469683,0.020688353545806743,0.4212296361703933
2023-01-05 00:00:00+00:00,2479.3800471691497,0.0,1.9653224326283962,-0.5358412278923681,-1.8474111129762605e-13,4.600749766469683,0.020688353545806743,0.4212296361703933
2023-01-06 00:00:00+00:00,2525.861779705946,0.0,2.0021669622785803,-0.5271394946004719,-1.8474111129762605e-13,4.600749766469683,0.020688353545806743,0.4212296361703933
2023-01-09 00:00:00+00:00,2550.9624797709575,0.0,2.022063455746279,-0.5224404529450711,-1.8474111129762605e-13,4.600749766469683,0.020688353545806743,0.4212296361703933
2023-01-10 00:00:00+00:00,2574.4923355070855,0.0,2.0407147929495135,-0.5180354852763102,-1.8474111129762605e-13,4.600749766469683,0.020688353545806743,0.4212296361703933
2023-01-11 00:00:00+00:00,2628.6112534665212,0.0,2.083613066498457,-0.5079040128800045,-1.8474111129762605e-13,4.600749766469683,0.020688353545806743,0.4212296361703933
2023-01-12 00:00:00+00:00,2664.7325264556607,0.0,2.1122452030608625,-0.5011418362880188,-1.8474111129762605e-13,4.600749766469683,0.020688353545806743,0.4212296361703933
2023-01-13 00:00:00+00:00,2708.5401280361307,0.0,2.146970037683955,-0.4929407206172739,-1.8474111129762605e-13,4.600749766469683,0.020688353545806743,0.4212296361703933
2023-01-17 00:00:00+00:00,2779.0650700077035,0.0,2.202872823009182,-0.47973791594605686,-1.8474111129762605e-13,4.600749766469683,0.020688353545806743,0.4212296361703933
2023-01-18 00:00:00+00:00,2719.469632281969,0.0,2.155633493654079,-0.49089463442879877,-1.8474111129762605e-13,4.600749766469683,0.020688353545806743,0.4212296361703933
2023-01-19 00:00:00+00:00,2732.4133516568036,0.0,2.165893551235027,-0.48847147187314754,-1.8474111129762605e-13,4.600749766469683,0.020688353545806743,0.4212296361703933
2023-01-20 00:00:00+00:00,2840.903728121055,0.0,2.251890278857699,-0.4681612495727637,-1.8474111129762605e-13,4.600749766469683,0.020688353545806743,0.4212296361703933
2023-01-23 00:00:00+00:00,2852.8651836505005,0.0,2.261371728426411,-0.46592197426783166,-1.8474111129762605e-13,4.600749766469683,0.020688353545806743,0.4212296361703933
2023-01-24 00:00:00+00:00,2815.5836336946268,0.0,2.231819878747258,-0.47290136351860235,-1.8474111129762605e-13,4.600749766469683,0.020688353545806743,0.4212296361703933
2023-01-25 00:00:00+00:00,2848.613603636007,0.0,2.258001641784737,-0.466717902331098,-1.8474111129762605e-13,4.600749766469683,0.020688353545806743,0.4212296361703933
2023-01-26 00:00:00+00:00,2861.06310301242,0.0,2.2678699475442325,-0.4643872615120318,-1.8474111129762605e-13,4.600749766469683,0.020688353545806743,0.4212296361703933
2023-01-27 00:00:00+00:00,2966.0559041069782,100.0,2.2718275755827375,-0.4634525712340837,-1.8474111129762605e-13,4.762441952812004,0.021556251795564505,0.43370248884642365
2023-01-30 00:00:00+00:00,2924.8898263995015,0.0,2.2402967368062563,-0.47089934697278124,-1.8474111129762605e-13,4.762441952812004,0.021556251795564505,0.43370248884642365
2023-01-31 00:00:00+00:00,2964.5390145861784,0.0,2.270665725788304,-0.46372697036829424,-1.8474111129762605e-13,4.762441952812004,0.021556251795564505,0.43370248884642365
2023-02-01 00:00:00+00:00,3021.552607073035,0.0,2.3143348459203046,-0.4534134437718558,-1.8474111129762605e-13,4.762441952812004,0.021556251795564505,0.43370248884642365
2023-02-02 00:00:00+00:00,3042.6882599340715,0.0,2.3305235357326444,-0.4495900902800434,-1.8474111129762605e-13,4.762441952812004,0.021556251795564505,0.43370248884642365
2023-02-03 00:00:00+00:00,3030.8278345171184,0.0,2.3214391346318197,-0.4517355929162967,-1.8474111129762605e-13,4.762441952812004,0.021556251795564505,0.43370248884642365
2023-02-06 00:00:00+00:00,2984.617589287636,0.0,2.2860447547614284,-0.46009483800880824,-1.8474111129762605e-13,4.762441952812004,0.021556251795564505,0.43370248884642365
2023-02-07 00:00:00+00:00,3042.67393137862,0.0,2.330512560886436,-0.44959268225734716,-1.8474111129762605e-13,4.762441952812004,0.021556251795564505,0.43370248884642365
2023-02-08 00:00:00+00:00,3007.851655122432,0.0,2.3038407077585745,-0.45589189015938414,-1.8474111129762605e-13,4.762441952812004,0.021556251795564505,0.43370248884642365
2023-02-09 00:00:00+00:00,2921.7469089295723,0.0,2.237889443482459,-0.471467887938236,-1.8474111129762605e-13,4.762441952812004,0.021556251795564505,0.43370248884642365
2023-02-10 00:00:00+00:00,2908.386909684451,0.0,2.227656455408025,-0.4738846573704504,-1.8474111129762605e-13,4.762441952812004,0.021556251795564505,0.43370248884642365
2023-02-13 00:00:00+00:00,2928.8238690194926,0.0,2.2433099863189296,-0.4701876946908776,-1.8474111129762605e-13,4.762441952812004,0.021556251795564505,0.43370248884642365
2023-02-14 00:00:00+00:00,2959.2262527103544,0.0,2.2665964569268198,-0.46468802734640857,-1.8474111129762605e-13,4.762441952812004,0.021556251795564505,0.43370248884642365
2023-02-15 00:00:00+00:00,3062.7662333124645,0.0,2.3459021041270187,-0.4459580666974501,-1.8474111129762605e-13,4.762441952812004,0.021556251795564505,0.43370248884642365
2023-02-16 00:00:00+00:00,3004.109774585346,0.0,2.3009746433068154,-0.45656878110339616,-1.8474111129762605e-13,4.762441952812004,0.021556251795564505,0.43370248884642365
2023-02-17 00:00:00+00:00,3046.473122293066,0.0,2.3334225217784033,-0.4489054240995648,-1.8474111129762605e-13,4.762441952812004,0.021556251795564505,0.43370248884642365
2023-02-21 00:00:00+00:00,2993.7550446650857,0.0,2.2930435180242528,-0.45844190955879305,-1.8474111129762605e-13,4.762441952812004,0.021556251795564505,0.43370248884642365
2023-02-22 00:00:00+00:00,2978.5370758299523,0.0,2.2813874325148245,-0.4611947781201121,-1.8474111129762605e-13,4.762441952812004,0.021556251795564505,0.43370248884642365
2023-02-23 00:00:00+00:00,2985.288201918657,0.0,2.28655840531858,-0.4599735269160625,-1.8474111129762605e-13,4.762441952812004,0.021556251795564505,0.43370248884642365
2023-02-24 00:00:00+00:00,2931.71904323318,0.0,2.2455275226120466,-0.4696639694711229,-1.8474111129762605e-13,4.762441952812004,0.021556251795564505,0.43370248884642365
2023-02-27 00:00:00+00:00,3054.8917868817525,100.0,2.2632765063550173,-0.4654721145553481,-1.9184653865522705e-13,4.925630107571328,0.022404061692997038,0.4458691757985056
2023-02-28 00:00:00+00:00,3027.658917487641,0.0,2.243100500852956,-0.47023716978720087,-1.9184653865522705e-13,4.925630107571328,0.022404061692997038,0.4458691757985056
2023-03-01 00:00:00+00:00,3058.77526096989,0.0,2.266153654313077,-0.46479260597130423,-1.9184653865522705e-13,4.925630107571328,0.022404061692997038,0.4458691757985056
2023-03-02 00:00:00+00:00,3060.7170049734873,0.0,2.26759223344821,-0.46445285046154294,-1.9184653865522705e-13,4.925630107571328,0.022404061692997038,0.4458691757985056
2023-03-03 00:00:00+00:00,3029.3853367622787,0.0,2.2443795524387395,-0.46993509059466576,-1.9184653865522705e-13,4.925630107571328,0.022404061692997038,0.4458691757985056
2023-03-06 00:00:00+00:00,3031.2392926598855,0.0,2.245753092033461,-0.4696106957568811,-1.9184653865522705e-13,4.925630107571328,0.022404061692997038,0.4458691757985056
2023-03-07 00:00:00+00:00,2996.436389897869,0.0,2.2199686788138253,-0.47570031310457295,-1.9184653865522705e-13,4.925630107571328,0.022404061692997038,0.4458691757985056
2023-03-08 00:00:00+00:00,2975.0207403740296,0.0,2.20410247476569,-0.4794475037266952,-1.9184653865522705e-13,4.925630107571328,0.022404061692997038,0.4458691757985056
2023-03-09 00:00:00+00:00,2869.4918547535526,0.0,2.1259193297547023,-0.49791235813701207,-1.9184653865522705e-13,4.925630107571328,0.022404061692997038,0.4458691757985056
2023-03-10 00:00:00+00:00,2834.4854155958774,0.0,2.0999841226036873,-0.504037589145276,-1.9184653865522705e-13,4.925630107571328,0.022404061692997038,0.4458691757985056
2023-03-13 00:00:00+00:00,3030.446774281715,0.0,2.2451659392466192,-0.4697493661918466,-1.9184653865522705e-13,4.925630107571328,0.022404061692997038,0.4458691757985056
2023-03-14 00:00:00+00:00,3083.4572785048867,0.0,2.284439811176729,-0.4604738845363442,-1.9184653865522705e-13,4.925630107571328,0.022404061692997038,0.4458691757985056
2023-03-15 00:00:00+00:00,3041.85864487822,0.0,2.2536206474380984,-0.46775258087686045,-1.9184653865522705e-13,4.925630107571328,0.022404061692997038,0.4458691757985056
2023-03-16 00:00:00+00:00,3098.5785959197965,0.0,2.295642735809694,-0.4578280409560126,-1.9184653865522705e-13,4.925630107571328,0.022404061692997038,0.4458691757985056
2023-03-17 00:00:00+00:00,3184.1782859014356,0.0,2.359060945292155,-0.4428502857775525,-1.9184653865522705e-13,4.925630107571328,0.022404061692997038,0.4458691757985056
2023-03-20 00:00:00+00:00,3182.2108533879264,0.0,2.357603334320537,-0.4431945361191578,-1.9184653865522705e-13,4.925630107571328,0.022404061692997038,0.4458691757985056
2023-03-21 00:00:00+00:00,3244.83042328756,0.0,2.403996271052532,-0.4322377138743768,-1.9184653865522705e-13,4.925630107571328,0.022404061692997038,0.4458691757985056
2023-03-22 00:00:00+00:00,3165.8111610537885,0.0,2.3454533005515206,-0.4460640625956611,-1.9184653865522705e-13,4.925630107571328,0.022404061692997038,0.4458691757985056
2023-03-23 00:00:00+00:00,3228.875665849883,0.0,2.392175876029589,-0.43502938813025904,-1.9184653865522705e-13,4.925630107571328,0.022404061692997038,0.4458691757985056
2023-03-24 00:00:00+00:00,3193.2574674089187,0.0,2.3657874350130217,-0.4412616613576621,-1.9184653865522705e-13,4.945776471225082,0.022404061692997038,0.4458691757985056
2023-03-27 00:00:00+00:00,3271.9168958090468,100.0,2.349976853917618,-0.4449957152643975,-1.9895196601282805e-13,5.109752176994454,0.023118091986940974,0.4571270032516246
2023-03-28 00:00:00+00:00,3298.2026407985586,0.0,2.368855967990611,-0.44053695253868985,-1.9895196601282805e-13,5.109752176994454,0.023118091986940974,0.4571270032516246
2023-03-29 00:00:00+00:00,3358.9407883574704,0.0,2.412479704613048,-0.43023414436367846,-1.9895196601282805e-13,5.109752176994454,0.023118091986940974,0.4571270032516246
2023-03-30 00:00:00+00:00,3363.0296840263536,0.0,2.415416457130286,-0.4295405587108845,-1.9895196601282805e-13,5.109752176994454,0.023118091986940974,0.4571270032516246
2023-03-31 00:00:00+00:00,3412.3552910865938,0.0,2.4508434067100486,-0.42117362148803406,-1.9895196601282805e-13,5.109752176994454,0.023118091986940974,0.4571270032516246
2023-04-03 00:00:00+00:00,3399.5539998400836,0.0,2.441649182318809,-0.4233450615698594,-1.9895196601282805e-13,5.109752176994454,0.023118091986940974,0.4571270032516246
2023-04-04 00:00:00+00:00,3424.4828191961956,0.0,2.4595537166782826,-0.4191164695864372,-1.9895196601282805e-13,5.109752176994454,0.023118091986940974,0.4571270032516246
2023-04-05 00:00:00+00:00,3437.455007617353,0.0,2.4688706839195427,-0.41691604079028965,-1.9895196601282805e-13,5.109752176994454,0.023118091986940974,0.4571270032516246
2023-04-06 00:00:00+00:00,3425.028932604785,0.0,2.4599459497057907,-0.41902383420131895,-1.9895196601282805e-13,5.109752176994454,0.023118091986940974,0.4571270032516246
2023-04-10 00:00:00+00:00,3481.4690833131313,0.0,2.500482751837325,-0.4094500808109506,-1.9895196601282805e-13,5.109752176994454,0.023118091986940974,0.4571270032516246
2023-04-11 00:00:00+00:00,3485.4439429118497,0.0,2.503337600646757,-0.40877583871411227,-1.9895196601282805e-13,5.109752176994454,0.023118091986940974,0.4571270032516246
2023-04-12 00:00:00+00:00,3483.1430850137544,0.0,2.5016850639299464,-0.4091661255192711,-1.9895196601282805e-13,5.109752176994454,0.023118091986940974,0.4571270032516246
2023-04-13 00:00:00+00:00,3562.4599131861123,0.0,2.5586524980875653,-0.39571187808906205,-1.9895196601282805e-13,5.109752176994454,0.023118091986940974,0.4571270032516246
2023-04-14 00:00:00+00:00,3600.844403417199,0.0,2.586221249515213,-0.38920084580308545,-1.9895196601282805e-13,5.109752176994454,0.023118091986940974,0.4571270032516246
2023-04-17 00:00:00+00:00,3571.5896516718294,0.0,2.5652097166254926,-0.3941632311828467,-1.9895196601282805e-13,5.109752176994454,0.023118091986940974,0.4571270032516246
2023-04-18 00:00:00+00:00,3608.359610517449,0.0,2.5916188691065316,-0.3879260664385311,-1.9895196601282805e-13,5.109752176994454,0.023118091986940974,0.4571270032516246
2023-04-19 00:00:00+00:00,3494.0571051448314,0.0,2.5095238005201317,-0.407314816904374,-1.9895196601282805e-13,5.109752176994454,0.023118091986940974,0.4571270032516246
2023-04-20 00:00:00+00:00,3474.5048547341985,0.0,2.49548085952556,-0.4106313995376383,-1.9895196601282805e-13,5.109752176994454,0.023118091986940974,0.4571270032516246
2023-04-21 00:00:00+00:00,3409.893180705122,0.0,2.4490750542144033,-0.4215912610108957,-1.9895196601282805e-13,5.109752176994454,0.023118091986940974,0.4571270032516246
2023-04-24 00:00:00+00:00,3415.010962832094,0.0,2.452750780073205,-0.4207231488004509,-1.9895196601282805e-13,5.109752176994454,0.023118091986940974,0.4571270032516246
2023-04-25 00:00:00+00:00,3413.7535045275868,0.0,2.4518476404139604,-0.4209364472334801,-1.9895196601282805e-13,5.109752176994454,0.023118091986940974,0.4571270032516246
2023-04-26 00:00:00+00:00,3407.877196015988,0.0,2.44762712093609,-0.4219332257294569,-1.9895196601282805e-13,5.109752176994454,0.023118091986940974,0.4571270032516246
2023-04-27 00:00:00+00:00,3591.387668679609,100.0,2.5076065409728887,-0.40776762445517867,-2.0961010704922955e-13,5.27014698560796,0.023820883862812687,0.4678290010772197
2023-04-28 00:00:00+00:00,3596.326828670086,0.0,2.5110551995532604,-0.40695313971440095,-2.0961010704922955e-13,5.27014698560796,0.023820883862812687,0.4678290010772197
2023-05-01 00:00:00+00:00,3537.1687664685924,0.0,2.469749398728287,-0.41670851088075,-2.0961010704922955e-13,5.27014698560796,0.023820883862812687,0.4678290010772197
2023-05-02 00:00:00+00:00,3547.3522522944468,0.0,2.476859791151115,-0.41502921848506447,-2.0961010704922955e-13,5.27014698560796,0.023820883862812687,0.4678290010772197
2023-05-03 00:00:00+00:00,3558.371874840364,0.0,2.4845539974369415,-0.4132120442226225,-2.0961010704922955e-13,5.27014698560796,0.023820883862812687,0.4678290010772197
2023-05-04 00:00:00+00:00,3526.330742453373,0.0,2.4621819895764436,-0.4184957389109406,-2.0961010704922955e-13,5.27014698560796,0.023820883862812687,0.4678290010772197
2023-05-05 00:00:00+00:00,3632.600860094515,0.0,2.5363827349960717,-0.40097142518426887,-2.0961010704922955e-13,5.27014698560796,0.023820883862812687,0.4678290010772197
2023-05-08 00:00:00+00:00,3521.7715164476076,0.0,2.4589986114483917,-0.4192475712100787,-2.0961010704922955e-13,5.27014698560796,0.023820883862812687,0.4678290010772197
2023-05-09 00:00:00+00:00,3511.676711015969,0.0,2.4519501381379256,-0.42091223989889226,-2.0961010704922955e-13,5.27014698560796,0.023820883862812687,0.4678290010772197
2023-05-10 00:00:00+00:00,3517.011992324473,0.0,2.4556753796159794,-0.42003243336865015,-2.0961010704922955e-13,5.27014698560796,0.023820883862812687,0.4678290010772197
2023-05-11 00:00:00+00:00,3477.435799163493,0.0,2.4280421832048087,-0.42655868590750934,-2.0961010704922955e-13,5.27014698560796,0.023820883862812687,0.4678290010772197
2023-05-12 00:00:00+00:00,3476.764431917575,0.0,2.4275734159614557,-0.4266693967122438,-2.0961010704922955e-13,5.27014698560796,0.023820883862812687,0.4678290010772197
2023-05-15 00:00:00+00:00,3496.507189320702,0.0,2.4413583570951216,-0.42341374703158496,-2.0961010704922955e-13,5.27014698560796,0.023820883862812687,0.4678290010772197
2023-05-16 00:00:00+00:00,3483.9702112858554,0.0,2.4326046910962145,-0.42548113851607494,-2.0961010704922955e-13,5.27014698560796,0.023820883862812687,0.4678290010772197
2023-05-17 00:00:00+00:00,3515.5640001025176,0.0,2.454664351260918,-0.42027121234560594,-2.0961010704922955e-13,5.27014698560796,0.023820883862812687,0.4678290010772197
2023-05-18 00:00:00+00:00,3511.2159980280535,0.0,2.451628455543734,-0.4209882130804168,-2.0961010704922955e-13,5.27014698560796,0.023820883862812687,0.4678290010772197
2023-05-19 00:00:00+00:00,3514.9078331497294,0.0,2.454206197284077,-0.42037941656889066,-2.0961010704922955e-13,5.27014698560796,0.023820883862812687,0.4678290010772197
2023-05-22 00:00:00+00:00,3517.6295347012165,0.0,2.456106564841889,-0.4199305984729168,-2.0961010704922955e-13,5.27014698560796,0.023820883862812687,0.4678290010772197
2023-05-23 00:00:00+00:00,3520.9590531323906,0.0,2.4584313270136575,-0.41938154924965665,-2.0961010704922955e-13,5.27014698560796,0.023820883862812687,0.4678290010772197
2023-05-24 00:00:00+00:00,3459.386636356845,0.0,2.415439756820225,-0.429535055921473,-2.0961010704922955e-13,5.27014698560796,0.023820883862812687,0.4678290010772197
2023-05-25 00:00:00+00:00,3482.845511101304,0.0,2.431819394213895,-0.4256666055064201,-2.0961010704922955e-13,5.27014698560796,0.023820883862812687,0.4678290010772197
2023-05-26 00:00:00+00:00,3524.8434059850415,0.0,2.4611434899766538,-0.4187410058915999,-2.0961010704922955e-13,5.27014698560796,0.023820883862812687,0.4678290010772197
2023-05-30 00:00:00+00:00,3682.770658280288,100.0,2.501589905166789,-0.4091885995794706,-2.2026824808563106e-13,5.424804544387885,0.024540877883755526,0.47838064165765865
2023-05-31 00:00:00+00:00,3646.602414698351,0.0,2.4770219585234763,-0.41499091870932203,-2.2026824808563106e-13,5.424804544387885,0.024540877883755526,0.47838064165765865
2023-06-01 00:00:00+00:00,3651.2665535189117,0.0,2.4801901608560266,-0.4142426705440079,-2.2026824808563106e-13,5.424804544387885,0.024540877883755526,0.47838064165765865
2023-06-02 00:00:00+00:00,3714.0345113890235,0.0,2.522826454110608,-0.4041730711766407,-2.2026824808563106e-13,5.424804544387885,0.024540877883755526,0.47838064165765865
2023-06-05 00:00:00+00:00,3626.736549762275,0.0,2.4635277033029515,-0.41817791582983477,-2.2026824808563106e-13,5.424804544387885,0.024540877883755526,0.47838064165765865
2023-06-06 00:00:00+00:00,3703.4552358917826,0.0,2.515640286074764,-0.40587025982940306,-2.2026824808563106e-13,5.424804544387885,0.024540877883755526,0.47838064165765865
2023-06-07 00:00:00+00:00,3649.477928969902,0.0,2.478975204636617,-0.4145296120542675,-2.2026824808563106e-13,5.424804544387885,0.024540877883755526,0.47838064165765865
2023-06-08 00:00:00+00:00,3672.5977677385545,0.0,2.494679781608497,-0.4108205936037994,-2.2026824808563106e-13,5.424804544387885,0.024540877883755526,0.47838064165765865
2023-06-09 00:00:00+00:00,3673.146622496332,0.0,2.4950526013273606,-0.41073254314446905,-2.2026824808563106e-13,5.424804544387885,0.024540877883755526,0.47838064165765865
2023-06-12 00:00:00+00:00,3632.000438744545,0.0,2.4671032969963456,-0.4173334522696942,-2.2026824808563106e-13,5.424804544387885,0.024540877883755526,0.47838064165765865
2023-06-13 00:00:00+00:00,3645.808800035526,0.0,2.4764828811240585,-0.41511823497032363,-2.2026824808563106e-13,5.424804544387885,0.024540877883755526,0.47838064165765865
2023-06-14 00:00:00+00:00,3585.0619293606255,0.0,2.4352194486295233,-0.4248635998232526,-2.2026824808563106e-13,5.424804544387885,0.024540877883755526,0.47838064165765865
2023-06-15 00:00:00+00:00,3632.19005994596,0.0,2.4672321006953206,-0.4173030321382355,-2.2026824808563106e-13,5.424804544387885,0.024540877883755526,0.47838064165765865
2023-06-16 00:00:00+00:00,3666.7511413772545,0.0,2.490708352800725,-0.4117585432696276,-2.2026824808563106e-13,5.424804544387885,0.024540877883755526,0.47838064165765865
2023-06-20 00:00:00+00:00,3740.2139088838653,0.0,2.540609292786482,-0.3999732205936791,-2.2026824808563106e-13,5.424804544387885,0.024540877883755526,0.47838064165765865
2023-06-21 00:00:00+00:00,3816.058884782783,0.0,2.592128391766962,-0.38780573024916076,-2.2026824808563106e-13,5.424804544387885,0.024540877883755526,0.47838064165765865
2023-06-22 00:00:00+00:00,3813.1245709822506,0.0,2.590135204989094,-0.38827646986523445,-2.2026824808563106e-13,5.424804544387885,0.024540877883755526,0.47838064165765865
2023-06-23 00:00:00+00:00,3826.326428739009,0.0,2.5991028104031053,-0.3861585513758258,-2.2026824808563106e-13,5.424804544387885,0.024540877883755526,0.47838064165765865
2023-06-26 00:00:00+00:00,3790.953524283674,0.0,2.5750751125330416,-0.3918332775962081,-2.2026824808563106e-13,5.424804544387885,0.024540877883755526,0.47838064165765865
2023-06-27 00:00:00+00:00,3940.9923170615803,100.0,2.6090648855857017,-0.38380576462306193,-2.4158453015843406e-13,5.575180710367082,0.02520065195407003,0.48912316841308706
2023-06-28 00:00:00+00:00,3896.3862703706254,0.0,2.579534234231136,-0.3907801473730427,-2.4158453015843406e-13,5.575180710367082,0.02520065195407003,0.48912316841308706
2023-06-29 00:00:00+00:00,3925.9957514464213,0.0,2.5991366721807925,-0.38615055409207655,-2.4158453015843406e-13,5.59700994392535,0.02520065195407003,0.48912316841308706
2023-06-30 00:00:00+00:00,3993.3259681518816,0.0,2.643711461982989,-0.37562313153888605,-2.4158453015843406e-13,5.59700994392535,0.02520065195407003,0.48912316841308706
2023-07-03 00:00:00+00:00,4025.572350888103,0.0,2.6650596144571765,-0.3705812452434484,-2.4158453015843406e-13,5.59700994392535,0.02520065195407003,0.48912316841308706
2023-07-05 00:00:00+00:00,3981.965034413866,0.0,2.6361901549367923,-0.3773994714336778,-2.4158453015843406e-13,5.59700994392535,0.02520065195407003,0.48912316841308706
2023-07-06 00:00:00+00:00,3916.629371931827,0.0,2.592935824797558,-0.38761503526811425,-2.4158453015843406e-13,5.59700994392535,0.02520065195407003,0.48912316841308706
2023-07-07 00:00:00+00:00,3934.7909866744817,0.0,2.604959403500174,-0.3847753742362692,-2.4158453015843406e-13,5.59700994392535,0.02520065195407003,0.48912316841308706
2023-07-10 00:00:00+00:00,3947.16270387833,0.0,2.6131498820228587,-0.3828409931947935,-2.4158453015843406e-13,5.59700994392535,0.02520065195407003,0.48912316841308706
2023-07-11 00:00:00+00:00,3965.9372942353193,0.0,2.6255792704866754,-0.3799054903014091,-2.4158453015843406e-13,5.59700994392535,0.02520065195407003,0.48912316841308706
2023-07-12 00:00:00+00:00,3974.577130086483,0.0,2.6312991223724316,-0.3785546079302251,-2.4158453015843406e-13,5.59700994392535,0.02520065195407003,0.48912316841308706
2023-07-13 00:00:00+00:00,4085.234410401179,0.0,2.704557835198026,-0.3612527781506517,-2.4158453015843406e-13,5.59700994392535,0.02520065195407003,0.48912316841308706
2023-07-14 00:00:00+00:00,4021.997758038289,0.0,2.6626931179166125,-0.37114015105464193,-2.4158453015843406e-13,5.59700994392535,0.02520065195407003,0.48912316841308706
2023-07-17 00:00:00+00:00,4012.6469369361735,0.0,2.6565025707076515,-0.37260219959358976,-2.4158453015843406e-13,5.59700994392535,0.02520065195407003,0.48912316841308706
2023-07-18 00:00:00+00:00,4016.351009223569,0.0,2.6589547868403436,-0.37202304901239447,-2.4158453015843406e-13,5.59700994392535,0.02520065195407003,0.48912316841308706
2023-07-19 00:00:00+00:00,4018.4536900379767,0.0,2.66034682981762,-0.3716942841500357,-2.4158453015843406e-13,5.59700994392535,0.02520065195407003,0.48912316841308706
2023-07-20 00:00:00+00:00,4001.869494269659,0.0,2.649367553697879,-0.3742873076853922,-2.4158453015843406e-13,5.59700994392535,0.02520065195407003,0.48912316841308706
2023-07-21 00:00:00+00:00,4004.7812323272015,0.0,2.6512952188417738,-0.3738320425994347,-2.4158453015843406e-13,5.59700994392535,0.02520065195407003,0.48912316841308706
2023-07-24 00:00:00+00:00,3975.9448432005015,0.0,2.632204592866219,-0.37834075901383435,-2.4158453015843406e-13,5.59700994392535,0.02520065195407003,0.48912316841308706
2023-07-25 00:00:00+00:00,3987.8966150704864,0.0,2.6401170539414434,-0.3764720385657022,-2.4158453015843406e-13,5.59700994392535,0.02520065195407003,0.48912316841308706
2023-07-26 00:00:00+00:00,3998.571282522871,0.0,2.647184030422151,-0.3748029999024576,-2.4158453015843406e-13,5.59700994392535,0.02520065195407003,0.48912316841308706
2023-07-27 00:00:00+00:00,4073.0360902693146,100.0,2.630278903972904,-0.37879555736007153,-2.4513724383723456e-13,5.739189737169627,0.025881016800785108,0.49979097911856024
2023-07-28 00:00:00+00:00,4105.096599940192,0.0,2.6509828899845655,-0.3739058066680927,-2.4513724383723456e-13,5.739189737169627,0.025881016800785108,0.49979097911856024
2023-07-31 00:00:00+00:00,4098.604719988394,0.0,2.6467905738582407,-0.37489592425550533,-2.4513724383723456e-13,5.739189737169627,0.025881016800785108,0.49979097911856024
2023-08-01 00:00:00+00:00,4112.0660238974015,0.0,2.655483593735089,-0.3728428558302145,-2.4513724383723456e-13,5.739189737169627,0.025881016800785108,0.49979097911856024
2023-08-02 00:00:00+00:00,4048.485737239363,0.0,2.614424815222245,-0.3825398866595392,-2.4513724383723456e-13,5.739189737169627,0.025881016800785108,0.49979097911856024
2023-08-03 00:00:00+00:00,4039.92421230047,0.0,2.6088959669789387,-0.3838456588672834,-2.4513724383723456e-13,5.739189737169627,0.025881016800785108,0.49979097911856024
2023-08-04 00:00:00+00:00,4023.480792379723,0.0,2.598277160867685,-0.3863535486282814,-2.4513724383723456e-13,5.739189737169627,0.025881016800785108,0.49979097911856024
2023-08-07 00:00:00+00:00,4046.663300901699,0.0,2.613247925121948,-0.38281783792839486,-2.4513724383723456e-13,5.739189737169627,0.025881016800785108,0.49979097911856024
2023-08-08 00:00:00+00:00,4064.4612714618775,0.0,2.6247414708358705,-0.38010335709961673,-2.4513724383723456e-13,5.739189737169627,0.025881016800785108,0.49979097911856024
2023-08-09 00:00:00+00:00,4043.3843301560983,0.0,2.611130436499762,-0.38331793445327456,-2.4513724383723456e-13,5.739189737169627,0.025881016800785108,0.49979097911856024
2023-08-10 00:00:00+00:00,4040.055118112227,0.0,2.608980503130213,-0.38382569359567065,-2.4513724383723456e-13,5.739189737169627,0.025881016800785108,0.49979097911856024
2023-08-11 00:00:00+00:00,4035.2908009385824,0.0,2.605903809804659,-0.38455232967961894,-2.4513724383723456e-13,5.739189737169627,0.025881016800785108,0.49979097911856024
2023-08-14 00:00:00+00:00,4047.005844343512,0.0,2.6134691322924044,-0.3827655944659909,-2.4513724383723456e-13,5.739189737169627,0.025881016800785108,0.49979097911856024
2023-08-15 00:00:00+00:00,4005.6836185992274,0.0,2.5867841296969054,-0.3890679079351609,-2.4513724383723456e-13,5.739189737169627,0.025881016800785108,0.49979097911856024
2023-08-16 00:00:00+00:00,3965.677203884606,0.0,2.5609488494992037,-0.3951695387589562,-2.4513724383723456e-13,5.739189737169627,0.025881016800785108,0.49979097911856024
2023-08-17 00:00:00+00:00,3829.242566460871,0.0,2.4728423017953474,-0.41597804647143954,-2.4513724383723456e-13,5.739189737169627,0.025881016800785108,0.49979097911856024
2023-08-18 00:00:00+00:00,3806.683316402629,0.0,2.458274024421277,-0.41941870008908966,-2.4513724383723456e-13,5.739189737169627,0.025881016800785108,0.49979097911856024
2023-08-21 00:00:00+00:00,3826.7581671867883,0.0,2.4712379303007572,-0.4163569578859587,-2.4513724383723456e-13,5.739189737169627,0.025881016800785108,0.49979097911856024
2023-08-22 00:00:00+00:00,3802.164206792175,0.0,2.4553556808540504,-0.42010793801985535,-2.4513724383723456e-13,5.739189737169627,0.025881016800785108,0.49979097911856024
2023-08-23 00:00:00+00:00,3859.1228603889526,0.0,2.4921383514795883,-0.4114208142436534,-2.4513724383723456e-13,5.739189737169627,0.025881016800785108,0.49979097911856024
2023-08-24 00:00:00+00:00,3812.3133438310733,0.0,2.4619097747671193,-0.41856002906992307,-2.4513724383723456e-13,5.739189737169627,0.025881016800785108,0.49979097911856024
2023-08-25 00:00:00+00:00,3820.794369668866,0.0,2.4673866384262677,-0.41726653428818816,-2.4513724383723456e-13,5.739189737169627,0.025881016800785108,0.49979097911856024
2023-08-28 00:00:00+00:00,3937.187959220802,100.0,2.477973265159545,-0.41476624447126076,-2.4158453015843406e-13,5.8867682758853075,0.026646100061870702,0.511833235462315
2023-08-29 00:00:00+00:00,4052.823064423379,0.0,2.5507512737722213,-0.3975779447025959,-2.4158453015843406e-13,5.8867682758853075,0.026646100061870702,0.511833235462315
2023-08-30 00:00:00+00:00,4039.4729561313084,0.0,2.5423490304002074,-0.3995623391723052,-2.4158453015843406e-13,5.8867682758853075,0.026646100061870702,0.511833235462315
2023-08-31 00:00:00+00:00,3969.6966007670503,0.0,2.4984334376157773,-0.40993407629023904,-2.4158453015843406e-13,5.8867682758853075,0.026646100061870702,0.511833235462315
2023-09-01 00:00:00+00:00,3962.743376650338,0.0,2.4940572423092964,-0.41096762142575294,-2.4158453015843406e-13,5.8867682758853075,0.026646100061870702,0.511833235462315
2023-09-05 00:00:00+00:00,3954.4713302201985,0.0,2.488851011335731,-0.4121971997055709,-2.4158453015843406e-13,5.8867682758853075,0.026646100061870702,0.511833235462315
2023-09-06 00:00:00+00:00,3936.171985310836,0.0,2.4773338351366276,-0.4149172614491158,-2.4158453015843406e-13,5.8867682758853075,0.026646100061870702,0.511833235462315
2023-09-07 00:00:00+00:00,3949.838305052401,0.0,2.485935094538889,-0.41288586449538855,-2.4158453015843406e-13,5.8867682758853075,0.026646100061870702,0.511833235462315
2023-09-08 00:00:00+00:00,3937.982219957737,0.0,2.4784731541392113,-0.41464818351030097,-2.4158453015843406e-13,5.8867682758853075,0.026646100061870702,0.511833235462315
2023-09-11 00:00:00+00:00,3890.5909033078333,0.0,2.448646176896699,-0.4216925508378805,-2.4158453015843406e-13,5.8867682758853075,0.026646100061870702,0.511833235462315
2023-09-12 00:00:00+00:00,3916.6825925402595,0.0,2.465067670874243,-0.41781421497082594,-2.4158453015843406e-13,5.8867682758853075,0.026646100061870702,0.511833235462315
2023-09-13 00:00:00+00:00,3937.182743825836,0.0,2.4779699827129287,-0.41476701970099694,-2.4158453015843406e-13,5.8867682758853075,0.026646100061870702,0.511833235462315
2023-09-14 00:00:00+00:00,3975.7421093652997,0.0,2.5022383381782882,-0.40903545632652916,-2.4158453015843406e-13,5.8867682758853075,0.026646100061870702,0.511833235462315
2023-09-15 00:00:00+00:00,3955.010697763064,0.0,2.489190476549268,-0.4121170267252636,-2.4158453015843406e-13,5.8867682758853075,0.026646100061870702,0.511833235462315
2023-09-18 00:00:00+00:00,3959.6202133280763,0.0,2.4920915969564574,-0.41143185646333535,-2.4158453015843406e-13,5.8867682758853075,0.026646100061870702,0.511833235462315
2023-09-19 00:00:00+00:00,3970.030297345639,0.0,2.498643458373988,-0.40988447477161305,-2.4158453015843406e-13,5.8867682758853075,0.026646100061870702,0.511833235462315
2023-09-20 00:00:00+00:00,3934.5941547487387,0.0,2.476340785785078,-0.4151517942463836,-2.4158453015843406e-13,5.8867682758853075,0.026646100061870702,0.511833235462315
2023-09-21 00:00:00+00:00,3861.111685450246,0.0,2.430092652278237,-0.42607441768181453,-2.4158453015843406e-13,5.8867682758853075,0.026646100061870702,0.511833235462315
2023-09-22 00:00:00+00:00,3860.459895644268,0.0,2.429682431143141,-0.4261713013967703,-2.4158453015843406e-13,5.8867682758853075,0.026646100061870702,0.511833235462315
2023-09-25 00:00:00+00:00,3860.4053847009977,0.0,2.4296481232407796,-0.42617940404373,-2.4158453015843406e-13,5.8867682758853075,0.026646100061870702,0.511833235462315
2023-09-26 00:00:00+00:00,3826.6596463053506,0.0,2.4084093511974882,-0.43119545748566,-2.4158453015843406e-13,5.8867682758853075,0.026646100061870702,0.511833235462315
2023-09-27 00:00:00+00:00,3933.5237840234545,100.0,2.4127294776252852,-0.4301751543818104,-2.4868995751603507e-13,6.039038271295889,0.027407684939824317,0.52436133107124
2023-09-28 00:00:00+00:00,3993.5810896555267,0.0,2.4495671935261756,-0.4214750303228082,-2.4868995751603507e-13,6.06194316952535,0.027407684939824317,0.52436133107124
2023-09-29 00:00:00+00:00,3992.3288665357986,0.0,2.4487991097927546,-0.4216564320086902,-2.4868995751603507e-13,6.06194316952535,0.027407684939824317,0.52436133107124
2023-10-02 00:00:00+00:00,4005.6023688051973,0.0,2.4569407588471672,-0.41973358323574184,-2.4868995751603507e-13,6.06194316952535,0.027407684939824317,0.52436133107124
2023-10-03 00:00:00+00:00,3968.835741362435,0.0,2.434388988298755,-0.42505973326223134,-2.4868995751603507e-13,6.06194316952535,0.027407684939824317,0.52436133107124
2023-10-04 00:00:00+00:00,3990.36187762971,0.0,2.4475926058089326,-0.4219413773176006,-2.4868995751603507e-13,6.06194316952535,0.027407684939824317,0.52436133107124
2023-10-05 00:00:00+00:00,3960.027944234654,0.0,2.428986496047544,-0.4263356634241282,-2.4868995751603507e-13,6.06194316952535,0.027407684939824317,0.52436133107124
2023-10-06 00:00:00+00:00,4019.916932165921,0.0,2.4657209698935656,-0.41765992249159023,-2.4868995751603507e-13,6.06194316952535,0.027407684939824317,0.52436133107124
2023-10-09 00:00:00+00:00,3992.4835939813174,0.0,2.448894015909839,-0.4216340176170159,-2.4868995751603507e-13,6.06194316952535,0.027407684939824317,0.52436133107124
2023-10-10 00:00:00+00:00,3992.8745238524893,0.0,2.4491338029495644,-0.42157738606583706,-2.4868995751603507e-13,6.06194316952535,0.027407684939824317,0.52436133107124
2023-10-11 00:00:00+00:00,3988.616698527339,0.0,2.4465221546574414,-0.42219419043560535,-2.4868995751603507e-13,6.06194316952535,0.027407684939824317,0.52436133107124
2023-10-12 00:00:00+00:00,3956.5370489961047,0.0,2.426845264340859,-0.426841367456847,-2.4868995751603507e-13,6.06194316952535,0.027407684939824317,0.52436133107124
2023-10-13 00:00:00+00:00,3953.1934277523355,0.0,2.4247943669827134,-0.4273257368324117,-2.4868995751603507e-13,6.06194316952535,0.027407684939824317,0.52436133107124
2023-10-16 00:00:00+00:00,4048.0469743379776,0.0,2.4829752654519206,-0.4135849002423212,-2.4868995751603507e-13,6.06194316952535,0.027407684939824317,0.52436133107124
2023-10-17 00:00:00+00:00,4027.190076447872,0.0,2.470182142767454,-0.4166063078332898,-2.4868995751603507e-13,6.06194316952535,0.027407684939824317,0.52436133107124
2023-10-18 00:00:00+00:00,3991.7942964056524,0.0,2.4484712172511855,-0.4217338718205762,-2.4868995751603507e-13,6.06194316952535,0.027407684939824317,0.52436133107124
2023-10-19 00:00:00+00:00,3983.918717391654,0.0,2.4436405253108906,-0.42287475740871794,-2.4868995751603507e-13,6.06194316952535,0.027407684939824317,0.52436133107124
2023-10-20 00:00:00+00:00,4000.088983253511,0.0,2.453558979920064,-0.4205322727170625,-2.4868995751603507e-13,6.06194316952535,0.027407684939824317,0.52436133107124
2023-10-23 00:00:00+00:00,4173.90008825551,0.0,2.5601705576306735,-0.3953533513446372,-2.4868995751603507e-13,6.06194316952535,0.027407684939824317,0.52436133107124
2023-10-24 00:00:00+00:00,4225.026266453535,0.0,2.591530133418092,-0.3879470235331557,-2.4868995751603507e-13,6.06194316952535,0.027407684939824317,0.52436133107124
2023-10-25 00:00:00+00:00,4208.5974364709655,0.0,2.5814530817569743,-0.390326964782406,-2.4868995751603507e-13,6.06194316952535,0.027407684939824317,0.52436133107124
2023-10-26 00:00:00+00:00,4179.117135929361,0.0,2.5633705699860077,-0.39459759046747944,-2.4868995751603507e-13,6.06194316952535,0.027407684939824317,0.52436133107124
2023-10-27 00:00:00+00:00,4248.229477815636,100.0,2.5444248187162466,-0.3990720911906346,-2.5934809855243657e-13,6.219539193472223,0.02799243059969967,0.5354349396431733
2023-10-30 00:00:00+00:00,4308.647946599774,0.0,2.5806117178199734,-0.39052567337363286,-2.5934809855243657e-13,6.219539193472223,0.02799243059969967,0.5354349396431733
2023-10-31 00:00:00+00:00,4330.64945159306,0.0,2.593789248752886,-0.3874134784097505,-2.5934809855243657e-13,6.219539193472223,0.02799243059969967,0.5354349396431733
2023-11-01 00:00:00+00:00,4396.143922933276,0.0,2.6330163571840512,-0.3781490410937871,-2.5934809855243657e-13,6.219539193472223,0.02799243059969967,0.5354349396431733
2023-11-02 00:00:00+00:00,4403.880494420023,0.0,2.6376500815639243,-0.3770546741936084,-2.5934809855243657e-13,6.219539193472223,0.02799243059969967,0.5354349396431733
2023-11-03 00:00:00+00:00,4437.436758469026,0.0,2.657748193380987,-0.3723080154531321,-2.5934809855243657e-13,6.219539193472223,0.02799243059969967,0.5354349396431733
2023-11-06 00:00:00+00:00,4487.982071250037,0.0,2.6880216870755667,-0.3651581923872591,-2.5934809855243657e-13,6.219539193472223,0.02799243059969967,0.5354349396431733
2023-11-07 00:00:00+00:00,4496.496698459669,0.0,2.693121418365375,-0.3639537666023305,-2.5934809855243657e-13,6.219539193472223,0.02799243059969967,0.5354349396431733
2023-11-08 00:00:00+00:00,4506.390228314789,0.0,2.6990470264427007,-0.3625542898938271,-2.5934809855243657e-13,6.219539193472223,0.02799243059969967,0.5354349396431733
2023-11-09 00:00:00+00:00,4642.5386650079545,0.0,2.7805914588140026,-0.34329558558490725,-2.5934809855243657e-13,6.219539193472223,0.02799243059969967,0.5354349396431733
2023-11-10 00:00:00+00:00,4674.689809695254,0.0,2.7998479916636745,-0.3387476862203229,-2.5934809855243657e-13,6.219539193472223,0.02799243059969967,0.5354349396431733
2023-11-13 00:00:00+00:00,4635.774628084751,0.0,2.776540222054787,-0.3442523838427687,-2.5934809855243657e-13,6.219539193472223,0.02799243059969967,0.5354349396431733
2023-11-14 00:00:00+00:00,4618.817230325158,0.0,2.766383797138085,-0.346651071020035,-2.5934809855243657e-13,6.219539193472223,0.02799243059969967,0.5354349396431733
2023-11-15 00:00:00+00:00,4731.341182293474,0.0,2.8337786348188954,-0.33073413821299324,-2.5934809855243657e-13,6.219539193472223,0.02799243059969967,0.5354349396431733
2023-11-16 00:00:00+00:00,4635.728109799792,0.0,2.7765123604998982,-0.3442589640277254,-2.5934809855243657e-13,6.219539193472223,0.02799243059969967,0.5354349396431733
2023-11-17 00:00:00+00:00,4651.62143618156,0.0,2.7860314729463664,-0.3420107937166593,-2.5934809855243657e-13,6.219539193472223,0.02799243059969967,0.5354349396431733
2023-11-20 00:00:00+00:00,4726.832807719242,0.0,2.8310783992928608,-0.3313718646162326,-2.5934809855243657e-13,6.219539193472223,0.02799243059969967,0.5354349396431733
2023-11-21 00:00:00+00:00,4624.939697633632,0.0,2.7700507736639084,-0.34578502517772647,-2.5934809855243657e-13,6.219539193472223,0.02799243059969967,0.5354349396431733
2023-11-22 00:00:00+00:00,4752.503201479636,0.0,2.846453366048129,-0.3277406916484581,-2.5934809855243657e-13,6.219539193472223,0.02799243059969967,0.5354349396431733
2023-11-24 00:00:00+00:00,4771.917543071991,0.0,2.858081347268207,-0.32499446059975245,-2.5934809855243657e-13,6.219539193472223,0.02799243059969967,0.5354349396431733
2023-11-27 00:00:00+00:00,4825.078401830891,100.0,2.8300276194544054,-0.3316200318744268,-2.5579538487363607e-13,6.363080242785284,0.028525712597833017,0.5451181320181158
2023-11-28 00:00:00+00:00,4855.374162802781,0.0,2.847796831301886,-0.32742339959897027,-2.5579538487363607e-13,6.363080242785284,0.028525712597833017,0.5451181320181158
2023-11-29 00:00:00+00:00,4844.1393623849435,0.0,2.841207343456575,-0.3289796676882768,-2.5579538487363607e-13,6.363080242785284,0.028525712597833017,0.5451181320181158
2023-11-30 00:00:00+00:00,4863.3392970121895,0.0,2.8524685791841033,-0.3263200525223756,-2.5579538487363607e-13,6.363080242785284,0.028525712597833017,0.5451181320181158
2023-12-01 00:00:00+00:00,4925.5678491748195,0.0,2.888967161522595,-0.3177000231161846,-2.5579538487363607e-13,6.363080242785284,0.028525712597833017,0.5451181320181158
2023-12-04 00:00:00+00:00,5091.567015199042,0.0,2.986329771107692,-0.29470547089211296,-2.5579538487363607e-13,6.363080242785284,0.028525712597833017,0.5451181320181158
2023-12-05 00:00:00+00:00,5177.370725928565,0.0,3.0366557660436677,-0.2828197611343827,-2.5579538487363607e-13,6.363080242785284,0.028525712597833017,0.5451181320181158
2023-12-06 00:00:00+00:00,5124.323881055167,0.0,3.00554248173731,-0.2901679212124014,-2.5579538487363607e-13,6.363080242785284,0.028525712597833017,0.5451181320181158
2023-12-07 00:00:00+00:00,5198.232274628995,0.0,3.0488915794522975,-0.27992997570620126,-2.5579538487363607e-13,6.363080242785284,0.028525712597833017,0.5451181320181158
2023-12-08 00:00:00+00:00,5236.863902534279,0.0,3.0715499830784347,-0.2745786416805871,-2.5579538487363607e-13,6.363080242785284,0.028525712597833017,0.5451181320181158
2023-12-11 00:00:00+00:00,5091.245237876515,0.0,2.9861410407629756,-0.2947500441609102,-2.5579538487363607e-13,6.363080242785284,0.028525712597833017,0.5451181320181158
2023-12-12 00:00:00+00:00,5099.681438503036,0.0,2.991089080730006,-0.29358144397739494,-2.5579538487363607e-13,6.363080242785284,0.028525712597833017,0.5451181320181158
2023-12-13 00:00:00+00:00,5206.828769789726,0.0,3.0539336361215,-0.27873917118801117,-2.5579538487363607e-13,6.363080242785284,0.028525712597833017,0.5451181320181158
2023-12-14 00:00:00+00:00,5249.349592801549,0.0,3.078873148706359,-0.27284909770888766,-2.5579538487363607e-13,6.363080242785284,0.028525712597833017,0.5451181320181158
2023-12-15 00:00:00+00:00,5162.598178561001,0.0,3.0279913022612686,-0.2848660853422792,-2.5579538487363607e-13,6.363080242785284,0.028525712597833017,0.5451181320181158
2023-12-18 00:00:00+00:00,5198.071647543511,0.0,3.048797367700592,-0.2799522261065751,-2.5579538487363607e-13,6.363080242785284,0.028525712597833017,0.5451181320181158
2023-12-19 00:00:00+00:00,5181.409103018521,0.0,3.0390243739191405,-0.2822603566800136,-2.5579538487363607e-13,6.363080242785284,0.028525712597833017,0.5451181320181158
2023-12-20 00:00:00+00:00,5194.287232558001,0.0,3.0465777148699966,-0.28047645119821896,-2.5579538487363607e-13,6.389725613561764,0.028525712597833017,0.5451181320181158
2023-12-21 00:00:00+00:00,5246.971159930328,0.0,3.077478139101122,-0.27317856321271305,-2.5579538487363607e-13,6.389725613561764,0.028525712597833017,0.5451181320181158
2023-12-22 00:00:00+00:00,5302.780763171315,0.0,3.1102118494057773,-0.2654477000580011,-2.5579538487363607e-13,6.389725613561764,0.028525712597833017,0.5451181320181158
2023-12-26 00:00:00+00:00,5221.639724065823,0.0,3.062620626504065,-0.27668752677468733,-2.5579538487363607e-13,6.389725613561764,0.028525712597833017,0.5451181320181158
2023-12-27 00:00:00+00:00,5435.18174689081,100.0,3.1292158263751193,-0.2609594479173818,-2.6290081223123707e-13,6.526989750236488,0.02899549706341563,0.5540697721612605
2023-12-28 00:00:00+00:00,5391.605735410822,0.0,3.1041276598475718,-0.2668846296466131,-2.6290081223123707e-13,6.526989750236488,0.02899549706341563,0.5540697721612605
2023-12-29 00:00:00+00:00,5344.658468248321,0.0,3.0770985487246554,-0.2732682127277847,-2.6290081223123707e-13,6.526989750236488,0.02899549706341563,0.5540697721612605
2024-01-02 00:00:00+00:00,5441.059515577048,0.0,3.132599854297878,-0.26016022728094657,-2.6290081223123707e-13,6.526989750236488,0.02899549706341563,0.5540697721612605
2024-01-03 00:00:00+00:00,5278.419712090925,0.0,3.0389626824850953,-0.28227492661510445,-2.6290081223123707e-13,6.526989750236488,0.02899549706341563,0.5540697721612605
2024-01-04 00:00:00+00:00,5339.205420005141,0.0,3.0739590465591005,-0.2740096826494628,-2.6290081223123707e-13,6.526989750236488,0.02899549706341563,0.5540697721612605
2024-01-05 00:00:00+00:00,5343.54687785987,0.0,3.0764585689782593,-0.27341935953623164,-2.6290081223123707e-13,6.526989750236488,0.02899549706341563,0.5540697721612605
2024-01-08 00:00:00+00:00,5499.211142050437,0.0,3.1660796896307213,-0.2522531485235565,-2.6290081223123707e-13,6.526989750236488,0.02899549706341563,0.5540697721612605
2024-01-09 00:00:00+00:00,5475.580026409405,0.0,3.1524744663829214,-0.2554663534471392,-2.6290081223123707e-13,6.526989750236488,0.02899549706341563,0.5540697721612605
2024-01-10 00:00:00+00:00,5643.112359038309,0.0,3.2489284307773594,-0.2326863999214671,-2.6290081223123707e-13,6.526989750236488,0.02899549706341563,0.5540697721612605
2024-01-11 00:00:00+00:00,5651.638024673081,0.0,3.253836941490911,-0.23152713553418158,-2.6290081223123707e-13,6.526989750236488,0.02899549706341563,0.5540697721612605
2024-01-12 00:00:00+00:00,5496.9259258536495,0.0,3.1647640142728983,-0.2525638773120956,-2.6290081223123707e-13,6.526989750236488,0.02899549706341563,0.5540697721612605
2024-01-16 00:00:00+00:00,5533.437457015043,0.0,3.1857849233199196,-0.24759927752436373,-2.6290081223123707e-13,6.526989750236488,0.02899549706341563,0.5540697721612605
2024-01-17 00:00:00+00:00,5475.386519644226,0.0,3.1523630580693993,-0.2554926652345326,-2.6290081223123707e-13,6.526989750236488,0.02899549706341563,0.5540697721612605
2024-01-18 00:00:00+00:00,5425.677159963139,0.0,3.1237437179485266,-0.26225181963510047,-2.6290081223123707e-13,6.526989750236488,0.02899549706341563,0.5540697721612605
2024-01-19 00:00:00+00:00,5482.015440637938,0.0,3.156179549486118,-0.2545913078082226,-2.6290081223123707e-13,6.526989750236488,0.02899549706341563,0.5540697721612605
2024-01-22 00:00:00+00:00,5329.4642204808315,0.0,3.068350712350813,-0.2753342274042929,-2.6290081223123707e-13,6.526989750236488,0.02899549706341563,0.5540697721612605
2024-01-23 00:00:00+00:00,5307.964787186558,0.0,3.055972769890835,-0.27825758007053125,-2.6290081223123707e-13,6.526989750236488,0.02899549706341563,0.5540697721612605
2024-01-24 00:00:00+00:00,5311.6102012112,0.0,3.058071556608708,-0.27776190045597526,-2.6290081223123707e-13,6.526989750236488,0.02899549706341563,0.5540697721612605
2024-01-25 00:00:00+00:00,5315.327930034811,0.0,3.0602119773737857,-0.27725638794687335,-2.6290081223123707e-13,6.526989750236488,0.02899549706341563,0.5540697721612605
2024-01-26 00:00:00+00:00,5394.739018069883,0.0,3.1059315954180517,-0.2664585863137461,-2.6290081223123707e-13,6.526989750236488,0.02899549706341563,0.5540697721612605
2024-01-29 00:00:00+00:00,5588.053560668155,100.0,3.15965589703805,-0.25377028364224574,-2.6645352591003757e-13,6.660782702498728,0.029470622832639543,0.562918208052323
2024-01-30 00:00:00+00:00,5589.569284653682,0.0,3.160512933603136,-0.25356787357807653,-2.6645352591003757e-13,6.660782702498728,0.029470622832639543,0.562918208052323
2024-01-31 00:00:00+00:00,5496.268776769358,0.0,3.107757981143786,-0.2660272408297799,-2.6645352591003757e-13,6.660782702498728,0.029470622832639543,0.562918208052323
2024-02-01 00:00:00+00:00,5561.889793717624,0.0,3.1448621053113848,-0.25726419796829436,-2.6645352591003757e-13,6.660782702498728,0.029470622832639543,0.562918208052323
2024-02-02 00:00:00+00:00,5598.803189946447,0.0,3.1657340652537576,-0.25233477614035793,-2.6645352591003757e-13,6.660782702498728,0.029470622832639543,0.562918208052323
2024-02-05 00:00:00+00:00,5569.197475018405,0.0,3.148994091174621,-0.25628832884229,-2.6645352591003757e-13,6.660782702498728,0.029470622832639543,0.562918208052323
2024-02-06 00:00:00+00:00,5629.95032750155,0.0,3.1833456066936128,-0.24817538157286534,-2.6645352591003757e-13,6.660782702498728,0.029470622832639543,0.562918208052323
2024-02-07 00:00:00+00:00,5721.183170621936,0.0,3.2349314384397223,-0.2359921306599846,-2.6645352591003757e-13,6.660782702498728,0.029470622832639543,0.562918208052323
2024-02-08 00:00:00+00:00,5747.798205576011,0.0,3.249980390857505,-0.23243795392044453,-2.6645352591003757e-13,6.660782702498728,0.029470622832639543,0.562918208052323
2024-02-09 00:00:00+00:00,5857.184754702222,0.0,3.3118308815965287,-0.217830453716376,-2.6645352591003757e-13,6.660782702498728,0.029470622832639543,0.562918208052323
2024-02-12 00:00:00+00:00,6035.473844434695,0.0,3.4126409700530536,-0.19402169536853398,-2.6645352591003757e-13,6.660782702498728,0.029470622832639543,0.562918208052323
2024-02-13 00:00:00+00:00,5974.571835356223,0.0,3.3782051168463694,-0.20215456103756158,-2.6645352591003757e-13,6.660782702498728,0.029470622832639543,0.562918208052323
2024-02-14 00:00:00+00:00,6140.997097236255,0.0,3.4723070352346515,-0.17993010047733538,-2.6645352591003757e-13,6.660782702498728,0.029470622832639543,0.562918208052323
2024-02-15 00:00:00+00:00,6191.041748529634,0.0,3.5006038072425825,-0.17324712839511813,-2.6645352591003757e-13,6.660782702498728,0.029470622832639543,0.562918208052323
2024-02-16 00:00:00+00:00,6170.813305546005,0.0,3.4891660286910327,-0.17594843844988928,-2.6645352591003757e-13,6.660782702498728,0.029470622832639543,0.562918208052323
2024-02-20 00:00:00+00:00,6277.905328234718,0.0,3.549719124208189,-0.16164734973490902,-2.6645352591003757e-13,6.660782702498728,0.029470622832639543,0.562918208052323
2024-02-21 00:00:00+00:00,6242.4966380317655,0.0,3.5296979709405076,-0.16637583283906687,-2.6645352591003757e-13,6.660782702498728,0.029470622832639543,0.562918208052323
2024-02-22 00:00:00+00:00,6291.87823041351,0.0,3.557619829219091,-0.15978140576777056,-2.6645352591003757e-13,6.660782702498728,0.029470622832639543,0.562918208052323
2024-02-23 00:00:00+00:00,6249.563959784062,0.0,3.533694050185002,-0.165432061372067,-2.6645352591003757e-13,6.660782702498728,0.029470622832639543,0.562918208052323
2024-02-26 00:00:00+00:00,6490.980165756381,0.0,3.6701981352943407,-0.1331932961292106,-2.6645352591003757e-13,6.660782702498728,0.029470622832639543,0.562918208052323
2024-02-27 00:00:00+00:00,6710.862655988287,100.0,3.7379833512197864,-0.11718416598921255,-2.7711166694643907e-13,6.789553858352164,0.029837203694004645,0.5692061014267585
2024-02-28 00:00:00+00:00,6947.0487969253445,0.0,3.869540187928964,-0.08611381398207096,-2.7711166694643907e-13,6.789553858352164,0.029837203694004645,0.5692061014267585
2024-02-29 00:00:00+00:00,6895.423492669002,0.0,3.8407846407356883,-0.09290513700109526,-2.7711166694643907e-13,6.789553858352164,0.029837203694004645,0.5692061014267585
2024-03-01 00:00:00+00:00,7016.609160605829,0.0,3.9082856510193795,-0.07696312894728141,-2.7711166694643907e-13,6.789553858352164,0.029837203694004645,0.5692061014267585
2024-03-04 00:00:00+00:00,7298.201502306191,0.0,4.065133963831697,-0.03991957870155727,-2.7711166694643907e-13,6.789553858352164,0.029837203694004645,0.5692061014267585
2024-03-05 00:00:00+00:00,7089.0560599748505,0.0,3.9486389286188324,-0.06743271934623152,-2.7711166694643907e-13,6.789553858352164,0.029837203694004645,0.5692061014267585
2024-03-06 00:00:00+00:00,7326.750046314008,0.0,4.081035642598368,-0.03616400986040935,-2.7711166694643907e-13,6.789553858352164,0.029837203694004645,0.5692061014267585
2024-03-07 00:00:00+00:00,7409.1625907286325,0.0,4.126939833273265,-0.025322616903957318,-2.7711166694643907e-13,6.789553858352164,0.029837203694004645,0.5692061014267585
2024-03-08 00:00:00+00:00,7436.805778985966,0.0,4.14233722445491,-0.021686147861584848,-2.7711166694643907e-13,6.789553858352164,0.029837203694004645,0.5692061014267585
2024-03-11 00:00:00+00:00,7655.408226081841,0.0,4.264099857616705,0.0,-2.7711166694643907e-13,6.789553858352164,0.029837203694004645,0.5692061014267585
2024-03-12 00:00:00+00:00,7622.5874614835275,0.0,4.245818531067229,-0.004287265111022398,-2.7711166694643907e-13,6.789553858352164,0.029837203694004645,0.5692061014267585
2024-03-13 00:00:00+00:00,7680.180575069706,0.0,4.277898177271573,0.0,-2.7711166694643907e-13,6.789553858352164,0.029837203694004645,0.5692061014267585
2024-03-14 00:00:00+00:00,7552.825822729654,0.0,4.206960956775629,-0.01658226015589448,-2.7711166694643907e-13,6.789553858352164,0.029837203694004645,0.5692061014267585
2024-03-15 00:00:00+00:00,7394.916770815071,0.0,4.119004841843534,-0.037142851195532844,-2.7711166694643907e-13,6.789553858352164,0.029837203694004645,0.5692061014267585
2024-03-18 00:00:00+00:00,7232.27985251612,0.0,4.028415282190917,-0.058319035363243565,-2.7711166694643907e-13,6.789553858352164,0.029837203694004645,0.5692061014267585
2024-03-19 00:00:00+00:00,6875.067795319949,0.0,3.82944641766457,-0.1048299283955898,-2.7711166694643907e-13,6.789553858352164,0.029837203694004645,0.5692061014267585
2024-03-20 00:00:00+00:00,7283.089910969849,0.0,4.056716733481247,-0.05170329788714012,-2.7711166694643907e-13,6.789553858352164,0.029837203694004645,0.5692061014267585
2024-03-21 00:00:00+00:00,7210.678016292263,0.0,4.016382953666283,-0.061131708322259226,-2.7711166694643907e-13,6.789553858352164,0.029837203694004645,0.5692061014267585
2024-03-22 00:00:00+00:00,7066.478818616877,0.0,3.936063294659573,-0.07990720406300578,-2.7711166694643907e-13,6.811416794208079,0.029837203694004645,0.5692061014267585
2024-03-25 00:00:00+00:00,7384.161605817553,0.0,4.11301416228992,-0.03854323037833862,-2.7711166694643907e-13,6.811416794208079,0.029837203694004645,0.5692061014267585
2024-03-26 00:00:00+00:00,7376.4975800868215,0.0,4.108745262440028,-0.03954112693243905,-2.7711166694643907e-13,6.811416794208079,0.029837203694004645,0.5692061014267585
2024-03-27 00:00:00+00:00,7439.784831397692,100.0,4.088296081699452,-0.04432132035761738,-2.913225216616411e-13,6.936481996169464,0.030122538863117783,0.5747729410068737
2024-03-28 00:00:00+00:00,7512.931578539019,0.0,4.128491539834868,-0.03492524395052243,-2.913225216616411e-13,6.936481996169464,0.030122538863117783,0.5747729410068737
2024-04-01 00:00:00+00:00,7441.91514990934,0.0,4.089466730182078,-0.04404766997275178,-2.913225216616411e-13,6.936481996169464,0.030122538863117783,0.5747729410068737
2024-04-02 00:00:00+00:00,7164.8154239867545,0.0,3.937195428067489,-0.07964255694869826,-2.913225216616411e-13,6.936481996169464,0.030122538863117783,0.5747729410068737
2024-04-03 00:00:00+00:00,7201.156007303964,0.0,3.957165234688161,-0.07497442185217551,-2.913225216616411e-13,6.936481996169464,0.030122538863117783,0.5747729410068737
2024-04-04 00:00:00+00:00,7245.9381313843005,0.0,3.981773820360581,-0.06922192736711164,-2.913225216616411e-13,6.936481996169464,0.030122538863117783,0.5747729410068737
2024-04-05 00:00:00+00:00,7255.103970345187,0.0,3.986810614348377,-0.06804452814462514,-2.913225216616411e-13,6.936481996169464,0.030122538863117783,0.5747729410068737
2024-04-08 00:00:00+00:00,7587.420326883962,0.0,4.169424451859975,-0.025356780576947346,-2.913225216616411e-13,6.936481996169464,0.030122538863117783,0.5747729410068737
2024-04-09 00:00:00+00:00,7408.805927158034,0.0,4.0712726145309075,-0.048300720161705724,-2.913225216616411e-13,6.936481996169464,0.030122538863117783,0.5747729410068737
2024-04-10 00:00:00+00:00,7444.05359828509,0.0,4.090641846171804,-0.04377297526496993,-2.913225216616411e-13,6.936481996169464,0.030122538863117783,0.5747729410068737
2024-04-11 00:00:00+00:00,7424.100724267192,0.0,4.079677381672542,-0.046336024698338085,-2.913225216616411e-13,6.936481996169464,0.030122538863117783,0.5747729410068737
2024-04-12 00:00:00+00:00,7139.6709954024,0.0,3.92337811060635,-0.08287248830483729,-2.913225216616411e-13,6.936481996169464,0.030122538863117783,0.5747729410068737
2024-04-15 00:00:00+00:00,6909.133446991578,0.0,3.7966935656615877,-0.11248622376442252,-2.913225216616411e-13,6.936481996169464,0.030122538863117783,0.5747729410068737
2024-04-16 00:00:00+00:00,6904.410207784554,0.0,3.7940980604446204,-0.11309294816725124,-2.913225216616411e-13,6.936481996169464,0.030122538863117783,0.5747729410068737
2024-04-17 00:00:00+00:00,6752.47519848397,0.0,3.710607029820305,-0.13260978264169065,-2.913225216616411e-13,6.936481996169464,0.030122538863117783,0.5747729410068737
2024-04-18 00:00:00+00:00,6856.643199188673,0.0,3.7678492268422175,-0.11922886644175879,-2.913225216616411e-13,6.936481996169464,0.030122538863117783,0.5747729410068737
2024-04-19 00:00:00+00:00,6835.923946118432,0.0,3.75646362321759,-0.12189036121157792,-2.913225216616411e-13,6.936481996169464,0.030122538863117783,0.5747729410068737
2024-04-22 00:00:00+00:00,7036.347989658893,0.0,3.8666002535710366,-0.09614486054992089,-2.913225216616411e-13,6.936481996169464,0.030122538863117783,0.5747729410068737
2024-04-23 00:00:00+00:00,7075.371079808508,0.0,3.888044146125722,-0.09113214363472721,-2.913225216616411e-13,6.936481996169464,0.030122538863117783,0.5747729410068737
2024-04-24 00:00:00+00:00,6963.808413604013,0.0,3.8267384469094057,-0.1054629427037731,-2.913225216616411e-13,6.936481996169464,0.030122538863117783,0.5747729410068737
2024-04-25 00:00:00+00:00,6965.4000422741465,0.0,3.8276130755986877,-0.10525848980353136,-2.913225216616411e-13,6.936481996169464,0.030122538863117783,0.5747729410068737
2024-04-26 00:00:00+00:00,6961.494868131568,0.0,3.8254671119038672,-0.10576012953544967,-2.913225216616411e-13,6.936481996169464,0.030122538863117783,0.5747729410068737
2024-04-29 00:00:00+00:00,7124.656362888709,100.0,3.8601754935818073,-0.09764671022539095,-2.948752353404416e-13,7.06439346915066,0.030438927829836933,0.5808922614057591
2024-04-30 00:00:00+00:00,6857.352028252084,0.0,3.7153486290515825,-0.13150138804350464,-2.948752353404416e-13,7.06439346915066,0.030438927829836933,0.5808922614057591
2024-05-01 00:00:00+00:00,6752.372609225224,0.0,3.6584702394117996,-0.14479726075547739,-2.948752353404416e-13,7.06439346915066,0.030438927829836933,0.5808922614057591
2024-05-02 00:00:00+00:00,6811.829043712529,0.0,3.690684041685709,-0.137266973465083,-2.948752353404416e-13,7.06439346915066,0.030438927829836933,0.5808922614057591
2024-05-03 00:00:00+00:00,7036.466745976634,0.0,3.8123939051580353,-0.10881611782785217,-2.948752353404416e-13,7.06439346915066,0.030438927829836933,0.5808922614057591
2024-05-06 00:00:00+00:00,7055.330167224417,0.0,3.8226142038948403,-0.10642702432602336,-2.948752353404416e-13,7.06439346915066,0.030438927829836933,0.5808922614057591
2024-05-07 00:00:00+00:00,7001.1076224659255,0.0,3.793236150018919,-0.11329442805059231,-2.948752353404416e-13,7.06439346915066,0.030438927829836933,0.5808922614057591
2024-05-08 00:00:00+00:00,6948.899739758276,0.0,3.764949650413182,-0.11990667042607062,-2.948752353404416e-13,7.06439346915066,0.030438927829836933,0.5808922614057591
2024-05-09 00:00:00+00:00,7061.467486450809,0.0,3.825939435045273,-0.1056497194410918,-2.948752353404416e-13,7.06439346915066,0.030438927829836933,0.5808922614057591
2024-05-10 00:00:00+00:00,6923.084908854139,0.0,3.750963042140232,-0.12317617514389234,-2.948752353404416e-13,7.06439346915066,0.030438927829836933,0.5808922614057591
2024-05-13 00:00:00+00:00,7012.255468435205,0.0,3.7992761103517414,-0.11188252900986406,-2.948752353404416e-13,7.06439346915066,0.030438927829836933,0.5808922614057591
2024-05-14 00:00:00+00:00,6946.699443365838,0.0,3.7637575185011163,-0.12018534276998005,-2.948752353404416e-13,7.06439346915066,0.030438927829836933,0.5808922614057591
2024-05-15 00:00:00+00:00,7216.49288282159,0.0,3.90993299283571,-0.08601541438991189,-2.948752353404416e-13,7.06439346915066,0.030438927829836933,0.5808922614057591
2024-05-16 00:00:00+00:00,7129.326585518941,0.0,3.8627058442441498,-0.09705521632874192,-2.948752353404416e-13,7.06439346915066,0.030438927829836933,0.5808922614057591
2024-05-17 00:00:00+00:00,7274.433037557146,0.0,3.941325266934646,-0.07867716724187945,-2.948752353404416e-13,7.06439346915066,0.030438927829836933,0.5808922614057591
2024-05-20 00:00:00+00:00,7743.418741202291,0.0,4.195424135405151,-0.019279103533741293,-2.948752353404416e-13,7.06439346915066,0.030438927829836933,0.5808922614057591
2024-05-21 00:00:00+00:00,7787.404494276842,0.0,4.219255842849955,-0.013708211834770667,-2.948752353404416e-13,7.06439346915066,0.030438927829836933,0.5808922614057591
2024-05-22 00:00:00+00:00,7717.359669722424,0.0,4.181305196330973,-0.022579541853940732,-2.948752353404416e-13,7.06439346915066,0.030438927829836933,0.5808922614057591
2024-05-23 00:00:00+00:00,7682.003418872915,0.0,4.162148997614483,-0.027057488247865358,-2.948752353404416e-13,7.06439346915066,0.030438927829836933,0.5808922614057591
2024-05-24 00:00:00+00:00,7690.769431939608,0.0,4.16689846861953,-0.025947253546562576,-2.948752353404416e-13,7.06439346915066,0.030438927829836933,0.5808922614057591
2024-05-28 00:00:00+00:00,7855.854818304839,100.0,4.202162065997509,-0.017704047206277385,-3.055333763768431e-13,7.187434123628509,0.030726529524833908,0.5860203964992797
2024-05-29 00:00:00+00:00,7763.004914197619,0.0,4.1524958802169705,-0.029313997635769695,-3.055333763768431e-13,7.187434123628509,0.030726529524833908,0.5860203964992797
2024-05-30 00:00:00+00:00,7749.7075241911625,0.0,4.1453829957309045,-0.03097670305588851,-3.055333763768431e-13,7.187434123628509,0.030726529524833908,0.5860203964992797
2024-05-31 00:00:00+00:00,7763.223113910701,0.0,4.152612597057891,-0.029286713947359266,-3.055333763768431e-13,7.187434123628509,0.030726529524833908,0.5860203964992797
2024-06-03 00:00:00+00:00,7808.847083865816,0.0,4.1770172379632795,-0.023581893520578157,-3.055333763768431e-13,7.187434123628509,0.030726529524833908,0.5860203964992797
2024-06-04 00:00:00+00:00,7891.479769942773,0.0,4.2212181488603315,-0.013249503859718237,-3.055333763768431e-13,7.187434123628509,0.030726529524833908,0.5860203964992797
2024-06-05 00:00:00+00:00,7983.4342975837335,0.0,4.270405390323756,-0.0017515112883299544,-3.055333763768431e-13,7.187434123628509,0.030726529524833908,0.5860203964992797
2024-06-06 00:00:00+00:00,7942.367374370625,0.0,4.248438351613817,-0.006886518668040131,-3.055333763768431e-13,7.187434123628509,0.030726529524833908,0.5860203964992797
2024-06-07 00:00:00+00:00,7814.220103840674,0.0,4.179891311026033,-0.022910051194357406,-3.055333763768431e-13,7.187434123628509,0.030726529524833908,0.5860203964992797
2024-06-10 00:00:00+00:00,7825.322211272747,0.0,4.185829920608657,-0.02152184386998124,-3.055333763768431e-13,7.187434123628509,0.030726529524833908,0.5860203964992797
2024-06-11 00:00:00+00:00,7665.054059124959,0.0,4.100101153349148,-0.041561770887175054,-3.055333763768431e-13,7.187434123628509,0.030726529524833908,0.5860203964992797
2024-06-12 00:00:00+00:00,7760.573155485474,0.0,4.151195112261073,-0.029618064703753832,-3.055333763768431e-13,7.187434123628509,0.030726529524833908,0.5860203964992797
2024-06-13 00:00:00+00:00,7668.352932200332,0.0,4.101865747988241,-0.04114927985396899,-3.055333763768431e-13,7.187434123628509,0.030726529524833908,0.5860203964992797
2024-06-14 00:00:00+00:00,7656.094304212182,0.0,4.095308505943371,-0.04268209848899607,-3.055333763768431e-13,7.187434123628509,0.030726529524833908,0.5860203964992797
2024-06-17 00:00:00+00:00,7716.082558903381,0.0,4.127396722197239,-0.035181168143259334,-3.055333763768431e-13,7.187434123628509,0.030726529524833908,0.5860203964992797
2024-06-18 00:00:00+00:00,7668.445843707403,0.0,4.1019154471259585,-0.04113766220070614,-3.055333763768431e-13,7.187434123628509,0.030726529524833908,0.5860203964992797
2024-06-20 00:00:00+00:00,7666.383069634674,0.0,4.100812052121897,-0.041395591435656964,-3.055333763768431e-13,7.187434123628509,0.030726529524833908,0.5860203964992797
2024-06-21 00:00:00+00:00,7639.332449804984,0.0,4.086342450641333,-0.04477800047882696,-3.055333763768431e-13,7.187434123628509,0.030726529524833908,0.5860203964992797
2024-06-24 00:00:00+00:00,7414.179685042113,0.0,3.9659063645598502,-0.07293109835323619,-3.055333763768431e-13,7.187434123628509,0.030726529524833908,0.5860203964992797
2024-06-25 00:00:00+00:00,7500.328216821112,0.0,4.01198793055819,-0.062159087405623925,-3.055333763768431e-13,7.187434123628509,0.030726529524833908,0.5860203964992797
2024-06-26 00:00:00+00:00,7461.685002411046,0.0,3.9913173538408335,-0.06699103427784703,-3.055333763768431e-13,7.187434123628509,0.030726529524833908,0.5860203964992797
2024-06-27 00:00:00+00:00,7640.196034471547,100.0,4.033313557731748,-0.05717401616506457,-3.197442310920451e-13,7.306658805522154,0.031054633386242203,0.5919431121538288
2024-06-28 00:00:00+00:00,7544.735275784113,0.0,3.9829191476265335,-0.06895419606110775,-3.197442310920451e-13,7.3327221876609014,0.031054633386242203,0.5919431121538288
2024-07-01 00:00:00+00:00,7666.669688334867,0.0,4.047289186965325,-0.053907077903693645,-3.197442310920451e-13,7.3327221876609014,0.031054633386242203,0.5919431121538288
2024-07-02 00:00:00+00:00,7654.417133239907,0.0,4.040820976417011,-0.05541908456684408,-3.197442310920451e-13,7.3327221876609014,0.031054633386242203,0.5919431121538288
2024-07-03 00:00:00+00:00,7536.788997775356,0.0,3.9787242512283756,-0.06993479359389743,-3.197442310920451e-13,7.3327221876609014,0.031054633386242203,0.5919431121538288
2024-07-05 00:00:00+00:00,7262.145525671576,0.0,3.8337380186002084,-0.10382672524352798,-3.197442310920451e-13,7.3327221876609014,0.031054633386242203,0.5919431121538288
2024-07-08 00:00:00+00:00,7290.442020792558,0.0,3.848675938634303,-0.10033484221707833,-3.197442310920451e-13,7.3327221876609014,0.031054633386242203,0.5919431121538288
2024-07-09 00:00:00+00:00,7364.218251411977,0.0,3.887622932906843,-0.09123060629125268,-3.197442310920451e-13,7.3327221876609014,0.031054633386242203,0.5919431121538288
2024-07-10 00:00:00+00:00,7410.591728221209,0.0,3.912103819508435,-0.08550796269686811,-3.197442310920451e-13,7.3327221876609014,0.031054633386242203,0.5919431121538288
2024-07-11 00:00:00+00:00,7365.319174044007,0.0,3.888204117755732,-0.09109474872176282,-3.197442310920451e-13,7.3327221876609014,0.031054633386242203,0.5919431121538288
2024-07-12 00:00:00+00:00,7425.855659537071,0.0,3.9201617568758507,-0.08362434204169988,-3.197442310920451e-13,7.3327221876609014,0.031054633386242203,0.5919431121538288
2024-07-15 00:00:00+00:00,7856.444404659009,0.0,4.147472602784942,-0.03048823723284977,-3.197442310920451e-13,7.3327221876609014,0.031054633386242203,0.5919431121538288
2024-07-16 00:00:00+00:00,7864.622418574284,0.0,4.15178983420819,-0.029479042706859082,-3.197442310920451e-13,7.3327221876609014,0.031054633386242203,0.5919431121538288
2024-07-17 00:00:00+00:00,7747.983840354755,0.0,4.090215503292488,-0.0438726370291469,-3.197442310920451e-13,7.3327221876609014,0.031054633386242203,0.5919431121538288
2024-07-18 00:00:00+00:00,7739.997378543768,0.0,4.085999393580745,-0.04485819337879149,-3.197442310920451e-13,7.3327221876609014,0.031054633386242203,0.5919431121538288
2024-07-19 00:00:00+00:00,7843.717293035517,0.0,4.140753870486688,-0.03205880577371645,-3.197442310920451e-13,7.3327221876609014,0.031054633386242203,0.5919431121538288
2024-07-22 00:00:00+00:00,7871.377784998002,0.0,4.155356039952296,-0.028645407684161794,-3.197442310920451e-13,7.3327221876609014,0.031054633386242203,0.5919431121538288
2024-07-23 00:00:00+00:00,7840.9820551965695,0.0,4.139309919073704,-0.03239634335716235,-3.197442310920451e-13,7.3327221876609014,0.031054633386242203,0.5919431121538288
2024-07-24 00:00:00+00:00,7651.326881914723,0.0,4.0391896108721435,-0.05580043201301177,-3.197442310920451e-13,7.3327221876609014,0.031054633386242203,0.5919431121538288
2024-07-25 00:00:00+00:00,7551.181121876169,0.0,3.986321955397019,-0.06815875689227369,-3.197442310920451e-13,7.3327221876609014,0.031054633386242203,0.5919431121538288
2024-07-26 00:00:00+00:00,7716.02146008903,0.0,4.073342336546311,-0.047816902658428084,-3.197442310920451e-13,7.3327221876609014,0.031054633386242203,0.5919431121538288
2024-07-29 00:00:00+00:00,7808.971641116946,100.0,4.069620687218025,-0.04868687411966088,-3.161915174132446e-13,7.452227219330631,0.031347235145579196,0.5980498576838759
2024-07-30 00:00:00+00:00,7747.747207035339,0.0,4.037713768490108,-0.056145424418365564,-3.161915174132446e-13,7.452227219330631,0.031347235145579196,0.5980498576838759
2024-07-31 00:00:00+00:00,7729.554126993411,0.0,4.028232502799117,-0.0583617618107245,-3.161915174132446e-13,7.452227219330631,0.031347235145579196,0.5980498576838759
2024-08-01 00:00:00+00:00,7683.345696015978,0.0,4.004151126239943,-0.06399101607561508,-3.161915174132446e-13,7.452227219330631,0.031347235145579196,0.5980498576838759
2024-08-02 00:00:00+00:00,7366.659083622989,0.0,3.8391109073238496,-0.10257076063170356,-3.161915174132446e-13,7.452227219330631,0.031347235145579196,0.5980498576838759
2024-08-05 00:00:00+00:00,6681.67416913361,0.0,3.4821332018651168,-0.18601774573185192,-3.161915174132446e-13,7.452227219330631,0.031347235145579196,0.5980498576838759
2024-08-06 00:00:00+00:00,6804.755108656586,0.0,3.5462764412959733,-0.17102364424256244,-3.161915174132446e-13,7.452227219330631,0.031347235145579196,0.5980498576838759
2024-08-07 00:00:00+00:00,6681.220699660943,0.0,3.4818968776944317,-0.18607298878834644,-3.161915174132446e-13,7.452227219330631,0.031347235145579196,0.5980498576838759
2024-08-08 00:00:00+00:00,7172.628758638972,0.0,3.7379926217425683,-0.12620813613505744,-3.161915174132446e-13,7.452227219330631,0.031347235145579196,0.5980498576838759
2024-08-09 00:00:00+00:00,7111.552724038628,0.0,3.706163040931432,-0.13364860794905398,-3.161915174132446e-13,7.452227219330631,0.031347235145579196,0.5980498576838759
2024-08-12 00:00:00+00:00,7140.537200130214,0.0,3.7212682082865562,-0.13011762924662063,-3.161915174132446e-13,7.452227219330631,0.031347235145579196,0.5980498576838759
2024-08-13 00:00:00+00:00,7228.207618192406,0.0,3.76695736729494,-0.11943734722141264,-3.161915174132446e-13,7.452227219330631,0.031347235145579196,0.5980498576838759
2024-08-14 00:00:00+00:00,7155.864983423931,0.0,3.729256233707582,-0.1282503511838874,-3.161915174132446e-13,7.452227219330631,0.031347235145579196,0.5980498576838759
2024-08-15 00:00:00+00:00,7129.238760872403,0.0,3.7153800626702047,-0.1314940401316752,-3.161915174132446e-13,7.452227219330631,0.031347235145579196,0.5980498576838759
2024-08-16 00:00:00+00:00,7192.674894702622,0.0,3.7484396016744546,-0.12376605371537974,-3.161915174132446e-13,7.452227219330631,0.031347235145579196,0.5980498576838759
2024-08-19 00:00:00+00:00,7272.960429266683,0.0,3.7902801521799665,-0.11398542108419407,-3.161915174132446e-13,7.452227219330631,0.031347235145579196,0.5980498576838759
2024-08-20 00:00:00+00:00,7215.312777406691,0.0,3.760237262109308,-0.12100823668795857,-3.161915174132446e-13,7.452227219330631,0.031347235145579196,0.5980498576838759
2024-08-21 00:00:00+00:00,7330.500880208719,0.0,3.8202671748338313,-0.10697566502847833,-3.161915174132446e-13,7.452227219330631,0.031347235145579196,0.5980498576838759
2024-08-22 00:00:00+00:00,7270.285562930216,0.0,3.788886154112268,-0.11431128159090376,-3.161915174132446e-13,7.452227219330631,0.031347235145579196,0.5980498576838759
2024-08-23 00:00:00+00:00,7509.758906347807,0.0,3.9136869239445042,-0.08513789675082006,-3.161915174132446e-13,7.452227219330631,0.031347235145579196,0.5980498576838759
2024-08-26 00:00:00+00:00,7413.542222731189,0.0,3.8635439058753933,-0.09685931133135417,-3.161915174132446e-13,7.452227219330631,0.031347235145579196,0.5980498576838759
2024-08-27 00:00:00+00:00,7275.420371228979,100.0,3.7394474617482834,-0.12586805323793648,-3.197442310920451e-13,7.568841412525715,0.03166505726358121,0.6055000011138228
2024-08-28 00:00:00+00:00,7284.0469008752225,0.0,3.7438813573506473,-0.12483158733374045,-3.197442310920451e-13,7.568841412525715,0.03166505726358121,0.6055000011138228
2024-08-29 00:00:00+00:00,7294.4794098971215,0.0,3.7492434969097412,-0.12357813544290708,-3.197442310920451e-13,7.568841412525715,0.03166505726358121,0.6055000011138228
2024-08-30 00:00:00+00:00,7322.62013715974,0.0,3.763707371952631,-0.1201970650098294,-3.197442310920451e-13,7.568841412525715,0.03166505726358121,0.6055000011138228
2024-09-03 00:00:00+00:00,7130.506507446191,0.0,3.6649640982525264,-0.14327925855635337,-3.197442310920451e-13,7.568841412525715,0.03166505726358121,0.6055000011138228
2024-09-04 00:00:00+00:00,7151.661183012766,0.0,3.6758372566152198,-0.14073755281392542,-3.197442310920451e-13,7.568841412525715,0.03166505726358121,0.6055000011138228
2024-09-05 00:00:00+00:00,7035.9007301025395,0.0,3.6163382710283765,-0.15464601512912513,-3.197442310920451e-13,7.568841412525715,0.03166505726358121,0.6055000011138228
2024-09-06 00:00:00+00:00,6815.106701758198,0.0,3.502853740000246,-0.18117411989587073,-3.197442310920451e-13,7.568841412525715,0.03166505726358121,0.6055000011138228
2024-09-09 00:00:00+00:00,7036.214671670054,0.0,3.61649963187598,-0.15460829547313593,-3.197442310920451e-13,7.568841412525715,0.03166505726358121,0.6055000011138228
2024-09-10 00:00:00+00:00,7088.2625107903,0.0,3.6432513726629954,-0.1483548177888967,-3.197442310920451e-13,7.568841412525715,0.03166505726358121,0.6055000011138228
2024-09-11 00:00:00+00:00,7088.836027011528,0.0,3.6435461506508378,-0.148285910588298,-3.197442310920451e-13,7.568841412525715,0.03166505726358121,0.6055000011138228
2024-09-12 00:00:00+00:00,7159.982395707623,0.0,3.6801142242820637,-0.13973777032972146,-3.197442310920451e-13,7.568841412525715,0.03166505726358121,0.6055000011138228
2024-09-13 00:00:00+00:00,7302.43859051737,0.0,3.753334385992341,-0.12262185062427011,-3.197442310920451e-13,7.568841412525715,0.03166505726358121,0.6055000011138228
2024-09-16 00:00:00+00:00,7149.123674218703,0.0,3.6745330184633387,-0.14104243107372372,-3.197442310920451e-13,7.568841412525715,0.03166505726358121,0.6055000011138228
2024-09-17 00:00:00+00:00,7245.3624764626,0.0,3.7239981938634847,-0.12947946876130734,-3.197442310920451e-13,7.568841412525715,0.03166505726358121,0.6055000011138228
2024-09-18 00:00:00+00:00,7298.385720729395,0.0,3.7512512769940796,-0.12310879746403569,-3.197442310920451e-13,7.568841412525715,0.03166505726358121,0.6055000011138228
2024-09-19 00:00:00+00:00,7458.896911572017,0.0,3.833751412319902,-0.10382359433223953,-3.197442310920451e-13,7.568841412525715,0.03166505726358121,0.6055000011138228
2024-09-20 00:00:00+00:00,7517.357209415377,0.0,3.8637990523501466,-0.09679966837956322,-3.197442310920451e-13,7.568841412525715,0.03166505726358121,0.6055000011138228
2024-09-23 00:00:00+00:00,7583.333192989046,0.0,3.8977096323197307,-0.08887274292122704,-3.197442310920451e-13,7.568841412525715,0.03166505726358121,0.6055000011138228
2024-09-24 00:00:00+00:00,7627.752073516578,0.0,3.920540212762785,-0.0835358743243182,-3.197442310920451e-13,7.568841412525715,0.03166505726358121,0.6055000011138228
2024-09-25 00:00:00+00:00,7540.130475671502,0.0,3.8755041399398547,-0.09406349114844137,-3.197442310920451e-13,7.568841412525715,0.03166505726358121,0.6055000011138228
2024-09-26 00:00:00+00:00,7651.64917176776,0.0,3.932822931676446,-0.08066467019446788,-3.197442310920451e-13,7.568841412525715,0.03166505726358121,0.6055000011138228
2024-09-27 00:00:00+00:00,7803.379710341942,100.0,3.9594115851556424,-0.07444931574296143,-3.232969447708456e-13,7.706229188385792,0.03197146837885187,0.6130866797965234
2024-09-30 00:00:00+00:00,7686.414547796333,0.0,3.900063810622907,-0.08832243101439297,-3.232969447708456e-13,7.706229188385792,0.03197146837885187,0.6130866797965234
2024-10-01 00:00:00+00:00,7473.111762397344,0.0,3.7918346136590033,-0.11362205070588638,-3.232969447708456e-13,7.706229188385792,0.03197146837885187,0.6130866797965234
2024-10-02 00:00:00+00:00,7417.492563990838,0.0,3.763613598316647,-0.12021898550258026,-3.232969447708456e-13,7.706229188385792,0.03197146837885187,0.6130866797965234
2024-10-03 00:00:00+00:00,7404.40306654767,0.0,3.756972026363964,-0.1217715170677236,-3.232969447708456e-13,7.706229188385792,0.03197146837885187,0.6130866797965234
2024-10-04 00:00:00+00:00,7523.708798400298,0.0,3.817507398780446,-0.10762078932527619,-3.232969447708456e-13,7.706229188385792,0.03197146837885187,0.6130866797965234
2024-10-07 00:00:00+00:00,7496.681954125943,0.0,3.8037940586249928,-0.1108264149823599,-3.232969447708456e-13,7.706229188385792,0.03197146837885187,0.6130866797965234
2024-10-08 00:00:00+00:00,7543.866134198528,0.0,3.827735170828961,-0.10522994886468395,-3.232969447708456e-13,7.706229188385792,0.03197146837885187,0.6130866797965234
2024-10-09 00:00:00+00:00,7479.695450885938,0.0,3.7951751575569563,-0.11284116631838481,-3.232969447708456e-13,7.706229188385792,0.03197146837885187,0.6130866797965234
2024-10-10 00:00:00+00:00,7472.75922976447,0.0,3.7916557396527955,-0.11366386423178054,-3.232969447708456e-13,7.706229188385792,0.03197146837885187,0.6130866797965234
2024-10-11 00:00:00+00:00,7600.305938722011,0.0,3.8563725592669518,-0.09853568283700209,-3.232969447708456e-13,7.706229188385792,0.03197146837885187,0.6130866797965234
2024-10-14 00:00:00+00:00,7863.87592650182,0.0,3.9901071847564213,-0.06727392298493262,-3.232969447708456e-13,7.706229188385792,0.03197146837885187,0.6130866797965234
2024-10-15 00:00:00+00:00,7850.293118642796,0.0,3.9832153085704287,-0.06888496558117985,-3.232969447708456e-13,7.706229188385792,0.03197146837885187,0.6130866797965234
2024-10-16 00:00:00+00:00,7887.269627317193,0.0,4.001977078759567,-0.06449922066354263,-3.232969447708456e-13,7.706229188385792,0.03197146837885187,0.6130866797965234
2024-10-17 00:00:00+00:00,7878.299062072602,0.0,3.9974254407164054,-0.06556321000002208,-3.232969447708456e-13,7.706229188385792,0.03197146837885187,0.6130866797965234
2024-10-18 00:00:00+00:00,7948.642187657046,0.0,4.033117332782862,-0.05721988564132463,-3.232969447708456e-13,7.706229188385792,0.03197146837885187,0.6130866797965234
2024-10-21 00:00:00+00:00,7923.69900615411,0.0,4.020461236901424,-0.0601783702421691,-3.232969447708456e-13,7.706229188385792,0.03197146837885187,0.6130866797965234
2024-10-22 00:00:00+00:00,7895.489943194512,0.0,4.006148042512,-0.06352421761774951,-3.232969447708456e-13,7.706229188385792,0.03197146837885187,0.6130866797965234
2024-10-23 00:00:00+00:00,7773.387778930563,0.0,3.944193768632628,-0.07800662727596297,-3.232969447708456e-13,7.706229188385792,0.03197146837885187,0.6130866797965234
2024-10-24 00:00:00+00:00,7838.412472813489,0.0,3.9771871043202456,-0.07029411652409168,-3.232969447708456e-13,7.706229188385792,0.03197146837885187,0.6130866797965234
2024-10-25 00:00:00+00:00,7730.47270877244,0.0,3.9224187900631953,-0.08309673874358114,-3.232969447708456e-13,7.706229188385792,0.03197146837885187,0.6130866797965234
2024-10-28 00:00:00+00:00,8026.167000911963,100.0,4.021713490078775,-0.0598856439720572,-3.304023721284466e-13,7.818211738368993,0.03226505171914434,0.621049848694577
2024-10-29 00:00:00+00:00,8166.615785228241,0.0,4.0920888972296305,-0.04343471310961655,-3.304023721284466e-13,7.818211738368993,0.03226505171914434,0.621049848694577
2024-10-30 00:00:00+00:00,8154.054095286994,0.0,4.0857945455310976,-0.04490607858810669,-3.304023721284466e-13,7.818211738368993,0.03226505171914434,0.621049848694577
2024-10-31 00:00:00+00:00,7918.502426806581,0.0,3.9677654386572185,-0.07249652183450428,-3.304023721284466e-13,7.818211738368993,0.03226505171914434,0.621049848694577
2024-11-01 00:00:00+00:00,7906.144911361535,0.0,3.9615733937416877,-0.07394397211474446,-3.304023721284466e-13,7.818211738368993,0.03226505171914434,0.621049848694577
2024-11-04 00:00:00+00:00,7773.77134798996,0.0,3.8952442797971645,-0.08944904287517752,-3.304023721284466e-13,7.818211738368993,0.03226505171914434,0.621049848694577
2024-11-05 00:00:00+00:00,7887.249843975449,0.0,3.952105543472196,-0.07615717352280837,-3.304023721284466e-13,7.818211738368993,0.03226505171914434,0.621049848694577
2024-11-06 00:00:00+00:00,8376.38555499084,0.0,4.197199333228422,-0.018864133903864988,-3.304023721284466e-13,7.818211738368993,0.03226505171914434,0.621049848694577
2024-11-07 00:00:00+00:00,8526.495422664024,0.0,4.272415669961335,-0.0012815890147565012,-3.304023721284466e-13,7.818211738368993,0.03226505171914434,0.621049848694577
2024-11-08 00:00:00+00:00,8607.611943607546,0.0,4.313061149492194,0.0,-3.304023721284466e-13,7.818211738368993,0.03226505171914434,0.621049848694577
2024-11-11 00:00:00+00:00,9257.301182306634,0.0,4.63860433534146,0.0,-3.304023721284466e-13,7.818211738368993,0.03226505171914434,0.621049848694577
2024-11-12 00:00:00+00:00,9142.581342078154,0.0,4.581121064812186,-0.012392363386398375,-3.304023721284466e-13,7.818211738368993,0.03226505171914434,0.621049848694577
2024-11-13 00:00:00+00:00,9187.77852861015,0.0,4.603768255528338,-0.007510034763626439,-3.304023721284466e-13,7.818211738368993,0.03226505171914434,0.621049848694577
2024-11-14 00:00:00+00:00,8982.39160768856,0.0,4.500853956528299,-0.029696514049203038,-3.304023721284466e-13,7.818211738368993,0.03226505171914434,0.621049848694577
2024-11-15 00:00:00+00:00,9066.311710727201,0.0,4.54290424160721,-0.020631225863588454,-3.304023721284466e-13,7.818211738368993,0.03226505171914434,0.621049848694577
2024-11-18 00:00:00+00:00,9138.573557855541,0.0,4.57911286340402,-0.012825295635623846,-3.304023721284466e-13,7.818211738368993,0.03226505171914434,0.621049848694577
2024-11-19 00:00:00+00:00,9151.231065825401,0.0,4.585455227143446,-0.01145799562878691,-3.304023721284466e-13,7.818211738368993,0.03226505171914434,0.621049848694577
2024-11-20 00:00:00+00:00,9193.272291577621,0.0,4.6065210440804645,-0.006916582864495147,-3.304023721284466e-13,7.818211738368993,0.03226505171914434,0.621049848694577
2024-11-21 00:00:00+00:00,9522.261307348726,0.0,4.771369291402512,0.0,-3.304023721284466e-13,7.818211738368993,0.03226505171914434,0.621049848694577
2024-11-22 00:00:00+00:00,9537.709140503335,0.0,4.779109817980555,0.0,-3.304023721284466e-13,7.818211738368993,0.03226505171914434,0.621049848694577
2024-11-25 00:00:00+00:00,9415.537713981681,0.0,4.717892742122493,-0.012809305119489744,-3.304023721284466e-13,7.818211738368993,0.03226505171914434,0.621049848694577
2024-11-26 00:00:00+00:00,9350.160232428283,0.0,4.685133705401627,-0.019663936623795397,-3.304023721284466e-13,7.818211738368993,0.03226505171914434,0.621049848694577
2024-11-27 00:00:00+00:00,9768.781692298246,100.0,4.844787027247787,0.0,-3.339550858072471e-13,7.926845197887332,0.032482199549502475,0.6270563439280505
2024-11-29 00:00:00+00:00,9805.345712087037,0.0,4.862920802197065,0.0,-3.339550858072471e-13,7.926845197887332,0.032482199549502475,0.6270563439280505
2024-12-02 00:00:00+00:00,9797.222121661824,0.0,4.858891940999586,-0.000828485875332241,-3.339550858072471e-13,7.926845197887332,0.032482199549502475,0.6270563439280505
2024-12-03 00:00:00+00:00,9780.419026184503,0.0,4.850558515036109,-0.002542152682266763,-3.339550858072471e-13,7.926845197887332,0.032482199549502475,0.6270563439280505
2024-12-04 00:00:00+00:00,10037.102639365508,0.0,4.977859695307838,0.0,-3.339550858072471e-13,7.926845197887332,0.032482199549502475,0.6270563439280505
2024-12-05 00:00:00+00:00,9943.421807462435,0.0,4.931399072744881,-0.009333453613959986,-3.339550858072471e-13,7.926845197887332,0.032482199549502475,0.6270563439280505
2024-12-06 00:00:00+00:00,10176.998303641962,0.0,5.0472403735544535,0.0,-3.339550858072471e-13,7.926845197887332,0.032482199549502475,0.6270563439280505
2024-12-09 00:00:00+00:00,9893.999372629662,0.0,4.906888219838669,-0.02780770150182943,-3.339550858072471e-13,7.926845197887332,0.032482199549502475,0.6270563439280505
2024-12-10 00:00:00+00:00,9806.758379486928,0.0,4.863621408773032,-0.03638007132442367,-3.339550858072471e-13,7.926845197887332,0.032482199549502475,0.6270563439280505
2024-12-11 00:00:00+00:00,10114.904047046391,0.0,5.016444982860239,-0.006101431359514797,-3.339550858072471e-13,7.926845197887332,0.032482199549502475,0.6270563439280505
2024-12-12 00:00:00+00:00,10086.899012946971,0.0,5.002556001595618,-0.008853228428145399,-3.339550858072471e-13,7.926845197887332,0.032482199549502475,0.6270563439280505
2024-12-13 00:00:00+00:00,10148.500912514915,0.0,5.033107209850778,-0.0028001764642967553,-3.339550858072471e-13,7.926845197887332,0.032482199549502475,0.6270563439280505
2024-12-16 00:00:00+00:00,10366.130621422164,0.0,5.1410397672226775,0.0,-3.339550858072471e-13,7.926845197887332,0.032482199549502475,0.6270563439280505
2024-12-17 00:00:00+00:00,10291.560104256872,0.0,5.104056826508341,-0.007193669449928386,-3.339550858072471e-13,7.926845197887332,0.032482199549502475,0.6270563439280505
2024-12-18 00:00:00+00:00,9802.73391662757,0.0,4.861625493001054,-0.05434975936250541,-3.339550858072471e-13,7.926845197887332,0.032482199549502475,0.6270563439280505
2024-12-19 00:00:00+00:00,9580.52733370066,0.0,4.7514230538184785,-0.07578558638823363,-3.339550858072471e-13,7.926845197887332,0.032482199549502475,0.6270563439280505
2024-12-20 00:00:00+00:00,9674.65483371382,0.0,4.7981051995901005,-0.06670529370712086,-3.339550858072471e-13,7.926845197887332,0.032482199549502475,0.6270563439280505
2024-12-23 00:00:00+00:00,9579.3531985053,0.0,4.750840746306458,-0.07589885287485632,-3.339550858072471e-13,7.952037149127534,0.032482199549502475,0.6270563439280505
2024-12-24 00:00:00+00:00,9791.275950091573,0.0,4.855942961710995,-0.055455086601226444,-3.339550858072471e-13,7.952037149127534,0.032482199549502475,0.6270563439280505
2024-12-26 00:00:00+00:00,9598.751782592559,0.0,4.760461394151114,-0.0740275100570097,-3.339550858072471e-13,7.952037149127534,0.032482199549502475,0.6270563439280505
2024-12-27 00:00:00+00:00,9603.078768384614,100.0,4.7130127569830025,-0.08325689541804615,-3.517186542012496e-13,8.06119857947958,0.03269067330881476,0.6330442885891456
2024-12-30 00:00:00+00:00,9522.656022868396,0.0,4.6735427667109875,-0.09093432878933827,-3.517186542012496e-13,8.06119857947958,0.03269067330881476,0.6330442885891456
2024-12-31 00:00:00+00:00,9515.479417722121,0.0,4.67002062215485,-0.09161943233173697,-3.517186542012496e-13,8.06119857947958,0.03269067330881476,0.6330442885891456
2025-01-02 00:00:00+00:00,9690.662031089953,0.0,4.755996996140492,-0.07489589431637389,-3.517186542012496e-13,8.06119857947958,0.03269067330881476,0.6330442885891456
2025-01-03 00:00:00+00:00,9882.559720370571,0.0,4.850176819031526,-0.05657667735728933,-3.517186542012496e-13,8.06119857947958,0.03269067330881476,0.6330442885891456
2025-01-06 00:00:00+00:00,10090.54026825434,0.0,4.952249810310906,-0.03672213510493061,-3.517186542012496e-13,8.06119857947958,0.03269067330881476,0.6330442885891456
2025-01-07 00:00:00+00:00,9674.443987658948,0.0,4.748037481548643,-0.0764441248207548,-3.517186542012496e-13,8.06119857947958,0.03269067330881476,0.6330442885891456
2025-01-08 00:00:00+00:00,9584.215474905488,0.0,4.703755002782493,-0.0850576506387184,-3.517186542012496e-13,8.06119857947958,0.03269067330881476,0.6330442885891456
2025-01-10 00:00:00+00:00,9468.634638015486,0.0,4.647030074052476,-0.09609139698156399,-3.517186542012496e-13,8.06119857947958,0.03269067330881476,0.6330442885891456
2025-01-13 00:00:00+00:00,9385.987083498969,0.0,4.606468188831647,-0.10398121831292895,-3.517186542012496e-13,8.06119857947958,0.03269067330881476,0.6330442885891456
2025-01-14 00:00:00+00:00,9513.443328932244,0.0,4.6690213475813,-0.09181380440796993,-3.517186542012496e-13,8.06119857947958,0.03269067330881476,0.6330442885891456
2025-01-15 00:00:00+00:00,9864.04734594817,0.0,4.841091289388462,-0.05834393263140525,-3.517186542012496e-13,8.06119857947958,0.03269067330881476,0.6330442885891456
2025-01-16 00:00:00+00:00,9750.021033093744,0.0,4.785129292191907,-0.06922927873460949,-3.517186542012496e-13,8.06119857947958,0.03269067330881476,0.6330442885891456
2025-01-17 00:00:00+00:00,10030.630701137467,0.0,4.922847307124455,-0.04244130953612446,-3.517186542012496e-13,8.06119857947958,0.03269067330881476,0.6330442885891456
2025-01-21 00:00:00+00:00,10046.005299799814,0.0,4.9303928746842764,-0.04097359718580784,-3.517186542012496e-13,8.06119857947958,0.03269067330881476,0.6330442885891456
2025-01-22 00:00:00+00:00,9937.9548920911,0.0,4.877363740777251,-0.051288462720425754,-3.517186542012496e-13,8.06119857947958,0.03269067330881476,0.6330442885891456
2025-01-23 00:00:00+00:00,10030.04779647324,0.0,4.922561228338175,-0.04249695563092881,-3.517186542012496e-13,8.06119857947958,0.03269067330881476,0.6330442885891456
2025-01-24 00:00:00+00:00,10030.011442362984,0.0,4.922543386415857,-0.04250042611999827,-3.517186542012496e-13,8.06119857947958,0.03269067330881476,0.6330442885891456
2025-01-27 00:00:00+00:00,9895.32350741759,100.0,4.807362905448741,-0.06490454788957933,-3.623767952376511e-13,8.17084700796678,0.03288527507276449,0.6392219700795013
2025-01-28 00:00:00+00:00,9841.558000973044,0.0,4.781242455613985,-0.06998531968233812,-3.623767952376511e-13,8.17084700796678,0.03288527507276449,0.6392219700795013
2025-01-29 00:00:00+00:00,9923.59786689855,0.0,4.821099202886839,-0.06223265697644631,-3.623767952376511e-13,8.17084700796678,0.03288527507276449,0.6392219700795013
2025-01-30 00:00:00+00:00,10065.087912277002,0.0,4.889838137509113,-0.04886202812807072,-3.623767952376511e-13,8.17084700796678,0.03288527507276449,0.6392219700795013
2025-01-31 00:00:00+00:00,9999.664362113226,0.0,4.858053957035949,-0.05504447018498837,-3.623767952376511e-13,8.17084700796678,0.03288527507276449,0.6392219700795013
2025-02-03 00:00:00+00:00,9664.626204827413,0.0,4.695285149322046,-0.08670514877994018,-3.623767952376511e-13,8.17084700796678,0.03288527507276449,0.6392219700795013
2025-02-04 00:00:00+00:00,9482.142266344285,0.0,4.606630491791509,-0.10394964824788167,-3.623767952376511e-13,8.17084700796678,0.03288527507276449,0.6392219700795013
2025-02-05 00:00:00+00:00,9499.323008638876,0.0,4.614977269249889,-0.10232609001135606,-3.623767952376511e-13,8.17084700796678,0.03288527507276449,0.6392219700795013
2025-02-06 00:00:00+00:00,9448.803381498805,0.0,4.590433738022413,-0.10710013034925736,-3.623767952376511e-13,8.17084700796678,0.03288527507276449,0.6392219700795013
2025-02-07 00:00:00+00:00,9361.698309936985,0.0,4.548116203927761,-0.11533144852820876,-3.623767952376511e-13,8.17084700796678,0.03288527507276449,0.6392219700795013
2025-02-10 00:00:00+00:00,9449.346994301597,0.0,4.590697836919342,-0.10704875963265392,-3.623767952376511e-13,8.17084700796678,0.03288527507276449,0.6392219700795013
2025-02-11 00:00:00+00:00,9361.627147068168,0.0,4.548081631461733,-0.11533817332855911,-3.623767952376511e-13,8.17084700796678,0.03288527507276449,0.6392219700795013
2025-02-12 00:00:00+00:00,9502.111515018354,0.0,4.616331986164425,-0.10206257971463095,-3.623767952376511e-13,8.17084700796678,0.03288527507276449,0.6392219700795013
2025-02-13 00:00:00+00:00,9468.60894320151,0.0,4.600055709712352,-0.10522853002605326,-3.623767952376511e-13,8.17084700796678,0.03288527507276449,0.6392219700795013
2025-02-14 00:00:00+00:00,9530.129442761683,0.0,4.629943703499372,-0.09941492127368101,-3.623767952376511e-13,8.17084700796678,0.03288527507276449,0.6392219700795013
2025-02-18 00:00:00+00:00,9448.735179472531,0.0,4.5904006039979475,-0.10710657535376344,-3.623767952376511e-13,8.17084700796678,0.03288527507276449,0.6392219700795013
2025-02-19 00:00:00+00:00,9519.645284415548,0.0,4.624850271850545,-0.100405660867119,-3.623767952376511e-13,8.17084700796678,0.03288527507276449,0.6392219700795013
2025-02-20 00:00:00+00:00,9569.298714556344,0.0,4.6489729857778075,-0.0957134750410027,-3.623767952376511e-13,8.17084700796678,0.03288527507276449,0.6392219700795013
2025-02-21 00:00:00+00:00,9373.483812310515,0.0,4.553841856746501,-0.11421773358376419,-3.623767952376511e-13,8.17084700796678,0.03288527507276449,0.6392219700795013
2025-02-24 00:00:00+00:00,9104.377774692904,0.0,4.423104303607845,-0.1396479109522002,-3.623767952376511e-13,8.17084700796678,0.03288527507276449,0.6392219700795013
2025-02-25 00:00:00+00:00,8976.218131913323,0.0,4.360841567860774,-0.15175883375502197,-3.623767952376511e-13,8.17084700796678,0.03288527507276449,0.6392219700795013
2025-02-26 00:00:00+00:00,8731.457020395646,0.0,4.241931308148249,-0.1748884466536912,-3.623767952376511e-13,8.17084700796678,0.03288527507276449,0.6392219700795013
2025-02-27 00:00:00+00:00,8755.06797729794,100.0,4.204819853237719,-0.18210711380875555,-3.765876499528531e-13,8.28011584347596,0.03312230787548955,0.6477693959958928
2025-02-28 00:00:00+00:00,8766.982693511742,0.0,4.210542165778455,-0.18099404859241175,-3.765876499528531e-13,8.28011584347596,0.03312230787548955,0.6477693959958928
2025-03-03 00:00:00+00:00,8693.648298000759,0.0,4.175321660013183,-0.18784490121367026,-3.765876499528531e-13,8.28011584347596,0.03312230787548955,0.6477693959958928
2025-03-04 00:00:00+00:00,8689.805783813186,0.0,4.173476205473692,-0.18820386644697906,-3.765876499528531e-13,8.28011584347596,0.03312230787548955,0.6477693959958928
2025-03-05 00:00:00+00:00,8894.567697400624,0.0,4.2718177559530215,-0.16907513861524404,-3.765876499528531e-13,8.28011584347596,0.03312230787548955,0.6477693959958928
2025-03-06 00:00:00+00:00,8766.158123550298,0.0,4.2101461473633774,-0.18107107939415779,-3.765876499528531e-13,8.28011584347596,0.03312230787548955,0.6477693959958928
2025-03-07 00:00:00+00:00,8646.741366375034,0.0,4.152793542828285,-0.19222691695463545,-3.765876499528531e-13,8.28011584347596,0.03312230787548955,0.6477693959958928
2025-03-10 00:00:00+00:00,8079.913491601106,0.0,3.8805616072912708,-0.24517961677085987,-3.765876499528531e-13,8.28011584347596,0.03312230787548955,0.6477693959958928
2025-03-11 00:00:00+00:00,8226.328745607665,0.0,3.9508808519230674,-0.23150159679518778,-3.765876499528531e-13,8.28011584347596,0.03312230787548955,0.6477693959958928
2025-03-12 00:00:00+00:00,8261.744574881483,0.0,3.9678901067267502,-0.2281930725328143,-3.765876499528531e-13,8.28011584347596,0.03312230787548955,0.6477693959958928
2025-03-13 00:00:00+00:00,8092.998915234944,0.0,3.8868461786077084,-0.24395718481137463,-3.765876499528531e-13,8.28011584347596,0.03312230787548955,0.6477693959958928
2025-03-14 00:00:00+00:00,8304.654516989434,0.0,3.9884985790932297,-0.22418445301232914,-3.765876499528531e-13,8.28011584347596,0.03312230787548955,0.6477693959958928
2025-03-17 00:00:00+00:00,8347.745945436762,0.0,4.00919421438807,-0.2201588791533624,-3.765876499528531e-13,8.28011584347596,0.03312230787548955,0.6477693959958928
2025-03-18 00:00:00+00:00,8262.699753539944,0.0,3.9683488529291666,-0.22810384034960085,-3.765876499528531e-13,8.28011584347596,0.03312230787548955,0.6477693959958928
2025-03-19 00:00:00+00:00,8525.063499426931,0.0,4.094354989070658,-0.20359398595305267,-3.765876499528531e-13,8.28011584347596,0.03312230787548955,0.6477693959958928
2025-03-20 00:00:00+00:00,8381.448157647272,0.0,4.025380465753364,-0.21701043990796076,-3.765876499528531e-13,8.28011584347596,0.03312230787548955,0.6477693959958928
2025-03-21 00:00:00+00:00,8366.380550163116,0.0,4.018143905711288,-0.21841804622297378,-3.765876499528531e-13,8.28011584347596,0.03312230787548955,0.6477693959958928
2025-03-24 00:00:00+00:00,8629.689187383236,0.0,4.144603847334018,-0.1938199206786062,-3.765876499528531e-13,8.28011584347596,0.03312230787548955,0.6477693959958928
2025-03-25 00:00:00+00:00,8626.885756140065,0.0,4.143257435932184,-0.1940818154436338,-3.765876499528531e-13,8.28011584347596,0.03312230787548955,0.6477693959958928
2025-03-26 00:00:00+00:00,8522.927397854328,0.0,4.093329077869933,-0.2037935392043747,-3.765876499528531e-13,8.28011584347596,0.03312230787548955,0.6477693959958928
2025-03-27 00:00:00+00:00,8617.834697419958,100.0,4.090883193046588,-0.20426929604230837,-3.801403636316536e-13,8.423943439984189,0.03335208840339632,0.6577071099586992
2025-03-28 00:00:00+00:00,8366.284311186504,0.0,3.9714723104550598,-0.22749628668977373,-3.801403636316536e-13,8.423943439984189,0.03335208840339632,0.6577071099586992
2025-03-31 00:00:00+00:00,8280.989172865557,0.0,3.930982737371207,-0.23537204235733322,-3.801403636316536e-13,8.423943439984189,0.03335208840339632,0.6577071099586992
2025-04-01 00:00:00+00:00,8438.197400639448,0.0,4.0056094295032105,-0.2208561670653747,-3.801403636316536e-13,8.423943439984189,0.03335208840339632,0.6577071099586992
2025-04-02 00:00:00+00:00,8304.088047182539,0.0,3.9419477651350756,-0.2332391999246064,-3.801403636316536e-13,8.423943439984189,0.03335208840339632,0.6577071099586992
2025-04-03 00:00:00+00:00,8133.311315732608,0.0,3.8608801089335576,-0.24900792762797386,-3.801403636316536e-13,8.423943439984189,0.03335208840339632,0.6577071099586992
2025-04-04 00:00:00+00:00,7914.384827441526,0.0,3.756955779573791,-0.26922257953989814,-3.801403636316536e-13,8.423943439984189,0.03335208840339632,0.6577071099586992
2025-04-07 00:00:00+00:00,7566.708049868608,0.0,3.5919137317828924,-0.3013254332939469,-3.801403636316536e-13,8.423943439984189,0.03335208840339632,0.6577071099586992
2025-04-08 00:00:00+00:00,7362.136258663769,0.0,3.4948035722364508,-0.3202146393579768,-3.801403636316536e-13,8.423943439984189,0.03335208840339632,0.6577071099586992
2025-04-09 00:00:00+00:00,8057.828888949292,0.0,3.8250486266714665,-0.25597762323129114,-3.801403636316536e-13,8.423943439984189,0.03335208840339632,0.6577071099586992
2025-04-10 00:00:00+00:00,7717.1105299691,0.0,3.663309737814411,-0.28743796903297925,-3.801403636316536e-13,8.423943439984189,0.03335208840339632,0.6577071099586992
2025-04-11 00:00:00+00:00,7945.253126353821,0.0,3.771608950544458,-0.26637234463915094,-3.801403636316536e-13,8.423943439984189,0.03335208840339632,0.6577071099586992
2025-04-14 00:00:00+00:00,8063.166423923975,0.0,3.8275823527043826,-0.2554847801202399,-3.801403636316536e-13,8.423943439984189,0.03335208840339632,0.6577071099586992
2025-04-15 00:00:00+00:00,7996.839865314767,0.0,3.796097157943306,-0.2616090655151544,-3.801403636316536e-13,8.423943439984189,0.03335208840339632,0.6577071099586992
2025-04-16 00:00:00+00:00,7910.587042234809,0.0,3.755152972230826,-0.26957324933133975,-3.801403636316536e-13,8.423943439984189,0.03335208840339632,0.6577071099586992
2025-04-17 00:00:00+00:00,7951.094568084898,0.0,3.7743818809428538,-0.26583297312600396,-3.801403636316536e-13,8.423943439984189,0.03335208840339632,0.6577071099586992
2025-04-21 00:00:00+00:00,7936.961622114759,0.0,3.767672976308748,-0.26713794350901465,-3.801403636316536e-13,8.423943439984189,0.03335208840339632,0.6577071099586992
2025-04-22 00:00:00+00:00,8351.255120643687,0.0,3.9643379588278336,-0.22888401212086495,-3.801403636316536e-13,8.423943439984189,0.03335208840339632,0.6577071099586992
2025-04-23 00:00:00+00:00,8450.59333315626,0.0,4.011493774443169,-0.21971158441159433,-3.801403636316536e-13,8.423943439984189,0.03335208840339632,0.6577071099586992
2025-04-24 00:00:00+00:00,8530.629754453603,0.0,4.049487036348612,-0.21232139417271034,-3.801403636316536e-13,8.423943439984189,0.03335208840339632,0.6577071099586992
2025-04-25 00:00:00+00:00,8593.583744583428,0.0,4.079371274002233,-0.20650851603779463,-3.801403636316536e-13,8.423943439984189,0.03335208840339632,0.6577071099586992
2025-04-28 00:00:00+00:00,8718.8970882045,100.0,4.0913875095898415,-0.2041711998271286,-3.943512183468556e-13,8.542271837199129,0.03356510372289942,0.6688555197430104
2025-04-29 00:00:00+00:00,8718.417160174427,0.0,4.09116230088192,-0.20421500588934915,-3.943512183468556e-13,8.542271837199129,0.03356510372289942,0.6688555197430104
2025-04-30 00:00:00+00:00,8714.896542853028,0.0,4.089510233012659,-0.20453635486622235,-3.943512183468556e-13,8.542271837199129,0.03356510372289942,0.6688555197430104
2025-05-01 00:00:00+00:00,8853.299104384227,0.0,4.154456350143695,-0.19190347901392724,-3.943512183468556e-13,8.542271837199129,0.03356510372289942,0.6688555197430104
2025-05-02 00:00:00+00:00,8932.23891033361,0.0,4.191499261971121,-0.1846981443920095,-3.943512183468556e-13,8.542271837199129,0.03356510372289942,0.6688555197430104
2025-05-05 00:00:00+00:00,8822.00131268377,0.0,4.1397696996711,-0.1947602261191007,-3.943512183468556e-13,8.542271837199129,0.03356510372289942,0.6688555197430104
2025-05-06 00:00:00+00:00,8852.694374727096,0.0,4.154172577627421,-0.19195867650881593,-3.943512183468556e-13,8.542271837199129,0.03356510372289942,0.6688555197430104
2025-05-07 00:00:00+00:00,8875.167757957586,0.0,4.164718328829353,-0.18990738889397052,-3.943512183468556e-13,8.542271837199129,0.03356510372289942,0.6688555197430104
2025-05-08 00:00:00+00:00,9378.75475624907,0.0,4.401029129835254,-0.1439418232291162,-3.943512183468556e-13,8.542271837199129,0.03356510372289942,0.6688555197430104
2025-05-09 00:00:00+00:00,9455.207761284839,0.0,4.436905097484548,-0.1369634746316155,-3.943512183468556e-13,8.542271837199129,0.03356510372289942,0.6688555197430104
2025-05-12 00:00:00+00:00,9697.284524458591,0.0,4.550500869425813,-0.11486759965599125,-3.943512183468556e-13,8.542271837199129,0.03356510372289942,0.6688555197430104
2025-05-13 00:00:00+00:00,9894.63410440892,0.0,4.6431081795320335,-0.09685425716122009,-3.943512183468556e-13,8.542271837199129,0.03356510372289942,0.6688555197430104
2025-05-14 00:00:00+00:00,9833.556160514949,0.0,4.614447038767189,-0.10242922682933608,-3.943512183468556e-13,8.542271837199129,0.03356510372289942,0.6688555197430104
2025-05-15 00:00:00+00:00,9823.948525794869,0.0,4.609938606531693,-0.10330617632586392,-3.943512183468556e-13,8.542271837199129,0.03356510372289942,0.6688555197430104
2025-05-16 00:00:00+00:00,9836.044665114476,0.0,4.615614782408737,-0.10220208529874664,-3.943512183468556e-13,8.542271837199129,0.03356510372289942,0.6688555197430104
2025-05-19 00:00:00+00:00,9905.639013214739,0.0,4.648272289852044,-0.09584976963460434,-3.943512183468556e-13,8.542271837199129,0.03356510372289942,0.6688555197430104
2025-05-20 00:00:00+00:00,9929.262490173936,0.0,4.65935772847876,-0.09369350570188928,-3.943512183468556e-13,8.542271837199129,0.03356510372289942,0.6688555197430104
2025-05-21 00:00:00+00:00,9963.148621467946,0.0,4.675258970679703,-0.09060050449572798,-3.943512183468556e-13,8.542271837199129,0.03356510372289942,0.6688555197430104
2025-05-22 00:00:00+00:00,10110.302990401802,0.0,4.744311918655436,-0.07716879591101944,-3.943512183468556e-13,8.542271837199129,0.03356510372289942,0.6688555197430104
2025-05-23 00:00:00+00:00,9839.918867620769,0.0,4.617432771953001,-0.10184846236903211,-3.943512183468556e-13,8.542271837199129,0.03356510372289942,0.6688555197430104
2025-05-27 00:00:00+00:00,10178.666610526267,100.0,4.729466383932183,-0.08005644809723711,-4.050093593832571e-13,8.653591288848416,0.033747587161551545,0.6766450563356455
2025-05-28 00:00:00+00:00,10126.88255593431,0.0,4.705405182717175,-0.0847366688900063,-4.050093593832571e-13,8.653591288848416,0.033747587161551545,0.6766450563356455
2025-05-29 00:00:00+00:00,10036.931954050766,0.0,4.663610086748244,-0.09286636596712283,-4.050093593832571e-13,8.653591288848416,0.033747587161551545,0.6766450563356455
2025-05-30 00:00:00+00:00,9910.247363386967,0.0,4.604746727151906,-0.10431606530063675,-4.050093593832571e-13,8.653591288848416,0.033747587161551545,0.6766450563356455
2025-06-02 00:00:00+00:00,10052.171259818168,0.0,4.670690953732025,-0.09148904400417557,-4.050093593832571e-13,8.653591288848416,0.033747587161551545,0.6766450563356455
2025-06-03 00:00:00+00:00,10053.168029675771,0.0,4.671154097846518,-0.09139895636909334,-4.050093593832571e-13,8.653591288848416,0.033747587161551545,0.6766450563356455
2025-06-04 00:00:00+00:00,10036.87945823393,0.0,4.663585694830273,-0.09287111051668406,-4.050093593832571e-13,8.653591288848416,0.033747587161551545,0.6766450563356455
2025-06-05 00:00:00+00:00,9776.087034037238,0.0,4.542409803073792,-0.11644141871174074,-4.050093593832571e-13,8.653591288848416,0.033747587161551545,0.6766450563356455
2025-06-06 00:00:00+00:00,9960.110621952199,0.0,4.627915440127896,-0.0998094452344579,-4.050093593832571e-13,8.653591288848416,0.033747587161551545,0.6766450563356455
2025-06-09 00:00:00+00:00,10304.899790960444,0.0,4.788119998029621,-0.06864754702796494,-4.050093593832571e-13,8.653591288848416,0.033747587161551545,0.6766450563356455
2025-06-10 00:00:00+00:00,10424.662199500313,0.0,4.843767000424051,-0.057823471565795925,-4.050093593832571e-13,8.653591288848416,0.033747587161551545,0.6766450563356455
2025-06-11 00:00:00+00:00,10326.131341420401,0.0,4.797985131452429,-0.06672864854254479,-4.050093593832571e-13,8.653591288848416,0.033747587161551545,0.6766450563356455
2025-06-12 00:00:00+00:00,10156.612462558764,0.0,4.719219034703679,-0.0820496925949431,-4.050093593832571e-13,8.653591288848416,0.033747587161551545,0.6766450563356455
2025-06-13 00:00:00+00:00,10073.518945385229,0.0,4.68061004874981,-0.0895596492772518,-4.050093593832571e-13,8.653591288848416,0.033747587161551545,0.6766450563356455
2025-06-16 00:00:00+00:00,10120.253087941632,0.0,4.702324833668085,-0.08533583738287209,-4.050093593832571e-13,8.653591288848416,0.033747587161551545,0.6766450563356455
2025-06-17 00:00:00+00:00,9980.545356095723,0.0,4.63741033684614,-0.09796256266825398,-4.050093593832571e-13,8.653591288848416,0.033747587161551545,0.6766450563356455
2025-06-18 00:00:00+00:00,10001.10299687909,0.0,4.6469623415180825,-0.09610457185230226,-4.050093593832571e-13,8.653591288848416,0.033747587161551545,0.6766450563356455
2025-06-20 00:00:00+00:00,9854.142503487303,0.0,4.578677885424024,-0.10938679863634981,-4.050093593832571e-13,8.653591288848416,0.033747587161551545,0.6766450563356455
2025-06-23 00:00:00+00:00,9975.15507590335,0.0,4.634905770192642,-0.0984497338956517,-4.050093593832571e-13,8.653591288848416,0.033747587161551545,0.6766450563356455
2025-06-24 00:00:00+00:00,10077.941987677243,0.0,4.682665193164616,-0.08915989659922186,-4.050093593832571e-13,8.653591288848416,0.033747587161551545,0.6766450563356455
2025-06-25 00:00:00+00:00,10102.532998012926,0.0,4.694091282767479,-0.08693737156144421,-4.050093593832571e-13,8.653591288848416,0.033747587161551545,0.6766450563356455
2025-06-26 00:00:00+00:00,10125.876144930182,0.0,4.704937558892309,-0.08482762788780418,-4.050093593832571e-13,8.653591288848416,0.033747587161551545,0.6766450563356455
2025-06-27 00:00:00+00:00,10258.561172596232,100.0,4.720124493047772,-0.08187356901195397,-4.050093593832571e-13,8.759712247586544,0.03393431538916752,0.6849109361360308
2025-06-30 00:00:00+00:00,10329.33375415208,0.0,4.752688065074846,-0.07553952502445416,-4.050093593832571e-13,8.786622266198304,0.03393431538916752,0.6849109361360308
2025-07-01 00:00:00+00:00,10222.215310042693,0.0,4.703401193047555,-0.08512647129581452,-4.050093593832571e-13,8.786622266198304,0.03393431538916752,0.6849109361360308
2025-07-02 00:00:00+00:00,10465.161387928374,0.0,4.815184484429721,-0.06338314767967501,-4.050093593832571e-13,8.786622266198304,0.03393431538916752,0.6849109361360308
2025-07-03 00:00:00+00:00,10547.700809597616,0.0,4.8531621636878715,-0.055995988471088,-4.050093593832571e-13,8.786622266198304,0.03393431538916752,0.6849109361360308
2025-07-07 00:00:00+00:00,10428.805506063203,0.0,4.798456574387466,-0.06663694667747799,-4.050093593832571e-13,8.786622266198304,0.03393431538916752,0.6849109361360308
2025-07-08 00:00:00+00:00,10497.835697032,0.0,4.830218445245339,-0.06045884413480285,-4.050093593832571e-13,8.786622266198304,0.03393431538916752,0.6849109361360308
2025-07-09 00:00:00+00:00,10711.084002086789,0.0,4.928337326719562,-0.04137342835961433,-4.050093593832571e-13,8.786622266198304,0.03393431538916752,0.6849109361360308
2025-07-10 00:00:00+00:00,11012.946648527452,0.0,5.067229053057067,-0.01435715682189409,-4.050093593832571e-13,8.786622266198304,0.03393431538916752,0.6849109361360308
2025-07-11 00:00:00+00:00,11051.005526317369,0.0,5.084740538168058,-0.010950942144731579,-4.050093593832571e-13,8.786622266198304,0.03393431538916752,0.6849109361360308
2025-07-14 00:00:00+00:00,11177.386192679256,0.0,5.142890260015597,0.0,-4.050093593832571e-13,8.786622266198304,0.03393431538916752,0.6849109361360308
2025-07-15 00:00:00+00:00,11169.933152226025,0.0,5.139460999498543,-0.0006667963622936091,-4.050093593832571e-13,8.786622266198304,0.03393431538916752,0.6849109361360308
2025-07-16 00:00:00+00:00,11375.953569923382,0.0,5.23425421691766,0.0,-4.050093593832571e-13,8.786622266198304,0.03393431538916752,0.6849109361360308
2025-07-17 00:00:00+00:00,11497.017834479053,0.0,5.289957779117837,0.0,-4.050093593832571e-13,8.786622266198304,0.03393431538916752,0.6849109361360308
2025-07-18 00:00:00+00:00,11500.201128191853,0.0,5.2914224623584545,0.0,-4.050093593832571e-13,8.786622266198304,0.03393431538916752,0.6849109361360308
2025-07-21 00:00:00+00:00,11638.311457836006,0.0,5.35496918579543,0.0,-4.050093593832571e-13,8.786622266198304,0.03393431538916752,0.6849109361360308
2025-07-22 00:00:00+00:00,11714.619657416133,0.0,5.390079782281485,0.0,-4.050093593832571e-13,8.786622266198304,0.03393431538916752,0.6849109361360308
2025-07-23 00:00:00+00:00,11636.329373562166,0.0,5.354057197810875,-0.00668312639620372,-4.050093593832571e-13,8.786622266198304,0.03393431538916752,0.6849109361360308
2025-07-24 00:00:00+00:00,11679.62952670924,0.0,5.373980275714644,-0.002986877229491758,-4.050093593832571e-13,8.786622266198304,0.03393431538916752,0.6849109361360308
2025-07-25 00:00:00+00:00,11687.697197128991,0.0,5.377692337095322,-0.002298193289621331,-4.050093593832571e-13,8.786622266198304,0.03393431538916752,0.6849109361360308
2025-07-28 00:00:00+00:00,11851.6261126678,100.0,5.407107031317235,0.0,-4.014566457044566e-13,8.888953190695785,0.03410154682000064,0.6900683399707718
2025-07-29 00:00:00+00:00,11830.715279203456,0.0,5.39756681180804,-0.001764385179346295,-4.014566457044566e-13,8.888953190695785,0.03410154682000064,0.6900683399707718
2025-07-30 00:00:00+00:00,11831.823273367252,0.0,5.398072315692213,-0.0016708963911189478,-4.014566457044566e-13,8.888953190695785,0.03410154682000064,0.6900683399707718
2025-07-31 00:00:00+00:00,11664.535624916867,0.0,5.321750112174354,-0.015786060577034133,-4.014566457044566e-13,8.888953190695785,0.03410154682000064,0.6900683399707718
2025-08-01 00:00:00+00:00,11350.323348813308,0.0,5.178395994241983,-0.042298226343696954,-4.014566457044566e-13,8.888953190695785,0.03410154682000064,0.6900683399707718
2025-08-04 00:00:00+00:00,11648.129188819672,0.0,5.3142649489455565,-0.017170379989511875,-4.014566457044566e-13,8.888953190695785,0.03410154682000064,0.6900683399707718
2025-08-05 00:00:00+00:00,11516.564981802607,0.0,5.254240970626558,-0.02827132139336197,-4.014566457044566e-13,8.888953190695785,0.03410154682000064,0.6900683399707718
2025-08-06 00:00:00+00:00,11633.320630477196,0.0,5.307508790830537,-0.018419875898486593,-4.014566457044566e-13,8.888953190695785,0.03410154682000064,0.6900683399707718
2025-08-07 00:00:00+00:00,11871.417979745245,0.0,5.416136741048203,0.0,-4.014566457044566e-13,8.888953190695785,0.03410154682000064,0.6900683399707718
2025-08-08 00:00:00+00:00,11952.23355985236,0.0,5.453007503531175,0.0,-4.014566457044566e-13,8.888953190695785,0.03410154682000064,0.6900683399707718
2025-08-11 00:00:00+00:00,12157.635298699273,0.0,5.5467186260223595,0.0,-4.014566457044566e-13,8.888953190695785,0.03410154682000064,0.6900683399707718
2025-08-12 00:00:00+00:00,12515.946235799587,0.0,5.71019202359454,0.0,-4.014566457044566e-13,8.888953190695785,0.03410154682000064,0.6900683399707718
2025-08-13 00:00:00+00:00,12752.008572447408,0.0,5.81789153319629,0.0,-4.014566457044566e-13,8.888953190695785,0.03410154682000064,0.6900683399707718
2025-08-14 00:00:00+00:00,12441.49178022789,0.0,5.676223418239676,-0.024350422167252583,-4.014566457044566e-13,8.888953190695785,0.03410154682000064,0.6900683399707718
2025-08-15 00:00:00+00:00,12323.521144299804,0.0,5.622401280336261,-0.03360156368412548,-4.014566457044566e-13,8.888953190695785,0.03410154682000064,0.6900683399707718
2025-08-18 00:00:00+00:00,12196.351395785954,0.0,5.564382200521964,-0.04357409058381867,-4.014566457044566e-13,8.888953190695785,0.03410154682000064,0.6900683399707718
2025-08-19 00:00:00+00:00,11889.437513866513,0.0,5.424357853385187,-0.06764197606050926,-4.014566457044566e-13,8.888953190695785,0.03410154682000064,0.6900683399707718
2025-08-20 00:00:00+00:00,12103.154936685525,0.0,5.521862868195307,-0.05088246546225106,-4.014566457044566e-13,8.888953190695785,0.03410154682000064,0.6900683399707718
2025-08-21 00:00:00+00:00,11945.7184548564,0.0,5.450035095382409,-0.06322847989085567,-4.014566457044566e-13,8.888953190695785,0.03410154682000064,0.6900683399707718
2025-08-22 00:00:00+00:00,12595.172583703341,0.0,5.746337725352554,-0.01229892435007729,-4.014566457044566e-13,8.888953190695785,0.03410154682000064,0.6900683399707718
2025-08-25 00:00:00+00:00,12025.556759170267,0.0,5.486459992060726,-0.05696763840378427,-4.014566457044566e-13,8.888953190695785,0.03410154682000064,0.6900683399707718
2025-08-26 00:00:00+00:00,12257.730365777807,0.0,5.592385333346346,-0.03876081198200909,-4.014566457044566e-13,8.888953190695785,0.03410154682000064,0.6900683399707718
2025-08-27 00:00:00+00:00,12287.521237474271,100.0,5.560353587853892,-0.044266542934482955,-4.014566457044566e-13,8.99016498944098,0.0342802284557171,0.6944090574295847
2025-08-28 00:00:00+00:00,12354.257352020111,0.0,5.590553038726268,-0.03907575333311941,-4.014566457044566e-13,8.99016498944098,0.0342802284557171,0.6944090574295847
2025-08-29 00:00:00+00:00,12074.837567397619,0.0,5.464109895970618,-0.0608092528379105,-4.014566457044566e-13,8.99016498944098,0.0342802284557171,0.6944090574295847
2025-09-02 00:00:00+00:00,12110.293774119153,0.0,5.480154551556198,-0.05805144006432572,-4.014566457044566e-13,8.99016498944098,0.0342802284557171,0.6944090574295847
2025-09-03 00:00:00+00:00,12239.39741988817,0.0,5.5385765803839035,-0.04800965284736647,-4.014566457044566e-13,8.99016498944098,0.0342802284557171,0.6944090574295847
2025-09-04 00:00:00+00:00,12143.579696507419,0.0,5.495217109284453,-0.055462433782185516,-4.014566457044566e-13,8.99016498944098,0.0342802284557171,0.6944090574295847
2025-09-05 00:00:00+00:00,12133.370594650241,0.0,5.49059728279193,-0.056256506079024216,-4.014566457044566e-13,8.99016498944098,0.0342802284557171,0.6944090574295847
2025-09-08 00:00:00+00:00,12194.637435187067,0.0,5.518321775796789,-0.05149112108573817,-4.014566457044566e-13,8.99016498944098,0.0342802284557171,0.6944090574295847
2025-09-09 00:00:00+00:00,12192.47042238343,0.0,5.517341158373245,-0.051659673114931026,-4.014566457044566e-13,8.99016498944098,0.0342802284557171,0.6944090574295847
2025-09-10 00:00:00+00:00,12318.004177341129,0.0,5.574147738910174,-0.04189555492661545,-4.014566457044566e-13,8.99016498944098,0.0342802284557171,0.6944090574295847
2025-09-11 00:00:00+00:00,12490.202036995272,0.0,5.652070777108356,-0.02850186448849701,-4.014566457044566e-13,8.99016498944098,0.0342802284557171,0.6944090574295847
2025-09-12 00:00:00+00:00,12683.69693545945,0.0,5.7396311590693205,-0.013451672943784576,-4.014566457044566e-13,8.99016498944098,0.0342802284557171,0.6944090574295847
2025-09-15 00:00:00+00:00,12557.874786491671,0.0,5.682694074369862,-0.023238222654204832,-4.014566457044566e-13,8.99016498944098,0.0342802284557171,0.6944090574295847
2025-09-16 00:00:00+00:00,12584.430989965713,0.0,5.694711297242798,-0.021172659416326067,-4.014566457044566e-13,8.99016498944098,0.0342802284557171,0.6944090574295847
2025-09-17 00:00:00+00:00,12628.404697170194,0.0,5.714610295250629,-0.0177523484850739,-4.014566457044566e-13,8.99016498944098,0.0342802284557171,0.6944090574295847
2025-09-18 00:00:00+00:00,12673.491079594849,0.0,5.735012801454542,-0.014245492764664025,-4.014566457044566e-13,8.99016498944098,0.0342802284557171,0.6944090574295847
2025-09-19 00:00:00+00:00,12566.936910457764,0.0,5.686794870009162,-0.022533363236338033,-4.014566457044566e-13,8.99016498944098,0.0342802284557171,0.6944090574295847
2025-09-22 00:00:00+00:00,12304.37468674286,0.0,5.5679801168581715,-0.042955667858733726,-4.014566457044566e-13,8.99016498944098,0.0342802284557171,0.6944090574295847
2025-09-23 00:00:00+00:00,12228.88980990063,0.0,5.533821672883454,-0.04882694335086213,-4.014566457044566e-13,8.99016498944098,0.0342802284557171,0.6944090574295847
2025-09-24 00:00:00+00:00,12247.444284480369,0.0,5.542217950481376,-0.04738376113441589,-4.014566457044566e-13,8.99016498944098,0.0342802284557171,0.6944090574295847
2025-09-25 00:00:00+00:00,11880.090874302263,0.0,5.375983051447007,-0.07595680999341403,-4.014566457044566e-13,8.99016498944098,0.0342802284557171,0.6944090574295847
2025-09-26 00:00:00+00:00,12044.065905162457,0.0,5.45018509216302,-0.0632026979078546,-4.014566457044566e-13,8.99016498944098,0.0342802284557171,0.6944090574295847
2025-09-29 00:00:00+00:00,12447.014373050028,100.0,5.587275443243443,-0.039639118164540466,-4.050093593832571e-13,9.113987945872577,0.03445827169672373,0.6992302219820257
2025-09-30 00:00:00+00:00,12409.567109602867,0.0,5.570465936223992,-0.04252839633748984,-4.050093593832571e-13,9.113987945872577,0.03445827169672373,0.6992302219820257
2025-10-01 00:00:00+00:00,12728.03594126965,0.0,5.713421751111047,-0.017956639701711352,-4.050093593832571e-13,9.113987945872577,0.03445827169672373,0.6992302219820257
2025-10-02 00:00:00+00:00,12896.207219372709,0.0,5.788911280105126,-0.004981229527193043,-4.050093593832571e-13,9.113987945872577,0.03445827169672373,0.6992302219820257
2025-10-03 00:00:00+00:00,12975.275341005356,0.0,5.82440375734513,0.0,-4.050093593832571e-13,9.113987945872577,0.03445827169672373,0.6992302219820257
2025-10-06 00:00:00+00:00,13197.69535048466,0.0,5.924244716775562,0.0,-4.050093593832571e-13,9.113987945872577,0.03445827169672373,0.6992302219820257
2025-10-07 00:00:00+00:00,12897.815399475261,0.0,5.7896331676940695,-0.022722145272006777,-4.050093593832571e-13,9.113987945872577,0.03445827169672373,0.6992302219820257
2025-10-08 00:00:00+00:00,13052.894171332284,0.0,5.859245669760521,-0.010971701899988084,-4.050093593832571e-13,9.113987945872577,0.03445827169672373,0.6992302219820257
2025-10-09 00:00:00+00:00,12870.818536210916,0.0,5.777514686374721,-0.02476771933228028,-4.050093593832571e-13,9.113987945872577,0.03445827169672373,0.6992302219820257
2025-10-10 00:00:00+00:00,12036.911228567114,0.0,5.403186379015519,-0.0879535472740639,-4.050093593832571e-13,9.113987945872577,0.03445827169672373,0.6992302219820257
2025-10-13 00:00:00+00:00,12489.729996800741,0.0,5.606449837075745,-0.05364310471509115,-4.050093593832571e-13,9.113987945872577,0.03445827169672373,0.6992302219820257
2025-10-14 00:00:00+00:00,12327.233169825555,0.0,5.533507482889248,-0.06595562009446909,-4.050093593832571e-13,9.113987945872577,0.03445827169672373,0.6992302219820257
2025-10-15 00:00:00+00:00,12176.135811038936,0.0,5.465682176596093,-0.0774043885933624,-4.050093593832571e-13,9.113987945872577,0.03445827169672373,0.6992302219820257
2025-10-16 00:00:00+00:00,11987.092126526166,0.0,5.3808233418167735,-0.09172838073687162,-4.050093593832571e-13,9.113987945872577,0.03445827169672373,0.6992302219820257
2025-10-17 00:00:00+00:00,11913.060566039561,0.0,5.347591700273289,-0.09733781166557431,-4.050093593832571e-13,9.113987945872577,0.03445827169672373,0.6992302219820257
2025-10-20 00:00:00+00:00,12216.015612896213,0.0,5.483583613110942,-0.07438266390596748,-4.050093593832571e-13,9.113987945872577,0.03445827169672373,0.6992302219820257
2025-10-21 00:00:00+00:00,12064.05496974812,0.0,5.4153707915977645,-0.08589684415581789,-4.050093593832571e-13,9.113987945872577,0.03445827169672373,0.6992302219820257
2025-10-22 00:00:00+00:00,11963.244839027673,0.0,5.370118657156267,-0.09353530890616113,-4.050093593832571e-13,9.113987945872577,0.03445827169672373,0.6992302219820257
2025-10-23 00:00:00+00:00,12117.2356717607,0.0,5.439242799896612,-0.08186729955728878,-4.050093593832571e-13,9.113987945872577,0.03445827169672373,0.6992302219820257
2025-10-24 00:00:00+00:00,12250.336870860538,0.0,5.4989899038131105,-0.07178211456361117,-4.050093593832571e-13,9.113987945872577,0.03445827169672373,0.6992302219820257
2025-10-27 00:00:00+00:00,12654.561475535915,100.0,5.635551701846662,-0.04873077138616744,-4.050093593832571e-13,9.209521152283676,0.034632592033765786,0.7040324889179921
2025-10-28 00:00:00+00:00,12529.014456683055,0.0,5.579640897104372,-0.058168397179033327,-4.050093593832571e-13,9.209521152283676,0.034632592033765786,0.7040324889179921
2025-10-29 00:00:00+00:00,12378.111107706338,0.0,5.512437965830604,-0.06951211008870939,-4.050093593832571e-13,9.209521152283676,0.034632592033765786,0.7040324889179921
2025-10-30 00:00:00+00:00,12188.570099473374,0.0,5.4280282331360326,-0.08376029474852786,-4.050093593832571e-13,9.209521152283676,0.034632592033765786,0.7040324889179921
2025-10-31 00:00:00+00:00,12279.85761432242,0.0,5.46868199349426,-0.07689802583463412,-4.050093593832571e-13,9.209521152283676,0.034632592033765786,0.7040324889179921
2025-11-03 00:00:00+00:00,12014.526200921133,0.0,5.350519945663703,-0.09684353002624191,-4.050093593832571e-13,9.209521152283676,0.034632592033765786,0.7040324889179921
2025-11-04 00:00:00+00:00,11548.322345875898,0.0,5.142901852078491,-0.13188902586764506,-4.050093593832571e-13,9.209521152283676,0.034632592033765786,0.7040324889179921
2025-11-05 00:00:00+00:00,11744.866121030886,0.0,5.230430180002248,-0.11711442891760604,-4.050093593832571e-13,9.209521152283676,0.034632592033765786,0.7040324889179921
2025-11-06 00:00:00+00:00,11519.117637752594,0.0,5.12989589822664,-0.13408440341763417,-4.050093593832571e-13,9.209521152283676,0.034632592033765786,0.7040324889179921
2025-11-07 00:00:00+00:00,11679.25253596363,0.0,5.20120998523652,-0.12204673609981698,-4.050093593832571e-13,9.209521152283676,0.034632592033765786,0.7040324889179921
2025-11-10 00:00:00+00:00,11952.811248185722,0.0,5.323035958360801,-0.1014827690544805,-4.050093593832571e-13,9.209521152283676,0.034632592033765786,0.7040324889179921
2025-11-11 00:00:00+00:00,11758.164462136749,0.0,5.236352430962565,-0.11611476545948662,-4.050093593832571e-13,9.209521152283676,0.034632592033765786,0.7040324889179921
2025-11-12 00:00:00+00:00,11710.37433000296,0.0,5.215069689478499,-0.11970724728654558,-4.050093593832571e-13,9.209521152283676,0.034632592033765786,0.7040324889179921
2025-11-13 00:00:00+00:00,11419.094183819858,0.0,5.085351695954206,-0.14160337071253648,-4.050093593832571e-13,9.209521152283676,0.034632592033765786,0.7040324889179921
2025-11-14 00:00:00+00:00,11157.184582865822,0.0,4.968713509776049,-0.1612916502746342,-4.050093593832571e-13,9.209521152283676,0.034632592033765786,0.7040324889179921
2025-11-17 00:00:00+00:00,10964.476897205855,0.0,4.882893536639922,-0.175777880543467,-4.050093593832571e-13,9.209521152283676,0.034632592033765786,0.7040324889179921
2025-11-18 00:00:00+00:00,11008.811964280021,0.0,4.9026376078338805,-0.172445123012697,-4.050093593832571e-13,9.209521152283676,0.034632592033765786,0.7040324889179921
2025-11-19 00:00:00+00:00,10911.262078890568,0.0,4.859194978574521,-0.17977814710880546,-4.050093593832571e-13,9.209521152283676,0.034632592033765786,0.7040324889179921
2025-11-20 00:00:00+00:00,10521.1991127908,0.0,4.685485283720176,-0.2090999768371513,-4.050093593832571e-13,9.209521152283676,0.034632592033765786,0.7040324889179921
2025-11-21 00:00:00+00:00,10475.826230534098,0.0,4.665279034431034,-0.21251074905456568,-4.050093593832571e-13,9.209521152283676,0.034632592033765786,0.7040324889179921
2025-11-24 00:00:00+00:00,10800.636632413383,0.0,4.809929310667555,-0.18809408783412052,-4.050093593832571e-13,9.209521152283676,0.034632592033765786,0.7040324889179921
2025-11-25 00:00:00+00:00,10825.315165467171,0.0,4.820919588696487,-0.18623895210723018,-4.050093593832571e-13,9.209521152283676,0.034632592033765786,0.7040324889179921
2025-11-26 00:00:00+00:00,11019.982964014425,0.0,4.907612473749721,-0.17160537614981786,-4.050093593832571e-13,9.209521152283676,0.034632592033765786,0.7040324889179921
2025-11-28 00:00:00+00:00,11169.31087990613,100.0,4.929580048121181,-0.16789729597729297,-4.050093593832571e-13,9.30531607260236,0.034851240599266614,0.7106555441948826
2025-12-01 00:00:00+00:00,10817.010418684524,0.0,4.774092091589658,-0.19414333474932943,-4.050093593832571e-13,9.30531607260236,0.034851240599266614,0.7106555441948826
2025-12-02 00:00:00+00:00,11140.846058338135,0.0,4.917017087166504,-0.17001789726155514,-4.050093593832571e-13,9.30531607260236,0.034851240599266614,0.7106555441948826
2025-12-03 00:00:00+00:00,11372.878964486832,0.0,5.019424907752459,-0.15273167336604843,-4.050093593832571e-13,9.30531607260236,0.034851240599266614,0.7106555441948826
2025-12-04 00:00:00+00:00,11291.53861786643,0.0,4.983525311607404,-0.15879144939849332,-4.050093593832571e-13,9.30531607260236,0.034851240599266614,0.7106555441948826
2025-12-05 00:00:00+00:00,11127.523104573658,0.0,4.911136995926714,-0.1710104442478636,-4.050093593832571e-13,9.30531607260236,0.034851240599266614,0.7106555441948826
2025-12-08 00:00:00+00:00,11228.335551246188,0.0,4.955630611608343,-0.1635000158626828,-4.050093593832571e-13,9.30531607260236,0.034851240599266614,0.7106555441948826
2025-12-09 00:00:00+00:00,11432.623704313242,0.0,5.0457932737685125,-0.14828074885555564,-4.050093593832571e-13,9.30531607260236,0.034851240599266614,0.7106555441948826
2025-12-10 00:00:00+00:00,11451.616927836823,0.0,5.0541759409480775,-0.14686577233444276,-4.050093593832571e-13,9.30531607260236,0.034851240599266614,0.7106555441948826
2025-12-11 00:00:00+00:00,11421.747065621294,0.0,5.0409928647134725,-0.14909104776867232,-4.050093593832571e-13,9.30531607260236,0.034851240599266614,0.7106555441948826
2025-12-12 00:00:00+00:00,11171.462772432917,0.0,4.930529786791703,-0.1677369820949457,-4.050093593832571e-13,9.30531607260236,0.034851240599266614,0.7106555441948826
2025-12-15 00:00:00+00:00,10944.00795458743,0.0,4.830142507401233,-0.184682142902737,-4.050093593832571e-13,9.30531607260236,0.034851240599266614,0.7106555441948826
2025-12-16 00:00:00+00:00,10975.795454542033,0.0,4.844171933857414,-0.18231400533805242,-4.050093593832571e-13,9.30531607260236,0.034851240599266614,0.7106555441948826
2025-12-17 00:00:00+00:00,10763.955465617308,0.0,4.75067626576958,-0.19809587670860596,-4.050093593832571e-13,9.30531607260236,0.034851240599266614,0.7106555441948826
2025-12-18 00:00:00+00:00,10778.491583058243,0.0,4.7570917873075205,-0.19701295021845378,-4.050093593832571e-13,9.30531607260236,0.034851240599266614,0.7106555441948826
2025-12-19 00:00:00+00:00,11028.724050074114,0.0,4.8675319917262865,-0.17837087689119324,-4.050093593832571e-13,9.30531607260236,0.034851240599266614,0.7106555441948826
2025-12-22 00:00:00+00:00,11103.5716332506,0.0,4.900566003998313,-0.1727948053662468,-4.050093593832571e-13,9.33148556550341,0.034851240599266614,0.7106555441948826
2025-12-23 00:00:00+00:00,11059.854509443192,0.0,4.88127143304408,-0.17605168820560646,-4.050093593832571e-13,9.33148556550341,0.034851240599266614,0.7106555441948826
2025-12-24 00:00:00+00:00,11073.465399273719,0.0,4.887278604987556,-0.1750376902648283,-4.050093593832571e-13,9.33148556550341,0.034851240599266614,0.7106555441948826
2025-12-26 00:00:00+00:00,11049.73017986342,0.0,4.87680305593168,-0.17680594082784307,-4.050093593832571e-13,9.33148556550341,0.034851240599266614,0.7106555441948826
2025-12-29 00:00:00+00:00,11130.94291749122,100.0,4.868511289792784,-0.1782055734452156,-4.050093593832571e-13,9.426329808730523,0.03507829483059773,0.7174229599962926
2025-12-30 00:00:00+00:00,11192.11465513253,0.0,4.895266911264436,-0.1736892810314522,-4.050093593832571e-13,9.426329808730523,0.03507829483059773,0.7174229599962926
2025-12-31 00:00:00+00:00,11118.007080329648,0.0,4.862853344214331,-0.17916062271291922,-4.050093593832571e-13,9.426329808730523,0.03507829483059773,0.7174229599962926
2026-01-02 00:00:00+00:00,11321.70831260377,0.0,4.9519492776336715,-0.16412141726499951,-4.050093593832571e-13,9.426329808730523,0.03507829483059773,0.7174229599962926
2026-01-05 00:00:00+00:00,11567.897002682552,0.0,5.059628602373034,-0.14594537459842138,-4.050093593832571e-13,9.426329808730523,0.03507829483059773,0.7174229599962926
2026-01-06 00:00:00+00:00,11650.872930476655,0.0,5.095921057041166,-0.13981928487674544,-4.050093593832571e-13,9.426329808730523,0.03507829483059773,0.7174229599962926
2026-01-07 00:00:00+00:00,11456.106998031992,0.0,5.010733292805683,-0.15419879961796779,-4.050093593832571e-13,9.426329808730523,0.03507829483059773,0.7174229599962926
2026-01-08 00:00:00+00:00,11401.273025480663,0.0,4.986749716893994,-0.15824717659398557,-4.050093593832571e-13,9.426329808730523,0.03507829483059773,0.7174229599962926
2026-01-09 00:00:00+00:00,11412.151193526091,0.0,4.991507668159579,-0.1574440444660855,-4.050093593832571e-13,9.426329808730523,0.03507829483059773,0.7174229599962926
2026-01-12 00:00:00+00:00,11450.106848835512,0.0,5.008108915489221,-0.15464178896799086,-4.050093593832571e-13,9.426329808730523,0.03507829483059773,0.7174229599962926
2026-01-13 00:00:00+00:00,11747.261259645857,0.0,5.138079899489916,-0.13270296128373626,-4.050093593832571e-13,9.426329808730523,0.03507829483059773,0.7174229599962926
2026-01-14 00:00:00+00:00,11792.95360889737,0.0,5.158065063355825,-0.12932950781897345,-4.050093593832571e-13,9.426329808730523,0.03507829483059773,0.7174229599962926
2026-01-15 00:00:00+00:00,11735.547847564452,0.0,5.132956624724874,-0.1335677592470167,-4.050093593832571e-13,9.426329808730523,0.03507829483059773,0.7174229599962926
2026-01-16 00:00:00+00:00,11712.585127272732,0.0,5.122913067425795,-0.13526309051357255,-4.050093593832571e-13,9.426329808730523,0.03507829483059773,0.7174229599962926
2026-01-20 00:00:00+00:00,11085.04636060418,0.0,4.848436808500097,-0.18159410350303773,-4.050093593832571e-13,9.426329808730523,0.03507829483059773,0.7174229599962926
2026-01-21 00:00:00+00:00,11218.789778984421,0.0,4.906934219469341,-0.17171986404030948,-4.050093593832571e-13,9.426329808730523,0.03507829483059773,0.7174229599962926
2026-01-22 00:00:00+00:00,11232.16788585989,0.0,4.912785607338461,-0.17073216212236697,-4.050093593832571e-13,9.426329808730523,0.03507829483059773,0.7174229599962926
2026-01-23 00:00:00+00:00,11238.71137300852,0.0,4.91564763271168,-0.170249058282123,-4.050093593832571e-13,9.426329808730523,0.03507829483059773,0.7174229599962926
2026-01-26 00:00:00+00:00,11206.78574833167,0.0,4.901683832400685,-0.17260611829206063,-4.050093593832571e-13,9.426329808730523,0.03507829483059773,0.7174229599962926
2026-01-27 00:00:00+00:00,11433.126795765656,100.0,4.9569435548119865,-0.16327839382199882,-4.050093593832571e-13,9.520264859312434,0.035304335521048835,0.7242378575213455
2026-01-28 00:00:00+00:00,11422.359069670656,0.0,4.9522751022162925,-0.1640664187633849,-4.050093593832571e-13,9.520264859312434,0.035304335521048835,0.7242378575213455
2026-01-29 00:00:00+00:00,11109.243636564988,0.0,4.816520854426428,-0.1869814491647206,-4.050093593832571e-13,9.520264859312434,0.035304335521048835,0.7242378575213455
2026-01-30 00:00:00+00:00,10992.530609615878,0.0,4.765918784053846,-0.19552297180460976,-4.050093593832571e-13,9.520264859312434,0.035304335521048835,0.7242378575213455
2026-02-02 00:00:00+00:00,10569.538067465737,0.0,4.582526244724953,-0.226479245236324,-4.050093593832571e-13,9.520264859312434,0.035304335521048835,0.7242378575213455
2026-02-03 00:00:00+00:00,10330.037463975888,0.0,4.478688423798986,-0.24400685016998436,-4.050093593832571e-13,9.520264859312434,0.035304335521048835,0.7242378575213455
2026-02-04 00:00:00+00:00,10145.352533183634,0.0,4.398616472029798,-0.25752282656819936,-4.050093593832571e-13,9.520264859312434,0.035304335521048835,0.7242378575213455
2026-02-05 00:00:00+00:00,9476.127284115506,0.0,4.108467342719495,-0.3064993869875713,-4.050093593832571e-13,9.520264859312434,0.035304335521048835,0.7242378575213455
2026-02-06 00:00:00+00:00,10033.820139884887,0.0,4.350260515869167,-0.2656852098714586,-4.050093593832571e-13,9.520264859312434,0.035304335521048835,0.7242378575213455
2026-02-09 00:00:00+00:00,10076.829300773881,0.0,4.368907556759638,-0.26253762873969544,-4.050093593832571e-13,9.520264859312434,0.035304335521048835,0.7242378575213455
2026-02-10 00:00:00+00:00,9954.36755419533,0.0,4.315813072962048,-0.2714998655033529,-4.050093593832571e-13,9.520264859312434,0.035304335521048835,0.7242378575213455
2026-02-11 00:00:00+00:00,9832.400381164221,0.0,4.262933016346293,-0.280425907411449,-4.050093593832571e-13,9.520264859312434,0.035304335521048835,0.7242378575213455
2026-02-12 00:00:00+00:00,9714.752367871586,0.0,4.211925573531668,-0.2890358560636692,-4.050093593832571e-13,9.520264859312434,0.035304335521048835,0.7242378575213455
2026-02-13 00:00:00+00:00,9882.762726908379,0.0,4.284768102198237,-0.276740191021288,-4.050093593832571e-13,9.520264859312434,0.035304335521048835,0.7242378575213455
2026-02-17 00:00:00+00:00,9804.233619242408,0.0,4.250721042188885,-0.28248726286539017,-4.050093593832571e-13,9.520264859312434,0.035304335521048835,0.7242378575213455
2026-02-18 00:00:00+00:00,9771.620676924045,0.0,4.236581383186036,-0.2848740074512123,-4.050093593832571e-13,9.520264859312434,0.035304335521048835,0.7242378575213455
2026-02-19 00:00:00+00:00,9770.412025302425,0.0,4.236057360495408,-0.2849624613749916,-4.050093593832571e-13,9.520264859312434,0.035304335521048835,0.7242378575213455
2026-02-20 00:00:00+00:00,9863.377014202993,0.0,4.276363237512753,-0.2781589144345332,-4.050093593832571e-13,9.520264859312434,0.035304335521048835,0.7242378575213455
2026-02-23 00:00:00+00:00,9602.24439210278,0.0,4.163146644082669,-0.2972696363649576,-4.050093593832571e-13,9.520264859312434,0.035304335521048835,0.7242378575213455
2026-02-24 00:00:00+00:00,9621.582125021669,0.0,4.171530706664085,-0.2958544243029585,-4.050093593832571e-13,9.520264859312434,0.035304335521048835,0.7242378575213455
2026-02-25 00:00:00+00:00,9959.831938428963,0.0,4.318182210004941,-0.2710999601726052,-4.050093593832571e-13,9.520264859312434,0.035304335521048835,0.7242378575213455
2026-02-26 00:00:00+00:00,9886.413963918374,0.0,4.286351131590557,-0.2764729790022036,-4.050093593832571e-13,9.520264859312434,0.035304335521048835,0.7242378575213455
2026-02-27 00:00:00+00:00,9829.63826951372,100.0,4.218379501273455,-0.2879464466873969,-3.979039320256561e-13,9.615722033310433,0.035600252817311,0.7340865688379925
2026-03-02 00:00:00+00:00,10008.8309479526,0.0,4.295279861264246,-0.2749658282850149,-3.979039320256561e-13,9.615722033310433,0.035600252817311,0.7340865688379925
2026-03-03 00:00:00+00:00,9905.146516404375,0.0,4.250783790437231,-0.28247667109355323,-3.979039320256561e-13,9.615722033310433,0.035600252817311,0.7340865688379925
2026-03-04 00:00:00+00:00,10208.198770526644,0.0,4.380838364324143,-0.2605237336129932,-3.979039320256561e-13,9.615722033310433,0.035600252817311,0.7340865688379925
2026-03-05 00:00:00+00:00,10072.616967182039,0.0,4.3226535680688825,-0.270345204372042,-3.979039320256561e-13,9.615722033310433,0.035600252817311,0.7340865688379925
2026-03-06 00:00:00+00:00,9824.049721491907,0.0,4.215981181440037,-0.28835127801157,-3.979039320256561e-13,9.615722033310433,0.035600252817311,0.7340865688379925
2026-03-09 00:00:00+00:00,9897.509451176467,0.0,4.247506351479257,-0.28302989586981775,-3.979039320256561e-13,9.615722033310433,0.035600252817311,0.7340865688379925
2026-03-10 00:00:00+00:00,9973.065975111878,0.0,4.279931358688844,-0.2775566231135843,-3.979039320256561e-13,9.615722033310433,0.035600252817311,0.7340865688379925
2026-03-11 00:00:00+00:00,9986.439154755884,0.0,4.285670445451791,-0.27658787738525625,-3.979039320256561e-13,9.615722033310433,0.035600252817311,0.7340865688379925
2026-03-12 00:00:00+00:00,9923.062465691488,0.0,4.258472402280965,-0.28117884964773043,-3.979039320256561e-13,9.615722033310433,0.035600252817311,0.7340865688379925
2026-03-13 00:00:00+00:00,9917.836666655146,0.0,4.256229755814406,-0.2815574036362597,-3.979039320256561e-13,9.615722033310433,0.035600252817311,0.7340865688379925
2026-03-16 00:00:00+00:00,10308.692895691882,0.0,4.423965318335282,-0.2532439948322813,-3.979039320256561e-13,9.615722033310433,0.035600252817311,0.7340865688379925
2026-03-17 00:00:00+00:00,10264.199540454001,0.0,4.404871039122539,-0.2564670688485646,-3.979039320256561e-13,9.615722033310433,0.035600252817311,0.7340865688379925
2026-03-18 00:00:00+00:00,10003.886811896005,0.0,4.293158090185718,-0.27532397876325565,-3.979039320256561e-13,9.615722033310433,0.035600252817311,0.7340865688379925
2026-03-19 00:00:00+00:00,9893.202630953212,0.0,4.24565808385767,-0.2833418795419901,-3.979039320256561e-13,9.615722033310433,0.035600252817311,0.7340865688379925
2026-03-20 00:00:00+00:00,9835.335922702272,0.0,4.220824643480824,-0.2875337118453596,-3.979039320256561e-13,9.615722033310433,0.035600252817311,0.7340865688379925
2026-03-23 00:00:00+00:00,9916.09473370827,0.0,4.255482207020217,-0.281683588294377,-3.979039320256561e-13,9.615722033310433,0.035600252817311,0.7340865688379925
2026-03-24 00:00:00+00:00,9887.015902716363,0.0,4.243003055579039,-0.2837900427097121,-3.979039320256561e-13,9.615722033310433,0.035600252817311,0.7340865688379925
2026-03-25 00:00:00+00:00,9955.705159345469,0.0,4.2724809818442,-0.2788142309945597,-3.979039320256561e-13,9.615722033310433,0.035600252817311,0.7340865688379925
2026-03-26 00:00:00+00:00,9683.139776053624,0.0,4.155509818296801,-0.2985587164335516,-3.979039320256561e-13,9.615722033310433,0.035600252817311,0.7340865688379925
2026-03-27 00:00:00+00:00,9548.319040504268,100.0,4.054736732842827,-0.31556900049028824,-4.050093593832571e-13,9.748127099849114,0.03589042929228676,0.7437787374448069
2026-03-30 00:00:00+00:00,9567.618496868214,0.0,4.062932334006848,-0.3141856003176361,-4.050093593832571e-13,9.748127099849114,0.03589042929228676,0.7437787374448069
2026-03-31 00:00:00+00:00,9841.726716893827,0.0,4.179333625563745,-0.29453730806743816,-4.050093593832571e-13,9.748127099849114,0.03589042929228676,0.7437787374448069
2026-04-01 00:00:00+00:00,9907.881602509591,0.0,4.207426596025391,-0.28979527396778415,-4.050093593832571e-13,9.748127099849114,0.03589042929228676,0.7437787374448069
2026-04-02 00:00:00+00:00,9809.243606855627,0.0,4.1655395264233475,-0.29686572287807855,-4.050093593832571e-13,9.748127099849114,0.03589042929228676,0.7437787374448069
2026-04-06 00:00:00+00:00,9942.596360704965,0.0,4.222168374617983,-0.28730689286650246,-4.050093593832571e-13,9.748127099849114,0.03589042929228676,0.7437787374448069
2026-04-07 00:00:00+00:00,10155.217889569176,0.0,4.312459065536642,-0.2720660148752565,-4.050093593832571e-13,9.748127099849114,0.03589042929228676,0.7437787374448069
2026-04-08 00:00:00+00:00,10236.507024697145,0.0,4.346978863292268,-0.26623914589770115,-4.050093593832571e-13,9.748127099849114,0.03589042929228676,0.7437787374448069
2026-04-09 00:00:00+00:00,10298.299652021113,0.0,4.373219381101372,-0.26180980189460834,-4.050093593832571e-13,9.748127099849114,0.03589042929228676,0.7437787374448069
2026-04-10 00:00:00+00:00,10377.163266390553,0.0,4.4067091705304895,-0.256156796147853,-4.050093593832571e-13,9.748127099849114,0.03589042929228676,0.7437787374448069
2026-04-13 00:00:00+00:00,10581.586299811908,0.0,4.493518333393249,-0.24150359274169664,-4.050093593832571e-13,9.748127099849114,0.03589042929228676,0.7437787374448069
2026-04-14 00:00:00+00:00,10610.71157878262,0.0,4.505886514430757,-0.2394158698962029,-4.050093593832571e-13,9.748127099849114,0.03589042929228676,0.7437787374448069
2026-04-15 00:00:00+00:00,10712.675670282464,0.0,4.549186025630744,-0.23210700382634308,-4.050093593832571e-13,9.748127099849114,0.03589042929228676,0.7437787374448069
2026-04-16 00:00:00+00:00,10730.015890771487,0.0,4.556549628446504,-0.2308640432182324,-4.050093593832571e-13,9.748127099849114,0.03589042929228676,0.7437787374448069
2026-04-17 00:00:00+00:00,10928.730340533617,0.0,4.640934615519015,-0.21662003556717102,-4.050093593832571e-13,9.748127099849114,0.03589042929228676,0.7437787374448069
2026-04-20 00:00:00+00:00,10794.2521335158,0.0,4.583827838561844,-0.22625953894478512,-4.050093593832571e-13,9.748127099849114,0.03589042929228676,0.7437787374448069
2026-04-21 00:00:00+00:00,10780.089710455042,0.0,4.577813701752326,-0.22727471254024578,-4.050093593832571e-13,9.748127099849114,0.03589042929228676,0.7437787374448069
2026-04-22 00:00:00+00:00,10945.93333380806,0.0,4.648239944179362,-0.21538691151345657,-4.050093593832571e-13,9.748127099849114,0.03589042929228676,0.7437787374448069
2026-04-23 00:00:00+00:00,10890.457648298416,0.0,4.624681944194088,-0.21936345217163788,-4.050093593832571e-13,9.748127099849114,0.03589042929228676,0.7437787374448069
2026-04-24 00:00:00+00:00,10899.957769142926,0.0,4.628716213345681,-0.21868247605662872,-4.050093593832571e-13,9.748127099849114,0.03589042929228676,0.7437787374448069
2026-04-27 00:00:00+00:00,10998.900727481934,100.0,4.6282673358382596,-0.21875824563214108,-4.085620730620576e-13,9.83959081634141,0.03614431509171146,0.752206868429862
2026-04-28 00:00:00+00:00,10919.125270074283,0.0,4.594698331728708,-0.22442462264970342,-4.085620730620576e-13,9.83959081634141,0.03614431509171146,0.752206868429862
2026-04-29 00:00:00+00:00,10871.116947218734,0.0,4.574496735403219,-0.2278346094566771,-4.085620730620576e-13,9.83959081634141,0.03614431509171146,0.752206868429862
2026-04-30 00:00:00+00:00,10957.445911259312,0.0,4.61082341334181,-0.22170274291920533,-4.085620730620576e-13,9.83959081634141,0.03614431509171146,0.752206868429862
2026-05-01 00:00:00+00:00,11073.324973716797,0.0,4.659584584386793,-0.21347196019902037,-4.085620730620576e-13,9.83959081634141,0.03614431509171146,0.752206868429862
2026-05-04 00:00:00+00:00,11147.382071969445,0.0,4.690747339404054,-0.20821175294778738,-4.085620730620576e-13,9.83959081634141,0.03614431509171146,0.752206868429862
2026-05-05 00:00:00+00:00,11246.341786433868,0.0,4.732388956631781,-0.2011827358800401,-4.085620730620576e-13,9.83959081634141,0.03614431509171146,0.752206868429862
2026-05-06 00:00:00+00:00,11350.542727450325,0.0,4.776236048592987,-0.19378143933382463,-4.085620730620576e-13,9.83959081634141,0.03614431509171146,0.752206868429862
2026-05-07 00:00:00+00:00,11232.631548834637,0.0,4.726619776018254,-0.2021565613868075,-4.085620730620576e-13,9.83959081634141,0.03614431509171146,0.752206868429862
2026-05-08 00:00:00+00:00,11305.549739675109,0.0,4.757303286054137,-0.19697724967657415,-4.085620730620576e-13,9.83959081634141,0.03614431509171146,0.752206868429862
2026-05-11 00:00:00+00:00,11400.905567730058,0.0,4.7974284108464555,-0.19020421333006787,-4.085620730620576e-13,9.83959081634141,0.03614431509171146,0.752206868429862
2026-05-12 00:00:00+00:00,11298.854566700855,0.0,4.7544859999314335,-0.1974528016257916,-4.085620730620576e-13,9.83959081634141,0.03614431509171146,0.752206868429862
2026-05-13 00:00:00+00:00,11280.343323259765,0.0,4.746696586653971,-0.19876763814080012,-4.085620730620576e-13,9.83959081634141,0.03614431509171146,0.752206868429862
2026-05-14 00:00:00+00:00,11415.400273808691,0.0,4.803527690797104,-0.18917466775215197,-4.085620730620576e-13,9.83959081634141,0.03614431509171146,0.752206868429862
2026-05-15 00:00:00+00:00,11218.308906332923,0.0,4.720592899324299,-0.20317388544786252,-4.085620730620576e-13,9.83959081634141,0.03614431509171146,0.752206868429862
2026-05-18 00:00:00+00:00,11065.637259358431,0.0,4.656349643174606,-0.2140180114455239,-4.085620730620576e-13,9.83959081634141,0.03614431509171146,0.752206868429862
2026-05-19 00:00:00+00:00,11003.423138148823,0.0,4.630170337427909,-0.21843702298172274,-4.085620730620576e-13,9.83959081634141,0.03614431509171146,0.752206868429862
2026-05-20 00:00:00+00:00,11111.221543787979,0.0,4.6755312195775725,-0.2107802018478463,-4.085620730620576e-13,9.83959081634141,0.03614431509171146,0.752206868429862
2026-05-21 00:00:00+00:00,11129.254931498504,0.0,4.683119554208741,-0.2094993069837836,-4.085620730620576e-13,9.83959081634141,0.03614431509171146,0.752206868429862
2026-05-22 00:00:00+00:00,11029.801533159021,0.0,4.641270197952379,-0.21656338996095326,-4.085620730620576e-13,9.83959081634141,0.03614431509171146,0.752206868429862
2026-05-26 00:00:00+00:00,11093.758303084333,0.0,4.668182799173648,-0.21202059969689457,-4.085620730620576e-13,9.83959081634141,0.03614431509171146,0.752206868429862
2026-05-27 00:00:00+00:00,11101.95630796958,100.0,4.629553104635832,-0.21854121057382703,-4.156675004196586e-13,9.92645855924729,0.0364073209172413,0.7618366899445617
2026-05-28 00:00:00+00:00,11099.500733665081,0.0,4.62852912189534,-0.21871405669842958,-4.156675004196586e-13,9.92645855924729,0.0364073209172413,0.7618366899445617
2026-05-29 00:00:00+00:00,11113.013341022677,0.0,4.634163924592157,-0.21776291390028346,-4.156675004196586e-13,9.92645855924729,0.0364073209172413,0.7618366899445617
2026-06-01 00:00:00+00:00,11050.326832822777,0.0,4.6080234399239455,-0.2221753725203991,-4.156675004196586e-13,9.92645855924729,0.0364073209172413,0.7618366899445617
2026-06-02 00:00:00+00:00,10778.726265517897,0.0,4.494765090250516,-0.24129314281653802,-4.156675004196586e-13,9.92645855924729,0.0364073209172413,0.7618366899445617
2026-06-03 00:00:00+00:00,10599.123001108068,0.0,4.419869925174575,-0.25393528855097425,-4.156675004196586e-13,9.92645855924729,0.0364073209172413,0.7618366899445617
2026-06-04 00:00:00+00:00,10584.366040248467,0.0,4.41371622288397,-0.25497402050497,-4.156675004196586e-13,9.92645855924729,0.0364073209172413,0.7618366899445617
2026-06-05 00:00:00+00:00,10159.333615391797,0.0,4.236476272781341,-0.2848917498655992,-4.156675004196586e-13,9.92645855924729,0.0364073209172413,0.7618366899445617
2026-06-08 00:00:00+00:00,10331.484542845456,0.0,4.30826378829218,-0.2727741688163965,-4.156675004196586e-13,9.92645855924729,0.0364073209172413,0.7618366899445617
2026-06-09 00:00:00+00:00,10223.631375721103,0.0,4.2632886550044615,-0.28036587635682997,-4.156675004196586e-13,9.92645855924729,0.0364073209172413,0.7618366899445617
2026-06-10 00:00:00+00:00,10096.281292860327,0.0,4.210183242307016,-0.28932995789570837,-4.156675004196586e-13,9.92645855924729,0.0364073209172413,0.7618366899445617
2026-06-11 00:00:00+00:00,10323.777052400103,0.0,4.305049738864277,-0.27331669357382293,-4.156675004196586e-13,9.92645855924729,0.0364073209172413,0.7618366899445617
2026-06-12 00:00:00+00:00,10353.658520960618,0.0,4.3175104117139895,-0.27121335830571214,-4.156675004196586e-13,9.92645855924729,0.0364073209172413,0.7618366899445617
2026-06-15 00:00:00+00:00,10670.484199288934,0.0,4.449627784728715,-0.24891222468768115,-4.156675004196586e-13,9.92645855924729,0.0364073209172413,0.7618366899445617
2026-06-16 00:00:00+00:00,10603.791523257549,0.0,4.421816714606242,-0.2536066746052751,-4.156675004196586e-13,9.92645855924729,0.0364073209172413,0.7618366899445617
2026-06-17 00:00:00+00:00,10446.27386425233,0.0,4.356131321234708,-0.2646942303211176,-4.156675004196586e-13,9.92645855924729,0.0364073209172413,0.7618366899445617
2026-06-18 00:00:00+00:00,10426.21425211558,0.0,4.347766395534286,-0.26610621211800967,-4.156675004196586e-13,9.92645855924729,0.0364073209172413,0.7618366899445617
2026-06-22 00:00:00+00:00,10457.938815889855,0.0,4.360995645284529,-0.26387314269182927,-4.156675004196586e-13,9.92645855924729,0.0364073209172413,0.7618366899445617
2026-06-23 00:00:00+00:00,10267.739405463728,0.0,4.281681851696089,-0.2772611435898761,-4.156675004196586e-13,9.92645855924729,0.0364073209172413,0.7618366899445617
2026-06-24 00:00:00+00:00,10166.723390135227,0.0,4.2395578336933974,-0.2843715888899173,-4.156675004196586e-13,9.92645855924729,0.0364073209172413,0.7618366899445617
2026-06-25 00:00:00+00:00,10078.784695957194,0.0,4.20288710257574,-0.29056153087759673,-4.156675004196586e-13,9.92645855924729,0.0364073209172413,0.7618366899445617
2026-06-26 00:00:00+00:00,10063.46076643611,0.0,4.196496972447177,-0.2916401713514565,-4.156675004196586e-13,9.955515509823549,0.0364073209172413,0.7618366899445617
2026-06-29 00:00:00+00:00,10303.630002734773,100.0,4.254948015225564,-0.28177375874144517,-4.192202140984591e-13,10.044096202859846,0.03674251791626053,0.7745405977809816
2026-06-30 00:00:00+00:00,10269.99073571443,0.0,4.2410564709441925,-0.28411862208614036,-4.192202140984591e-13,10.044096202859846,0.03674251791626053,0.7745405977809816
2026-07-01 00:00:00+00:00,10336.944133994244,0.0,4.268705292674756,-0.2794515593545366,-4.192202140984591e-13,10.044096202859846,0.03674251791626053,0.7745405977809816
2026-07-02 00:00:00+00:00,10457.62875085994,0.0,4.318542754895804,-0.27103910095626615,-4.192202140984591e-13,10.044096202859846,0.03674251791626053,0.7745405977809816
2026-07-06 00:00:00+00:00,10683.551065005326,0.0,4.4118387779394235,-0.2552909292476542,-4.192202140984591e-13,10.044096202859846,0.03674251791626053,0.7745405977809816
2026-07-07 00:00:00+00:00,10601.310098820817,0.0,4.377876860077065,-0.2610236292771092,-4.192202140984591e-13,10.044096202859846,0.03674251791626053,0.7745405977809816
2026-07-08 00:00:00+00:00,10521.95131883066,0.0,4.34510515890765,-0.26655542324176706,-4.192202140984591e-13,10.044096202859846,0.03674251791626053,0.7745405977809816
2026-07-09 00:00:00+00:00,10612.283483821879,0.0,4.382408387579332,-0.2602587170023959,-4.192202140984591e-13,10.044096202859846,0.03674251791626053,0.7745405977809816
2026-07-10 00:00:00+00:00,10718.393011077182,0.0,4.426226976006094,-0.25286223179261347,-4.192202140984591e-13,10.044096202859846,0.03674251791626053,0.7745405977809816
2026-07-13 00:00:00+00:00,10581.829224459929,0.0,4.369832111995591,-0.26238156576793203,-4.192202140984591e-13,10.044096202859846,0.03674251791626053,0.7745405977809816
2026-07-14 00:00:00+00:00,10796.684607015237,0.0,4.458557976891904,-0.24740482710535283,-4.192202140984591e-13,10.044096202859846,0.03674251791626053,0.7745405977809816
2026-07-15 00:00:00+00:00,10833.363154494777,0.0,4.473704610918747,-0.2448481072615637,-4.192202140984591e-13,10.044096202859846,0.03674251791626053,0.7745405977809816
2026-07-16 00:00:00+00:00,10721.408418628362,0.0,4.427472207285905,-0.25265203938170844,-4.192202140984591e-13,10.044096202859846,0.03674251791626053,0.7745405977809816
2026-07-17 00:00:00+00:00,10637.48529656994,0.0,4.392815632705952,-0.2585019959984255,-4.192202140984591e-13,10.044096202859846,0.03674251791626053,0.7745405977809816
2026-07-20 00:00:00+00:00,10725.156310298014,0.0,4.42901992243259,-0.2523907883327262,-4.192202140984591e-13,10.044096202859846,0.03674251791626053,0.7745405977809816
2026-07-21 00:00:00+00:00,10849.4064186698,0.0,4.48032977651972,-0.24372979329620503,-4.192202140984591e-13,10.044096202859846,0.03674251791626053,0.7745405977809816
2026-07-22 00:00:00+00:00,10827.963398858092,0.0,4.471474748285588,-0.24522450336600643,-4.192202140984591e-13,10.044096202859846,0.03674251791626053,0.7745405977809816
2026-07-23 00:00:00+00:00,10662.805763837667,0.0,4.403271876953545,-0.25673700404628963,-4.192202140984591e-13,10.044096202859846,0.03674251791626053,0.7745405977809816
2026-07-24 00:00:00+00:00,10619.773077267437,0.0,4.38550126171763,-0.25973664637801064,-4.192202140984591e-13,10.044096202859846,0.03674251791626053,0.7745405977809816
2026-07-27 00:00:00+00:00,10729.74860927808,100.0,4.389620719628895,-0.25904129058023273,-4.334310688136611e-13,10.131683307962161,0.037047870132813104,0.7847569126304428
2026-07-28 00:00:00+00:00,10775.668965094279,0.0,4.408407081983109,-0.255870192279547,-4.334310688136611e-13,10.131683307962161,0.037047870132813104,0.7847569126304428
2026-07-29 00:00:00+00:00,10664.542800901454,0.0,4.362944533828728,-0.2635441744203667,-4.334310688136611e-13,10.131683307962161,0.037047870132813104,0.7847569126304428
2026-07-30 00:00:00+00:00,10813.049163764661,0.0,4.423699601925791,-0.2532888472011814,-4.334310688136611e-13,10.131683307962161,0.037047870132813104,0.7847569126304428
2026-07-31 00:00:00+00:00,10748.470580045616,0.0,4.397280018442513,-0.25774841711200336,-4.334310688136611e-13,10.131683307962161,0.037047870132813104,0.7847569126304428
2026-08-03 00:00:00+00:00,10869.025202450075,0.0,4.446599819644198,-0.24942333880083445,-4.334310688136611e-13,10.131683307962161,0.037047870132813104,0.7847569126304428
2026-08-04 00:00:00+00:00,11025.471578611176,0.0,4.510603206798469,-0.23861970218315154,-4.334310688136611e-13,10.131683307962161,0.037047870132813104,0.7847569126304428
2026-08-05 00:00:00+00:00,11062.910622382768,0.0,4.525919800713891,-0.23603429346901617,-4.334310688136611e-13,10.131683307962161,0.037047870132813104,0.7847569126304428
2026-08-06 00:00:00+00:00,11034.329475837814,0.0,4.514227039062794,-0.23800800694813473,-4.334310688136611e-13,10.131683307962161,0.037047870132813104,0.7847569126304428
2026-08-07 00:00:00+00:00,11108.12054254868,0.0,4.544415518509315,-0.23291225535619975,-4.334310688136611e-13,10.131683307962161,0.037047870132813104,0.7847569126304428
2026-08-10 00:00:00+00:00,11040.008624140906,0.0,4.51655042127508,-0.2376158249361886,-4.334310688136611e-13,10.131683307962161,0.037047870132813104,0.7847569126304428
2026-08-11 00:00:00+00:00,11011.107145622413,0.0,4.504726609408418,-0.23961165941500095,-4.334310688136611e-13,10.131683307962161,0.037047870132813104,0.7847569126304428
2026-08-12 00:00:00+00:00,11022.209852299595,0.0,4.509268810073956,-0.23884494553286229,-4.334310688136611e-13,10.131683307962161,0.037047870132813104,0.7847569126304428
2026-08-13 00:00:00+00:00,11076.017367686076,0.0,4.531281868628563,-0.23512918772625568,-4.334310688136611e-13,10.131683307962161,0.037047870132813104,0.7847569126304428
2026-08-14 00:00:00+00:00,11042.769609938108,0.0,4.517679961295387,-0.23742516096562238,-4.334310688136611e-13,10.131683307962161,0.037047870132813104,0.7847569126304428
2026-08-17 00:00:00+00:00,11088.718391353608,0.0,4.536477952775706,-0.2342520996930032,-4.334310688136611e-13,10.131683307962161,0.037047870132813104,0.7847569126304428
2026-08-18 00:00:00+00:00,11049.874404776587,0.0,4.520586586209667,-0.2369345288170127,-4.334310688136611e-13,10.131683307962161,0.037047870132813104,0.7847569126304428
2026-08-19 00:00:00+00:00,11498.79491561126,0.0,4.704243337880651,-0.20593365689979992,-4.334310688136611e-13,10.131683307962161,0.037047870132813104,0.7847569126304428
2026-08-20 00:00:00+00:00,11633.825668790518,0.0,4.759485432875331,-0.19660890790044616,-4.334310688136611e-13,10.131683307962161,0.037047870132813104,0.7847569126304428
2026-08-21 00:00:00+00:00,12006.707841798454,0.0,4.912034329612812,-0.17085897621624158,-4.334310688136611e-13,10.131683307962161,0.037047870132813104,0.7847569126304428
2026-08-24 00:00:00+00:00,11985.24237125253,0.0,4.903252644440478,-0.17234130613206478,-4.334310688136611e-13,10.131683307962161,0.037047870132813104,0.7847569126304428
2026-08-25 00:00:00+00:00,11959.494166601971,0.0,4.8927188605893255,-0.1741193866055678,-4.334310688136611e-13,10.131683307962161,0.037047870132813104,0.7847569126304428
2026-08-26 00:00:00+00:00,12029.605946318587,0.0,4.921402116100827,-0.16927771363580002,-4.334310688136611e-13,10.131683307962161,0.037047870132813104,0.7847569126304428
2026-08-27 00:00:00+00:00,12224.8374442283,100.0,4.960362036934788,-0.16270136125730383,-4.298783551348606e-13,10.216579774492695,0.037300579412776896,0.7927233217140236
2026-08-28 00:00:00+00:00,12065.734465886937,0.0,4.895804256323941,-0.17359857831993464,-4.298783551348606e-13,10.216579774492695,0.037300579412776896,0.7927233217140236
2026-08-31 00:00:00+00:00,12088.856270073216,0.0,4.905186182278728,-0.1720149290273556,-4.298783551348606e-13,10.216579774492695,0.037300579412776896,0.7927233217140236
2026-09-01 00:00:00+00:00,11960.242897825661,0.0,4.852999894154288,-0.18082386427891006,-4.298783551348606e-13,10.216579774492695,0.037300579412776896,0.7927233217140236
2026-09-02 00:00:00+00:00,11967.402331640073,0.0,4.855904913043984,-0.18033350322385944,-4.298783551348606e-13,10.216579774492695,0.037300579412776896,0.7927233217140236
2026-09-03 00:00:00+00:00,12280.32112384934,0.0,4.982875149220922,-0.15890119543660708,-4.298783551348606e-13,10.216579774492695,0.037300579412776896,0.7927233217140236
2026-09-04 00:00:00+00:00,12151.643093237913,0.0,4.930662625255311,-0.1677145592427579,-4.298783551348606e-13,10.216579774492695,0.037300579412776896,0.7927233217140236
2026-09-08 00:00:00+00:00,12089.599137978665,0.0,4.9054876090889765,-0.17196404881820504,-4.298783551348606e-13,10.216579774492695,0.037300579412776896,0.7927233217140236
2026-09-09 00:00:00+00:00,12037.913689316783,0.0,4.884515670723826,-0.17550406773500704,-4.298783551348606e-13,10.216579774492695,0.037300579412776896,0.7927233217140236
2026-09-10 00:00:00+00:00,11906.311414430667,0.0,4.831116602531917,-0.1845177177013394,-4.298783551348606e-13,10.216579774492695,0.037300579412776896,0.7927233217140236
2026-09-11 00:00:00+00:00,12053.156390385691,0.0,4.890700564066376,-0.17446007079729853,-4.298783551348606e-13,10.216579774492695,0.037300579412776896,0.7927233217140236
2026-09-14 00:00:00+00:00,12055.250769732085,0.0,4.891550381485069,-0.1743166234112905,-4.298783551348606e-13,10.216579774492695,0.037300579412776896,0.7927233217140236
2026-09-15 00:00:00+00:00,11835.522405913904,0.0,4.802393184974772,-0.18936616993961553,-4.298783551348606e-13,10.216579774492695,0.037300579412776896,0.7927233217140236
2026-09-16 00:00:00+00:00,11842.08119057334,0.0,4.8050544838739615,-0.18891694830438266,-4.298783551348606e-13,10.216579774492695,0.037300579412776896,0.7927233217140236
2026-09-17 00:00:00+00:00,11952.543600068875,0.0,4.849875819541594,-0.18135120147749806,-4.298783551348606e-13,10.216579774492695,0.037300579412776896,0.7927233217140236
2026-09-18 00:00:00+00:00,12257.510867873276,0.0,4.973619637373616,-0.16046350629474848,-4.298783551348606e-13,10.216579774492695,0.037300579412776896,0.7927233217140236
2026-09-21 00:00:00+00:00,12713.900478906893,0.0,5.158804733776794,-0.12920465301362172,-4.298783551348606e-13,10.216579774492695,0.037300579412776896,0.7927233217140236
2026-09-22 00:00:00+00:00,12680.669690375431,0.0,5.145320976414712,-0.1314806827873245,-4.298783551348606e-13,10.216579774492695,0.037300579412776896,0.7927233217140236
2026-09-23 00:00:00+00:00,12505.563458517667,0.0,5.074269699953932,-0.1434739882393401,-4.298783551348606e-13,10.216579774492695,0.037300579412776896,0.7927233217140236
2026-09-24 00:00:00+00:00,12502.45052007353,0.0,5.0730065909962825,-0.14368719836451826,-4.298783551348606e-13,10.216579774492695,0.037300579412776896,0.7927233217140236
2026-09-25 00:00:00+00:00,12532.523113479088,0.0,5.085208876005114,-0.1416274784183994,-4.298783551348606e-13,10.216579774492695,0.037300579412776896,0.7927233217140236
