date,equity,deposit,twr,drawdown,cash,BTC_units,ETH_units
2021-09-27 00:00:00+00:00,96.69692940998209,100.0,1.0,0.0,-2.842170943040401e-14,0.0013880643102348689,0.013055040899102241
2021-09-28 00:00:00+00:00,93.5656907147241,0.0,0.967618013163769,-0.03238198683623095,-2.842170943040401e-14,0.0013880643102348689,0.013055040899102241
2021-09-29 00:00:00+00:00,94.85111240704552,0.0,0.9809113173065656,-0.019088682693434444,-2.842170943040401e-14,0.0013880643102348689,0.013055040899102241
2021-09-30 00:00:00+00:00,100.00375541041906,0.0,1.0341978387588346,0.0,-2.842170943040401e-14,0.0013880643102348689,0.013055040899102241
2021-10-01 00:00:00+00:00,110.03466110059354,0.0,1.137933352920249,0.0,-2.842170943040401e-14,0.0013880643102348689,0.013055040899102241
2021-10-04 00:00:00+00:00,112.5357979344917,0.0,1.1637990846364412,0.0,-2.842170943040401e-14,0.0013880643102348689,0.013055040899102241
2021-10-05 00:00:00+00:00,117.33842591715319,0.0,1.2134658942442105,0.0,-2.842170943040401e-14,0.0013880643102348689,0.013055040899102241
2021-10-06 00:00:00+00:00,123.45111248043335,0.0,1.2766807925928767,0.0,-2.842170943040401e-14,0.0013880643102348689,0.013055040899102241
2021-10-07 00:00:00+00:00,121.49191187443296,0.0,1.2564195431617429,-0.015870254764297154,-2.842170943040401e-14,0.0013880643102348689,0.013055040899102241
2021-10-08 00:00:00+00:00,121.40486234795296,0.0,1.2555193126475874,-0.016575388357109477,-2.842170943040401e-14,0.0013880643102348689,0.013055040899102241
2021-10-11 00:00:00+00:00,126.01645126554473,0.0,1.3032104745668998,0.0,-2.842170943040401e-14,0.0013880643102348689,0.013055040899102241
2021-10-12 00:00:00+00:00,123.3084931132997,0.0,1.2752058815692913,-0.02148892565256222,-2.842170943040401e-14,0.0013880643102348689,0.013055040899102241
2021-10-13 00:00:00+00:00,126.7241009254831,0.0,1.3105286972266705,0.0,-2.842170943040401e-14,0.0013880643102348689,0.013055040899102241
2021-10-14 00:00:00+00:00,129.09193892062538,0.0,1.3350159070025152,0.0,-2.842170943040401e-14,0.0013880643102348689,0.013055040899102241
2021-10-15 00:00:00+00:00,136.1151078160327,0.0,1.4076466403490728,0.0,-2.842170943040401e-14,0.0013880643102348689,0.013055040899102241
2021-10-18 00:00:00+00:00,134.96425175287646,0.0,1.395744958773676,-0.008455020766039212,-2.842170943040401e-14,0.0013880643102348689,0.013055040899102241
2021-10-19 00:00:00+00:00,139.84037803688673,0.0,1.446171857681046,0.0,-2.842170943040401e-14,0.0013880643102348689,0.013055040899102241
2021-10-20 00:00:00+00:00,145.93818508347803,0.0,1.5092328781684434,0.0,-2.842170943040401e-14,0.0013880643102348689,0.013055040899102241
2021-10-21 00:00:00+00:00,139.2400420697361,0.0,1.4399634292354508,-0.04589712425100079,-2.842170943040401e-14,0.0013880643102348689,0.013055040899102241
2021-10-22 00:00:00+00:00,136.09638569309587,0.0,1.4074530238293852,-0.06743813748781768,-2.842170943040401e-14,0.0013880643102348689,0.013055040899102241
2021-10-25 00:00:00+00:00,142.65450621050113,0.0,1.4752744175119052,-0.022500477658391027,-2.842170943040401e-14,0.0013880643102348689,0.013055040899102241
2021-10-26 00:00:00+00:00,137.67743061539935,0.0,1.423803542216583,-0.056604475815246524,-2.842170943040401e-14,0.0013880643102348689,0.013055040899102241
2021-10-27 00:00:00+00:00,228.2061163055838,100.0,1.3258550926886932,-0.12150396942206276,-3.552713678800501e-14,0.0023811239261566173,0.02272220211944667
2021-10-28 00:00:00+00:00,241.6265137552222,0.0,1.4038262820352692,-0.06984117405465773,-3.552713678800501e-14,0.0023811239261566173,0.02272220211944667
2021-10-29 00:00:00+00:00,248.64071009661714,0.0,1.4445780729640616,-0.042839515451614574,-3.552713678800501e-14,0.0023811239261566173,0.02272220211944667
2021-11-01 00:00:00+00:00,243.18386289055908,0.0,1.4128743273532822,-0.06384604537114169,-3.552713678800501e-14,0.0023811239261566173,0.02272220211944667
2021-11-02 00:00:00+00:00,254.82703908640914,0.0,1.4805200359970774,-0.019024792387382305,-3.552713678800501e-14,0.0023811239261566173,0.02272220211944667
2021-11-03 00:00:00+00:00,254.36256252558596,0.0,1.4778214728578787,-0.020812828666100014,-3.552713678800501e-14,0.0023811239261566173,0.02272220211944667
2021-11-04 00:00:00+00:00,249.1734183676353,0.0,1.4476730556292108,-0.04078881624546882,-3.552713678800501e-14,0.0023811239261566173,0.02272220211944667
2021-11-05 00:00:00+00:00,246.76342003398997,0.0,1.4336712023232452,-0.050066279987815654,-3.552713678800501e-14,0.0023811239261566173,0.02272220211944667
2021-11-08 00:00:00+00:00,270.0352627928415,0.0,1.5688783200709424,0.0,-3.552713678800501e-14,0.0023811239261566173,0.02272220211944667
2021-11-09 00:00:00+00:00,266.93963378211936,0.0,1.5508930199598587,-0.011463795426958523,-3.552713678800501e-14,0.0023811239261566173,0.02272220211944667
2021-11-10 00:00:00+00:00,259.66918118663415,0.0,1.5086524053964536,-0.03838788126778725,-3.552713678800501e-14,0.0023811239261566173,0.02272220211944667
2021-11-11 00:00:00+00:00,261.4616120867583,0.0,1.5190662526486451,-0.03175011521610216,-3.552713678800501e-14,0.0023811239261566173,0.02272220211944667
2021-11-12 00:00:00+00:00,258.69250115171127,0.0,1.5029779904456473,-0.042004742357785396,-3.552713678800501e-14,0.0023811239261566173,0.02272220211944667
2021-11-15 00:00:00+00:00,255.15466206751145,0.0,1.482423493297033,-0.05510613899617145,-3.552713678800501e-14,0.0023811239261566173,0.02272220211944667
2021-11-16 00:00:00+00:00,238.66262992929168,0.0,1.3866064084912773,-0.11617976311344724,-3.552713678800501e-14,0.0023811239261566173,0.02272220211944667
2021-11-17 00:00:00+00:00,241.11687202557408,0.0,1.4008653137069889,-0.10709116456931866,-3.552713678800501e-14,0.0023811239261566173,0.02272220211944667
2021-11-18 00:00:00+00:00,226.28436723102672,0.0,1.3146899195609079,-0.16201919375018226,-3.552713678800501e-14,0.0023811239261566173,0.02272220211944667
2021-11-19 00:00:00+00:00,235.815982405501,0.0,1.370067666333054,-0.1267215253053522,-3.552713678800501e-14,0.0023811239261566173,0.02272220211944667
2021-11-22 00:00:00+00:00,226.77374227083345,0.0,1.3175331404143475,-0.16020693028967947,-3.552713678800501e-14,0.0023811239261566173,0.02272220211944667
2021-11-23 00:00:00+00:00,235.6145275036496,0.0,1.3688972331654825,-0.12746755713752045,-3.552713678800501e-14,0.0023811239261566173,0.02272220211944667
2021-11-24 00:00:00+00:00,233.0626102593562,0.0,1.354070844945739,-0.13691786824837382,-3.552713678800501e-14,0.0023811239261566173,0.02272220211944667
2021-11-26 00:00:00+00:00,219.75448925747915,0.0,1.276751970718772,-0.18620076880083403,-3.552713678800501e-14,0.0023811239261566173,0.02272220211944667
2021-11-29 00:00:00+00:00,340.3292455661284,100.0,1.3962892814371348,-0.11000791866765258,-4.973799150320701e-14,0.0034271338772471588,0.0320219015038322
2021-11-30 00:00:00+00:00,343.446923161331,0.0,1.4090803649713068,-0.10185490681801868,-4.973799150320701e-14,0.0034271338772471588,0.0320219015038322
2021-12-01 00:00:00+00:00,342.7322370328606,0.0,1.4061481791724786,-0.103723876362257,-4.973799150320701e-14,0.0034271338772471588,0.0320219015038322
2021-12-02 00:00:00+00:00,338.02320889554056,0.0,1.3868281659799941,-0.11603841532000791,-4.973799150320701e-14,0.0034271338772471588,0.0320219015038322
2021-12-03 00:00:00+00:00,318.6936651377693,0.0,1.3075236832895643,-0.16658693885804987,-4.973799150320701e-14,0.0034271338772471588,0.0320219015038322
2021-12-06 00:00:00+00:00,312.0893116244368,0.0,1.2804276045903975,-0.18385792689614167,-4.973799150320701e-14,0.0034271338772471588,0.0320219015038322
2021-12-07 00:00:00+00:00,311.27422099546556,0.0,1.2770834832036528,-0.18598946338559574,-4.973799150320701e-14,0.0034271338772471588,0.0320219015038322
2021-12-08 00:00:00+00:00,315.0498200753461,0.0,1.2925738608156958,-0.17611592672320986,-4.973799150320701e-14,0.0034271338772471588,0.0320219015038322
2021-12-09 00:00:00+00:00,294.41550189289734,0.0,1.2079162015540317,-0.23007655463081966,-4.973799150320701e-14,0.0034271338772471588,0.0320219015038322
2021-12-10 00:00:00+00:00,286.3763923735724,0.0,1.1749336630259064,-0.2510995607532026,-4.973799150320701e-14,0.0034271338772471588,0.0320219015038322
2021-12-13 00:00:00+00:00,281.16116663999276,0.0,1.1535368424853765,-0.2647378526887827,-4.973799150320701e-14,0.0034271338772471588,0.0320219015038322
2021-12-14 00:00:00+00:00,289.25109030951836,0.0,1.1867278592862183,-0.24358196291949774,-4.973799150320701e-14,0.0034271338772471588,0.0320219015038322
2021-12-15 00:00:00+00:00,296.16541226502676,0.0,1.2150956641712263,-0.22550037907574538,-4.973799150320701e-14,0.0034271338772471588,0.0320219015038322
2021-12-16 00:00:00+00:00,289.98875171324323,0.0,1.189754307129799,-0.24165291093065777,-4.973799150320701e-14,0.0034271338772471588,0.0320219015038322
2021-12-17 00:00:00+00:00,282.19611584404544,0.0,1.1577829908821942,-0.2620313659316543,-4.973799150320701e-14,0.0034271338772471588,0.0320219015038322
2021-12-20 00:00:00+00:00,287.0988625778055,0.0,1.1778977850209187,-0.24921023513942375,-4.973799150320701e-14,0.0034271338772471588,0.0320219015038322
2021-12-21 00:00:00+00:00,296.0928799241563,0.0,1.214798081370352,-0.22569005777616924,-4.973799150320701e-14,0.0034271338772471588,0.0320219015038322
2021-12-22 00:00:00+00:00,293.94960642262055,0.0,1.2060047441641872,-0.23129491386581624,-4.973799150320701e-14,0.0034271338772471588,0.0320219015038322
2021-12-23 00:00:00+00:00,305.8865740918023,0.0,1.2549792599499645,-0.2000786524392687,-4.973799150320701e-14,0.0034271338772471588,0.0320219015038322
2021-12-27 00:00:00+00:00,402.54432796877063,100.0,1.2412668255990733,-0.20881893151347453,-6.394884621840902e-14,0.004607036162515878,0.04185071457339355
2021-12-28 00:00:00+00:00,377.7650271794909,0.0,1.1648585348985767,-0.2575214278912953,-6.394884621840902e-14,0.004607036162515878,0.04185071457339355
2021-12-29 00:00:00+00:00,365.9904144361925,0.0,1.1285508908279682,-0.28066384984086157,-6.394884621840902e-14,0.004607036162515878,0.04185071457339355
2021-12-30 00:00:00+00:00,372.323152144861,0.0,1.1480782240601988,-0.26821716549165886,-6.394884621840902e-14,0.004607036162515878,0.04185071457339355
2021-12-31 00:00:00+00:00,366.7759202666114,0.0,1.130973039796092,-0.2791199767838267,-6.394884621840902e-14,0.004607036162515878,0.04185071457339355
2022-01-03 00:00:00+00:00,371.58404981262566,0.0,1.1457991627445023,-0.2696698347564067,-6.394884621840902e-14,0.004607036162515878,0.04185071457339355
2022-01-04 00:00:00+00:00,369.55928570968695,0.0,1.1395556950416443,-0.2736494089674748,-6.394884621840902e-14,0.004607036162515878,0.04185071457339355
2022-01-05 00:00:00+00:00,348.3588227521729,0.0,1.074182940966854,-0.3153178756920544,-6.394884621840902e-14,0.004607036162515878,0.04185071457339355
2022-01-06 00:00:00+00:00,341.0591930505022,0.0,1.051674144895718,-0.32966493867531876,-6.394884621840902e-14,0.004607036162515878,0.04185071457339355
2022-01-07 00:00:00+00:00,325.3887566002765,0.0,1.0033535214094205,-0.36046441041772426,-6.394884621840902e-14,0.004607036162515878,0.04185071457339355
2022-01-10 00:00:00+00:00,321.6900846375674,0.0,0.9919484698732318,-0.3677339681586158,-6.394884621840902e-14,0.004607036162515878,0.04185071457339355
2022-01-11 00:00:00+00:00,332.43998124634254,0.0,1.0250963472919088,-0.3466055753478986,-6.394884621840902e-14,0.004607036162515878,0.04185071457339355
2022-01-12 00:00:00+00:00,343.35078226333803,0.0,1.0587403820034347,-0.3251609328405023,-6.394884621840902e-14,0.004607036162515878,0.04185071457339355
2022-01-13 00:00:00+00:00,331.69781000433846,0.0,1.0228078228298656,-0.348064276403784,-6.394884621840902e-14,0.004607036162515878,0.04185071457339355
2022-01-14 00:00:00+00:00,336.79668327082044,0.0,1.0385304694898108,-0.3380426919005102,-6.394884621840902e-14,0.004607036162515878,0.04185071457339355
2022-01-18 00:00:00+00:00,327.35972884394954,0.0,1.0094311190558534,-0.35659056145908863,-6.394884621840902e-14,0.004607036162515878,0.04185071457339355
2022-01-19 00:00:00+00:00,320.9976133594102,0.0,0.9898131978906556,-0.36909498638116334,-6.394884621840902e-14,0.004607036162515878,0.04185071457339355
2022-01-20 00:00:00+00:00,313.032506271803,0.0,0.9652523669380012,-0.3847500124201131,-6.394884621840902e-14,0.004607036162515878,0.04185071457339355
2022-01-21 00:00:00+00:00,275.3837737557621,0.0,0.8491604996551508,-0.4587467435863649,-6.394884621840902e-14,0.004607036162515878,0.04185071457339355
2022-01-24 00:00:00+00:00,270.98158773222207,0.0,0.8355861251292227,-0.46739902359576313,-6.394884621840902e-14,0.004607036162515878,0.04185071457339355
2022-01-25 00:00:00+00:00,273.172109260331,0.0,0.8423407146605728,-0.46309366132200525,-6.394884621840902e-14,0.004607036162515878,0.04185071457339355
2022-01-26 00:00:00+00:00,272.6598519854647,0.0,0.8407611421333139,-0.4641004777889366,-6.394884621840902e-14,0.004607036162515878,0.04185071457339355
2022-01-27 00:00:00+00:00,372.4506634007783,100.0,0.8401160980166188,-0.4645116276585236,-7.105427357601002e-14,0.006234707916432122,0.058066739715528115
2022-01-28 00:00:00+00:00,382.93100712120895,0.0,0.8637560222736654,-0.4494435857622102,-7.105427357601002e-14,0.006234707916432122,0.058066739715528115
2022-01-31 00:00:00+00:00,395.85173156184385,0.0,0.8929005766194679,-0.43086690331784805,-7.105427357601002e-14,0.006234707916432122,0.058066739715528115
2022-02-01 00:00:00+00:00,403.09482553340655,0.0,0.9092384179576886,-0.42045319491917377,-7.105427357601002e-14,0.006234707916432122,0.058066739715528115
2022-02-02 00:00:00+00:00,385.6957949327542,0.0,0.8699923992661798,-0.44546853115617024,-7.105427357601002e-14,0.006234707916432122,0.058066739715528115
2022-02-03 00:00:00+00:00,389.1435644754453,0.0,0.8777693398913313,-0.44051152427701346,-7.105427357601002e-14,0.006234707916432122,0.058066739715528115
2022-02-04 00:00:00+00:00,433.1126103753376,0.0,0.9769478537316533,-0.37729533180911246,-7.105427357601002e-14,0.006234707916432122,0.058066739715528115
2022-02-07 00:00:00+00:00,455.6457400659287,0.0,1.0277745721456075,-0.3448984800177919,-7.105427357601002e-14,0.006234707916432122,0.058066739715528115
2022-02-08 00:00:00+00:00,455.57120542033005,0.0,1.0276064485207073,-0.3450056416904018,-7.105427357601002e-14,0.006234707916432122,0.058066739715528115
2022-02-09 00:00:00+00:00,465.0159682904162,0.0,1.048910471063341,-0.3314264990187953,-7.105427357601002e-14,0.006234707916432122,0.058066739715528115
2022-02-10 00:00:00+00:00,449.5908412052613,0.0,1.0141168759603938,-0.3536038690913028,-7.105427357601002e-14,0.006234707916432122,0.058066739715528115
2022-02-11 00:00:00+00:00,434.18053306655446,0.0,0.9793567071248425,-0.37575993332576785,-7.105427357601002e-14,0.006234707916432122,0.058066739715528115
2022-02-14 00:00:00+00:00,435.3201925324502,0.0,0.9819273731422252,-0.37412139578943004,-7.105427357601002e-14,0.006234707916432122,0.058066739715528115
2022-02-15 00:00:00+00:00,462.5808184975386,0.0,1.0434176400843371,-0.3349276188371605,-7.105427357601002e-14,0.006234707916432122,0.058066739715528115
2022-02-16 00:00:00+00:00,454.84061326785303,0.0,1.0259584927276468,-0.3460560455183965,-7.105427357601002e-14,0.006234707916432122,0.058066739715528115
2022-02-17 00:00:00+00:00,420.5250181109331,0.0,0.9485547269748448,-0.39539305576486483,-7.105427357601002e-14,0.006234707916432122,0.058066739715528115
2022-02-18 00:00:00+00:00,410.6242992274569,0.0,0.9262222299939088,-0.40962774604978525,-7.105427357601002e-14,0.006234707916432122,0.058066739715528115
2022-02-22 00:00:00+00:00,391.435706343462,0.0,0.8829395959050429,-0.4372160131162258,-7.105427357601002e-14,0.006234707916432122,0.058066739715528115
2022-02-23 00:00:00+00:00,382.0382813457207,0.0,0.8617423507493513,-0.45072709608837946,-7.105427357601002e-14,0.006234707916432122,0.058066739715528115
2022-02-24 00:00:00+00:00,389.7118292512104,0.0,0.8790511429137693,-0.4396945055152398,-7.105427357601002e-14,0.006234707916432122,0.058066739715528115
2022-02-25 00:00:00+00:00,405.2772579099395,0.0,0.914161208417012,-0.41731541782305026,-7.105427357601002e-14,0.006234707916432122,0.058066739715528115
2022-02-28 00:00:00+00:00,551.8709160768458,100.0,1.019259913126205,-0.3503257071714041,-8.526512829121202e-14,0.007823874147746417,0.07332974130338095
2022-03-01 00:00:00+00:00,565.7993872253649,0.0,1.0449846467174266,-0.3339288118468142,-8.526512829121202e-14,0.007823874147746417,0.07332974130338095
2022-03-02 00:00:00+00:00,559.5378980330051,0.0,1.0334201943349486,-0.34129997137813795,-8.526512829121202e-14,0.007823874147746417,0.07332974130338095
2022-03-03 00:00:00+00:00,539.9705066247948,0.0,0.9972808416605602,-0.36433512471798035,-8.526512829121202e-14,0.007823874147746417,0.07332974130338095
2022-03-04 00:00:00+00:00,498.57210356450935,0.0,0.9208214170422957,-0.41307021375586506,-8.526512829121202e-14,0.007823874147746417,0.07332974130338095
2022-03-07 00:00:00+00:00,479.8865162802691,0.0,0.8863106836131132,-0.4350672883458321,-8.526512829121202e-14,0.007823874147746417,0.07332974130338095
2022-03-08 00:00:00+00:00,491.9187884882019,0.0,0.9085332946768582,-0.4209026391315194,-8.526512829121202e-14,0.007823874147746417,0.07332974130338095
2022-03-09 00:00:00+00:00,528.115398520771,0.0,0.9753854380359082,-0.37829121254489473,-8.526512829121202e-14,0.007823874147746417,0.07332974130338095
2022-03-10 00:00:00+00:00,499.5814033079822,0.0,0.9226855101461028,-0.4118820444249748,-8.526512829121202e-14,0.007823874147746417,0.07332974130338095
2022-03-11 00:00:00+00:00,490.5091638252977,0.0,0.9059298345748729,-0.42256207955381264,-8.526512829121202e-14,0.007823874147746417,0.07332974130338095
2022-03-14 00:00:00+00:00,500.26457157707034,0.0,0.9239472654050163,-0.41107780406880967,-8.526512829121202e-14,0.007823874147746417,0.07332974130338095
2022-03-15 00:00:00+00:00,499.28182210404736,0.0,0.9221322084536209,-0.4122347178512076,-8.526512829121202e-14,0.007823874147746417,0.07332974130338095
2022-03-16 00:00:00+00:00,525.0735314351772,0.0,0.9697673612518581,-0.38187216379661193,-8.526512829121202e-14,0.007823874147746417,0.07332974130338095
2022-03-17 00:00:00+00:00,526.3338661558761,0.0,0.9720950951847525,-0.38038847070001214,-8.526512829121202e-14,0.007823874147746417,0.07332974130338095
2022-03-18 00:00:00+00:00,542.2157462745947,0.0,1.0014276134938562,-0.3616919803898029,-8.526512829121202e-14,0.007823874147746417,0.07332974130338095
2022-03-21 00:00:00+00:00,532.7215960334455,0.0,0.9838927036660418,-0.3728686979232707,-8.526512829121202e-14,0.007823874147746417,0.07332974130338095
2022-03-22 00:00:00+00:00,549.2145544629406,0.0,1.0143538330467037,-0.3534528331038216,-8.526512829121202e-14,0.007823874147746417,0.07332974130338095
2022-03-23 00:00:00+00:00,558.1384119450786,0.0,1.0308354593419513,-0.3429474764522602,-8.526512829121202e-14,0.007823874147746417,0.07332974130338095
2022-03-24 00:00:00+00:00,572.2948726725258,0.0,1.0569812708186757,-0.326282186899695,-8.526512829121202e-14,0.007823874147746417,0.07332974130338095
2022-03-25 00:00:00+00:00,574.1797106158207,0.0,1.0604624105243097,-0.3240633151993858,-8.526512829121202e-14,0.007823874147746417,0.07332974130338095
2022-03-28 00:00:00+00:00,713.7589638807526,100.0,1.1335620160103093,-0.2774697683635202,-9.947598300641403e-14,0.009103245718960077,0.08544876787631116
2022-03-29 00:00:00+00:00,722.3800296808023,0.0,1.1472536307191852,-0.2687427596887768,-9.947598300641403e-14,0.009103245718960077,0.08544876787631116
2022-03-30 00:00:00+00:00,717.7830622554911,0.0,1.139952920078947,-0.2733962184987042,-9.947598300641403e-14,0.009103245718960077,0.08544876787631116
2022-03-31 00:00:00+00:00,694.6927940472111,0.0,1.1032819256607678,-0.29677023925547075,-9.947598300641403e-14,0.009103245718960077,0.08544876787631116
2022-04-01 00:00:00+00:00,716.5734194549404,0.0,1.138031816175482,-0.2746207264027831,-9.947598300641403e-14,0.009103245718960077,0.08544876787631116
2022-04-04 00:00:00+00:00,724.770766785154,0.0,1.1510504990023167,-0.26632264320519905,-9.947598300641403e-14,0.009103245718960077,0.08544876787631116
2022-04-05 00:00:00+00:00,705.2984749275853,0.0,1.1201254227071005,-0.286034226888641,-9.947598300641403e-14,0.009103245718960077,0.08544876787631116
2022-04-06 00:00:00+00:00,663.736671716765,0.0,1.0541187120095208,-0.32810677633568486,-9.947598300641403e-14,0.009103245718960077,0.08544876787631116
2022-04-07 00:00:00+00:00,671.2425458339407,0.0,1.0660392261140648,-0.32050866375292886,-9.947598300641403e-14,0.009103245718960077,0.08544876787631116
2022-04-08 00:00:00+00:00,657.4162212306152,0.0,1.0440808379403548,-0.3345048978093196,-9.947598300641403e-14,0.009103245718960077,0.08544876787631116
2022-04-11 00:00:00+00:00,614.4705113228246,0.0,0.9758762647362805,-0.377978360557527,-9.947598300641403e-14,0.009103245718960077,0.08544876787631116
2022-04-12 00:00:00+00:00,623.521842540974,0.0,0.990251208915527,-0.36881579900297856,-9.947598300641403e-14,0.009103245718960077,0.08544876787631116
2022-04-13 00:00:00+00:00,641.0316270555116,0.0,1.0180595134533619,-0.35109083959594345,-9.947598300641403e-14,0.009103245718960077,0.08544876787631116
2022-04-14 00:00:00+00:00,621.8297672869313,0.0,0.9875639260465525,-0.37052866789446337,-9.947598300641403e-14,0.009103245718960077,0.08544876787631116
2022-04-18 00:00:00+00:00,632.5165491733748,0.0,1.0045362243053289,-0.35971055788449857,-9.947598300641403e-14,0.009103245718960077,0.08544876787631116
2022-04-19 00:00:00+00:00,642.7650379367454,0.0,1.0208124438297765,-0.3493361271104716,-9.947598300641403e-14,0.009103245718960077,0.08544876787631116
2022-04-20 00:00:00+00:00,639.3375939996855,0.0,1.015369121285802,-0.3528056903483193,-9.947598300641403e-14,0.009103245718960077,0.08544876787631116
2022-04-21 00:00:00+00:00,623.4427125963655,0.0,0.9901255380601314,-0.3688959013625994,-9.947598300641403e-14,0.009103245718960077,0.08544876787631116
2022-04-22 00:00:00+00:00,614.6149983075204,0.0,0.9761057328984297,-0.37783209799578876,-9.947598300641403e-14,0.009103245718960077,0.08544876787631116
2022-04-25 00:00:00+00:00,624.9205141666122,0.0,0.9924725204617589,-0.36739993932934156,-9.947598300641403e-14,0.009103245718960077,0.08544876787631116
2022-04-26 00:00:00+00:00,587.0316575897588,0.0,0.9322990293828308,-0.4057544058989395,-9.947598300641403e-14,0.009103245718960077,0.08544876787631116
2022-04-27 00:00:00+00:00,706.7730201863712,100.0,0.9636514325276342,-0.3857704449099282,-1.1368683772161603e-13,0.010675167918199387,0.0996639347013864
2022-04-28 00:00:00+00:00,716.9592704093769,0.0,0.977539900733305,-0.37691796219792106,-1.1368683772161603e-13,0.010675167918199387,0.0996639347013864
2022-04-29 00:00:00+00:00,692.7862156046111,0.0,0.9445810890273362,-0.39792584488985505,-1.1368683772161603e-13,0.010675167918199387,0.0996639347013864
2022-05-02 00:00:00+00:00,695.9565681073965,0.0,0.9489037140337647,-0.3951706120900079,-1.1368683772161603e-13,0.010675167918199387,0.0996639347013864
2022-05-03 00:00:00+00:00,679.9980437861951,0.0,0.9271450243499146,-0.4090395587160701,-1.1368683772161603e-13,0.010675167918199387,0.0996639347013864
2022-05-04 00:00:00+00:00,716.7731676136185,0.0,0.9772861584134825,-0.37707969706070577,-1.1368683772161603e-13,0.010675167918199387,0.0996639347013864
2022-05-05 00:00:00+00:00,664.0825953002733,0.0,0.9054450665208309,-0.4228710697717539,-1.1368683772161603e-13,0.010675167918199387,0.0996639347013864
2022-05-06 00:00:00+00:00,652.8330686780398,0.0,0.8901068714636476,-0.43264760556867254,-1.1368683772161603e-13,0.010675167918199387,0.0996639347013864
2022-05-09 00:00:00+00:00,543.175721288594,0.0,0.7405942883840685,-0.5279466361989247,-1.1368683772161603e-13,0.010675167918199387,0.0996639347013864
2022-05-10 00:00:00+00:00,564.5306691029641,0.0,0.7697107451037154,-0.5093878631270077,-1.1368683772161603e-13,0.010675167918199387,0.0996639347013864
2022-05-11 00:00:00+00:00,518.4877537942434,0.0,0.7069334176905986,-0.5494020099285761,-1.1368683772161603e-13,0.010675167918199387,0.0996639347013864
2022-05-12 00:00:00+00:00,505.26069395370024,0.0,0.6888989500476387,-0.5608971446450433,-1.1368683772161603e-13,0.010675167918199387,0.0996639347013864
2022-05-13 00:00:00+00:00,512.9377895087305,0.0,0.699366305079535,-0.5542252728382973,-1.1368683772161603e-13,0.010675167918199387,0.0996639347013864
2022-05-16 00:00:00+00:00,520.5959912377751,0.0,0.7098078992773914,-0.5475698209372318,-1.1368683772161603e-13,0.010675167918199387,0.0996639347013864
2022-05-17 00:00:00+00:00,533.3741215667085,0.0,0.7272302728609987,-0.5364648337876743,-1.1368683772161603e-13,0.010675167918199387,0.0996639347013864
2022-05-18 00:00:00+00:00,497.4082608108012,0.0,0.6781925305453962,-0.5677213956817702,-1.1368683772161603e-13,0.010675167918199387,0.0996639347013864
2022-05-19 00:00:00+00:00,524.9391707266932,0.0,0.7157296181555638,-0.5437953288033202,-1.1368683772161603e-13,0.010675167918199387,0.0996639347013864
2022-05-20 00:00:00+00:00,506.9753063258114,0.0,0.6912367425516293,-0.5594070402347249,-1.1368683772161603e-13,0.010675167918199387,0.0996639347013864
2022-05-23 00:00:00+00:00,507.4138998309934,0.0,0.6918347439573062,-0.5590258752979502,-1.1368683772161603e-13,0.010675167918199387,0.0996639347013864
2022-05-24 00:00:00+00:00,513.8434100309483,0.0,0.7006010756333565,-0.5534382324808489,-1.1368683772161603e-13,0.010675167918199387,0.0996639347013864
2022-05-25 00:00:00+00:00,508.9775613835882,0.0,0.6939667221909248,-0.5576669565046035,-1.1368683772161603e-13,0.010675167918199387,0.0996639347013864
2022-05-26 00:00:00+00:00,490.35000837797736,0.0,0.6685689387078939,-0.5738554544640133,-1.1368683772161603e-13,0.010675167918199387,0.0996639347013864
2022-05-27 00:00:00+00:00,575.0041612418557,100.0,0.6476456052561244,-0.587191946647055,-1.3500311979441904e-13,0.012726788986664241,0.12194893555232011
2022-05-31 00:00:00+00:00,641.5377635855193,0.0,0.7225845327704382,-0.5394260195158003,-1.3500311979441904e-13,0.012726788986664241,0.12194893555232011
2022-06-01 00:00:00+00:00,601.0295763697269,0.0,0.6769588639569468,-0.5685077323738301,-1.3500311979441904e-13,0.012726788986664241,0.12194893555232011
2022-06-02 00:00:00+00:00,611.2281725488704,0.0,0.6884458695134613,-0.5611859372992478,-1.3500311979441904e-13,0.012726788986664241,0.12194893555232011
2022-06-03 00:00:00+00:00,594.4623000072495,0.0,0.66956193022785,-0.5732225235940711,-1.3500311979441904e-13,0.012726788986664241,0.12194893555232011
2022-06-06 00:00:00+00:00,626.0843318551428,0.0,0.705178837610444,-0.5505203758704774,-1.3500311979441904e-13,0.012726788986664241,0.12194893555232011
2022-06-07 00:00:00+00:00,617.2591703553786,0.0,0.6952387755269737,-0.5568561521740347,-1.3500311979441904e-13,0.012726788986664241,0.12194893555232011
2022-06-08 00:00:00+00:00,602.9275928182177,0.0,0.6790966606798681,-0.5671451048866809,-1.3500311979441904e-13,0.012726788986664241,0.12194893555232011
2022-06-09 00:00:00+00:00,601.3462009185769,0.0,0.677315488328388,-0.5682804206907769,-1.3500311979441904e-13,0.012726788986664241,0.12194893555232011
2022-06-10 00:00:00+00:00,573.0363224046663,0.0,0.6454291653402713,-0.5886047011529321,-1.3500311979441904e-13,0.012726788986664241,0.12194893555232011
2022-06-13 00:00:00+00:00,433.7287831365111,0.0,0.48852262158376974,-0.6886166279857322,-1.3500311979441904e-13,0.012726788986664241,0.12194893555232011
2022-06-14 00:00:00+00:00,429.1494871814839,0.0,0.4833648138662825,-0.691904204626637,-1.3500311979441904e-13,0.012726788986664241,0.12194893555232011
2022-06-15 00:00:00+00:00,438.33248569861604,0.0,0.49370791924459756,-0.6853115293082304,-1.3500311979441904e-13,0.012726788986664241,0.12194893555232011
2022-06-16 00:00:00+00:00,389.94560505917696,0.0,0.43920822565889445,-0.7200495283540956,-1.3500311979441904e-13,0.012726788986664241,0.12194893555232011
2022-06-17 00:00:00+00:00,393.05340168736166,0.0,0.4427086365497072,-0.71781837323771,-1.3500311979441904e-13,0.012726788986664241,0.12194893555232011
2022-06-21 00:00:00+00:00,401.0400751924956,0.0,0.4517042827465003,-0.7120845657896051,-1.3500311979441904e-13,0.012726788986664241,0.12194893555232011
2022-06-22 00:00:00+00:00,382.452483625246,0.0,0.4307684829692852,-0.7254290039843201,-1.3500311979441904e-13,0.012726788986664241,0.12194893555232011
2022-06-23 00:00:00+00:00,408.2615554965022,0.0,0.4598380673303067,-0.7069001072629307,-1.3500311979441904e-13,0.012726788986664241,0.12194893555232011
2022-06-24 00:00:00+00:00,419.67748422449233,0.0,0.4726961935300059,-0.6987043625482496,-1.3500311979441904e-13,0.012726788986664241,0.12194893555232011
2022-06-27 00:00:00+00:00,508.24407175395567,100.0,0.4598183748310399,-0.7069126592237902,-1.6342482922482304e-13,0.015574487297898733,0.1552937371661902
2022-06-28 00:00:00+00:00,493.5344934949804,0.0,0.44651033102808846,-0.7153951805466354,-1.6342482922482304e-13,0.015574487297898733,0.1552937371661902
2022-06-29 00:00:00+00:00,484.2612862081031,0.0,0.4381206786128459,-0.7207427287330768,-1.6342482922482304e-13,0.015574487297898733,0.1552937371661902
2022-06-30 00:00:00+00:00,476.91084177939024,0.0,0.43147058744733036,-0.724981483951018,-1.6342482922482304e-13,0.015574487297898733,0.1552937371661902
2022-07-01 00:00:00+00:00,464.84243229315456,0.0,0.4205520608079428,-0.7319409316657992,-1.6342482922482304e-13,0.015574487297898733,0.1552937371661902
2022-07-05 00:00:00+00:00,490.0983654002744,0.0,0.4434015985823436,-0.717376680581389,-1.6342482922482304e-13,0.015574487297898733,0.1552937371661902
2022-07-06 00:00:00+00:00,504.5485894917976,0.0,0.4564749995858779,-0.7090437201240458,-1.6342482922482304e-13,0.015574487297898733,0.1552937371661902
2022-07-07 00:00:00+00:00,528.9724231331028,0.0,0.4785717206618994,-0.694959312943875,-1.6342482922482304e-13,0.015574487297898733,0.1552937371661902
2022-07-08 00:00:00+00:00,524.85996824554,0.0,0.47485110210861403,-0.6973308279974562,-1.6342482922482304e-13,0.015574487297898733,0.1552937371661902
2022-07-11 00:00:00+00:00,481.18704379421496,0.0,0.43533935123658674,-0.722515541411203,-1.6342482922482304e-13,0.015574487297898733,0.1552937371661902
2022-07-12 00:00:00+00:00,462.32034090532176,0.0,0.4182702752887797,-0.7333953373325561,-1.6342482922482304e-13,0.015574487297898733,0.1552937371661902
2022-07-13 00:00:00+00:00,488.30024272993404,0.0,0.4417748017538643,-0.7184135977263757,-1.6342482922482304e-13,0.015574487297898733,0.1552937371661902
2022-07-14 00:00:00+00:00,505.99127886734385,0.0,0.45778022894499354,-0.7082117694606849,-1.6342482922482304e-13,0.015574487297898733,0.1552937371661902
2022-07-15 00:00:00+00:00,515.622607280594,0.0,0.46649388056351876,-0.7026577048101317,-1.6342482922482304e-13,0.015574487297898733,0.1552937371661902
2022-07-18 00:00:00+00:00,594.9015424783304,0.0,0.5382190873429223,-0.6569401970456288,-1.6342482922482304e-13,0.015574487297898733,0.1552937371661902
2022-07-19 00:00:00+00:00,603.9029977099218,0.0,0.5463628803465886,-0.6517493591715366,-1.6342482922482304e-13,0.015574487297898733,0.1552937371661902
2022-07-20 00:00:00+00:00,597.9828354626233,0.0,0.5410067935084392,-0.6551633185395949,-1.6342482922482304e-13,0.015574487297898733,0.1552937371661902
2022-07-21 00:00:00+00:00,605.2410072920122,0.0,0.5475734038445254,-0.6509777738405074,-1.6342482922482304e-13,0.015574487297898733,0.1552937371661902
2022-07-22 00:00:00+00:00,591.7224125491288,0.0,0.5353428661754478,-0.6587734948423276,-1.6342482922482304e-13,0.015574487297898733,0.1552937371661902
2022-07-25 00:00:00+00:00,555.6520049284651,0.0,0.5027092613123575,-0.6795740913230124,-1.6342482922482304e-13,0.015574487297898733,0.1552937371661902
2022-07-26 00:00:00+00:00,556.0698483382986,0.0,0.5030872924362237,-0.6793331350174596,-1.6342482922482304e-13,0.015574487297898733,0.1552937371661902
2022-07-27 00:00:00+00:00,721.2720376134174,100.0,0.5620769912327993,-0.641733215353895,-1.7763568394002505e-13,0.018393166905138748,0.18285534001831938
2022-07-28 00:00:00+00:00,753.8846819659317,0.0,0.5874915589102883,-0.6255340191814731,-1.7763568394002505e-13,0.018393166905138748,0.18285534001831938
2022-07-29 00:00:00+00:00,752.0929335137822,0.0,0.5860952749473572,-0.6264240078728,-1.7763568394002505e-13,0.018393166905138748,0.18285534001831938
2022-08-01 00:00:00+00:00,726.0777952055029,0.0,0.5658220494453586,-0.639346122508868,-1.7763568394002505e-13,0.018393166905138748,0.18285534001831938
2022-08-02 00:00:00+00:00,721.0388608395565,0.0,0.5618952799052525,-0.6418490378018327,-1.7763568394002505e-13,0.018393166905138748,0.18285534001831938
2022-08-03 00:00:00+00:00,715.5912849172544,0.0,0.5576500618401637,-0.6445549315673202,-1.7763568394002505e-13,0.018393166905138748,0.18285534001831938
2022-08-04 00:00:00+00:00,710.1323195674725,0.0,0.5533959681570061,-0.64726648263456,-1.7763568394002505e-13,0.018393166905138748,0.18285534001831938
2022-08-05 00:00:00+00:00,746.3742151199117,0.0,0.5816387594290651,-0.6292645822253671,-1.7763568394002505e-13,0.018393166905138748,0.18285534001831938
2022-08-08 00:00:00+00:00,762.8843859909077,0.0,0.5945048996424234,-0.6210637293939145,-1.7763568394002505e-13,0.018393166905138748,0.18285534001831938
2022-08-09 00:00:00+00:00,737.1596529652101,0.0,0.5744579828269667,-0.6338415953118719,-1.7763568394002505e-13,0.018393166905138748,0.18285534001831938
2022-08-10 00:00:00+00:00,779.5260123017948,0.0,0.6074734812014626,-0.6127975806473038,-1.7763568394002505e-13,0.018393166905138748,0.18285534001831938
2022-08-11 00:00:00+00:00,784.0320117917274,0.0,0.6109849422088492,-0.6105593822080342,-1.7763568394002505e-13,0.018393166905138748,0.18285534001831938
2022-08-12 00:00:00+00:00,806.9429145906706,0.0,0.6288390813409686,-0.5991791885348168,-1.7763568394002505e-13,0.018393166905138748,0.18285534001831938
2022-08-15 00:00:00+00:00,790.4333078244646,0.0,0.6159733807264115,-0.6073797611668456,-1.7763568394002505e-13,0.018393166905138748,0.18285534001831938
2022-08-16 00:00:00+00:00,781.9233452508688,0.0,0.6093416885084552,-0.6116067889312782,-1.7763568394002505e-13,0.018393166905138748,0.18285534001831938
2022-08-17 00:00:00+00:00,764.7478488185081,0.0,0.5959570695932752,-0.6201381190822199,-1.7763568394002505e-13,0.018393166905138748,0.18285534001831938
2022-08-18 00:00:00+00:00,764.1818835868783,0.0,0.59551602097646,-0.6204192426156214,-1.7763568394002505e-13,0.018393166905138748,0.18285534001831938
2022-08-19 00:00:00+00:00,677.4264832796296,0.0,0.5279087773361191,-0.6635119686578066,-1.7763568394002505e-13,0.018393166905138748,0.18285534001831938
2022-08-22 00:00:00+00:00,690.688401645758,0.0,0.5382436007931234,-0.6569245722199891,-1.7763568394002505e-13,0.018393166905138748,0.18285534001831938
2022-08-23 00:00:00+00:00,700.5178093006698,0.0,0.5459035177067951,-0.6520421560276835,-1.7763568394002505e-13,0.018393166905138748,0.18285534001831938
2022-08-24 00:00:00+00:00,695.937503943104,0.0,0.5423341511986651,-0.6543172633208791,-1.7763568394002505e-13,0.018393166905138748,0.18285534001831938
2022-08-25 00:00:00+00:00,706.4989364530156,0.0,0.5505645246204905,-0.6490712392560853,-1.7763568394002505e-13,0.018393166905138748,0.18285534001831938
2022-08-26 00:00:00+00:00,648.0757776940873,0.0,0.505036191923452,-0.6780909102621706,-1.7763568394002505e-13,0.018393166905138748,0.18285534001831938
2022-08-29 00:00:00+00:00,762.4610003591647,100.0,0.5162463903675156,-0.670945551504484,-1.9184653865522705e-13,0.021456743284889425,0.21084888478063218
2022-08-30 00:00:00+00:00,746.5518039152162,0.0,0.5054746063235221,-0.6778114657734162,-1.9184653865522705e-13,0.021456743284889425,0.21084888478063218
2022-08-31 00:00:00+00:00,757.8883838344789,0.0,0.5131503673915313,-0.6729189505478491,-1.9184653865522705e-13,0.021456743284889425,0.21084888478063218
2022-09-01 00:00:00+00:00,766.3956362536674,0.0,0.518910450007275,-0.6692474850542836,-1.9184653865522705e-13,0.021456743284889425,0.21084888478063218
2022-09-02 00:00:00+00:00,760.2627287152227,0.0,0.514757986631852,-0.6718942571603798,-1.9184653865522705e-13,0.021456743284889425,0.21084888478063218
2022-09-06 00:00:00+00:00,731.9008147983293,0.0,0.4955547281352033,-0.6841343769013297,-1.9184653865522705e-13,0.021456743284889425,0.21084888478063218
2022-09-07 00:00:00+00:00,757.6451973088763,0.0,0.5129857108832387,-0.6730239022870541,-1.9184653865522705e-13,0.021456743284889425,0.21084888478063218
2022-09-08 00:00:00+00:00,759.3552859168103,0.0,0.5141435760994777,-0.6722858812427028,-1.9184653865522705e-13,0.021456743284889425,0.21084888478063218
2022-09-09 00:00:00+00:00,820.6052761036249,0.0,0.5556146629210906,-0.6458522908927911,-1.9184653865522705e-13,0.021456743284889425,0.21084888478063218
2022-09-12 00:00:00+00:00,842.4343442260629,0.0,0.5703946682170818,-0.6364315441676258,-1.9184653865522705e-13,0.021456743284889425,0.21084888478063218
2022-09-13 00:00:00+00:00,764.8195968283738,0.0,0.5178433466878903,-0.6699276546415185,-1.9184653865522705e-13,0.021456743284889425,0.21084888478063218
2022-09-14 00:00:00+00:00,779.4520283036455,0.0,0.5277506598853531,-0.66361275241442,-1.9184653865522705e-13,0.021456743284889425,0.21084888478063218
2022-09-15 00:00:00+00:00,733.2658764503731,0.0,0.49647898281860975,-0.6835452587577604,-1.9184653865522705e-13,0.021456743284889425,0.21084888478063218
2022-09-16 00:00:00+00:00,727.250540180599,0.0,0.49240612448925936,-0.6861412907618014,-1.9184653865522705e-13,0.021456743284889425,0.21084888478063218
2022-09-19 00:00:00+00:00,709.3246711722045,0.0,0.4802688936467306,-0.6938775381732514,-1.9184653865522705e-13,0.021456743284889425,0.21084888478063218
2022-09-20 00:00:00+00:00,683.9343446451294,0.0,0.46307763479718866,-0.7048352132393232,-1.9184653865522705e-13,0.021456743284889425,0.21084888478063218
2022-09-21 00:00:00+00:00,658.791985891942,0.0,0.44605426973911494,-0.715685873128169,-1.9184653865522705e-13,0.021456743284889425,0.21084888478063218
2022-09-22 00:00:00+00:00,695.9784059245264,0.0,0.47123241669150845,-0.69963737106763,-1.9184653865522705e-13,0.021456743284889425,0.21084888478063218
2022-09-23 00:00:00+00:00,693.7478291837152,0.0,0.4697221398506745,-0.7006000185983612,-1.9184653865522705e-13,0.021456743284889425,0.21084888478063218
2022-09-26 00:00:00+00:00,694.2963520453997,0.0,0.47009353320357417,-0.7003632931951553,-1.9184653865522705e-13,0.021456743284889425,0.21084888478063218
2022-09-27 00:00:00+00:00,788.5343258674318,100.0,0.4661921858373773,-0.7028500044437501,-2.2026824808563106e-13,0.024572731322741834,0.2407403431467663
2022-09-28 00:00:00+00:00,798.9439969326047,0.0,0.4723465245243871,-0.6989272408946104,-2.2026824808563106e-13,0.024572731322741834,0.2407403431467663
2022-09-29 00:00:00+00:00,802.9737877779453,0.0,0.47472899151539616,-0.6974086610528664,-2.2026824808563106e-13,0.024572731322741834,0.2407403431467663
2022-09-30 00:00:00+00:00,797.1430858623698,0.0,0.4712818014796319,-0.6996058932994107,-2.2026824808563106e-13,0.024572731322741834,0.2407403431467663
2022-10-03 00:00:00+00:00,800.86124956666,0.0,0.4734800302792437,-0.6982047465237242,-2.2026824808563106e-13,0.024572731322741834,0.2407403431467663
2022-10-04 00:00:00+00:00,827.521356341176,0.0,0.48924184691062134,-0.6881581951565889,-2.2026824808563106e-13,0.024572731322741834,0.2407403431467663
2022-10-05 00:00:00+00:00,820.8725989170309,0.0,0.4853110113655042,-0.6906637021132658,-2.2026824808563106e-13,0.024572731322741834,0.2407403431467663
2022-10-06 00:00:00+00:00,815.9835692869298,0.0,0.48242055075382023,-0.6925060761041011,-2.2026824808563106e-13,0.024572731322741834,0.2407403431467663
2022-10-07 00:00:00+00:00,800.3571250416275,0.0,0.4731819850242059,-0.6983947199915356,-2.2026824808563106e-13,0.024572731322741834,0.2407403431467663
2022-10-10 00:00:00+00:00,780.6845660812476,0.0,0.4615513014104452,-0.705808095181292,-2.2026824808563106e-13,0.024572731322741834,0.2407403431467663
2022-10-11 00:00:00+00:00,776.5303796770661,0.0,0.4590952900782678,-0.7073735520435338,-2.2026824808563106e-13,0.024572731322741834,0.2407403431467663
2022-10-12 00:00:00+00:00,782.3276218176209,0.0,0.46252269824133135,-0.7051889287243024,-2.2026824808563106e-13,0.024572731322741834,0.2407403431467663
2022-10-13 00:00:00+00:00,785.9519446905347,0.0,0.4646654470689685,-0.7038231447752066,-2.2026824808563106e-13,0.024572731322741834,0.2407403431467663
2022-10-14 00:00:00+00:00,783.2940330958861,0.0,0.463094053693406,-0.7048247478667016,-2.2026824808563106e-13,0.024572731322741834,0.2407403431467663
2022-10-17 00:00:00+00:00,800.9151500428221,0.0,0.47351189697163154,-0.6981844347557686,-2.2026824808563106e-13,0.024572731322741834,0.2407403431467663
2022-10-18 00:00:00+00:00,790.4687654423112,0.0,0.467335852744701,-0.7021210333739785,-2.2026824808563106e-13,0.024572731322741834,0.2407403431467663
2022-10-19 00:00:00+00:00,779.3011842086528,0.0,0.4607334272889562,-0.70632940656091,-2.2026824808563106e-13,0.024572731322741834,0.2407403431467663
2022-10-20 00:00:00+00:00,776.6783259388919,0.0,0.4591827579143842,-0.7073178002143463,-2.2026824808563106e-13,0.024572731322741834,0.2407403431467663
2022-10-21 00:00:00+00:00,783.8231759846232,0.0,0.4634068901443104,-0.7046253465193172,-2.2026824808563106e-13,0.024572731322741834,0.2407403431467663
2022-10-24 00:00:00+00:00,798.4451485592558,0.0,0.4720515986017685,-0.6991152261059844,-2.2026824808563106e-13,0.024572731322741834,0.2407403431467663
2022-10-25 00:00:00+00:00,844.840473556909,0.0,0.4994811438526975,-0.6816316871342121,-2.2026824808563106e-13,0.024572731322741834,0.2407403431467663
2022-10-26 00:00:00+00:00,887.4381516183015,0.0,0.5246654687394952,-0.6655792472702595,-2.2026824808563106e-13,0.024572731322741834,0.2407403431467663
2022-10-27 00:00:00+00:00,960.3473690857909,100.0,0.5086490307601047,-0.6757880937910441,-2.4158453015843406e-13,0.02745696152384883,0.2662430664069954
2022-10-28 00:00:00+00:00,979.2402434389489,0.0,0.5186556622534095,-0.6694098862747007,-2.4158453015843406e-13,0.02745696152384883,0.2662430664069954
2022-10-31 00:00:00+00:00,981.3312678828077,0.0,0.5197631756291966,-0.6687039593958481,-2.4158453015843406e-13,0.02745696152384883,0.2662430664069954
2022-11-01 00:00:00+00:00,982.6773216712543,0.0,0.5204761144853691,-0.6682495335509295,-2.4158453015843406e-13,0.02745696152384883,0.2662430664069954
2022-11-02 00:00:00+00:00,957.555792963155,0.0,0.5071704694240919,-0.6767305259204816,-2.4158453015843406e-13,0.02745696152384883,0.2662430664069954
2022-11-03 00:00:00+00:00,962.4661333206368,0.0,0.5097712365464229,-0.6750728019981997,-2.4158453015843406e-13,0.02745696152384883,0.2662430664069954
2022-11-04 00:00:00+00:00,1018.5853706912451,0.0,0.5394948517865309,-0.6561270272622954,-2.4158453015843406e-13,0.02745696152384883,0.2662430664069954
2022-11-07 00:00:00+00:00,982.8656165753787,0.0,0.5205758450865692,-0.6681859654590487,-2.4158453015843406e-13,0.02745696152384883,0.2662430664069954
2022-11-08 00:00:00+00:00,864.6238382320398,0.0,0.45794895831023064,-0.7081042216903585,-2.4158453015843406e-13,0.02745696152384883,0.2662430664069954
2022-11-09 00:00:00+00:00,730.7861981405413,0.0,0.38706170636038023,-0.7532876186708489,-2.4158453015843406e-13,0.02745696152384883,0.2662430664069954
2022-11-10 00:00:00+00:00,829.1983896467726,0.0,0.43918583085532703,-0.720063802758478,-2.4158453015843406e-13,0.02745696152384883,0.2662430664069954
2022-11-11 00:00:00+00:00,811.9607055273827,0.0,0.4300558726734004,-0.7258832204055481,-2.4158453015843406e-13,0.02745696152384883,0.2662430664069954
2022-11-14 00:00:00+00:00,787.3345533696337,0.0,0.4170126043419484,-0.7341969743561172,-2.4158453015843406e-13,0.02745696152384883,0.2662430664069954
2022-11-15 00:00:00+00:00,797.7020983343525,0.0,0.42250378583254394,-0.730696905918466,-2.4158453015843406e-13,0.02745696152384883,0.2662430664069954
2022-11-16 00:00:00+00:00,781.3055902733227,0.0,0.41381935746676163,-0.7362323437243691,-2.4158453015843406e-13,0.02745696152384883,0.2662430664069954
2022-11-17 00:00:00+00:00,777.9331418614875,0.0,0.41203313648965684,-0.7373708775126517,-2.4158453015843406e-13,0.02745696152384883,0.2662430664069954
2022-11-18 00:00:00+00:00,781.3846305447555,0.0,0.41386122123267544,-0.736205659841127,-2.4158453015843406e-13,0.02745696152384883,0.2662430664069954
2022-11-21 00:00:00+00:00,728.1278694818225,0.0,0.3856537196888633,-0.7541850666459432,-2.4158453015843406e-13,0.02745696152384883,0.2662430664069954
2022-11-22 00:00:00+00:00,748.9530657072153,0.0,0.3966838075679178,-0.7471545100132556,-2.4158453015843406e-13,0.02745696152384883,0.2662430664069954
2022-11-23 00:00:00+00:00,771.2411894666437,0.0,0.40848873660988183,-0.7396300711253307,-2.4158453015843406e-13,0.02745696152384883,0.2662430664069954
2022-11-25 00:00:00+00:00,772.9530718135532,0.0,0.40939543696077646,-0.7390521420792759,-2.4158453015843406e-13,0.02745696152384883,0.2662430664069954
2022-11-28 00:00:00+00:00,854.2574348194282,100.0,0.39949327244966104,-0.7453637625436773,-2.4868995751603507e-13,0.031103619483490125,0.2996970734471313
2022-11-29 00:00:00+00:00,876.0006893435714,0.0,0.40966149990605066,-0.7388825540737115,-2.4868995751603507e-13,0.031103619483490125,0.2996970734471313
2022-11-30 00:00:00+00:00,921.7972012059838,0.0,0.4310782270482173,-0.7252315737088364,-2.4868995751603507e-13,0.031103619483490125,0.2996970734471313
2022-12-01 00:00:00+00:00,910.5939978290734,0.0,0.4258390518341238,-0.7285710138343502,-2.4868995751603507e-13,0.031103619483490125,0.2996970734471313
2022-12-02 00:00:00+00:00,919.9306122775996,0.0,0.4302053172098895,-0.7257879647476828,-2.4868995751603507e-13,0.031103619483490125,0.2996970734471313
2022-12-05 00:00:00+00:00,905.156385693764,0.0,0.4232961538999596,-0.7301918520482718,-2.4868995751603507e-13,0.031103619483490125,0.2996970734471313
2022-12-06 00:00:00+00:00,912.5393926233901,0.0,0.42674881521564173,-0.7279911324185137,-2.4868995751603507e-13,0.031103619483490125,0.2996970734471313
2022-12-07 00:00:00+00:00,892.6614868271481,0.0,0.41745291761813896,-0.7339163195274045,-2.4868995751603507e-13,0.031103619483490125,0.2996970734471313
2022-12-08 00:00:00+00:00,919.3980518311305,0.0,0.4299562654523451,-0.7259467098551639,-2.4868995751603507e-13,0.031103619483490125,0.2996970734471313
2022-12-09 00:00:00+00:00,911.307586011201,0.0,0.42617276116627595,-0.7283583081529197,-2.4868995751603507e-13,0.031103619483490125,0.2996970734471313
2022-12-12 00:00:00+00:00,917.5216511700239,0.0,0.42907876715970145,-0.7265060255658966,-2.4868995751603507e-13,0.031103619483490125,0.2996970734471313
2022-12-13 00:00:00+00:00,948.6644331640837,0.0,0.4436426812503329,-0.7172230149561427,-2.4868995751603507e-13,0.031103619483490125,0.2996970734471313
2022-12-14 00:00:00+00:00,945.5783449152145,0.0,0.4421994728644793,-0.7181429131836792,-2.4868995751603507e-13,0.031103619483490125,0.2996970734471313
2022-12-15 00:00:00+00:00,919.4233263898084,0.0,0.4299680850932922,-0.7259391760389361,-2.4868995751603507e-13,0.031103619483490125,0.2996970734471313
2022-12-16 00:00:00+00:00,867.0146678940619,0.0,0.40545918925724,-0.7415610987352379,-2.4868995751603507e-13,0.031103619483490125,0.2996970734471313
2022-12-19 00:00:00+00:00,861.3009045677848,0.0,0.40278714928875,-0.7432642518315018,-2.4868995751603507e-13,0.031103619483490125,0.2996970734471313
2022-12-20 00:00:00+00:00,890.2264257612283,0.0,0.41631416192905946,-0.7346421601961877,-2.4868995751603507e-13,0.031103619483490125,0.2996970734471313
2022-12-21 00:00:00+00:00,887.0744474239507,0.0,0.41484014006009484,-0.7355816988781282,-2.4868995751603507e-13,0.031103619483490125,0.2996970734471313
2022-12-22 00:00:00+00:00,888.1514811954714,0.0,0.4153438146298275,-0.7352606576837353,-2.4868995751603507e-13,0.031103619483490125,0.2996970734471313
2022-12-23 00:00:00+00:00,887.4995121385045,0.0,0.41503892146590826,-0.7354549959953932,-2.4868995751603507e-13,0.031103619483490125,0.2996970734471313
2022-12-27 00:00:00+00:00,981.2832295437875,100.0,0.41213187848914995,-0.7373079395535824,-2.6290081223123707e-13,0.03464453348143072,0.332218382378732
2022-12-28 00:00:00+00:00,968.6635431106611,0.0,0.4068317012120488,-0.740686262275807,-2.6290081223123707e-13,0.03464453348143072,0.332218382378732
2022-12-29 00:00:00+00:00,975.0836541892172,0.0,0.409528101557283,-0.7389675819226282,-2.6290081223123707e-13,0.03464453348143072,0.332218382378732
2022-12-30 00:00:00+00:00,974.0171335728455,0.0,0.4090801705911367,-0.7392530922521521,-2.6290081223123707e-13,0.03464453348143072,0.332218382378732
2023-01-03 00:00:00+00:00,981.1996681369726,0.0,0.41209678330100963,-0.7373303091584724,-2.6290081223123707e-13,0.03464453348143072,0.332218382378732
2023-01-04 00:00:00+00:00,1001.3381460059891,0.0,0.42055479874872964,-0.7319391865076491,-2.6290081223123707e-13,0.03464453348143072,0.332218382378732
2023-01-05 00:00:00+00:00,998.816519646984,0.0,0.4194957338662414,-0.7326142324107886,-2.6290081223123707e-13,0.03464453348143072,0.332218382378732
2023-01-06 00:00:00+00:00,1008.8789992691575,0.0,0.4237219027276752,-0.7299204805707844,-2.6290081223123707e-13,0.03464453348143072,0.332218382378732
2023-01-09 00:00:00+00:00,1033.7906336317758,0.0,0.4341846094743032,-0.723251571572058,-2.6290081223123707e-13,0.03464453348143072,0.332218382378732
2023-01-10 00:00:00+00:00,1047.9410451809313,0.0,0.44012768025913596,-0.7194634697742308,-2.6290081223123707e-13,0.03464453348143072,0.332218382378732
2023-01-11 00:00:00+00:00,1083.2167701292028,0.0,0.45494323029636297,-0.7100200668999039,-2.6290081223123707e-13,0.03464453348143072,0.332218382378732
2023-01-12 00:00:00+00:00,1123.3270095794958,0.0,0.47178924155346375,-0.6992824519800043,-2.6290081223123707e-13,0.03464453348143072,0.332218382378732
2023-01-13 00:00:00+00:00,1172.5812152382648,0.0,0.49247565266341087,-0.6860969736383751,-2.6290081223123707e-13,0.03464453348143072,0.332218382378732
2023-01-17 00:00:00+00:00,1252.316765569348,0.0,0.5259640086761731,-0.6647515604317933,-2.6290081223123707e-13,0.03464453348143072,0.332218382378732
2023-01-18 00:00:00+00:00,1218.486131404966,0.0,0.5117553863448527,-0.6738081087628823,-2.6290081223123707e-13,0.03464453348143072,0.332218382378732
2023-01-19 00:00:00+00:00,1245.3160159858078,0.0,0.5230237443469458,-0.666625679215648,-2.6290081223123707e-13,0.03464453348143072,0.332218382378732
2023-01-20 00:00:00+00:00,1336.2857473183956,0.0,0.5612303753490704,-0.64227284667705,-2.6290081223123707e-13,0.03464453348143072,0.332218382378732
2023-01-23 00:00:00+00:00,1334.213152379241,0.0,0.5603599004240907,-0.6428276857068482,-2.6290081223123707e-13,0.03464453348143072,0.332218382378732
2023-01-24 00:00:00+00:00,1301.0277518163741,0.0,0.5464222715513872,-0.6517115033327258,-2.6290081223123707e-13,0.03464453348143072,0.332218382378732
2023-01-25 00:00:00+00:00,1334.451607234838,0.0,0.5604600497434852,-0.6427638507248019,-2.6290081223123707e-13,0.03464453348143072,0.332218382378732
2023-01-26 00:00:00+00:00,1329.0701196637663,0.0,0.5581998637798843,-0.6442044888767133,-2.6290081223123707e-13,0.03464453348143072,0.332218382378732
2023-01-27 00:00:00+00:00,1430.08406775225,100.0,0.5586257146635191,-0.6439330523489809,-2.7000623958883807e-13,0.037248228230704006,0.3571640877307928
2023-01-30 00:00:00+00:00,1409.6240390322516,0.0,0.5506335284532988,-0.6490272563468147,-2.7000623958883807e-13,0.037248228230704006,0.3571640877307928
2023-01-31 00:00:00+00:00,1427.5930633069577,0.0,0.5576526675749877,-0.6445532706769946,-2.7000623958883807e-13,0.037248228230704006,0.3571640877307928
2023-02-01 00:00:00+00:00,1470.3486757475873,0.0,0.5743540525453578,-0.6339078402719044,-2.7000623958883807e-13,0.037248228230704006,0.3571640877307928
2023-02-02 00:00:00+00:00,1461.7848538495325,0.0,0.5710088148520442,-0.6360400882930015,-2.7000623958883807e-13,0.037248228230704006,0.3571640877307928
2023-02-03 00:00:00+00:00,1466.9463623009613,0.0,0.5730250259353221,-0.6347549592568716,-2.7000623958883807e-13,0.037248228230704006,0.3571640877307928
2023-02-06 00:00:00+00:00,1424.4299552489058,0.0,0.5564170804236223,-0.6453408315321345,-2.7000623958883807e-13,0.037248228230704006,0.3571640877307928
2023-02-07 00:00:00+00:00,1462.4978637873335,0.0,0.5712873339230891,-0.6358625607770166,-2.7000623958883807e-13,0.037248228230704006,0.3571640877307928
2023-02-08 00:00:00+00:00,1444.8053901751882,0.0,0.5643762222348898,-0.6402676899701376,-2.7000623958883807e-13,0.037248228230704006,0.3571640877307928
2023-02-09 00:00:00+00:00,1363.8189423710855,0.0,0.5327409405736271,-0.6604319571771906,-2.7000623958883807e-13,0.037248228230704006,0.3571640877307928
2023-02-10 00:00:00+00:00,1345.910707234291,0.0,0.5257455471717706,-0.6648908073712197,-2.7000623958883807e-13,0.037248228230704006,0.3571640877307928
2023-02-13 00:00:00+00:00,1348.6594754644004,0.0,0.5268192830811586,-0.6642064101839736,-2.7000623958883807e-13,0.037248228230704006,0.3571640877307928
2023-02-14 00:00:00+00:00,1382.5484499287834,0.0,0.5400571430128023,-0.655768623924651,-2.7000623958883807e-13,0.037248228230704006,0.3571640877307928
2023-02-15 00:00:00+00:00,1504.249039717115,0.0,0.5875963614954854,-0.6254672182168244,-2.7000623958883807e-13,0.037248228230704006,0.3571640877307928
2023-02-16 00:00:00+00:00,1460.9710314747938,0.0,0.5706909159844537,-0.6362427164149684,-2.7000623958883807e-13,0.037248228230704006,0.3571640877307928
2023-02-17 00:00:00+00:00,1520.1773834661083,0.0,0.5938183610344168,-0.621501327771828,-2.7000623958883807e-13,0.037248228230704006,0.3571640877307928
2023-02-21 00:00:00+00:00,1503.6063026657516,0.0,0.587345292727743,-0.6256272489626957,-2.7000623958883807e-13,0.037248228230704006,0.3571640877307928
2023-02-22 00:00:00+00:00,1487.6150763167873,0.0,0.5810987297116422,-0.6296087961204246,-2.7000623958883807e-13,0.037248228230704006,0.3571640877307928
2023-02-23 00:00:00+00:00,1481.2400752110052,0.0,0.5786084988021436,-0.6311960644749175,-2.7000623958883807e-13,0.037248228230704006,0.3571640877307928
2023-02-24 00:00:00+00:00,1437.8593937686276,0.0,0.5616629466351105,-0.6419971265778515,-2.7000623958883807e-13,0.037248228230704006,0.3571640877307928
2023-02-27 00:00:00+00:00,1557.9462378839864,100.0,0.5695093578372952,-0.6369958392875601,-2.913225216616411e-13,0.03979165792300161,0.3814974616349566
2023-02-28 00:00:00+00:00,1533.2326075814774,0.0,0.5604752568001974,-0.6427541577763318,-2.913225216616411e-13,0.03979165792300161,0.3814974616349566
2023-03-01 00:00:00+00:00,1575.5130943766296,0.0,0.5759309460263288,-0.6329027314238838,-2.913225216616411e-13,0.03979165792300161,0.3814974616349566
2023-03-02 00:00:00+00:00,1562.3783936235475,0.0,0.5711295383722157,-0.6359631393552624,-2.913225216616411e-13,0.03979165792300161,0.3814974616349566
2023-03-03 00:00:00+00:00,1488.257441537454,0.0,0.544034523924109,-0.6532334490417915,-2.913225216616411e-13,0.03979165792300161,0.3814974616349566
2023-03-06 00:00:00+00:00,1489.0950393809462,0.0,0.5443407089505069,-0.653038287299494,-2.913225216616411e-13,0.03979165792300161,0.3814974616349566
2023-03-07 00:00:00+00:00,1479.1774060838093,0.0,0.5407153046631358,-0.6553491129645508,-2.913225216616411e-13,0.03979165792300161,0.3814974616349566
2023-03-08 00:00:00+00:00,1448.2945238084105,0.0,0.5294260252097476,-0.6625448778042853,-2.913225216616411e-13,0.03979165792300161,0.3814974616349566
2023-03-09 00:00:00+00:00,1358.5804243500572,0.0,0.496630914615384,-0.6834484177250106,-2.913225216616411e-13,0.03979165792300161,0.3814974616349566
2023-03-10 00:00:00+00:00,1346.0126025670165,0.0,0.4920367303367311,-0.6863767418785659,-2.913225216616411e-13,0.03979165792300161,0.3814974616349566
2023-03-13 00:00:00+00:00,1597.9322746661587,0.0,0.5841263077528474,-0.6276790237458096,-2.913225216616411e-13,0.03979165792300161,0.3814974616349566
2023-03-14 00:00:00+00:00,1629.993301842643,0.0,0.5958462596708822,-0.6202087491119522,-2.913225216616411e-13,0.03979165792300161,0.3814974616349566
2023-03-15 00:00:00+00:00,1595.822226953536,0.0,0.5833549769529772,-0.6281706685024504,-2.913225216616411e-13,0.03979165792300161,0.3814974616349566
2023-03-16 00:00:00+00:00,1633.2666487146498,0.0,0.5970428360544083,-0.6194460536446122,-2.913225216616411e-13,0.03979165792300161,0.3814974616349566
2023-03-17 00:00:00+00:00,1772.6996048957378,0.0,0.6480127420788294,-0.5869579343479441,-2.913225216616411e-13,0.03979165792300161,0.3814974616349566
2023-03-20 00:00:00+00:00,1763.9569521402345,0.0,0.6448168535202206,-0.5889949875200884,-2.913225216616411e-13,0.03979165792300161,0.3814974616349566
2023-03-21 00:00:00+00:00,1805.5279208259167,0.0,0.6600131774402377,-0.5793088801109874,-2.913225216616411e-13,0.03979165792300161,0.3814974616349566
2023-03-22 00:00:00+00:00,1746.0037689473331,0.0,0.6382540430825435,-0.5931781101712957,-2.913225216616411e-13,0.03979165792300161,0.3814974616349566
2023-03-23 00:00:00+00:00,1817.8775564499467,0.0,0.6645276034728834,-0.5764313937088286,-2.913225216616411e-13,0.03979165792300161,0.3814974616349566
2023-03-24 00:00:00+00:00,1759.9153926499807,0.0,0.6433394559733823,-0.589936677852562,-2.913225216616411e-13,0.03979165792300161,0.3814974616349566
2023-03-27 00:00:00+00:00,1830.4205400475014,100.0,0.6325575726473194,-0.5968090293843081,-2.984279490192421e-13,0.041933748804833415,0.4040131165411946
2023-03-28 00:00:00+00:00,1859.4700770273523,0.0,0.6425965250063363,-0.5904102206108126,-2.984279490192421e-13,0.041933748804833415,0.4040131165411946
2023-03-29 00:00:00+00:00,1913.18687024522,0.0,0.6611599991287425,-0.5785778981898062,-2.984279490192421e-13,0.041933748804833415,0.4040131165411946
2023-03-30 00:00:00+00:00,1899.9833023481895,0.0,0.656597104058185,-0.5814862786627744,-2.984279490192421e-13,0.041933748804833415,0.4040131165411946
2023-03-31 00:00:00+00:00,1929.5772279212695,0.0,0.6668241864777951,-0.57496755615334,-2.984279490192421e-13,0.041933748804833415,0.4040131165411946
2023-04-03 00:00:00+00:00,1897.228004403367,0.0,0.6556449269263376,-0.5820931945208534,-2.984279490192421e-13,0.041933748804833415,0.4040131165411946
2023-04-04 00:00:00+00:00,1936.7377567352253,0.0,0.6692987253208248,-0.5733902898915959,-2.984279490192421e-13,0.041933748804833415,0.4040131165411946
2023-04-05 00:00:00+00:00,1952.4099185806579,0.0,0.6747147182241964,-0.5699381465136909,-2.984279490192421e-13,0.041933748804833415,0.4040131165411946
2023-04-06 00:00:00+00:00,1932.041365462813,0.0,0.6676757442634761,-0.5744247748714606,-2.984279490192421e-13,0.041933748804833415,0.4040131165411946
2023-04-10 00:00:00+00:00,2014.5506260204313,0.0,0.6961893325003616,-0.5562502690018172,-2.984279490192421e-13,0.041933748804833415,0.4040131165411946
2023-04-11 00:00:00+00:00,2029.9450545070088,0.0,0.7015093461817583,-0.5528593025939468,-2.984279490192421e-13,0.041933748804833415,0.4040131165411946
2023-04-12 00:00:00+00:00,2027.9695291661985,0.0,0.7008266432252815,-0.5532944561350104,-2.984279490192421e-13,0.041933748804833415,0.4040131165411946
2023-04-13 00:00:00+00:00,2086.56740741025,0.0,0.7210769249574666,-0.5403869658133459,-2.984279490192421e-13,0.041933748804833415,0.4040131165411946
2023-04-14 00:00:00+00:00,2126.016094079786,0.0,0.734709620252264,-0.5316975122589229,-2.984279490192421e-13,0.041933748804833415,0.4040131165411946
2023-04-17 00:00:00+00:00,2072.044753144862,0.0,0.7160581794126468,-0.5435859044949594,-2.984279490192421e-13,0.041933748804833415,0.4040131165411946
2023-04-18 00:00:00+00:00,2123.7892986727293,0.0,0.7339400832706514,-0.5321880136392836,-2.984279490192421e-13,0.041933748804833415,0.4040131165411946
2023-04-19 00:00:00+00:00,1988.8226415568722,0.0,0.6872982437886087,-0.5619174317116384,-2.984279490192421e-13,0.041933748804833415,0.4040131165411946
2023-04-20 00:00:00+00:00,1969.3515296088435,0.0,0.6805694079603845,-0.5662063786249465,-2.984279490192421e-13,0.041933748804833415,0.4040131165411946
2023-04-21 00:00:00+00:00,1890.164453865394,0.0,0.6532039018805543,-0.583649099153198,-2.984279490192421e-13,0.041933748804833415,0.4040131165411946
2023-04-24 00:00:00+00:00,1897.7639465775894,0.0,0.6558301380695628,-0.5819751412971867,-2.984279490192421e-13,0.041933748804833415,0.4040131165411946
2023-04-25 00:00:00+00:00,1940.6870956158643,0.0,0.6706635396688071,-0.5725203598718347,-2.984279490192421e-13,0.041933748804833415,0.4040131165411946
2023-04-26 00:00:00+00:00,1945.452148673529,0.0,0.6723102488975038,-0.571470750601549,-2.984279490192421e-13,0.041933748804833415,0.4040131165411946
2023-04-27 00:00:00+00:00,2110.0285374082973,100.0,0.6946265870365714,-0.5572463599311122,-3.197442310920451e-13,0.04404212443244855,0.4254171121923848
2023-04-28 00:00:00+00:00,2095.38777285567,0.0,0.6898068113167184,-0.5603184756319877,-3.197442310920451e-13,0.04404212443244855,0.4254171121923848
2023-05-01 00:00:00+00:00,2015.0096693262828,0.0,0.6633461418341774,-0.5771844550671197,-3.197442310920451e-13,0.04404212443244855,0.4254171121923848
2023-05-02 00:00:00+00:00,2058.2455747496138,0.0,0.677579508297805,-0.5681121348740635,-3.197442310920451e-13,0.04404212443244855,0.4254171121923848
2023-05-03 00:00:00+00:00,2088.8443992961165,0.0,0.6876527166384726,-0.5616914914042678,-3.197442310920451e-13,0.04404212443244855,0.4254171121923848
2023-05-04 00:00:00+00:00,2068.63152990582,0.0,0.6809985902937915,-0.565932818637587,-3.197442310920451e-13,0.04404212443244855,0.4254171121923848
2023-05-05 00:00:00+00:00,2147.4736768083785,0.0,0.7069536190749794,-0.5493891336053315,-3.197442310920451e-13,0.04404212443244855,0.4254171121923848
2023-05-08 00:00:00+00:00,2004.5759318774506,0.0,0.6599113297898721,-0.5793737976059024,-3.197442310920451e-13,0.04404212443244855,0.4254171121923848
2023-05-09 00:00:00+00:00,2002.3489111987676,0.0,0.6591781891020246,-0.5798411000591699,-3.197442310920451e-13,0.04404212443244855,0.4254171121923848
2023-05-10 00:00:00+00:00,1998.632418488269,0.0,0.6579547105558952,-0.5806209429128044,-3.197442310920451e-13,0.04404212443244855,0.4254171121923848
2023-05-11 00:00:00+00:00,1951.0812422182164,0.0,0.6423007463101739,-0.5905987493783903,-3.197442310920451e-13,0.04404212443244855,0.4254171121923848
2023-05-12 00:00:00+00:00,1949.0293240208289,0.0,0.6416252497900746,-0.5910293095508763,-3.197442310920451e-13,0.04404212443244855,0.4254171121923848
2023-05-15 00:00:00+00:00,1968.9209088953974,0.0,0.6481736084815363,-0.5868553984146924,-3.197442310920451e-13,0.04404212443244855,0.4254171121923848
2023-05-16 00:00:00+00:00,1966.677895399375,0.0,0.6474352029188642,-0.5873260566889673,-3.197442310920451e-13,0.04404212443244855,0.4254171121923848
2023-05-17 00:00:00+00:00,1982.1623142351443,0.0,0.6525327117048575,-0.5840769144701095,-3.197442310920451e-13,0.04404212443244855,0.4254171121923848
2023-05-18 00:00:00+00:00,1947.2551867266639,0.0,0.6410411994269009,-0.591401582120203,-3.197442310920451e-13,0.04404212443244855,0.4254171121923848
2023-05-19 00:00:00+00:00,1954.8556964650718,0.0,0.6435433059367082,-0.5898067442810937,-3.197442310920451e-13,0.04404212443244855,0.4254171121923848
2023-05-22 00:00:00+00:00,1955.6306791032382,0.0,0.6437984321283299,-0.5896441273411068,-3.197442310920451e-13,0.04404212443244855,0.4254171121923848
2023-05-23 00:00:00+00:00,1987.5540474830118,0.0,0.6543076835584505,-0.5829455508513472,-3.197442310920451e-13,0.04404212443244855,0.4254171121923848
2023-05-24 00:00:00+00:00,1925.2895406671335,0.0,0.6338100546893393,-0.5960106997586152,-3.197442310920451e-13,0.04404212443244855,0.4254171121923848
2023-05-25 00:00:00+00:00,1934.095091153082,0.0,0.6367088635786947,-0.5941630045917751,-3.197442310920451e-13,0.04404212443244855,0.4254171121923848
2023-05-26 00:00:00+00:00,1953.758595217135,0.0,0.6431821375060558,-0.5900369523386797,-3.197442310920451e-13,0.04404212443244855,0.4254171121923848
2023-05-30 00:00:00+00:00,2128.191812526078,100.0,0.6676857358151899,-0.5744184062757665,-3.339550858072471e-13,0.04620210649527706,0.44652039335326266
2023-05-31 00:00:00+00:00,2093.7894930722355,0.0,0.656892564897469,-0.5812979524965549,-3.339550858072471e-13,0.04620210649527706,0.44652039335326266
2023-06-01 00:00:00+00:00,2070.3675957801224,0.0,0.6495443237118635,-0.585981707183963,-3.339550858072471e-13,0.04620210649527706,0.44652039335326266
2023-06-02 00:00:00+00:00,2110.0365479859684,0.0,0.6619898154136381,-0.5780489748983823,-3.339550858072471e-13,0.04620210649527706,0.44652039335326266
2023-06-05 00:00:00+00:00,1997.1222084978692,0.0,0.6265647689486246,-0.6006288308450255,-3.339550858072471e-13,0.04620210649527706,0.44652039335326266
2023-06-06 00:00:00+00:00,2099.617250164207,0.0,0.658720929361237,-0.5801325565315667,-3.339550858072471e-13,0.04620210649527706,0.44652039335326266
2023-06-07 00:00:00+00:00,2035.0163999696238,0.0,0.6384534581950644,-0.5930510033651339,-3.339550858072471e-13,0.04620210649527706,0.44652039335326266
2023-06-08 00:00:00+00:00,2048.4074999853287,0.0,0.6426546990863863,-0.590373140564957,-3.339550858072471e-13,0.04620210649527706,0.44652039335326266
2023-06-09 00:00:00+00:00,2045.093333697256,0.0,0.6416149330541887,-0.5910358854183313,-3.339550858072471e-13,0.04620210649527706,0.44652039335326266
2023-06-12 00:00:00+00:00,1974.967389005981,0.0,0.6196140529148401,-0.605059203771251,-3.339550858072471e-13,0.04620210649527706,0.44652039335326266
2023-06-13 00:00:00+00:00,1975.2160472570183,0.0,0.6196920654165015,-0.6050094787539164,-3.339550858072471e-13,0.04620210649527706,0.44652039335326266
2023-06-14 00:00:00+00:00,1898.1770966837878,0.0,0.5955223415705748,-0.6204152138811847,-3.339550858072471e-13,0.04620210649527706,0.44652039335326266
2023-06-15 00:00:00+00:00,1927.0357960024394,0.0,0.6045762913958832,-0.6146442438132836,-3.339550858072471e-13,0.04620210649527706,0.44652039335326266
2023-06-16 00:00:00+00:00,1984.2808097675108,0.0,0.6225359879385152,-0.6031967680512247,-3.339550858072471e-13,0.04620210649527706,0.44652039335326266
2023-06-20 00:00:00+00:00,2108.048848332351,0.0,0.6613662068187768,-0.5784464618079044,-3.339550858072471e-13,0.04620210649527706,0.44652039335326266
2023-06-21 00:00:00+00:00,2229.307040275207,0.0,0.6994090019439426,-0.5541980579396901,-3.339550858072471e-13,0.04620210649527706,0.44652039335326266
2023-06-22 00:00:00+00:00,2216.636898004076,0.0,0.6954339498760833,-0.5567317484222506,-3.339550858072471e-13,0.04620210649527706,0.44652039335326266
2023-06-23 00:00:00+00:00,2262.971237252495,0.0,0.7099705988813582,-0.5474661165250506,-3.339550858072471e-13,0.04620210649527706,0.44652039335326266
2023-06-26 00:00:00+00:00,2228.5129130098953,0.0,0.6991598573676175,-0.554356862209682,-3.339550858072471e-13,0.04620210649527706,0.44652039335326266
2023-06-27 00:00:00+00:00,2363.1393419654546,100.0,0.7100233390142286,-0.5474325000665938,-3.623767952376511e-13,0.04818142870622057,0.46800544686411943
2023-06-28 00:00:00+00:00,2304.695902559313,0.0,0.6924635594220055,-0.5586250695396866,-3.623767952376511e-13,0.04818142870622057,0.46800544686411943
2023-06-29 00:00:00+00:00,2333.736303599077,0.0,0.7011889706351321,-0.5530635093463301,-3.623767952376511e-13,0.04818142870622057,0.46800544686411943
2023-06-30 00:00:00+00:00,2373.2087486273185,0.0,0.7130487694714961,-0.5455040965578177,-3.623767952376511e-13,0.04818142870622057,0.46800544686411943
2023-07-03 00:00:00+00:00,2416.353600617409,0.0,0.7260119711444877,-0.5372413769401451,-3.623767952376511e-13,0.04818142870622057,0.46800544686411943
2023-07-05 00:00:00+00:00,2363.824213683143,0.0,0.7102291139743229,-0.547301339505917,-3.623767952376511e-13,0.04818142870622057,0.46800544686411943
2023-07-06 00:00:00+00:00,2304.422145023939,0.0,0.6923813068709628,-0.5586774971562777,-3.623767952376511e-13,0.04818142870622057,0.46800544686411943
2023-07-07 00:00:00+00:00,2337.6470702542006,0.0,0.7023639904696659,-0.5523145539815312,-3.623767952376511e-13,0.04818142870622057,0.46800544686411943
2023-07-10 00:00:00+00:00,2345.3103340825264,0.0,0.7046664768590676,-0.5508469536202122,-3.623767952376511e-13,0.04818142870622057,0.46800544686411943
2023-07-11 00:00:00+00:00,2354.471158829632,0.0,0.7074189169118213,-0.5490925536660913,-3.623767952376511e-13,0.04818142870622057,0.46800544686411943
2023-07-12 00:00:00+00:00,2339.7737596441766,0.0,0.7030029706071897,-0.5519072692805131,-3.623767952376511e-13,0.04818142870622057,0.46800544686411943
2023-07-13 00:00:00+00:00,2453.6219784387226,0.0,0.7372095410847878,-0.5301040675662774,-3.623767952376511e-13,0.04818142870622057,0.46800544686411943
2023-07-14 00:00:00+00:00,2367.3909438539413,0.0,0.7113007654086081,-0.5466182709590607,-3.623767952376511e-13,0.04818142870622057,0.46800544686411943
2023-07-17 00:00:00+00:00,2346.5439083947804,0.0,0.7050371137218859,-0.5506107104023178,-3.623767952376511e-13,0.04818142870622057,0.46800544686411943
2023-07-18 00:00:00+00:00,2326.5601571698476,0.0,0.6990328424041585,-0.5544378213011769,-3.623767952376511e-13,0.04818142870622057,0.46800544686411943
2023-07-19 00:00:00+00:00,2324.957596385361,0.0,0.6985513407258749,-0.5547447295375416,-3.623767952376511e-13,0.04818142870622057,0.46800544686411943
2023-07-20 00:00:00+00:00,2321.0809986790723,0.0,0.697386587214072,-0.5554871411681327,-3.623767952376511e-13,0.04818142870622057,0.46800544686411943
2023-07-21 00:00:00+00:00,2326.0475343696303,0.0,0.6988788209523544,-0.554535994275992,-3.623767952376511e-13,0.04818142870622057,0.46800544686411943
2023-07-24 00:00:00+00:00,2271.5755313456652,0.0,0.6825122898794549,-0.5649679894559365,-3.623767952376511e-13,0.04818142870622057,0.46800544686411943
2023-07-25 00:00:00+00:00,2277.685641747137,0.0,0.6843481194100955,-0.5637978352717945,-3.623767952376511e-13,0.04818142870622057,0.46800544686411943
2023-07-26 00:00:00+00:00,2290.325564657469,0.0,0.6881458811883798,-0.5613771492761384,-3.623767952376511e-13,0.04818142870622057,0.46800544686411943
2023-07-27 00:00:00+00:00,2378.442491432448,100.0,0.6845755207025853,-0.5636528901287706,-3.836930773104541e-13,0.050222523246365815,0.4893410682750658
2023-07-28 00:00:00+00:00,2389.348214347667,0.0,0.6877144618248606,-0.5616521351421548,-3.836930773104541e-13,0.050222523246365815,0.4893410682750658
2023-07-31 00:00:00+00:00,2376.402885636657,0.0,0.6839884708980551,-0.5640270745362035,-3.836930773104541e-13,0.050222523246365815,0.4893410682750658
2023-08-01 00:00:00+00:00,2408.6755845125977,0.0,0.6932773646665855,-0.558106351654323,-3.836930773104541e-13,0.050222523246365815,0.4893410682750658
2023-08-02 00:00:00+00:00,2366.133697212958,0.0,0.681032740398928,-0.5659110514267718,-3.836930773104541e-13,0.050222523246365815,0.4893410682750658
2023-08-03 00:00:00+00:00,2364.515490096083,0.0,0.6805669797241882,-0.5662079263779909,-3.836930773104541e-13,0.050222523246365815,0.4893410682750658
2023-08-04 00:00:00+00:00,2357.7847429585354,0.0,0.6786297015503405,-0.5674427437306586,-3.836930773104541e-13,0.050222523246365815,0.4893410682750658
2023-08-07 00:00:00+00:00,2362.106887882909,0.0,0.6798737234776367,-0.5666498065656909,-3.836930773104541e-13,0.050222523246365815,0.4893410682750658
2023-08-08 00:00:00+00:00,2403.509435543078,0.0,0.6917904171647746,-0.5590541291095839,-3.836930773104541e-13,0.050222523246365815,0.4893410682750658
2023-08-09 00:00:00+00:00,2393.581131472904,0.0,0.6889328017492178,-0.5608755676360769,-3.836930773104541e-13,0.050222523246365815,0.4893410682750658
2023-08-10 00:00:00+00:00,2385.8317378616507,0.0,0.6867023315210484,-0.5622972650358271,-3.836930773104541e-13,0.050222523246365815,0.4893410682750658
2023-08-11 00:00:00+00:00,2382.56281639293,0.0,0.6857614537724183,-0.562896978688947,-3.836930773104541e-13,0.050222523246365815,0.4893410682750658
2023-08-14 00:00:00+00:00,2381.1745075887984,0.0,0.6853618636095669,-0.5631516766841576,-3.836930773104541e-13,0.050222523246365815,0.4893410682750658
2023-08-15 00:00:00+00:00,2361.492705847611,0.0,0.6796969464531197,-0.5667624838984423,-3.836930773104541e-13,0.050222523246365815,0.4893410682750658
2023-08-16 00:00:00+00:00,2327.5543829932917,0.0,0.669928644245495,-0.5729887807900859,-3.836930773104541e-13,0.050222523246365815,0.4893410682750658
2023-08-17 00:00:00+00:00,2159.916940516368,0.0,0.6216783754724318,-0.6037434085746558,-3.836930773104541e-13,0.050222523246365815,0.4893410682750658
2023-08-18 00:00:00+00:00,2121.581846295981,0.0,0.6106445719721845,-0.610776333537089,-3.836930773104541e-13,0.050222523246365815,0.4893410682750658
2023-08-21 00:00:00+00:00,2128.1605454580254,0.0,0.6125380869176267,-0.6095694107813736,-3.836930773104541e-13,0.050222523246365815,0.4893410682750658
2023-08-22 00:00:00+00:00,2108.6658189263567,0.0,0.6069270147077899,-0.6131458973310655,-3.836930773104541e-13,0.050222523246365815,0.4893410682750658
2023-08-23 00:00:00+00:00,2149.4200463501616,0.0,0.6186571055382308,-0.6056691601740942,-3.836930773104541e-13,0.050222523246365815,0.4893410682750658
2023-08-24 00:00:00+00:00,2127.701978691827,0.0,0.6124060998782604,-0.6096535390644137,-3.836930773104541e-13,0.050222523246365815,0.4893410682750658
2023-08-25 00:00:00+00:00,2118.071716738829,0.0,0.6096342684740016,-0.6114202990283946,-3.836930773104541e-13,0.050222523246365815,0.4893410682750658
2023-08-28 00:00:00+00:00,2220.4977909113554,100.0,0.6103325535895354,-0.6109752134493533,-3.907985046680551e-13,0.05251777302962259,0.5134255809625752
2023-08-29 00:00:00+00:00,2343.528921560146,0.0,0.6441492520105976,-0.5894205154282008,-3.907985046680551e-13,0.05251777302962259,0.5134255809625752
2023-08-30 00:00:00+00:00,2309.243381955778,0.0,0.6347254277566042,-0.5954272427399578,-3.907985046680551e-13,0.05251777302962259,0.5134255809625752
2023-08-31 00:00:00+00:00,2207.3272803763402,0.0,0.606712468327656,-0.6132826487778724,-3.907985046680551e-13,0.05251777302962259,0.5134255809625752
2023-09-01 00:00:00+00:00,2191.6556413758126,0.0,0.6024049155395942,-0.6160282745749497,-3.907985046680551e-13,0.05251777302962259,0.5134255809625752
2023-09-05 00:00:00+00:00,2193.7120945616093,0.0,0.6029701583105449,-0.6156679899284481,-3.907985046680551e-13,0.05251777302962259,0.5134255809625752
2023-09-06 00:00:00+00:00,2191.3561949034556,0.0,0.6023226088014902,-0.6160807367302685,-3.907985046680551e-13,0.05251777302962259,0.5134255809625752
2023-09-07 00:00:00+00:00,2225.0359651329704,0.0,0.611579929503463,-0.6101801384598085,-3.907985046680551e-13,0.05251777302962259,0.5134255809625752
2023-09-08 00:00:00+00:00,2200.9519157944324,0.0,0.6049601168678768,-0.6143995942014666,-3.907985046680551e-13,0.05251777302962259,0.5134255809625752
2023-09-11 00:00:00+00:00,2118.239002030111,0.0,0.5822254021209236,-0.6288906573107619,-3.907985046680551e-13,0.05251777302962259,0.5134255809625752
2023-09-12 00:00:00+00:00,2174.9360545687036,0.0,0.5978093207352614,-0.618957497794839,-3.907985046680551e-13,0.05251777302962259,0.5134255809625752
2023-09-13 00:00:00+00:00,2202.514276849818,0.0,0.605389552022672,-0.6141258730662444,-3.907985046680551e-13,0.05251777302962259,0.5134255809625752
2023-09-14 00:00:00+00:00,2227.986018934161,0.0,0.6123907899677592,-0.6096632975716895,-3.907985046680551e-13,0.05251777302962259,0.5134255809625752
2023-09-15 00:00:00+00:00,2239.6530343660256,0.0,0.6155976201436072,-0.6076192702339269,-3.907985046680551e-13,0.05251777302962259,0.5134255809625752
2023-09-18 00:00:00+00:00,2245.8105372212126,0.0,0.6172900894884196,-0.6065404935543334,-3.907985046680551e-13,0.05251777302962259,0.5134255809625752
2023-09-19 00:00:00+00:00,2272.6420993482443,0.0,0.6246650915698521,-0.6018396815238001,-3.907985046680551e-13,0.05251777302962259,0.5134255809625752
2023-09-20 00:00:00+00:00,2257.4543764008595,0.0,0.6204905493714186,-0.6045005266288842,-3.907985046680551e-13,0.05251777302962259,0.5134255809625752
2023-09-21 00:00:00+00:00,2208.5317099827166,0.0,0.6070435213916523,-0.6130716361966155,-3.907985046680551e-13,0.05251777302962259,0.5134255809625752
2023-09-22 00:00:00+00:00,2213.8577841354513,0.0,0.6085074617979661,-0.612138523419426,-3.907985046680551e-13,0.05251777302962259,0.5134255809625752
2023-09-25 00:00:00+00:00,2196.959294177633,0.0,0.6038626931474513,-0.61509908995355,-3.907985046680551e-13,0.05251777302962259,0.5134255809625752
2023-09-26 00:00:00+00:00,2195.5092238278176,0.0,0.603464122546251,-0.6153531380821406,-3.907985046680551e-13,0.05251777302962259,0.5134255809625752
2023-09-27 00:00:00+00:00,2306.145014322287,100.0,0.6063875072028367,-0.6134897783689071,-4.192202140984591e-13,0.05480252766348343,0.5384817721804253
2023-09-28 00:00:00+00:00,2370.945457577295,0.0,0.6234264093564339,-0.6026292151654926,-4.192202140984591e-13,0.05480252766348343,0.5384817721804253
2023-09-29 00:00:00+00:00,2372.460850762492,0.0,0.6238248732389291,-0.6023752350591978,-4.192202140984591e-13,0.05480252766348343,0.5384817721804253
2023-10-02 00:00:00+00:00,2401.94074294166,0.0,0.6315764405602008,-0.5974344010747489,-4.192202140984591e-13,0.05480252766348343,0.5384817721804253
2023-10-03 00:00:00+00:00,2395.239011551724,0.0,0.6298142590120988,-0.5985576121775846,-4.192202140984591e-13,0.05480252766348343,0.5384817721804253
2023-10-04 00:00:00+00:00,2408.989167313855,0.0,0.6334297830248848,-0.5962530841803958,-4.192202140984591e-13,0.05480252766348343,0.5384817721804253
2023-10-05 00:00:00+00:00,2370.0781918245566,0.0,0.62319836683759,-0.6027745690249516,-4.192202140984591e-13,0.05480252766348343,0.5384817721804253
2023-10-06 00:00:00+00:00,2416.5130020862102,0.0,0.6354081319074919,-0.594992088437579,-4.192202140984591e-13,0.05480252766348343,0.5384817721804253
2023-10-09 00:00:00+00:00,2362.8795172142823,0.0,0.6213055169409101,-0.6039810678798752,-4.192202140984591e-13,0.05480252766348343,0.5384817721804253
2023-10-10 00:00:00+00:00,2345.1879895293305,0.0,0.6166536319532522,-0.6069461703534995,-4.192202140984591e-13,0.05480252766348343,0.5384817721804253
2023-10-11 00:00:00+00:00,2316.5773626468444,0.0,0.6091306329193517,-0.6117413153546493,-4.192202140984591e-13,0.05480252766348343,0.5384817721804253
2023-10-12 00:00:00+00:00,2295.5472846062853,0.0,0.6036008954049727,-0.6152659593271206,-4.192202140984591e-13,0.05480252766348343,0.5384817721804253
2023-10-13 00:00:00+00:00,2307.9153656040603,0.0,0.6068530108437443,-0.6131930672505543,-4.192202140984591e-13,0.05480252766348343,0.5384817721804253
2023-10-16 00:00:00+00:00,2423.1733004416706,0.0,0.637159418878568,-0.5938758215170208,-4.192202140984591e-13,0.05480252766348343,0.5384817721804253
2023-10-17 00:00:00+00:00,2398.8970015848727,0.0,0.6307761063563887,-0.59794453254484,-4.192202140984591e-13,0.05480252766348343,0.5384817721804253
2023-10-18 00:00:00+00:00,2393.891525327614,0.0,0.6294599452948979,-0.5987834510541044,-4.192202140984591e-13,0.05480252766348343,0.5384817721804253
2023-10-19 00:00:00+00:00,2417.153276440929,0.0,0.6355764883497245,-0.5948847783676527,-4.192202140984591e-13,0.05480252766348343,0.5384817721804253
2023-10-20 00:00:00+00:00,2489.6039149314583,0.0,0.6546269651396399,-0.5827420413904129,-4.192202140984591e-13,0.05480252766348343,0.5384817721804253
2023-10-23 00:00:00+00:00,2762.9870713197733,0.0,0.7265114865743297,-0.5369229867734562,-4.192202140984591e-13,0.05480252766348343,0.5384817721804253
2023-10-24 00:00:00+00:00,2820.2305429524945,0.0,0.7415633267020864,-0.5273289730534654,-4.192202140984591e-13,0.05480252766348343,0.5384817721804253
2023-10-25 00:00:00+00:00,2852.818433558154,0.0,0.7501321242523877,-0.5218672381052039,-4.192202140984591e-13,0.05480252766348343,0.5384817721804253
2023-10-26 00:00:00+00:00,2842.6845502186156,0.0,0.7474674781792296,-0.5235656783469158,-4.192202140984591e-13,0.05480252766348343,0.5384817721804253
2023-10-27 00:00:00+00:00,2914.406222023204,100.0,0.7400318551651589,-0.5283051300424014,-4.263256414560601e-13,0.05655676464310949,0.5606289893242917
2023-10-30 00:00:00+00:00,2963.9794575919627,0.0,0.7526195902609962,-0.5202817320931786,-4.263256414560601e-13,0.05655676464310949,0.5606289893242917
2023-10-31 00:00:00+00:00,2976.4699272385565,0.0,0.7557911952879839,-0.5182601571970169,-4.263256414560601e-13,0.05655676464310949,0.5606289893242917
2023-11-01 00:00:00+00:00,3038.797616824451,0.0,0.7716175668500058,-0.5081724586422264,-4.263256414560601e-13,0.05655676464310949,0.5606289893242917
2023-11-02 00:00:00+00:00,2985.763965861212,0.0,0.7581511561582039,-0.5167559227130365,-4.263256414560601e-13,0.05655676464310949,0.5606289893242917
2023-11-03 00:00:00+00:00,2990.9391106511325,0.0,0.7594652392708096,-0.5159183286843637,-4.263256414560601e-13,0.05655676464310949,0.5606289893242917
2023-11-06 00:00:00+00:00,3047.821141047245,0.0,0.7739088381629275,-0.5067120067489157,-4.263256414560601e-13,0.05655676464310949,0.5606289893242917
2023-11-07 00:00:00+00:00,3058.996713116597,0.0,0.7767465617680032,-0.5049032472238639,-4.263256414560601e-13,0.05655676464310949,0.5606289893242917
2023-11-08 00:00:00+00:00,3073.3537118396566,0.0,0.7803921195901566,-0.5025795757348037,-4.263256414560601e-13,0.05655676464310949,0.5606289893242917
2023-11-09 00:00:00+00:00,3264.968396908985,0.0,0.8290473035508551,-0.47156685579454827,-4.263256414560601e-13,0.05655676464310949,0.5606289893242917
2023-11-10 00:00:00+00:00,3274.489572413219,0.0,0.8314649394721989,-0.4700258593447826,-4.263256414560601e-13,0.05655676464310949,0.5606289893242917
2023-11-13 00:00:00+00:00,3213.5610741340074,0.0,0.8159938533644117,-0.47988709963975185,-4.263256414560601e-13,0.05655676464310949,0.5606289893242917
2023-11-14 00:00:00+00:00,3120.363700791077,0.0,0.7923289899797837,-0.49497103768764183,-4.263256414560601e-13,0.05655676464310949,0.5606289893242917
2023-11-15 00:00:00+00:00,3295.180869156035,0.0,0.8367189149127706,-0.46667698558360127,-4.263256414560601e-13,0.05655676464310949,0.5606289893242917
2023-11-16 00:00:00+00:00,3145.116256125452,0.0,0.7986142083222904,-0.49096485169979387,-4.263256414560601e-13,0.05655676464310949,0.5606289893242917
2023-11-17 00:00:00+00:00,3170.057390948497,0.0,0.8049473111456192,-0.4869281442366922,-4.263256414560601e-13,0.05655676464310949,0.5606289893242917
2023-11-20 00:00:00+00:00,3251.2372756517084,0.0,0.8255606697862368,-0.4737892293974041,-4.263256414560601e-13,0.05655676464310949,0.5606289893242917
2023-11-21 00:00:00+00:00,3105.1335296601433,0.0,0.7884617144739404,-0.49743603159849437,-4.263256414560601e-13,0.05655676464310949,0.5606289893242917
2023-11-22 00:00:00+00:00,3272.39001813319,0.0,0.8309318164514173,-0.4703656709247892,-4.263256414560601e-13,0.05655676464310949,0.5606289893242917
2023-11-24 00:00:00+00:00,3299.536728486994,0.0,0.8378249634234995,-0.46597199240689724,-4.263256414560601e-13,0.05655676464310949,0.5606289893242917
2023-11-27 00:00:00+00:00,3341.849823924969,100.0,0.823176989273851,-0.4753085827353213,-4.476419235288631e-13,0.058156610637509536,0.5799953740741766
2023-11-28 00:00:00+00:00,3387.3290227968737,0.0,0.8343795962054789,-0.4681680627929453,-4.476419235288631e-13,0.058156610637509536,0.5799953740741766
2023-11-29 00:00:00+00:00,3378.197974178524,0.0,0.832130402044582,-0.46960169479112046,-4.476419235288631e-13,0.058156610637509536,0.5799953740741766
2023-11-30 00:00:00+00:00,3384.024961210231,0.0,0.8335657273566167,-0.46868682121955507,-4.476419235288631e-13,0.058156610637509536,0.5799953740741766
2023-12-01 00:00:00+00:00,3460.233798700259,0.0,0.8523377741888771,-0.45672155495759825,-4.476419235288631e-13,0.058156610637509536,0.5799953740741766
2023-12-04 00:00:00+00:00,3743.2042752775114,0.0,0.9220401238560055,-0.412293412395225,-4.476419235288631e-13,0.058156610637509536,0.5799953740741766
2023-12-05 00:00:00+00:00,3893.2757019678925,0.0,0.9590062808372694,-0.3887312555929102,-4.476419235288631e-13,0.058156610637509536,0.5799953740741766
2023-12-06 00:00:00+00:00,3840.045394475446,0.0,0.9458943917433753,-0.39708874828444096,-4.476419235288631e-13,0.058156610637509536,0.5799953740741766
2023-12-07 00:00:00+00:00,3882.931656610199,0.0,0.9564582967676387,-0.3903553356997188,-4.476419235288631e-13,0.058156610637509536,0.5799953740741766
2023-12-08 00:00:00+00:00,3936.8817556395684,0.0,0.9697474876140013,-0.3818848312148575,-4.476419235288631e-13,0.058156610637509536,0.5799953740741766
2023-12-11 00:00:00+00:00,3689.717228033367,0.0,0.90886499366303,-0.4206912148407198,-4.476419235288631e-13,0.058156610637509536,0.5799953740741766
2023-12-12 00:00:00+00:00,3691.053376607179,0.0,0.90919411879377,-0.42048143112038316,-4.476419235288631e-13,0.058156610637509536,0.5799953740741766
2023-12-13 00:00:00+00:00,3803.999830785206,0.0,0.9370155132304079,-0.4027481282372253,-4.476419235288631e-13,0.058156610637509536,0.5799953740741766
2023-12-14 00:00:00+00:00,3844.9037130671236,0.0,0.9470911110102309,-0.39632596174354373,-4.476419235288631e-13,0.058156610637509536,0.5799953740741766
2023-12-15 00:00:00+00:00,3726.9854252520504,0.0,0.9180450358547847,-0.41483987374287123,-4.476419235288631e-13,0.058156610637509536,0.5799953740741766
2023-12-18 00:00:00+00:00,3768.0921983342037,0.0,0.9281706104578912,-0.4083858521189071,-4.476419235288631e-13,0.058156610637509536,0.5799953740741766
2023-12-19 00:00:00+00:00,3721.806014895136,0.0,0.9167692240593848,-0.41565307370814464,-4.476419235288631e-13,0.058156610637509536,0.5799953740741766
2023-12-20 00:00:00+00:00,3816.8853718915884,0.0,0.9401895280700867,-0.40072501733112564,-4.476419235288631e-13,0.058156610637509536,0.5799953740741766
2023-12-21 00:00:00+00:00,3849.817064190582,0.0,0.9483013860968307,-0.39555453474941904,-4.476419235288631e-13,0.058156610637509536,0.5799953740741766
2023-12-22 00:00:00+00:00,3905.312786235468,0.0,0.9619713006044891,-0.3868413577408667,-4.476419235288631e-13,0.058156610637509536,0.5799953740741766
2023-12-26 00:00:00+00:00,3766.0753707417466,0.0,0.9276738179169585,-0.40870250672148345,-4.476419235288631e-13,0.058156610637509536,0.5799953740741766
2023-12-27 00:00:00+00:00,4008.8935817473725,100.0,0.9628533355922949,-0.3862791503494317,-4.689582056016661e-13,0.059565964034257374,0.5978986543604661
2023-12-28 00:00:00+00:00,3936.9155279418487,0.0,0.945565695553249,-0.3972982585988619,-4.689582056016661e-13,0.059565964034257374,0.5978986543604661
2023-12-29 00:00:00+00:00,3880.447016836486,0.0,0.9320031269379878,-0.40594301354368645,-4.689582056016661e-13,0.059565964034257374,0.5978986543604661
2024-01-02 00:00:00+00:00,4085.560641072383,0.0,0.9812671777898628,-0.37454220302726127,-4.689582056016661e-13,0.059565964034257374,0.5978986543604661
2024-01-03 00:00:00+00:00,3873.3060437328936,0.0,0.9302880128717341,-0.40703622392483063,-4.689582056016661e-13,0.059565964034257374,0.5978986543604661
2024-01-04 00:00:00+00:00,3985.4048529600564,0.0,0.9572118286776033,-0.3898750359210015,-4.689582056016661e-13,0.059565964034257374,0.5978986543604661
2024-01-05 00:00:00+00:00,3986.046543588274,0.0,0.9573659494965273,-0.38977679960977685,-4.689582056016661e-13,0.059565964034257374,0.5978986543604661
2024-01-08 00:00:00+00:00,4190.050900078783,0.0,1.006363577175292,-0.35854580670744074,-4.689582056016661e-13,0.059565964034257374,0.5978986543604661
2024-01-09 00:00:00+00:00,4148.234438050304,0.0,0.9963201277482207,-0.36494748190339676,-4.689582056016661e-13,0.059565964034257374,0.5978986543604661
2024-01-10 00:00:00+00:00,4324.187214750704,0.0,1.0385803460598433,-0.33801090067145545,-4.689582056016661e-13,0.059565964034257374,0.5978986543604661
2024-01-11 00:00:00+00:00,4325.541394039941,0.0,1.0389055919210877,-0.3378035895899755,-4.689582056016661e-13,0.059565964034257374,0.5978986543604661
2024-01-12 00:00:00+00:00,4056.617828037794,0.0,0.974315712627839,-0.37897305344637444,-4.689582056016661e-13,0.059565964034257374,0.5978986543604661
2024-01-16 00:00:00+00:00,4116.556556503861,0.0,0.9887117556900643,-0.36979704350471476,-4.689582056016661e-13,0.059565964034257374,0.5978986543604661
2024-01-17 00:00:00+00:00,4060.7968304021038,0.0,0.9753194225752031,-0.3783332906715796,-4.689582056016661e-13,0.059565964034257374,0.5978986543604661
2024-01-18 00:00:00+00:00,3939.006352806154,0.0,0.9460678684480104,-0.3969781745691848,-4.689582056016661e-13,0.059565964034257374,0.5978986543604661
2024-01-19 00:00:00+00:00,3971.4237293483297,0.0,0.9538538519116025,-0.39201540380233524,-4.689582056016661e-13,0.059565964034257374,0.5978986543604661
2024-01-22 00:00:00+00:00,3740.5643221477662,0.0,0.8984061964068548,-0.42735763193781007,-4.689582056016661e-13,0.059565964034257374,0.5978986543604661
2024-01-23 00:00:00+00:00,3717.3865289219675,0.0,0.8928393697839836,-0.4309059164361385,-4.689582056016661e-13,0.059565964034257374,0.5978986543604661
2024-01-24 00:00:00+00:00,3724.0099708662506,0.0,0.8944301835681637,-0.42989193481383636,-4.689582056016661e-13,0.059565964034257374,0.5978986543604661
2024-01-25 00:00:00+00:00,3706.8427202200255,0.0,0.8903069649766485,-0.43252006635135976,-4.689582056016661e-13,0.059565964034257374,0.5978986543604661
2024-01-26 00:00:00+00:00,3847.100512966545,0.0,0.9239939863043475,-0.4110480242581427,-4.689582056016661e-13,0.059565964034257374,0.5978986543604661
2024-01-29 00:00:00+00:00,4067.7939481152216,100.0,0.9529820535222213,-0.39257108640577754,-4.973799150320701e-13,0.06099134134192911,0.6155955261425908
2024-01-30 00:00:00+00:00,4061.381761405263,0.0,0.9514798390697771,-0.39352859498577775,-4.973799150320701e-13,0.06099134134192911,0.6155955261425908
2024-01-31 00:00:00+00:00,4002.5020838965356,0.0,0.9376858080301783,-0.40232088363119356,-4.973799150320701e-13,0.06099134134192911,0.6155955261425908
2024-02-01 00:00:00+00:00,4046.1907585337,0.0,0.9479209682675054,-0.39579701233640496,-4.973799150320701e-13,0.06099134134192911,0.6155955261425908
2024-02-02 00:00:00+00:00,4056.272951566148,0.0,0.9502829731140198,-0.3942914750258967,-4.973799150320701e-13,0.06099134134192911,0.6155955261425908
2024-02-05 00:00:00+00:00,4021.8571499108466,0.0,0.9422202143427012,-0.3994306618373722,-4.973799150320701e-13,0.06099134134192911,0.6155955261425908
2024-02-06 00:00:00+00:00,4089.2493400756916,0.0,0.9580085135028421,-0.3893672305577386,-4.973799150320701e-13,0.06099134134192911,0.6155955261425908
2024-02-07 00:00:00+00:00,4197.822302426415,0.0,0.9834444342839143,-0.37315442395848497,-4.973799150320701e-13,0.06099134134192911,0.6155955261425908
2024-02-08 00:00:00+00:00,4251.6796663434625,0.0,0.9960618632681779,-0.3651120991823398,-4.973799150320701e-13,0.06099134134192911,0.6155955261425908
2024-02-09 00:00:00+00:00,4405.406074945756,0.0,1.0320761035219863,-0.3421566922568493,-4.973799150320701e-13,0.06099134134192911,0.6155955261425908
2024-02-12 00:00:00+00:00,4681.999197011267,0.0,1.0968749317857052,-0.3008540447317125,-4.973799150320701e-13,0.06099134134192911,0.6155955261425908
2024-02-13 00:00:00+00:00,4656.410691305104,0.0,1.0908801869619849,-0.3046750834617583,-4.973799150320701e-13,0.06099134134192911,0.6155955261425908
2024-02-14 00:00:00+00:00,4867.217515228967,0.0,1.140266936271778,-0.2731960651861026,-4.973799150320701e-13,0.06099134134192911,0.6155955261425908
2024-02-15 00:00:00+00:00,4901.804564954097,0.0,1.1483698141689247,-0.2680313065215937,-4.973799150320701e-13,0.06099134134192911,0.6155955261425908
2024-02-16 00:00:00+00:00,4903.89493030057,0.0,1.1488595343184462,-0.2677191598475932,-4.973799150320701e-13,0.06099134134192911,0.6155955261425908
2024-02-20 00:00:00+00:00,5043.239076916375,0.0,1.181504371466542,-0.24691140393021926,-4.973799150320701e-13,0.06099134134192911,0.6155955261425908
2024-02-21 00:00:00+00:00,4989.3898058994,0.0,1.1688888384456995,-0.2549525202229552,-4.973799150320701e-13,0.06099134134192911,0.6155955261425908
2024-02-22 00:00:00+00:00,4957.330077488317,0.0,1.1613780485172385,-0.2597398831639648,-4.973799150320701e-13,0.06099134134192911,0.6155955261425908
2024-02-23 00:00:00+00:00,4893.871644070976,0.0,1.1465113298577594,-0.26921590081892666,-4.973799150320701e-13,0.06099134134192911,0.6155955261425908
2024-02-26 00:00:00+00:00,5277.68743217066,0.0,1.2364297383570304,-0.2119020815450361,-4.973799150320701e-13,0.06099134134192911,0.6155955261425908
2024-02-27 00:00:00+00:00,5578.267802923949,100.0,1.2834206862897015,-0.18195014242298468,-5.044853423896711e-13,0.06209108392602441,0.628171312891462
2024-02-28 00:00:00+00:00,6001.643129421053,0.0,1.3808288192958336,-0.11986238726697784,-5.044853423896711e-13,0.06209108392602441,0.628171312891462
2024-02-29 00:00:00+00:00,5893.837530135762,0.0,1.3560254320959437,-0.135672018187729,-5.044853423896711e-13,0.06209108392602441,0.628171312891462
2024-03-01 00:00:00+00:00,6030.51456568935,0.0,1.3874714187296944,-0.11562840726427093,-5.044853423896711e-13,0.06209108392602441,0.628171312891462
2024-03-04 00:00:00+00:00,6516.3048692562525,0.0,1.4992396856583479,-0.044387530582643,-5.044853423896711e-13,0.06209108392602441,0.628171312891462
2024-03-05 00:00:00+00:00,6188.993839069562,0.0,1.4239335580514587,-0.09238751034110126,-5.044853423896711e-13,0.06209108392602441,0.628171312891462
2024-03-06 00:00:00+00:00,6501.337456665699,0.0,1.4957960562705872,-0.04658249327905206,-5.044853423896711e-13,0.06209108392602441,0.628171312891462
2024-03-07 00:00:00+00:00,6579.367105134968,0.0,1.5137487377350518,-0.035139488914218475,-5.044853423896711e-13,0.06209108392602441,0.628171312891462
2024-03-08 00:00:00+00:00,6669.3201483126195,0.0,1.5344446957793025,-0.02194792537517043,-5.044853423896711e-13,0.06209108392602441,0.628171312891462
2024-03-11 00:00:00+00:00,7028.798108969594,0.0,1.6171516340748369,0.0,-5.044853423896711e-13,0.06209108392602441,0.628171312891462
2024-03-12 00:00:00+00:00,6936.629448048637,0.0,1.5959459174917117,-0.01311300445567487,-5.044853423896711e-13,0.06209108392602441,0.628171312891462
2024-03-13 00:00:00+00:00,7052.839334141462,0.0,1.6226829220659138,0.0,-5.044853423896711e-13,0.06209108392602441,0.628171312891462
2024-03-14 00:00:00+00:00,6870.989250180708,0.0,1.580843740476888,-0.02578395385819332,-5.044853423896711e-13,0.06209108392602441,0.628171312891462
2024-03-15 00:00:00+00:00,6666.057424585407,0.0,1.5336940241957409,-0.05484059557173193,-5.044853423896711e-13,0.06209108392602441,0.628171312891462
2024-03-18 00:00:00+00:00,6409.429543509547,0.0,1.4746503312631767,-0.09122705908204787,-5.044853423896711e-13,0.06209108392602441,0.628171312891462
2024-03-19 00:00:00+00:00,5829.927337311231,0.0,1.3413212862152513,-0.1733928619230477,-5.044853423896711e-13,0.06209108392602441,0.628171312891462
2024-03-20 00:00:00+00:00,6421.27406691651,0.0,1.4773754615180865,-0.08954766120471003,-5.044853423896711e-13,0.06209108392602441,0.628171312891462
2024-03-21 00:00:00+00:00,6261.1530230641265,0.0,1.4405355916425795,-0.11225072252035162,-5.044853423896711e-13,0.06209108392602441,0.628171312891462
2024-03-22 00:00:00+00:00,6057.001888203794,0.0,1.3935654928832601,-0.14119667253966872,-5.044853423896711e-13,0.06209108392602441,0.628171312891462
2024-03-25 00:00:00+00:00,6594.324410893188,0.0,1.5171900417920565,-0.06501139491845354,-5.044853423896711e-13,0.06209108392602441,0.628171312891462
2024-03-26 00:00:00+00:00,6599.088577689524,0.0,1.518286158083954,-0.06433589862956557,-5.044853423896711e-13,0.06209108392602441,0.628171312891462
2024-03-27 00:00:00+00:00,6611.261918586355,100.0,1.498079428130681,-0.07678856555450408,-5.329070518200751e-13,0.06294708943336383,0.6393049920516923
2024-03-28 00:00:00+00:00,6731.671789497282,0.0,1.5253637125497288,-0.05997426126373684,-5.329070518200751e-13,0.06294708943336383,0.6393049920516923
2024-04-01 00:00:00+00:00,6624.249020766622,0.0,1.5010222415975916,-0.07497501749351643,-5.329070518200751e-13,0.06294708943336383,0.6393049920516923
2024-04-02 00:00:00+00:00,6217.0231299326515,0.0,1.4087468579910973,-0.13184095374741756,-5.329070518200751e-13,0.06294708943336383,0.6393049920516923
2024-04-03 00:00:00+00:00,6268.8266323125235,0.0,1.420485276794659,-0.12460699654978036,-5.329070518200751e-13,0.06294708943336383,0.6393049920516923
2024-04-04 00:00:00+00:00,6438.330472776242,0.0,1.4588940132075914,-0.10093710029917313,-5.329070518200751e-13,0.06294708943336383,0.6393049920516923
2024-04-05 00:00:00+00:00,6390.228700444889,0.0,1.447994388223193,-0.1076541396148526,-5.329070518200751e-13,0.06294708943336383,0.6393049920516923
2024-04-08 00:00:00+00:00,6870.25316190162,0.0,1.5567655698165555,-0.04062244777028645,-5.329070518200751e-13,0.06294708943336383,0.6393049920516923
2024-04-09 00:00:00+00:00,6594.192077039507,0.0,1.4942114860074243,-0.07917223649271332,-5.329070518200751e-13,0.06294708943336383,0.6393049920516923
2024-04-10 00:00:00+00:00,6712.766261553237,0.0,1.521079812919115,-0.06261427156541655,-5.329070518200751e-13,0.06294708943336383,0.6393049920516923
2024-04-11 00:00:00+00:00,6645.866941463531,0.0,1.5059207560829961,-0.07195624258759203,-5.329070518200751e-13,0.06294708943336383,0.6393049920516923
2024-04-12 00:00:00+00:00,6294.494747314061,0.0,1.4263015453854697,-0.12102264343204017,-5.329070518200751e-13,0.06294708943336383,0.6393049920516923
2024-04-15 00:00:00+00:00,5975.221474687468,0.0,1.3539557924015782,-0.16560667892049208,-5.329070518200751e-13,0.06294708943336383,0.6393049920516923
2024-04-16 00:00:00+00:00,5987.365468173127,0.0,1.3567075615857749,-0.16391086444757375,-5.329070518200751e-13,0.06294708943336383,0.6393049920516923
2024-04-17 00:00:00+00:00,5765.819605952368,0.0,1.3065063590517572,-0.19484802527632283,-5.329070518200751e-13,0.06294708943336383,0.6393049920516923
2024-04-18 00:00:00+00:00,5954.343019745962,0.0,1.3492248372187121,-0.1685221931707085,-5.329070518200751e-13,0.06294708943336383,0.6393049920516923
2024-04-19 00:00:00+00:00,5971.168118935622,0.0,1.3530373219277854,-0.16617269860388373,-5.329070518200751e-13,0.06294708943336383,0.6393049920516923
2024-04-22 00:00:00+00:00,6251.985547480382,0.0,1.416669169817638,-0.1269587233875551,-5.329070518200751e-13,0.06294708943336383,0.6393049920516923
2024-04-23 00:00:00+00:00,6238.7848473381655,0.0,1.413677956103297,-0.12880209874676118,-5.329070518200751e-13,0.06294708943336383,0.6393049920516923
2024-04-24 00:00:00+00:00,6054.771690400247,0.0,1.3719814799526409,-0.1544981084746323,-5.329070518200751e-13,0.06294708943336383,0.6393049920516923
2024-04-25 00:00:00+00:00,6077.501470200237,0.0,1.3771319362412622,-0.15132407107115486,-5.329070518200751e-13,0.06294708943336383,0.6393049920516923
2024-04-26 00:00:00+00:00,6015.992244247969,0.0,1.363194248221327,-0.1599133572652749,-5.329070518200751e-13,0.06294708943336383,0.6393049920516923
2024-04-29 00:00:00+00:00,6176.6382570925225,100.0,1.3769363363974374,-0.15144461208453763,-5.471179065352771e-13,0.06389625633352128,0.6515436328494633
2024-04-30 00:00:00+00:00,5840.498750857328,0.0,1.3020019334149642,-0.19762393767149256,-5.471179065352771e-13,0.06389625633352128,0.6515436328494633
2024-05-01 00:00:00+00:00,5665.990470917995,0.0,1.263099413686734,-0.2215981344780391,-5.471179065352771e-13,0.06389625633352128,0.6515436328494633
2024-05-02 00:00:00+00:00,5719.384956752868,0.0,1.2750024594292741,-0.21426272373286048,-5.471179065352771e-13,0.06389625633352128,0.6515436328494633
2024-05-03 00:00:00+00:00,6039.410820442121,0.0,1.3463447045080934,-0.17029711337936637,-5.471179065352771e-13,0.06389625633352128,0.6515436328494633
2024-05-06 00:00:00+00:00,6031.43670156034,0.0,1.344567062110715,-0.17139260922344357,-5.471179065352771e-13,0.06389625633352128,0.6515436328494633
2024-05-07 00:00:00+00:00,5939.846818174187,0.0,1.3241492501503038,-0.1839753582514646,-5.471179065352771e-13,0.06389625633352128,0.6515436328494633
2024-05-08 00:00:00+00:00,5847.8331189620585,0.0,1.303636958411988,-0.19661633170313608,-5.471179065352771e-13,0.06389625633352128,0.6515436328494633
2024-05-09 00:00:00+00:00,6008.429435309609,0.0,1.3394381328156535,-0.17455338032993417,-5.471179065352771e-13,0.06389625633352128,0.6515436328494633
2024-05-10 00:00:00+00:00,5780.877202271139,0.0,1.288710710380114,-0.20581483119364075,-5.471179065352771e-13,0.06389625633352128,0.6515436328494633
2024-05-13 00:00:00+00:00,5944.3342304347725,0.0,1.3251496132508793,-0.18335887114423488,-5.471179065352771e-13,0.06389625633352128,0.6515436328494633
2024-05-14 00:00:00+00:00,5812.274227232695,0.0,1.295709939204095,-0.2015014630495613,-5.471179065352771e-13,0.06389625633352128,0.6515436328494633
2024-05-15 00:00:00+00:00,6206.186138742915,0.0,1.3835233421786621,-0.14738528189029465,-5.471179065352771e-13,0.06389625633352128,0.6515436328494633
2024-05-16 00:00:00+00:00,6086.886235782904,0.0,1.3569282325936542,-0.1637748729948515,-5.471179065352771e-13,0.06389625633352128,0.6515436328494633
2024-05-17 00:00:00+00:00,6297.162112704798,0.0,1.403804297460999,-0.1348868726160316,-5.471179065352771e-13,0.06389625633352128,0.6515436328494633
2024-05-20 00:00:00+00:00,6950.980989579194,0.0,1.5495578500439366,-0.045064301243078475,-5.471179065352771e-13,0.06389625633352128,0.6515436328494633
2024-05-21 00:00:00+00:00,6951.306065057329,0.0,1.5496303179818804,-0.04501964190947827,-5.471179065352771e-13,0.06389625633352128,0.6515436328494633
2024-05-22 00:00:00+00:00,6854.782264053682,0.0,1.5281126050453164,-0.05828021958855367,-5.471179065352771e-13,0.06389625633352128,0.6515436328494633
2024-05-23 00:00:00+00:00,6808.193183985281,0.0,1.5177266645781295,-0.06468069396709952,-5.471179065352771e-13,0.06389625633352128,0.6515436328494633
2024-05-24 00:00:00+00:00,6809.224828180318,0.0,1.5179566454057662,-0.06453896521374347,-5.471179065352771e-13,0.06389625633352128,0.6515436328494633
2024-05-28 00:00:00+00:00,6973.831008142768,100.0,1.5323590748574152,-0.05566327591190956,-5.613287612504791e-13,0.0647590614185122,0.6617999030365044
2024-05-29 00:00:00+00:00,6874.392030587799,0.0,1.5105093599054782,-0.0691284542624151,-5.613287612504791e-13,0.0647590614185122,0.6617999030365044
2024-05-30 00:00:00+00:00,6906.788849708131,0.0,1.5176279091960463,-0.06474155328886866,-5.613287612504791e-13,0.0647590614185122,0.6617999030365044
2024-05-31 00:00:00+00:00,6863.710812992137,0.0,1.5081623772077146,-0.07057481366254703,-5.613287612504791e-13,0.0647590614185122,0.6617999030365044
2024-06-03 00:00:00+00:00,6949.104483034375,0.0,1.5269259183763801,-0.0590115310806506,-5.613287612504791e-13,0.0647590614185122,0.6617999030365044
2024-06-04 00:00:00+00:00,7089.574157435966,0.0,1.5577913035656994,-0.039990325662389914,-5.613287612504791e-13,0.0647590614185122,0.6617999030365044
2024-06-05 00:00:00+00:00,7163.399146487661,0.0,1.5740128598082475,-0.029993575205501166,-5.613287612504791e-13,0.0647590614185122,0.6617999030365044
2024-06-06 00:00:00+00:00,7108.628133146518,0.0,1.5619780314284888,-0.03741019875906426,-5.613287612504791e-13,0.0647590614185122,0.6617999030365044
2024-06-07 00:00:00+00:00,6925.7153794549995,0.0,1.521786633372085,-0.06217868403111859,-5.613287612504791e-13,0.0647590614185122,0.6617999030365044
2024-06-10 00:00:00+00:00,6930.72790539578,0.0,1.522888035113014,-0.06149993051374825,-5.613287612504791e-13,0.0647590614185122,0.6617999030365044
2024-06-11 00:00:00+00:00,6673.739657387128,0.0,1.4664200373212752,-0.09629908752949279,-5.613287612504791e-13,0.0647590614185122,0.6617999030365044
2024-06-12 00:00:00+00:00,6776.798991881023,0.0,1.4890652528815733,-0.08234367131578946,-5.613287612504791e-13,0.0647590614185122,0.6617999030365044
2024-06-13 00:00:00+00:00,6620.206039283777,0.0,1.4546571016529402,-0.1035481535721422,-5.613287612504791e-13,0.0647590614185122,0.6617999030365044
2024-06-14 00:00:00+00:00,6581.201707126106,0.0,1.4460866842925577,-0.10882978761403561,-5.613287612504791e-13,0.0647590614185122,0.6617999030365044
2024-06-17 00:00:00+00:00,6630.641878583567,0.0,1.456950167406342,-0.10213502120831441,-5.613287612504791e-13,0.0647590614185122,0.6617999030365044
2024-06-18 00:00:00+00:00,6526.019569086606,0.0,1.4339615195307314,-0.11630208216828486,-5.613287612504791e-13,0.0647590614185122,0.6617999030365044
2024-06-20 00:00:00+00:00,6525.875669987754,0.0,1.4339299005985073,-0.11632156775711677,-5.613287612504791e-13,0.0647590614185122,0.6617999030365044
2024-06-21 00:00:00+00:00,6482.419700475962,0.0,1.42438132548099,-0.12220600456708863,-5.613287612504791e-13,0.0647590614185122,0.6617999030365044
2024-06-24 00:00:00+00:00,6123.37390673236,0.0,1.3454882350562316,-0.17082492410579675,-5.613287612504791e-13,0.0647590614185122,0.6617999030365044
2024-06-25 00:00:00+00:00,6249.250306440837,0.0,1.3731470416975806,-0.15377981549878972,-5.613287612504791e-13,0.0647590614185122,0.6617999030365044
2024-06-26 00:00:00+00:00,6172.778290740523,0.0,1.3563438545979518,-0.1641350037312731,-5.613287612504791e-13,0.0647590614185122,0.6617999030365044
2024-06-27 00:00:00+00:00,6381.164281331646,100.0,1.3801594956818544,-0.14945829717323422,-5.826450433232822e-13,0.0657433730027371,0.6736453343456024
2024-06-28 00:00:00+00:00,6249.752301758003,0.0,1.351736862529231,-0.1669741240585244,-5.826450433232822e-13,0.0657433730027371,0.6736453343456024
2024-07-01 00:00:00+00:00,6454.079474322864,0.0,1.3959300653693822,-0.13973947319778401,-5.826450433232822e-13,0.0657433730027371,0.6736453343456024
2024-07-02 00:00:00+00:00,6389.771845573707,0.0,1.3820211953654256,-0.14831099990507723,-5.826450433232822e-13,0.0657433730027371,0.6736453343456024
2024-07-03 00:00:00+00:00,6178.299859334381,0.0,1.3362826659981797,-0.17649797885535423,-5.826450433232822e-13,0.0657433730027371,0.6736453343456024
2024-07-05 00:00:00+00:00,5731.629848708698,0.0,1.239673986230308,-0.2360343666820498,-5.826450433232822e-13,0.0657433730027371,0.6736453343456024
2024-07-08 00:00:00+00:00,5762.35241821121,0.0,1.2463188623314743,-0.23193937313105684,-5.826450433232822e-13,0.0657433730027371,0.6736453343456024
2024-07-09 00:00:00+00:00,5882.237267379829,0.0,1.2722483331417647,-0.2159599908021429,-5.826450433232822e-13,0.0657433730027371,0.6736453343456024
2024-07-10 00:00:00+00:00,5884.099952522481,0.0,1.272651206735635,-0.21571171457491956,-5.826450433232822e-13,0.0657433730027371,0.6736453343456024
2024-07-11 00:00:00+00:00,5857.7286451835125,0.0,1.2669474497670359,-0.2192267309043805,-5.826450433232822e-13,0.0657433730027371,0.6736453343456024
2024-07-12 00:00:00+00:00,5916.9483344917435,0.0,1.2797558673107114,-0.21133337270759334,-5.826450433232822e-13,0.0657433730027371,0.6736453343456024
2024-07-15 00:00:00+00:00,6601.752699507503,0.0,1.4278697859299088,-0.12005619427360414,-5.826450433232822e-13,0.0657433730027371,0.6736453343456024
2024-07-16 00:00:00+00:00,6596.333401536021,0.0,1.4266976651028125,-0.12077852937133482,-5.826450433232822e-13,0.0657433730027371,0.6736453343456024
2024-07-17 00:00:00+00:00,6495.031061260956,0.0,1.4047873395413075,-0.13428105981863248,-5.826450433232822e-13,0.0657433730027371,0.6736453343456024
2024-07-18 00:00:00+00:00,6515.0274303645065,0.0,1.4091122836237162,-0.13161575532593317,-5.826450433232822e-13,0.0657433730027371,0.6736453343456024
2024-07-19 00:00:00+00:00,6742.589882602302,0.0,1.4583309630793564,-0.10128408745271889,-5.826450433232822e-13,0.0657433730027371,0.6736453343456024
2024-07-22 00:00:00+00:00,6756.852615069704,0.0,1.461415799134564,-0.0993830160768766,-5.826450433232822e-13,0.0657433730027371,0.6736453343456024
2024-07-23 00:00:00+00:00,6680.832313054106,0.0,1.44497363637778,-0.10951571824141937,-5.826450433232822e-13,0.0657433730027371,0.6736453343456024
2024-07-24 00:00:00+00:00,6545.191596190343,0.0,1.415636384564926,-0.12759519107860406,-5.826450433232822e-13,0.0657433730027371,0.6736453343456024
2024-07-25 00:00:00+00:00,6465.057942719223,0.0,1.3983045595427428,-0.13827615948376681,-5.826450433232822e-13,0.0657433730027371,0.6736453343456024
2024-07-26 00:00:00+00:00,6670.426064737593,0.0,1.4427229056654434,-0.1109027610713712,-5.826450433232822e-13,0.0657433730027371,0.6736453343456024
2024-07-29 00:00:00+00:00,6724.721129609955,100.0,1.4328375465938274,-0.11699474548631184,-5.968558980384842e-13,0.06662117828074808,0.6858588254056965
2024-07-30 00:00:00+00:00,6658.597666904768,0.0,1.418748608443275,-0.12567724159135196,-5.968558980384842e-13,0.06662117828074808,0.6858588254056965
2024-07-31 00:00:00+00:00,6522.796769170197,0.0,1.3898134866166652,-0.14350889645943377,-5.968558980384842e-13,0.06662117828074808,0.6858588254056965
2024-08-01 00:00:00+00:00,6551.041979088183,0.0,1.395831698599273,-0.1398000930322394,-5.968558980384842e-13,0.06662117828074808,0.6858588254056965
2024-08-02 00:00:00+00:00,6147.541609919402,0.0,1.3098578020069194,-0.19278265384140614,-5.968558980384842e-13,0.06662117828074808,0.6858588254056965
2024-08-05 00:00:00+00:00,5258.293926887225,0.0,1.1203856374498187,-0.3095474031221065,-5.968558980384842e-13,0.06662117828074808,0.6858588254056965
2024-08-06 00:00:00+00:00,5420.377218591654,0.0,1.1549207537101855,-0.2882646769710242,-5.968558980384842e-13,0.06662117828074808,0.6858588254056965
2024-08-07 00:00:00+00:00,5279.932758879755,0.0,1.1249962272937326,-0.30670606561789215,-5.968558980384842e-13,0.06662117828074808,0.6858588254056965
2024-08-08 00:00:00+00:00,5949.4096363652225,0.0,1.2676417865889493,-0.21879883657427346,-5.968558980384842e-13,0.06662117828074808,0.6858588254056965
2024-08-09 00:00:00+00:00,5835.494776320184,0.0,1.2433699267687965,-0.2337566940152399,-5.968558980384842e-13,0.06662117828074808,0.6858588254056965
2024-08-12 00:00:00+00:00,5820.856564205302,0.0,1.2402509602675902,-0.2356787987337856,-5.968558980384842e-13,0.06662117828074808,0.6858588254056965
2024-08-13 00:00:00+00:00,5889.879645801796,0.0,1.2549577207394258,-0.226615561380482,-5.968558980384842e-13,0.06662117828074808,0.6858588254056965
2024-08-14 00:00:00+00:00,5734.9355581846585,0.0,1.2219437559843647,-0.24696085762174003,-5.968558980384842e-13,0.06662117828074808,0.6858588254056965
2024-08-15 00:00:00+00:00,5596.034953545067,0.0,1.1923481790472232,-0.26519952676325154,-5.968558980384842e-13,0.06662117828074808,0.6858588254056965
2024-08-16 00:00:00+00:00,5700.5419752018415,0.0,1.2146155090415014,-0.25147698757122716,-5.968558980384842e-13,0.06662117828074808,0.6858588254056965
2024-08-19 00:00:00+00:00,5768.033678186806,0.0,1.2289959783957785,-0.24261483147238283,-5.968558980384842e-13,0.06662117828074808,0.6858588254056965
2024-08-20 00:00:00+00:00,5696.160194004695,0.0,1.2136818821298088,-0.2520523476116866,-5.968558980384842e-13,0.06662117828074808,0.6858588254056965
2024-08-21 00:00:00+00:00,5878.5824481557975,0.0,1.2525506247949998,-0.2280989663708799,-5.968558980384842e-13,0.06662117828074808,0.6858588254056965
2024-08-22 00:00:00+00:00,5821.234996470013,0.0,1.2403315928986343,-0.23562910779913193,-5.968558980384842e-13,0.06662117828074808,0.6858588254056965
2024-08-23 00:00:00+00:00,6160.90767065378,0.0,1.3127057109835372,-0.1910275919387443,-5.968558980384842e-13,0.06662117828074808,0.6858588254056965
2024-08-26 00:00:00+00:00,6024.512839004239,0.0,1.2836440395503097,-0.20893723469028547,-5.968558980384842e-13,0.06662117828074808,0.6858588254056965
2024-08-27 00:00:00+00:00,5736.943900317519,100.0,1.2010646557304094,-0.25982788171500715,-6.110667527536862e-13,0.06757464463475413,0.7007591122655906
2024-08-28 00:00:00+00:00,5761.012674862706,0.0,1.2061036024092096,-0.25672256359630474,-6.110667527536862e-13,0.06757464463475413,0.7007591122655906
2024-08-29 00:00:00+00:00,5782.409746374445,0.0,1.2105832115487485,-0.25396194469866107,-6.110667527536862e-13,0.06757464463475413,0.7007591122655906
2024-08-30 00:00:00+00:00,5765.400131221638,0.0,1.2070221435092856,-0.2561565003885238,-6.110667527536862e-13,0.06757464463475413,0.7007591122655906
2024-09-03 00:00:00+00:00,5584.256992995307,0.0,1.1690987081869195,-0.27952732336734953,-6.110667527536862e-13,0.06757464463475413,0.7007591122655906
2024-09-04 00:00:00+00:00,5634.720330677273,0.0,1.1796635197578749,-0.27301661728466964,-6.110667527536862e-13,0.06757464463475413,0.7007591122655906
2024-09-05 00:00:00+00:00,5456.30872830634,0.0,1.1423119483457689,-0.29603502149918615,-6.110667527536862e-13,0.06757464463475413,0.7007591122655906
2024-09-06 00:00:00+00:00,5205.878720572658,0.0,1.0898828787488757,-0.32834513512886754,-6.110667527536862e-13,0.06757464463475413,0.7007591122655906
2024-09-09 00:00:00+00:00,5508.034004646305,0.0,1.1531409545726525,-0.2893615019349962,-6.110667527536862e-13,0.06757464463475413,0.7007591122655906
2024-09-10 00:00:00+00:00,5568.50869725085,0.0,1.1658017051596437,-0.2815591454703875,-6.110667527536862e-13,0.06757464463475413,0.7007591122655906
2024-09-11 00:00:00+00:00,5514.756714280759,0.0,1.1545483953761497,-0.28849414776225046,-6.110667527536862e-13,0.06757464463475413,0.7007591122655906
2024-09-12 00:00:00+00:00,5583.295706778191,0.0,1.1688974569773065,-0.2796513471102978,-6.110667527536862e-13,0.06757464463475413,0.7007591122655906
2024-09-13 00:00:00+00:00,5797.41547016046,0.0,1.213724752547962,-0.2520259281445373,-6.110667527536862e-13,0.06757464463475413,0.7007591122655906
2024-09-16 00:00:00+00:00,5542.508365867,0.0,1.1603583751210333,-0.2849136702297165,-6.110667527536862e-13,0.06757464463475413,0.7007591122655906
2024-09-17 00:00:00+00:00,5716.734129857673,0.0,1.1968336154027526,-0.26243531676600906,-6.110667527536862e-13,0.06757464463475413,0.7007591122655906
2024-09-18 00:00:00+00:00,5837.537078748679,0.0,1.2221244592286726,-0.24684949683655477,-6.110667527536862e-13,0.06757464463475413,0.7007591122655906
2024-09-19 00:00:00+00:00,5981.206425870312,0.0,1.2522025248221165,-0.2283134876233992,-6.110667527536862e-13,0.06757464463475413,0.7007591122655906
2024-09-20 00:00:00+00:00,6065.7128844504105,0.0,1.2698944741151688,-0.21741058783165934,-6.110667527536862e-13,0.06757464463475413,0.7007591122655906
2024-09-23 00:00:00+00:00,6135.065662812529,0.0,1.2844139068157108,-0.20846279371667809,-6.110667527536862e-13,0.06757464463475413,0.7007591122655906
2024-09-24 00:00:00+00:00,6201.7831924328775,0.0,1.298381633908216,-0.19985499554331576,-6.110667527536862e-13,0.06757464463475413,0.7007591122655906
2024-09-25 00:00:00+00:00,6075.398105410049,0.0,1.2719221349707885,-0.21616101477703065,-6.110667527536862e-13,0.06757464463475413,0.7007591122655906
2024-09-26 00:00:00+00:00,6248.689394531242,0.0,1.3082017371641976,-0.19380322589538035,-6.110667527536862e-13,0.06757464463475413,0.7007591122655906
2024-09-27 00:00:00+00:00,6433.868854235765,100.0,1.3260345834013123,-0.18281349648206358,-6.252776074688882e-13,0.0684938779805661,0.7159324696309919
2024-09-30 00:00:00+00:00,6200.573172711172,0.0,1.2779518280843274,-0.2124451359497227,-6.252776074688882e-13,0.0684938779805661,0.7159324696309919
2024-10-01 00:00:00+00:00,5917.276015671191,0.0,1.2195636582093743,-0.24842762463002288,-6.252776074688882e-13,0.0684938779805661,0.7159324696309919
2024-10-02 00:00:00+00:00,5846.640335383815,0.0,1.2050054884665338,-0.25739929096413694,-6.252776074688882e-13,0.0684938779805661,0.7159324696309919
2024-10-03 00:00:00+00:00,5843.486822867621,0.0,1.2043555425707748,-0.25779982879375274,-6.252776074688882e-13,0.0684938779805661,0.7159324696309919
2024-10-04 00:00:00+00:00,5981.065422303189,0.0,1.2327107958282875,-0.24032552566778387,-6.252776074688882e-13,0.0684938779805661,0.7159324696309919
2024-10-07 00:00:00+00:00,5996.459816962444,0.0,1.2358836145740817,-0.23837023378503286,-6.252776074688882e-13,0.0684938779805661,0.7159324696309919
2024-10-08 00:00:00+00:00,6005.12542306979,0.0,1.2376696151353006,-0.23726958711097712,-6.252776074688882e-13,0.0684938779805661,0.7159324696309919
2024-10-09 00:00:00+00:00,5850.292596393342,0.0,1.205758227528514,-0.2569354054744062,-6.252776074688882e-13,0.0684938779805661,0.7159324696309919
2024-10-10 00:00:00+00:00,5840.554075117707,0.0,1.2037510967810197,-0.258172326575997,-6.252776074688882e-13,0.0684938779805661,0.7159324696309919
2024-10-11 00:00:00+00:00,6030.1243885694075,0.0,1.2428219571479802,-0.2340943876048901,-6.252776074688882e-13,0.0684938779805661,0.7159324696309919
2024-10-14 00:00:00+00:00,6409.100796839835,0.0,1.3209298320588831,-0.1859593676026704,-6.252776074688882e-13,0.0684938779805661,0.7159324696309919
2024-10-15 00:00:00+00:00,6460.897441451951,0.0,1.3316052349332506,-0.1793805081537917,-6.252776074688882e-13,0.0684938779805661,0.7159324696309919
2024-10-16 00:00:00+00:00,6500.927985438141,0.0,1.3398556184770662,-0.17429609922113853,-6.252776074688882e-13,0.0684938779805661,0.7159324696309919
2024-10-17 00:00:00+00:00,6483.556001917009,0.0,1.3362752142983063,-0.17650257106481926,-6.252776074688882e-13,0.0684938779805661,0.7159324696309919
2024-10-18 00:00:00+00:00,6578.514375739094,0.0,1.3558463449079607,-0.1644416007153332,-6.252776074688882e-13,0.0684938779805661,0.7159324696309919
2024-10-21 00:00:00+00:00,6524.123380400557,0.0,1.3446362406179055,-0.17134997704543165,-6.252776074688882e-13,0.0684938779805661,0.7159324696309919
2024-10-22 00:00:00+00:00,6496.023057390511,0.0,1.3388447019713667,-0.17491909000507588,-6.252776074688882e-13,0.0684938779805661,0.7159324696309919
2024-10-23 00:00:00+00:00,6373.844650384165,0.0,1.3136634623928456,-0.19043736485476848,-6.252776074688882e-13,0.0684938779805661,0.7159324696309919
2024-10-24 00:00:00+00:00,6486.640543944142,0.0,1.3369109452239127,-0.17611079340021119,-6.252776074688882e-13,0.0684938779805661,0.7159324696309919
2024-10-25 00:00:00+00:00,6315.746380558321,0.0,1.3016892806415141,-0.19781661411443685,-6.252776074688882e-13,0.0684938779805661,0.7159324696309919
2024-10-28 00:00:00+00:00,6732.635143801797,100.0,1.3670007547595289,-0.15756754682600838,-6.323830348264892e-13,0.06937462800144349,0.731858807427099
2024-10-29 00:00:00+00:00,6977.291100695383,0.0,1.4166759370004443,-0.12695455302086522,-6.323830348264892e-13,0.06937462800144349,0.731858807427099
2024-10-30 00:00:00+00:00,6965.041047483216,0.0,1.4141886743418857,-0.12848736181840403,-6.323830348264892e-13,0.06937462800144349,0.731858807427099
2024-10-31 00:00:00+00:00,6719.74895619771,0.0,1.3643843307584482,-0.15917995302410248,-6.323830348264892e-13,0.06937462800144349,0.731858807427099
2024-11-01 00:00:00+00:00,6659.315917599681,0.0,1.3521139481205338,-0.16674174003193798,-6.323830348264892e-13,0.06937462800144349,0.731858807427099
2024-11-04 00:00:00+00:00,6462.2203142039625,0.0,1.3120954660779156,-0.191403663503511,-6.323830348264892e-13,0.06937462800144349,0.731858807427099
2024-11-05 00:00:00+00:00,6585.621941394936,0.0,1.3371510518783603,-0.17596282447098754,-6.323830348264892e-13,0.06937462800144349,0.731858807427099
2024-11-06 00:00:00+00:00,7234.803225750405,0.0,1.4689614480657542,-0.0947329092515804,-6.323830348264892e-13,0.06937462800144349,0.731858807427099
2024-11-07 00:00:00+00:00,7381.688120865362,0.0,1.4987850993102114,-0.0763536862752966,-6.323830348264892e-13,0.06937462800144349,0.731858807427099
2024-11-08 00:00:00+00:00,7475.420348869491,0.0,1.5178165815887212,-0.0646252814096806,-6.323830348264892e-13,0.06937462800144349,0.731858807427099
2024-11-11 00:00:00+00:00,8617.449165858816,0.0,1.7496952177299905,0.0,-6.323830348264892e-13,0.06937462800144349,0.731858807427099
2024-11-12 00:00:00+00:00,8475.641575261261,0.0,1.7209024673080475,-0.016455866216116166,-6.323830348264892e-13,0.06937462800144349,0.731858807427099
2024-11-13 00:00:00+00:00,8602.296997235408,0.0,1.7466187067499606,-0.0017583125042893721,-6.323830348264892e-13,0.06937462800144349,0.731858807427099
2024-11-14 00:00:00+00:00,8296.804678590732,0.0,1.684591250747838,-0.03720874717061673,-6.323830348264892e-13,0.06937462800144349,0.731858807427099
2024-11-15 00:00:00+00:00,8576.767025989175,0.0,1.7414350766828066,-0.004720902796945592,-6.323830348264892e-13,0.06937462800144349,0.731858807427099
2024-11-18 00:00:00+00:00,8623.568579957473,0.0,1.750937709490331,0.0,-6.323830348264892e-13,0.06937462800144349,0.731858807427099
2024-11-19 00:00:00+00:00,8678.234049320634,0.0,1.7620370392895284,0.0,-6.323830348264892e-13,0.06937462800144349,0.731858807427099
2024-11-20 00:00:00+00:00,8787.879608572754,0.0,1.7842995797439396,0.0,-6.323830348264892e-13,0.06937462800144349,0.731858807427099
2024-11-21 00:00:00+00:00,9276.692730725212,0.0,1.8835486690895782,0.0,-6.323830348264892e-13,0.06937462800144349,0.731858807427099
2024-11-22 00:00:00+00:00,9296.060814498502,0.0,1.8874811835613756,0.0,-6.323830348264892e-13,0.06937462800144349,0.731858807427099
2024-11-25 00:00:00+00:00,8951.459423532295,0.0,1.8175129836692925,-0.03706961452196533,-6.323830348264892e-13,0.06937462800144349,0.731858807427099
2024-11-26 00:00:00+00:00,8813.28169691033,0.0,1.7894572443415677,-0.05193373055770145,-6.323830348264892e-13,0.06937462800144349,0.731858807427099
2024-11-27 00:00:00+00:00,9430.488956165467,100.0,1.894471506761503,0.0,-6.394884621840902e-13,0.0700260714925179,0.743871797894046
2024-11-29 00:00:00+00:00,9496.884638773765,0.0,1.9078095987160208,0.0,-6.394884621840902e-13,0.0700260714925179,0.743871797894046
2024-12-02 00:00:00+00:00,9421.579493890365,0.0,1.8926817032317813,-0.007929457685096453,-6.394884621840902e-13,0.0700260714925179,0.743871797894046
2024-12-03 00:00:00+00:00,9400.709296681687,0.0,1.8884891322912802,-0.010127041208799592,-6.394884621840902e-13,0.0700260714925179,0.743871797894046
2024-12-04 00:00:00+00:00,9758.513904533509,0.0,1.960367763156977,0.0,-6.394884621840902e-13,0.0700260714925179,0.743871797894046
2024-12-05 00:00:00+00:00,9604.42514665573,0.0,1.9294131898926845,-0.015790186844555687,-6.394884621840902e-13,0.0700260714925179,0.743871797894046
2024-12-06 00:00:00+00:00,9959.105809008353,0.0,2.0006642577800013,0.0,-6.394884621840902e-13,0.0700260714925179,0.743871797894046
2024-12-09 00:00:00+00:00,9573.141156542471,0.0,1.9231286135400836,-0.03875495048127353,-6.394884621840902e-13,0.0700260714925179,0.743871797894046
2024-12-10 00:00:00+00:00,9462.981174385854,0.0,1.9009988015705115,-0.04981618271127697,-6.394884621840902e-13,0.0700260714925179,0.743871797894046
2024-12-11 00:00:00+00:00,9931.761873569256,0.0,1.995171190897374,-0.0027456215410789353,-6.394884621840902e-13,0.0700260714925179,0.743871797894046
2024-12-12 00:00:00+00:00,9890.327770521999,0.0,1.986847579258984,-0.006906045563261465,-6.394884621840902e-13,0.0700260714925179,0.743871797894046
2024-12-13 00:00:00+00:00,10008.500121587467,0.0,2.010586979519262,0.0,-6.394884621840902e-13,0.0700260714925179,0.743871797894046
2024-12-16 00:00:00+00:00,10392.12282319781,0.0,2.08765215407445,0.0,-6.394884621840902e-13,0.0700260714925179,0.743871797894046
2024-12-17 00:00:00+00:00,10328.029212927808,0.0,2.0747765206914526,-0.00616751854846509,-6.394884621840902e-13,0.0700260714925179,0.743871797894046
2024-12-18 00:00:00+00:00,9714.767404699105,0.0,1.9515796188897971,-0.0651796971631895,-6.394884621840902e-13,0.0700260714925179,0.743871797894046
2024-12-19 00:00:00+00:00,9366.688548275704,0.0,1.8816547742008967,-0.09867418739827427,-6.394884621840902e-13,0.0700260714925179,0.743871797894046
2024-12-20 00:00:00+00:00,9431.809829162856,0.0,1.8947368542179526,-0.09240777946651046,-6.394884621840902e-13,0.0700260714925179,0.743871797894046
2024-12-23 00:00:00+00:00,9190.100145981502,0.0,1.8461802937019625,-0.115666711957358,-6.394884621840902e-13,0.0700260714925179,0.743871797894046
2024-12-24 00:00:00+00:00,9507.500993755282,0.0,1.9099422964066315,-0.08512426618629154,-6.394884621840902e-13,0.0700260714925179,0.743871797894046
2024-12-26 00:00:00+00:00,9188.759069549216,0.0,1.8459108876190793,-0.11579575935749953,-6.394884621840902e-13,0.0700260714925179,0.743871797894046
2024-12-27 00:00:00+00:00,9181.993060118091,100.0,1.8244628838413262,-0.1260695033506707,-6.679101716144942e-13,0.07065149277045475,0.7558476872162363
2024-12-30 00:00:00+00:00,9096.935838521707,0.0,1.8075620059176314,-0.13416514221977516,-6.679101716144942e-13,0.07065149277045475,0.7558476872162363
2024-12-31 00:00:00+00:00,9134.137380924683,0.0,1.8149539558887857,-0.13062434642353704,-6.679101716144942e-13,0.07065149277045475,0.7558476872162363
2025-01-02 00:00:00+00:00,9464.080366811602,0.0,1.8805136581879645,-0.09922078995881345,-6.679101716144942e-13,0.07065149277045475,0.7558476872162363
2025-01-03 00:00:00+00:00,9664.014230155593,0.0,1.9202405356214163,-0.08019133749187957,-6.679101716144942e-13,0.07065149277045475,0.7558476872162363
2025-01-06 00:00:00+00:00,10010.248308508615,0.0,1.9890372795244196,-0.04723721543244874,-6.679101716144942e-13,0.07065149277045475,0.7558476872162363
2025-01-07 00:00:00+00:00,9405.743270738392,0.0,1.8689220717165096,-0.10477324104547159,-6.679101716144942e-13,0.07065149277045475,0.7558476872162363
2025-01-08 00:00:00+00:00,9231.09845136773,0.0,1.8342201296968705,-0.12139571426348905,-6.679101716144942e-13,0.07065149277045475,0.7558476872162363
2025-01-10 00:00:00+00:00,9161.925703881234,0.0,1.820475498271412,-0.12797948895920808,-6.679101716144942e-13,0.07065149277045475,0.7558476872162363
2025-01-13 00:00:00+00:00,9050.596262814803,0.0,1.7983543278703213,-0.13857568447861823,-6.679101716144942e-13,0.07065149277045475,0.7558476872162363
2025-01-14 00:00:00+00:00,9260.253877514202,0.0,1.8400133156117955,-0.11862073764508141,-6.679101716144942e-13,0.07065149277045475,0.7558476872162363
2025-01-15 00:00:00+00:00,9709.111206355446,0.0,1.9292013090299127,-0.07589906428390869,-6.679101716144942e-13,0.07065149277045475,0.7558476872162363
2025-01-16 00:00:00+00:00,9564.633944782961,0.0,1.9004936635794984,-0.089650227471888,-6.679101716144942e-13,0.07065149277045475,0.7558476872162363
2025-01-17 00:00:00+00:00,9978.764527532083,0.0,1.9827814492859748,-0.0502338019213594,-6.679101716144942e-13,0.07065149277045475,0.7558476872162363
2025-01-21 00:00:00+00:00,10014.332744477966,0.0,1.9898488573353275,-0.04684846397817799,-6.679101716144942e-13,0.07065149277045475,0.7558476872162363
2025-01-22 00:00:00+00:00,9777.942049805377,0.0,1.9428780040911777,-0.06934783158234381,-6.679101716144942e-13,0.07065149277045475,0.7558476872162363
2025-01-23 00:00:00+00:00,9864.598943227607,0.0,1.960096736956983,-0.06109993797027835,-6.679101716144942e-13,0.07065149277045475,0.7558476872162363
2025-01-24 00:00:00+00:00,9911.181243561567,0.0,1.9693526444104967,-0.05666629348815089,-6.679101716144942e-13,0.07065149277045475,0.7558476872162363
2025-01-27 00:00:00+00:00,9716.660937162276,100.0,1.9108314318540403,-0.08469836408106135,-6.821210263296962e-13,0.07123529806230394,0.7682030501969477
2025-01-28 00:00:00+00:00,9582.979863150713,0.0,1.8845423599478324,-0.09729101360598325,-6.821210263296962e-13,0.07123529806230394,0.7682030501969477
2025-01-29 00:00:00+00:00,9781.575748376785,0.0,1.9235972639092833,-0.07858344113744342,-6.821210263296962e-13,0.07123529806230394,0.7682030501969477
2025-01-30 00:00:00+00:00,9954.624748039838,0.0,1.957628241211619,-0.062282364717256455,-6.821210263296962e-13,0.07123529806230394,0.7682030501969477
2025-01-31 00:00:00+00:00,9832.430823660268,0.0,1.933598176460356,-0.07379293399689613,-6.821210263296962e-13,0.07123529806230394,0.7682030501969477
2025-02-03 00:00:00+00:00,9430.515288674316,0.0,1.8545594159058605,-0.11165305374923917,-6.821210263296962e-13,0.07123529806230394,0.7682030501969477
2025-02-04 00:00:00+00:00,9062.294193721169,0.0,1.7821468405717589,-0.14633918438301097,-6.821210263296962e-13,0.07123529806230394,0.7682030501969477
2025-02-05 00:00:00+00:00,9024.157402285115,0.0,1.7746470440616877,-0.1499316394265554,-6.821210263296962e-13,0.07123529806230394,0.7682030501969477
2025-02-06 00:00:00+00:00,8941.962944243145,0.0,1.7584830804360647,-0.15767429118684795,-6.821210263296962e-13,0.07123529806230394,0.7682030501969477
2025-02-07 00:00:00+00:00,8888.99588096057,0.0,1.7480668345643728,-0.1626637458962269,-6.821210263296962e-13,0.07123529806230394,0.7682030501969477
2025-02-10 00:00:00+00:00,8984.8477783083,0.0,1.766916603990245,-0.1536345743510137,-6.821210263296962e-13,0.07123529806230394,0.7682030501969477
2025-02-11 00:00:00+00:00,8822.106201283033,0.0,1.7349126344516936,-0.16896469985879503,-6.821210263296962e-13,0.07123529806230394,0.7682030501969477
2025-02-12 00:00:00+00:00,9075.345275267502,0.0,1.784713402994766,-0.1451097830107575,-6.821210263296962e-13,0.07123529806230394,0.7682030501969477
2025-02-13 00:00:00+00:00,8937.521144075294,0.0,1.7576095775496683,-0.1580927051858907,-6.821210263296962e-13,0.07123529806230394,0.7682030501969477
2025-02-14 00:00:00+00:00,9039.558858702074,0.0,1.7776758198117293,-0.1484808346341333,-6.821210263296962e-13,0.07123529806230394,0.7682030501969477
2025-02-18 00:00:00+00:00,8867.83578313499,0.0,1.743905592313798,-0.16465701007218336,-6.821210263296962e-13,0.07123529806230394,0.7682030501969477
2025-02-19 00:00:00+00:00,8970.545885803396,0.0,1.7641040631482723,-0.15498180110834658,-6.821210263296962e-13,0.07123529806230394,0.7682030501969477
2025-02-20 00:00:00+00:00,9106.15665557604,0.0,1.7907726196673566,-0.14220737579662235,-6.821210263296962e-13,0.07123529806230394,0.7682030501969477
2025-02-21 00:00:00+00:00,8897.276736197027,0.0,1.7496953074081598,-0.16188369600112884,-6.821210263296962e-13,0.07123529806230394,0.7682030501969477
2025-02-24 00:00:00+00:00,8452.690425993378,0.0,1.6622651190746307,-0.20376336841824705,-6.821210263296962e-13,0.07123529806230394,0.7682030501969477
2025-02-25 00:00:00+00:00,8234.37907866086,0.0,1.6193330679192872,-0.22432812154129655,-6.821210263296962e-13,0.07123529806230394,0.7682030501969477
2025-02-26 00:00:00+00:00,7796.386833314574,0.0,1.533199636411443,-0.26558663835873586,-6.821210263296962e-13,0.07123529806230394,0.7682030501969477
2025-02-27 00:00:00+00:00,7906.724755603347,100.0,1.535232642088723,-0.26461281440376705,-6.963318810448982e-13,0.07194639647047912,0.7852979020297306
2025-02-28 00:00:00+00:00,7825.84895810383,0.0,1.5195291532088016,-0.27213489553652337,-6.963318810448982e-13,0.07194639647047912,0.7852979020297306
2025-03-03 00:00:00+00:00,7890.875235427468,0.0,1.5321551730370515,-0.26608694362863106,-6.963318810448982e-13,0.07194639647047912,0.7852979020297306
2025-03-04 00:00:00+00:00,7984.906185045009,0.0,1.5504129710104975,-0.2573413305542439,-6.963318810448982e-13,0.07194639647047912,0.7852979020297306
2025-03-05 00:00:00+00:00,8279.09184227902,0.0,1.6075344009047032,-0.22997976565813694,-6.963318810448982e-13,0.07194639647047912,0.7852979020297306
2025-03-06 00:00:00+00:00,8199.65845312939,0.0,1.5921109815163117,-0.23736769154334236,-6.963318810448982e-13,0.07194639647047912,0.7852979020297306
2025-03-07 00:00:00+00:00,7926.867106818282,0.0,1.5391436413999953,-0.2627394183479925,-6.963318810448982e-13,0.07194639647047912,0.7852979020297306
2025-03-10 00:00:00+00:00,7119.348021573921,0.0,1.382349305300437,-0.33784500324801736,-6.963318810448982e-13,0.07194639647047912,0.7852979020297306
2025-03-11 00:00:00+00:00,7477.195322723325,0.0,1.4518317869333766,-0.30456240801426093,-6.963318810448982e-13,0.07194639647047912,0.7852979020297306
2025-03-12 00:00:00+00:00,7518.9885468704,0.0,1.459946692145329,-0.3006753115953893,-6.963318810448982e-13,0.07194639647047912,0.7852979020297306
2025-03-13 00:00:00+00:00,7300.246683037775,0.0,1.4174740299587285,-0.3210200141856685,-6.963318810448982e-13,0.07194639647047912,0.7852979020297306
2025-03-14 00:00:00+00:00,7543.503338474676,0.0,1.4647066793016057,-0.29839524441705856,-6.963318810448982e-13,0.07194639647047912,0.7852979020297306
2025-03-17 00:00:00+00:00,7556.946127535734,0.0,1.4673168382745263,-0.29714495999212387,-6.963318810448982e-13,0.07194639647047912,0.7852979020297306
2025-03-18 00:00:00+00:00,7467.88265213408,0.0,1.4500235646522739,-0.3054285591484782,-6.963318810448982e-13,0.07194639647047912,0.7852979020297306
2025-03-19 00:00:00+00:00,7862.8720355386895,0.0,1.52671784874905,-0.26869146003592126,-6.963318810448982e-13,0.07194639647047912,0.7852979020297306
2025-03-20 00:00:00+00:00,7617.435534095345,0.0,1.4790619431468162,-0.2915189725164963,-6.963318810448982e-13,0.07194639647047912,0.7852979020297306
2025-03-21 00:00:00+00:00,7593.584774977801,0.0,1.4744308898260465,-0.2937372794847961,-6.963318810448982e-13,0.07194639647047912,0.7852979020297306
2025-03-24 00:00:00+00:00,7929.539303501692,0.0,1.5396624963875232,-0.26249088317583025,-6.963318810448982e-13,0.07194639647047912,0.7852979020297306
2025-03-25 00:00:00+00:00,7910.145333991767,0.0,1.535896808827676,-0.26429467388516736,-6.963318810448982e-13,0.07194639647047912,0.7852979020297306
2025-03-26 00:00:00+00:00,7830.873441827053,0.0,1.5205047469799233,-0.27166757928883445,-6.963318810448982e-13,0.07194639647047912,0.7852979020297306
2025-03-27 00:00:00+00:00,7949.455022599625,100.0,1.524112694673239,-0.2699393470800949,-7.105427357601002e-13,0.07263573805419941,0.8051733299553434
2025-03-28 00:00:00+00:00,7659.5604406604825,0.0,1.4685325308513988,-0.2965626347352558,-7.105427357601002e-13,0.07263573805419941,0.8051733299553434
2025-03-31 00:00:00+00:00,7463.452934442057,0.0,1.4309337345944861,-0.31457272141733617,-7.105427357601002e-13,0.07263573805419941,0.8051733299553434
2025-04-01 00:00:00+00:00,7719.377967468781,0.0,1.4800010719920553,-0.29106912322364054,-7.105427357601002e-13,0.07263573805419941,0.8051733299553434
2025-04-02 00:00:00+00:00,7439.094891046785,0.0,1.4262636782131874,-0.31680971112473755,-7.105427357601002e-13,0.07263573805419941,0.8051733299553434
2025-04-03 00:00:00+00:00,7507.429338315268,0.0,1.4393651296044194,-0.3105340241691008,-7.105427357601002e-13,0.07263573805419941,0.8051733299553434
2025-04-04 00:00:00+00:00,7556.297890716805,0.0,1.448734473902078,-0.30604604264431823,-7.105427357601002e-13,0.07263573805419941,0.8051733299553434
2025-04-07 00:00:00+00:00,7000.546752515566,0.0,1.3421828471045703,-0.3570850179781889,-7.105427357601002e-13,0.07263573805419941,0.8051733299553434
2025-04-08 00:00:00+00:00,6730.085742872093,0.0,1.290328593317377,-0.3819235686371144,-7.105427357601002e-13,0.07263573805419941,0.8051733299553434
2025-04-09 00:00:00+00:00,7345.062405303801,0.0,1.4082352593058376,-0.325445450020302,-7.105427357601002e-13,0.07263573805419941,0.8051733299553434
2025-04-10 00:00:00+00:00,7008.01009152659,0.0,1.3436137589971482,-0.356399601162085,-7.105427357601002e-13,0.07263573805419941,0.8051733299553434
2025-04-11 00:00:00+00:00,7321.138021755972,0.0,1.4036483465459297,-0.3276426133508673,-7.105427357601002e-13,0.07263573805419941,0.8051733299553434
2025-04-14 00:00:00+00:00,7451.788144452442,0.0,1.428697297699966,-0.31564399034983315,-7.105427357601002e-13,0.07263573805419941,0.8051733299553434
2025-04-15 00:00:00+00:00,7354.786230614524,0.0,1.4100995639097038,-0.32455243506078035,-7.105427357601002e-13,0.07263573805419941,0.8051733299553434
2025-04-16 00:00:00+00:00,7373.479735880607,0.0,1.413683584273739,-0.32283566421031074,-7.105427357601002e-13,0.07263573805419941,0.8051733299553434
2025-04-17 00:00:00+00:00,7445.342727795588,0.0,1.42746154741001,-0.3162359233917166,-7.105427357601002e-13,0.07263573805419941,0.8051733299553434
2025-04-21 00:00:00+00:00,7628.633594568629,0.0,1.462603067938432,-0.2994028889899669,-7.105427357601002e-13,0.07263573805419941,0.8051733299553434
2025-04-22 00:00:00+00:00,8201.394257108546,0.0,1.5724158531299723,-0.24680179595000828,-7.105427357601002e-13,0.07263573805419941,0.8051733299553434
2025-04-23 00:00:00+00:00,8250.66323429798,0.0,1.5818619690428872,-0.24227704028394625,-7.105427357601002e-13,0.07263573805419941,0.8051733299553434
2025-04-24 00:00:00+00:00,8251.21578448602,0.0,1.5819679069661337,-0.24222629527691064,-7.105427357601002e-13,0.07263573805419941,0.8051733299553434
2025-04-25 00:00:00+00:00,8311.062694913506,0.0,1.5934420816938593,-0.2367300852376416,-7.105427357601002e-13,0.07263573805419941,0.8051733299553434
2025-04-28 00:00:00+00:00,8451.270666017785,100.0,1.60115097230496,-0.23303747265558128,-7.247535904753022e-13,0.07327478401270872,0.8274701495239657
2025-04-29 00:00:00+00:00,8394.282236740444,0.0,1.5903541249960167,-0.2382092381184584,-7.247535904753022e-13,0.07327478401270872,0.8274701495239657
2025-04-30 00:00:00+00:00,8384.591694932486,0.0,1.5885181856383572,-0.2390886659264274,-7.247535904753022e-13,0.07327478401270872,0.8274701495239657
2025-05-01 00:00:00+00:00,8591.258471197201,0.0,1.6276726184847616,-0.22033341842507181,-7.247535904753022e-13,0.07327478401270872,0.8274701495239657
2025-05-02 00:00:00+00:00,8623.749766562121,0.0,1.6338283163935001,-0.217384796023239,-7.247535904753022e-13,0.07327478401270872,0.8274701495239657
2025-05-05 00:00:00+00:00,8447.74283219109,0.0,1.6004826000820165,-0.23335762763046008,-7.247535904753022e-13,0.07327478401270872,0.8274701495239657
2025-05-06 00:00:00+00:00,8599.005162267362,0.0,1.6291402820384808,-0.21963039730593814,-7.247535904753022e-13,0.07327478401270872,0.8274701495239657
2025-05-07 00:00:00+00:00,8608.528392649483,0.0,1.630944523103334,-0.21876615320218185,-7.247535904753022e-13,0.07327478401270872,0.8274701495239657
2025-05-08 00:00:00+00:00,9393.02077016443,0.0,1.7795719641903383,-0.14757256819956077,-7.247535904753022e-13,0.07327478401270872,0.8274701495239657
2025-05-09 00:00:00+00:00,9485.700926048483,0.0,1.7971308529742245,-0.13916173752088823,-7.247535904753022e-13,0.07327478401270872,0.8274701495239657
2025-05-12 00:00:00+00:00,9596.938705413797,0.0,1.818205610324499,-0.12906678118003267,-7.247535904753022e-13,0.07327478401270872,0.8274701495239657
2025-05-13 00:00:00+00:00,9845.557632300372,0.0,1.8653081647508416,-0.10650432778739594,-7.247535904753022e-13,0.07327478401270872,0.8274701495239657
2025-05-14 00:00:00+00:00,9743.995102145007,0.0,1.8460664494710448,-0.11572124414112983,-7.247535904753022e-13,0.07327478401270872,0.8274701495239657
2025-05-15 00:00:00+00:00,9712.22833399758,0.0,1.840048018194106,-0.11860411486515965,-7.247535904753022e-13,0.07327478401270872,0.8274701495239657
2025-05-16 00:00:00+00:00,9680.685991372737,0.0,1.8340721058658427,-0.12146661871504671,-7.247535904753022e-13,0.07327478401270872,0.8274701495239657
2025-05-19 00:00:00+00:00,9827.853379731387,0.0,1.8619539731345747,-0.10811100905837323,-7.247535904753022e-13,0.07327478401270872,0.8274701495239657
2025-05-20 00:00:00+00:00,9918.101815736985,0.0,1.8790521559723816,-0.0999208597538368,-7.247535904753022e-13,0.07327478401270872,0.8274701495239657
2025-05-21 00:00:00+00:00,10145.007762275736,0.0,1.9220410379144965,-0.07932888428598217,-7.247535904753022e-13,0.07327478401270872,0.8274701495239657
2025-05-22 00:00:00+00:00,10389.57466664261,0.0,1.9683759089884045,-0.05713415659464871,-7.247535904753022e-13,0.07327478401270872,0.8274701495239657
2025-05-23 00:00:00+00:00,9954.328585883377,0.0,1.8859155651016855,-0.09663323872180396,-7.247535904753022e-13,0.07327478401270872,0.8274701495239657
2025-05-27 00:00:00+00:00,10285.252915352916,100.0,1.9296657571462679,-0.07567659038400698,-7.318590178329032e-13,0.0738222343286651,0.843049222709236
2025-05-28 00:00:00+00:00,10217.412615137717,0.0,1.9169379122058305,-0.08177331723363879,-7.318590178329032e-13,0.0738222343286651,0.843049222709236
2025-05-29 00:00:00+00:00,10013.262561350022,0.0,1.8786363389381822,-0.10012003902486033,-7.318590178329032e-13,0.0738222343286651,0.843049222709236
2025-05-30 00:00:00+00:00,9810.484690751515,0.0,1.8405922075569412,-0.11834344434982824,-7.318590178329032e-13,0.0738222343286651,0.843049222709236
2025-06-02 00:00:00+00:00,10012.848317125776,0.0,1.878558620587335,-0.10015726665911706,-7.318590178329032e-13,0.0738222343286651,0.843049222709236
2025-06-03 00:00:00+00:00,9965.48759861119,0.0,1.8696730484479254,-0.10441351793261966,-7.318590178329032e-13,0.0738222343286651,0.843049222709236
2025-06-04 00:00:00+00:00,9927.358729469863,0.0,1.8625195079617307,-0.10784011391616655,-7.318590178329032e-13,0.0738222343286651,0.843049222709236
2025-06-05 00:00:00+00:00,9528.726815465801,0.0,1.7877302577128544,-0.14366468847611458,-7.318590178329032e-13,0.0738222343286651,0.843049222709236
2025-06-06 00:00:00+00:00,9786.27983580127,0.0,1.8360510183281902,-0.1205187057888032,-7.318590178329032e-13,0.0738222343286651,0.843049222709236
2025-06-09 00:00:00+00:00,10399.34401348599,0.0,1.951070936685798,-0.06542335950080946,-7.318590178329032e-13,0.0738222343286651,0.843049222709236
2025-06-10 00:00:00+00:00,10515.065689868894,0.0,1.9727820368515823,-0.05502359049551275,-7.318590178329032e-13,0.0738222343286651,0.843049222709236
2025-06-11 00:00:00+00:00,10357.029163459083,0.0,1.9431320441969397,-0.06922614459283927,-7.318590178329032e-13,0.0738222343286651,0.843049222709236
2025-06-12 00:00:00+00:00,10028.807242367991,0.0,1.8815527512921615,-0.0987230570859452,-7.318590178329032e-13,0.0738222343286651,0.843049222709236
2025-06-13 00:00:00+00:00,10004.45678614188,0.0,1.8769842451079064,-0.10091140353788586,-7.318590178329032e-13,0.0738222343286651,0.843049222709236
2025-06-16 00:00:00+00:00,10028.671359619811,0.0,1.881527257676369,-0.09873526870642169,-7.318590178329032e-13,0.0738222343286651,0.843049222709236
2025-06-17 00:00:00+00:00,9834.212367615148,0.0,1.845043871110303,-0.11621106633624323,-7.318590178329032e-13,0.0738222343286651,0.843049222709236
2025-06-18 00:00:00+00:00,9871.675738479964,0.0,1.8520725542647245,-0.11284427788889406,-7.318590178329032e-13,0.0738222343286651,0.843049222709236
2025-06-20 00:00:00+00:00,9654.477947417654,0.0,1.8113230322655984,-0.13236358426356742,-7.318590178329032e-13,0.0738222343286651,0.843049222709236
2025-06-23 00:00:00+00:00,9809.134151658161,0.0,1.8403388264234308,-0.11846481568700995,-7.318590178329032e-13,0.0738222343286651,0.843049222709236
2025-06-24 00:00:00+00:00,9895.447953630208,0.0,1.8565325738602043,-0.11070789727262365,-7.318590178329032e-13,0.0738222343286651,0.843049222709236
2025-06-25 00:00:00+00:00,9963.027564364882,0.0,1.8692115095936481,-0.10463459827561472,-7.318590178329032e-13,0.0738222343286651,0.843049222709236
2025-06-26 00:00:00+00:00,9931.844124178411,0.0,1.8633610344314837,-0.10743701684460194,-7.318590178329032e-13,0.0738222343286651,0.843049222709236
2025-06-27 00:00:00+00:00,10045.369542456789,100.0,1.8658986031930556,-0.10622150363919591,-7.531752999057062e-13,0.074382419011513,0.8595809823100065
2025-06-30 00:00:00+00:00,10106.27860271913,0.0,1.8772122865757286,-0.10080217007800263,-7.531752999057062e-13,0.074382419011513,0.8595809823100065
2025-07-01 00:00:00+00:00,9928.119695359755,0.0,1.8441197801245466,-0.11665371238910838,-7.531752999057062e-13,0.074382419011513,0.8595809823100065
2025-07-02 00:00:00+00:00,10305.97210917505,0.0,1.9143047830924567,-0.08303460451669253,-7.531752999057062e-13,0.074382419011513,0.8595809823100065
2025-07-03 00:00:00+00:00,10378.570243655275,0.0,1.9277896785110422,-0.07657524518699421,-7.531752999057062e-13,0.074382419011513,0.8595809823100065
2025-07-07 00:00:00+00:00,10238.163502015199,0.0,1.9017095286471843,-0.08906781959071253,-7.531752999057062e-13,0.074382419011513,0.8595809823100065
2025-07-08 00:00:00+00:00,10349.973902328895,0.0,1.922477990064758,-0.07911958114637208,-7.531752999057062e-13,0.074382419011513,0.8595809823100065
2025-07-09 00:00:00+00:00,10653.809501463455,0.0,1.9789145818326748,-0.052086058508144295,-7.531752999057062e-13,0.074382419011513,0.8595809823100065
2025-07-10 00:00:00+00:00,11165.977186807322,0.0,2.074048261548953,-0.006516359777152703,-7.531752999057062e-13,0.074382419011513,0.8595809823100065
2025-07-11 00:00:00+00:00,11284.821305051744,0.0,2.096123215914021,0.0,-7.531752999057062e-13,0.074382419011513,0.8595809823100065
2025-07-14 00:00:00+00:00,11504.527305503234,0.0,2.136932975836034,0.0,-7.531752999057062e-13,0.074382419011513,0.8595809823100065
2025-07-15 00:00:00+00:00,11456.402160956204,0.0,2.1279938681596824,-0.004183148361428746,-7.531752999057062e-13,0.074382419011513,0.8595809823100065
2025-07-16 00:00:00+00:00,11721.966696486801,0.0,2.1773217195453234,0.0,-7.531752999057062e-13,0.074382419011513,0.8595809823100065
2025-07-17 00:00:00+00:00,11853.366534653924,0.0,2.201728862902228,0.0,-7.531752999057062e-13,0.074382419011513,0.8595809823100065
2025-07-18 00:00:00+00:00,11820.399838520638,0.0,2.1956053935756885,-0.002781209543879948,-7.531752999057062e-13,0.074382419011513,0.8595809823100065
2025-07-21 00:00:00+00:00,11965.062438416648,0.0,2.2224760569135977,0.0,-7.531752999057062e-13,0.074382419011513,0.8595809823100065
2025-07-22 00:00:00+00:00,12142.670802462584,0.0,2.2554663015221266,0.0,-7.531752999057062e-13,0.074382419011513,0.8595809823100065
2025-07-23 00:00:00+00:00,11952.166890612622,0.0,2.2200807458667273,-0.015688798201737186,-7.531752999057062e-13,0.074382419011513,0.8595809823100065
2025-07-24 00:00:00+00:00,11988.904230981527,0.0,2.226904601553634,-0.012663323743395183,-7.531752999057062e-13,0.074382419011513,0.8595809823100065
2025-07-25 00:00:00+00:00,11950.341664035466,0.0,2.2197417152609913,-0.015839113285366357,-7.531752999057062e-13,0.074382419011513,0.8595809823100065
2025-07-28 00:00:00+00:00,12145.726253946643,100.0,2.237459129471507,-0.007983791218014291,-7.673861546209082e-13,0.07488411330401237,0.8698957899794884
2025-07-29 00:00:00+00:00,12132.840025200654,0.0,2.2350852565923285,-0.00903628882242391,-7.673861546209082e-13,0.07488411330401237,0.8698957899794884
2025-07-30 00:00:00+00:00,12138.66933680066,0.0,2.2361591196273802,-0.00856017307007273,-7.673861546209082e-13,0.07488411330401237,0.8698957899794884
2025-07-31 00:00:00+00:00,11886.104373956992,0.0,2.189632154497109,-0.02918870788740613,-7.673861546209082e-13,0.07488411330401237,0.8698957899794884
2025-08-01 00:00:00+00:00,11518.585521836514,0.0,2.1219286352725875,-0.05920623427599858,-7.673861546209082e-13,0.07488411330401237,0.8698957899794884
2025-08-04 00:00:00+00:00,11852.66743827232,0.0,2.183472475327252,-0.031919708197940655,-7.673861546209082e-13,0.07488411330401237,0.8698957899794884
2025-08-05 00:00:00+00:00,11688.568723764518,0.0,2.153242569001913,-0.045322660086398514,-7.673861546209082e-13,0.07488411330401237,0.8698957899794884
2025-08-06 00:00:00+00:00,11815.190037954933,0.0,2.176568470598696,-0.034980718120321885,-7.673861546209082e-13,0.07488411330401237,0.8698957899794884
2025-08-07 00:00:00+00:00,12198.349513404766,0.0,2.2471532712490623,-0.0036857257709654867,-7.673861546209082e-13,0.07488411330401237,0.8698957899794884
2025-08-08 00:00:00+00:00,12224.931619798943,0.0,2.252050168757592,-0.001514601553669448,-7.673861546209082e-13,0.07488411330401237,0.8698957899794884
2025-08-11 00:00:00+00:00,12561.457169757186,0.0,2.31404416963587,0.0,-7.673861546209082e-13,0.07488411330401237,0.8698957899794884
2025-08-12 00:00:00+00:00,12989.408080209929,0.0,2.3928803504897727,0.0,-7.673861546209082e-13,0.07488411330401237,0.8698957899794884
2025-08-13 00:00:00+00:00,13365.088750582854,0.0,2.4620874220239877,0.0,-7.673861546209082e-13,0.07488411330401237,0.8698957899794884
2025-08-14 00:00:00+00:00,12813.699896578679,0.0,2.360511773150822,-0.041255906660562225,-7.673861546209082e-13,0.07488411330401237,0.8698957899794884
2025-08-15 00:00:00+00:00,12648.931630265324,0.0,2.330158523456081,-0.053584164960094216,-7.673861546209082e-13,0.07488411330401237,0.8698957899794884
2025-08-18 00:00:00+00:00,12455.411424414746,0.0,2.294508654336325,-0.06806369513471722,-7.673861546209082e-13,0.07488411330401237,0.8698957899794884
2025-08-19 00:00:00+00:00,11997.728610599494,0.0,2.2101953272645587,-0.10230834717979187,-7.673861546209082e-13,0.07488411330401237,0.8698957899794884
2025-08-20 00:00:00+00:00,12329.10781222745,0.0,2.271241279107786,-0.07751395876890277,-7.673861546209082e-13,0.07488411330401237,0.8698957899794884
2025-08-21 00:00:00+00:00,12100.033428101724,0.0,2.2290416970182734,-0.0946537165663014,-7.673861546209082e-13,0.07488411330401237,0.8698957899794884
2025-08-22 00:00:00+00:00,12960.045274363045,0.0,2.3874711986090715,-0.030306082045444604,-7.673861546209082e-13,0.07488411330401237,0.8698957899794884
2025-08-25 00:00:00+00:00,12052.458544641582,0.0,2.220277556026964,-0.09821335499055561,-7.673861546209082e-13,0.07488411330401237,0.8698957899794884
2025-08-26 00:00:00+00:00,12371.358297954595,0.0,2.2790245711924473,-0.07435270136795202,-7.673861546209082e-13,0.07488411330401237,0.8698957899794884
2025-08-27 00:00:00+00:00,12350.891162307937,100.0,2.256832378908654,-0.0833662693206082,-7.744915819785092e-13,0.07542015821116176,0.8785772248971143
2025-08-28 00:00:00+00:00,12453.259770068134,0.0,2.2755378136453843,-0.0757688807919128,-7.744915819785092e-13,0.07542015821116176,0.8785772248971143
2025-08-29 00:00:00+00:00,12004.595498966262,0.0,2.1935550610669914,-0.10906694805184702,-7.744915819785092e-13,0.07542015821116176,0.8785772248971143
2025-09-02 00:00:00+00:00,12190.90351712858,0.0,2.227598431890482,-0.09523991229391082,-7.744915819785092e-13,0.07542015821116176,0.8785772248971143
2025-09-03 00:00:00+00:00,12334.935117605766,0.0,2.2539167902397925,-0.08455046312411851,-7.744915819785092e-13,0.07542015821116176,0.8785772248971143
2025-09-04 00:00:00+00:00,12127.06928711618,0.0,2.215934240595984,-0.09997743346808163,-7.744915819785092e-13,0.07542015821116176,0.8785772248971143
2025-09-05 00:00:00+00:00,12130.421420828654,0.0,2.2165467635144784,-0.09972865151459964,-7.744915819785092e-13,0.07542015821116176,0.8785772248971143
2025-09-08 00:00:00+00:00,12235.455980550416,0.0,2.2357393377319483,-0.09193340669681305,-7.744915819785092e-13,0.07542015821116176,0.8785772248971143
2025-09-09 00:00:00+00:00,12199.593292940755,0.0,2.229186282286106,-0.09459499189773801,-7.744915819785092e-13,0.07542015821116176,0.8785772248971143
2025-09-10 00:00:00+00:00,12416.094725533512,0.0,2.268746783365296,-0.07852712171355547,-7.744915819785092e-13,0.07542015821116176,0.8785772248971143
2025-09-11 00:00:00+00:00,12627.140452366299,0.0,2.3073103836340834,-0.06286415218459951,-7.744915819785092e-13,0.07542015821116176,0.8785772248971143
2025-09-12 00:00:00+00:00,12890.953669620521,0.0,2.355515991056191,-0.04328499061994662,-7.744915819785092e-13,0.07542015821116176,0.8785772248971143
2025-09-15 00:00:00+00:00,12674.1483131677,0.0,2.3158999551010875,-0.05937541681713521,-7.744915819785092e-13,0.07542015821116176,0.8785772248971143
2025-09-16 00:00:00+00:00,12762.972717174174,0.0,2.332130507889929,-0.052783224905647796,-7.744915819785092e-13,0.07542015821116176,0.8785772248971143
2025-09-17 00:00:00+00:00,12815.630769315449,0.0,2.3417525177935836,-0.04887515494128203,-7.744915819785092e-13,0.07542015821116176,0.8785772248971143
2025-09-18 00:00:00+00:00,12860.317746510687,0.0,2.3499180028362776,-0.045558666270062775,-7.744915819785092e-13,0.07542015821116176,0.8785772248971143
2025-09-19 00:00:00+00:00,12647.013795336174,0.0,2.310941765637387,-0.06138923217533421,-7.744915819785092e-13,0.07542015821116176,0.8785772248971143
2025-09-22 00:00:00+00:00,12185.371541964976,0.0,2.226587594655786,-0.09565047335914922,-7.744915819785092e-13,0.07542015821116176,0.8785772248971143
2025-09-23 00:00:00+00:00,12105.59121001032,0.0,2.212009631495943,-0.10157145042496707,-7.744915819785092e-13,0.07542015821116176,0.8785772248971143
2025-09-24 00:00:00+00:00,12194.196151757089,0.0,2.2282000827627857,-0.09499554612440697,-7.744915819785092e-13,0.07542015821116176,0.8785772248971143
2025-09-25 00:00:00+00:00,11624.306136997273,0.0,2.124066201180888,-0.1372905030988808,-7.744915819785092e-13,0.07542015821116176,0.8785772248971143
2025-09-26 00:00:00+00:00,11811.961329338326,0.0,2.1583557361286223,-0.12336348546294884,-7.744915819785092e-13,0.07542015821116176,0.8785772248971143
2025-09-29 00:00:00+00:00,12426.39111964785,100.0,2.2523555772889727,-0.08518456447115208,-7.744915819785092e-13,0.07595428793418166,0.8882195540019961
2025-09-30 00:00:00+00:00,12344.308552076702,0.0,2.237477635086208,-0.09122738085113846,-7.744915819785092e-13,0.07595428793418166,0.8882195540019961
2025-10-01 00:00:00+00:00,12869.803285398695,0.0,2.332726608182052,-0.05254111315657228,-7.744915819785092e-13,0.07595428793418166,0.8882195540019961
2025-10-02 00:00:00+00:00,13137.80831140861,0.0,2.381304076029532,-0.032810916977126126,-7.744915819785092e-13,0.07595428793418166,0.8882195540019961
2025-10-03 00:00:00+00:00,13292.463901439882,0.0,2.4093363001412516,-0.02142536508284154,-7.744915819785092e-13,0.07595428793418166,0.8882195540019961
2025-10-06 00:00:00+00:00,13628.779913755592,0.0,2.470295531085879,0.0,-7.744915819785092e-13,0.07595428793418166,0.8882195540019961
2025-10-07 00:00:00+00:00,13166.291930538344,0.0,2.386466897462602,-0.03393465784493732,-7.744915819785092e-13,0.07595428793418166,0.8882195540019961
2025-10-08 00:00:00+00:00,13385.452427950118,0.0,2.4261910107561504,-0.0178539449125511,-7.744915819785092e-13,0.07595428793418166,0.8882195540019961
2025-10-09 00:00:00+00:00,13120.60391200416,0.0,2.3781856786944235,-0.037286976895013924,-7.744915819785092e-13,0.07595428793418166,0.8882195540019961
2025-10-10 00:00:00+00:00,11967.339034985893,0.0,2.169149720238515,-0.12190679497970347,-7.744915819785092e-13,0.07595428793418166,0.8882195540019961
2025-10-13 00:00:00+00:00,12514.15741981733,0.0,2.2682637290428778,-0.0817844664740146,-7.744915819785092e-13,0.07595428793418166,0.8882195540019961
2025-10-14 00:00:00+00:00,12248.89531487431,0.0,2.2201834315728304,-0.10124784519328567,-7.744915819785092e-13,0.07595428793418166,0.8882195540019961
2025-10-15 00:00:00+00:00,11953.04279828028,0.0,2.1665584442865438,-0.1229557690475277,-7.744915819785092e-13,0.07595428793418166,0.8882195540019961
2025-10-16 00:00:00+00:00,11676.999431207785,0.0,2.1165239804254883,-0.14321021359937514,-7.744915819785092e-13,0.07595428793418166,0.8882195540019961
2025-10-17 00:00:00+00:00,11487.217864566112,0.0,2.0821249690008323,-0.15713527276407158,-7.744915819785092e-13,0.07595428793418166,0.8882195540019961
2025-10-20 00:00:00+00:00,11929.807203502703,0.0,2.162346857753898,-0.1246606608224784,-7.744915819785092e-13,0.07595428793418166,0.8882195540019961
2025-10-21 00:00:00+00:00,11665.79115340842,0.0,2.114492414963712,-0.1440326113393262,-7.744915819785092e-13,0.07595428793418166,0.8882195540019961
2025-10-22 00:00:00+00:00,11550.354469444026,0.0,2.093568845405384,-0.15250267870374834,-7.744915819785092e-13,0.07595428793418166,0.8882195540019961
2025-10-23 00:00:00+00:00,11786.594954865574,0.0,2.1363888057460296,-0.13516873634672866,-7.744915819785092e-13,0.07595428793418166,0.8882195540019961
2025-10-24 00:00:00+00:00,11926.334735813536,0.0,2.1617174528131278,-0.12491545015146754,-7.744915819785092e-13,0.07595428793418166,0.8882195540019961
2025-10-27 00:00:00+00:00,12425.80907126782,100.0,2.234124496723215,-0.09560436449433607,-7.887024366937112e-13,0.07647724894530782,0.8978240878739289
2025-10-28 00:00:00+00:00,12206.784476657323,0.0,2.194744508716184,-0.11154577211600669,-7.887024366937112e-13,0.07647724894530782,0.8978240878739289
2025-10-29 00:00:00+00:00,11918.32402134497,0.0,2.1428801539805686,-0.1325409745454168,-7.887024366937112e-13,0.07647724894530782,0.8978240878739289
2025-10-30 00:00:00+00:00,11700.537318760915,0.0,2.1037227353760377,-0.1483922838773486,-7.887024366937112e-13,0.07647724894530782,0.8978240878739289
2025-10-31 00:00:00+00:00,11837.337179067787,0.0,2.1283189542062946,-0.13843549185763215,-7.887024366937112e-13,0.07647724894530782,0.8978240878739289
2025-11-03 00:00:00+00:00,11386.783066030403,0.0,2.047310629093384,-0.1712284609957423,-7.887024366937112e-13,0.07647724894530782,0.8978240878739289
2025-11-04 00:00:00+00:00,10713.420829242674,0.0,1.9262420483878937,-0.2202382167848691,-7.887024366937112e-13,0.07647724894530782,0.8978240878739289
2025-11-05 00:00:00+00:00,11019.26128890895,0.0,1.981231277589031,-0.197978034345497,-7.887024366937112e-13,0.07647724894530782,0.8978240878739289
2025-11-06 00:00:00+00:00,10727.0788773755,0.0,1.928697725900397,-0.2192441343029955,-7.887024366937112e-13,0.07647724894530782,0.8978240878739289
2025-11-07 00:00:00+00:00,10988.057004078295,0.0,1.9756208375168354,-0.2002491958326934,-7.887024366937112e-13,0.07647724894530782,0.8978240878739289
2025-11-10 00:00:00+00:00,11310.741251904386,0.0,2.0336385310642076,-0.17676306115071505,-7.887024366937112e-13,0.07647724894530782,0.8978240878739289
2025-11-11 00:00:00+00:00,10950.21528885399,0.0,1.9688170066760624,-0.20300345367559292,-7.887024366937112e-13,0.07647724894530782,0.8978240878739289
2025-11-12 00:00:00+00:00,10840.243995030867,0.0,1.9490444864274863,-0.2110075649245352,-7.887024366937112e-13,0.07647724894530782,0.8978240878739289
2025-11-13 00:00:00+00:00,10525.525884328723,0.0,1.892459081272024,-0.23391389513620375,-7.887024366937112e-13,0.07647724894530782,0.8978240878739289
2025-11-14 00:00:00+00:00,10028.676577831264,0.0,1.803127014405439,-0.2700763970484008,-7.887024366937112e-13,0.07647724894530782,0.8978240878739289
2025-11-17 00:00:00+00:00,9774.060071250955,0.0,1.7573477036693281,-0.28860831363895845,-7.887024366937112e-13,0.07647724894530782,0.8978240878739289
2025-11-18 00:00:00+00:00,9913.885728400717,0.0,1.7824879520118717,-0.2784312931059162,-7.887024366937112e-13,0.07647724894530782,0.8978240878739289
2025-11-19 00:00:00+00:00,9718.220289478515,0.0,1.7473078725698825,-0.29267253630912315,-7.887024366937112e-13,0.07647724894530782,0.8978240878739289
2025-11-20 00:00:00+00:00,9170.407992975937,0.0,1.6488128076446869,-0.33254431022675623,-7.887024366937112e-13,0.07647724894530782,0.8978240878739289
2025-11-21 00:00:00+00:00,8993.711364128261,0.0,1.6170432653369904,-0.3454049343536725,-7.887024366937112e-13,0.07647724894530782,0.8978240878739289
2025-11-24 00:00:00+00:00,9404.557551288273,0.0,1.6909122203366234,-0.31550205266600573,-7.887024366937112e-13,0.07647724894530782,0.8978240878739289
2025-11-25 00:00:00+00:00,9338.798873952177,0.0,1.6790890005312913,-0.3202882086771187,-7.887024366937112e-13,0.07647724894530782,0.8978240878739289
2025-11-26 00:00:00+00:00,9637.28739450793,0.0,1.7327563723651511,-0.2985631271399032,-7.887024366937112e-13,0.07647724894530782,0.8978240878739289
2025-11-28 00:00:00+00:00,9772.28048619454,100.0,1.739048028940972,-0.29601620249196225,-8.029132914089132e-13,0.0771331946418103,0.91107019842771
2025-12-01 00:00:00+00:00,9205.66486450824,0.0,1.638214678787671,-0.3368345373366912,-8.029132914089132e-13,0.0771331946418103,0.91107019842771
2025-12-02 00:00:00+00:00,9770.184573935112,0.0,1.7386750461874845,-0.2961671895899811,-8.029132914089132e-13,0.0771331946418103,0.91107019842771
2025-12-03 00:00:00+00:00,10111.370296583578,0.0,1.7993915144993422,-0.27158856426041644,-8.029132914089132e-13,0.0771331946418103,0.91107019842771
2025-12-04 00:00:00+00:00,9956.894734145893,0.0,1.7719014703119782,-0.2827168053317509,-8.029132914089132e-13,0.0771331946418103,0.91107019842771
2025-12-05 00:00:00+00:00,9643.365066885584,0.0,1.7161065971875489,-0.3053031203788026,-8.029132914089132e-13,0.0771331946418103,0.91107019842771
2025-12-08 00:00:00+00:00,9837.245259571926,0.0,1.750608980476506,-0.29133621526369247,-8.029132914089132e-13,0.0771331946418103,0.91107019842771
2025-12-09 00:00:00+00:00,10171.579280760488,0.0,1.8101061389317163,-0.2672511785923687,-8.029132914089132e-13,0.0771331946418103,0.91107019842771
2025-12-10 00:00:00+00:00,10125.96433364968,0.0,1.8019886290039808,-0.27053722668887614,-8.029132914089132e-13,0.0771331946418103,0.91107019842771
2025-12-11 00:00:00+00:00,10085.342096199645,0.0,1.7947596078897738,-0.2734636057488865,-8.029132914089132e-13,0.0771331946418103,0.91107019842771
2025-12-12 00:00:00+00:00,9773.215622190386,0.0,1.7392144431584786,-0.2959488363750695,-8.029132914089132e-13,0.0771331946418103,0.91107019842771
2025-12-15 00:00:00+00:00,9367.968927744916,0.0,1.6670978613426126,-0.32514234011110443,-8.029132914089132e-13,0.0771331946418103,0.91107019842771
2025-12-16 00:00:00+00:00,9476.049525557533,0.0,1.686331585841037,-0.3173563386969458,-8.029132914089132e-13,0.0771331946418103,0.91107019842771
2025-12-17 00:00:00+00:00,9233.723371339398,0.0,1.6432078931216931,-0.3348132349171272,-8.029132914089132e-13,0.0771331946418103,0.91107019842771
2025-12-18 00:00:00+00:00,9173.17972876552,0.0,1.6324337138058465,-0.3391747289895026,-8.029132914089132e-13,0.0771331946418103,0.91107019842771
2025-12-19 00:00:00+00:00,9512.817404368918,0.0,1.6928746959437,-0.3147076231807959,-8.029132914089132e-13,0.0771331946418103,0.91107019842771
2025-12-22 00:00:00+00:00,9577.461295847204,0.0,1.70437854422325,-0.31005075191386167,-8.029132914089132e-13,0.0771331946418103,0.91107019842771
2025-12-23 00:00:00+00:00,9449.416026175544,0.0,1.6815919618945607,-0.3192749852260083,-8.029132914089132e-13,0.0771331946418103,0.91107019842771
2025-12-24 00:00:00+00:00,9447.576828750178,0.0,1.6812646634034936,-0.3194074788839324,-8.029132914089132e-13,0.0771331946418103,0.91107019842771
2025-12-26 00:00:00+00:00,9406.697707543673,0.0,1.6739899279659014,-0.32235236355301256,-8.029132914089132e-13,0.0771331946418103,0.91107019842771
2025-12-29 00:00:00+00:00,9504.69832449665,100.0,1.6736341232842884,-0.32249639679807807,-8.100187187665142e-13,0.07781435733580365,0.92460503003053
2025-12-30 00:00:00+00:00,9634.930269645167,0.0,1.6965660060122747,-0.31321334445093396,-8.100187187665142e-13,0.07781435733580365,0.92460503003053
2025-12-31 00:00:00+00:00,9567.883202367057,0.0,1.684760027975752,-0.3179925208239459,-8.100187187665142e-13,0.07781435733580365,0.92460503003053
2026-01-02 00:00:00+00:00,9892.719995411024,0.0,1.7419588913984279,-0.29483785665405504,-8.100187187665142e-13,0.07781435733580365,0.92460503003053
2026-01-05 00:00:00+00:00,10285.474989173063,0.0,1.8111171263269696,-0.26684192092156334,-8.100187187665142e-13,0.07781435733580365,0.92460503003053
2026-01-06 00:00:00+00:00,10343.212884292054,0.0,1.8212838994510259,-0.26272631086757625,-8.100187187665142e-13,0.07781435733580365,0.92460503003053
2026-01-07 00:00:00+00:00,10039.25784468388,0.0,1.767761998085534,-0.28439250452415676,-8.100187187665142e-13,0.07781435733580365,0.92460503003053
2026-01-08 00:00:00+00:00,9961.311391692485,0.0,1.754036802496827,-0.28994859909502524,-8.100187187665142e-13,0.07781435733580365,0.92460503003053
2026-01-09 00:00:00+00:00,9908.743126040921,0.0,1.7447803232070447,-0.293695713225015,-8.100187187665142e-13,0.07781435733580365,0.92460503003053
2026-01-12 00:00:00+00:00,9966.50115191801,0.0,1.7549506410541977,-0.2895786682321503,-8.100187187665142e-13,0.07781435733580365,0.92460503003053
2026-01-13 00:00:00+00:00,10499.648991814507,0.0,1.8488299402326218,-0.2515754018225005,-8.100187187665142e-13,0.07781435733580365,0.92460503003053
2026-01-14 00:00:00+00:00,10646.216360612247,0.0,1.874638244863151,-0.24112794551382777,-8.100187187665142e-13,0.07781435733580365,0.92460503003053
2026-01-15 00:00:00+00:00,10507.903537330061,0.0,1.8502834412881397,-0.2509870102567031,-8.100187187665142e-13,0.07781435733580365,0.92460503003053
2026-01-16 00:00:00+00:00,10482.992057320971,0.0,1.8458969051161003,-0.2527627233715267,-8.100187187665142e-13,0.07781435733580365,0.92460503003053
2026-01-20 00:00:00+00:00,9599.169369295105,0.0,1.6902690504370546,-0.3157624141861054,-8.100187187665142e-13,0.07781435733580365,0.92460503003053
2026-01-21 00:00:00+00:00,9718.284168506983,0.0,1.711243371319534,-0.30727180218501426,-8.100187187665142e-13,0.07781435733580365,0.92460503003053
2026-01-22 00:00:00+00:00,9699.1001903775,0.0,1.7078653619054853,-0.30863925371927003,-8.100187187665142e-13,0.07781435733580365,0.92460503003053
2026-01-23 00:00:00+00:00,9705.698205853474,0.0,1.7090271729877045,-0.30816894113213267,-8.100187187665142e-13,0.07781435733580365,0.92460503003053
2026-01-26 00:00:00+00:00,9584.087602444795,0.0,1.6876133786021015,-0.3168374563426143,-8.100187187665142e-13,0.07781435733580365,0.92460503003053
2026-01-27 00:00:00+00:00,9845.274808598075,100.0,1.7159960162456034,-0.305347884634963,-8.313350008393172e-13,0.07849247940715695,0.9382348250806357
2026-01-28 00:00:00+00:00,9834.1962727906,0.0,1.7140650672694653,-0.3061295518289644,-8.313350008393172e-13,0.07849247940715695,0.9382348250806357
2026-01-29 00:00:00+00:00,9292.653175536892,0.0,1.619676051667676,-0.3443391564750523,-8.313350008393172e-13,0.07849247940715695,0.9382348250806357
2026-01-30 00:00:00+00:00,9153.972976888766,0.0,1.5955045914455088,-0.35412400202004746,-8.313350008393172e-13,0.07849247940715695,0.9382348250806357
2026-02-02 00:00:00+00:00,8382.444623133915,0.0,1.4610299721786468,-0.40856065446695145,-8.313350008393172e-13,0.07849247940715695,0.9382348250806357
2026-02-03 00:00:00+00:00,8043.145541580075,0.0,1.4018913616694,-0.4325005473927388,-8.313350008393172e-13,0.07849247940715695,0.9382348250806357
2026-02-04 00:00:00+00:00,7758.539749910273,0.0,1.352285595024949,-0.45258145108228454,-8.313350008393172e-13,0.07849247940715695,0.9382348250806357
2026-02-05 00:00:00+00:00,6651.946416059183,0.0,1.1594103539159801,-0.5306592513623936,-8.313350008393172e-13,0.07849247940715695,0.9382348250806357
2026-02-06 00:00:00+00:00,7475.954577976664,0.0,1.3030320151386197,-0.47251978609788436,-8.313350008393172e-13,0.07849247940715695,0.9382348250806357
2026-02-09 00:00:00+00:00,7480.3085921504135,0.0,1.3037909041612303,-0.4722125803352293,-8.313350008393172e-13,0.07849247940715695,0.9382348250806357
2026-02-10 00:00:00+00:00,7301.262971332968,0.0,1.272583895924077,-0.4848454851210934,-8.313350008393172e-13,0.07849247940715695,0.9382348250806357
2026-02-11 00:00:00+00:00,7086.755997430222,0.0,1.2351961012885684,-0.49998043321334606,-8.313350008393172e-13,0.07849247940715695,0.9382348250806357
2026-02-12 00:00:00+00:00,7029.40764302592,0.0,1.225200489219916,-0.5040267555836329,-8.313350008393172e-13,0.07849247940715695,0.9382348250806357
2026-02-13 00:00:00+00:00,7326.698488240408,0.0,1.2770172151084431,-0.4830508337813739,-8.313350008393172e-13,0.07849247940715695,0.9382348250806357
2026-02-17 00:00:00+00:00,7167.163425230706,0.0,1.2492108269782654,-0.494307134001435,-8.313350008393172e-13,0.07849247940715695,0.9382348250806357
2026-02-18 00:00:00+00:00,7051.791550602524,0.0,1.2291019238650835,-0.5024474163523254,-8.313350008393172e-13,0.07849247940715695,0.9382348250806357
2026-02-19 00:00:00+00:00,7087.983630095869,0.0,1.2354100732502065,-0.49989381525248044,-8.313350008393172e-13,0.07849247940715695,0.9382348250806357
2026-02-20 00:00:00+00:00,7186.331016604371,0.0,1.2525516692683667,-0.49295472808560004,-8.313350008393172e-13,0.07849247940715695,0.9382348250806357
2026-02-23 00:00:00+00:00,6816.656624195911,0.0,1.1881187512428655,-0.5190378089213485,-8.313350008393172e-13,0.07849247940715695,0.9382348250806357
2026-02-24 00:00:00+00:00,6765.637621695402,0.0,1.1792263224640123,-0.522637551813222,-8.313350008393172e-13,0.07849247940715695,0.9382348250806357
2026-02-25 00:00:00+00:00,7266.949217539868,0.0,1.2666031319579998,-0.48726655737371094,-8.313350008393172e-13,0.07849247940715695,0.9382348250806357
2026-02-26 00:00:00+00:00,7199.519091557782,0.0,1.2548503033361775,-0.49202421833934284,-8.313350008393172e-13,0.07849247940715695,0.9382348250806357
2026-02-27 00:00:00+00:00,7077.598502877766,100.0,1.2161703422887506,-0.5076822481421268,-8.455458555545192e-13,0.07938023129594346,0.9579322477139296
2026-03-02 00:00:00+00:00,7405.8100253165,0.0,1.2725681613265398,-0.48485185464139535,-8.455458555545192e-13,0.07938023129594346,0.9579322477139296
2026-03-03 00:00:00+00:00,7324.074307069363,0.0,1.258523205767473,-0.4905373912026395,-8.455458555545192e-13,0.07938023129594346,0.9579322477139296
2026-03-04 00:00:00+00:00,7806.095122046013,0.0,1.3413506534253326,-0.4570080233130208,-8.455458555545192e-13,0.07938023129594346,0.9579322477139296
2026-03-05 00:00:00+00:00,7612.98118933226,0.0,1.308167160810752,-0.47044102847252656,-8.455458555545192e-13,0.07938023129594346,0.9579322477139296
2026-03-06 00:00:00+00:00,7302.3480420031165,0.0,1.254789900012487,-0.4920486702006406,-8.455458555545192e-13,0.07938023129594346,0.9579322477139296
2026-03-09 00:00:00+00:00,7341.300499929916,0.0,1.2614832472079462,-0.4893391372272651,-8.455458555545192e-13,0.07938023129594346,0.9579322477139296
2026-03-10 00:00:00+00:00,7503.377030026264,0.0,1.2893334663188638,-0.478065093793816,-8.455458555545192e-13,0.07938023129594346,0.9579322477139296
2026-03-11 00:00:00+00:00,7537.494316234033,0.0,1.2951959677914178,-0.4756918953652146,-8.455458555545192e-13,0.07938023129594346,0.9579322477139296
2026-03-12 00:00:00+00:00,7585.879559405574,0.0,1.30351018591579,-0.472326217850218,-8.455458555545192e-13,0.07938023129594346,0.9579322477139296
2026-03-13 00:00:00+00:00,7634.644813133306,0.0,1.3118897026817864,-0.46893410680093284,-8.455458555545192e-13,0.07938023129594346,0.9579322477139296
2026-03-16 00:00:00+00:00,8198.348266023842,0.0,1.4087529849056206,-0.4297228946180506,-8.455458555545192e-13,0.07938023129594346,0.9579322477139296
2026-03-17 00:00:00+00:00,8086.844703264934,0.0,1.389592908782091,-0.43747908244352385,-8.455458555545192e-13,0.07938023129594346,0.9579322477139296
2026-03-18 00:00:00+00:00,7766.265159526081,0.0,1.3345065213187268,-0.45977859550589406,-8.455458555545192e-13,0.07938023129594346,0.9579322477139296
2026-03-19 00:00:00+00:00,7598.936713010641,0.0,1.3057538456773232,-0.4714179622454536,-8.455458555545192e-13,0.07938023129594346,0.9579322477139296
2026-03-20 00:00:00+00:00,7653.091404934408,0.0,1.3150594498574262,-0.467650961875254,-8.455458555545192e-13,0.07938023129594346,0.9579322477139296
2026-03-23 00:00:00+00:00,7690.069336422057,0.0,1.3214135067562707,-0.4650787769609853,-8.455458555545192e-13,0.07938023129594346,0.9579322477139296
2026-03-24 00:00:00+00:00,7666.332591175952,0.0,1.3173347326383211,-0.46672990496029665,-8.455458555545192e-13,0.07938023129594346,0.9579322477139296
2026-03-25 00:00:00+00:00,7740.484455186476,0.0,1.3300765260302971,-0.4615719012997488,-8.455458555545192e-13,0.07938023129594346,0.9579322477139296
2026-03-26 00:00:00+00:00,7436.724466815742,0.0,1.2778803059592865,-0.4827014460907182,-8.455458555545192e-13,0.07938023129594346,0.9579322477139296
2026-03-27 00:00:00+00:00,7276.782362018256,100.0,1.2332134774526573,-0.5007830189003466,-8.597567102697212e-13,0.08025076072087073,0.9773165849275585
2026-03-30 00:00:00+00:00,7341.052269677466,0.0,1.2441054503572848,-0.4963738408212204,-8.597567102697212e-13,0.08025076072087073,0.9773165849275585
2026-03-31 00:00:00+00:00,7537.553122833111,0.0,1.2774069136121617,-0.48289307998276376,-8.597567102697212e-13,0.08025076072087073,0.9773165849275585
2026-04-01 00:00:00+00:00,7557.99344823023,0.0,1.2808709837889496,-0.4814907902027773,-8.597567102697212e-13,0.08025076072087073,0.9773165849275585
2026-04-02 00:00:00+00:00,7379.441950255511,0.0,1.2506114401105384,-0.4937401519886969,-8.597567102697212e-13,0.08025076072087073,0.9773165849275585
2026-04-06 00:00:00+00:00,7584.921008512141,0.0,1.28543446096918,-0.4796434496223472,-8.597567102697212e-13,0.08025076072087073,0.9773165849275585
2026-04-07 00:00:00+00:00,7961.172292658844,0.0,1.349198653909793,-0.45383107529781275,-8.597567102697212e-13,0.08025076072087073,0.9773165849275585
2026-04-08 00:00:00+00:00,7843.739267870383,0.0,1.3292970020996384,-0.4618874602767413,-8.597567102697212e-13,0.08025076072087073,0.9773165849275585
2026-04-09 00:00:00+00:00,7901.557987415384,0.0,1.3390956769320919,-0.45792086004241783,-8.597567102697212e-13,0.08025076072087073,0.9773165849275585
2026-04-10 00:00:00+00:00,8049.436778240289,0.0,1.3641570445533842,-0.4477757712034821,-8.597567102697212e-13,0.08025076072087073,0.9773165849275585
2026-04-13 00:00:00+00:00,8287.812864140604,0.0,1.4045552023118286,-0.43142219842237983,-8.597567102697212e-13,0.08025076072087073,0.9773165849275585
2026-04-14 00:00:00+00:00,8218.872410416425,0.0,1.3928717009447795,-0.4361517950313788,-8.597567102697212e-13,0.08025076072087073,0.9773165849275585
2026-04-15 00:00:00+00:00,8309.976881620525,0.0,1.4083113906531761,-0.42990165632768707,-8.597567102697212e-13,0.08025076072087073,0.9773165849275585
2026-04-16 00:00:00+00:00,8326.094429166273,0.0,1.4110428694673078,-0.42879592675818456,-8.597567102697212e-13,0.08025076072087073,0.9773165849275585
2026-04-17 00:00:00+00:00,8549.215449218713,0.0,1.4488557152201025,-0.4134889137806024,-8.597567102697212e-13,0.08025076072087073,0.9773165849275585
2026-04-20 00:00:00+00:00,8347.659516343367,0.0,1.4146975556769772,-0.4273164737276952,-8.597567102697212e-13,0.08025076072087073,0.9773165849275585
2026-04-21 00:00:00+00:00,8400.386625450814,0.0,1.4236333432742285,-0.42369917875840724,-8.597567102697212e-13,0.08025076072087073,0.9773165849275585
2026-04-22 00:00:00+00:00,8594.080414090166,0.0,1.4564590866818772,-0.41041099400699843,-8.597567102697212e-13,0.08025076072087073,0.9773165849275585
2026-04-23 00:00:00+00:00,8557.62404729162,0.0,1.450280740176753,-0.41291204962053807,-8.597567102697212e-13,0.08025076072087073,0.9773165849275585
2026-04-24 00:00:00+00:00,8476.86671148241,0.0,1.436594603919207,-0.4184523325888394,-8.597567102697212e-13,0.08025076072087073,0.9773165849275585
2026-04-27 00:00:00+00:00,8558.283888482907,100.0,1.4334453290567737,-0.41972719012017656,-8.597567102697212e-13,0.08101241811914485,0.9941728468976686
2026-04-28 00:00:00+00:00,8460.791602758169,0.0,1.4171161369649736,-0.42633740816344934,-8.597567102697212e-13,0.08101241811914485,0.9941728468976686
2026-04-29 00:00:00+00:00,8378.893051844554,0.0,1.4033987729708177,-0.43189033242758634,-8.597567102697212e-13,0.08101241811914485,0.9941728468976686
2026-04-30 00:00:00+00:00,8429.375394402517,0.0,1.4118541688285011,-0.42846750477345275,-8.597567102697212e-13,0.08101241811914485,0.9941728468976686
2026-05-01 00:00:00+00:00,8619.94602601687,0.0,1.4437732527596394,-0.41554634472216634,-8.597567102697212e-13,0.08101241811914485,0.9941728468976686
2026-05-04 00:00:00+00:00,8803.216272861539,0.0,1.474469579583771,-0.40312016881007284,-8.597567102697212e-13,0.08101241811914485,0.9941728468976686
2026-05-05 00:00:00+00:00,8901.365246157446,0.0,1.4909087616856953,-0.39646542572567023,-8.597567102697212e-13,0.08101241811914485,0.9941728468976686
2026-05-06 00:00:00+00:00,8935.360524075088,0.0,1.4966027037161307,-0.3941604618220468,-8.597567102697212e-13,0.08101241811914485,0.9941728468976686
2026-05-07 00:00:00+00:00,8759.189166653676,0.0,1.4670953851111528,-0.4061053154776768,-8.597567102697212e-13,0.08101241811914485,0.9941728468976686
2026-05-08 00:00:00+00:00,8790.259026503398,0.0,1.472299342593326,-0.40399870215279843,-8.597567102697212e-13,0.08101241811914485,0.9941728468976686
2026-05-11 00:00:00+00:00,8948.64799649172,0.0,1.498828250977565,-0.3932595383359989,-8.597567102697212e-13,0.08101241811914485,0.9941728468976686
2026-05-12 00:00:00+00:00,8783.565243878475,0.0,1.4711781865809235,-0.4044525571666192,-8.597567102697212e-13,0.08101241811914485,0.9941728468976686
2026-05-13 00:00:00+00:00,8670.875836504207,0.0,1.4523035959807915,-0.41209317763595843,-8.597567102697212e-13,0.08101241811914485,0.9941728468976686
2026-05-14 00:00:00+00:00,8839.241327836377,0.0,1.4805034933281123,-0.4006775810029011,-8.597567102697212e-13,0.08101241811914485,0.9941728468976686
2026-05-15 00:00:00+00:00,8620.84901284708,0.0,1.44392449596106,-0.4154851199822446,-8.597567102697212e-13,0.08101241811914485,0.9941728468976686
2026-05-18 00:00:00+00:00,8355.775386115822,0.0,1.3995267455422646,-0.4334577673275115,-8.597567102697212e-13,0.08101241811914485,0.9941728468976686
2026-05-19 00:00:00+00:00,8324.16075878549,0.0,1.3942315437860435,-0.4356013172346327,-8.597567102697212e-13,0.08101241811914485,0.9941728468976686
2026-05-20 00:00:00+00:00,8399.72510992986,0.0,1.406887979071728,-0.4304778673775539,-8.597567102697212e-13,0.08101241811914485,0.9941728468976686
2026-05-21 00:00:00+00:00,8409.147212571219,0.0,1.4084661072569038,-0.429839025520247,-8.597567102697212e-13,0.08101241811914485,0.9941728468976686
2026-05-22 00:00:00+00:00,8173.44953427469,0.0,1.3689885974633398,-0.44581991092314077,-8.597567102697212e-13,0.08101241811914485,0.9941728468976686
2026-05-26 00:00:00+00:00,8212.959542621827,0.0,1.375606213524477,-0.44314103466001264,-8.597567102697212e-13,0.08101241811914485,0.9941728468976686
2026-05-27 00:00:00+00:00,8142.098262001428,100.0,1.3469882910749116,-0.45472585197820037,-8.597567102697212e-13,0.08180143559573436,1.013432489927068
2026-05-28 00:00:00+00:00,8058.915964487742,0.0,1.3332270249773805,-0.46029654824686994,-8.597567102697212e-13,0.08180143559573436,1.013432489927068
2026-05-29 00:00:00+00:00,8050.797552240086,0.0,1.33188395518286,-0.4608402361488312,-8.597567102697212e-13,0.08180143559573436,1.013432489927068
2026-06-01 00:00:00+00:00,7875.035914823578,0.0,1.3028068229741911,-0.47261094610752485,-8.597567102697212e-13,0.08180143559573436,1.013432489927068
2026-06-02 00:00:00+00:00,7345.954017628727,0.0,1.2152781420852452,-0.5080434195858987,-8.597567102697212e-13,0.08180143559573436,1.013432489927068
2026-06-03 00:00:00+00:00,7084.37280892056,0.0,1.1720034463057185,-0.5255614433344598,-8.597567102697212e-13,0.08180143559573436,1.013432489927068
2026-06-04 00:00:00+00:00,7020.521546642883,0.0,1.161440210651861,-0.5298375453315411,-8.597567102697212e-13,0.08180143559573436,1.013432489927068
2026-06-05 00:00:00+00:00,6599.1759029584055,0.0,1.0917348803702167,-0.558054950659965,-8.597567102697212e-13,0.08180143559573436,1.013432489927068
2026-06-08 00:00:00+00:00,6873.72203787495,0.0,1.1371544291391544,-0.5396686692627055,-8.597567102697212e-13,0.08180143559573436,1.013432489927068
2026-06-09 00:00:00+00:00,6711.145455209907,0.0,1.1102585668925895,-0.5505563796229076,-8.597567102697212e-13,0.08180143559573436,1.013432489927068
2026-06-10 00:00:00+00:00,6675.059278255693,0.0,1.10428864903323,-0.552973061264531,-8.597567102697212e-13,0.08180143559573436,1.013432489927068
2026-06-11 00:00:00+00:00,6900.636057793188,0.0,1.1416069509006288,-0.5378662445303427,-8.597567102697212e-13,0.08180143559573436,1.013432489927068
2026-06-12 00:00:00+00:00,6889.730128730512,0.0,1.1398027281710559,-0.538596611689603,-8.597567102697212e-13,0.08180143559573436,1.013432489927068
2026-06-15 00:00:00+00:00,7246.042651388913,0.0,1.198749301958321,-0.5147344571232814,-8.597567102697212e-13,0.08180143559573436,1.013432489927068
2026-06-16 00:00:00+00:00,7189.384420878541,0.0,1.1893760457490876,-0.5185288437022479,-8.597567102697212e-13,0.08180143559573436,1.013432489927068
2026-06-17 00:00:00+00:00,7051.076446285791,0.0,1.1664950614691305,-0.5277912918555259,-8.597567102697212e-13,0.08180143559573436,1.013432489927068
2026-06-18 00:00:00+00:00,6884.150068089704,0.0,1.1388795906572615,-0.5389703068617708,-8.597567102697212e-13,0.08180143559573436,1.013432489927068
2026-06-22 00:00:00+00:00,6988.332619620329,0.0,1.1561150344618374,-0.531993229185158,-8.597567102697212e-13,0.08180143559573436,1.013432489927068
2026-06-23 00:00:00+00:00,6821.3015944132,0.0,1.1284822513682893,-0.5431792523738093,-8.597567102697212e-13,0.08180143559573436,1.013432489927068
2026-06-24 00:00:00+00:00,6640.227047486898,0.0,1.098526177801883,-0.5553057664647116,-8.597567102697212e-13,0.08180143559573436,1.013432489927068
2026-06-25 00:00:00+00:00,6480.135035018593,0.0,1.0720413505067115,-0.5660270858218047,-8.597567102697212e-13,0.08180143559573436,1.013432489927068
2026-06-26 00:00:00+00:00,6515.928564582521,0.0,1.0779628542355308,-0.5636300026978206,-8.597567102697212e-13,0.08180143559573436,1.013432489927068
2026-06-29 00:00:00+00:00,6665.690943711275,100.0,1.0861952950469227,-0.5602974294458368,-8.668621376273222e-13,0.08280702659279204,1.0388403055999078
2026-06-30 00:00:00+00:00,6487.605268770832,0.0,1.057175674445091,-0.5720448581387412,-8.668621376273222e-13,0.08280702659279204,1.0388403055999078
2026-07-01 00:00:00+00:00,6642.505543293249,0.0,1.082417161157952,-0.5618268553146963,-8.668621376273222e-13,0.08280702659279204,1.0388403055999078
2026-07-02 00:00:00+00:00,6864.221215546312,0.0,1.1185464269869732,-0.5472013720984676,-8.668621376273222e-13,0.08280702659279204,1.0388403055999078
2026-07-06 00:00:00+00:00,7172.584713541489,0.0,1.1687952284263157,-0.5268601615805284,-8.668621376273222e-13,0.08280702659279204,1.0388403055999078
2026-07-07 00:00:00+00:00,7087.2372643103645,0.0,1.1548875932566165,-0.5324901094935158,-8.668621376273222e-13,0.08280702659279204,1.0388403055999078
2026-07-08 00:00:00+00:00,6969.309312890679,0.0,1.1356708628278778,-0.5402692315406223,-8.668621376273222e-13,0.08280702659279204,1.0388403055999078
2026-07-09 00:00:00+00:00,7048.830839182975,0.0,1.1486291455390096,-0.5350235908680523,-8.668621376273222e-13,0.08280702659279204,1.0388403055999078
2026-07-10 00:00:00+00:00,7179.68145739647,0.0,1.1699516651484092,-0.5263920245873868,-8.668621376273222e-13,0.08280702659279204,1.0388403055999078
2026-07-13 00:00:00+00:00,7007.4646030543945,0.0,1.1418883873136296,-0.537752316294041,-8.668621376273222e-13,0.08280702659279204,1.0388403055999078
2026-07-14 00:00:00+00:00,7351.44939051633,0.0,1.1979417898586988,-0.5150613459871685,-8.668621376273222e-13,0.08280702659279204,1.0388403055999078
2026-07-15 00:00:00+00:00,7354.625268508126,0.0,1.1984593091618683,-0.5148518490680116,-8.668621376273222e-13,0.08280702659279204,1.0388403055999078
2026-07-16 00:00:00+00:00,7222.724975078439,0.0,1.1769657416759947,-0.5235526572164301,-8.668621376273222e-13,0.08280702659279204,1.0388403055999078
2026-07-17 00:00:00+00:00,7207.4626219052425,0.0,1.1744786932442473,-0.5245594389558822,-8.668621376273222e-13,0.08280702659279204,1.0388403055999078
2026-07-20 00:00:00+00:00,7382.366600793743,0.0,1.2029798464717174,-0.5130218909707058,-8.668621376273222e-13,0.08280702659279204,1.0388403055999078
2026-07-21 00:00:00+00:00,7516.372996469448,0.0,1.2248166099397975,-0.5041821537031241,-8.668621376273222e-13,0.08280702659279204,1.0388403055999078
2026-07-22 00:00:00+00:00,7484.121192705505,0.0,1.21956107712242,-0.5063096452324747,-8.668621376273222e-13,0.08280702659279204,1.0388403055999078
2026-07-23 00:00:00+00:00,7341.988993186125,0.0,1.1964001883719038,-0.5156854014766417,-8.668621376273222e-13,0.08280702659279204,1.0388403055999078
2026-07-24 00:00:00+00:00,7244.980756047306,0.0,1.1805923911531635,-0.5220845537318342,-8.668621376273222e-13,0.08280702659279204,1.0388403055999078
2026-07-27 00:00:00+00:00,7342.542982215069,100.0,1.1801951482432649,-0.5222453615804903,-8.881784197001252e-13,0.08372308324244979,1.0592729352988302
2026-07-28 00:00:00+00:00,7387.327079860648,0.0,1.1873934683467748,-0.5193314105924699,-8.881784197001252e-13,0.08372308324244979,1.0592729352988302
2026-07-29 00:00:00+00:00,7380.9351835823945,0.0,1.1863660742962474,-0.5197473098391789,-8.881784197001252e-13,0.08372308324244979,1.0592729352988302
2026-07-30 00:00:00+00:00,7455.59687142066,0.0,1.1983667342800983,-0.5148893242933865,-8.881784197001252e-13,0.08372308324244979,1.0592729352988302
2026-07-31 00:00:00+00:00,7238.1689814687925,0.0,1.1634187140321388,-0.5290366276456284,-8.881784197001252e-13,0.08372308324244979,1.0592729352988302
2026-08-03 00:00:00+00:00,7288.867543683883,0.0,1.1715676887530342,-0.5257378422904555,-8.881784197001252e-13,0.08372308324244979,1.0592729352988302
2026-08-04 00:00:00+00:00,7347.774430042088,0.0,1.181036018955045,-0.5219049688213249,-8.881784197001252e-13,0.08372308324244979,1.0592729352988302
2026-08-05 00:00:00+00:00,7436.018540374097,0.0,1.195219833898606,-0.516163220611415,-8.881784197001252e-13,0.08372308324244979,1.0592729352988302
2026-08-06 00:00:00+00:00,7402.332550587377,0.0,1.1898053553172268,-0.5183550549540044,-8.881784197001252e-13,0.08372308324244979,1.0592729352988302
2026-08-07 00:00:00+00:00,7463.208708025698,0.0,1.1995902140271346,-0.514394047622381,-8.881784197001252e-13,0.08372308324244979,1.0592729352988302
2026-08-10 00:00:00+00:00,7339.954163734701,0.0,1.1797790375010306,-0.5224138073138036,-8.881784197001252e-13,0.08372308324244979,1.0592729352988302
2026-08-11 00:00:00+00:00,7318.96472948403,0.0,1.176405325079188,-0.5237795193832253,-8.881784197001252e-13,0.08372308324244979,1.0592729352988302
2026-08-12 00:00:00+00:00,7305.972343503973,0.0,1.1743170089556179,-0.5246248903509054,-8.881784197001252e-13,0.08372308324244979,1.0592729352988302
2026-08-13 00:00:00+00:00,7313.598203828614,0.0,1.1755427427889944,-0.5241287012035132,-8.881784197001252e-13,0.08372308324244979,1.0592729352988302
2026-08-14 00:00:00+00:00,7271.964740599835,0.0,1.1688508362620345,-0.5268376509800682,-8.881784197001252e-13,0.08372308324244979,1.0592729352988302
2026-08-17 00:00:00+00:00,7429.851069097934,0.0,1.1942285125410481,-0.5165645172761594,-8.881784197001252e-13,0.08372308324244979,1.0592729352988302
2026-08-18 00:00:00+00:00,7450.538325525385,0.0,1.1975536547602055,-0.5152184669039208,-8.881784197001252e-13,0.08372308324244979,1.0592729352988302
2026-08-19 00:00:00+00:00,8191.252463408979,0.0,1.3166114844362244,-0.4670226829672175,-8.881784197001252e-13,0.08372308324244979,1.0592729352988302
2026-08-20 00:00:00+00:00,8578.628163554406,0.0,1.3788758692639795,-0.44181744576210247,-8.881784197001252e-13,0.08372308324244979,1.0592729352988302
2026-08-21 00:00:00+00:00,9224.149893831975,0.0,1.4826330574758155,-0.3998155124281475,-8.881784197001252e-13,0.08372308324244979,1.0592729352988302
2026-08-24 00:00:00+00:00,9242.960383821664,0.0,1.4856565398137034,-0.3985915769516667,-8.881784197001252e-13,0.08372308324244979,1.0592729352988302
2026-08-25 00:00:00+00:00,9162.961398688753,0.0,1.472797995526399,-0.40379684252636994,-8.881784197001252e-13,0.08372308324244979,1.0592729352988302
2026-08-26 00:00:00+00:00,9271.476208128943,0.0,1.4902399978305134,-0.3967361479314817,-8.881784197001252e-13,0.08372308324244979,1.0592729352988302
2026-08-27 00:00:00+00:00,9479.358841857122,100.0,1.507580388103216,-0.38971658688929334,-9.023892744153272e-13,0.08448121108234116,1.0752057534659918
2026-08-28 00:00:00+00:00,9203.025989925214,0.0,1.4636329022963006,-0.40750696267789266,-9.023892744153272e-13,0.08448121108234116,1.0752057534659918
2026-08-31 00:00:00+00:00,9291.874025153018,0.0,1.4777631359614183,-0.4017869046980661,-9.023892744153272e-13,0.08448121108234116,1.0752057534659918
2026-09-01 00:00:00+00:00,9142.600884165662,0.0,1.4540230008344084,-0.41139714558959795,-9.023892744153272e-13,0.08448121108234116,1.0752057534659918
2026-09-02 00:00:00+00:00,9105.58385575075,0.0,1.4481358784039584,-0.4137803108248369,-9.023892744153272e-13,0.08448121108234116,1.0752057534659918
2026-09-03 00:00:00+00:00,9561.908461583476,0.0,1.5207089329574635,-0.38440202242158505,-9.023892744153272e-13,0.08448121108234116,1.0752057534659918
2026-09-04 00:00:00+00:00,9370.382375001285,0.0,1.4902489644344339,-0.3967325181617608,-9.023892744153272e-13,0.08448121108234116,1.0752057534659918
2026-09-08 00:00:00+00:00,9299.991810142139,0.0,1.479054174063109,-0.40126427973864554,-9.023892744153272e-13,0.08448121108234116,1.0752057534659918
2026-09-09 00:00:00+00:00,9269.16961823659,0.0,1.4741522674246579,-0.40324861990230854,-9.023892744153272e-13,0.08448121108234116,1.0752057534659918
2026-09-10 00:00:00+00:00,9090.2601291282,0.0,1.4456988201477814,-0.4147668560480742,-9.023892744153272e-13,0.08448121108234116,1.0752057534659918
2026-09-11 00:00:00+00:00,9229.800676875979,0.0,1.4678911009379998,-0.4057832018613772,-9.023892744153272e-13,0.08448121108234116,1.0752057534659918
2026-09-14 00:00:00+00:00,9310.46802865357,0.0,1.4807202932419272,-0.400589818259097,-9.023892744153272e-13,0.08448121108234116,1.0752057534659918
2026-09-15 00:00:00+00:00,8969.160232401284,0.0,1.426439307732166,-0.42256329666550474,-9.023892744153272e-13,0.08448121108234116,1.0752057534659918
2026-09-16 00:00:00+00:00,9038.10308192967,0.0,1.4374038560294624,-0.4181247393514831,-9.023892744153272e-13,0.08448121108234116,1.0752057534659918
2026-09-17 00:00:00+00:00,9087.131088433627,0.0,1.445201183075126,-0.4149683044441843,-9.023892744153272e-13,0.08448121108234116,1.0752057534659918
2026-09-18 00:00:00+00:00,9641.755251485298,0.0,1.5334076245585724,-0.37926146679117156,-9.023892744153272e-13,0.08448121108234116,1.0752057534659918
2026-09-21 00:00:00+00:00,10302.737964667143,0.0,1.6385291408860396,-0.3367072399771601,-9.023892744153272e-13,0.08448121108234116,1.0752057534659918
2026-09-22 00:00:00+00:00,10243.722373381232,0.0,1.6291434061017318,-0.34050667800641576,-9.023892744153272e-13,0.08448121108234116,1.0752057534659918
2026-09-23 00:00:00+00:00,10016.62709883068,0.0,1.5930265771204741,-0.3551271266639825,-9.023892744153272e-13,0.08448121108234116,1.0752057534659918
2026-09-24 00:00:00+00:00,10021.286128555337,0.0,1.5937675409301222,-0.35482717720436363,-9.023892744153272e-13,0.08448121108234116,1.0752057534659918
2026-09-25 00:00:00+00:00,9998.903565299379,0.0,1.5902078578372991,-0.35626817203596517,-9.023892744153272e-13,0.08448121108234116,1.0752057534659918
