date,equity,deposit,twr,drawdown,cash,VOO_units
2021-09-27 00:00:00+00:00,99.920413500772,100.0,1.0,0.0,0.0,0.24472303086155278
2021-09-28 00:00:00+00:00,97.92347356894173,0.0,0.9800146950771492,-0.019985304922850777,0.0,0.24472303086155278
2021-09-29 00:00:00+00:00,98.07715963232278,0.0,0.9815527798187608,-0.018447220181239232,0.0,0.2455243569627066
2021-09-30 00:00:00+00:00,96.83480638609149,0.0,0.969119352026534,-0.030880647973466013,0.0,0.2455243569627066
2021-10-01 00:00:00+00:00,97.99368135095547,0.0,0.9807173321014967,-0.019282667898503303,0.0,0.2455243569627066
2021-10-04 00:00:00+00:00,96.78815675826857,0.0,0.9686524841845334,-0.031347515815466576,0.0,0.2455243569627066
2021-10-05 00:00:00+00:00,97.72851504543574,0.0,0.9780635569995985,-0.02193644300040154,0.0,0.2455243569627066
2021-10-06 00:00:00+00:00,98.16309315725972,0.0,0.9824127995277094,-0.017587200472290565,0.0,0.2455243569627066
2021-10-07 00:00:00+00:00,99.00769694521144,0.0,0.990865564667089,-0.009134435332911028,0.0,0.2455243569627066
2021-10-08 00:00:00+00:00,98.82109843391979,0.0,0.9889980932990866,-0.011001906700913389,0.0,0.2455243569627066
2021-10-11 00:00:00+00:00,98.10171206801905,0.0,0.9817984997356034,-0.018201500264396597,0.0,0.2455243569627066
2021-10-12 00:00:00+00:00,97.90529258244888,0.0,0.9798327404008639,-0.020167259599136123,0.0,0.2455243569627066
2021-10-13 00:00:00+00:00,98.21956375936115,0.0,0.982977955336447,-0.01702204466355295,0.0,0.2455243569627066
2021-10-14 00:00:00+00:00,99.86948743815054,0.0,0.9994903337482584,-0.0005096662517416473,0.0,0.2455243569627066
2021-10-15 00:00:00+00:00,100.64779964972232,0.0,1.0072796551121632,0.0,0.0,0.2455243569627066
2021-10-18 00:00:00+00:00,100.9547050959257,0.0,1.0103511540726937,0.0,0.0,0.2455243569627066
2021-10-19 00:00:00+00:00,101.74038303820636,0.0,1.0182141914116514,0.0,0.0,0.2455243569627066
2021-10-20 00:00:00+00:00,102.13567725291632,0.0,1.0221702820728145,0.0,0.0,0.2455243569627066
2021-10-21 00:00:00+00:00,102.38611209701828,0.0,1.0246766252246071,0.0,0.0,0.2455243569627066
2021-10-22 00:00:00+00:00,102.28299186709394,0.0,1.023644601573869,-0.001007170091844256,0.0,0.2455243569627066
2021-10-25 00:00:00+00:00,102.8133244781334,0.0,1.0289521517776654,0.0,0.0,0.2455243569627066
2021-10-26 00:00:00+00:00,102.91153422091847,0.0,1.029935031445035,0.0,0.0,0.2455243569627066
2021-10-27 00:00:00+00:00,201.8597709841215,100.0,1.019409021794476,-0.010220071489160487,0.0,0.4836934104524513
2021-10-28 00:00:00+00:00,203.8332400987675,0.0,1.0293752087662285,-0.0005435514490862436,0.0,0.4836934104524513
2021-10-29 00:00:00+00:00,204.19601015660686,0.0,1.0312072284301537,0.0,0.0,0.4836934104524513
2021-11-01 00:00:00+00:00,204.62649729190952,0.0,1.0333812250980112,0.0,0.0,0.4836934104524513
2021-11-02 00:00:00+00:00,205.41975448505153,0.0,1.0373872414297942,0.0,0.0,0.4836934104524513
2021-11-03 00:00:00+00:00,206.65800961580982,0.0,1.043640535215992,0.0,0.0,0.4836934104524513
2021-11-04 00:00:00+00:00,207.6253964367147,0.0,1.0485259209864588,0.0,0.0,0.4836934104524513
2021-11-05 00:00:00+00:00,208.3315888159753,0.0,1.0520922525988998,0.0,0.0,0.4836934104524513
2021-11-08 00:00:00+00:00,208.58310938941057,0.0,1.0533624528992211,0.0,0.0,0.4836934104524513
2021-11-09 00:00:00+00:00,207.85273233962738,0.0,1.0496739866425187,-0.0035016116689469134,0.0,0.4836934104524513
2021-11-10 00:00:00+00:00,206.17915313946187,0.0,1.0412222692596107,-0.011525172181898524,0.0,0.4836934104524513
2021-11-11 00:00:00+00:00,206.24687021692523,0.0,1.0415642462635433,-0.011200519444380275,0.0,0.4836934104524513
2021-11-12 00:00:00+00:00,207.7801783280595,0.0,1.0493075827097333,-0.003849453887716736,0.0,0.4836934104524513
2021-11-15 00:00:00+00:00,207.87691701014998,0.0,1.0497961212867801,-0.003385664262690602,0.0,0.4836934104524513
2021-11-16 00:00:00+00:00,208.67017420329202,0.0,1.053802137618563,0.0,0.0,0.4836934104524513
2021-11-17 00:00:00+00:00,208.16713305642148,0.0,1.0512617370179203,-0.002410699798335525,0.0,0.4836934104524513
2021-11-18 00:00:00+00:00,208.88783623799563,0.0,1.054901349416918,0.0,0.0,0.4836934104524513
2021-11-19 00:00:00+00:00,208.49604457552914,0.0,1.052922768179879,-0.0018756078358725947,0.0,0.4836934104524513
2021-11-22 00:00:00+00:00,207.94463408761334,0.0,1.0501380982907127,-0.004515352197471456,0.0,0.4836934104524513
2021-11-23 00:00:00+00:00,208.2155023974667,0.0,1.0515060063064434,-0.0032186356689668516,0.0,0.4836934104524513
2021-11-24 00:00:00+00:00,208.7282174125463,0.0,1.0540952607647907,-0.0007641365257261556,0.0,0.4836934104524513
2021-11-26 00:00:00+00:00,204.18633628839777,0.0,1.0311583745724486,-0.022507294030473024,0.0,0.4836934104524513
2021-11-29 00:00:00+00:00,306.72734173249427,100.0,1.0439906683054312,-0.010342844966041098,0.0,0.7179274921179999
2021-11-30 00:00:00+00:00,300.85469484696904,0.0,1.0240022691229145,-0.029290966696632337,0.0,0.7179274921179999
2021-12-01 00:00:00+00:00,297.3942843349603,0.0,1.0122242637366392,-0.040455996860623844,0.0,0.7179274921179999
2021-12-02 00:00:00+00:00,301.931586085146,0.0,1.0276676234962365,-0.025816372247257524,0.0,0.7179274921179999
2021-12-03 00:00:00+00:00,299.26089581446706,0.0,1.0185775446503977,-0.03443336648170725,0.0,0.7179274921179999
2021-12-06 00:00:00+00:00,302.83617472521473,0.0,1.0307465211698272,-0.022897712909782486,0.0,0.7179274921179999
2021-12-07 00:00:00+00:00,309.0606060818778,0.0,1.0519322694476292,-0.0028145569923954117,0.0,0.7179274921179999
2021-12-08 00:00:00+00:00,309.92929834734053,0.0,1.054888988642109,-1.171746989980793e-05,0.0,0.7179274921179999
2021-12-09 00:00:00+00:00,307.8185915205136,0.0,1.0477048940703975,-0.006821922590674712,0.0,0.7179274921179999
2021-12-10 00:00:00+00:00,310.7549149632763,0.0,1.057699093661656,0.0,0.0,0.7179274921179999
2021-12-13 00:00:00+00:00,307.9980733935431,0.0,1.0483157864659511,-0.008871433522005479,0.0,0.7179274921179999
2021-12-14 00:00:00+00:00,305.90172511655857,0.0,1.0411805632858842,-0.015617419429363566,0.0,0.7179274921179999
2021-12-15 00:00:00+00:00,310.68312221406444,0.0,1.0574547367034344,-0.00023102691463561253,0.0,0.7179274921179999
2021-12-16 00:00:00+00:00,307.87602571988305,0.0,1.0479003796369748,-0.00926417927688572,0.0,0.7179274921179999
2021-12-17 00:00:00+00:00,304.68124837995794,0.0,1.0370264949961192,-0.01954487697816787,0.0,0.7179274921179999
2021-12-20 00:00:00+00:00,301.38596119113635,0.0,1.0258105106137536,-0.03014901235993972,0.0,0.7179274921179999
2021-12-21 00:00:00+00:00,306.71513696512824,0.0,1.0439491276225337,-0.012999884486542546,0.0,0.7205129013252091
2021-12-22 00:00:00+00:00,309.81334244082666,0.0,1.05449431601967,-0.0030299521491422565,0.0,0.7205129013252091
2021-12-23 00:00:00+00:00,311.7227016293384,0.0,1.0609930949155795,0.0,0.0,0.7205129013252091
2021-12-27 00:00:00+00:00,417.2306895328967,100.0,1.0797403247516109,0.0,0.0,0.9508231114443534
2021-12-28 00:00:00+00:00,416.9169179061201,0.0,1.0789283234135192,-0.0007520339098926465,0.0,0.9508231114443534
2021-12-29 00:00:00+00:00,417.42085415518557,0.0,1.0802324467746969,0.0,0.0,0.9508231114443534
2021-12-30 00:00:00+00:00,416.24183349699456,0.0,1.0771812902315643,-0.002824537026491436,0.0,0.9508231114443534
2021-12-31 00:00:00+00:00,415.10084576326136,0.0,1.0742285580930488,-0.00555795995535413,0.0,0.9508231114443534
2022-01-03 00:00:00+00:00,417.64905170193225,0.0,1.0808229932024,0.0,0.0,0.9508231114443534
2022-01-04 00:00:00+00:00,417.47790354187225,0.0,1.0803800833816226,-0.0004097894137735647,0.0,0.9508231114443534
2022-01-05 00:00:00+00:00,409.48148117462523,0.0,1.0596863523108606,-0.019556061468412267,0.0,0.9508231114443534
2022-01-06 00:00:00+00:00,408.9300037699875,0.0,1.0582591984439114,-0.02087649402390468,0.0,0.9508231114443534
2022-01-07 00:00:00+00:00,407.5132773339354,0.0,1.0545928893719214,-0.024268639726807373,0.0,0.9508231114443534
2022-01-10 00:00:00+00:00,406.98081639152656,0.0,1.053214947707281,-0.02554354012521365,0.0,0.9508231114443534
2022-01-11 00:00:00+00:00,410.54640305944287,0.0,1.0624422356401415,-0.017006260671599605,0.0,0.9508231114443534
2022-01-12 00:00:00+00:00,411.7729648732061,0.0,1.0656164226890457,-0.01406943653955628,0.0,0.9508231114443534
2022-01-13 00:00:00+00:00,406.09655089788333,0.0,1.0509265802999317,-0.027660785429709844,0.0,0.9508231114443534
2022-01-14 00:00:00+00:00,406.2201579023711,0.0,1.0512464596149376,-0.027364826408651233,0.0,0.9508231114443534
2022-01-18 00:00:00+00:00,399.0984927976529,0.0,1.0328164898503707,-0.04441661923733653,0.0,0.9508231114443534
2022-01-19 00:00:00+00:00,394.9053628761833,0.0,1.0219651992413266,-0.05445645987478687,0.0,0.9508231114443534
2022-01-20 00:00:00+00:00,390.5601012568826,0.0,1.0107202110138138,-0.06486055776892452,0.0,0.9508231114443534
2022-01-21 00:00:00+00:00,382.88695874752665,0.0,0.9908630873822979,-0.08323278315310212,0.0,0.9508231114443534
2022-01-24 00:00:00+00:00,377.53512725775767,0.0,0.9770132234682882,-0.0960469664200343,377.53512725775767,0.0
2022-01-25 00:00:00+00:00,377.53512725775767,0.0,0.9770132234682882,-0.0960469664200343,377.53512725775767,0.0
2022-01-26 00:00:00+00:00,377.53512725775767,0.0,0.9770132234682882,-0.0960469664200343,377.53512725775767,0.0
2022-01-27 00:00:00+00:00,477.53512725775767,100.0,0.9770132234682882,-0.0960469664200343,477.53512725775767,0.0
2022-01-28 00:00:00+00:00,477.53512725775767,0.0,0.9770132234682882,-0.0960469664200343,477.53512725775767,0.0
2022-01-31 00:00:00+00:00,477.53512725775767,0.0,0.9770132234682882,-0.0960469664200343,477.53512725775767,0.0
2022-02-01 00:00:00+00:00,479.65796422843204,0.0,0.9813564427902393,-0.09202852922054205,0.0,1.1519440049675354
2022-02-02 00:00:00+00:00,484.23118192815315,0.0,0.9907130197442422,-0.08337162886511928,0.0,1.1519440049675354
2022-02-03 00:00:00+00:00,472.9766889996203,0.0,0.9676868845199077,-0.10467588994131061,0.0,1.1519440049675354
2022-02-04 00:00:00+00:00,475.1999409292077,0.0,0.9722355478753801,-0.10046737163250308,0.0,1.1519440049675354
2022-02-07 00:00:00+00:00,473.63329708245186,0.0,0.9690302721430266,-0.1034329596635798,0.0,1.1519440049675354
2022-02-08 00:00:00+00:00,477.46927061899373,0.0,0.9768784840465101,-0.09617163014631092,0.0,1.1519440049675354
2022-02-09 00:00:00+00:00,484.4730901691963,0.0,0.9912079520264441,-0.08291370718384994,0.0,1.1519440049675354
2022-02-10 00:00:00+00:00,475.9602239724863,0.0,0.9737910493337285,-0.09902818920565681,0.0,1.1519440049675354
2022-02-11 00:00:00+00:00,466.4682053715538,0.0,0.9543708493082919,-0.1169961637468867,0.0,1.1519440049675354
2022-02-14 00:00:00+00:00,465.6477735720559,0.0,0.952692286473205,-0.1185492051289111,465.6477735720559,0.0
2022-02-15 00:00:00+00:00,465.6477735720559,0.0,0.952692286473205,-0.1185492051289111,465.6477735720559,0.0
2022-02-16 00:00:00+00:00,468.14005870888764,0.0,0.9577913784485347,-0.11383141876851788,0.0,1.1401642970089083
2022-02-17 00:00:00+00:00,458.1864243959999,0.0,0.9374267355350305,-0.13267321158897338,0.0,1.1401642970089083
2022-02-18 00:00:00+00:00,458.2878135061114,0.0,0.9376341726336653,-0.13248128645420154,458.2878135061114,0.0
2022-02-22 00:00:00+00:00,458.2878135061114,0.0,0.9376341726336653,-0.13248128645420154,458.2878135061114,0.0
2022-02-23 00:00:00+00:00,458.2878135061114,0.0,0.9376341726336653,-0.13248128645420154,458.2878135061114,0.0
2022-02-24 00:00:00+00:00,458.2878135061114,0.0,0.9376341726336653,-0.13248128645420154,458.2878135061114,0.0
2022-02-25 00:00:00+00:00,458.2878135061114,0.0,0.9376341726336653,-0.13248128645420154,458.2878135061114,0.0
2022-02-28 00:00:00+00:00,558.2878135061114,100.0,0.9376341726336656,-0.13248128645420132,558.2878135061114,0.0
2022-03-01 00:00:00+00:00,558.2878135061114,0.0,0.9376341726336656,-0.13248128645420132,558.2878135061114,0.0
2022-03-02 00:00:00+00:00,558.2878135061114,0.0,0.9376341726336656,-0.13248128645420132,558.2878135061114,0.0
2022-03-03 00:00:00+00:00,558.2878135061114,0.0,0.9376341726336656,-0.13248128645420132,558.2878135061114,0.0
2022-03-04 00:00:00+00:00,558.2878135061114,0.0,0.9376341726336656,-0.13248128645420132,558.2878135061114,0.0
2022-03-07 00:00:00+00:00,558.2878135061114,0.0,0.9376341726336656,-0.13248128645420132,558.2878135061114,0.0
2022-03-08 00:00:00+00:00,558.2878135061114,0.0,0.9376341726336656,-0.13248128645420132,558.2878135061114,0.0
2022-03-09 00:00:00+00:00,558.2878135061114,0.0,0.9376341726336656,-0.13248128645420132,558.2878135061114,0.0
2022-03-10 00:00:00+00:00,558.2878135061114,0.0,0.9376341726336656,-0.13248128645420132,558.2878135061114,0.0
2022-03-11 00:00:00+00:00,558.2878135061114,0.0,0.9376341726336656,-0.13248128645420132,558.2878135061114,0.0
2022-03-14 00:00:00+00:00,558.2878135061114,0.0,0.9376341726336656,-0.13248128645420132,558.2878135061114,0.0
2022-03-15 00:00:00+00:00,558.2878135061114,0.0,0.9376341726336656,-0.13248128645420132,558.2878135061114,0.0
2022-03-16 00:00:00+00:00,558.2878135061114,0.0,0.9376341726336656,-0.13248128645420132,558.2878135061114,0.0
2022-03-17 00:00:00+00:00,558.2878135061114,0.0,0.9376341726336656,-0.13248128645420132,558.2878135061114,0.0
2022-03-18 00:00:00+00:00,558.2878135061114,0.0,0.9376341726336656,-0.13248128645420132,558.2878135061114,0.0
2022-03-21 00:00:00+00:00,558.2878135061114,0.0,0.9376341726336656,-0.13248128645420132,558.2878135061114,0.0
2022-03-22 00:00:00+00:00,558.2878135061114,0.0,0.9376341726336656,-0.13248128645420132,558.2878135061114,0.0
2022-03-23 00:00:00+00:00,554.1773724513339,0.0,0.930730762055255,-0.1388684660588435,0.0,1.3538645407161312
2022-03-24 00:00:00+00:00,556.4988016082318,0.0,0.9346295598692106,-0.13526121691770165,556.4988016082318,0.0
2022-03-25 00:00:00+00:00,558.0041805448379,0.0,0.9371578162623789,-0.13292202131484232,0.0,1.340969385140916
2022-03-28 00:00:00+00:00,662.6423197668717,100.0,0.9449474862619799,-0.12571485598935206,0.0,1.5815229952191499
2022-03-29 00:00:00+00:00,671.0243916415332,0.0,0.9569005679039964,-0.11465561528371127,0.0,1.5815229952191499
2022-03-30 00:00:00+00:00,666.8491709341545,0.0,0.9509465800672181,-0.12016436914463446,0.0,1.5815229952191499
2022-03-31 00:00:00+00:00,656.6009019251345,0.0,0.9363322462860358,-0.13368585589417248,0.0,1.5815229952191499
2022-04-01 00:00:00+00:00,658.4196533696364,0.0,0.938925839472511,-0.13128620932596757,0.0,1.5815229952191499
2022-04-04 00:00:00+00:00,664.0024295427601,0.0,0.9468870429057787,-0.12392033768617261,0.0,1.5815229952191499
2022-04-05 00:00:00+00:00,655.7943251975727,0.0,0.9351820440902947,-0.13475004698094162,0.0,1.5815229952191499
2022-04-06 00:00:00+00:00,649.1519286176522,0.0,0.9257097907136023,-0.14351397357786466,0.0,1.5815229952191499
2022-04-07 00:00:00+00:00,647.467922932343,0.0,0.9233083489527686,-0.14573583763510345,647.467922932343,0.0
2022-04-08 00:00:00+00:00,646.6415313026916,0.0,0.9221298901223973,-0.14682617235020745,0.0,1.5713107946023175
2022-04-11 00:00:00+00:00,641.5595193652491,0.0,0.9148827912544452,-0.1535313395362603,641.5595193652491,0.0
2022-04-12 00:00:00+00:00,641.5595193652491,0.0,0.9148827912544452,-0.1535313395362603,641.5595193652491,0.0
2022-04-13 00:00:00+00:00,641.5595193652491,0.0,0.9148827912544452,-0.1535313395362603,641.5595193652491,0.0
2022-04-14 00:00:00+00:00,641.5595193652491,0.0,0.9148827912544452,-0.1535313395362603,641.5595193652491,0.0
2022-04-18 00:00:00+00:00,641.5595193652491,0.0,0.9148827912544452,-0.1535313395362603,641.5595193652491,0.0
2022-04-19 00:00:00+00:00,641.5595193652491,0.0,0.9148827912544452,-0.1535313395362603,641.5595193652491,0.0
2022-04-20 00:00:00+00:00,641.5595193652491,0.0,0.9148827912544452,-0.1535313395362603,641.5595193652491,0.0
2022-04-21 00:00:00+00:00,641.5595193652491,0.0,0.9148827912544452,-0.1535313395362603,641.5595193652491,0.0
2022-04-22 00:00:00+00:00,641.5595193652491,0.0,0.9148827912544452,-0.1535313395362603,641.5595193652491,0.0
2022-04-25 00:00:00+00:00,641.5595193652491,0.0,0.9148827912544452,-0.1535313395362603,641.5595193652491,0.0
2022-04-26 00:00:00+00:00,641.5595193652491,0.0,0.9148827912544452,-0.1535313395362603,641.5595193652491,0.0
2022-04-27 00:00:00+00:00,741.5595193652491,100.0,0.9148827912544452,-0.1535313395362603,741.5595193652491,0.0
2022-04-28 00:00:00+00:00,741.5595193652491,0.0,0.9148827912544452,-0.1535313395362603,741.5595193652491,0.0
2022-04-29 00:00:00+00:00,741.5595193652491,0.0,0.9148827912544452,-0.1535313395362603,741.5595193652491,0.0
2022-05-02 00:00:00+00:00,741.5595193652491,0.0,0.9148827912544452,-0.1535313395362603,741.5595193652491,0.0
2022-05-03 00:00:00+00:00,741.5595193652491,0.0,0.9148827912544452,-0.1535313395362603,741.5595193652491,0.0
2022-05-04 00:00:00+00:00,741.5595193652491,0.0,0.9148827912544452,-0.1535313395362603,741.5595193652491,0.0
2022-05-05 00:00:00+00:00,741.5595193652491,0.0,0.9148827912544452,-0.1535313395362603,741.5595193652491,0.0
2022-05-06 00:00:00+00:00,741.5595193652491,0.0,0.9148827912544452,-0.1535313395362603,741.5595193652491,0.0
2022-05-09 00:00:00+00:00,741.5595193652491,0.0,0.9148827912544452,-0.1535313395362603,741.5595193652491,0.0
2022-05-10 00:00:00+00:00,741.5595193652491,0.0,0.9148827912544452,-0.1535313395362603,741.5595193652491,0.0
2022-05-11 00:00:00+00:00,741.5595193652491,0.0,0.9148827912544452,-0.1535313395362603,741.5595193652491,0.0
2022-05-12 00:00:00+00:00,741.5595193652491,0.0,0.9148827912544452,-0.1535313395362603,741.5595193652491,0.0
2022-05-13 00:00:00+00:00,741.5595193652491,0.0,0.9148827912544452,-0.1535313395362603,741.5595193652491,0.0
2022-05-16 00:00:00+00:00,741.5595193652491,0.0,0.9148827912544452,-0.1535313395362603,741.5595193652491,0.0
2022-05-17 00:00:00+00:00,741.5595193652491,0.0,0.9148827912544452,-0.1535313395362603,741.5595193652491,0.0
2022-05-18 00:00:00+00:00,741.5595193652491,0.0,0.9148827912544452,-0.1535313395362603,741.5595193652491,0.0
2022-05-19 00:00:00+00:00,741.5595193652491,0.0,0.9148827912544452,-0.1535313395362603,741.5595193652491,0.0
2022-05-20 00:00:00+00:00,741.5595193652491,0.0,0.9148827912544452,-0.1535313395362603,741.5595193652491,0.0
2022-05-23 00:00:00+00:00,741.5595193652491,0.0,0.9148827912544452,-0.1535313395362603,741.5595193652491,0.0
2022-05-24 00:00:00+00:00,741.5595193652491,0.0,0.9148827912544452,-0.1535313395362603,741.5595193652491,0.0
2022-05-25 00:00:00+00:00,741.5595193652491,0.0,0.9148827912544452,-0.1535313395362603,741.5595193652491,0.0
2022-05-26 00:00:00+00:00,741.5595193652491,0.0,0.9148827912544452,-0.1535313395362603,741.5595193652491,0.0
2022-05-27 00:00:00+00:00,841.5595193652491,100.0,0.9148827912544452,-0.1535313395362603,841.5595193652491,0.0
2022-05-31 00:00:00+00:00,841.5595193652491,0.0,0.9148827912544452,-0.1535313395362603,841.5595193652491,0.0
2022-06-01 00:00:00+00:00,841.5595193652491,0.0,0.9148827912544452,-0.1535313395362603,841.5595193652491,0.0
2022-06-02 00:00:00+00:00,841.5595193652491,0.0,0.9148827912544452,-0.1535313395362603,841.5595193652491,0.0
2022-06-03 00:00:00+00:00,841.5595193652491,0.0,0.9148827912544452,-0.1535313395362603,841.5595193652491,0.0
2022-06-06 00:00:00+00:00,841.5595193652491,0.0,0.9148827912544452,-0.1535313395362603,841.5595193652491,0.0
2022-06-07 00:00:00+00:00,841.5595193652491,0.0,0.9148827912544452,-0.1535313395362603,841.5595193652491,0.0
2022-06-08 00:00:00+00:00,841.5595193652491,0.0,0.9148827912544452,-0.1535313395362603,841.5595193652491,0.0
2022-06-09 00:00:00+00:00,841.5595193652491,0.0,0.9148827912544452,-0.1535313395362603,841.5595193652491,0.0
2022-06-10 00:00:00+00:00,841.5595193652491,0.0,0.9148827912544452,-0.1535313395362603,841.5595193652491,0.0
2022-06-13 00:00:00+00:00,841.5595193652491,0.0,0.9148827912544452,-0.1535313395362603,841.5595193652491,0.0
2022-06-14 00:00:00+00:00,841.5595193652491,0.0,0.9148827912544452,-0.1535313395362603,841.5595193652491,0.0
2022-06-15 00:00:00+00:00,841.5595193652491,0.0,0.9148827912544452,-0.1535313395362603,841.5595193652491,0.0
2022-06-16 00:00:00+00:00,841.5595193652491,0.0,0.9148827912544452,-0.1535313395362603,841.5595193652491,0.0
2022-06-17 00:00:00+00:00,841.5595193652491,0.0,0.9148827912544452,-0.1535313395362603,841.5595193652491,0.0
2022-06-21 00:00:00+00:00,841.5595193652491,0.0,0.9148827912544452,-0.1535313395362603,841.5595193652491,0.0
2022-06-22 00:00:00+00:00,841.5595193652491,0.0,0.9148827912544452,-0.1535313395362603,841.5595193652491,0.0
2022-06-23 00:00:00+00:00,841.5595193652491,0.0,0.9148827912544452,-0.1535313395362603,841.5595193652491,0.0
2022-06-24 00:00:00+00:00,841.5595193652491,0.0,0.9148827912544452,-0.1535313395362603,841.5595193652491,0.0
2022-06-27 00:00:00+00:00,941.5595193652491,100.0,0.9148827912544452,-0.1535313395362603,941.5595193652491,0.0
2022-06-28 00:00:00+00:00,941.5595193652491,0.0,0.9148827912544452,-0.1535313395362603,941.5595193652491,0.0
2022-06-29 00:00:00+00:00,941.5595193652491,0.0,0.9148827912544452,-0.1535313395362603,941.5595193652491,0.0
2022-06-30 00:00:00+00:00,941.5595193652491,0.0,0.9148827912544452,-0.1535313395362603,941.5595193652491,0.0
2022-07-01 00:00:00+00:00,941.5595193652491,0.0,0.9148827912544452,-0.1535313395362603,941.5595193652491,0.0
2022-07-05 00:00:00+00:00,941.5595193652491,0.0,0.9148827912544452,-0.1535313395362603,941.5595193652491,0.0
2022-07-06 00:00:00+00:00,941.5595193652491,0.0,0.9148827912544452,-0.1535313395362603,941.5595193652491,0.0
2022-07-07 00:00:00+00:00,941.5595193652491,0.0,0.9148827912544452,-0.1535313395362603,941.5595193652491,0.0
2022-07-08 00:00:00+00:00,941.5595193652491,0.0,0.9148827912544452,-0.1535313395362603,941.5595193652491,0.0
2022-07-11 00:00:00+00:00,941.5595193652491,0.0,0.9148827912544452,-0.1535313395362603,941.5595193652491,0.0
2022-07-12 00:00:00+00:00,941.5595193652491,0.0,0.9148827912544452,-0.1535313395362603,941.5595193652491,0.0
2022-07-13 00:00:00+00:00,941.5595193652491,0.0,0.9148827912544452,-0.1535313395362603,941.5595193652491,0.0
2022-07-14 00:00:00+00:00,941.5595193652491,0.0,0.9148827912544452,-0.1535313395362603,941.5595193652491,0.0
2022-07-15 00:00:00+00:00,941.5595193652491,0.0,0.9148827912544452,-0.1535313395362603,941.5595193652491,0.0
2022-07-18 00:00:00+00:00,941.5595193652491,0.0,0.9148827912544452,-0.1535313395362603,941.5595193652491,0.0
2022-07-19 00:00:00+00:00,941.5595193652491,0.0,0.9148827912544452,-0.1535313395362603,941.5595193652491,0.0
2022-07-20 00:00:00+00:00,941.5595193652491,0.0,0.9148827912544452,-0.1535313395362603,941.5595193652491,0.0
2022-07-21 00:00:00+00:00,941.5595193652491,0.0,0.9148827912544452,-0.1535313395362603,941.5595193652491,0.0
2022-07-22 00:00:00+00:00,941.5595193652491,0.0,0.9148827912544452,-0.1535313395362603,941.5595193652491,0.0
2022-07-25 00:00:00+00:00,941.5595193652491,0.0,0.9148827912544452,-0.1535313395362603,941.5595193652491,0.0
2022-07-26 00:00:00+00:00,941.5595193652491,0.0,0.9148827912544452,-0.1535313395362603,941.5595193652491,0.0
2022-07-27 00:00:00+00:00,1041.5595193652491,100.0,0.9148827912544452,-0.1535313395362603,1041.5595193652491,0.0
2022-07-28 00:00:00+00:00,1041.5595193652491,0.0,0.9148827912544452,-0.1535313395362603,1041.5595193652491,0.0
2022-07-29 00:00:00+00:00,1041.5595193652491,0.0,0.9148827912544452,-0.1535313395362603,1041.5595193652491,0.0
2022-08-01 00:00:00+00:00,1041.5595193652491,0.0,0.9148827912544452,-0.1535313395362603,1041.5595193652491,0.0
2022-08-02 00:00:00+00:00,1041.5595193652491,0.0,0.9148827912544452,-0.1535313395362603,1041.5595193652491,0.0
2022-08-03 00:00:00+00:00,1041.5595193652491,0.0,0.9148827912544452,-0.1535313395362603,1041.5595193652491,0.0
2022-08-04 00:00:00+00:00,1041.5595193652491,0.0,0.9148827912544452,-0.1535313395362603,1041.5595193652491,0.0
2022-08-05 00:00:00+00:00,1041.5595193652491,0.0,0.9148827912544452,-0.1535313395362603,1041.5595193652491,0.0
2022-08-08 00:00:00+00:00,1041.5595193652491,0.0,0.9148827912544452,-0.1535313395362603,1041.5595193652491,0.0
2022-08-09 00:00:00+00:00,1041.5595193652491,0.0,0.9148827912544452,-0.1535313395362603,1041.5595193652491,0.0
2022-08-10 00:00:00+00:00,1041.5595193652491,0.0,0.9148827912544452,-0.1535313395362603,1041.5595193652491,0.0
2022-08-11 00:00:00+00:00,1041.5595193652491,0.0,0.9148827912544452,-0.1535313395362603,1041.5595193652491,0.0
2022-08-12 00:00:00+00:00,1041.5595193652491,0.0,0.9148827912544452,-0.1535313395362603,1041.5595193652491,0.0
2022-08-15 00:00:00+00:00,1041.5595193652491,0.0,0.9148827912544452,-0.1535313395362603,1041.5595193652491,0.0
2022-08-16 00:00:00+00:00,1041.5595193652491,0.0,0.9148827912544452,-0.1535313395362603,1041.5595193652491,0.0
2022-08-17 00:00:00+00:00,1041.5595193652491,0.0,0.9148827912544452,-0.1535313395362603,1041.5595193652491,0.0
2022-08-18 00:00:00+00:00,1041.5595193652491,0.0,0.9148827912544452,-0.1535313395362603,1041.5595193652491,0.0
2022-08-19 00:00:00+00:00,1041.5595193652491,0.0,0.9148827912544452,-0.1535313395362603,1041.5595193652491,0.0
2022-08-22 00:00:00+00:00,1041.5595193652491,0.0,0.9148827912544452,-0.1535313395362603,1041.5595193652491,0.0
2022-08-23 00:00:00+00:00,1041.5595193652491,0.0,0.9148827912544452,-0.1535313395362603,1041.5595193652491,0.0
2022-08-24 00:00:00+00:00,1041.5595193652491,0.0,0.9148827912544452,-0.1535313395362603,1041.5595193652491,0.0
2022-08-25 00:00:00+00:00,1041.5595193652491,0.0,0.9148827912544452,-0.1535313395362603,1041.5595193652491,0.0
2022-08-26 00:00:00+00:00,1041.5595193652491,0.0,0.9148827912544452,-0.1535313395362603,1041.5595193652491,0.0
2022-08-29 00:00:00+00:00,1141.5595193652491,100.0,0.9148827912544452,-0.1535313395362603,1141.5595193652491,0.0
2022-08-30 00:00:00+00:00,1141.5595193652491,0.0,0.9148827912544452,-0.1535313395362603,1141.5595193652491,0.0
2022-08-31 00:00:00+00:00,1141.5595193652491,0.0,0.9148827912544452,-0.1535313395362603,1141.5595193652491,0.0
2022-09-01 00:00:00+00:00,1141.5595193652491,0.0,0.9148827912544452,-0.1535313395362603,1141.5595193652491,0.0
2022-09-02 00:00:00+00:00,1141.5595193652491,0.0,0.9148827912544452,-0.1535313395362603,1141.5595193652491,0.0
2022-09-06 00:00:00+00:00,1141.5595193652491,0.0,0.9148827912544452,-0.1535313395362603,1141.5595193652491,0.0
2022-09-07 00:00:00+00:00,1141.5595193652491,0.0,0.9148827912544452,-0.1535313395362603,1141.5595193652491,0.0
2022-09-08 00:00:00+00:00,1141.5595193652491,0.0,0.9148827912544452,-0.1535313395362603,1141.5595193652491,0.0
2022-09-09 00:00:00+00:00,1141.5595193652491,0.0,0.9148827912544452,-0.1535313395362603,1141.5595193652491,0.0
2022-09-12 00:00:00+00:00,1141.5595193652491,0.0,0.9148827912544452,-0.1535313395362603,1141.5595193652491,0.0
2022-09-13 00:00:00+00:00,1141.5595193652491,0.0,0.9148827912544452,-0.1535313395362603,1141.5595193652491,0.0
2022-09-14 00:00:00+00:00,1141.5595193652491,0.0,0.9148827912544452,-0.1535313395362603,1141.5595193652491,0.0
2022-09-15 00:00:00+00:00,1141.5595193652491,0.0,0.9148827912544452,-0.1535313395362603,1141.5595193652491,0.0
2022-09-16 00:00:00+00:00,1141.5595193652491,0.0,0.9148827912544452,-0.1535313395362603,1141.5595193652491,0.0
2022-09-19 00:00:00+00:00,1141.5595193652491,0.0,0.9148827912544452,-0.1535313395362603,1141.5595193652491,0.0
2022-09-20 00:00:00+00:00,1141.5595193652491,0.0,0.9148827912544452,-0.1535313395362603,1141.5595193652491,0.0
2022-09-21 00:00:00+00:00,1141.5595193652491,0.0,0.9148827912544452,-0.1535313395362603,1141.5595193652491,0.0
2022-09-22 00:00:00+00:00,1141.5595193652491,0.0,0.9148827912544452,-0.1535313395362603,1141.5595193652491,0.0
2022-09-23 00:00:00+00:00,1141.5595193652491,0.0,0.9148827912544452,-0.1535313395362603,1141.5595193652491,0.0
2022-09-26 00:00:00+00:00,1141.5595193652491,0.0,0.9148827912544452,-0.1535313395362603,1141.5595193652491,0.0
2022-09-27 00:00:00+00:00,1241.5595193652491,100.0,0.9148827912544452,-0.1535313395362603,1241.5595193652491,0.0
2022-09-28 00:00:00+00:00,1241.5595193652491,0.0,0.9148827912544452,-0.1535313395362603,1241.5595193652491,0.0
2022-09-29 00:00:00+00:00,1241.5595193652491,0.0,0.9148827912544452,-0.1535313395362603,1241.5595193652491,0.0
2022-09-30 00:00:00+00:00,1241.5595193652491,0.0,0.9148827912544452,-0.1535313395362603,1241.5595193652491,0.0
2022-10-03 00:00:00+00:00,1241.5595193652491,0.0,0.9148827912544452,-0.1535313395362603,1241.5595193652491,0.0
2022-10-04 00:00:00+00:00,1241.5595193652491,0.0,0.9148827912544452,-0.1535313395362603,1241.5595193652491,0.0
2022-10-05 00:00:00+00:00,1241.5595193652491,0.0,0.9148827912544452,-0.1535313395362603,1241.5595193652491,0.0
2022-10-06 00:00:00+00:00,1241.5595193652491,0.0,0.9148827912544452,-0.1535313395362603,1241.5595193652491,0.0
2022-10-07 00:00:00+00:00,1241.5595193652491,0.0,0.9148827912544452,-0.1535313395362603,1241.5595193652491,0.0
2022-10-10 00:00:00+00:00,1241.5595193652491,0.0,0.9148827912544452,-0.1535313395362603,1241.5595193652491,0.0
2022-10-11 00:00:00+00:00,1241.5595193652491,0.0,0.9148827912544452,-0.1535313395362603,1241.5595193652491,0.0
2022-10-12 00:00:00+00:00,1241.5595193652491,0.0,0.9148827912544452,-0.1535313395362603,1241.5595193652491,0.0
2022-10-13 00:00:00+00:00,1241.5595193652491,0.0,0.9148827912544452,-0.1535313395362603,1241.5595193652491,0.0
2022-10-14 00:00:00+00:00,1241.5595193652491,0.0,0.9148827912544452,-0.1535313395362603,1241.5595193652491,0.0
2022-10-17 00:00:00+00:00,1241.5595193652491,0.0,0.9148827912544452,-0.1535313395362603,1241.5595193652491,0.0
2022-10-18 00:00:00+00:00,1241.5595193652491,0.0,0.9148827912544452,-0.1535313395362603,1241.5595193652491,0.0
2022-10-19 00:00:00+00:00,1241.5595193652491,0.0,0.9148827912544452,-0.1535313395362603,1241.5595193652491,0.0
2022-10-20 00:00:00+00:00,1241.5595193652491,0.0,0.9148827912544452,-0.1535313395362603,1241.5595193652491,0.0
2022-10-21 00:00:00+00:00,1241.5595193652491,0.0,0.9148827912544452,-0.1535313395362603,1241.5595193652491,0.0
2022-10-24 00:00:00+00:00,1241.5595193652491,0.0,0.9148827912544452,-0.1535313395362603,1241.5595193652491,0.0
2022-10-25 00:00:00+00:00,1241.5595193652491,0.0,0.9148827912544452,-0.1535313395362603,1241.5595193652491,0.0
2022-10-26 00:00:00+00:00,1241.5595193652491,0.0,0.9148827912544452,-0.1535313395362603,1241.5595193652491,0.0
2022-10-27 00:00:00+00:00,1341.5595193652491,100.0,0.9148827912544452,-0.1535313395362603,1341.5595193652491,0.0
2022-10-28 00:00:00+00:00,1341.5595193652491,0.0,0.9148827912544452,-0.1535313395362603,1341.5595193652491,0.0
2022-10-31 00:00:00+00:00,1341.5595193652491,0.0,0.9148827912544452,-0.1535313395362603,1341.5595193652491,0.0
2022-11-01 00:00:00+00:00,1341.5595193652491,0.0,0.9148827912544452,-0.1535313395362603,1341.5595193652491,0.0
2022-11-02 00:00:00+00:00,1341.5595193652491,0.0,0.9148827912544452,-0.1535313395362603,1341.5595193652491,0.0
2022-11-03 00:00:00+00:00,1341.5595193652491,0.0,0.9148827912544452,-0.1535313395362603,1341.5595193652491,0.0
2022-11-04 00:00:00+00:00,1341.5595193652491,0.0,0.9148827912544452,-0.1535313395362603,1341.5595193652491,0.0
2022-11-07 00:00:00+00:00,1341.5595193652491,0.0,0.9148827912544452,-0.1535313395362603,1341.5595193652491,0.0
2022-11-08 00:00:00+00:00,1341.5595193652491,0.0,0.9148827912544452,-0.1535313395362603,1341.5595193652491,0.0
2022-11-09 00:00:00+00:00,1341.5595193652491,0.0,0.9148827912544452,-0.1535313395362603,1341.5595193652491,0.0
2022-11-10 00:00:00+00:00,1341.5595193652491,0.0,0.9148827912544452,-0.1535313395362603,1341.5595193652491,0.0
2022-11-11 00:00:00+00:00,1341.5595193652491,0.0,0.9148827912544452,-0.1535313395362603,1341.5595193652491,0.0
2022-11-14 00:00:00+00:00,1341.5595193652491,0.0,0.9148827912544452,-0.1535313395362603,1341.5595193652491,0.0
2022-11-15 00:00:00+00:00,1341.5595193652491,0.0,0.9148827912544452,-0.1535313395362603,1341.5595193652491,0.0
2022-11-16 00:00:00+00:00,1341.5595193652491,0.0,0.9148827912544452,-0.1535313395362603,1341.5595193652491,0.0
2022-11-17 00:00:00+00:00,1341.5595193652491,0.0,0.9148827912544452,-0.1535313395362603,1341.5595193652491,0.0
2022-11-18 00:00:00+00:00,1341.5595193652491,0.0,0.9148827912544452,-0.1535313395362603,1341.5595193652491,0.0
2022-11-21 00:00:00+00:00,1341.5595193652491,0.0,0.9148827912544452,-0.1535313395362603,1341.5595193652491,0.0
2022-11-22 00:00:00+00:00,1341.5595193652491,0.0,0.9148827912544452,-0.1535313395362603,1341.5595193652491,0.0
2022-11-23 00:00:00+00:00,1341.5595193652491,0.0,0.9148827912544452,-0.1535313395362603,1341.5595193652491,0.0
2022-11-25 00:00:00+00:00,1341.5595193652491,0.0,0.9148827912544452,-0.1535313395362603,1341.5595193652491,0.0
2022-11-28 00:00:00+00:00,1441.5595193652491,100.0,0.9148827912544452,-0.1535313395362603,1441.5595193652491,0.0
2022-11-29 00:00:00+00:00,1441.5595193652491,0.0,0.9148827912544452,-0.1535313395362603,1441.5595193652491,0.0
2022-11-30 00:00:00+00:00,1441.5595193652491,0.0,0.9148827912544452,-0.1535313395362603,1441.5595193652491,0.0
2022-12-01 00:00:00+00:00,1435.740751974986,0.0,0.9111899224688343,-0.15694805884074992,0.0,3.8333442408687617
2022-12-02 00:00:00+00:00,1433.6707460849168,0.0,0.9098761974778234,-0.15816354463192317,0.0,3.8333442408687617
2022-12-05 00:00:00+00:00,1408.1406734407308,0.0,0.8936735892553573,-0.1731545360563922,0.0,3.8333442408687617
2022-12-06 00:00:00+00:00,1406.4787462118234,0.0,0.89261885054938,-0.17413040232923327,1406.4787462118234,0.0
2022-12-07 00:00:00+00:00,1406.4787462118234,0.0,0.89261885054938,-0.17413040232923327,1406.4787462118234,0.0
2022-12-08 00:00:00+00:00,1406.4787462118234,0.0,0.89261885054938,-0.17413040232923327,1406.4787462118234,0.0
2022-12-09 00:00:00+00:00,1406.4787462118234,0.0,0.89261885054938,-0.17413040232923327,1406.4787462118234,0.0
2022-12-12 00:00:00+00:00,1406.4787462118234,0.0,0.89261885054938,-0.17413040232923327,1406.4787462118234,0.0
2022-12-13 00:00:00+00:00,1406.4787462118234,0.0,0.89261885054938,-0.17413040232923327,1406.4787462118234,0.0
2022-12-14 00:00:00+00:00,1406.4787462118234,0.0,0.89261885054938,-0.17413040232923327,1406.4787462118234,0.0
2022-12-15 00:00:00+00:00,1406.4787462118234,0.0,0.89261885054938,-0.17413040232923327,1406.4787462118234,0.0
2022-12-16 00:00:00+00:00,1406.4787462118234,0.0,0.89261885054938,-0.17413040232923327,1406.4787462118234,0.0
2022-12-19 00:00:00+00:00,1406.4787462118234,0.0,0.89261885054938,-0.17413040232923327,1406.4787462118234,0.0
2022-12-20 00:00:00+00:00,1406.4787462118234,0.0,0.89261885054938,-0.17413040232923327,1406.4787462118234,0.0
2022-12-21 00:00:00+00:00,1406.4787462118234,0.0,0.89261885054938,-0.17413040232923327,1406.4787462118234,0.0
2022-12-22 00:00:00+00:00,1406.4787462118234,0.0,0.89261885054938,-0.17413040232923327,1406.4787462118234,0.0
2022-12-23 00:00:00+00:00,1406.4787462118234,0.0,0.89261885054938,-0.17413040232923327,1406.4787462118234,0.0
2022-12-27 00:00:00+00:00,1506.4787462118234,100.0,0.89261885054938,-0.17413040232923327,1506.4787462118234,0.0
2022-12-28 00:00:00+00:00,1506.4787462118234,0.0,0.89261885054938,-0.17413040232923327,1506.4787462118234,0.0
2022-12-29 00:00:00+00:00,1506.4787462118234,0.0,0.89261885054938,-0.17413040232923327,1506.4787462118234,0.0
2022-12-30 00:00:00+00:00,1506.4787462118234,0.0,0.89261885054938,-0.17413040232923327,1506.4787462118234,0.0
2023-01-03 00:00:00+00:00,1506.4787462118234,0.0,0.89261885054938,-0.17413040232923327,1506.4787462118234,0.0
2023-01-04 00:00:00+00:00,1506.4787462118234,0.0,0.89261885054938,-0.17413040232923327,1506.4787462118234,0.0
2023-01-05 00:00:00+00:00,1506.4787462118234,0.0,0.89261885054938,-0.17413040232923327,1506.4787462118234,0.0
2023-01-06 00:00:00+00:00,1506.4787462118234,0.0,0.89261885054938,-0.17413040232923327,1506.4787462118234,0.0
2023-01-09 00:00:00+00:00,1506.4787462118234,0.0,0.89261885054938,-0.17413040232923327,1506.4787462118234,0.0
2023-01-10 00:00:00+00:00,1506.4787462118234,0.0,0.89261885054938,-0.17413040232923327,1506.4787462118234,0.0
2023-01-11 00:00:00+00:00,1506.4787462118234,0.0,0.89261885054938,-0.17413040232923327,1506.4787462118234,0.0
2023-01-12 00:00:00+00:00,1506.4787462118234,0.0,0.89261885054938,-0.17413040232923327,1506.4787462118234,0.0
2023-01-13 00:00:00+00:00,1506.4787462118234,0.0,0.89261885054938,-0.17413040232923327,1506.4787462118234,0.0
2023-01-17 00:00:00+00:00,1503.587710574865,0.0,0.8909058539912486,-0.17571530251076617,0.0,4.111870567929731
2023-01-18 00:00:00+00:00,1479.1631994013624,0.0,0.8764338415956241,-0.1891051105428334,0.0,4.111870567929731
2023-01-19 00:00:00+00:00,1470.3272829753494,0.0,0.8711983840204204,-0.19394906520343091,1470.3272829753494,0.0
2023-01-20 00:00:00+00:00,1470.3272829753494,0.0,0.8711983840204204,-0.19394906520343091,1470.3272829753494,0.0
2023-01-23 00:00:00+00:00,1470.3272829753494,0.0,0.8711983840204204,-0.19394906520343091,1470.3272829753494,0.0
2023-01-24 00:00:00+00:00,1474.3231497277109,0.0,0.8735660151578729,-0.1917584834408822,0.0,4.009036437056998
2023-01-25 00:00:00+00:00,1474.8443244645284,0.0,0.8738748216350193,-0.19147276924060286,0.0,4.009036437056998
2023-01-26 00:00:00+00:00,1490.5998376621624,0.0,0.8832102789825936,-0.1828354091860077,0.0,4.009036437056998
2023-01-27 00:00:00+00:00,1595.3330254878786,100.0,0.8860147876336776,-0.18024061922620638,0.0,4.278523414294201
2023-01-30 00:00:00+00:00,1575.3951063772674,0.0,0.874941681965823,-0.19048568778738295,0.0,4.278523414294201
2023-01-31 00:00:00+00:00,1597.7717838340263,0.0,0.8873692233054968,-0.17898746706314395,0.0,4.278523414294201
2023-02-01 00:00:00+00:00,1615.2709445984895,0.0,0.8970878933015323,-0.1699955506650298,0.0,4.278523414294201
2023-02-02 00:00:00+00:00,1638.4177562698212,0.0,0.9099431511691489,-0.1581015976787712,0.0,4.278523414294201
2023-02-03 00:00:00+00:00,1620.918595505358,0.0,0.9002244811731136,-0.16709351407688522,0.0,4.278523414294201
2023-02-06 00:00:00+00:00,1611.5486292280536,0.0,0.8950205967498085,-0.17190825659812492,0.0,4.278523414294201
2023-02-07 00:00:00+00:00,1632.3422530215232,0.0,0.9065689430042663,-0.1612234855235931,0.0,4.278523414294201
2023-02-08 00:00:00+00:00,1614.4580251497734,0.0,0.8966364147442594,-0.17041326805271717,0.0,4.278523414294201
2023-02-09 00:00:00+00:00,1600.6383945216035,0.0,0.8889612792706179,-0.17751446364340373,0.0,4.278523414294201
2023-02-10 00:00:00+00:00,1604.531850828611,0.0,0.8911236239396622,-0.1755138172076377,0.0,4.278523414294201
2023-02-13 00:00:00+00:00,1623.057857212505,0.0,0.9014125826396215,-0.1659942577934972,0.0,4.278523414294201
2023-02-14 00:00:00+00:00,1622.4588639345038,0.0,0.9010799142289992,-0.1663020495528459,0.0,4.278523414294201
2023-02-15 00:00:00+00:00,1627.8925886706575,0.0,0.9040976919539296,-0.1635099385930403,0.0,4.278523414294201
2023-02-16 00:00:00+00:00,1605.259199809041,0.0,0.8915275784382749,-0.17514007007128574,0.0,4.278523414294201
2023-02-17 00:00:00+00:00,1601.109032097176,0.0,0.8892226615932495,-0.1772726272610584,0.0,4.278523414294201
2023-02-21 00:00:00+00:00,1569.31960312897,0.0,0.8715674738009405,-0.19360757563220476,0.0,4.278523414294201
2023-02-22 00:00:00+00:00,1567.3514823583944,0.0,0.870474420451753,-0.19461889141292177,0.0,4.278523414294201
2023-02-23 00:00:00+00:00,1575.2239654406958,0.0,0.8748466338485025,-0.19057362829005386,0.0,4.278523414294201
2023-02-24 00:00:00+00:00,1558.3665831883768,0.0,0.8654843942924195,-0.19923576780315144,0.0,4.278523414294201
2023-02-27 00:00:00+00:00,1663.1635871620292,100.0,0.868148550546374,-0.19677083481161628,0.0,4.550503672226406
2023-02-28 00:00:00+00:00,1656.8838920943567,0.0,0.8648706359666207,-0.19980362982094613,0.0,4.550503672226406
2023-03-01 00:00:00+00:00,1650.8317222102955,0.0,0.8617114864078731,-0.20272654095312637,0.0,4.550503672226406
2023-03-02 00:00:00+00:00,1663.1635871620292,0.0,0.868148550546374,-0.19677083481161628,0.0,4.550503672226406
2023-03-03 00:00:00+00:00,1689.51100342422,0.0,0.8819015399788167,-0.18404628183768879,0.0,4.550503672226406
2023-03-06 00:00:00+00:00,1691.558730076722,0.0,0.8829704251678666,-0.1830573269433422,0.0,4.550503672226406
2023-03-07 00:00:00+00:00,1665.3933339614202,0.0,0.8693124477522284,-0.1956939728155498,0.0,4.550503672226406
2023-03-08 00:00:00+00:00,1667.9871210545891,0.0,0.8706663689916916,-0.19444129661604403,0.0,4.550503672226406
2023-03-09 00:00:00+00:00,1637.4532414139499,0.0,0.8547281031727466,-0.20918771292952487,0.0,4.550503672226406
2023-03-10 00:00:00+00:00,1634.3149182988438,0.0,0.8530899416085107,-0.21070337421221286,1634.3149182988438,0.0
2023-03-13 00:00:00+00:00,1634.3149182988438,0.0,0.8530899416085107,-0.21070337421221286,1634.3149182988438,0.0
2023-03-14 00:00:00+00:00,1634.3149182988438,0.0,0.8530899416085107,-0.21070337421221286,1634.3149182988438,0.0
2023-03-15 00:00:00+00:00,1634.3149182988438,0.0,0.8530899416085107,-0.21070337421221286,1634.3149182988438,0.0
2023-03-16 00:00:00+00:00,1634.3149182988438,0.0,0.8530899416085107,-0.21070337421221286,1634.3149182988438,0.0
2023-03-17 00:00:00+00:00,1620.5296094851128,0.0,0.8458941997357007,-0.21736102483406872,0.0,4.502972128168036
2023-03-20 00:00:00+00:00,1622.3747698592117,0.0,0.8468573481094773,-0.21646989984891007,1622.3747698592117,0.0
2023-03-21 00:00:00+00:00,1628.0251074064704,0.0,0.8498067467071948,-0.21374105468530136,0.0,4.425424343281696
2023-03-22 00:00:00+00:00,1601.0300189124519,0.0,0.8357156812648932,-0.22677840264229732,0.0,4.425424343281696
2023-03-23 00:00:00+00:00,1604.8358838476743,0.0,0.8377022904911849,-0.22494035030737658,0.0,4.425424343281696
2023-03-24 00:00:00+00:00,1615.4878802419532,0.0,0.8432624863140733,-0.21979594103975542,0.0,4.4435248108756555
2023-03-27 00:00:00+00:00,1717.67631681677,100.0,0.8444048201500562,-0.2187390299237194,0.0,4.716817653824609
2023-03-28 00:00:00+00:00,1714.657553518322,0.0,0.8429208046489137,-0.2201120720503914,0.0,4.716817653824609
2023-03-29 00:00:00+00:00,1739.043500788595,0.0,0.8549088673690801,-0.20902046612087033,0.0,4.716817653824609
2023-03-30 00:00:00+00:00,1749.4204996270093,0.0,0.8600101706542573,-0.20430063381043584,0.0,4.716817653824609
2023-03-31 00:00:00+00:00,1773.8536150738207,0.0,0.872021421116629,-0.19318757409768572,0.0,4.716817653824609
2023-04-03 00:00:00+00:00,1780.8816733780195,0.0,0.8754763947052263,-0.18999096039652774,0.0,4.716817653824609
2023-04-04 00:00:00+00:00,1770.8348517753732,0.0,0.8705374056154866,-0.19456061622435739,0.0,4.716817653824609
2023-04-05 00:00:00+00:00,1766.5425477103927,0.0,0.8684273210747997,-0.19651291049821895,0.0,4.716817653824609
2023-04-06 00:00:00+00:00,1773.2875969553618,0.0,0.8717431682101648,-0.19344501949643655,0.0,4.716817653824609
2023-04-10 00:00:00+00:00,1775.22149219343,0.0,0.8726938656405844,-0.1925654143840373,0.0,4.716817653824609
2023-04-11 00:00:00+00:00,1775.4573330761214,0.0,0.8728098043516112,-0.19245814546789097,0.0,4.716817653824609
2023-04-12 00:00:00+00:00,1768.3821065953844,0.0,0.8693316430208085,-0.19567621295227822,0.0,4.716817653824609
2023-04-13 00:00:00+00:00,1791.3058403929717,0.0,0.8806008857326089,-0.185249674302864,0.0,4.716817653824609
2023-04-14 00:00:00+00:00,1787.6267226229888,0.0,0.8787922418405917,-0.18692306939474512,0.0,4.716817653824609
2023-04-17 00:00:00+00:00,1793.7114173964223,0.0,0.8817834605850818,-0.1841555313581723,0.0,4.716817653824609
2023-04-18 00:00:00+00:00,1794.9377899864169,0.0,0.8823863418824209,-0.1835977329942119,0.0,4.716817653824609
2023-04-19 00:00:00+00:00,1794.8434536333402,0.0,0.8823399663980102,-0.18364064056067042,0.0,4.716817653824609
2023-04-20 00:00:00+00:00,1784.7022956776175,0.0,0.8773546018238598,-0.1882532039549586,0.0,4.716817653824609
2023-04-21 00:00:00+00:00,1785.7399955614587,0.0,0.8778647321523774,-0.18778122072391534,0.0,4.716817653824609
2023-04-24 00:00:00+00:00,1788.0984043883711,0.0,0.8790241192626449,-0.18670853156245293,0.0,4.716817653824609
2023-04-25 00:00:00+00:00,1759.8446666419618,0.0,0.8651346616816398,-0.1995593477167722,0.0,4.716817653824609
2023-04-26 00:00:00+00:00,1752.0147493366128,0.0,0.8612854964755514,-0.20312067573282744,0.0,4.716817653824609
2023-04-27 00:00:00+00:00,1888.0429578634373,100.0,0.8789968619077776,-0.18673375063628717,-1.4210854715202004e-14,4.984142334847119
2023-04-28 00:00:00+00:00,1904.191579028342,0.0,0.8865150104059196,-0.17977780267309085,-1.4210854715202004e-14,4.984142334847119
2023-05-01 00:00:00+00:00,1902.8957020212817,0.0,0.8859117021931058,-0.18033599602816208,-1.4210854715202004e-14,4.984142334847119
2023-05-02 00:00:00+00:00,1881.5635728281359,0.0,0.875980320843708,-0.1895247174116439,-1.4210854715202004e-14,4.984142334847119
2023-05-03 00:00:00+00:00,1868.455278487488,0.0,0.8698776262294754,-0.1951710578879423,-1.4210854715202004e-14,4.984142334847119
2023-05-04 00:00:00+00:00,1854.7987284900069,0.0,0.8635196858328985,-0.20105355709138606,-1.4210854715202004e-14,4.984142334847119
2023-05-05 00:00:00+00:00,1888.8404206370128,0.0,0.8793681285002783,-0.18639024703316642,-1.4210854715202004e-14,4.984142334847119
2023-05-08 00:00:00+00:00,1889.8870905273307,0.0,0.8798554159029357,-0.18593939855407038,-1.4210854715202004e-14,4.984142334847119
2023-05-09 00:00:00+00:00,1881.7130970981814,0.0,0.8760499333298021,-0.1894603104860586,-1.4210854715202004e-14,4.984142334847119
2023-05-10 00:00:00+00:00,1889.936931950679,0.0,0.879878620064967,-0.18591792957887532,-1.4210854715202004e-14,4.984142334847119
2023-05-11 00:00:00+00:00,1887.2953365132103,0.0,0.878648799477308,-0.18705578526421296,-1.4210854715202004e-14,4.984142334847119
2023-05-12 00:00:00+00:00,1884.753423922438,0.0,0.8774653872137115,-0.1881507029991606,-1.4210854715202004e-14,4.984142334847119
2023-05-15 00:00:00+00:00,1891.2826503810877,0.0,0.880505132439812,-0.18533826724860913,-1.4210854715202004e-14,4.984142334847119
2023-05-16 00:00:00+00:00,1878.7724531206215,0.0,0.874680887769955,-0.19072698002256683,-1.4210854715202004e-14,4.984142334847119
2023-05-17 00:00:00+00:00,1901.2010936274335,0.0,0.8851227606840412,-0.18106594118479413,-1.4210854715202004e-14,4.984142334847119
2023-05-18 00:00:00+00:00,1919.7919445364134,0.0,0.8937779131217171,-0.1730580134370402,-1.4210854715202004e-14,4.984142334847119
2023-05-19 00:00:00+00:00,1916.7516177121565,0.0,0.8923624592378075,-0.17436762092393832,-1.4210854715202004e-14,4.984142334847119
2023-05-22 00:00:00+00:00,1917.7982876024744,0.0,0.8928497466404649,-0.17391677244484227,-1.4210854715202004e-14,4.984142334847119
2023-05-23 00:00:00+00:00,1896.366475562632,0.0,0.8828719569670049,-0.18314843177871387,-1.4210854715202004e-14,4.984142334847119
2023-05-24 00:00:00+00:00,1882.1616699083177,0.0,0.8762587707880836,-0.1892670897093034,-1.4210854715202004e-14,4.984142334847119
2023-05-25 00:00:00+00:00,1898.5594981899646,0.0,0.8838929400963821,-0.18220379687013177,-1.4210854715202004e-14,4.984142334847119
2023-05-26 00:00:00+00:00,1923.231002747458,0.0,0.895379000301877,-0.1715766541485817,-1.4210854715202004e-14,4.984142334847119
2023-05-30 00:00:00+00:00,2023.322885016745,100.0,0.8954217769908458,-0.1715370762628059,-1.4210854715202004e-14,5.241904932813661
2023-05-31 00:00:00+00:00,2012.3148846578363,0.0,0.8905501851576876,-0.17604437474164758,-1.4210854715202004e-14,5.241904932813661
2023-06-01 00:00:00+00:00,2031.6050948105906,0.0,0.8990870698938889,-0.1681458707406296,-1.4210854715202004e-14,5.241904932813661
2023-06-02 00:00:00+00:00,2061.4315338783003,0.0,0.9122867639561132,-0.15593323819557747,-1.4210854715202004e-14,5.241904932813661
2023-06-05 00:00:00+00:00,2057.447686129362,0.0,0.9105237116736369,-0.15756445097839633,-1.4210854715202004e-14,5.241904932813661
2023-06-06 00:00:00+00:00,2061.693629124941,0.0,0.912402754237855,-0.15582592156512887,-1.4210854715202004e-14,5.241904932813661
2023-06-07 00:00:00+00:00,2054.9315717616114,0.0,0.9094102049689149,-0.15859469063070308,-1.4210854715202004e-14,5.241904932813661
2023-06-08 00:00:00+00:00,2067.2500483537233,0.0,0.9148617482107824,-0.15355080899961848,-1.4210854715202004e-14,5.241904932813661
2023-06-09 00:00:00+00:00,2070.7097056093803,0.0,0.916392819929775,-0.15213422947769684,-1.4210854715202004e-14,5.241904932813661
2023-06-12 00:00:00+00:00,2089.737820515494,0.0,0.9248137143842344,-0.14434304210712756,-1.4210854715202004e-14,5.241904932813661
2023-06-13 00:00:00+00:00,2103.524030488794,0.0,0.9309148032038564,-0.13869818734553063,-1.4210854715202004e-14,5.241904932813661
2023-06-14 00:00:00+00:00,2105.1490210179663,0.0,0.931633942950656,-0.13803282423674912,-1.4210854715202004e-14,5.241904932813661
2023-06-15 00:00:00+00:00,2132.1448314219565,0.0,0.943580941970068,-0.12697921130054213,-1.4210854715202004e-14,5.241904932813661
2023-06-16 00:00:00+00:00,2124.281974022736,0.0,0.9401012335178122,-0.13019871021400042,-1.4210854715202004e-14,5.241904932813661
2023-06-20 00:00:00+00:00,2114.4796117983747,0.0,0.9357631969806665,-0.1342123521927785,-1.4210854715202004e-14,5.241904932813661
2023-06-21 00:00:00+00:00,2102.8950018968562,0.0,0.930636426527676,-0.13895574725860727,-1.4210854715202004e-14,5.241904932813661
2023-06-22 00:00:00+00:00,2110.548183098764,0.0,0.9340233427545386,-0.1358221016495076,-1.4210854715202004e-14,5.241904932813661
2023-06-23 00:00:00+00:00,2094.717630201667,0.0,0.9270175297373299,-0.14230402612860382,-1.4210854715202004e-14,5.241904932813661
2023-06-26 00:00:00+00:00,2086.0684870625246,0.0,0.9231898504398485,-0.14584547493340794,-1.4210854715202004e-14,5.241904932813661
2023-06-27 00:00:00+00:00,2210.0300509913154,100.0,0.9337940433304064,-0.13603425426429683,-2.842170943040401e-14,5.492531876112323
2023-06-28 00:00:00+00:00,2211.018706729016,0.0,0.9342117755862891,-0.13564775965925058,-2.842170943040401e-14,5.492531876112323
2023-06-29 00:00:00+00:00,2219.455235690724,0.0,0.9377764241698203,-0.13234967236285666,-2.842170943040401e-14,5.5140375038899005
2023-06-30 00:00:00+00:00,2245.7571945842787,0.0,0.9488896723954297,-0.1220674630691021,-2.842170943040401e-14,5.5140375038899005
2023-07-03 00:00:00+00:00,2250.058143837313,0.0,0.9507069331115671,-0.12038609551163282,-2.842170943040401e-14,5.5140375038899005
2023-07-05 00:00:00+00:00,2245.0403697087727,0.0,0.9485867956094066,-0.12234769099534715,-2.842170943040401e-14,5.5140375038899005
2023-07-06 00:00:00+00:00,2226.7337651958583,0.0,0.940851788458668,-0.12950428111175494,-2.842170943040401e-14,5.5140375038899005
2023-07-07 00:00:00+00:00,2221.550569942202,0.0,0.9386617563135795,-0.1315305445784486,-2.842170943040401e-14,5.5140375038899005
2023-07-10 00:00:00+00:00,2227.505730446403,0.0,0.9411779634590005,-0.12920249719118337,-2.842170943040401e-14,5.5140375038899005
2023-07-11 00:00:00+00:00,2241.787087581478,0.0,0.9472122009651491,-0.12361949466061217,-2.842170943040401e-14,5.5140375038899005
2023-07-12 00:00:00+00:00,2259.4320075939254,0.0,0.9546676295441743,-0.11672157647612269,-2.842170943040401e-14,5.5140375038899005
2023-07-13 00:00:00+00:00,2277.848892856918,0.0,0.962449233123532,-0.10952187437106164,-2.842170943040401e-14,5.5140375038899005
2023-07-14 00:00:00+00:00,2276.029260480634,0.0,0.9616803920513199,-0.11023322218383713,-2.842170943040401e-14,5.5140375038899005
2023-07-17 00:00:00+00:00,2283.9694744862354,0.0,0.9650353349118811,-0.1071291590008171,-2.842170943040401e-14,5.5140375038899005
2023-07-18 00:00:00+00:00,2301.28355224845,0.0,0.9723509742050497,-0.10036057678228671,-2.842170943040401e-14,5.5140375038899005
2023-07-19 00:00:00+00:00,2306.2461860019507,0.0,0.9744478134929003,-0.09842053729289912,-2.842170943040401e-14,5.5140375038899005
2023-07-20 00:00:00+00:00,2291.1928636163316,0.0,0.9680874009864197,-0.10430532374404156,-2.842170943040401e-14,5.5140375038899005
2023-07-21 00:00:00+00:00,2291.468565491526,0.0,0.968203892057967,-0.10419754377240886,-2.842170943040401e-14,5.5140375038899005
2023-07-24 00:00:00+00:00,2301.1732714983723,0.0,0.9723043777764309,-0.10040368877093964,-2.842170943040401e-14,5.5140375038899005
2023-07-25 00:00:00+00:00,2307.955537628157,0.0,0.9751700581364937,-0.09775230146877645,-2.842170943040401e-14,5.5140375038899005
2023-07-26 00:00:00+00:00,2308.506941378546,0.0,0.9754030402795884,-0.09753674152551106,-2.842170943040401e-14,5.5140375038899005
2023-07-27 00:00:00+00:00,2391.3824109122243,100.0,0.9681674895516204,-0.10423122413133501,-2.842170943040401e-14,5.751003825963696
2023-07-28 00:00:00+00:00,2414.6739764073773,0.0,0.977597238800536,-0.0955066232408821,-2.842170943040401e-14,5.751003825963696
2023-07-31 00:00:00+00:00,2419.332289506408,0.0,0.9794831886503191,-0.09376170306279141,-2.842170943040401e-14,5.751003825963696
2023-08-01 00:00:00+00:00,2411.855984532655,0.0,0.9764563555580745,-0.09656219223750484,-2.842170943040401e-14,5.751003825963696
2023-08-02 00:00:00+00:00,2378.442652303806,0.0,0.9629287399688895,-0.109078224626031,-2.842170943040401e-14,5.751003825963696
2023-08-03 00:00:00+00:00,2371.713977827428,0.0,0.9602045901858693,-0.11159866488327297,-2.842170943040401e-14,5.751003825963696
2023-08-04 00:00:00+00:00,2360.096950098982,0.0,0.955501357227151,-0.11595019421628894,-2.842170943040401e-14,5.751003825963696
2023-08-07 00:00:00+00:00,2381.3756642550475,0.0,0.9641161898743084,-0.10797957118056667,-2.842170943040401e-14,5.751003825963696
2023-08-08 00:00:00+00:00,2371.0813674065726,0.0,0.9599484735396026,-0.1118356293519025,-2.842170943040401e-14,5.751003825963696
2023-08-09 00:00:00+00:00,2355.323616923432,0.0,0.9535688407144103,-0.11773819884322123,-2.842170943040401e-14,5.751003825963696
2023-08-10 00:00:00+00:00,2356.703857841663,0.0,0.9541276406699015,-0.11722118545712046,-2.842170943040401e-14,5.751003825963696
2023-08-11 00:00:00+00:00,2354.518476387797,0.0,0.953242874073707,-0.11803978998511344,-2.842170943040401e-14,5.751003825963696
2023-08-14 00:00:00+00:00,2367.803295225773,0.0,0.9586213236453106,-0.11306353614389231,-2.842170943040401e-14,5.751003825963696
2023-08-15 00:00:00+00:00,2340.6585571672244,0.0,0.9476315911873152,-0.12323146607054347,-2.842170943040401e-14,5.751003825963696
2023-08-16 00:00:00+00:00,2323.3480356510736,0.0,0.9406233084121952,-0.12971567562122577,-2.842170943040401e-14,5.751003825963696
2023-08-17 00:00:00+00:00,2304.5422531401728,0.0,0.9330096590186265,-0.13675998300685044,-2.842170943040401e-14,5.751003825963696
2023-08-18 00:00:00+00:00,2306.670124555779,0.0,0.9338711422833421,-0.13596292070327842,-2.842170943040401e-14,5.751003825963696
2023-08-21 00:00:00+00:00,2321.910284694583,0.0,0.9400412251252253,-0.1302542312317474,-2.842170943040401e-14,5.751003825963696
2023-08-22 00:00:00+00:00,2315.411650371244,0.0,0.9374102086681204,-0.13268850259130593,-2.842170943040401e-14,5.751003825963696
2023-08-23 00:00:00+00:00,2340.3710069759263,0.0,0.9475151745299212,-0.12333917719264786,-2.842170943040401e-14,5.751003825963696
2023-08-24 00:00:00+00:00,2309.258076277463,0.0,0.9349188921998883,-0.1349935206043391,-2.842170943040401e-14,5.751003825963696
2023-08-25 00:00:00+00:00,2324.555746454526,0.0,0.9411122583732501,-0.12926328890838745,-2.842170943040401e-14,5.751003825963696
2023-08-28 00:00:00+00:00,2439.926423734692,100.0,0.9473351819705554,-0.12350571006666866,-2.842170943040401e-14,5.996968057156496
2023-08-29 00:00:00+00:00,2474.5888991050565,0.0,0.9607933674687361,-0.11105391584798252,-2.842170943040401e-14,5.996968057156496
2023-08-30 00:00:00+00:00,2484.903684163366,0.0,0.964798225437053,-0.10734853763757757,-2.842170943040401e-14,5.996968057156496
2023-08-31 00:00:00+00:00,2481.725291093073,0.0,0.9635641703654204,-0.10849031115590002,-2.842170943040401e-14,5.996968057156496
2023-09-01 00:00:00+00:00,2487.0026229833707,0.0,0.9656131674654894,-0.10659453625755344,-2.842170943040401e-14,5.996968057156496
2023-09-05 00:00:00+00:00,2476.148110799917,0.0,0.9613987529755745,-0.11049380053710756,-2.842170943040401e-14,5.996968057156496
2023-09-06 00:00:00+00:00,2459.0567518370212,0.0,0.9547627964583055,-0.11663352606016208,-2.842170943040401e-14,5.996968057156496
2023-09-07 00:00:00+00:00,2451.7404508072905,0.0,0.9519221413877554,-0.11926175944196071,-2.842170943040401e-14,5.996968057156496
2023-09-08 00:00:00+00:00,2455.098752919298,0.0,0.9532260486332538,-0.11805535723392213,-2.842170943040401e-14,5.996968057156496
2023-09-11 00:00:00+00:00,2471.230596993049,0.0,0.9594894602232376,-0.11226031805602144,-2.842170943040401e-14,5.996968057156496
2023-09-12 00:00:00+00:00,2457.977297586733,0.0,0.9543436834151097,-0.11702129819846019,-2.842170943040401e-14,5.996968057156496
2023-09-13 00:00:00+00:00,2460.8558422541682,0.0,0.9554613181969654,-0.11598723916299847,-2.842170943040401e-14,5.996968057156496
2023-09-14 00:00:00+00:00,2482.1450788570737,0.0,0.9637271587711076,-0.10833951087989535,-2.842170943040401e-14,5.996968057156496
2023-09-15 00:00:00+00:00,2451.2007236821464,0.0,0.9517125848661574,-0.11945564551110988,-2.842170943040401e-14,5.996968057156496
2023-09-18 00:00:00+00:00,2453.8993593078667,0.0,0.9527603674741473,-0.1184862151653644,-2.842170943040401e-14,5.996968057156496
2023-09-19 00:00:00+00:00,2448.9818455009986,0.0,0.9508510747218103,-0.12025273268427827,-2.842170943040401e-14,5.996968057156496
2023-09-20 00:00:00+00:00,2426.0734275226605,0.0,0.9419565645828741,-0.12848211917482877,-2.842170943040401e-14,5.996968057156496
2023-09-21 00:00:00+00:00,2386.313529303713,0.0,0.9265192341584904,-0.14276505960214525,-2.842170943040401e-14,5.996968057156496
2023-09-22 00:00:00+00:00,2380.556439968843,0.0,0.9242839645947787,-0.1448331776730689,-2.842170943040401e-14,5.996968057156496
2023-09-25 00:00:00+00:00,2390.451437263151,0.0,0.9281258341574082,-0.14127859973866874,-2.842170943040401e-14,5.996968057156496
2023-09-26 00:00:00+00:00,2355.3691741287853,0.0,0.9145046602535402,-0.15388119423335989,-2.842170943040401e-14,5.996968057156496
2023-09-27 00:00:00+00:00,2455.6076807490085,100.0,0.9145972637477572,-0.15379551554702597,-4.263256414560601e-14,6.2507513828408
2023-09-28 00:00:00+00:00,2469.878146156034,0.0,0.9199123345206631,-0.14887790109365673,-4.263256414560601e-14,6.274459267747266
2023-09-29 00:00:00+00:00,2463.9801544443512,0.0,0.9177156126569058,-0.15091035402773856,-4.263256414560601e-14,6.274459267747266
2023-10-02 00:00:00+00:00,2463.791920666319,0.0,0.917645504512318,-0.15097521954691118,-4.263256414560601e-14,6.274459267747266
2023-10-03 00:00:00+00:00,2430.662775732613,0.0,0.90530647106483,-0.1623915509213284,-4.263256414560601e-14,6.274459267747266
2023-10-04 00:00:00+00:00,2448.544984645693,0.0,0.9119667448006898,-0.15622932659991018,-4.263256414560601e-14,6.274459267747266
2023-10-05 00:00:00+00:00,2446.474413087337,0.0,0.9111955552102219,-0.1569428473108112,-4.263256414560601e-14,6.274459267747266
2023-10-06 00:00:00+00:00,2475.6506486823614,0.0,0.9220623176213615,-0.14688869183902376,-4.263256414560601e-14,6.274459267747266
2023-10-09 00:00:00+00:00,2492.152476556537,0.0,0.9282084649635761,-0.1412021479915394,-4.263256414560601e-14,6.274459267747266
2023-10-10 00:00:00+00:00,2505.0151180554185,0.0,0.9329991881770893,-0.13676967084806324,-4.263256414560601e-14,6.274459267747266
2023-10-11 00:00:00+00:00,2515.6189542179113,0.0,0.9369486136555465,-0.13311557993466094,-4.263256414560601e-14,6.274459267747266
2023-10-12 00:00:00+00:00,2500.4975073826404,0.0,0.9313165927069772,-0.1383264433082111,-4.263256414560601e-14,6.274459267747266
2023-10-13 00:00:00+00:00,2487.3211429203716,0.0,0.9264090225858175,-0.14286702965030862,-4.263256414560601e-14,6.274459267747266
2023-10-16 00:00:00+00:00,2513.3601488815225,0.0,0.9361073159204906,-0.1338939661647347,-4.263256414560601e-14,6.274459267747266
2023-10-17 00:00:00+00:00,2513.4228934742,0.0,0.9361306853020198,-0.1338723443250105,-4.263256414560601e-14,6.274459267747266
2023-10-18 00:00:00+00:00,2479.791791799075,0.0,0.9236046968022974,-0.1454616504172217,-4.263256414560601e-14,6.274459267747266
2023-10-19 00:00:00+00:00,2458.7723532521213,0.0,0.9157759539899707,-0.15270496672485379,-4.263256414560601e-14,6.274459267747266
2023-10-20 00:00:00+00:00,2428.152992025515,0.0,0.9043716958036562,-0.16325642451029976,-4.263256414560601e-14,6.274459267747266
2023-10-23 00:00:00+00:00,2417.469219251951,0.0,0.9003924977331306,-0.1669380616475109,2417.469219251951,0.0
2023-10-24 00:00:00+00:00,2417.469219251951,0.0,0.9003924977331306,-0.1669380616475109,2417.469219251951,0.0
2023-10-25 00:00:00+00:00,2392.0112031681942,0.0,0.8909105955411858,-0.1757109155297646,0.0,6.2339037376357
2023-10-26 00:00:00+00:00,2384.085947837982,0.0,0.8879588142381954,-0.1784419652220407,2384.085947837982,0.0
2023-10-27 00:00:00+00:00,2484.085947837982,100.0,0.8879588142381954,-0.1784419652220407,2484.085947837982,0.0
2023-10-30 00:00:00+00:00,2484.085947837982,0.0,0.8879588142381954,-0.1784419652220407,2484.085947837982,0.0
2023-10-31 00:00:00+00:00,2484.085947837982,0.0,0.8879588142381954,-0.1784419652220407,2484.085947837982,0.0
2023-11-01 00:00:00+00:00,2484.085947837982,0.0,0.8879588142381954,-0.1784419652220407,2484.085947837982,0.0
2023-11-02 00:00:00+00:00,2484.085947837982,0.0,0.8879588142381954,-0.1784419652220407,2484.085947837982,0.0
2023-11-03 00:00:00+00:00,2492.3286522309904,0.0,0.8909052428934929,-0.1757158679111689,0.0,6.239557010392025
2023-11-06 00:00:00+00:00,2497.133111128992,0.0,0.8926226398417904,-0.17412689639677792,0.0,6.239557010392025
2023-11-07 00:00:00+00:00,2504.183810550735,0.0,0.8951429756230582,-0.17179502910942468,0.0,6.239557010392025
2023-11-08 00:00:00+00:00,2506.2428643641647,0.0,0.8958790028866145,-0.1711140413175426,0.0,6.239557010392025
2023-11-09 00:00:00+00:00,2487.3370066226767,0.0,0.889120934375781,-0.17736674740664038,0.0,6.239557010392025
2023-11-10 00:00:00+00:00,2526.1470512273154,0.0,0.9029939331009903,-0.1645311593293507,0.0,6.239557010392025
2023-11-13 00:00:00+00:00,2523.588832853054,0.0,0.9020794749856629,-0.16537723507077984,0.0,6.239557010392025
2023-11-14 00:00:00+00:00,2572.0701908238007,0.0,0.9194095714639388,-0.14934306797101438,0.0,6.239557010392025
2023-11-15 00:00:00+00:00,2577.6857921331534,0.0,0.9214169185463644,-0.14748582853860925,0.0,6.239557010392025
2023-11-16 00:00:00+00:00,2581.3047351991804,0.0,0.9227105422217053,-0.1462889409043927,0.0,6.239557010392025
2023-11-17 00:00:00+00:00,2585.1108649755197,0.0,0.9240710774664608,-0.14503014528909564,0.0,6.239557010392025
2023-11-20 00:00:00+00:00,2604.578282847943,0.0,0.9310298806855366,-0.13859171525675762,0.0,6.239557010392025
2023-11-21 00:00:00+00:00,2597.7771657066155,0.0,0.9285987603301543,-0.14084103856933727,0.0,6.239557010392025
2023-11-22 00:00:00+00:00,2609.008368325321,0.0,0.9326134544950058,-0.1371265597045268,0.0,6.239557010392025
2023-11-24 00:00:00+00:00,2610.4434664377113,0.0,0.933126443193848,-0.1366519318495788,0.0,6.239557010392025
2023-11-27 00:00:00+00:00,2705.802729545303,100.0,0.9314675701456908,-0.13818675582962936,0.0,6.478792092580459
2023-11-28 00:00:00+00:00,2708.459034303261,0.0,0.9323819981309406,-0.13734070796517717,0.0,6.478792092580459
2023-11-29 00:00:00+00:00,2706.709760438264,0.0,0.931779813847971,-0.13789786143688976,0.0,6.478792092580459
2023-11-30 00:00:00+00:00,2717.2054036282443,0.0,0.9353929195457873,-0.134554940606615,0.0,6.478792092580459
2023-12-01 00:00:00+00:00,2733.1432321759926,0.0,0.9408794874572863,-0.12947865341990117,0.0,6.478792092580459
2023-12-04 00:00:00+00:00,2719.408192939722,0.0,0.9361512256798971,-0.13385333993853243,0.0,6.478792092580459
2023-12-05 00:00:00+00:00,2718.5659499676867,0.0,0.9358612850992082,-0.13412159901750498,0.0,6.478792092580459
2023-12-06 00:00:00+00:00,2707.228063805671,0.0,0.9319582388207028,-0.13773277892675262,0.0,6.478792092580459
2023-12-07 00:00:00+00:00,2728.4137139484087,0.0,0.93925135958111,-0.13098503132490147,0.0,6.478792092580459
2023-12-08 00:00:00+00:00,2740.010751794128,0.0,0.9432436183459811,-0.12729131016058537,0.0,6.478792092580459
2023-12-11 00:00:00+00:00,2750.6359708259597,0.0,0.9469013302869803,-0.12390711870277626,0.0,6.478792092580459
2023-12-12 00:00:00+00:00,2764.3062221413047,0.0,0.9516072889427782,-0.11955306749791195,0.0,6.478792092580459
2023-12-13 00:00:00+00:00,2801.948004199197,0.0,0.9645654025874157,-0.10756395019921028,0.0,6.478792092580459
2023-12-14 00:00:00+00:00,2810.176070156774,0.0,0.9673978990295311,-0.1049432653507848,0.0,6.478792092580459
2023-12-15 00:00:00+00:00,2805.900067375671,0.0,0.9659258930044947,-0.10630519605941535,0.0,6.478792092580459
2023-12-18 00:00:00+00:00,2821.7731080024932,0.0,0.9713901577944021,-0.10124954418646892,0.0,6.478792092580459
2023-12-19 00:00:00+00:00,2838.9419070478316,0.0,0.9773004850161386,-0.09578118603817976,0.0,6.478792092580459
2023-12-20 00:00:00+00:00,2798.1319956566667,0.0,0.9632517487256785,-0.10877937018009443,0.0,6.505922006223504
2023-12-21 00:00:00+00:00,2825.3918088627433,0.0,0.9726358888525373,-0.10009696780164923,0.0,6.505922006223504
2023-12-22 00:00:00+00:00,2831.9627900890296,0.0,0.9748979369499425,-0.09800407367223862,0.0,6.505922006223504
2023-12-26 00:00:00+00:00,2843.738508920294,0.0,0.9789517063126189,-0.09425344161854288,0.0,6.505922006223504
2023-12-27 00:00:00+00:00,2949.123188941709,100.0,0.9808053724209396,-0.09253839103211114,0.0,6.734695567348045
2023-12-28 00:00:00+00:00,2949.5946176314237,0.0,0.9809621579337725,-0.09239332980208637,0.0,6.734695567348045
2023-12-29 00:00:00+00:00,2941.7150238176264,0.0,0.9783416000764249,-0.09481792464678251,0.0,6.734695567348045
2024-01-02 00:00:00+00:00,2922.925223184725,0.0,0.9720925774935191,-0.10059965081490418,0.0,6.734695567348045
2024-01-03 00:00:00+00:00,2901.2395034578644,0.0,0.9648804439032121,-0.10727246739603358,0.0,6.734695567348045
2024-01-04 00:00:00+00:00,2892.0803174862713,0.0,0.9618343253681758,-0.11009079986508197,0.0,6.734695567348045
2024-01-05 00:00:00+00:00,2895.784400048313,0.0,0.9630662115404334,-0.108951033057746,0.0,6.734695567348045
2024-01-08 00:00:00+00:00,2937.202777787503,0.0,0.9768409387393114,-0.09620636784844605,0.0,6.734695567348045
2024-01-09 00:00:00+00:00,2930.064000486114,0.0,0.9744667581164154,-0.098403009331675,0.0,6.734695567348045
2024-01-10 00:00:00+00:00,2949.3925767644027,0.0,0.9808949641425586,-0.09245549890066818,0.0,6.734695567348045
2024-01-11 00:00:00+00:00,2948.382372429301,0.0,0.9805589951864886,-0.09276634439357778,0.0,6.734695567348045
2024-01-12 00:00:00+00:00,2949.7293115427706,0.0,0.9810069537945822,-0.09235188373636471,0.0,6.734695567348045
2024-01-16 00:00:00+00:00,2939.6946151474217,0.0,0.9776696621642849,-0.09543961563260173,0.0,6.734695567348045
2024-01-17 00:00:00+00:00,2923.329304918766,0.0,0.9722269650759476,-0.10047531261773979,0.0,6.734695567348045
2024-01-18 00:00:00+00:00,2949.3252298087295,0.0,0.9808725662121541,-0.09247622193352867,0.0,6.734695567348045
2024-01-19 00:00:00+00:00,2985.423198049715,0.0,0.9928778569090627,-0.08136867632021993,0.0,6.734695567348045
2024-01-22 00:00:00+00:00,2992.2252405727368,0.0,0.9951400478799355,-0.0792756500012941,0.0,6.734695567348045
2024-01-23 00:00:00+00:00,3001.1150387216358,0.0,0.9980965746933532,-0.07654020966368824,0.0,6.734695567348045
2024-01-24 00:00:00+00:00,3003.6068760815547,0.0,0.9989252981183263,-0.07577345744784425,0.0,6.734695567348045
2024-01-25 00:00:00+00:00,3020.5109619555983,0.0,1.004547178649901,-0.07057197619982103,0.0,6.734695567348045
2024-01-26 00:00:00+00:00,3018.6925941524146,0.0,1.0039424345289747,-0.07113149808705854,0.0,6.734695567348045
2024-01-29 00:00:00+00:00,3141.324668396767,100.0,1.0114693022065016,-0.064167482957046,0.0,6.957683821118445
2024-01-30 00:00:00+00:00,3139.0982095740087,0.0,1.0107524088606774,-0.06483076764874196,0.0,6.957683821118445
2024-01-31 00:00:00+00:00,3087.959233488788,0.0,0.9942862648237822,-0.08006558791113039,0.0,6.957683821118445
2024-02-01 00:00:00+00:00,3128.59210700412,0.0,1.0073695683850705,-0.0679606422876815,0.0,6.957683821118445
2024-02-02 00:00:00+00:00,3160.7366062576866,0.0,1.0177197160654046,-0.05838446955132315,0.0,6.957683821118445
2024-02-05 00:00:00+00:00,3149.1868511146304,0.0,1.0140008318339426,-0.06182525888949508,0.0,6.957683821118445
2024-02-06 00:00:00+00:00,3158.997185302407,0.0,1.0171596431389796,-0.058902660716710575,0.0,6.957683821118445
2024-02-07 00:00:00+00:00,3184.949345955179,0.0,1.0255159312012407,-0.05117124852913102,0.0,6.957683821118445
2024-02-08 00:00:00+00:00,3187.106227939726,0.0,1.0262104216300079,-0.05052869148405059,0.0,6.957683821118445
2024-02-09 00:00:00+00:00,3205.196205874634,0.0,1.0320351800648278,-0.04513950336402217,0.0,6.957683821118445
2024-02-12 00:00:00+00:00,3203.735092272199,0.0,1.0315647188066306,-0.04557478394294778,0.0,6.957683821118445
2024-02-13 00:00:00+00:00,3158.5797242731405,0.0,1.0170252256366377,-0.059027026596403354,0.0,6.957683821118445
2024-02-14 00:00:00+00:00,3188.636918380372,0.0,1.0267032858052618,-0.050072683258509776,0.0,6.957683821118445
2024-02-15 00:00:00+00:00,3210.205738225839,0.0,1.0336481900929317,-0.04364711280770661,0.0,6.957683821118445
2024-02-16 00:00:00+00:00,3193.7856044079995,0.0,1.0283611016674796,-0.048538837408963365,0.0,6.957683821118445
2024-02-20 00:00:00+00:00,3176.252241178781,0.0,1.0227155665691157,-0.05376220435606782,0.0,6.957683821118445
2024-02-21 00:00:00+00:00,3179.452775736496,0.0,1.0237461007537378,-0.052808732611755005,0.0,6.957683821118445
2024-02-22 00:00:00+00:00,3246.2465404192326,0.0,1.045252901128458,-0.03291019186088051,0.0,6.957683821118445
2024-02-23 00:00:00+00:00,3247.7076540216676,0.0,1.045723362386655,-0.03247491128195501,0.0,6.957683821118445
2024-02-26 00:00:00+00:00,3235.810014687555,0.0,1.041892463569908,-0.03601933885320452,0.0,6.957683821118445
2024-02-27 00:00:00+00:00,3341.790863851703,100.0,1.043818226096629,-0.03423758315515524,0.0,7.172302414207505
2024-02-28 00:00:00+00:00,3336.6268061134733,0.0,1.0422052174412741,-0.03572997244137477,0.0,7.172302414207505
2024-02-29 00:00:00+00:00,3348.9631662659103,0.0,1.0460585158957334,-0.03216482025762801,0.0,7.172302414207505
2024-03-01 00:00:00+00:00,3381.238527129844,0.0,1.0561398199917023,-0.022837387218755723,0.0,7.172302414207505
2024-03-04 00:00:00+00:00,3377.222037777888,0.0,1.054885257704204,-0.023998134441370778,0.0,7.172302414207505
2024-03-05 00:00:00+00:00,3343.368770382828,0.0,1.044311089852432,-0.03378157531769932,0.0,7.172302414207505
2024-03-06 00:00:00+00:00,3361.084357345921,0.0,1.0498446056562194,-0.02866185096080709,0.0,7.172302414207505
2024-03-07 00:00:00+00:00,3394.3638405478437,0.0,1.060239550324063,-0.019044231116281063,0.0,7.172302414207505
2024-03-08 00:00:00+00:00,3373.779332619068,0.0,1.0538099186006338,-0.024993060632184094,0.0,7.172302414207505
2024-03-11 00:00:00+00:00,3370.9821346775275,0.0,1.0529362055789833,-0.02580143816221958,0.0,7.172302414207505
2024-03-12 00:00:00+00:00,3407.0588158209907,0.0,1.0642048632684773,-0.015375440787657957,0.0,7.172302414207505
2024-03-13 00:00:00+00:00,3401.8947580827617,0.0,1.0625918546131223,-0.016867830073877488,0.0,7.172302414207505
2024-03-14 00:00:00+00:00,3394.4355635719858,0.0,1.0602619532220539,-0.01902350348730586,0.0,7.172302414207505
2024-03-15 00:00:00+00:00,3371.053857701669,0.0,1.052958608476974,-0.0257807105332446,0.0,7.172302414207505
2024-03-18 00:00:00+00:00,3392.1404267994394,0.0,1.0595450604863406,-0.019686787614514478,0.0,7.172302414207505
2024-03-19 00:00:00+00:00,3411.1470281970896,0.0,1.0654818284539669,-0.014193965936067254,0.0,7.172302414207505
2024-03-20 00:00:00+00:00,3440.9120832160506,0.0,1.0747790311202492,-0.005591999911329637,0.0,7.172302414207505
2024-03-21 00:00:00+00:00,3452.387767078783,0.0,1.0783634947988159,-0.0022755792752862103,0.0,7.172302414207505
2024-03-22 00:00:00+00:00,3447.8907334650744,0.0,1.0769588330947775,-0.0035752016120358387,0.0,7.195397832683072
2024-03-25 00:00:00+00:00,3438.9684401525474,0.0,1.0741719284805666,-0.00615370394936432,0.0,7.195397832683072
2024-03-26 00:00:00+00:00,3429.326607056752,0.0,1.071160273494242,-0.00894015002357429,0.0,7.195397832683072
2024-03-27 00:00:00+00:00,3559.470039532306,100.0,1.0805756634743413,-0.0002288346284399223,0.0,7.403839835952047
2024-03-28 00:00:00+00:00,3559.025809142149,0.0,1.0804408050422578,-0.00035360846553589287,0.0,7.403839835952047
2024-04-01 00:00:00+00:00,3554.361390045499,0.0,1.079024791505381,-0.001663733755044472,0.0,7.403839835952047
2024-04-02 00:00:00+00:00,3531.1133329606096,0.0,1.071967200226345,-0.008193564563070632,0.0,7.403839835952047
2024-04-03 00:00:00+00:00,3534.296984090069,0.0,1.0729336856562768,-0.007299352063882214,0.0,7.403839835952047
2024-04-04 00:00:00+00:00,3490.762405854671,0.0,1.0597175593120944,-0.019527188099294324,0.0,7.403839835952047
2024-04-05 00:00:00+00:00,3527.8556434327907,0.0,1.0709782383910662,-0.009108572701774786,0.0,7.403839835952047
2024-04-08 00:00:00+00:00,3529.2623730016217,0.0,1.071405290092664,-0.008713455550970473,0.0,7.403839835952047
2024-04-09 00:00:00+00:00,3533.6306385048333,0.0,1.0727313980081516,-0.00748651281952617,0.0,7.403839835952047
2024-04-10 00:00:00+00:00,3499.4248984627347,0.0,1.0623472987377227,-0.017094098275921343,0.0,7.403839835952047
2024-04-11 00:00:00+00:00,3524.6719923033315,0.0,1.0700117529611346,-0.010002785200962983,0.0,7.403839835952047
2024-04-12 00:00:00+00:00,3476.6210717680024,0.0,1.05542456589077,-0.023499155246851644,0.0,7.403839835952047
2024-04-15 00:00:00+00:00,3432.4941863457284,0.0,1.0420286283038096,-0.03589335639839186,0.0,7.403839835952047
2024-04-16 00:00:00+00:00,3426.348999281888,0.0,1.040163086659988,-0.03761939447822038,0.0,7.403839835952047
2024-04-17 00:00:00+00:00,3405.692286139582,0.0,1.0338921695681056,-0.04342137790318634,0.0,7.403839835952047
2024-04-18 00:00:00+00:00,3397.9182543118322,0.0,1.0315321470066443,-0.04560492005236727,0.0,7.403839835952047
2024-04-19 00:00:00+00:00,3369.487509341777,0.0,1.0229012073533008,-0.05359044562651394,0.0,7.403839835952047
2024-04-22 00:00:00+00:00,3398.732676693787,0.0,1.031779387465464,-0.04537616801769129,0.0,7.403839835952047
2024-04-23 00:00:00+00:00,3441.6009093439493,0.0,1.044793226161521,-0.033335492737923245,0.0,7.403839835952047
2024-04-24 00:00:00+00:00,3439.0836037997256,0.0,1.0440290283797145,-0.034042544481467596,0.0,7.403839835952047
2024-04-25 00:00:00+00:00,3424.868231314698,0.0,1.0397135585530426,-0.038035307268540985,0.0,7.403839835952047
2024-04-26 00:00:00+00:00,3459.1480097551557,0.0,1.050120134228819,-0.028406926172629632,0.0,7.403839835952047
2024-04-29 00:00:00+00:00,3571.1662936752637,100.0,1.0537686170019736,-0.025031273733607695,0.0,7.6170256242540395
2024-04-30 00:00:00+00:00,3514.7241337995415,0.0,1.03711384042151,-0.04044062076379695,0.0,7.6170256242540395
2024-05-01 00:00:00+00:00,3503.2985953631605,0.0,1.0337424281582581,-0.04355992178205392,0.0,7.6170256242540395
2024-05-02 00:00:00+00:00,3535.9756352912104,0.0,1.0433846672311582,-0.03463872086983899,0.0,7.6170256242540395
2024-05-03 00:00:00+00:00,3579.8497028869137,0.0,1.056330890322045,-0.022660604959732322,0.0,7.6170256242540395
2024-05-06 00:00:00+00:00,3615.9544043458777,0.0,1.0669845530739206,-0.01280361374204042,0.0,7.6170256242540395
2024-05-07 00:00:00+00:00,3621.13398177037,0.0,1.0685129266332614,-0.01138953061376391,0.0,7.6170256242540395
2024-05-08 00:00:00+00:00,3621.2863222828555,0.0,1.0685578787967716,-0.011347939933520346,0.0,7.6170256242540395
2024-05-09 00:00:00+00:00,3642.080802237069,0.0,1.0746938491158897,-0.005670812080292742,0.0,7.6170256242540395
2024-05-10 00:00:00+00:00,3646.574847355379,0.0,1.0760199379394355,-0.004443887013111603,0.0,7.6170256242540395
2024-05-13 00:00:00+00:00,3646.8033581241066,0.0,1.0760873661847006,-0.004381500992746368,0.0,7.6170256242540395
2024-05-14 00:00:00+00:00,3664.094006291163,0.0,1.081189436743088,0.0,0.0,7.6170256242540395
2024-05-15 00:00:00+00:00,3708.729776449292,0.0,1.094360420651525,0.0,0.0,7.6170256242540395
2024-05-16 00:00:00+00:00,3701.6459426187357,0.0,1.092270145048309,-0.0019100431300059784,0.0,7.6170256242540395
2024-05-17 00:00:00+00:00,3707.1302010681984,0.0,1.0938884229346697,-0.0004313000616142926,0.0,7.6170256242540395
2024-05-20 00:00:00+00:00,3710.7863733678405,0.0,1.0949672748589103,0.0,0.0,7.6170256242540395
2024-05-21 00:00:00+00:00,3720.7646769356134,0.0,1.0979116415688168,0.0,0.0,7.6170256242540395
2024-05-22 00:00:00+00:00,3709.9485005491724,0.0,1.0947200379596052,-0.0029069767441860517,0.0,7.6170256242540395
2024-05-23 00:00:00+00:00,3682.3748677893727,0.0,1.086583696364291,-0.010317720275139108,0.0,7.6170256242540395
2024-05-24 00:00:00+00:00,3707.4348820931687,0.0,1.0939783272616899,-0.0035825417622009637,0.0,7.6170256242540395
2024-05-28 00:00:00+00:00,3810.2981281020443,100.0,1.09482320496796,-0.0028130101584893374,0.0,7.822093381717122
2024-05-29 00:00:00+00:00,3783.4683478027546,0.0,1.0871141320638704,-0.00983458877393606,0.0,7.822093381717122
2024-05-30 00:00:00+00:00,3758.046544312174,0.0,1.0798096169215115,-0.0164876880451319,0.0,7.822093381717122
2024-05-31 00:00:00+00:00,3790.7428946477517,0.0,1.0892043471661452,-0.00793077882864024,0.0,7.822093381717122
2024-06-03 00:00:00+00:00,3794.8886041400615,0.0,1.09039554502013,-0.006845811870568319,0.0,7.822093381717122
2024-06-04 00:00:00+00:00,3799.503639235275,0.0,1.0917215954613582,-0.005638018464412697,0.0,7.822093381717122
2024-06-05 00:00:00+00:00,3844.9500017830514,0.0,1.1047798209927753,0.0,0.0,7.822093381717122
2024-06-06 00:00:00+00:00,3844.0895715110623,0.0,1.1045325912494954,-0.0002237819143525721,0.0,7.822093381717122
2024-06-07 00:00:00+00:00,3839.0834317467634,0.0,1.103094163652231,-0.0015257857796765473,0.0,7.822093381717122
2024-06-10 00:00:00+00:00,3851.677002091328,0.0,1.1067127080765995,0.0,0.0,7.822093381717122
2024-06-11 00:00:00+00:00,3860.437746678851,0.0,1.1092299563718122,0.0,0.0,7.822093381717122
2024-06-12 00:00:00+00:00,3892.5865504777084,0.0,1.1184673585979952,0.0,0.0,7.822093381717122
2024-06-13 00:00:00+00:00,3899.9393182565223,0.0,1.1205800491314772,0.0,0.0,7.822093381717122
2024-06-14 00:00:00+00:00,3903.0681556092095,0.0,1.1214790663797676,0.0,0.0,7.822093381717122
2024-06-17 00:00:00+00:00,3934.043645400809,0.0,1.1303793371378417,0.0,0.0,7.822093381717122
2024-06-18 00:00:00+00:00,3944.52525053231,0.0,1.1333910449196143,0.0,0.0,7.822093381717122
2024-06-20 00:00:00+00:00,3933.574319797906,0.0,1.1302444845505981,-0.0027762354247640175,0.0,7.822093381717122
2024-06-21 00:00:00+00:00,3924.970017078017,0.0,1.1277721871177997,-0.004957563258507269,0.0,7.822093381717122
2024-06-24 00:00:00+00:00,3914.410191012699,0.0,1.12473800390482,-0.007634647418100937,0.0,7.822093381717122
2024-06-25 00:00:00+00:00,3930.6801452466707,0.0,1.1294128935959298,-0.003509954787022873,0.0,7.822093381717122
2024-06-26 00:00:00+00:00,3935.0605175404326,0.0,1.1306715177435365,-0.002399460617117155,0.0,7.822093381717122
2024-06-27 00:00:00+00:00,4041.2806769983613,100.0,1.1324587728832107,-0.0008225510873607345,0.0,8.020801184873198
2024-06-28 00:00:00+00:00,4025.7524059044467,0.0,1.1281073981004344,-0.0046618039227181995,0.0,8.049411964698072
2024-07-01 00:00:00+00:00,4035.009229663849,0.0,1.1307013706831937,-0.0023731211292669085,0.0,8.049411964698072
2024-07-02 00:00:00+00:00,4061.1698185491177,0.0,1.1380321627649053,0.0,0.0,8.049411964698072
2024-07-03 00:00:00+00:00,4079.5224778286297,0.0,1.1431749953637675,0.0,0.0,8.049411964698072
2024-07-05 00:00:00+00:00,4103.912196081665,0.0,1.1500095492122555,0.0,0.0,8.049411964698072
2024-07-08 00:00:00+00:00,4107.856407944367,0.0,1.1511148070953443,0.0,0.0,8.049411964698072
2024-07-09 00:00:00+00:00,4112.364078644598,0.0,1.1523779589617313,0.0,0.0,8.049411964698072
2024-07-10 00:00:00+00:00,4151.967185510912,0.0,1.1634756503592762,0.0,0.0,8.049411964698072
2024-07-11 00:00:00+00:00,4116.388784626947,0.0,1.1535057731281488,-0.008569046742017083,0.0,8.049411964698072
2024-07-12 00:00:00+00:00,4141.824926435393,0.0,1.160633558659905,-0.002442759930982308,0.0,8.049411964698072
2024-07-15 00:00:00+00:00,4154.382009100322,0.0,1.1641523388591266,0.0,0.0,8.049411964698072
2024-07-16 00:00:00+00:00,4177.966786156887,0.0,1.1707613298743311,0.0,0.0,8.049411964698072
2024-07-17 00:00:00+00:00,4119.6085494128265,0.0,1.1544080244612824,-0.013968094944512788,0.0,8.049411964698072
2024-07-18 00:00:00+00:00,4088.6183133487384,0.0,1.14572385537987,-0.021385635018495663,0.0,8.049411964698072
2024-07-19 00:00:00+00:00,4061.3308067884122,0.0,1.1380772753315618,-0.027916923551171258,0.0,8.049411964698072
2024-07-22 00:00:00+00:00,4103.50972548343,0.0,1.1498967677956136,-0.01782136251541311,0.0,8.049411964698072
2024-07-23 00:00:00+00:00,4096.667725313437,0.0,1.1479794837127044,-0.01945900123304556,0.0,8.049411964698072
2024-07-24 00:00:00+00:00,4002.8920759247044,0.0,1.1217014136351846,-0.041904284833538696,0.0,8.049411964698072
2024-07-25 00:00:00+00:00,3982.6880518933117,0.0,1.1160397865197702,-0.046740135635018554,0.0,8.049411964698072
2024-07-26 00:00:00+00:00,4027.362288297386,0.0,1.1285585237670006,-0.03604731812577078,0.0,8.049411964698072
2024-07-29 00:00:00+00:00,4130.067519652714,100.0,1.1293165911287792,-0.03539981863767272,0.0,8.248587017480954
2024-07-30 00:00:00+00:00,4108.456221666914,0.0,1.123407245275459,-0.04044725717406039,0.0,8.248587017480954
2024-07-31 00:00:00+00:00,4173.207629754139,0.0,1.1411127280802542,-0.025324206597479026,0.0,8.248587017480954
2024-08-01 00:00:00+00:00,4116.29237933352,0.0,1.1255499470161667,-0.038617079078805405,0.0,8.248587017480954
2024-08-02 00:00:00+00:00,4041.0652657340943,0.0,1.104980010305373,-0.056186788793253895,0.0,8.248587017480954
2024-08-05 00:00:00+00:00,3919.728550706949,0.0,1.0718019654571518,-0.08452565172083504,0.0,8.248587017480954
2024-08-06 00:00:00+00:00,3958.826853169809,0.0,1.082492919405525,-0.0753940262771412,0.0,8.248587017480954
2024-08-07 00:00:00+00:00,3931.359058401598,0.0,1.0749821859354656,-0.08180928212682459,0.0,8.248587017480954
2024-08-08 00:00:00+00:00,4023.083346035986,0.0,1.1000630736793282,-0.060386565896049516,0.0,8.248587017480954
2024-08-09 00:00:00+00:00,4040.322892902521,0.0,1.1047770175088851,-0.05636017408648841,0.0,8.248587017480954
2024-08-12 00:00:00+00:00,4042.385039656891,0.0,1.1053408863880188,-0.0558785482719476,0.0,8.248587017480954
2024-08-13 00:00:00+00:00,4109.528537979186,0.0,1.1237004570926088,-0.04019681175049894,0.0,8.248587017480954
2024-08-14 00:00:00+00:00,4122.643791336981,0.0,1.1272866631638987,-0.037133671570019344,0.0,8.248587017480954
2024-08-15 00:00:00+00:00,4193.416667946967,0.0,1.1466386430957638,-0.020604273614978963,0.0,8.248587017480954
2024-08-16 00:00:00+00:00,4202.242656055672,0.0,1.1490520018984556,-0.018542915128744286,0.0,8.248587017480954
2024-08-19 00:00:00+00:00,4242.660732441329,0.0,1.1601038319294743,-0.009103049163744381,0.0,8.248587017480954
2024-08-20 00:00:00+00:00,4235.64943347647,0.0,1.1581866777404202,-0.010740576933183088,0.0,8.248587017480954
2024-08-21 00:00:00+00:00,4250.4968901079355,0.0,1.1622465336701822,-0.007272871068489173,0.0,8.248587017480954
2024-08-22 00:00:00+00:00,4216.10028224504,0.0,1.1528412007662336,-0.01530638965502984,0.0,8.248587017480954
2024-08-23 00:00:00+00:00,4261.71496845171,0.0,1.165313980372669,-0.004652826637387086,0.0,8.248587017480954
2024-08-26 00:00:00+00:00,4251.239262939509,0.0,1.1624495264666703,-0.007099485775254433,0.0,8.248587017480954
2024-08-27 00:00:00+00:00,4357.234542688436,100.0,1.1640888625929453,-0.005699254930210285,0.0,8.442944006139427
2024-08-28 00:00:00+00:00,4332.327857870325,0.0,1.1574347350455707,-0.011382845067312686,0.0,8.442944006139427
2024-08-29 00:00:00+00:00,4333.003293390816,0.0,1.1576151859621098,-0.011228713809357194,0.0,8.442944006139427
2024-08-30 00:00:00+00:00,4373.782712940469,0.0,1.1685099100481504,-0.0019230391103047806,0.0,8.442944006139427
2024-09-03 00:00:00+00:00,4285.300659756128,0.0,1.1448708399815446,-0.02211423390245182,0.0,8.442944006139427
2024-09-04 00:00:00+00:00,4274.662550308392,0.0,1.1420287380460556,-0.024541801215248182,0.0,8.442944006139427
2024-09-05 00:00:00+00:00,4264.108870300718,0.0,1.1392091924751342,-0.026950102120800068,0.0,8.442944006139427
2024-09-06 00:00:00+00:00,4193.103711209085,0.0,1.1202392898739741,-0.04315315061335345,0.0,8.442944006139427
2024-09-09 00:00:00+00:00,4240.299768203405,0.0,1.1328482976671352,-0.03238322896372525,0.0,8.442944006139427
2024-09-10 00:00:00+00:00,4257.7766622961135,0.0,1.1375174651325815,-0.028395082664131044,0.0,8.442944006139427
2024-09-11 00:00:00+00:00,4301.342253367792,0.0,1.1491565492493454,-0.01845361652601285,0.0,8.442944006139427
2024-09-12 00:00:00+00:00,4338.322348114683,0.0,1.1590362369298546,-0.010014930152958734,0.0,8.442944006139427
2024-09-13 00:00:00+00:00,4361.371585251444,0.0,1.1651941244567472,-0.004755200975233409,0.0,8.442944006139427
2024-09-16 00:00:00+00:00,4367.957081576233,0.0,1.1669535208930022,-0.0032524212101689987,0.0,8.442944006139427
2024-09-17 00:00:00+00:00,4369.983388137706,0.0,1.167494873642619,-0.0027900274363031885,0.0,8.442944006139427
2024-09-18 00:00:00+00:00,4355.799242207392,0.0,1.1637054043953003,-0.00602678385336497,0.0,8.442944006139427
2024-09-19 00:00:00+00:00,4431.785738262646,0.0,1.184006132505935,0.0,0.0,8.442944006139427
2024-09-20 00:00:00+00:00,4423.089505936323,0.0,1.1816828269554958,-0.001962241146101107,0.0,8.442944006139427
2024-09-23 00:00:00+00:00,4433.980903704242,0.0,1.1845925979846867,0.0,0.0,8.442944006139427
2024-09-24 00:00:00+00:00,4446.729749153513,0.0,1.18799860903436,0.0,0.0,8.442944006139427
2024-09-25 00:00:00+00:00,4437.695799066944,0.0,1.1855850780256512,-0.002031594136857273,0.0,8.442944006139427
2024-09-26 00:00:00+00:00,4455.341552039777,0.0,1.1902993582202321,0.0,0.0,8.442944006139427
2024-09-27 00:00:00+00:00,4549.217671515324,100.0,1.1886632881293238,-0.0013745030438012673,0.0,8.658909116287875
2024-09-30 00:00:00+00:00,4569.046573391623,0.0,1.1938443740667712,0.0,0.0,8.658909116287875
2024-10-01 00:00:00+00:00,4526.358151448324,0.0,1.1826903331621357,-0.009342960562472524,0.0,8.658909116287875
2024-10-02 00:00:00+00:00,4527.13745326879,0.0,1.182893956626926,-0.009172399416301769,0.0,8.658909116287875
2024-10-03 00:00:00+00:00,4518.565133243665,0.0,1.1806540985142304,-0.011048572024181635,0.0,8.658909116287875
2024-10-04 00:00:00+00:00,4560.214486093009,0.0,1.1915366414658122,-0.0019330263232701927,0.0,8.658909116287875
2024-10-07 00:00:00+00:00,4519.171256881805,0.0,1.1808124723201785,-0.01091591335493769,0.0,8.658909116287875
2024-10-08 00:00:00+00:00,4561.946267916267,0.0,1.1919891380542356,-0.0015540015540014274,0.0,8.658909116287875
2024-10-09 00:00:00+00:00,4593.1183407349035,0.0,1.200134076645856,0.0,0.0,8.658909116287875
2024-10-10 00:00:00+00:00,4585.411911621407,0.0,1.198120466827372,-0.0016778207182580607,0.0,8.658909116287875
2024-10-11 00:00:00+00:00,4612.687475337714,0.0,1.20524728809504,0.0,0.0,8.658909116287875
2024-10-14 00:00:00+00:00,4650.44031908473,0.0,1.2151117137226692,0.0,0.0,8.658909116287875
2024-10-15 00:00:00+00:00,4615.025380799112,0.0,1.2058581584894115,-0.0076153946412944595,0.0,8.658909116287875
2024-10-16 00:00:00+00:00,4634.421337219596,0.0,1.210926120279753,-0.0034446161580428125,0.0,8.658909116287875
2024-10-17 00:00:00+00:00,4635.114049948899,0.0,1.2111071189151221,-0.003295659783641214,0.0,8.658909116287875
2024-10-18 00:00:00+00:00,4652.951402728452,0.0,1.2157678337758828,0.0,0.0,8.658909116287875
2024-10-21 00:00:00+00:00,4645.764508161933,0.0,1.2138899729339259,-0.0015445883578978359,0.0,8.658909116287875
2024-10-22 00:00:00+00:00,4642.560711788907,0.0,1.2130528542453427,-0.0022331397945510867,0.0,8.658909116287875
2024-10-23 00:00:00+00:00,4600.218646210259,0.0,1.2019893126583916,-0.01133318445734699,0.0,8.658909116287875
2024-10-24 00:00:00+00:00,4610.609337149805,0.0,1.2047042921889317,-0.009100044662795903,0.0,8.658909116287875
2024-10-25 00:00:00+00:00,4608.790966235384,0.0,1.204229170771087,-0.009490844126842424,0.0,8.658909116287875
2024-10-28 00:00:00+00:00,4722.814293846806,100.0,1.2078933205024749,-0.006476987673667556,0.0,8.84554669959321
2024-10-29 00:00:00+00:00,4730.333008541461,0.0,1.2098162852208356,-0.004895300228961563,0.0,8.84554669959321
2024-10-30 00:00:00+00:00,4716.091678355116,0.0,1.2061739638131173,-0.007891202330110425,0.0,8.84554669959321
2024-10-31 00:00:00+00:00,4623.301893476383,0.0,1.1824423168771139,-0.02741108620653987,0.0,8.84554669959321
2024-11-01 00:00:00+00:00,4643.381284484461,0.0,1.1875777638308536,-0.023187050324795733,0.0,8.84554669959321
2024-11-04 00:00:00+00:00,4633.297361246923,0.0,1.1849987287968167,-0.02530837230946037,0.0,8.84554669959321
2024-11-05 00:00:00+00:00,4689.024305454361,0.0,1.1992512908270192,-0.01358527713105162,0.0,8.84554669959321
2024-11-06 00:00:00+00:00,4805.785521888991,0.0,1.229113801747443,0.0,0.0,8.84554669959321
2024-11-07 00:00:00+00:00,4843.202184428271,0.0,1.238683379110579,0.0,0.0,8.84554669959321
2024-11-08 00:00:00+00:00,4864.6084074412865,0.0,1.2441581727793234,0.0,0.0,8.84554669959321
2024-11-11 00:00:00+00:00,4868.588903456103,0.0,1.2451762129243378,0.0,0.0,8.84554669959321
2024-11-12 00:00:00+00:00,4853.993751401775,0.0,1.2414433990592848,-0.002997819767441845,0.0,8.84554669959321
2024-11-13 00:00:00+00:00,4856.47050447766,0.0,1.2420768462606269,-0.0024890988372094913,0.0,8.84554669959321
2024-11-14 00:00:00+00:00,4825.59954649608,0.0,1.2341813793581815,-0.008829941860465262,0.0,8.84554669959321
2024-11-15 00:00:00+00:00,4763.3268977309435,0.0,1.2182547068672889,-0.021620639534883912,0.0,8.84554669959321
2024-11-18 00:00:00+00:00,4783.052466871037,0.0,1.223299661363694,-0.0175690406976744,0.0,8.84554669959321
2024-11-19 00:00:00+00:00,4800.478193869236,0.0,1.227756414887424,-0.013989825581395277,0.0,8.84554669959321
2024-11-20 00:00:00+00:00,4802.247303209154,0.0,1.2282088771740969,-0.013626453488372214,0.0,8.84554669959321
2024-11-21 00:00:00+00:00,4826.484101166039,0.0,1.234407610501518,-0.008648255813953676,0.0,8.84554669959321
2024-11-22 00:00:00+00:00,4842.6714516262955,0.0,1.238547640424577,-0.005323401162790731,0.0,8.84554669959321
2024-11-25 00:00:00+00:00,4858.239613817579,0.0,1.2425293085473,-0.002125726744186318,0.0,8.84554669959321
2024-11-26 00:00:00+00:00,4885.483897652326,0.0,1.2494972277620655,0.0,0.0,8.84554669959321
2024-11-27 00:00:00+00:00,4969.59598735741,100.0,1.2454337817894017,-0.0032520648164555688,0.0,9.026602465457108
2024-11-29 00:00:00+00:00,4995.773134507237,0.0,1.2519940541846235,0.0,0.0,9.026602465457108
2024-12-02 00:00:00+00:00,5009.85463435335,0.0,1.2555230283006735,0.0,0.0,9.026602465457108
2024-12-03 00:00:00+00:00,5011.028092673859,0.0,1.255817109477011,0.0,0.0,9.026602465457108
2024-12-04 00:00:00+00:00,5042.621201302959,0.0,1.263734679609175,0.0,0.0,9.026602465457108
2024-12-05 00:00:00+00:00,5034.226461010084,0.0,1.2616308681169144,-0.00166475726765003,0.0,9.026602465457108
2024-12-06 00:00:00+00:00,5044.2459897467415,0.0,1.2641418689302582,0.0,0.0,9.026602465457108
2024-12-09 00:00:00+00:00,5017.978576572261,0.0,1.2575589749060874,-0.005207401309903048,0.0,9.026602465457108
2024-12-10 00:00:00+00:00,5003.7165446768395,0.0,1.2539847575321392,-0.00803478758813203,0.0,9.026602465457108
2024-12-11 00:00:00+00:00,5041.628275031759,0.0,1.263485841690736,-0.0005189506460040461,0.0,9.026602465457108
2024-12-12 00:00:00+00:00,5015.631659931242,0.0,1.2569708125534125,-0.005672667406320442,0.0,9.026602465457108
2024-12-13 00:00:00+00:00,5015.270595832624,0.0,1.2568803260376165,-0.0057442468057691265,0.0,9.026602465457108
2024-12-16 00:00:00+00:00,5034.94858920732,0.0,1.261811841148507,-0.0018431695358075428,0.0,9.026602465457108
2024-12-17 00:00:00+00:00,5013.826339438151,0.0,1.256518379974432,-0.00603056440356442,0.0,9.026602465457108
2024-12-18 00:00:00+00:00,4866.602453226545,0.0,1.2196225031585473,-0.03521706452882856,0.0,9.026602465457108
2024-12-19 00:00:00+00:00,4864.797132733454,0.0,1.2191700705795667,-0.035574961526072535,0.0,9.026602465457108
2024-12-20 00:00:00+00:00,4919.859407772742,0.0,1.2329692642384809,-0.02465910311012498,0.0,9.026602465457108
2024-12-23 00:00:00+00:00,4954.963864760905,0.0,1.2417668157367627,-0.01769979599871152,0.0,9.055289505950228
2024-12-24 00:00:00+00:00,5005.9451446794055,0.0,1.2545432684727376,-0.007592977254715194,0.0,9.055289505950228
2024-12-26 00:00:00+00:00,5005.854591784345,0.0,1.2545205749510038,-0.007610928975397391,0.0,9.055289505950228
2024-12-27 00:00:00+00:00,5053.5011751102475,100.0,1.241400250102889,-0.017989767910000176,0.0,9.23722522320364
2024-12-30 00:00:00+00:00,4997.246473500937,0.0,1.2275811970884731,-0.028921336078143955,0.0,9.23722522320364
2024-12-31 00:00:00+00:00,4977.109322514352,0.0,1.2226344753197658,-0.03283444258168333,0.0,9.23722522320364
2025-01-02 00:00:00+00:00,4964.639068463028,0.0,1.219571138444649,-0.03525769660910427,0.0,9.23722522320364
2025-01-03 00:00:00+00:00,5028.745411512061,0.0,1.2353189591211753,-0.02280037590517703,0.0,9.23722522320364
2025-01-06 00:00:00+00:00,5058.027415469617,0.0,1.2425121279316351,-0.017110216448195437,0.0,9.23722522320364
2025-01-07 00:00:00+00:00,5001.126108094682,0.0,1.2285342352273985,-0.02816743482516848,0.0,9.23722522320364
2025-01-08 00:00:00+00:00,5007.8692825076205,0.0,1.2301907062783872,-0.026857082647378072,0.0,9.23722522320364
2025-01-10 00:00:00+00:00,4931.662174416191,0.0,1.2114703142637848,-0.04166585725939531,0.0,9.23722522320364
2025-01-13 00:00:00+00:00,4938.035859820202,0.0,1.2130360197777335,-0.040427305200935626,0.0,9.23722522320364
2025-01-14 00:00:00+00:00,4944.31717297198,0.0,1.2145790339074218,-0.03920670317230879,0.0,9.23722522320364
2025-01-15 00:00:00+00:00,5034.749607907143,0.0,1.2367938990980838,-0.021633623966048066,0.0,9.23722522320364
2025-01-16 00:00:00+00:00,5027.267455476349,0.0,1.2349558969730137,-0.023087576382500696,0.0,9.23722522320364
2025-01-17 00:00:00+00:00,5075.485771141472,0.0,1.2468007995567987,-0.013717660809805965,0.0,9.23722522320364
2025-01-21 00:00:00+00:00,5121.67189725749,0.0,1.258146491686861,-0.004742645893431652,0.0,9.23722522320364
2025-01-22 00:00:00+00:00,5150.769156710581,0.0,1.2652942777288,0.0,0.0,9.23722522320364
2025-01-23 00:00:00+00:00,5179.312182650281,0.0,1.2723059154651786,0.0,0.0,9.23722522320364
2025-01-24 00:00:00+00:00,5163.701272023066,0.0,1.2684710715252174,-0.003014089530943509,0.0,9.23722522320364
2025-01-27 00:00:00+00:00,5192.57149851154,100.0,1.2509979344728561,-0.016747529610071643,0.0,9.419972604015637
2025-01-28 00:00:00+00:00,5236.091771942092,0.0,1.2614828689961304,-0.008506638488033014,0.0,9.419972604015637
2025-01-29 00:00:00+00:00,5213.107038788294,0.0,1.2559453711093793,-0.012858970595776564,0.0,9.419972604015637
2025-01-30 00:00:00+00:00,5240.330759613898,0.0,1.2625041288522934,-0.007703954287834547,0.0,9.419972604015637
2025-01-31 00:00:00+00:00,5212.353440979973,0.0,1.2557638138016172,-0.013001670009144983,0.0,9.419972604015637
2025-02-03 00:00:00+00:00,5178.158940427396,0.0,1.2475256509619015,-0.019476655890746986,0.0,9.419972604015637
2025-02-04 00:00:00+00:00,5212.541840432053,0.0,1.2558092031285575,-0.0129659951558031,0.0,9.419972604015637
2025-02-05 00:00:00+00:00,5233.925178243168,0.0,1.2609608917363138,-0.008916899301467773,0.0,9.419972604015637
2025-02-06 00:00:00+00:00,5252.7651234511995,0.0,1.2654998244303721,-0.005349413967251748,0.0,9.419972604015637
2025-02-07 00:00:00+00:00,5201.708871937435,0.0,1.2531993168294744,-0.015017299222976899,0.0,9.419972604015637
2025-02-10 00:00:00+00:00,5238.917763723296,0.0,1.262163708900239,-0.007971515687900665,0.0,9.419972604015637
2025-02-11 00:00:00+00:00,5243.6277500253045,0.0,1.2632984420737539,-0.007079644354346493,0.0,9.419972604015637
2025-02-12 00:00:00+00:00,5226.295000433915,0.0,1.2591226239952202,-0.010361730861825236,0.0,9.419972604015637
2025-02-13 00:00:00+00:00,5281.496039893447,0.0,1.272421696788811,0.0,0.0,9.419972604015637
2025-02-14 00:00:00+00:00,5281.6844393455285,0.0,1.2724670861157519,0.0,0.0,9.419972604015637
2025-02-18 00:00:00+00:00,5296.944794964033,0.0,1.2761436215979387,0.0,0.0,9.419972604015637
2025-02-19 00:00:00+00:00,5309.7559577054935,0.0,1.2792300958298983,0.0,0.0,9.419972604015637
2025-02-20 00:00:00+00:00,5287.430622633977,0.0,1.2738514605874394,-0.004204587790728631,0.0,9.419972604015637
2025-02-21 00:00:00+00:00,5197.469884265628,0.0,1.2521780569733116,-0.02114712509092176,0.0,9.419972604015637
2025-02-24 00:00:00+00:00,5172.883755769147,0.0,1.2462547498075656,-0.025777493923749506,0.0,9.419972604015637
2025-02-25 00:00:00+00:00,5147.167230560184,0.0,1.2400591066801763,-0.0306207532776267,0.0,9.419972604015637
2025-02-26 00:00:00+00:00,5150.37002124555,0.0,1.240830725238166,-0.03001756346798634,0.0,9.419972604015637
2025-02-27 00:00:00+00:00,5165.634920847083,100.0,1.2204162859557761,-0.0459759429252381,0.0,9.602087329864272
2025-02-28 00:00:00+00:00,5245.908370924748,0.0,1.2393814329910946,-0.03115050448602208,0.0,9.602087329864272
2025-03-03 00:00:00+00:00,5155.552729150724,0.0,1.218034299785072,-0.04783798961915897,0.0,9.602087329864272
2025-03-04 00:00:00+00:00,5093.4272241265035,0.0,1.2033567278570207,-0.05931174400931749,0.0,9.602087329864272
2025-03-05 00:00:00+00:00,5150.559643739195,0.0,1.216854649491009,-0.04876014607710055,0.0,9.602087329864272
2025-03-06 00:00:00+00:00,5057.131334019616,0.0,1.1947815776424866,-0.06601511210743205,0.0,9.602087329864272
2025-03-07 00:00:00+00:00,5084.40126203643,0.0,1.201224283094676,-0.060978719144827664,0.0,9.602087329864272
2025-03-10 00:00:00+00:00,4949.9720394183305,0.0,1.169464467485291,-0.08580600839710317,0.0,9.602087329864272
2025-03-11 00:00:00+00:00,4936.172255580907,0.0,1.1662041749567011,-0.08835464490840628,4936.172255580907,0.0
2025-03-12 00:00:00+00:00,4936.172255580907,0.0,1.1662041749567011,-0.08835464490840628,4936.172255580907,0.0
2025-03-13 00:00:00+00:00,4936.172255580907,0.0,1.1662041749567011,-0.08835464490840628,4936.172255580907,0.0
2025-03-14 00:00:00+00:00,4936.172255580907,0.0,1.1662041749567011,-0.08835464490840628,4936.172255580907,0.0
2025-03-17 00:00:00+00:00,4936.172255580907,0.0,1.1662041749567011,-0.08835464490840628,4936.172255580907,0.0
2025-03-18 00:00:00+00:00,4936.172255580907,0.0,1.1662041749567011,-0.08835464490840628,4936.172255580907,0.0
2025-03-19 00:00:00+00:00,4936.172255580907,0.0,1.1662041749567011,-0.08835464490840628,4936.172255580907,0.0
2025-03-20 00:00:00+00:00,4936.172255580907,0.0,1.1662041749567011,-0.08835464490840628,4936.172255580907,0.0
2025-03-21 00:00:00+00:00,4936.172255580907,0.0,1.1662041749567011,-0.08835464490840628,4936.172255580907,0.0
2025-03-24 00:00:00+00:00,4936.172255580907,0.0,1.1662041749567011,-0.08835464490840628,4936.172255580907,0.0
2025-03-25 00:00:00+00:00,4934.263314495165,0.0,1.1657531746778065,-0.08870720093438222,0.0,9.298526928286377
2025-03-26 00:00:00+00:00,4876.7054328090735,0.0,1.152154734743282,-0.09933737605209836,0.0,9.298526928286377
2025-03-27 00:00:00+00:00,4961.648579056262,100.0,1.148597450921108,-0.10211817665534406,4961.648579056262,0.0
2025-03-28 00:00:00+00:00,4961.648579056262,0.0,1.148597450921108,-0.10211817665534406,4961.648579056262,0.0
2025-03-31 00:00:00+00:00,4961.648579056262,0.0,1.148597450921108,-0.10211817665534406,4961.648579056262,0.0
2025-04-01 00:00:00+00:00,4961.648579056262,0.0,1.148597450921108,-0.10211817665534406,4961.648579056262,0.0
2025-04-02 00:00:00+00:00,4961.648579056262,0.0,1.148597450921108,-0.10211817665534406,4961.648579056262,0.0
2025-04-03 00:00:00+00:00,4961.648579056262,0.0,1.148597450921108,-0.10211817665534406,4961.648579056262,0.0
2025-04-04 00:00:00+00:00,4961.648579056262,0.0,1.148597450921108,-0.10211817665534406,4961.648579056262,0.0
2025-04-07 00:00:00+00:00,4961.648579056262,0.0,1.148597450921108,-0.10211817665534406,4961.648579056262,0.0
2025-04-08 00:00:00+00:00,4961.648579056262,0.0,1.148597450921108,-0.10211817665534406,4961.648579056262,0.0
2025-04-09 00:00:00+00:00,4961.648579056262,0.0,1.148597450921108,-0.10211817665534406,4961.648579056262,0.0
2025-04-10 00:00:00+00:00,4961.648579056262,0.0,1.148597450921108,-0.10211817665534406,4961.648579056262,0.0
2025-04-11 00:00:00+00:00,4961.648579056262,0.0,1.148597450921108,-0.10211817665534406,4961.648579056262,0.0
2025-04-14 00:00:00+00:00,4961.648579056262,0.0,1.148597450921108,-0.10211817665534406,4961.648579056262,0.0
2025-04-15 00:00:00+00:00,4961.648579056262,0.0,1.148597450921108,-0.10211817665534406,4961.648579056262,0.0
2025-04-16 00:00:00+00:00,4961.648579056262,0.0,1.148597450921108,-0.10211817665534406,4961.648579056262,0.0
2025-04-17 00:00:00+00:00,4961.648579056262,0.0,1.148597450921108,-0.10211817665534406,4961.648579056262,0.0
2025-04-21 00:00:00+00:00,4961.648579056262,0.0,1.148597450921108,-0.10211817665534406,4961.648579056262,0.0
2025-04-22 00:00:00+00:00,4961.648579056262,0.0,1.148597450921108,-0.10211817665534406,4961.648579056262,0.0
2025-04-23 00:00:00+00:00,4961.648579056262,0.0,1.148597450921108,-0.10211817665534406,4961.648579056262,0.0
2025-04-24 00:00:00+00:00,4961.648579056262,0.0,1.148597450921108,-0.10211817665534406,4961.648579056262,0.0
2025-04-25 00:00:00+00:00,4961.648579056262,0.0,1.148597450921108,-0.10211817665534406,4961.648579056262,0.0
2025-04-28 00:00:00+00:00,5061.648579056262,100.0,1.148597450921108,-0.10211817665534406,5061.648579056262,0.0
2025-04-29 00:00:00+00:00,5061.648579056262,0.0,1.148597450921108,-0.10211817665534406,5061.648579056262,0.0
2025-04-30 00:00:00+00:00,5061.648579056262,0.0,1.148597450921108,-0.10211817665534406,5061.648579056262,0.0
2025-05-01 00:00:00+00:00,5061.648579056262,0.0,1.148597450921108,-0.10211817665534406,5061.648579056262,0.0
2025-05-02 00:00:00+00:00,5061.648579056262,0.0,1.148597450921108,-0.10211817665534406,5061.648579056262,0.0
2025-05-05 00:00:00+00:00,5061.648579056262,0.0,1.148597450921108,-0.10211817665534406,5061.648579056262,0.0
2025-05-06 00:00:00+00:00,5061.648579056262,0.0,1.148597450921108,-0.10211817665534406,5061.648579056262,0.0
2025-05-07 00:00:00+00:00,5061.648579056262,0.0,1.148597450921108,-0.10211817665534406,5061.648579056262,0.0
2025-05-08 00:00:00+00:00,5061.648579056262,0.0,1.148597450921108,-0.10211817665534406,5061.648579056262,0.0
2025-05-09 00:00:00+00:00,5061.648579056262,0.0,1.148597450921108,-0.10211817665534406,5061.648579056262,0.0
2025-05-12 00:00:00+00:00,5061.648579056262,0.0,1.148597450921108,-0.10211817665534406,5061.648579056262,0.0
2025-05-13 00:00:00+00:00,5088.455174806851,0.0,1.1546804468197962,-0.09736297591505672,0.0,9.432847350598491
2025-05-14 00:00:00+00:00,5094.775182531751,0.0,1.1561145931555687,-0.0962418747617555,0.0,9.432847350598491
2025-05-15 00:00:00+00:00,5119.772228010837,0.0,1.161786962991088,-0.09180766870765289,0.0,9.432847350598491
2025-05-16 00:00:00+00:00,5152.787193737931,0.0,1.169278772207811,-0.0859511701456308,0.0,9.432847350598491
2025-05-19 00:00:00+00:00,5158.069588254268,0.0,1.170477461682487,-0.08501413037570726,0.0,9.432847350598491
2025-05-20 00:00:00+00:00,5139.769864394106,0.0,1.1663248588595028,-0.08826030386437123,0.0,9.432847350598491
2025-05-21 00:00:00+00:00,5053.836625030153,0.0,1.1468247497268313,-0.10350393297866345,0.0,9.432847350598491
2025-05-22 00:00:00+00:00,5056.194836867803,0.0,1.1473598789565973,-0.10308561165280472,0.0,9.432847350598491
2025-05-23 00:00:00+00:00,5022.047929458637,0.0,1.1396112077095863,-0.10914290445123909,0.0,9.432847350598491
2025-05-27 00:00:00+00:00,5226.050464239391,100.0,1.163211630471607,-0.09069397736692919,0.0,9.61837977001397
2025-05-28 00:00:00+00:00,5196.233486952347,0.0,1.1565749829682719,-0.09588197874757953,0.0,9.61837977001397
2025-05-29 00:00:00+00:00,5216.239716873976,0.0,1.161027959357606,-0.09240099717604666,0.0,9.61837977001397
2025-05-30 00:00:00+00:00,5210.853424202768,0.0,1.159829081098939,-0.09333818452222875,0.0,9.61837977001397
2025-06-02 00:00:00+00:00,5241.151320478312,0.0,1.1665727713039404,-0.08806650569995511,0.0,9.61837977001397
2025-06-03 00:00:00+00:00,5270.872113967655,0.0,1.1731880102669419,-0.0828952398076297,0.0,9.61837977001397
2025-06-04 00:00:00+00:00,5267.50568104815,0.0,1.172438711355275,-0.08348098189899344,0.0,9.61837977001397
2025-06-05 00:00:00+00:00,5242.8826288369155,0.0,1.1669581250299408,-0.08776526691011077,0.0,9.61837977001397
2025-06-06 00:00:00+00:00,5296.457004155893,0.0,1.1788826819956102,-0.078443599913265,0.0,9.61837977001397
2025-06-09 00:00:00+00:00,5302.1318482202005,0.0,1.1801457858752769,-0.07745620610210913,0.0,9.61837977001397
2025-06-10 00:00:00+00:00,5332.3335606980445,0.0,1.1868680675399452,-0.07220126276816008,0.0,9.61837977001397
2025-06-11 00:00:00+00:00,5317.617439649924,0.0,1.1835925608689446,-0.07476179248183579,0.0,9.61837977001397
2025-06-12 00:00:00+00:00,5337.719853369253,0.0,1.1880669457986124,-0.07126407542197799,0.0,9.61837977001397
2025-06-13 00:00:00+00:00,5278.278266390566,0.0,1.1748364678726093,-0.08160660720662904,0.0,9.61837977001397
2025-06-16 00:00:00+00:00,5329.255679171641,0.0,1.1861829942492788,-0.0727367983945495,0.0,9.61837977001397
2025-06-17 00:00:00+00:00,5283.856926657175,0.0,1.1760781632119433,-0.08063594888379755,0.0,9.61837977001397
2025-06-18 00:00:00+00:00,5282.798904882473,0.0,1.1758426692682764,-0.08082003925536907,0.0,9.61837977001397
2025-06-20 00:00:00+00:00,5268.178967632052,0.0,1.1725885711376092,-0.08336383348072007,0.0,9.61837977001397
2025-06-23 00:00:00+00:00,5322.426629534931,0.0,1.1846629878856119,-0.07392501806560159,0.0,9.61837977001397
2025-06-24 00:00:00+00:00,5380.906378536616,0.0,1.1976793804082817,-0.06374984116419713,0.0,9.61837977001397
2025-06-25 00:00:00+00:00,5383.599524872219,0.0,1.198278819537615,-0.0632812474911062,0.0,9.61837977001397
2025-06-26 00:00:00+00:00,5426.208947253381,0.0,1.207762802905284,-0.05586742616327367,0.0,9.61837977001397
2025-06-27 00:00:00+00:00,5553.415873203724,100.0,1.2138185065214995,-0.05113356035136374,0.0,9.795248034577517
2025-06-30 00:00:00+00:00,5581.087448901405,0.0,1.2198667246728765,-0.046405546078487125,0.0,9.82533924071159
2025-07-01 00:00:00+00:00,5578.53286069882,0.0,1.2193083644658187,-0.04684202752844513,0.0,9.82533924071159
2025-07-02 00:00:00+00:00,5603.292715585413,0.0,1.224720163395762,-0.04261151501346838,0.0,9.82533924071159
2025-07-03 00:00:00+00:00,5651.731638042122,0.0,1.2353075319372782,-0.034335155212343205,0.0,9.82533924071159
2025-07-07 00:00:00+00:00,5606.436824142441,0.0,1.2254073759582946,-0.04207430707505855,0.0,9.82533924071159
2025-07-08 00:00:00+00:00,5602.703195230971,0.0,1.2245913110402873,-0.0427122415019201,0.0,9.82533924071159
2025-07-09 00:00:00+00:00,5635.912841864576,0.0,1.2318499937320366,-0.03703798265246716,0.0,9.82533924071159
2025-07-10 00:00:00+00:00,5652.419411788971,0.0,1.235457859685332,-0.03421764097581603,0.0,9.82533924071159
2025-07-11 00:00:00+00:00,5632.080959560698,0.0,1.2310124534214502,-0.037692704827404055,0.0,9.82533924071159
2025-07-14 00:00:00+00:00,5643.183592902702,0.0,1.233439172782893,-0.03579568929489463,0.0,9.82533924071159
2025-07-15 00:00:00+00:00,5618.718498193331,0.0,1.2280918000306873,-0.03997583856564535,0.0,9.82533924071159
2025-07-16 00:00:00+00:00,5637.190135965868,0.0,1.2321291738355655,-0.03681974192748816,0.0,9.82533924071159
2025-07-17 00:00:00+00:00,5670.989302953915,0.0,1.2395167088827896,-0.03104475658958339,0.0,9.82533924071159
2025-07-18 00:00:00+00:00,5668.434714751331,0.0,1.238958348675732,-0.03148123803954128,0.0,9.82533924071159
2025-07-21 00:00:00+00:00,5678.554814169264,0.0,1.2411703141113835,-0.02975209998778494,0.0,9.82533924071159
2025-07-22 00:00:00+00:00,5678.554814169264,0.0,1.2411703141113835,-0.02975209998778494,0.0,9.82533924071159
2025-07-23 00:00:00+00:00,5726.797229841158,0.0,1.251714731867741,-0.02150931568281056,0.0,9.82533924071159
2025-07-24 00:00:00+00:00,5730.727365537442,0.0,1.2525737475709067,-0.020837805759798322,0.0,9.82533924071159
2025-07-25 00:00:00+00:00,5753.522152575893,0.0,1.2575560386492675,-0.016943048206327416,0.0,9.82533924071159
2025-07-28 00:00:00+00:00,5851.9942991452035,100.0,1.2572220934141605,-0.017204099940644535,0.0,9.995890781540727
2025-07-29 00:00:00+00:00,5836.800545157261,0.0,1.2539579201735387,-0.01975577008291407,0.0,9.995890781540727
2025-07-30 00:00:00+00:00,5829.703462702368,0.0,1.2524332076729854,-0.020947668636210892,0.0,9.995890781540727
2025-07-31 00:00:00+00:00,5807.812461890792,0.0,1.2477302212276158,-0.02462408811750716,0.0,9.995890781540727
2025-08-01 00:00:00+00:00,5712.151787111448,0.0,1.2271788147060705,-0.04068953763166405,0.0,9.995890781540727
2025-08-04 00:00:00+00:00,5799.016078003037,0.0,1.2458404367198874,-0.026101370831452697,0.0,9.995890781540727
2025-08-05 00:00:00+00:00,5771.127542722538,0.0,1.2398489608374306,-0.030785028526802538,0.0,9.995890781540727
2025-08-06 00:00:00+00:00,5814.009914175348,0.0,1.2490616603126061,-0.023583275296318318,0.0,9.995890781540727
2025-08-07 00:00:00+00:00,5810.511352401809,0.0,1.2483100414743051,-0.024170830921182995,0.0,9.995890781540727
2025-08-08 00:00:00+00:00,5854.993066379665,0.0,1.257866338132704,-0.01670048083361786,0.0,9.995890781540727
2025-08-11 00:00:00+00:00,5842.997997441816,0.0,1.2552893592585288,-0.01871495726172545,0.0,9.995890781540727
2025-08-12 00:00:00+00:00,5905.37235591863,0.0,1.2686896494042386,-0.008239679835566727,0.0,9.995890781540727
2025-08-13 00:00:00+00:00,5925.963890928605,0.0,1.2731134631382393,-0.004781495300648753,0.0,9.995890781540727
2025-08-14 00:00:00+00:00,5926.06384983642,0.0,1.2731349379621906,-0.0047647079970812856,0.0,9.995890781540727
2025-08-15 00:00:00+00:00,5913.269109636048,0.0,1.270386160496404,-0.006913482853729169,0.0,9.995890781540727
2025-08-18 00:00:00+00:00,5911.1699725719245,0.0,1.2699351891934234,-0.007266016228647976,0.0,9.995890781540727
2025-08-19 00:00:00+00:00,5878.883245347547,0.0,1.2629988210571022,-0.012688315280970697,0.0,9.995890781540727
2025-08-20 00:00:00+00:00,5863.389614636159,0.0,1.2596702233446264,-0.015290347333942633,0.0,9.995890781540727
2025-08-21 00:00:00+00:00,5840.2991069308,0.0,1.2547095390118395,-0.019168214458049615,0.0,9.995890781540727
2025-08-22 00:00:00+00:00,5929.662370517774,0.0,1.273908031624443,-0.00416036506864903,0.0,9.995890781540727
2025-08-25 00:00:00+00:00,5904.572684656107,0.0,1.2685178508126271,-0.00837397826410713,0.0,9.995890781540727
2025-08-26 00:00:00+00:00,5928.162986900543,0.0,1.273585909265171,-0.004412174622162701,0.0,9.995890781540727
2025-08-27 00:00:00+00:00,6042.0279273803035,100.0,1.276564604835256,-0.0020836681401817936,0.0,10.16457711278272
2025-08-28 00:00:00+00:00,6063.373539317147,0.0,1.2810745231929055,0.0,0.0,10.16457711278272
2025-08-29 00:00:00+00:00,6028.407394049175,0.0,1.2736868474070417,-0.00576678066116787,0.0,10.16457711278272
2025-09-02 00:00:00+00:00,5983.988192066316,0.0,1.2643019220627902,-0.013092603768523836,0.0,10.16457711278272
2025-09-03 00:00:00+00:00,6014.583569175791,0.0,1.2707661383754212,-0.008046670690001756,0.0,10.16457711278272
2025-09-04 00:00:00+00:00,6064.085059715043,0.0,1.2812248538048274,0.0,0.0,10.16457711278272
2025-09-05 00:00:00+00:00,6047.516799021208,0.0,1.2777242981272234,-0.0027321946395345575,0.0,10.16457711278272
2025-09-08 00:00:00+00:00,6063.170247774892,0.0,1.2810315715894998,-0.00015085737273490274,0.0,10.16457711278272
2025-09-09 00:00:00+00:00,6077.908884588428,0.0,1.2841455628364487,0.0,0.0,10.16457711278272
2025-09-10 00:00:00+00:00,6095.493602993541,0.0,1.2878608765310835,0.0,0.0,10.16457711278272
2025-09-11 00:00:00+00:00,6145.198385075049,0.0,1.2983625435638964,0.0,0.0,10.16457711278272
2025-09-12 00:00:00+00:00,6143.876990050388,0.0,1.2980833581417561,-0.00021502886348978567,0.0,10.16457711278272
2025-09-15 00:00:00+00:00,6175.895407955653,0.0,1.3048482356782305,0.0,0.0,10.16457711278272
2025-09-16 00:00:00+00:00,6167.763746265426,0.0,1.3031301715419827,-0.0013166773646704488,0.0,10.16457711278272
2025-09-17 00:00:00+00:00,6160.648542286479,0.0,1.3016268654227665,-0.0024687700587567862,0.0,10.16457711278272
2025-09-18 00:00:00+00:00,6189.61758705791,0.0,1.307747468908148,0.0,0.0,10.16457711278272
2025-09-19 00:00:00+00:00,6218.484986058212,0.0,1.313846596591826,0.0,0.0,10.16457711278272
2025-09-22 00:00:00+00:00,6248.775425854305,0.0,1.3202463854993478,0.0,0.0,10.16457711278272
2025-09-23 00:00:00+00:00,6216.045487551144,0.0,1.3133311773509517,-0.005237816383629523,0.0,10.16457711278272
2025-09-24 00:00:00+00:00,6195.309750241067,0.0,1.3089501138035207,-0.00855618452729534,0.0,10.16457711278272
2025-09-25 00:00:00+00:00,6165.73083084287,0.0,1.3027006555079208,-0.013289739085171393,0.0,10.16457711278272
2025-09-26 00:00:00+00:00,6202.018371135504,0.0,1.310367516715925,-0.00748259483375624,0.0,10.16457711278272
2025-09-29 00:00:00+00:00,6319.241820208332,100.0,1.3140065011303992,-0.004726302936696625,0.0,10.357205546700428
2025-09-30 00:00:00+00:00,6342.545532688408,0.0,1.3188522137286052,-0.0010559936282009685,0.0,10.357205546700428
2025-10-01 00:00:00+00:00,6365.227812835682,0.0,1.3235687073241924,0.0,0.0,10.357205546700428
2025-10-02 00:00:00+00:00,6372.270712607438,0.0,1.3250331893538723,0.0,0.0,10.357205546700428
2025-10-03 00:00:00+00:00,6372.788572884772,0.0,1.3251408718560544,0.0,0.0,10.357205546700428
2025-10-06 00:00:00+00:00,6394.538704532843,0.0,1.3296635369477134,0.0,0.0,10.357205546700428
2025-10-07 00:00:00+00:00,6371.752852330103,0.0,1.32492550685169,-0.003563330093942163,0.0,10.357205546700428
2025-10-08 00:00:00+00:00,6408.728076131823,0.0,1.33261403750751,0.0,0.0,10.357205546700428
2025-10-09 00:00:00+00:00,6391.431542868834,0.0,1.3290174419346195,-0.0026989026617320055,0.0,10.357205546700428
2025-10-10 00:00:00+00:00,6219.605502849074,0.0,1.2932883877105141,-0.029510157247442437,0.0,10.357205546700428
2025-10-13 00:00:00+00:00,6313.856073324047,0.0,1.3128866031077027,-0.014803561905069706,0.0,10.357205546700428
2025-10-14 00:00:00+00:00,6304.948876553885,0.0,1.311034464070166,-0.01619341597039292,0.0,10.357205546700428
2025-10-15 00:00:00+00:00,6332.706187419042,0.0,1.3168062461871402,-0.011862242836595316,0.0,10.357205546700428
2025-10-16 00:00:00+00:00,6290.863077010373,0.0,1.308105500010806,-0.018391324724857494,0.0,10.357205546700428
2025-10-17 00:00:00+00:00,6325.766859702753,0.0,1.3153633006578969,-0.012945036120044495,0.0,10.357205546700428
2025-10-20 00:00:00+00:00,6392.156547257103,0.0,1.3291681974376746,-0.0025857750052523665,0.0,10.357205546700428
2025-10-21 00:00:00+00:00,6391.327970813367,0.0,1.328995905434183,-0.0027150637555148904,0.0,10.357205546700428
2025-10-22 00:00:00+00:00,6359.013489507662,0.0,1.322276517298004,-0.007757325015756988,0.0,10.357205546700428
2025-10-23 00:00:00+00:00,6394.952992754713,0.0,1.3297496829494595,-0.002149425473115918,0.0,10.357205546700428
2025-10-24 00:00:00+00:00,6447.878313098351,0.0,1.340754834672496,0.0,0.0,10.357205546700428
2025-10-27 00:00:00+00:00,6625.349361152924,100.0,1.356863960369752,0.0,0.0,10.516427557385594
2025-10-28 00:00:00+00:00,6643.1221237249065,0.0,1.3605038017872522,0.0,0.0,10.516427557385594
2025-10-29 00:00:00+00:00,6645.856394889826,0.0,1.3610637773899446,0.0,0.0,10.516427557385594
2025-10-30 00:00:00+00:00,6575.291165979769,0.0,1.3466120993358477,-0.010617928633594453,0.0,10.516427557385594
2025-10-31 00:00:00+00:00,6594.220735583062,0.0,1.3504888535083326,-0.007769602025476718,0.0,10.516427557385594
2025-11-03 00:00:00+00:00,6607.155941478647,0.0,1.3531379688595309,-0.00582324550992952,0.0,10.516427557385594
2025-11-04 00:00:00+00:00,6530.59634886088,0.0,1.3374586519841472,-0.01734314423609451,0.0,10.516427557385594
2025-11-05 00:00:00+00:00,6550.262068393191,0.0,1.3414861688188953,-0.014384049370994578,0.0,10.516427557385594
2025-11-06 00:00:00+00:00,6480.643317963299,0.0,1.3272283284734228,-0.024859561674183017,0.0,10.516427557385594
2025-11-07 00:00:00+00:00,6487.478995875599,0.0,1.3286282674801533,-0.02383099928791843,0.0,10.516427557385594
2025-11-10 00:00:00+00:00,6588.226371875353,0.0,1.3492612146870457,-0.008671572118047366,0.0,10.516427557385594
2025-11-11 00:00:00+00:00,6603.370027557988,0.0,1.3523626180250337,-0.006392910831553245,0.0,10.516427557385594
2025-11-12 00:00:00+00:00,6606.630120100778,0.0,1.3530302812436283,-0.005902365693488454,0.0,10.516427557385594
2025-11-13 00:00:00+00:00,6499.047066188723,0.0,1.3309973950300051,-0.022090355249624327,0.0,10.516427557385594
2025-11-14 00:00:00+00:00,6497.364437779542,0.0,1.3306527946591178,-0.022343539837012316,0.0,10.516427557385594
2025-11-17 00:00:00+00:00,6436.474322222279,0.0,1.3181825687376243,-0.03150565709312447,0.0,10.516427557385594
2025-11-18 00:00:00+00:00,6383.471527333056,0.0,1.3073276570546664,-0.039480971595854064,0.0,10.516427557385594
2025-11-19 00:00:00+00:00,6406.607667959304,0.0,1.3120659121543703,-0.035999683519265635,0.0,10.516427557385594
2025-11-20 00:00:00+00:00,6309.435877329061,0.0,1.292165240735614,-0.05062109344093668,0.0,10.516427557385594
2025-11-21 00:00:00+00:00,6372.218949846652,0.0,1.3050231420743557,-0.04117414352401305,0.0,10.516427557385594
2025-11-24 00:00:00+00:00,6466.971962138698,0.0,1.3244284504599613,-0.026916686446712523,0.0,10.516427557385594
2025-11-25 00:00:00+00:00,6527.125927766942,0.0,1.3367479137191913,-0.017865337447582896,0.0,10.516427557385594
2025-11-26 00:00:00+00:00,6572.241401988127,0.0,1.3459875111636141,-0.011076825698235537,0.0,10.516427557385594
2025-11-28 00:00:00+00:00,6708.959051132453,100.0,1.353507243651316,-0.005551932146133032,0.0,10.676085757916733
2025-12-01 00:00:00+00:00,6678.105163292074,0.0,1.3472825878785686,-0.010125307675003747,0.0,10.676085757916733
2025-12-02 00:00:00+00:00,6689.421814195467,0.0,1.349565679615286,-0.00844787582012363,0.0,10.676085757916733
2025-12-03 00:00:00+00:00,6712.802442005303,0.0,1.3542826332977482,-0.004982238308626652,0.0,10.676085757916733
2025-12-04 00:00:00+00:00,6718.460767457,0.0,1.3554241791661068,-0.004143522381186648,0.0,10.676085757916733
2025-12-05 00:00:00+00:00,6731.058548651342,0.0,1.3579657341183013,-0.0022761925804712924,0.0,10.676085757916733
2025-12-08 00:00:00+00:00,6711.094268284038,0.0,1.3539380156771117,-0.0052354355697405985,0.0,10.676085757916733
2025-12-09 00:00:00+00:00,6705.6494645474995,0.0,1.3528395470113326,-0.00604250183954147,0.0,10.676085757916733
2025-12-10 00:00:00+00:00,6748.994372724641,0.0,1.3615842191349847,0.0,0.0,10.676085757916733
2025-12-11 00:00:00+00:00,6765.542305649413,0.0,1.3649227023349015,0.0,0.0,10.676085757916733
2025-12-12 00:00:00+00:00,6692.517879065263,0.0,1.3501902990526893,-0.010793580659923308,0.0,10.676085757916733
2025-12-15 00:00:00+00:00,6682.802641025558,0.0,1.3482302863353188,-0.012229568730176332,0.0,10.676085757916733
2025-12-16 00:00:00+00:00,6664.119490949204,0.0,1.3444610311096068,-0.014991084249893483,0.0,10.676085757916733
2025-12-17 00:00:00+00:00,6590.881542649895,0.0,1.3296855506248149,-0.025816225087185063,0.0,10.676085757916733
2025-12-18 00:00:00+00:00,6640.6321022817865,0.0,1.339722538825854,-0.01846270376039527,0.0,10.676085757916733
2025-12-19 00:00:00+00:00,6699.884378238224,0.0,1.351676462541684,-0.009704754540720839,0.0,10.676085757916733
2025-12-22 00:00:00+00:00,6741.958832210175,0.0,1.3601648253099883,-0.003485821590317295,0.0,10.70611028887011
2025-12-23 00:00:00+00:00,6773.434796459453,0.0,1.3665149826574408,0.0,0.0,10.70611028887011
2025-12-24 00:00:00+00:00,6796.0246891689685,0.0,1.371072408508844,0.0,0.0,10.70611028887011
2025-12-26 00:00:00+00:00,6796.667055786302,0.0,1.3712020035567514,0.0,0.0,10.70611028887011
2025-12-29 00:00:00+00:00,6872.682815848352,100.0,1.3663632733987539,-0.0035288237221403618,0.0,10.864184027581967
2025-12-30 00:00:00+00:00,6863.122333904081,0.0,1.364462546745907,-0.004914999243993856,0.0,10.864184027581967
2025-12-31 00:00:00+00:00,6813.255729217479,0.0,1.35454852931799,-0.01214516475002525,0.0,10.864184027581967
2026-01-02 00:00:00+00:00,6825.966824529749,0.0,1.3570756317996158,-0.010302181385742792,0.0,10.864184027581967
2026-01-05 00:00:00+00:00,6871.161830084491,0.0,1.366060885067619,-0.003749351646071708,0.0,10.864184027581967
2026-01-06 00:00:00+00:00,6911.902520187923,0.0,1.3741605725087274,0.0,0.0,10.864184027581967
2026-01-07 00:00:00+00:00,6889.739584771655,0.0,1.3697543425407641,-0.003206488423633802,0.0,10.864184027581967
2026-01-08 00:00:00+00:00,6888.544524528621,0.0,1.3695167517091582,-0.0033793873092219373,0.0,10.864184027581967
2026-01-09 00:00:00+00:00,6934.7173066458445,0.0,1.3786963974757482,0.0,0.0,10.864184027581967
2026-01-12 00:00:00+00:00,6945.907416194255,0.0,1.3809211116262397,0.0,0.0,10.864184027581967
2026-01-13 00:00:00+00:00,6931.675335118122,0.0,1.378091620813479,-0.0020489880188945264,0.0,10.864184027581967
2026-01-14 00:00:00+00:00,6898.105006472894,0.0,1.3714174783620054,-0.006882097162699052,0.0,10.864184027581967
2026-01-15 00:00:00+00:00,6916.356835639232,0.0,1.3750461383356218,-0.004254387336941501,0.0,10.864184027581967
2026-01-16 00:00:00+00:00,6910.598818104613,0.0,1.373901382510612,-0.005083367222448398,0.0,10.864184027581967
2026-01-20 00:00:00+00:00,6770.016276787703,0.0,1.3459520610471598,-0.025322989332749457,0.0,10.864184027581967
2026-01-21 00:00:00+00:00,6847.586550744638,0.0,1.3613738659350307,-0.014155222573278725,0.0,10.864184027581967
2026-01-22 00:00:00+00:00,6883.221074355107,0.0,1.3684583925501872,-0.009024931961084892,0.0,10.864184027581967
2026-01-23 00:00:00+00:00,6886.045762202279,0.0,1.3690199708794375,-0.008618262583288905,0.0,10.864184027581967
2026-01-26 00:00:00+00:00,6921.4630021321955,0.0,1.3760612991615744,-0.0035192542309256947,0.0,10.864184027581967
2026-01-27 00:00:00+00:00,7049.968942206265,100.0,1.3817285866873563,0.0,0.0,11.020742445218485
2026-01-28 00:00:00+00:00,7048.866867961743,0.0,1.3815125903474021,-0.00015632327653580802,0.0,11.020742445218485
2026-01-29 00:00:00+00:00,7034.209280509602,0.0,1.3786398390260104,-0.0022354228544630983,0.0,11.020742445218485
2026-01-30 00:00:00+00:00,7011.616758496904,0.0,1.3742119140569484,-0.005440050023448384,0.0,11.020742445218485
2026-02-02 00:00:00+00:00,7049.748527357359,0.0,1.3816853874193653,-3.126465530733924e-05,0.0,11.020742445218485
2026-02-03 00:00:00+00:00,6988.803821635302,0.0,1.3697407898198952,-0.00867594184774112,0.0,11.020742445218485
2026-02-04 00:00:00+00:00,6953.0966161127935,0.0,1.3627425084053775,-0.013740816007503542,0.0,11.020742445218485
2026-02-05 00:00:00+00:00,6867.024617615638,0.0,1.3458731942549504,-0.025949663904955345,0.0,11.020742445218485
2026-02-06 00:00:00+00:00,7000.816430900591,0.0,1.3720951499253968,-0.006972018133499902,0.0,11.020742445218485
2026-02-09 00:00:00+00:00,7033.768450811794,0.0,1.3785534404900288,-0.0022979521650773327,0.0,11.020742445218485
2026-02-10 00:00:00+00:00,7014.041321834853,0.0,1.3746871060048478,-0.00509613881506954,0.0,11.020742445218485
2026-02-11 00:00:00+00:00,7013.049455014783,0.0,1.3744927092988888,-0.0052368297639519,0.0,11.020742445218485
2026-02-12 00:00:00+00:00,6904.384934504928,0.0,1.3531954701793993,-0.02065030483038932,0.0,11.020742445218485
2026-02-13 00:00:00+00:00,6908.793231483016,0.0,1.3540594555392165,-0.020025011724245756,0.0,11.020742445218485
2026-02-17 00:00:00+00:00,6920.916048172756,0.0,1.356435415278713,-0.018305455682351313,0.0,11.020742445218485
2026-02-18 00:00:00+00:00,6955.741594299646,0.0,1.3632608996212674,-0.013365640143817581,0.0,11.020742445218485
2026-02-19 00:00:00+00:00,6937.887991538392,0.0,1.3597617589140087,-0.015898077223698626,0.0,11.020742445218485
2026-02-20 00:00:00+00:00,6987.371125117424,0.0,1.3694599945779549,-0.008879162107237715,0.0,11.020742445218485
2026-02-23 00:00:00+00:00,6916.948580892477,0.0,1.355657828454878,-0.01886821947788031,0.0,11.020742445218485
2026-02-24 00:00:00+00:00,6967.423581291579,0.0,1.3655504608247828,-0.011708613412537039,0.0,11.020742445218485
2026-02-25 00:00:00+00:00,7026.05393110014,0.0,1.377041466110349,-0.003392215100828544,0.0,11.020742445218485
2026-02-26 00:00:00+00:00,6986.599673146259,0.0,1.3693087971399869,-0.008988588400812847,0.0,11.020742445218485
2026-02-27 00:00:00+00:00,7054.924804430169,100.0,1.3631008163753378,-0.013481497373285078,0.0,11.179837735215152
2026-03-02 00:00:00+00:00,7057.607965486621,0.0,1.3636192370712208,-0.013106300174010266,0.0,11.179837735215152
2026-03-03 00:00:00+00:00,6995.448067678825,0.0,1.3516091576165954,-0.02179836862387796,0.0,11.179837735215152
2026-03-04 00:00:00+00:00,7045.310143977884,0.0,1.36124314221509,-0.014825954004020092,0.0,11.179837735215152
2026-03-05 00:00:00+00:00,7007.634090810208,0.0,1.3539636516103977,-0.020094348010504803,0.0,11.179837735215152
2026-03-06 00:00:00+00:00,6913.947050589106,0.0,1.3358621289791457,-0.03319498355185213,0.0,11.179837735215152
2026-03-09 00:00:00+00:00,6973.982779227211,0.0,1.3474617920495302,-0.02479994621807713,0.0,11.179837735215152
2026-03-10 00:00:00+00:00,6961.90855447318,0.0,1.3451288989180565,-0.02648833361481373,0.0,11.179837735215152
2026-03-11 00:00:00+00:00,6954.194466435881,0.0,1.3436384394173926,-0.027567025562728942,0.0,11.179837735215152
2026-03-12 00:00:00+00:00,6847.6506128192805,0.0,1.3230528176183671,-0.04246548101726855,0.0,11.179837735215152
2026-03-13 00:00:00+00:00,6809.527366142197,0.0,1.3156869235643613,-0.04779640789029882,0.0,11.179837735215152
2026-03-16 00:00:00+00:00,6877.72437632701,0.0,1.328863449584724,-0.03826014574206249,0.0,11.179837735215152
2026-03-17 00:00:00+00:00,6896.730100476875,0.0,1.3325355961805627,-0.03560249891386558,0.0,11.179837735215152
2026-03-18 00:00:00+00:00,6801.589681350194,0.0,1.3141532623390406,-0.04890636627148681,0.0,11.179837735215152
2026-03-19 00:00:00+00:00,6783.366545841794,0.0,1.310632321779501,-0.051454580583228715,0.0,11.179837735215152
2026-03-20 00:00:00+00:00,6765.224855451294,0.0,1.307127117448168,-0.05399140609665076,6765.224855451294,0.0
2026-03-23 00:00:00+00:00,6765.224855451294,0.0,1.307127117448168,-0.05399140609665076,6765.224855451294,0.0
2026-03-24 00:00:00+00:00,6765.224855451294,0.0,1.307127117448168,-0.05399140609665076,6765.224855451294,0.0
2026-03-25 00:00:00+00:00,6765.224855451294,0.0,1.307127117448168,-0.05399140609665076,6765.224855451294,0.0
2026-03-26 00:00:00+00:00,6765.224855451294,0.0,1.307127117448168,-0.05399140609665076,6765.224855451294,0.0
2026-03-27 00:00:00+00:00,6865.224855451294,100.0,1.307127117448168,-0.05399140609665076,6865.224855451294,0.0
2026-03-30 00:00:00+00:00,6865.224855451294,0.0,1.307127117448168,-0.05399140609665076,6865.224855451294,0.0
2026-03-31 00:00:00+00:00,6865.224855451294,0.0,1.307127117448168,-0.05399140609665076,6865.224855451294,0.0
2026-04-01 00:00:00+00:00,6865.224855451294,0.0,1.307127117448168,-0.05399140609665076,6865.224855451294,0.0
2026-04-02 00:00:00+00:00,6865.224855451294,0.0,1.307127117448168,-0.05399140609665076,6865.224855451294,0.0
2026-04-06 00:00:00+00:00,6865.224855451294,0.0,1.307127117448168,-0.05399140609665076,6865.224855451294,0.0
2026-04-07 00:00:00+00:00,6865.224855451294,0.0,1.307127117448168,-0.05399140609665076,6865.224855451294,0.0
2026-04-08 00:00:00+00:00,6865.224855451294,0.0,1.307127117448168,-0.05399140609665076,6865.224855451294,0.0
2026-04-09 00:00:00+00:00,6913.5610470455,0.0,1.316330245986163,-0.04733081542300821,0.0,11.061343712274008
2026-04-10 00:00:00+00:00,6908.915282686346,0.0,1.3154457003663202,-0.04797098862950133,0.0,11.061343712274008
2026-04-13 00:00:00+00:00,6976.6107062054625,0.0,1.3283347936840306,-0.03864275047774424,0.0,11.061343712274008
2026-04-14 00:00:00+00:00,7061.008758730113,0.0,1.344404039111176,-0.02701293722645237,0.0,11.061343712274008
2026-04-15 00:00:00+00:00,7117.42161166271,0.0,1.3551449502092678,-0.019239405433321588,0.0,11.061343712274008
2026-04-16 00:00:00+00:00,7133.018106297017,0.0,1.3581144962187401,-0.01709025252580909,0.0,11.061343712274008
2026-04-17 00:00:00+00:00,7220.623948498226,0.0,1.374794499335777,-0.005018414917652869,0.0,11.061343712274008
2026-04-20 00:00:00+00:00,7206.907882295007,0.0,1.372182983696241,-0.00690845009872787,0.0,11.061343712274008
2026-04-21 00:00:00+00:00,7159.454717769351,0.0,1.363147982007846,-0.013447362136479013,0.0,11.061343712274008
2026-04-22 00:00:00+00:00,7233.012653455973,0.0,1.377153287655358,-0.0033112863670045067,0.0,11.061343712274008
2026-04-23 00:00:00+00:00,7203.81070605557,0.0,1.3715932866163458,-0.007335232236389877,0.0,11.061343712274008
2026-04-24 00:00:00+00:00,7260.887239610904,0.0,1.3824605613744152,0.0,0.0,11.061343712274008
2026-04-27 00:00:00+00:00,7373.0624801429685,100.0,1.3847787064309867,0.0,0.0,11.213783239761169
2026-04-28 00:00:00+00:00,7336.729822446142,0.0,1.3779548539460642,-0.004927756653992477,0.0,11.213783239761169
2026-04-29 00:00:00+00:00,7336.505546781347,0.0,1.3779127313998611,-0.004958174904942991,0.0,11.213783239761169
2026-04-30 00:00:00+00:00,7407.600932521434,0.0,1.3912655785462833,0.0,0.0,11.213783239761169
2026-05-01 00:00:00+00:00,7429.355672006569,0.0,1.3953514655279957,0.0,0.0,11.213783239761169
2026-05-04 00:00:00+00:00,7402.442592231143,0.0,1.390296759983609,-0.003622532149972768,0.0,11.213783239761169
2026-05-05 00:00:00+00:00,7460.529989413105,0.0,1.4012064994502438,0.0,0.0,11.213783239761169
2026-05-06 00:00:00+00:00,7565.491000537269,0.0,1.4209198510733525,0.0,0.0,11.213783239761169
2026-05-07 00:00:00+00:00,7541.717780068976,0.0,1.4164548611758108,-0.0031423235407465056,0.0,11.213783239761169
2026-05-08 00:00:00+00:00,7603.393587887662,0.0,1.4280385613816973,0.0,0.0,11.213783239761169
2026-05-11 00:00:00+00:00,7619.989987082509,0.0,1.431155629800736,0.0,0.0,11.213783239761169
2026-05-12 00:00:00+00:00,7610.458271328712,0.0,1.4293654215870988,-0.0012508829762186702,0.0,11.213783239761169
2026-05-13 00:00:00+00:00,7652.3978206454185,0.0,1.4372423377271015,0.0,0.0,11.213783239761169
2026-05-14 00:00:00+00:00,7712.055147480949,0.0,1.4484469350171594,0.0,0.0,11.213783239761169
2026-05-15 00:00:00+00:00,7619.0928844233285,0.0,1.4309871396159228,-0.012054149157373018,0.0,11.213783239761169
2026-05-18 00:00:00+00:00,7613.149579306255,0.0,1.4298708921415375,-0.012824800430401573,0.0,11.213783239761169
2026-05-19 00:00:00+00:00,7564.706035710487,0.0,1.4207724221616413,-0.019106335335087876,0.0,11.213783239761169
2026-05-20 00:00:00+00:00,7642.97824272402,0.0,1.4354731907865663,-0.00895700347520112,0.0,11.213783239761169
2026-05-21 00:00:00+00:00,7657.219747438517,0.0,1.438147972470471,-0.007110348537943678,0.0,11.213783239761169
2026-05-22 00:00:00+00:00,7687.609100018269,0.0,1.4438555774810078,-0.003169848632457617,0.0,11.213783239761169
2026-05-26 00:00:00+00:00,7737.622573267604,0.0,1.453248905284327,0.0,0.0,11.213783239761169
2026-05-27 00:00:00+00:00,7836.953997264519,100.0,1.453123336049671,-8.640586908370551e-05,0.0,11.35856281127097
2026-05-28 00:00:00+00:00,7881.820320369038,0.0,1.4614424229204985,0.0,0.0,11.35856281127097
2026-05-29 00:00:00+00:00,7899.766849610846,0.0,1.4647700576688296,0.0,0.0,11.35856281127097
2026-06-01 00:00:00+00:00,7920.325848299247,0.0,1.4685820949438166,0.0,0.0,11.35856281127097
2026-06-02 00:00:00+00:00,7931.230068598067,0.0,1.4706039489681189,0.0,0.0,11.35856281127097
2026-06-03 00:00:00+00:00,7875.573110822839,0.0,1.4602840690524086,-0.007017443359207287,0.0,11.35856281127097
2026-06-04 00:00:00+00:00,7906.24123041327,0.0,1.465970533495759,-0.00315068885515446,0.0,11.35856281127097
2026-06-05 00:00:00+00:00,7701.105586041717,0.0,1.42793440466357,-0.02901498009337511,0.0,11.35856281127097
2026-06-08 00:00:00+00:00,7720.187971564652,0.0,1.431472649206099,-0.026608999513075715,0.0,11.35856281127097
2026-06-09 00:00:00+00:00,7697.698017198337,0.0,1.4273025752809756,-0.029444619482714263,0.0,11.35856281127097
2026-06-10 00:00:00+00:00,7576.7293232583,0.0,1.4048726321988707,-0.044696817804256495,0.0,11.35856281127097
2026-06-11 00:00:00+00:00,7703.71805548831,0.0,1.428418807190226,-0.02868558989488168,0.0,11.35856281127097
2026-06-12 00:00:00+00:00,7745.971909146238,0.0,1.4362534915343979,-0.02335806146707531,0.0,11.35856281127097
2026-06-15 00:00:00+00:00,7880.911635344138,0.0,1.46127393508514,-0.006344341649242469,0.0,11.35856281127097
2026-06-16 00:00:00+00:00,7834.5686990741515,0.0,1.4526810554818548,-0.012187437344255758,0.0,11.35856281127097
2026-06-17 00:00:00+00:00,7739.838285228151,0.0,1.4351161986457275,-0.024131412367886074,0.0,11.35856281127097
2026-06-18 00:00:00+00:00,7815.940656063667,0.0,1.4492270548570048,-0.014536132672643531,0.0,11.35856281127097
2026-06-22 00:00:00+00:00,7793.109944813013,0.0,1.4449937979936216,-0.017414716581216294,0.0,11.35856281127097
2026-06-23 00:00:00+00:00,7682.250371775008,0.0,1.4244382820798804,-0.031392318047718804,0.0,11.35856281127097
2026-06-24 00:00:00+00:00,7674.867305947682,0.0,1.4230693184175924,-0.032323203391287025,0.0,11.35856281127097
2026-06-25 00:00:00+00:00,7675.094477203907,0.0,1.423111440376432,-0.032294560765331104,0.0,11.35856281127097
2026-06-26 00:00:00+00:00,7635.475810118193,0.0,1.4157653707547997,-0.03728983473204861,0.0,11.391811849309512
2026-06-29 00:00:00+00:00,7858.478350439352,100.0,1.4385724284198635,-0.02178120123418059,0.0,11.53944633770334
2026-06-30 00:00:00+00:00,7925.407139198031,0.0,1.450824407223163,-0.013449944669898684,0.0,11.53944633770334
2026-07-01 00:00:00+00:00,7909.828886642133,0.0,1.4479726535361885,-0.015389116456412388,0.0,11.53944633770334
2026-07-02 00:00:00+00:00,7902.674429912756,0.0,1.4466629592503184,-0.01627969905466331,0.0,11.53944633770334
2026-07-06 00:00:00+00:00,7969.3724297446815,0.0,1.4588726898508482,-0.007977170961292579,0.0,11.53944633770334
2026-07-07 00:00:00+00:00,7928.522789709212,0.0,1.4513947579605582,-0.013062110312595854,0.0,11.53944633770334
2026-07-08 00:00:00+00:00,7907.520997374591,0.0,1.4475501715084882,-0.015676401165525822,0.0,11.53944633770334
2026-07-09 00:00:00+00:00,7970.180190988321,0.0,1.4590205585605431,-0.00787662131310296,0.0,11.53944633770334
2026-07-10 00:00:00+00:00,8006.76023587884,0.0,1.4657168986995879,-0.0033231586736592877,0.0,11.53944633770334
2026-07-13 00:00:00+00:00,7944.90880350875,0.0,1.454394380357228,-0.01102238887789253,0.0,11.53944633770334
2026-07-14 00:00:00+00:00,7974.911363986779,0.0,1.4598866467173282,-0.007287687659421005,0.0,11.53944633770334
2026-07-15 00:00:00+00:00,8006.067869098577,0.0,1.465590154091278,-0.0034093440863931512,0.0,11.53944633770334
2026-07-16 00:00:00+00:00,7963.833495502583,0.0,1.457858732984368,-0.008666654263164375,0.0,11.53944633770334
2026-07-17 00:00:00+00:00,7883.403554528791,0.0,1.4431352343190234,-0.018678526375758397,0.0,11.53944633770334
2026-07-20 00:00:00+00:00,7872.325686044596,0.0,1.4411073205860636,-0.020057492979501546,0.0,11.53944633770334
2026-07-21 00:00:00+00:00,7937.638952315997,0.0,1.4530635619699732,-0.011927335711598763,0.0,11.53944633770334
2026-07-22 00:00:00+00:00,7927.945817392326,0.0,1.4512891374536332,-0.013133931489874184,0.0,11.53944633770334
2026-07-23 00:00:00+00:00,7830.7836792288645,0.0,1.4335026440874636,-0.025228617743538684,0.0,11.53944633770334
2026-07-24 00:00:00+00:00,7836.899585787846,0.0,1.4346222214608686,-0.02446731326438889,0.0,11.53944633770334
2026-07-27 00:00:00+00:00,7938.025952277011,100.0,1.4348284140217373,-0.024327103821177865,-1.4210854715202004e-14,11.685424846207198
2026-07-28 00:00:00+00:00,7957.306903273254,0.0,1.4383135193243766,-0.02195725753789768,-1.4210854715202004e-14,11.685424846207198
2026-07-29 00:00:00+00:00,7836.596464611933,0.0,1.4164946479448228,-0.036793931541706404,-1.4210854715202004e-14,11.685424846207198
2026-07-30 00:00:00+00:00,7967.005805895605,0.0,1.4400666329008553,-0.020765153043884266,-1.4210854715202004e-14,11.685424846207198
2026-07-31 00:00:00+00:00,8023.796970648172,0.0,1.4503318521559019,-0.01378487853676802,-1.4210854715202004e-14,11.685424846207198
2026-08-03 00:00:00+00:00,8137.729862898693,0.0,1.470925656216952,0.0,-1.4210854715202004e-14,11.685424846207198
2026-08-04 00:00:00+00:00,8284.73250746398,0.0,1.4974969439182861,0.0,-1.4210854715202004e-14,11.685424846207198
2026-08-05 00:00:00+00:00,8268.606621176214,0.0,1.4945821285742606,-0.0019464582921944196,-1.4210854715202004e-14,11.685424846207198
2026-08-06 00:00:00+00:00,8254.584111360764,0.0,1.4920475065359773,-0.0036390307201896732,-1.4210854715202004e-14,11.685424846207198
2026-08-07 00:00:00+00:00,8304.948292447918,0.0,1.5011510240234776,0.0,-1.4210854715202004e-14,11.685424846207198
2026-08-10 00:00:00+00:00,8304.247166957144,0.0,1.5010242929215631,-8.442261963403919e-05,-1.4210854715202004e-14,11.685424846207198
2026-08-11 00:00:00+00:00,8278.188669550103,0.0,1.4963141203004207,-0.0032221299826933336,-1.4210854715202004e-14,11.685424846207198
2026-08-12 00:00:00+00:00,8298.638163030966,0.0,1.5000104441062503,-0.0007598035767049094,-1.4210854715202004e-14,11.685424846207198
2026-08-13 00:00:00+00:00,8354.494493795837,0.0,1.5101066885587446,0.0,-1.4210854715202004e-14,11.685424846207198
2026-08-14 00:00:00+00:00,8338.83602450192,0.0,1.5072763606159951,-0.0018742569410448162,-1.4210854715202004e-14,11.685424846207198
2026-08-17 00:00:00+00:00,8299.806705515586,0.0,1.5002216626094402,-0.006545912301559764,-1.4210854715202004e-14,11.685424846207198
2026-08-18 00:00:00+00:00,8242.898686514558,0.0,1.489935321504075,-0.013357577452968838,-1.4210854715202004e-14,11.685424846207198
2026-08-19 00:00:00+00:00,8260.54367803233,0.0,1.4931247209022478,-0.01124554164626912,-1.4210854715202004e-14,11.685424846207198
2026-08-20 00:00:00+00:00,8191.599671439708,0.0,1.4806628292140225,-0.01949786698370537,-1.4210854715202004e-14,11.685424846207198
2026-08-21 00:00:00+00:00,8223.150318524467,0.0,1.4863657288001595,-0.015721379117420997,-1.4210854715202004e-14,11.685424846207198
2026-08-24 00:00:00+00:00,8201.181719813598,0.0,1.4823948209401827,-0.018350933631722577,-1.4210854715202004e-14,11.685424846207198
2026-08-25 00:00:00+00:00,8226.77280022679,0.0,1.487020506160049,-0.015287782362403357,-1.4210854715202004e-14,11.685424846207198
2026-08-26 00:00:00+00:00,8228.87617669911,0.0,1.4874006994657918,-0.015036016504650807,-1.4210854715202004e-14,11.685424846207198
2026-08-27 00:00:00+00:00,8382.328810838544,100.0,1.497062466601432,-0.008637947276269653,-2.842170943040401e-14,11.82691895709142
2026-08-28 00:00:00+00:00,8364.470163213336,0.0,1.493872957854246,-0.01075005549441821,-2.842170943040401e-14,11.82691895709142
2026-08-31 00:00:00+00:00,8336.67690366417,0.0,1.4889091528503469,-0.01403711133060992,-2.842170943040401e-14,11.82691895709142
2026-09-01 00:00:00+00:00,8282.15480727198,0.0,1.4791716460129112,-0.02048533575820266,-2.842170943040401e-14,11.82691895709142
2026-09-02 00:00:00+00:00,8319.173063607675,0.0,1.4857830118266149,-0.016107257133828323,-2.842170943040401e-14,11.82691895709142
2026-09-03 00:00:00+00:00,8405.627841184014,0.0,1.5012236137749133,-0.005882415362526094,-2.842170943040401e-14,11.82691895709142
2026-09-04 00:00:00+00:00,8373.576890810296,0.0,1.495499396089566,-0.009673020177878966,-2.842170943040401e-14,11.82691895709142
2026-09-08 00:00:00+00:00,8326.978830119357,0.0,1.4871771017426034,-0.015184084005366083,-2.842170943040401e-14,11.82691895709142
2026-09-09 00:00:00+00:00,8289.132689456665,0.0,1.480417877907507,-0.019660074931243998,-2.842170943040401e-14,11.82691895709142
2026-09-10 00:00:00+00:00,8239.223091457738,0.0,1.4715041514749734,-0.025562787964745537,-2.842170943040401e-14,11.82691895709142
2026-09-11 00:00:00+00:00,8309.120182494147,0.0,1.483987592995417,-0.017296192223514972,-2.842170943040401e-14,11.82691895709142
2026-09-14 00:00:00+00:00,8270.564426694029,0.0,1.4771016337134124,-0.02185610797925308,-2.842170943040401e-14,11.82691895709142
2026-09-15 00:00:00+00:00,8233.900977927047,0.0,1.470553635623163,-0.026192224188697155,-2.842170943040401e-14,11.82691895709142
2026-09-16 00:00:00+00:00,8198.893297814056,0.0,1.4643013535756988,-0.030332515795134185,-2.842170943040401e-14,11.82691895709142
2026-09-17 00:00:00+00:00,8291.024996489798,0.0,1.4807558390992615,-0.019436275384950297,-2.842170943040401e-14,11.82691895709142
2026-09-18 00:00:00+00:00,8299.895185707617,0.0,1.4823400321856124,-0.0183872150116976,-2.842170943040401e-14,11.82691895709142
2026-09-21 00:00:00+00:00,8429.991294235622,0.0,1.5055748641187563,-0.003000996203992412,-2.842170943040401e-14,11.82691895709142
2026-09-22 00:00:00+00:00,8429.991294235622,0.0,1.5055748641187563,-0.003000996203992412,-2.842170943040401e-14,11.82691895709142
2026-09-23 00:00:00+00:00,8368.72785403789,0.0,1.4946333705356942,-0.010246506515257048,-2.842170943040401e-14,11.82691895709142
2026-09-24 00:00:00+00:00,8361.513433474063,0.0,1.493344893492129,-0.011099742285502479,-2.842170943040401e-14,11.82691895709142
2026-09-25 00:00:00+00:00,8406.45572551101,0.0,1.5013714717963058,-0.005784503061022628,-2.842170943040401e-14,11.82691895709142
