date,equity,deposit,twr,drawdown,margin
2022-08-17 00:00:00+00:00,0.0,0.0,1.0,0.0,0.0
2022-08-18 00:00:00+00:00,0.0,0.0,1.0,0.0,0.0
2022-08-19 00:00:00+00:00,0.0,0.0,1.0,0.0,0.0
2022-08-20 00:00:00+00:00,0.0,0.0,1.0,0.0,0.0
2022-08-21 00:00:00+00:00,0.0,0.0,1.0,0.0,0.0
2022-08-22 00:00:00+00:00,0.0,0.0,1.0,0.0,0.0
2022-08-23 00:00:00+00:00,0.0,0.0,1.0,0.0,0.0
2022-08-24 00:00:00+00:00,0.0,0.0,1.0,0.0,0.0
2022-08-25 00:00:00+00:00,0.0,0.0,1.0,0.0,0.0
2022-08-26 00:00:00+00:00,0.0,0.0,1.0,0.0,0.0
2022-08-27 00:00:00+00:00,100.0,100.0,1.0,0.0,100.0
2022-08-28 00:00:00+00:00,100.0,0.0,1.0,0.0,100.0
2022-08-29 00:00:00+00:00,100.0,0.0,1.0,0.0,100.0
2022-08-30 00:00:00+00:00,100.0,0.0,1.0,0.0,100.0
2022-08-31 00:00:00+00:00,100.0,0.0,1.0,0.0,100.0
2022-09-01 00:00:00+00:00,100.0,0.0,1.0,0.0,100.0
2022-09-02 00:00:00+00:00,100.0,0.0,1.0,0.0,100.0
2022-09-03 00:00:00+00:00,100.0,0.0,1.0,0.0,100.0
2022-09-04 00:00:00+00:00,100.0,0.0,1.0,0.0,100.0
2022-09-05 00:00:00+00:00,100.0,0.0,1.0,0.0,100.0
2022-09-06 00:00:00+00:00,100.0,0.0,1.0,0.0,100.0
2022-09-07 00:00:00+00:00,100.0,0.0,1.0,0.0,100.0
2022-09-08 00:00:00+00:00,100.0,0.0,1.0,0.0,100.0
2022-09-09 00:00:00+00:00,100.0,0.0,1.0,0.0,100.0
2022-09-10 00:00:00+00:00,100.0,0.0,1.0,0.0,100.0
2022-09-11 00:00:00+00:00,100.0,0.0,1.0,0.0,100.0
2022-09-12 00:00:00+00:00,100.0,0.0,1.0,0.0,100.0
2022-09-13 00:00:00+00:00,100.0,0.0,1.0,0.0,100.0
2022-09-14 00:00:00+00:00,100.0,0.0,1.0,0.0,100.0
2022-09-15 00:00:00+00:00,100.0,0.0,1.0,0.0,100.0
2022-09-16 00:00:00+00:00,100.0,0.0,1.0,0.0,100.0
2022-09-17 00:00:00+00:00,100.0,0.0,1.0,0.0,100.0
2022-09-18 00:00:00+00:00,100.0,0.0,1.0,0.0,100.0
2022-09-19 00:00:00+00:00,100.0,0.0,1.0,0.0,100.0
2022-09-20 00:00:00+00:00,100.0,0.0,1.0,0.0,100.0
2022-09-21 00:00:00+00:00,100.0,0.0,1.0,0.0,100.0
2022-09-22 00:00:00+00:00,100.0,0.0,1.0,0.0,100.0
2022-09-23 00:00:00+00:00,100.0,0.0,1.0,0.0,100.0
2022-09-24 00:00:00+00:00,100.0,0.0,1.0,0.0,100.0
2022-09-25 00:00:00+00:00,100.0,0.0,1.0,0.0,100.0
2022-09-26 00:00:00+00:00,100.0,0.0,1.0,0.0,100.0
2022-09-27 00:00:00+00:00,200.0,100.0,1.0,0.0,200.0
2022-09-28 00:00:00+00:00,200.0,0.0,1.0,0.0,200.0
2022-09-29 00:00:00+00:00,200.0,0.0,1.0,0.0,200.0
2022-09-30 00:00:00+00:00,200.0,0.0,1.0,0.0,200.0
2022-10-01 00:00:00+00:00,200.0,0.0,1.0,0.0,200.0
2022-10-02 00:00:00+00:00,200.0,0.0,1.0,0.0,200.0
2022-10-03 00:00:00+00:00,200.0,0.0,1.0,0.0,200.0
2022-10-04 00:00:00+00:00,200.0,0.0,1.0,0.0,200.0
2022-10-05 00:00:00+00:00,200.0,0.0,1.0,0.0,200.0
2022-10-06 00:00:00+00:00,200.0,0.0,1.0,0.0,200.0
2022-10-07 00:00:00+00:00,200.0,0.0,1.0,0.0,200.0
2022-10-08 00:00:00+00:00,200.0,0.0,1.0,0.0,200.0
2022-10-09 00:00:00+00:00,200.0,0.0,1.0,0.0,200.0
2022-10-10 00:00:00+00:00,200.0,0.0,1.0,0.0,200.0
2022-10-11 00:00:00+00:00,200.0,0.0,1.0,0.0,200.0
2022-10-12 00:00:00+00:00,200.0,0.0,1.0,0.0,200.0
2022-10-13 00:00:00+00:00,200.0,0.0,1.0,0.0,200.0
2022-10-14 00:00:00+00:00,200.0,0.0,1.0,0.0,200.0
2022-10-15 00:00:00+00:00,200.0,0.0,1.0,0.0,200.0
2022-10-16 00:00:00+00:00,200.0,0.0,1.0,0.0,200.0
2022-10-17 00:00:00+00:00,200.0,0.0,1.0,0.0,200.0
2022-10-18 00:00:00+00:00,200.0,0.0,1.0,0.0,200.0
2022-10-19 00:00:00+00:00,200.0,0.0,1.0,0.0,200.0
2022-10-20 00:00:00+00:00,200.0,0.0,1.0,0.0,200.0
2022-10-21 00:00:00+00:00,200.0,0.0,1.0,0.0,200.0
2022-10-22 00:00:00+00:00,200.0,0.0,1.0,0.0,200.0
2022-10-23 00:00:00+00:00,200.0,0.0,1.0,0.0,200.0
2022-10-24 00:00:00+00:00,200.0,0.0,1.0,0.0,200.0
2022-10-25 00:00:00+00:00,200.0,0.0,1.0,0.0,200.0
2022-10-26 00:00:00+00:00,200.0,0.0,1.0,0.0,200.0
2022-10-27 00:00:00+00:00,300.0,100.0,1.0,0.0,300.0
2022-10-28 00:00:00+00:00,300.0,0.0,1.0,0.0,300.0
2022-10-29 00:00:00+00:00,300.0,0.0,1.0,0.0,300.0
2022-10-30 00:00:00+00:00,300.0,0.0,1.0,0.0,300.0
2022-10-31 00:00:00+00:00,300.0,0.0,1.0,0.0,300.0
2022-11-01 00:00:00+00:00,300.0,0.0,1.0,0.0,300.0
2022-11-02 00:00:00+00:00,300.0,0.0,1.0,0.0,300.0
2022-11-03 00:00:00+00:00,300.0,0.0,1.0,0.0,300.0
2022-11-04 00:00:00+00:00,300.0,0.0,1.0,0.0,300.0
2022-11-05 00:00:00+00:00,304.2763642684753,0.0,1.0142545475615843,0.0,299.25
2022-11-06 00:00:00+00:00,290.27779051252907,0.0,0.9675926350417636,-0.04600611614905026,299.07886457999143
2022-11-07 00:00:00+00:00,288.96338323328047,0.0,0.9632112774442683,-0.050325897221788596,288.96338323328047
2022-11-08 00:00:00+00:00,288.96338323328047,0.0,0.9632112774442683,-0.050325897221788596,288.96338323328047
2022-11-09 00:00:00+00:00,288.96338323328047,0.0,0.9632112774442683,-0.050325897221788596,288.96338323328047
2022-11-10 00:00:00+00:00,288.96338323328047,0.0,0.9632112774442683,-0.050325897221788596,288.96338323328047
2022-11-11 00:00:00+00:00,288.96338323328047,0.0,0.9632112774442683,-0.050325897221788596,288.96338323328047
2022-11-12 00:00:00+00:00,288.96338323328047,0.0,0.9632112774442683,-0.050325897221788596,288.96338323328047
2022-11-13 00:00:00+00:00,288.96338323328047,0.0,0.9632112774442683,-0.050325897221788596,288.96338323328047
2022-11-14 00:00:00+00:00,288.96338323328047,0.0,0.9632112774442683,-0.050325897221788596,288.96338323328047
2022-11-15 00:00:00+00:00,288.96338323328047,0.0,0.9632112774442683,-0.050325897221788596,288.96338323328047
2022-11-16 00:00:00+00:00,288.96338323328047,0.0,0.9632112774442683,-0.050325897221788596,288.96338323328047
2022-11-17 00:00:00+00:00,288.96338323328047,0.0,0.9632112774442683,-0.050325897221788596,288.96338323328047
2022-11-18 00:00:00+00:00,288.96338323328047,0.0,0.9632112774442683,-0.050325897221788596,288.96338323328047
2022-11-19 00:00:00+00:00,288.96338323328047,0.0,0.9632112774442683,-0.050325897221788596,288.96338323328047
2022-11-20 00:00:00+00:00,288.96338323328047,0.0,0.9632112774442683,-0.050325897221788596,288.96338323328047
2022-11-21 00:00:00+00:00,288.96338323328047,0.0,0.9632112774442683,-0.050325897221788596,288.96338323328047
2022-11-22 00:00:00+00:00,288.96338323328047,0.0,0.9632112774442683,-0.050325897221788596,288.96338323328047
2022-11-23 00:00:00+00:00,288.96338323328047,0.0,0.9632112774442683,-0.050325897221788596,288.96338323328047
2022-11-24 00:00:00+00:00,288.96338323328047,0.0,0.9632112774442683,-0.050325897221788596,288.96338323328047
2022-11-25 00:00:00+00:00,288.96338323328047,0.0,0.9632112774442683,-0.050325897221788596,288.96338323328047
2022-11-26 00:00:00+00:00,288.96338323328047,0.0,0.9632112774442683,-0.050325897221788596,288.96338323328047
2022-11-27 00:00:00+00:00,388.96338323328047,100.0,0.9632112774442683,-0.050325897221788596,388.96338323328047
2022-11-28 00:00:00+00:00,388.96338323328047,0.0,0.9632112774442683,-0.050325897221788596,388.96338323328047
2022-11-29 00:00:00+00:00,388.96338323328047,0.0,0.9632112774442683,-0.050325897221788596,388.96338323328047
2022-11-30 00:00:00+00:00,388.96338323328047,0.0,0.9632112774442683,-0.050325897221788596,388.96338323328047
2022-12-01 00:00:00+00:00,388.96338323328047,0.0,0.9632112774442683,-0.050325897221788596,388.96338323328047
2022-12-02 00:00:00+00:00,388.96338323328047,0.0,0.9632112774442683,-0.050325897221788596,388.96338323328047
2022-12-03 00:00:00+00:00,388.96338323328047,0.0,0.9632112774442683,-0.050325897221788596,388.96338323328047
2022-12-04 00:00:00+00:00,388.96338323328047,0.0,0.9632112774442683,-0.050325897221788596,388.96338323328047
2022-12-05 00:00:00+00:00,388.96338323328047,0.0,0.9632112774442683,-0.050325897221788596,388.96338323328047
2022-12-06 00:00:00+00:00,388.96338323328047,0.0,0.9632112774442683,-0.050325897221788596,388.96338323328047
2022-12-07 00:00:00+00:00,388.96338323328047,0.0,0.9632112774442683,-0.050325897221788596,388.96338323328047
2022-12-08 00:00:00+00:00,388.96338323328047,0.0,0.9632112774442683,-0.050325897221788596,388.96338323328047
2022-12-09 00:00:00+00:00,388.96338323328047,0.0,0.9632112774442683,-0.050325897221788596,388.96338323328047
2022-12-10 00:00:00+00:00,388.96338323328047,0.0,0.9632112774442683,-0.050325897221788596,388.96338323328047
2022-12-11 00:00:00+00:00,388.96338323328047,0.0,0.9632112774442683,-0.050325897221788596,388.96338323328047
2022-12-12 00:00:00+00:00,388.96338323328047,0.0,0.9632112774442683,-0.050325897221788596,388.96338323328047
2022-12-13 00:00:00+00:00,388.96338323328047,0.0,0.9632112774442683,-0.050325897221788596,388.96338323328047
2022-12-14 00:00:00+00:00,388.96338323328047,0.0,0.9632112774442683,-0.050325897221788596,388.96338323328047
2022-12-15 00:00:00+00:00,388.96338323328047,0.0,0.9632112774442683,-0.050325897221788596,388.96338323328047
2022-12-16 00:00:00+00:00,388.96338323328047,0.0,0.9632112774442683,-0.050325897221788596,388.96338323328047
2022-12-17 00:00:00+00:00,388.96338323328047,0.0,0.9632112774442683,-0.050325897221788596,388.96338323328047
2022-12-18 00:00:00+00:00,388.96338323328047,0.0,0.9632112774442683,-0.050325897221788596,388.96338323328047
2022-12-19 00:00:00+00:00,388.96338323328047,0.0,0.9632112774442683,-0.050325897221788596,388.96338323328047
2022-12-20 00:00:00+00:00,388.96338323328047,0.0,0.9632112774442683,-0.050325897221788596,388.96338323328047
2022-12-21 00:00:00+00:00,388.96338323328047,0.0,0.9632112774442683,-0.050325897221788596,388.96338323328047
2022-12-22 00:00:00+00:00,388.96338323328047,0.0,0.9632112774442683,-0.050325897221788596,388.96338323328047
2022-12-23 00:00:00+00:00,388.96338323328047,0.0,0.9632112774442683,-0.050325897221788596,388.96338323328047
2022-12-24 00:00:00+00:00,388.96338323328047,0.0,0.9632112774442683,-0.050325897221788596,388.96338323328047
2022-12-25 00:00:00+00:00,388.96338323328047,0.0,0.9632112774442683,-0.050325897221788596,388.96338323328047
2022-12-26 00:00:00+00:00,388.96338323328047,0.0,0.9632112774442683,-0.050325897221788596,388.96338323328047
2022-12-27 00:00:00+00:00,488.96338323328047,100.0,0.9632112774442683,-0.050325897221788596,488.96338323328047
2022-12-28 00:00:00+00:00,488.96338323328047,0.0,0.9632112774442683,-0.050325897221788596,488.96338323328047
2022-12-29 00:00:00+00:00,488.96338323328047,0.0,0.9632112774442683,-0.050325897221788596,488.96338323328047
2022-12-30 00:00:00+00:00,488.96338323328047,0.0,0.9632112774442683,-0.050325897221788596,488.96338323328047
2022-12-31 00:00:00+00:00,488.96338323328047,0.0,0.9632112774442683,-0.050325897221788596,488.96338323328047
2023-01-01 00:00:00+00:00,488.96338323328047,0.0,0.9632112774442683,-0.050325897221788596,488.96338323328047
2023-01-02 00:00:00+00:00,488.96338323328047,0.0,0.9632112774442683,-0.050325897221788596,488.96338323328047
2023-01-03 00:00:00+00:00,488.96338323328047,0.0,0.9632112774442683,-0.050325897221788596,488.96338323328047
2023-01-04 00:00:00+00:00,488.96338323328047,0.0,0.9632112774442683,-0.050325897221788596,488.96338323328047
2023-01-05 00:00:00+00:00,488.96338323328047,0.0,0.9632112774442683,-0.050325897221788596,488.96338323328047
2023-01-06 00:00:00+00:00,488.96338323328047,0.0,0.9632112774442683,-0.050325897221788596,488.96338323328047
2023-01-07 00:00:00+00:00,488.96338323328047,0.0,0.9632112774442683,-0.050325897221788596,488.96338323328047
2023-01-08 00:00:00+00:00,488.96338323328047,0.0,0.9632112774442683,-0.050325897221788596,488.96338323328047
2023-01-09 00:00:00+00:00,488.96338323328047,0.0,0.9632112774442683,-0.050325897221788596,488.96338323328047
2023-01-10 00:00:00+00:00,488.96338323328047,0.0,0.9632112774442683,-0.050325897221788596,488.96338323328047
2023-01-11 00:00:00+00:00,488.96338323328047,0.0,0.9632112774442683,-0.050325897221788596,488.96338323328047
2023-01-12 00:00:00+00:00,488.96338323328047,0.0,0.9632112774442683,-0.050325897221788596,488.96338323328047
2023-01-13 00:00:00+00:00,556.0235238508545,0.0,1.0953133650949276,0.0,487.76856631711405
2023-01-14 00:00:00+00:00,585.9257635141635,0.0,1.1542179282016485,0.0,585.9257635141635
2023-01-15 00:00:00+00:00,542.1707259242451,0.0,1.0680246730484295,-0.07467675994906264,585.1757635141635
2023-01-16 00:00:00+00:00,540.5889293411702,0.0,1.06490868449042,-0.07737641352563152,540.5889293411702
2023-01-17 00:00:00+00:00,540.5889293411702,0.0,1.06490868449042,-0.07737641352563152,540.5889293411702
2023-01-18 00:00:00+00:00,540.5889293411702,0.0,1.06490868449042,-0.07737641352563152,540.5889293411702
2023-01-19 00:00:00+00:00,540.5889293411702,0.0,1.06490868449042,-0.07737641352563152,540.5889293411702
2023-01-20 00:00:00+00:00,540.5889293411702,0.0,1.06490868449042,-0.07737641352563152,540.5889293411702
2023-01-21 00:00:00+00:00,520.3481802511048,0.0,1.0250363372840663,-0.11192131724972953,540.0656135120352
2023-01-22 00:00:00+00:00,571.8659983516263,0.0,1.1265215304198277,-0.02399581318666022,539.4168035072944
2023-01-23 00:00:00+00:00,590.8085933487121,0.0,1.1638366377487286,0.0,539.0942944688899
2023-01-24 00:00:00+00:00,511.64586490288525,0.0,1.007893605188558,-0.13399048242871903,538.6904292350337
2023-01-25 00:00:00+00:00,612.6381146431845,0.0,1.206838714822492,0.0,612.6381146431845
2023-01-26 00:00:00+00:00,610.4952405710851,0.0,1.2026174570695278,-0.0034977811874264964,612.4061998360208
2023-01-27 00:00:00+00:00,712.2617489389286,100.0,1.2060973102445347,-0.0006143360905241924,711.9565177214849
2023-01-28 00:00:00+00:00,701.0591271695486,0.0,1.1871275256058615,-0.016332910913890997,711.7577046920854
2023-01-29 00:00:00+00:00,753.1999605136747,0.0,1.2754193915441112,0.0,711.5615160565322
2023-01-30 00:00:00+00:00,699.3129861065145,0.0,1.1841707249036335,-0.07154404836985095,711.1395166889581
2023-01-31 00:00:00+00:00,698.0302803933507,0.0,1.1819986752143348,-0.07324705657538644,710.9596984121478
2023-02-01 00:00:00+00:00,725.3642601618697,0.0,1.2282842430216774,-0.03695658764084553,710.7716235189389
2023-02-02 00:00:00+00:00,707.6367913250573,0.0,1.1982657104900976,-0.060492792853498956,710.4898286753529
2023-02-03 00:00:00+00:00,716.715058749109,0.0,1.2136382528709577,-0.04843986149399604,710.3439466317217
2023-02-04 00:00:00+00:00,707.3832424020145,0.0,1.1978363673805554,-0.06082942181836237,710.1610828816496
2023-02-05 00:00:00+00:00,686.0828356752094,0.0,1.1617676562661572,-0.08910930477570933,710.2667186695217
2023-02-06 00:00:00+00:00,665.2130418921727,0.0,1.126428116855854,-0.11681747641289819,710.176326812325
2023-02-07 00:00:00+00:00,694.8300123961712,0.0,1.1765795513750863,-0.07749595217410221,710.1657302761029
2023-02-08 00:00:00+00:00,679.5048223555646,0.0,1.150628880130284,-0.09784272705995722,710.0553737324624
2023-02-09 00:00:00+00:00,636.2551532104484,0.0,1.07739272824848,-0.1552639583563853,636.2551532104484
2023-02-10 00:00:00+00:00,636.2551532104484,0.0,1.07739272824848,-0.1552639583563853,636.2551532104484
2023-02-11 00:00:00+00:00,636.2551532104484,0.0,1.07739272824848,-0.1552639583563853,636.2551532104484
2023-02-12 00:00:00+00:00,636.2551532104484,0.0,1.07739272824848,-0.1552639583563853,636.2551532104484
2023-02-13 00:00:00+00:00,636.2551532104484,0.0,1.07739272824848,-0.1552639583563853,636.2551532104484
2023-02-14 00:00:00+00:00,636.2551532104484,0.0,1.07739272824848,-0.1552639583563853,636.2551532104484
2023-02-15 00:00:00+00:00,636.2551532104484,0.0,1.07739272824848,-0.1552639583563853,636.2551532104484
2023-02-16 00:00:00+00:00,636.2551532104484,0.0,1.07739272824848,-0.1552639583563853,636.2551532104484
2023-02-17 00:00:00+00:00,636.2551532104484,0.0,1.07739272824848,-0.1552639583563853,636.2551532104484
2023-02-18 00:00:00+00:00,636.2551532104484,0.0,1.07739272824848,-0.1552639583563853,636.2551532104484
2023-02-19 00:00:00+00:00,636.2551532104484,0.0,1.07739272824848,-0.1552639583563853,636.2551532104484
2023-02-20 00:00:00+00:00,636.2551532104484,0.0,1.07739272824848,-0.1552639583563853,636.2551532104484
2023-02-21 00:00:00+00:00,636.2551532104484,0.0,1.07739272824848,-0.1552639583563853,636.2551532104484
2023-02-22 00:00:00+00:00,636.2551532104484,0.0,1.07739272824848,-0.1552639583563853,636.2551532104484
2023-02-23 00:00:00+00:00,636.2551532104484,0.0,1.07739272824848,-0.1552639583563853,636.2551532104484
2023-02-24 00:00:00+00:00,636.2551532104484,0.0,1.07739272824848,-0.1552639583563853,636.2551532104484
2023-02-25 00:00:00+00:00,636.2551532104484,0.0,1.07739272824848,-0.1552639583563853,636.2551532104484
2023-02-26 00:00:00+00:00,636.2551532104484,0.0,1.07739272824848,-0.1552639583563853,636.2551532104484
2023-02-27 00:00:00+00:00,732.3333559177702,100.0,1.0707518140437373,-0.16047080580497453,736.1051532104484
2023-02-28 00:00:00+00:00,727.2024728455572,0.0,1.0632498993585413,-0.16635272569339155,736.0711278544844
2023-03-01 00:00:00+00:00,731.1907829363806,0.0,1.069081246831942,-0.16178062375416924,736.0335655213339
2023-03-02 00:00:00+00:00,727.8964276024932,0.0,1.0642645374449389,-0.16555719279407666,736.0166832505536
2023-03-03 00:00:00+00:00,724.0893571978556,0.0,1.0586981823021375,-0.16992152595358923,735.9967716806477
2023-03-04 00:00:00+00:00,721.3066046041034,0.0,1.0546294923213828,-0.17311160602272546,735.9689029411213
2023-03-05 00:00:00+00:00,721.1563569806908,0.0,1.0544098137910731,-0.17328384625348103,735.9283345343874
2023-03-06 00:00:00+00:00,718.9604847389134,0.0,1.0511992073544116,-0.17580114092372634,735.9131431889293
2023-03-07 00:00:00+00:00,716.4889197290094,0.0,1.04758550780557,-0.17863448309556407,735.9512967253808
2023-03-08 00:00:00+00:00,716.3369416357555,0.0,1.0473632991382582,-0.17880870709496777,716.3369416357555
2023-03-09 00:00:00+00:00,716.3369416357555,0.0,1.0473632991382582,-0.17880870709496777,716.3369416357555
2023-03-10 00:00:00+00:00,716.3369416357555,0.0,1.0473632991382582,-0.17880870709496777,716.3369416357555
2023-03-11 00:00:00+00:00,716.3369416357555,0.0,1.0473632991382582,-0.17880870709496777,716.3369416357555
2023-03-12 00:00:00+00:00,716.3369416357555,0.0,1.0473632991382582,-0.17880870709496777,716.3369416357555
2023-03-13 00:00:00+00:00,716.7753334175122,0.0,1.0480042760810464,-0.17830614539092138,716.2865326936289
2023-03-14 00:00:00+00:00,717.9349082062058,0.0,1.049699701802789,-0.1769768369822654,716.2709108117726
2023-03-15 00:00:00+00:00,713.8496064189537,0.0,1.043726541814556,-0.18166012784943764,716.2526378419225
2023-03-16 00:00:00+00:00,713.7837929987697,0.0,1.0436303153645645,-0.18173557475782676,713.7837929987697
2023-03-17 00:00:00+00:00,717.4319868153127,0.0,1.048964375482789,-0.1775533738648587,713.7461497998281
2023-03-18 00:00:00+00:00,716.6759525723382,0.0,1.047858970368298,-0.17842007318103648,713.7268355699789
2023-03-19 00:00:00+00:00,717.909127727233,0.0,1.0496620079105143,-0.1770063910979739,713.7142841572254
2023-03-20 00:00:00+00:00,718.388213307363,0.0,1.0503624836567864,-0.17645717901062752,713.7015852091134
2023-03-21 00:00:00+00:00,719.1502730445346,0.0,1.0514766987057016,-0.17558357221406917,713.6886537636467
2023-03-22 00:00:00+00:00,716.9925667613877,0.0,1.048321895093134,-0.1780571143551748,713.6779600901793
2023-03-23 00:00:00+00:00,718.432229771327,0.0,1.0504268405623627,-0.17640671960409582,713.676713567954
2023-03-24 00:00:00+00:00,715.5347296693575,0.0,1.0461903771194438,-0.17972834343309363,713.6648596472648
2023-03-25 00:00:00+00:00,715.0533971610039,0.0,1.0454866161172813,-0.1802801313444492,713.671484550202
2023-03-26 00:00:00+00:00,716.087724137418,0.0,1.0469989157788497,-0.17909440398951426,713.6782306251921
2023-03-27 00:00:00+00:00,804.4935140807969,100.0,1.0300469070382767,-0.19238572514470675,813.4850943780995
2023-03-28 00:00:00+00:00,810.5065635010061,0.0,1.0377458167855251,-0.1863493501308946,813.5099763483514
2023-03-29 00:00:00+00:00,817.5203326479308,0.0,1.0467260149972222,-0.17930837343629924,813.5050057486775
2023-03-30 00:00:00+00:00,811.6167012848766,0.0,1.0391672005141046,-0.18523490594257264,813.4919086706358
2023-03-31 00:00:00+00:00,818.3607652865027,0.0,1.0478020771714762,-0.17846468062326204,813.5318286793748
2023-04-01 00:00:00+00:00,817.4026183564306,0.0,1.0465752975088252,-0.17942654436062122,813.4632283632457
2023-04-02 00:00:00+00:00,811.1733283402618,0.0,1.0385995204492295,-0.18567999880272412,813.4173721269241
2023-04-03 00:00:00+00:00,810.4785459245022,0.0,1.0377099440065463,-0.1863774763921202,813.4277181246558
2023-04-04 00:00:00+00:00,815.4335017615551,0.0,1.0440541056997565,-0.18140329947802336,813.3816862906393
2023-04-05 00:00:00+00:00,815.9294012177565,0.0,1.0446890389740737,-0.1809054763474306,813.3134830160477
2023-04-06 00:00:00+00:00,812.1008385527009,0.0,1.039787073871162,-0.18474889062779287,813.2709175249687
2023-04-07 00:00:00+00:00,810.2178434250789,0.0,1.0373761491424631,-0.18663919019880704,813.2863450490541
2023-04-08 00:00:00+00:00,805.7421991054991,0.0,1.0316456820750513,-0.1911321962683432,813.2367375403124
2023-04-09 00:00:00+00:00,808.46820747929,0.0,1.0351359731026823,-0.18839561326609988,813.2181691662062
2023-04-10 00:00:00+00:00,815.0806151781264,0.0,1.0436022813811834,-0.181757554965723,813.1589772604706
2023-04-11 00:00:00+00:00,837.8519269365606,0.0,1.0727579163682217,-0.1588979095970412,813.084128421785
2023-04-12 00:00:00+00:00,846.4421332224731,0.0,1.0837565325916663,-0.15027438050820652,813.006679286473
2023-04-13 00:00:00+00:00,853.180635661726,0.0,1.092384288408384,-0.1435097383254712,812.9542526973322
2023-04-14 00:00:00+00:00,856.3220771225562,0.0,1.0964064862306586,-0.14035611070388943,812.8737997149786
2023-04-15 00:00:00+00:00,849.0406271405366,0.0,1.0870835583245178,-0.14766580661093842,812.7955076800093
2023-04-16 00:00:00+00:00,862.9636135880671,0.0,1.1049100900193083,-0.1336888106416294,812.6701665049044
2023-04-17 00:00:00+00:00,854.487357026852,0.0,1.094057371257345,-0.1421979479763098,812.4601845756956
2023-04-18 00:00:00+00:00,856.9992555008653,0.0,1.0972735230456012,-0.13967630544085918,812.3793801139484
2023-04-19 00:00:00+00:00,833.379968133573,0.0,1.0670321681144486,-0.16338721585326899,812.3439261455823
2023-04-20 00:00:00+00:00,828.1983026970823,0.0,1.0603977349428366,-0.16858898181009652,812.2717296745443
2023-04-21 00:00:00+00:00,817.995747397004,0.0,1.0473347203295489,-0.17883111447633493,812.2338716581799
2023-04-22 00:00:00+00:00,823.8071549336051,0.0,1.0547754544732597,-0.17299716354768968,812.2415299452753
2023-04-23 00:00:00+00:00,820.2965745274137,0.0,1.0502806233453315,-0.1765213620644509,812.2131990887872
2023-04-24 00:00:00+00:00,819.2963096653692,0.0,1.0489999172745745,-0.17752550711606918,812.1675696173156
2023-04-25 00:00:00+00:00,825.2803739691831,0.0,1.0566617154367441,-0.17151822965661812,812.1743146006105
2023-04-26 00:00:00+00:00,817.9941531724994,0.0,1.0473326791371822,-0.17883271488509467,812.1346442687303
2023-04-27 00:00:00+00:00,945.695585255412,100.0,1.0828006772479406,-0.15102382445587015,911.8170719160405
2023-04-28 00:00:00+00:00,971.9827843011649,0.0,1.112898942877472,-0.12742510404352614,911.6327113316431
2023-04-29 00:00:00+00:00,967.7130530633652,0.0,1.1080101943752703,-0.13125815577114897,911.4719983050908
2023-04-30 00:00:00+00:00,955.8305212075865,0.0,1.0944049563457594,-0.1419254218639433,911.3370441558263
2023-05-01 00:00:00+00:00,934.8975872014113,0.0,1.0704372066046508,-0.160717475599375,911.2125998091722
2023-05-02 00:00:00+00:00,942.9320941621932,0.0,1.0796365406336221,-0.15350468419133945,911.2134493697592
2023-05-03 00:00:00+00:00,942.4312976344092,0.0,1.0790631396070103,-0.15395426260485068,911.16043046756
2023-05-04 00:00:00+00:00,929.1218746784859,0.0,1.0638241426029575,-0.16590248693410703,911.0472775362191
2023-05-05 00:00:00+00:00,957.6137578843776,0.0,1.096446723180064,-0.1403245626894306,910.9077325650229
2023-05-06 00:00:00+00:00,933.6466876752204,0.0,1.0690049541174378,-0.16184044150118637,910.778235953165
2023-05-07 00:00:00+00:00,927.0436950545612,0.0,1.0614446725712552,-0.16776812426679777,910.7338685543043
2023-05-08 00:00:00+00:00,899.51852926501,0.0,1.0299289622063406,-0.19247820047691366,910.7075169477151
2023-05-09 00:00:00+00:00,900.5543959027692,0.0,1.0311150067585113,-0.19154827534010443,910.8741681946335
2023-05-10 00:00:00+00:00,907.4373991024136,0.0,1.038995894268483,-0.18536921960187358,910.8824678485374
2023-05-11 00:00:00+00:00,887.7196553311004,0.0,1.016419510660207,-0.2030703646197044,910.814259882291
2023-05-12 00:00:00+00:00,886.893461411504,0.0,1.015473536765832,-0.20381206095947046,886.893461411504
2023-05-13 00:00:00+00:00,885.9473266651795,0.0,1.0143902332588042,-0.2046614313816313,886.6902698704987
2023-05-14 00:00:00+00:00,886.7308081666434,0.0,1.0152873023723998,-0.20395807911998065,886.6477082261774
2023-05-15 00:00:00+00:00,887.2233229937037,0.0,1.0158512210335529,-0.20351593541031798,886.6154427017976
2023-05-16 00:00:00+00:00,884.2360809282278,0.0,1.0124308944696647,-0.20619766236739934,886.5630833425232
2023-05-17 00:00:00+00:00,887.8630191745885,0.0,1.0165836591126711,-0.20294166306980455,886.5165591288041
2023-05-18 00:00:00+00:00,880.8400440273692,0.0,1.0085425067965685,-0.20924637536241553,886.4712190248054
2023-05-19 00:00:00+00:00,880.5383260677017,0.0,1.0081970463586014,-0.20951723563022817,880.5383260677017
2023-05-20 00:00:00+00:00,880.5383260677017,0.0,1.0081970463586014,-0.20951723563022817,880.5383260677017
2023-05-21 00:00:00+00:00,880.5383260677017,0.0,1.0081970463586014,-0.20951723563022817,880.5383260677017
2023-05-22 00:00:00+00:00,880.5383260677017,0.0,1.0081970463586014,-0.20951723563022817,880.5383260677017
2023-05-23 00:00:00+00:00,880.5383260677017,0.0,1.0081970463586014,-0.20951723563022817,880.5383260677017
2023-05-24 00:00:00+00:00,880.5383260677017,0.0,1.0081970463586014,-0.20951723563022817,880.5383260677017
2023-05-25 00:00:00+00:00,880.5383260677017,0.0,1.0081970463586014,-0.20951723563022817,880.5383260677017
2023-05-26 00:00:00+00:00,880.5383260677017,0.0,1.0081970463586014,-0.20951723563022817,880.5383260677017
2023-05-27 00:00:00+00:00,980.5383260677017,100.0,1.0081970463586014,-0.20951723563022817,980.5383260677017
2023-05-28 00:00:00+00:00,980.5383260677017,0.0,1.0081970463586014,-0.20951723563022817,980.5383260677017
2023-05-29 00:00:00+00:00,980.5383260677017,0.0,1.0081970463586014,-0.20951723563022817,980.5383260677017
2023-05-30 00:00:00+00:00,980.5383260677017,0.0,1.0081970463586014,-0.20951723563022817,980.5383260677017
2023-05-31 00:00:00+00:00,980.5383260677017,0.0,1.0081970463586014,-0.20951723563022817,980.5383260677017
2023-06-01 00:00:00+00:00,980.5383260677017,0.0,1.0081970463586014,-0.20951723563022817,980.5383260677017
2023-06-02 00:00:00+00:00,980.5383260677017,0.0,1.0081970463586014,-0.20951723563022817,980.5383260677017
2023-06-03 00:00:00+00:00,980.5383260677017,0.0,1.0081970463586014,-0.20951723563022817,980.5383260677017
2023-06-04 00:00:00+00:00,980.5383260677017,0.0,1.0081970463586014,-0.20951723563022817,980.5383260677017
2023-06-05 00:00:00+00:00,953.2972853802756,0.0,0.980187598863633,-0.23147820602213842,980.2169102034154
2023-06-06 00:00:00+00:00,952.8631673084811,0.0,0.9797412353242195,-0.23182817995414295,952.8631673084811
2023-06-07 00:00:00+00:00,952.8631673084811,0.0,0.9797412353242195,-0.23182817995414295,952.8631673084811
2023-06-08 00:00:00+00:00,952.8631673084811,0.0,0.9797412353242195,-0.23182817995414295,952.8631673084811
2023-06-09 00:00:00+00:00,952.8631673084811,0.0,0.9797412353242195,-0.23182817995414295,952.8631673084811
2023-06-10 00:00:00+00:00,952.8631673084811,0.0,0.9797412353242195,-0.23182817995414295,952.8631673084811
2023-06-11 00:00:00+00:00,952.8631673084811,0.0,0.9797412353242195,-0.23182817995414295,952.8631673084811
2023-06-12 00:00:00+00:00,952.8631673084811,0.0,0.9797412353242195,-0.23182817995414295,952.8631673084811
2023-06-13 00:00:00+00:00,952.8631673084811,0.0,0.9797412353242195,-0.23182817995414295,952.8631673084811
2023-06-14 00:00:00+00:00,952.8631673084811,0.0,0.9797412353242195,-0.23182817995414295,952.8631673084811
2023-06-15 00:00:00+00:00,952.8631673084811,0.0,0.9797412353242195,-0.23182817995414295,952.8631673084811
2023-06-16 00:00:00+00:00,952.8631673084811,0.0,0.9797412353242195,-0.23182817995414295,952.8631673084811
2023-06-17 00:00:00+00:00,967.7045116630912,0.0,0.995001219706794,-0.21986350034855873,949.9335384909103
2023-06-18 00:00:00+00:00,947.2343088010175,0.0,0.9739535997257682,-0.2363660093433012,949.3877399798714
2023-06-19 00:00:00+00:00,1002.1826453085142,0.0,1.0304519018281906,-0.19206818662161473,948.8768527691979
2023-06-20 00:00:00+00:00,1164.705612185644,0.0,1.1975592660329892,-0.06104668474332908,948.8358040121319
2023-06-21 00:00:00+00:00,1363.3363250924504,0.0,1.4017928923429908,0.0,1363.3363250924504
2023-06-22 00:00:00+00:00,1363.3363250924504,0.0,1.4017928923429908,0.0,1363.3363250924504
2023-06-23 00:00:00+00:00,1363.3363250924504,0.0,1.4017928923429908,0.0,1363.3363250924504
2023-06-24 00:00:00+00:00,1363.3363250924504,0.0,1.4017928923429908,0.0,1363.3363250924504
2023-06-25 00:00:00+00:00,1363.3363250924504,0.0,1.4017928923429908,0.0,1363.3363250924504
2023-06-26 00:00:00+00:00,1363.3363250924504,0.0,1.4017928923429908,0.0,1363.3363250924504
2023-06-27 00:00:00+00:00,1463.3363250924506,100.0,1.401792892342991,0.0,1463.3363250924506
2023-06-28 00:00:00+00:00,1463.3363250924506,0.0,1.401792892342991,0.0,1463.3363250924506
2023-06-29 00:00:00+00:00,1463.3363250924506,0.0,1.401792892342991,0.0,1463.3363250924506
2023-06-30 00:00:00+00:00,1463.3363250924506,0.0,1.401792892342991,0.0,1463.3363250924506
2023-07-01 00:00:00+00:00,1463.3363250924506,0.0,1.401792892342991,0.0,1463.3363250924506
2023-07-02 00:00:00+00:00,1463.3363250924506,0.0,1.401792892342991,0.0,1463.3363250924506
2023-07-03 00:00:00+00:00,1463.3363250924506,0.0,1.401792892342991,0.0,1463.3363250924506
2023-07-04 00:00:00+00:00,1463.3363250924506,0.0,1.401792892342991,0.0,1463.3363250924506
2023-07-05 00:00:00+00:00,1463.3363250924506,0.0,1.401792892342991,0.0,1463.3363250924506
2023-07-06 00:00:00+00:00,1463.3363250924506,0.0,1.401792892342991,0.0,1463.3363250924506
2023-07-07 00:00:00+00:00,1463.3363250924506,0.0,1.401792892342991,0.0,1463.3363250924506
2023-07-08 00:00:00+00:00,1467.825692051659,0.0,1.4060934503122193,0.0,1463.0032850219602
2023-07-09 00:00:00+00:00,1460.1884707070087,0.0,1.398777427047708,-0.005203084661895563,1463.0042624858254
2023-07-10 00:00:00+00:00,1459.706330703697,0.0,1.3983155643725544,-0.005531556908922264,1462.955934990908
2023-07-11 00:00:00+00:00,1471.5891193283828,0.0,1.4096985993930555,0.0,1463.0018394579758
2023-07-12 00:00:00+00:00,1469.6890736861267,0.0,1.4078784638365398,-0.0012911522770182593,1462.9919768880095
2023-07-13 00:00:00+00:00,1533.1081509067262,0.0,1.4686303293936058,0.0,1463.0434412752877
2023-07-14 00:00:00+00:00,1552.0618728323345,0.0,1.4867869159712572,0.0,1552.0618728323345
2023-07-15 00:00:00+00:00,1552.0618728323345,0.0,1.4867869159712572,0.0,1552.0618728323345
2023-07-16 00:00:00+00:00,1552.0618728323345,0.0,1.4867869159712572,0.0,1552.0618728323345
2023-07-17 00:00:00+00:00,1552.0618728323345,0.0,1.4867869159712572,0.0,1552.0618728323345
2023-07-18 00:00:00+00:00,1552.0618728323345,0.0,1.4867869159712572,0.0,1552.0618728323345
2023-07-19 00:00:00+00:00,1552.0618728323345,0.0,1.4867869159712572,0.0,1552.0618728323345
2023-07-20 00:00:00+00:00,1552.0618728323345,0.0,1.4867869159712572,0.0,1552.0618728323345
2023-07-21 00:00:00+00:00,1552.0618728323345,0.0,1.4867869159712572,0.0,1552.0618728323345
2023-07-22 00:00:00+00:00,1552.0618728323345,0.0,1.4867869159712572,0.0,1552.0618728323345
2023-07-23 00:00:00+00:00,1552.0618728323345,0.0,1.4867869159712572,0.0,1552.0618728323345
2023-07-24 00:00:00+00:00,1552.0618728323345,0.0,1.4867869159712572,0.0,1552.0618728323345
2023-07-25 00:00:00+00:00,1552.0618728323345,0.0,1.4867869159712572,0.0,1552.0618728323345
2023-07-26 00:00:00+00:00,1552.0618728323345,0.0,1.4867869159712572,0.0,1552.0618728323345
2023-07-27 00:00:00+00:00,1652.0618728323345,100.0,1.4867869159712572,0.0,1652.0618728323345
2023-07-28 00:00:00+00:00,1652.0618728323345,0.0,1.4867869159712572,0.0,1652.0618728323345
2023-07-29 00:00:00+00:00,1652.0618728323345,0.0,1.4867869159712572,0.0,1652.0618728323345
2023-07-30 00:00:00+00:00,1652.0618728323345,0.0,1.4867869159712572,0.0,1652.0618728323345
2023-07-31 00:00:00+00:00,1652.0618728323345,0.0,1.4867869159712572,0.0,1652.0618728323345
2023-08-01 00:00:00+00:00,1652.0618728323345,0.0,1.4867869159712572,0.0,1652.0618728323345
2023-08-02 00:00:00+00:00,1652.0618728323345,0.0,1.4867869159712572,0.0,1652.0618728323345
2023-08-03 00:00:00+00:00,1652.0618728323345,0.0,1.4867869159712572,0.0,1652.0618728323345
2023-08-04 00:00:00+00:00,1652.0618728323345,0.0,1.4867869159712572,0.0,1652.0618728323345
2023-08-05 00:00:00+00:00,1652.0618728323345,0.0,1.4867869159712572,0.0,1652.0618728323345
2023-08-06 00:00:00+00:00,1652.0618728323345,0.0,1.4867869159712572,0.0,1652.0618728323345
2023-08-07 00:00:00+00:00,1652.0618728323345,0.0,1.4867869159712572,0.0,1652.0618728323345
2023-08-08 00:00:00+00:00,1652.0618728323345,0.0,1.4867869159712572,0.0,1652.0618728323345
2023-08-09 00:00:00+00:00,1652.0618728323345,0.0,1.4867869159712572,0.0,1652.0618728323345
2023-08-10 00:00:00+00:00,1652.0618728323345,0.0,1.4867869159712572,0.0,1652.0618728323345
2023-08-11 00:00:00+00:00,1652.0618728323345,0.0,1.4867869159712572,0.0,1652.0618728323345
2023-08-12 00:00:00+00:00,1652.0618728323345,0.0,1.4867869159712572,0.0,1652.0618728323345
2023-08-13 00:00:00+00:00,1652.0618728323345,0.0,1.4867869159712572,0.0,1652.0618728323345
2023-08-14 00:00:00+00:00,1652.0618728323345,0.0,1.4867869159712572,0.0,1652.0618728323345
2023-08-15 00:00:00+00:00,1652.0618728323345,0.0,1.4867869159712572,0.0,1652.0618728323345
2023-08-16 00:00:00+00:00,1652.0618728323345,0.0,1.4867869159712572,0.0,1652.0618728323345
2023-08-17 00:00:00+00:00,1652.0618728323345,0.0,1.4867869159712572,0.0,1652.0618728323345
2023-08-18 00:00:00+00:00,1652.0618728323345,0.0,1.4867869159712572,0.0,1652.0618728323345
2023-08-19 00:00:00+00:00,1615.4860180859496,0.0,1.4538701692248663,-0.02213951871165598,1650.2102258838531
2023-08-20 00:00:00+00:00,1610.4981660077788,0.0,1.4493813099814103,-0.025158686552881893,1650.1513723271078
2023-08-21 00:00:00+00:00,1549.9041245059666,0.0,1.394849194948539,-0.061836514725218006,1650.348312589542
2023-08-22 00:00:00+00:00,1524.2150917958368,0.0,1.3717301348543203,-0.07738619426965776,1650.9472719936807
2023-08-23 00:00:00+00:00,1614.2253366589448,0.0,1.4527356084183363,-0.02290261448169706,1652.470257686438
2023-08-24 00:00:00+00:00,1520.6656142989787,0.0,1.3685357528595252,-0.07953470792718365,1651.7037000477794
2023-08-25 00:00:00+00:00,1473.7990400659032,0.0,1.326357786941899,-0.10790324242566829,1621.6554996412847
2023-08-26 00:00:00+00:00,1472.0397350904973,0.0,1.3247744856977681,-0.10896815712670771,1472.0397350904973
2023-08-27 00:00:00+00:00,1572.0397350904973,100.0,1.3247744856977681,-0.10896815712670771,1572.0397350904973
2023-08-28 00:00:00+00:00,1572.0397350904973,0.0,1.3247744856977681,-0.10896815712670771,1572.0397350904973
2023-08-29 00:00:00+00:00,1572.0397350904973,0.0,1.3247744856977681,-0.10896815712670771,1572.0397350904973
2023-08-30 00:00:00+00:00,1529.920644270656,0.0,1.289280283081,-0.13284125032889083,1571.1201159998081
2023-08-31 00:00:00+00:00,1528.7930542500796,0.0,1.288330051063168,-0.13348036815245012,1528.7930542500796
2023-09-01 00:00:00+00:00,1528.7930542500796,0.0,1.288330051063168,-0.13348036815245012,1528.7930542500796
2023-09-02 00:00:00+00:00,1528.7930542500796,0.0,1.288330051063168,-0.13348036815245012,1528.7930542500796
2023-09-03 00:00:00+00:00,1528.7930542500796,0.0,1.288330051063168,-0.13348036815245012,1528.7930542500796
2023-09-04 00:00:00+00:00,1528.7930542500796,0.0,1.288330051063168,-0.13348036815245012,1528.7930542500796
2023-09-05 00:00:00+00:00,1528.7930542500796,0.0,1.288330051063168,-0.13348036815245012,1528.7930542500796
2023-09-06 00:00:00+00:00,1528.7930542500796,0.0,1.288330051063168,-0.13348036815245012,1528.7930542500796
2023-09-07 00:00:00+00:00,1528.7930542500796,0.0,1.288330051063168,-0.13348036815245012,1528.7930542500796
2023-09-08 00:00:00+00:00,1528.7930542500796,0.0,1.288330051063168,-0.13348036815245012,1528.7930542500796
2023-09-09 00:00:00+00:00,1528.7930542500796,0.0,1.288330051063168,-0.13348036815245012,1528.7930542500796
2023-09-10 00:00:00+00:00,1528.7930542500796,0.0,1.288330051063168,-0.13348036815245012,1528.7930542500796
2023-09-11 00:00:00+00:00,1528.7930542500796,0.0,1.288330051063168,-0.13348036815245012,1528.7930542500796
2023-09-12 00:00:00+00:00,1528.7930542500796,0.0,1.288330051063168,-0.13348036815245012,1528.7930542500796
2023-09-13 00:00:00+00:00,1528.7930542500796,0.0,1.288330051063168,-0.13348036815245012,1528.7930542500796
2023-09-14 00:00:00+00:00,1528.7930542500796,0.0,1.288330051063168,-0.13348036815245012,1528.7930542500796
2023-09-15 00:00:00+00:00,1528.7930542500796,0.0,1.288330051063168,-0.13348036815245012,1528.7930542500796
2023-09-16 00:00:00+00:00,1528.7930542500796,0.0,1.288330051063168,-0.13348036815245012,1528.7930542500796
2023-09-17 00:00:00+00:00,1528.7930542500796,0.0,1.288330051063168,-0.13348036815245012,1528.7930542500796
2023-09-18 00:00:00+00:00,1528.7930542500796,0.0,1.288330051063168,-0.13348036815245012,1528.7930542500796
2023-09-19 00:00:00+00:00,1528.7930542500796,0.0,1.288330051063168,-0.13348036815245012,1528.7930542500796
2023-09-20 00:00:00+00:00,1511.2590794681817,0.0,1.273553985353487,-0.14341862194723032,1527.5844692718072
2023-09-21 00:00:00+00:00,1454.640057982533,0.0,1.2258405380435544,-0.17551027327761837,1527.4341473476602
2023-09-22 00:00:00+00:00,1453.173321812281,0.0,1.2246045039839648,-0.17634161907862855,1453.173321812281
2023-09-23 00:00:00+00:00,1453.173321812281,0.0,1.2246045039839648,-0.17634161907862855,1453.173321812281
2023-09-24 00:00:00+00:00,1453.173321812281,0.0,1.2246045039839648,-0.17634161907862855,1453.173321812281
2023-09-25 00:00:00+00:00,1453.173321812281,0.0,1.2246045039839648,-0.17634161907862855,1453.173321812281
2023-09-26 00:00:00+00:00,1453.173321812281,0.0,1.2246045039839648,-0.17634161907862855,1453.173321812281
2023-09-27 00:00:00+00:00,1553.173321812281,100.0,1.2246045039839648,-0.17634161907862855,1553.173321812281
2023-09-28 00:00:00+00:00,1553.173321812281,0.0,1.2246045039839648,-0.17634161907862855,1553.173321812281
2023-09-29 00:00:00+00:00,1553.173321812281,0.0,1.2246045039839648,-0.17634161907862855,1553.173321812281
2023-09-30 00:00:00+00:00,1564.465532718897,0.0,1.2335078840137244,-0.17035328279848094,1552.2428354961976
2023-10-01 00:00:00+00:00,1700.9198680427548,0.0,1.3410957438352895,-0.09799062029059735,1551.8540274740697
2023-10-02 00:00:00+00:00,1515.555874005484,0.0,1.1949449062007411,-0.19629040761356686,1545.798942952868
2023-10-03 00:00:00+00:00,1492.9447271975143,0.0,1.1771170747331152,-0.2082812526204183,1426.1026525192756
2023-10-04 00:00:00+00:00,1500.2550767541734,0.0,1.1828809433671297,-0.20440452450820645,1426.5510836286394
2023-10-05 00:00:00+00:00,1462.2777383580583,0.0,1.1529375886905635,-0.22454416547148826,1427.3186046706942
2023-10-06 00:00:00+00:00,1542.7295939104254,0.0,1.2163701131098847,-0.1818799990479606,1427.7047580744152
2023-10-07 00:00:00+00:00,1529.4561501889855,0.0,1.2059046236913011,-0.18891899657084832,1422.9932743269296
2023-10-08 00:00:00+00:00,1512.6785194899294,0.0,1.1926762467730896,-0.19781628829174702,1422.7660919082336
2023-10-09 00:00:00+00:00,1375.922044161991,0.0,1.0848501636929642,-0.27033917769966664,1422.1152819932147
2023-10-10 00:00:00+00:00,1349.2540292818467,0.0,1.0638236815380748,-0.28448140744961947,1346.385533841055
2023-10-11 00:00:00+00:00,1343.69668821656,0.0,1.0594419780905908,-0.28742850323074,1318.1112484083149
2023-10-12 00:00:00+00:00,1314.8072235851316,0.0,1.0366639867302625,-0.30274878289936236,1318.1505543668427
2023-10-13 00:00:00+00:00,1337.1530088946436,0.0,1.054282593070447,-0.29089866090076055,1318.3202793484186
2023-10-14 00:00:00+00:00,1347.9379312401595,0.0,1.0627859998016582,-0.28517934319634264,1318.004480929554
2023-10-15 00:00:00+00:00,1366.417890747479,0.0,1.0773565833471563,-0.27537929492514857,1318.3377546464776
2023-10-16 00:00:00+00:00,1446.5295100253295,0.0,1.1405208473808914,-0.23289555811309004,1318.5346854865602
2023-10-17 00:00:00+00:00,1430.5808769733999,0.0,1.1279460963254255,-0.24135322674091175,1313.556607479802
2023-10-18 00:00:00+00:00,1419.7836039999374,0.0,1.1194329517018633,-0.24707909406736783,1313.6375324716018
2023-10-19 00:00:00+00:00,1590.321673791753,0.0,1.2538942416524965,-0.15664159525282173,1463.2316574026174
2023-10-20 00:00:00+00:00,1755.0468805954213,0.0,1.383772361073249,-0.06928669723375458,1464.5457721136456
2023-10-21 00:00:00+00:00,1848.5426041116482,0.0,1.4574893651662726,-0.01970527887370177,1606.7791348663704
2023-10-22 00:00:00+00:00,1863.036594501896,0.0,1.4689171985338243,-0.012019017147295363,1606.3498485762777
2023-10-23 00:00:00+00:00,2182.935841513745,0.0,1.7211427893356839,0.0,2182.935841513745
2023-10-24 00:00:00+00:00,2182.935841513745,0.0,1.7211427893356839,0.0,2182.935841513745
2023-10-25 00:00:00+00:00,2182.935841513745,0.0,1.7211427893356839,0.0,2182.935841513745
2023-10-26 00:00:00+00:00,2182.935841513745,0.0,1.7211427893356839,0.0,2182.935841513745
2023-10-27 00:00:00+00:00,2282.935841513745,100.0,1.7211427893356839,0.0,2282.935841513745
2023-10-28 00:00:00+00:00,2282.935841513745,0.0,1.7211427893356839,0.0,2282.935841513745
2023-10-29 00:00:00+00:00,2282.935841513745,0.0,1.7211427893356839,0.0,2282.935841513745
2023-10-30 00:00:00+00:00,2282.935841513745,0.0,1.7211427893356839,0.0,2282.935841513745
2023-10-31 00:00:00+00:00,2282.935841513745,0.0,1.7211427893356839,0.0,2282.935841513745
2023-11-01 00:00:00+00:00,2282.935841513745,0.0,1.7211427893356839,0.0,2282.935841513745
2023-11-02 00:00:00+00:00,2282.935841513745,0.0,1.7211427893356839,0.0,2282.935841513745
2023-11-03 00:00:00+00:00,2282.935841513745,0.0,1.7211427893356839,0.0,2282.935841513745
2023-11-04 00:00:00+00:00,2282.935841513745,0.0,1.7211427893356839,0.0,2282.935841513745
2023-11-05 00:00:00+00:00,2282.935841513745,0.0,1.7211427893356839,0.0,2282.935841513745
2023-11-06 00:00:00+00:00,2282.935841513745,0.0,1.7211427893356839,0.0,2282.935841513745
2023-11-07 00:00:00+00:00,2282.935841513745,0.0,1.7211427893356839,0.0,2282.935841513745
2023-11-08 00:00:00+00:00,2282.935841513745,0.0,1.7211427893356839,0.0,2282.935841513745
2023-11-09 00:00:00+00:00,2282.935841513745,0.0,1.7211427893356839,0.0,2282.935841513745
2023-11-10 00:00:00+00:00,2282.935841513745,0.0,1.7211427893356839,0.0,2282.935841513745
2023-11-11 00:00:00+00:00,2282.935841513745,0.0,1.7211427893356839,0.0,2282.935841513745
2023-11-12 00:00:00+00:00,2282.935841513745,0.0,1.7211427893356839,0.0,2282.935841513745
2023-11-13 00:00:00+00:00,2282.935841513745,0.0,1.7211427893356839,0.0,2282.935841513745
2023-11-14 00:00:00+00:00,2282.935841513745,0.0,1.7211427893356839,0.0,2282.935841513745
2023-11-15 00:00:00+00:00,2282.935841513745,0.0,1.7211427893356839,0.0,2282.935841513745
2023-11-16 00:00:00+00:00,2282.935841513745,0.0,1.7211427893356839,0.0,2282.935841513745
2023-11-17 00:00:00+00:00,2282.935841513745,0.0,1.7211427893356839,0.0,2282.935841513745
2023-11-18 00:00:00+00:00,2282.935841513745,0.0,1.7211427893356839,0.0,2282.935841513745
2023-11-19 00:00:00+00:00,2282.935841513745,0.0,1.7211427893356839,0.0,2282.935841513745
2023-11-20 00:00:00+00:00,2282.935841513745,0.0,1.7211427893356839,0.0,2282.935841513745
2023-11-21 00:00:00+00:00,2282.935841513745,0.0,1.7211427893356839,0.0,2282.935841513745
2023-11-22 00:00:00+00:00,2282.935841513745,0.0,1.7211427893356839,0.0,2282.935841513745
2023-11-23 00:00:00+00:00,2282.935841513745,0.0,1.7211427893356839,0.0,2282.935841513745
2023-11-24 00:00:00+00:00,2282.935841513745,0.0,1.7211427893356839,0.0,2282.935841513745
2023-11-25 00:00:00+00:00,2282.935841513745,0.0,1.7211427893356839,0.0,2282.935841513745
2023-11-26 00:00:00+00:00,2282.935841513745,0.0,1.7211427893356839,0.0,2282.935841513745
2023-11-27 00:00:00+00:00,2382.935841513745,100.0,1.7211427893356839,0.0,2382.935841513745
2023-11-28 00:00:00+00:00,2382.935841513745,0.0,1.7211427893356839,0.0,2382.935841513745
2023-11-29 00:00:00+00:00,2382.935841513745,0.0,1.7211427893356839,0.0,2382.935841513745
2023-11-30 00:00:00+00:00,2382.935841513745,0.0,1.7211427893356839,0.0,2382.935841513745
2023-12-01 00:00:00+00:00,2382.935841513745,0.0,1.7211427893356839,0.0,2382.935841513745
2023-12-02 00:00:00+00:00,2382.935841513745,0.0,1.7211427893356839,0.0,2382.935841513745
2023-12-03 00:00:00+00:00,2382.935841513745,0.0,1.7211427893356839,0.0,2382.935841513745
2023-12-04 00:00:00+00:00,2382.935841513745,0.0,1.7211427893356839,0.0,2382.935841513745
2023-12-05 00:00:00+00:00,2382.935841513745,0.0,1.7211427893356839,0.0,2382.935841513745
2023-12-06 00:00:00+00:00,2382.935841513745,0.0,1.7211427893356839,0.0,2382.935841513745
2023-12-07 00:00:00+00:00,2382.935841513745,0.0,1.7211427893356839,0.0,2382.935841513745
2023-12-08 00:00:00+00:00,2382.935841513745,0.0,1.7211427893356839,0.0,2382.935841513745
2023-12-09 00:00:00+00:00,2382.935841513745,0.0,1.7211427893356839,0.0,2382.935841513745
2023-12-10 00:00:00+00:00,2382.935841513745,0.0,1.7211427893356839,0.0,2382.935841513745
2023-12-11 00:00:00+00:00,2382.935841513745,0.0,1.7211427893356839,0.0,2382.935841513745
2023-12-12 00:00:00+00:00,2382.935841513745,0.0,1.7211427893356839,0.0,2382.935841513745
2023-12-13 00:00:00+00:00,2382.935841513745,0.0,1.7211427893356839,0.0,2382.935841513745
2023-12-14 00:00:00+00:00,2382.935841513745,0.0,1.7211427893356839,0.0,2382.935841513745
2023-12-15 00:00:00+00:00,2382.935841513745,0.0,1.7211427893356839,0.0,2382.935841513745
2023-12-16 00:00:00+00:00,2382.935841513745,0.0,1.7211427893356839,0.0,2382.935841513745
2023-12-17 00:00:00+00:00,2382.935841513745,0.0,1.7211427893356839,0.0,2382.935841513745
2023-12-18 00:00:00+00:00,2382.935841513745,0.0,1.7211427893356839,0.0,2382.935841513745
2023-12-19 00:00:00+00:00,2382.935841513745,0.0,1.7211427893356839,0.0,2382.935841513745
2023-12-20 00:00:00+00:00,2382.935841513745,0.0,1.7211427893356839,0.0,2382.935841513745
2023-12-21 00:00:00+00:00,2382.935841513745,0.0,1.7211427893356839,0.0,2382.935841513745
2023-12-22 00:00:00+00:00,2382.935841513745,0.0,1.7211427893356839,0.0,2382.935841513745
2023-12-23 00:00:00+00:00,2382.935841513745,0.0,1.7211427893356839,0.0,2382.935841513745
2023-12-24 00:00:00+00:00,2382.935841513745,0.0,1.7211427893356839,0.0,2382.935841513745
2023-12-25 00:00:00+00:00,2382.935841513745,0.0,1.7211427893356839,0.0,2382.935841513745
2023-12-26 00:00:00+00:00,2382.935841513745,0.0,1.7211427893356839,0.0,2382.935841513745
2023-12-27 00:00:00+00:00,2482.935841513745,100.0,1.7211427893356839,0.0,2482.935841513745
2023-12-28 00:00:00+00:00,2482.935841513745,0.0,1.7211427893356839,0.0,2482.935841513745
2023-12-29 00:00:00+00:00,2482.935841513745,0.0,1.7211427893356839,0.0,2482.935841513745
2023-12-30 00:00:00+00:00,2482.935841513745,0.0,1.7211427893356839,0.0,2482.935841513745
2023-12-31 00:00:00+00:00,2482.935841513745,0.0,1.7211427893356839,0.0,2482.935841513745
2024-01-01 00:00:00+00:00,2482.935841513745,0.0,1.7211427893356839,0.0,2482.935841513745
2024-01-02 00:00:00+00:00,2482.935841513745,0.0,1.7211427893356839,0.0,2482.935841513745
2024-01-03 00:00:00+00:00,2482.935841513745,0.0,1.7211427893356839,0.0,2482.935841513745
2024-01-04 00:00:00+00:00,2482.935841513745,0.0,1.7211427893356839,0.0,2482.935841513745
2024-01-05 00:00:00+00:00,2482.935841513745,0.0,1.7211427893356839,0.0,2482.935841513745
2024-01-06 00:00:00+00:00,2482.935841513745,0.0,1.7211427893356839,0.0,2482.935841513745
2024-01-07 00:00:00+00:00,2482.935841513745,0.0,1.7211427893356839,0.0,2482.935841513745
2024-01-08 00:00:00+00:00,2482.935841513745,0.0,1.7211427893356839,0.0,2482.935841513745
2024-01-09 00:00:00+00:00,2482.935841513745,0.0,1.7211427893356839,0.0,2482.935841513745
2024-01-10 00:00:00+00:00,2482.935841513745,0.0,1.7211427893356839,0.0,2482.935841513745
2024-01-11 00:00:00+00:00,2482.935841513745,0.0,1.7211427893356839,0.0,2482.935841513745
2024-01-12 00:00:00+00:00,2482.935841513745,0.0,1.7211427893356839,0.0,2482.935841513745
2024-01-13 00:00:00+00:00,2482.935841513745,0.0,1.7211427893356839,0.0,2482.935841513745
2024-01-14 00:00:00+00:00,2482.935841513745,0.0,1.7211427893356839,0.0,2482.935841513745
2024-01-15 00:00:00+00:00,2482.935841513745,0.0,1.7211427893356839,0.0,2482.935841513745
2024-01-16 00:00:00+00:00,2482.935841513745,0.0,1.7211427893356839,0.0,2482.935841513745
2024-01-17 00:00:00+00:00,2482.935841513745,0.0,1.7211427893356839,0.0,2482.935841513745
2024-01-18 00:00:00+00:00,2482.935841513745,0.0,1.7211427893356839,0.0,2482.935841513745
2024-01-19 00:00:00+00:00,2482.935841513745,0.0,1.7211427893356839,0.0,2482.935841513745
2024-01-20 00:00:00+00:00,2482.935841513745,0.0,1.7211427893356839,0.0,2482.935841513745
2024-01-21 00:00:00+00:00,2482.935841513745,0.0,1.7211427893356839,0.0,2482.935841513745
2024-01-22 00:00:00+00:00,2482.935841513745,0.0,1.7211427893356839,0.0,2482.935841513745
2024-01-23 00:00:00+00:00,2482.935841513745,0.0,1.7211427893356839,0.0,2482.935841513745
2024-01-24 00:00:00+00:00,2482.935841513745,0.0,1.7211427893356839,0.0,2482.935841513745
2024-01-25 00:00:00+00:00,2482.935841513745,0.0,1.7211427893356839,0.0,2482.935841513745
2024-01-26 00:00:00+00:00,2482.935841513745,0.0,1.7211427893356839,0.0,2482.935841513745
2024-01-27 00:00:00+00:00,2582.935841513745,100.0,1.7211427893356839,0.0,2582.935841513745
2024-01-28 00:00:00+00:00,2582.935841513745,0.0,1.7211427893356839,0.0,2582.935841513745
2024-01-29 00:00:00+00:00,2582.935841513745,0.0,1.7211427893356839,0.0,2582.935841513745
2024-01-30 00:00:00+00:00,2582.935841513745,0.0,1.7211427893356839,0.0,2582.935841513745
2024-01-31 00:00:00+00:00,2582.935841513745,0.0,1.7211427893356839,0.0,2582.935841513745
2024-02-01 00:00:00+00:00,2582.935841513745,0.0,1.7211427893356839,0.0,2582.935841513745
2024-02-02 00:00:00+00:00,2582.935841513745,0.0,1.7211427893356839,0.0,2582.935841513745
2024-02-03 00:00:00+00:00,2582.935841513745,0.0,1.7211427893356839,0.0,2582.935841513745
2024-02-04 00:00:00+00:00,2582.935841513745,0.0,1.7211427893356839,0.0,2582.935841513745
2024-02-05 00:00:00+00:00,2582.935841513745,0.0,1.7211427893356839,0.0,2582.935841513745
2024-02-06 00:00:00+00:00,2582.935841513745,0.0,1.7211427893356839,0.0,2582.935841513745
2024-02-07 00:00:00+00:00,2582.935841513745,0.0,1.7211427893356839,0.0,2582.935841513745
2024-02-08 00:00:00+00:00,2582.935841513745,0.0,1.7211427893356839,0.0,2582.935841513745
2024-02-09 00:00:00+00:00,2582.935841513745,0.0,1.7211427893356839,0.0,2582.935841513745
2024-02-10 00:00:00+00:00,2582.935841513745,0.0,1.7211427893356839,0.0,2582.935841513745
2024-02-11 00:00:00+00:00,2582.935841513745,0.0,1.7211427893356839,0.0,2582.935841513745
2024-02-12 00:00:00+00:00,2582.935841513745,0.0,1.7211427893356839,0.0,2582.935841513745
2024-02-13 00:00:00+00:00,2582.935841513745,0.0,1.7211427893356839,0.0,2582.935841513745
2024-02-14 00:00:00+00:00,2582.935841513745,0.0,1.7211427893356839,0.0,2582.935841513745
2024-02-15 00:00:00+00:00,2582.935841513745,0.0,1.7211427893356839,0.0,2582.935841513745
2024-02-16 00:00:00+00:00,2582.935841513745,0.0,1.7211427893356839,0.0,2582.935841513745
2024-02-17 00:00:00+00:00,2582.935841513745,0.0,1.7211427893356839,0.0,2582.935841513745
2024-02-18 00:00:00+00:00,2582.935841513745,0.0,1.7211427893356839,0.0,2582.935841513745
2024-02-19 00:00:00+00:00,2582.935841513745,0.0,1.7211427893356839,0.0,2582.935841513745
2024-02-20 00:00:00+00:00,2582.935841513745,0.0,1.7211427893356839,0.0,2582.935841513745
2024-02-21 00:00:00+00:00,2582.935841513745,0.0,1.7211427893356839,0.0,2582.935841513745
2024-02-22 00:00:00+00:00,2582.935841513745,0.0,1.7211427893356839,0.0,2582.935841513745
2024-02-23 00:00:00+00:00,2582.935841513745,0.0,1.7211427893356839,0.0,2582.935841513745
2024-02-24 00:00:00+00:00,2582.935841513745,0.0,1.7211427893356839,0.0,2582.935841513745
2024-02-25 00:00:00+00:00,2582.935841513745,0.0,1.7211427893356839,0.0,2582.935841513745
2024-02-26 00:00:00+00:00,2582.935841513745,0.0,1.7211427893356839,0.0,2582.935841513745
2024-02-27 00:00:00+00:00,2682.935841513745,100.0,1.7211427893356839,0.0,2682.935841513745
2024-02-28 00:00:00+00:00,2682.935841513745,0.0,1.7211427893356839,0.0,2682.935841513745
2024-02-29 00:00:00+00:00,2682.935841513745,0.0,1.7211427893356839,0.0,2682.935841513745
2024-03-01 00:00:00+00:00,2682.935841513745,0.0,1.7211427893356839,0.0,2682.935841513745
2024-03-02 00:00:00+00:00,2682.935841513745,0.0,1.7211427893356839,0.0,2682.935841513745
2024-03-03 00:00:00+00:00,2682.935841513745,0.0,1.7211427893356839,0.0,2682.935841513745
2024-03-04 00:00:00+00:00,2682.935841513745,0.0,1.7211427893356839,0.0,2682.935841513745
2024-03-05 00:00:00+00:00,2682.935841513745,0.0,1.7211427893356839,0.0,2682.935841513745
2024-03-06 00:00:00+00:00,2682.935841513745,0.0,1.7211427893356839,0.0,2682.935841513745
2024-03-07 00:00:00+00:00,2682.935841513745,0.0,1.7211427893356839,0.0,2682.935841513745
2024-03-08 00:00:00+00:00,2682.935841513745,0.0,1.7211427893356839,0.0,2682.935841513745
2024-03-09 00:00:00+00:00,2682.935841513745,0.0,1.7211427893356839,0.0,2682.935841513745
2024-03-10 00:00:00+00:00,2682.935841513745,0.0,1.7211427893356839,0.0,2682.935841513745
2024-03-11 00:00:00+00:00,2682.935841513745,0.0,1.7211427893356839,0.0,2682.935841513745
2024-03-12 00:00:00+00:00,2682.935841513745,0.0,1.7211427893356839,0.0,2682.935841513745
2024-03-13 00:00:00+00:00,2682.935841513745,0.0,1.7211427893356839,0.0,2682.935841513745
2024-03-14 00:00:00+00:00,2682.935841513745,0.0,1.7211427893356839,0.0,2682.935841513745
2024-03-15 00:00:00+00:00,2682.935841513745,0.0,1.7211427893356839,0.0,2682.935841513745
2024-03-16 00:00:00+00:00,2682.935841513745,0.0,1.7211427893356839,0.0,2682.935841513745
2024-03-17 00:00:00+00:00,2682.935841513745,0.0,1.7211427893356839,0.0,2682.935841513745
2024-03-18 00:00:00+00:00,2682.935841513745,0.0,1.7211427893356839,0.0,2682.935841513745
2024-03-19 00:00:00+00:00,2682.935841513745,0.0,1.7211427893356839,0.0,2682.935841513745
2024-03-20 00:00:00+00:00,2682.935841513745,0.0,1.7211427893356839,0.0,2682.935841513745
2024-03-21 00:00:00+00:00,2682.935841513745,0.0,1.7211427893356839,0.0,2682.935841513745
2024-03-22 00:00:00+00:00,2682.935841513745,0.0,1.7211427893356839,0.0,2682.935841513745
2024-03-23 00:00:00+00:00,2682.935841513745,0.0,1.7211427893356839,0.0,2682.935841513745
2024-03-24 00:00:00+00:00,2682.935841513745,0.0,1.7211427893356839,0.0,2682.935841513745
2024-03-25 00:00:00+00:00,2682.935841513745,0.0,1.7211427893356839,0.0,2682.935841513745
2024-03-26 00:00:00+00:00,2682.935841513745,0.0,1.7211427893356839,0.0,2682.935841513745
2024-03-27 00:00:00+00:00,2782.935841513745,100.0,1.7211427893356839,0.0,2782.935841513745
2024-03-28 00:00:00+00:00,2782.935841513745,0.0,1.7211427893356839,0.0,2782.935841513745
2024-03-29 00:00:00+00:00,2782.935841513745,0.0,1.7211427893356839,0.0,2782.935841513745
2024-03-30 00:00:00+00:00,2782.935841513745,0.0,1.7211427893356839,0.0,2782.935841513745
2024-03-31 00:00:00+00:00,2782.935841513745,0.0,1.7211427893356839,0.0,2782.935841513745
2024-04-01 00:00:00+00:00,2782.935841513745,0.0,1.7211427893356839,0.0,2782.935841513745
2024-04-02 00:00:00+00:00,2782.935841513745,0.0,1.7211427893356839,0.0,2782.935841513745
2024-04-03 00:00:00+00:00,2782.935841513745,0.0,1.7211427893356839,0.0,2782.935841513745
2024-04-04 00:00:00+00:00,2782.935841513745,0.0,1.7211427893356839,0.0,2782.935841513745
2024-04-05 00:00:00+00:00,2782.935841513745,0.0,1.7211427893356839,0.0,2782.935841513745
2024-04-06 00:00:00+00:00,2782.935841513745,0.0,1.7211427893356839,0.0,2782.935841513745
2024-04-07 00:00:00+00:00,2782.935841513745,0.0,1.7211427893356839,0.0,2782.935841513745
2024-04-08 00:00:00+00:00,2782.935841513745,0.0,1.7211427893356839,0.0,2782.935841513745
2024-04-09 00:00:00+00:00,2782.935841513745,0.0,1.7211427893356839,0.0,2782.935841513745
2024-04-10 00:00:00+00:00,2782.935841513745,0.0,1.7211427893356839,0.0,2782.935841513745
2024-04-11 00:00:00+00:00,2782.935841513745,0.0,1.7211427893356839,0.0,2782.935841513745
2024-04-12 00:00:00+00:00,2782.935841513745,0.0,1.7211427893356839,0.0,2782.935841513745
2024-04-13 00:00:00+00:00,2782.935841513745,0.0,1.7211427893356839,0.0,2782.935841513745
2024-04-14 00:00:00+00:00,2782.935841513745,0.0,1.7211427893356839,0.0,2782.935841513745
2024-04-15 00:00:00+00:00,2782.935841513745,0.0,1.7211427893356839,0.0,2782.935841513745
2024-04-16 00:00:00+00:00,2782.935841513745,0.0,1.7211427893356839,0.0,2782.935841513745
2024-04-17 00:00:00+00:00,2782.935841513745,0.0,1.7211427893356839,0.0,2782.935841513745
2024-04-18 00:00:00+00:00,2782.935841513745,0.0,1.7211427893356839,0.0,2782.935841513745
2024-04-19 00:00:00+00:00,2782.935841513745,0.0,1.7211427893356839,0.0,2782.935841513745
2024-04-20 00:00:00+00:00,2782.935841513745,0.0,1.7211427893356839,0.0,2782.935841513745
2024-04-21 00:00:00+00:00,2782.935841513745,0.0,1.7211427893356839,0.0,2782.935841513745
2024-04-22 00:00:00+00:00,2782.935841513745,0.0,1.7211427893356839,0.0,2782.935841513745
2024-04-23 00:00:00+00:00,2782.935841513745,0.0,1.7211427893356839,0.0,2782.935841513745
2024-04-24 00:00:00+00:00,2782.935841513745,0.0,1.7211427893356839,0.0,2782.935841513745
2024-04-25 00:00:00+00:00,2782.935841513745,0.0,1.7211427893356839,0.0,2782.935841513745
2024-04-26 00:00:00+00:00,2782.935841513745,0.0,1.7211427893356839,0.0,2782.935841513745
2024-04-27 00:00:00+00:00,2882.935841513745,100.0,1.7211427893356839,0.0,2882.935841513745
2024-04-28 00:00:00+00:00,2882.935841513745,0.0,1.7211427893356839,0.0,2882.935841513745
2024-04-29 00:00:00+00:00,2882.935841513745,0.0,1.7211427893356839,0.0,2882.935841513745
2024-04-30 00:00:00+00:00,2882.935841513745,0.0,1.7211427893356839,0.0,2882.935841513745
2024-05-01 00:00:00+00:00,2882.935841513745,0.0,1.7211427893356839,0.0,2882.935841513745
2024-05-02 00:00:00+00:00,2882.935841513745,0.0,1.7211427893356839,0.0,2882.935841513745
2024-05-03 00:00:00+00:00,2882.935841513745,0.0,1.7211427893356839,0.0,2882.935841513745
2024-05-04 00:00:00+00:00,2882.935841513745,0.0,1.7211427893356839,0.0,2882.935841513745
2024-05-05 00:00:00+00:00,2882.935841513745,0.0,1.7211427893356839,0.0,2882.935841513745
2024-05-06 00:00:00+00:00,2882.935841513745,0.0,1.7211427893356839,0.0,2882.935841513745
2024-05-07 00:00:00+00:00,2882.935841513745,0.0,1.7211427893356839,0.0,2882.935841513745
2024-05-08 00:00:00+00:00,2882.935841513745,0.0,1.7211427893356839,0.0,2882.935841513745
2024-05-09 00:00:00+00:00,2882.935841513745,0.0,1.7211427893356839,0.0,2882.935841513745
2024-05-10 00:00:00+00:00,2882.935841513745,0.0,1.7211427893356839,0.0,2882.935841513745
2024-05-11 00:00:00+00:00,2882.935841513745,0.0,1.7211427893356839,0.0,2882.935841513745
2024-05-12 00:00:00+00:00,2882.935841513745,0.0,1.7211427893356839,0.0,2882.935841513745
2024-05-13 00:00:00+00:00,2882.935841513745,0.0,1.7211427893356839,0.0,2882.935841513745
2024-05-14 00:00:00+00:00,2882.935841513745,0.0,1.7211427893356839,0.0,2882.935841513745
2024-05-15 00:00:00+00:00,2882.935841513745,0.0,1.7211427893356839,0.0,2882.935841513745
2024-05-16 00:00:00+00:00,2882.935841513745,0.0,1.7211427893356839,0.0,2882.935841513745
2024-05-17 00:00:00+00:00,2882.935841513745,0.0,1.7211427893356839,0.0,2882.935841513745
2024-05-18 00:00:00+00:00,2882.935841513745,0.0,1.7211427893356839,0.0,2882.935841513745
2024-05-19 00:00:00+00:00,2882.935841513745,0.0,1.7211427893356839,0.0,2882.935841513745
2024-05-20 00:00:00+00:00,2882.935841513745,0.0,1.7211427893356839,0.0,2882.935841513745
2024-05-21 00:00:00+00:00,2882.935841513745,0.0,1.7211427893356839,0.0,2882.935841513745
2024-05-22 00:00:00+00:00,2882.935841513745,0.0,1.7211427893356839,0.0,2882.935841513745
2024-05-23 00:00:00+00:00,2882.935841513745,0.0,1.7211427893356839,0.0,2882.935841513745
2024-05-24 00:00:00+00:00,2882.935841513745,0.0,1.7211427893356839,0.0,2882.935841513745
2024-05-25 00:00:00+00:00,2882.935841513745,0.0,1.7211427893356839,0.0,2882.935841513745
2024-05-26 00:00:00+00:00,2882.935841513745,0.0,1.7211427893356839,0.0,2882.935841513745
2024-05-27 00:00:00+00:00,2982.935841513745,100.0,1.7211427893356839,0.0,2982.935841513745
2024-05-28 00:00:00+00:00,2982.935841513745,0.0,1.7211427893356839,0.0,2982.935841513745
2024-05-29 00:00:00+00:00,2982.935841513745,0.0,1.7211427893356839,0.0,2982.935841513745
2024-05-30 00:00:00+00:00,2982.935841513745,0.0,1.7211427893356839,0.0,2982.935841513745
2024-05-31 00:00:00+00:00,2982.935841513745,0.0,1.7211427893356839,0.0,2982.935841513745
2024-06-01 00:00:00+00:00,2982.935841513745,0.0,1.7211427893356839,0.0,2982.935841513745
2024-06-02 00:00:00+00:00,2982.935841513745,0.0,1.7211427893356839,0.0,2982.935841513745
2024-06-03 00:00:00+00:00,2982.935841513745,0.0,1.7211427893356839,0.0,2982.935841513745
2024-06-04 00:00:00+00:00,2982.935841513745,0.0,1.7211427893356839,0.0,2982.935841513745
2024-06-05 00:00:00+00:00,2982.935841513745,0.0,1.7211427893356839,0.0,2982.935841513745
2024-06-06 00:00:00+00:00,2982.935841513745,0.0,1.7211427893356839,0.0,2982.935841513745
2024-06-07 00:00:00+00:00,2982.935841513745,0.0,1.7211427893356839,0.0,2982.935841513745
2024-06-08 00:00:00+00:00,2982.935841513745,0.0,1.7211427893356839,0.0,2982.935841513745
2024-06-09 00:00:00+00:00,2982.935841513745,0.0,1.7211427893356839,0.0,2982.935841513745
2024-06-10 00:00:00+00:00,2982.935841513745,0.0,1.7211427893356839,0.0,2982.935841513745
2024-06-11 00:00:00+00:00,2982.935841513745,0.0,1.7211427893356839,0.0,2982.935841513745
2024-06-12 00:00:00+00:00,2982.935841513745,0.0,1.7211427893356839,0.0,2982.935841513745
2024-06-13 00:00:00+00:00,2982.935841513745,0.0,1.7211427893356839,0.0,2982.935841513745
2024-06-14 00:00:00+00:00,2982.935841513745,0.0,1.7211427893356839,0.0,2982.935841513745
2024-06-15 00:00:00+00:00,2982.935841513745,0.0,1.7211427893356839,0.0,2982.935841513745
2024-06-16 00:00:00+00:00,3090.2961666347883,0.0,1.7830892941418508,0.0,2980.134324376514
2024-06-17 00:00:00+00:00,2934.612087796644,0.0,1.6932601647393688,-0.050378368429223386,2979.3855652310776
2024-06-18 00:00:00+00:00,2930.2471548130616,0.0,1.6907416147839618,-0.05179083272009288,2930.2471548130616
2024-06-19 00:00:00+00:00,2930.2471548130616,0.0,1.6907416147839618,-0.05179083272009288,2930.2471548130616
2024-06-20 00:00:00+00:00,2930.2471548130616,0.0,1.6907416147839618,-0.05179083272009288,2930.2471548130616
2024-06-21 00:00:00+00:00,2930.2471548130616,0.0,1.6907416147839618,-0.05179083272009288,2930.2471548130616
2024-06-22 00:00:00+00:00,2930.2471548130616,0.0,1.6907416147839618,-0.05179083272009288,2930.2471548130616
2024-06-23 00:00:00+00:00,2930.2471548130616,0.0,1.6907416147839618,-0.05179083272009288,2930.2471548130616
2024-06-24 00:00:00+00:00,2930.2471548130616,0.0,1.6907416147839618,-0.05179083272009288,2930.2471548130616
2024-06-25 00:00:00+00:00,2930.2471548130616,0.0,1.6907416147839618,-0.05179083272009288,2930.2471548130616
2024-06-26 00:00:00+00:00,2930.2471548130616,0.0,1.6907416147839618,-0.05179083272009288,2930.2471548130616
2024-06-27 00:00:00+00:00,3030.2471548130616,100.0,1.6907416147839618,-0.05179083272009288,3030.2471548130616
2024-06-28 00:00:00+00:00,2852.606077624978,0.0,1.5916258838377606,-0.10737735397387149,3027.5590811093352
2024-06-29 00:00:00+00:00,2848.0644223680047,0.0,1.5890918444836537,-0.10879850509761624,2848.0644223680047
2024-06-30 00:00:00+00:00,2848.0644223680047,0.0,1.5890918444836537,-0.10879850509761624,2848.0644223680047
2024-07-01 00:00:00+00:00,2848.0644223680047,0.0,1.5890918444836537,-0.10879850509761624,2848.0644223680047
2024-07-02 00:00:00+00:00,2848.0644223680047,0.0,1.5890918444836537,-0.10879850509761624,2848.0644223680047
2024-07-03 00:00:00+00:00,2692.736879662508,0.0,1.5024260621374221,-0.15740279128281331,2846.287262326503
2024-07-04 00:00:00+00:00,2689.9507958669565,0.0,1.500871552694873,-0.15827459812258082,2689.9507958669565
2024-07-05 00:00:00+00:00,2689.9507958669565,0.0,1.500871552694873,-0.15827459812258082,2689.9507958669565
2024-07-06 00:00:00+00:00,2689.9507958669565,0.0,1.500871552694873,-0.15827459812258082,2689.9507958669565
2024-07-07 00:00:00+00:00,2689.9507958669565,0.0,1.500871552694873,-0.15827459812258082,2689.9507958669565
2024-07-08 00:00:00+00:00,2689.9507958669565,0.0,1.500871552694873,-0.15827459812258082,2689.9507958669565
2024-07-09 00:00:00+00:00,2689.9507958669565,0.0,1.500871552694873,-0.15827459812258082,2689.9507958669565
2024-07-10 00:00:00+00:00,2689.9507958669565,0.0,1.500871552694873,-0.15827459812258082,2689.9507958669565
2024-07-11 00:00:00+00:00,2689.9507958669565,0.0,1.500871552694873,-0.15827459812258082,2689.9507958669565
2024-07-12 00:00:00+00:00,2689.9507958669565,0.0,1.500871552694873,-0.15827459812258082,2689.9507958669565
2024-07-13 00:00:00+00:00,2689.9507958669565,0.0,1.500871552694873,-0.15827459812258082,2689.9507958669565
2024-07-14 00:00:00+00:00,2689.9507958669565,0.0,1.500871552694873,-0.15827459812258082,2689.9507958669565
2024-07-15 00:00:00+00:00,2689.9507958669565,0.0,1.500871552694873,-0.15827459812258082,2689.9507958669565
2024-07-16 00:00:00+00:00,2732.5856393249796,0.0,1.5246598776702087,-0.1449335248216027,2678.915439966385
2024-07-17 00:00:00+00:00,2552.3828862969767,0.0,1.4241148468270475,-0.20132163234571343,2678.624405085231
2024-07-18 00:00:00+00:00,2559.480299775243,0.0,1.4280748843130902,-0.1991007466620559,2560.8895333125
2024-07-19 00:00:00+00:00,2620.641598273938,0.0,1.4622001378989966,-0.17996247147975208,2560.6541157441707
2024-07-20 00:00:00+00:00,2700.0773432320793,0.0,1.5065217106422537,-0.15510585162965773,2551.1070364015523
2024-07-21 00:00:00+00:00,2914.913642772439,0.0,1.6263907026557076,-0.08788039499814149,2551.054142598863
2024-07-22 00:00:00+00:00,2787.7540525207014,0.0,1.5554413708112718,-0.12767051211540104,2549.0523813721184
2024-07-23 00:00:00+00:00,2526.119998906078,0.0,1.4094613369423343,-0.20953967837002396,2547.4600131006055
2024-07-24 00:00:00+00:00,2474.656851683599,0.0,1.3807472155550424,-0.22564325853374823,2544.4531321761488
2024-07-25 00:00:00+00:00,2492.6718464942696,0.0,1.3907987723622617,-0.22000610012544952,2541.393766114329
2024-07-26 00:00:00+00:00,2857.581387393817,0.0,1.5944018829041264,-0.10582050593744052,2538.9660383550217
2024-07-27 00:00:00+00:00,2947.8858557288886,100.0,1.588992212330783,-0.10885438124089075,2625.836960030684
2024-07-28 00:00:00+00:00,3050.769169993402,0.0,1.644449171367167,-0.0777527649513522,2621.303994645702
2024-07-29 00:00:00+00:00,2604.495521992042,0.0,1.4038953012556414,-0.21266124704579337,2616.260966263376
2024-07-30 00:00:00+00:00,2392.431481699513,0.0,1.289586903633878,-0.2767681866125954,2612.9181155349133
2024-07-31 00:00:00+00:00,1859.068798757938,0.0,1.0020896289700796,-0.4380036758325352,2609.9382105174172
2024-08-01 00:00:00+00:00,1772.6247530641247,0.0,0.9554938915052472,-0.46413570276910965,1820.035698792146
2024-08-02 00:00:00+00:00,1600.3114841209692,0.0,0.8626122618112666,-0.5162259878710018,1600.3114841209692
2024-08-03 00:00:00+00:00,1600.3114841209692,0.0,0.8626122618112666,-0.5162259878710018,1600.3114841209692
2024-08-04 00:00:00+00:00,1600.3114841209692,0.0,0.8626122618112666,-0.5162259878710018,1600.3114841209692
2024-08-05 00:00:00+00:00,1600.3114841209692,0.0,0.8626122618112666,-0.5162259878710018,1600.3114841209692
2024-08-06 00:00:00+00:00,1600.3114841209692,0.0,0.8626122618112666,-0.5162259878710018,1600.3114841209692
2024-08-07 00:00:00+00:00,1600.3114841209692,0.0,0.8626122618112666,-0.5162259878710018,1600.3114841209692
2024-08-08 00:00:00+00:00,1600.3114841209692,0.0,0.8626122618112666,-0.5162259878710018,1600.3114841209692
2024-08-09 00:00:00+00:00,1600.3114841209692,0.0,0.8626122618112666,-0.5162259878710018,1600.3114841209692
2024-08-10 00:00:00+00:00,1600.3114841209692,0.0,0.8626122618112666,-0.5162259878710018,1600.3114841209692
2024-08-11 00:00:00+00:00,1600.3114841209692,0.0,0.8626122618112666,-0.5162259878710018,1600.3114841209692
2024-08-12 00:00:00+00:00,1600.3114841209692,0.0,0.8626122618112666,-0.5162259878710018,1600.3114841209692
2024-08-13 00:00:00+00:00,1600.3114841209692,0.0,0.8626122618112666,-0.5162259878710018,1600.3114841209692
2024-08-14 00:00:00+00:00,1600.3114841209692,0.0,0.8626122618112666,-0.5162259878710018,1600.3114841209692
2024-08-15 00:00:00+00:00,1600.3114841209692,0.0,0.8626122618112666,-0.5162259878710018,1600.3114841209692
2024-08-16 00:00:00+00:00,1600.3114841209692,0.0,0.8626122618112666,-0.5162259878710018,1600.3114841209692
2024-08-17 00:00:00+00:00,1600.3114841209692,0.0,0.8626122618112666,-0.5162259878710018,1600.3114841209692
2024-08-18 00:00:00+00:00,1600.3114841209692,0.0,0.8626122618112666,-0.5162259878710018,1600.3114841209692
2024-08-19 00:00:00+00:00,1600.3114841209692,0.0,0.8626122618112666,-0.5162259878710018,1600.3114841209692
2024-08-20 00:00:00+00:00,1600.3114841209692,0.0,0.8626122618112666,-0.5162259878710018,1600.3114841209692
2024-08-21 00:00:00+00:00,1600.3114841209692,0.0,0.8626122618112666,-0.5162259878710018,1600.3114841209692
2024-08-22 00:00:00+00:00,1600.3114841209692,0.0,0.8626122618112666,-0.5162259878710018,1600.3114841209692
2024-08-23 00:00:00+00:00,1600.3114841209692,0.0,0.8626122618112666,-0.5162259878710018,1600.3114841209692
2024-08-24 00:00:00+00:00,1600.3114841209692,0.0,0.8626122618112666,-0.5162259878710018,1600.3114841209692
2024-08-25 00:00:00+00:00,1600.3114841209692,0.0,0.8626122618112666,-0.5162259878710018,1600.3114841209692
2024-08-26 00:00:00+00:00,1600.3114841209692,0.0,0.8626122618112666,-0.5162259878710018,1600.3114841209692
2024-08-27 00:00:00+00:00,1690.2291744835395,100.0,0.8571776173642813,-0.5192738691323835,1700.1614841209691
2024-08-28 00:00:00+00:00,1690.0211643111124,0.0,0.857072127726142,-0.5193330302963733,1690.0211643111124
2024-08-29 00:00:00+00:00,1690.0211643111124,0.0,0.857072127726142,-0.5193330302963733,1690.0211643111124
2024-08-30 00:00:00+00:00,1690.0211643111124,0.0,0.857072127726142,-0.5193330302963733,1690.0211643111124
2024-08-31 00:00:00+00:00,1690.0211643111124,0.0,0.857072127726142,-0.5193330302963733,1690.0211643111124
2024-09-01 00:00:00+00:00,1690.0211643111124,0.0,0.857072127726142,-0.5193330302963733,1690.0211643111124
2024-09-02 00:00:00+00:00,1690.0211643111124,0.0,0.857072127726142,-0.5193330302963733,1690.0211643111124
2024-09-03 00:00:00+00:00,1690.0211643111124,0.0,0.857072127726142,-0.5193330302963733,1690.0211643111124
2024-09-04 00:00:00+00:00,1690.0211643111124,0.0,0.857072127726142,-0.5193330302963733,1690.0211643111124
2024-09-05 00:00:00+00:00,1690.0211643111124,0.0,0.857072127726142,-0.5193330302963733,1690.0211643111124
2024-09-06 00:00:00+00:00,1690.0211643111124,0.0,0.857072127726142,-0.5193330302963733,1690.0211643111124
2024-09-07 00:00:00+00:00,1690.0211643111124,0.0,0.857072127726142,-0.5193330302963733,1690.0211643111124
2024-09-08 00:00:00+00:00,1690.0211643111124,0.0,0.857072127726142,-0.5193330302963733,1690.0211643111124
2024-09-09 00:00:00+00:00,1690.0211643111124,0.0,0.857072127726142,-0.5193330302963733,1690.0211643111124
2024-09-10 00:00:00+00:00,1690.0211643111124,0.0,0.857072127726142,-0.5193330302963733,1690.0211643111124
2024-09-11 00:00:00+00:00,1690.0211643111124,0.0,0.857072127726142,-0.5193330302963733,1690.0211643111124
2024-09-12 00:00:00+00:00,1690.0211643111124,0.0,0.857072127726142,-0.5193330302963733,1690.0211643111124
2024-09-13 00:00:00+00:00,1690.0211643111124,0.0,0.857072127726142,-0.5193330302963733,1690.0211643111124
2024-09-14 00:00:00+00:00,1690.0211643111124,0.0,0.857072127726142,-0.5193330302963733,1690.0211643111124
2024-09-15 00:00:00+00:00,1690.0211643111124,0.0,0.857072127726142,-0.5193330302963733,1690.0211643111124
2024-09-16 00:00:00+00:00,1690.0211643111124,0.0,0.857072127726142,-0.5193330302963733,1690.0211643111124
2024-09-17 00:00:00+00:00,1690.0211643111124,0.0,0.857072127726142,-0.5193330302963733,1690.0211643111124
2024-09-18 00:00:00+00:00,1690.0211643111124,0.0,0.857072127726142,-0.5193330302963733,1690.0211643111124
2024-09-19 00:00:00+00:00,1690.0211643111124,0.0,0.857072127726142,-0.5193330302963733,1690.0211643111124
2024-09-20 00:00:00+00:00,1704.0890689802882,0.0,0.8642064815686122,-0.5153319105173979,1684.2840049692707
2024-09-21 00:00:00+00:00,1715.9735091243556,0.0,0.8702335199372483,-0.5119518002848722,1682.9642520073169
2024-09-22 00:00:00+00:00,1736.4226426571688,0.0,0.8806040305303913,-0.5061357648080096,1681.7435641418424
2024-09-23 00:00:00+00:00,1712.2956269672861,0.0,0.8683683301085928,-0.5129978442686387,1680.981318033629
2024-09-24 00:00:00+00:00,1725.4533066647816,0.0,0.8750410752625675,-0.5092556059096864,1678.0720422607542
2024-09-25 00:00:00+00:00,1615.0140051100436,0.0,0.8190332280432746,-0.5406661737389593,1603.59636179028
2024-09-26 00:00:00+00:00,1851.1539805108446,0.0,0.9387885278181513,-0.4735044784899777,1596.983947113607
2024-09-27 00:00:00+00:00,2163.4238120252066,100.0,1.0464383963464206,-0.41313180456840715,1686.667482603122
2024-09-28 00:00:00+00:00,2018.9506134408725,0.0,0.9765573580582708,-0.4523227965830732,1683.4118870429984
2024-09-29 00:00:00+00:00,2050.435217519512,0.0,0.9917863198634069,-0.44378202307544845,1680.6285424079263
2024-09-30 00:00:00+00:00,1553.6793624393488,0.0,0.7515077403837962,-0.5785361154638781,1676.768140398459
2024-10-01 00:00:00+00:00,602.4714377984177,0.0,0.291412732775705,-0.8365686262975666,1216.6571469624994
2024-10-02 00:00:00+00:00,582.9289086781585,0.0,0.2819600990756008,-0.8418698940081405,582.9289086781585
2024-10-03 00:00:00+00:00,582.9289086781585,0.0,0.2819600990756008,-0.8418698940081405,582.9289086781585
2024-10-04 00:00:00+00:00,582.9289086781585,0.0,0.2819600990756008,-0.8418698940081405,582.9289086781585
2024-10-05 00:00:00+00:00,582.9289086781585,0.0,0.2819600990756008,-0.8418698940081405,582.9289086781585
2024-10-06 00:00:00+00:00,582.9289086781585,0.0,0.2819600990756008,-0.8418698940081405,582.9289086781585
2024-10-07 00:00:00+00:00,582.9289086781585,0.0,0.2819600990756008,-0.8418698940081405,582.9289086781585
2024-10-08 00:00:00+00:00,582.9289086781585,0.0,0.2819600990756008,-0.8418698940081405,582.9289086781585
2024-10-09 00:00:00+00:00,582.9289086781585,0.0,0.2819600990756008,-0.8418698940081405,582.9289086781585
2024-10-10 00:00:00+00:00,582.9289086781585,0.0,0.2819600990756008,-0.8418698940081405,582.9289086781585
2024-10-11 00:00:00+00:00,582.9289086781585,0.0,0.2819600990756008,-0.8418698940081405,582.9289086781585
2024-10-12 00:00:00+00:00,582.9289086781585,0.0,0.2819600990756008,-0.8418698940081405,582.9289086781585
2024-10-13 00:00:00+00:00,564.0714172314409,0.0,0.27283881502624624,-0.8469853327465826,580.1633663309415
2024-10-14 00:00:00+00:00,704.4452359367266,0.0,0.3407370016499177,-0.8089063723452479,579.4283260174443
2024-10-15 00:00:00+00:00,743.5074309374413,0.0,0.35963121020355954,-0.7983100389951925,578.3992030664156
2024-10-16 00:00:00+00:00,766.1858981304892,0.0,0.37060068308685584,-0.7921580908458008,577.5782653821453
2024-10-17 00:00:00+00:00,753.3929601054274,0.0,0.36441279633203033,-0.7956284087794876,576.6587031527124
2024-10-18 00:00:00+00:00,800.6655780783342,0.0,0.38727834965898483,-0.7828048483430715,575.7301015863844
2024-10-19 00:00:00+00:00,802.1042346569768,0.0,0.38797422139464754,-0.7824145864880153,574.8079890435841
2024-10-20 00:00:00+00:00,837.4758191966908,0.0,0.4050832982182593,-0.7728193985858605,573.8673224500598
2024-10-21 00:00:00+00:00,763.074060695972,0.0,0.3690955012743201,-0.793002233546607,572.9358876351242
2024-10-22 00:00:00+00:00,765.1397565525191,0.0,0.37009466909684724,-0.7924418758428119,572.0035534111646
2024-10-23 00:00:00+00:00,734.0737222738451,0.0,0.3550681676269449,-0.8008691046525357,571.0802620100683
2024-10-24 00:00:00+00:00,805.8733279505053,0.0,0.3897973149188275,-0.7813921511393372,570.1351471928238
2024-10-25 00:00:00+00:00,727.2140485196469,0.0,0.3517501741931557,-0.8027299163598854,569.224021421246
2024-10-26 00:00:00+00:00,750.1058962112862,0.0,0.3628228582667497,-0.7965200848556685,568.5347727620651
2024-10-27 00:00:00+00:00,940.454354259764,100.0,0.40652400227150076,-0.7720114165863191,664.3904564570989
2024-10-28 00:00:00+00:00,1113.5376405324428,0.0,0.4813415731011408,-0.7300518966254035,662.5521476951563
2024-10-29 00:00:00+00:00,1389.228113583682,0.0,0.6005124759581196,-0.6632179454326605,1353.8636069517463
2024-10-30 00:00:00+00:00,1376.8440787881898,0.0,0.5951593108985611,-0.6662201310647238,1353.7230904763912
2024-10-31 00:00:00+00:00,1360.071299929154,0.0,0.5879090523824454,-0.670286253013824,1353.5875651771041
2024-11-01 00:00:00+00:00,1352.9454034831024,0.0,0.5848287881145413,-0.6720137404021583,1353.4541376184832
2024-11-02 00:00:00+00:00,1353.0569433013434,0.0,0.5848770026962683,-0.6719867004878448,1353.3513488884503
2024-11-03 00:00:00+00:00,1343.2119014625882,0.0,0.5806213513797605,-0.6743733736233346,1353.2850470646842
2024-11-04 00:00:00+00:00,1330.8932713455836,0.0,0.5752964583692872,-0.6773597036001717,1353.2099352678167
2024-11-05 00:00:00+00:00,1354.0984123611915,0.0,0.5853271916592241,-0.6717342235286511,1353.1604287957246
2024-11-06 00:00:00+00:00,1407.7507652334652,0.0,0.6085191404466664,-0.65872761255093,1353.0698981883593
2024-11-07 00:00:00+00:00,1435.7383250497314,0.0,0.620617138375845,-0.6519427600093746,1352.8119889513118
2024-11-08 00:00:00+00:00,1453.2237351348067,0.0,0.6281754412928836,-0.6477038792411087,1447.5976754562241
2024-11-09 00:00:00+00:00,1459.770505107189,0.0,0.6310053703788291,-0.646116785933307,1447.5640135087447
2024-11-10 00:00:00+00:00,1468.8537090226448,0.0,0.6349317070398631,-0.6439148004949257,1447.5090370916796
2024-11-11 00:00:00+00:00,1474.1063338515658,0.0,0.6372022245383592,-0.6426414388601743,1447.4530386037188
2024-11-12 00:00:00+00:00,1462.7479851970604,0.0,0.6322924260634943,-0.6453949736893023,1447.343130482234
2024-11-13 00:00:00+00:00,1461.118456944692,0.0,0.6315880406311055,-0.6457900102332954,1447.3010077824736
2024-11-14 00:00:00+00:00,1457.0157451166672,0.0,0.6298145884428724,-0.6467846055090674,1447.2680834839837
2024-11-15 00:00:00+00:00,1463.4435538806483,0.0,0.6325930949517037,-0.645226351237697,1447.2332203839346
2024-11-16 00:00:00+00:00,1469.1819114326324,0.0,0.6350735769314311,-0.6438352363967988,1447.1966247979442
2024-11-17 00:00:00+00:00,1462.9157233032654,0.0,0.6323649331085828,-0.6453543099685752,1447.1528780187114
2024-11-18 00:00:00+00:00,1468.1229244824958,0.0,0.6346158156255549,-0.6440919601107373,1447.079718294459
2024-11-19 00:00:00+00:00,1462.0256455226543,0.0,0.6319801850556145,-0.6455700860680854,1447.0070437909549
2024-11-20 00:00:00+00:00,1456.397162131662,0.0,0.6295471976549386,-0.6469345647897452,1446.9698078508402
2024-11-21 00:00:00+00:00,1465.0194559143151,0.0,0.6332742997321508,-0.6448443149691349,1446.9343823287647
2024-11-22 00:00:00+00:00,1472.1720251412714,0.0,0.6363660936671738,-0.6431103614620499,1446.8517737254363
2024-11-23 00:00:00+00:00,1476.3930062602524,0.0,0.6381906693419296,-0.6420870948871508,1476.3930062602524
2024-11-24 00:00:00+00:00,1476.3930062602524,0.0,0.6381906693419296,-0.6420870948871508,1476.3930062602524
2024-11-25 00:00:00+00:00,1476.3930062602524,0.0,0.6381906693419296,-0.6420870948871508,1476.3930062602524
2024-11-26 00:00:00+00:00,1476.3930062602524,0.0,0.6381906693419296,-0.6420870948871508,1476.3930062602524
2024-11-27 00:00:00+00:00,1576.3930062602524,100.0,0.6381906693419296,-0.6420870948871508,1576.3930062602524
2024-11-28 00:00:00+00:00,1576.3930062602524,0.0,0.6381906693419296,-0.6420870948871508,1576.3930062602524
2024-11-29 00:00:00+00:00,1576.3930062602524,0.0,0.6381906693419296,-0.6420870948871508,1576.3930062602524
2024-11-30 00:00:00+00:00,1576.3930062602524,0.0,0.6381906693419296,-0.6420870948871508,1576.3930062602524
2024-12-01 00:00:00+00:00,1576.3930062602524,0.0,0.6381906693419296,-0.6420870948871508,1576.3930062602524
2024-12-02 00:00:00+00:00,1576.3930062602524,0.0,0.6381906693419296,-0.6420870948871508,1576.3930062602524
2024-12-03 00:00:00+00:00,1576.3930062602524,0.0,0.6381906693419296,-0.6420870948871508,1576.3930062602524
2024-12-04 00:00:00+00:00,1576.3930062602524,0.0,0.6381906693419296,-0.6420870948871508,1576.3930062602524
2024-12-05 00:00:00+00:00,1576.3930062602524,0.0,0.6381906693419296,-0.6420870948871508,1576.3930062602524
2024-12-06 00:00:00+00:00,1576.3930062602524,0.0,0.6381906693419296,-0.6420870948871508,1576.3930062602524
2024-12-07 00:00:00+00:00,1576.3930062602524,0.0,0.6381906693419296,-0.6420870948871508,1576.3930062602524
2024-12-08 00:00:00+00:00,1576.3930062602524,0.0,0.6381906693419296,-0.6420870948871508,1576.3930062602524
2024-12-09 00:00:00+00:00,1576.3930062602524,0.0,0.6381906693419296,-0.6420870948871508,1576.3930062602524
2024-12-10 00:00:00+00:00,1576.3930062602524,0.0,0.6381906693419296,-0.6420870948871508,1576.3930062602524
2024-12-11 00:00:00+00:00,1576.3930062602524,0.0,0.6381906693419296,-0.6420870948871508,1576.3930062602524
2024-12-12 00:00:00+00:00,1576.3930062602524,0.0,0.6381906693419296,-0.6420870948871508,1576.3930062602524
2024-12-13 00:00:00+00:00,1576.3930062602524,0.0,0.6381906693419296,-0.6420870948871508,1576.3930062602524
2024-12-14 00:00:00+00:00,1576.3930062602524,0.0,0.6381906693419296,-0.6420870948871508,1576.3930062602524
2024-12-15 00:00:00+00:00,1576.3930062602524,0.0,0.6381906693419296,-0.6420870948871508,1576.3930062602524
2024-12-16 00:00:00+00:00,1576.3930062602524,0.0,0.6381906693419296,-0.6420870948871508,1576.3930062602524
2024-12-17 00:00:00+00:00,1576.3930062602524,0.0,0.6381906693419296,-0.6420870948871508,1576.3930062602524
2024-12-18 00:00:00+00:00,1576.3930062602524,0.0,0.6381906693419296,-0.6420870948871508,1576.3930062602524
2024-12-19 00:00:00+00:00,1576.3930062602524,0.0,0.6381906693419296,-0.6420870948871508,1576.3930062602524
2024-12-20 00:00:00+00:00,1576.3930062602524,0.0,0.6381906693419296,-0.6420870948871508,1576.3930062602524
2024-12-21 00:00:00+00:00,1550.4759273987663,0.0,0.6276983378989995,-0.6479714504701277,1576.0496880453215
2024-12-22 00:00:00+00:00,1549.9765942238791,0.0,0.6274961866766582,-0.6480848218099734,1549.9765942238791
2024-12-23 00:00:00+00:00,1549.9765942238791,0.0,0.6274961866766582,-0.6480848218099734,1549.9765942238791
2024-12-24 00:00:00+00:00,1551.4604995941472,0.0,0.628096934432916,-0.647747907804471,1549.7653580691303
2024-12-25 00:00:00+00:00,1544.732272485491,0.0,0.6253730630728518,-0.6492755213508106,1549.728082189167
2024-12-26 00:00:00+00:00,1532.1788889468348,0.0,0.6202909216200381,-0.6521257103287326,1549.6699586636573
2024-12-27 00:00:00+00:00,1631.8369303311486,100.0,0.6201524822860869,-0.6522033504864105,1631.8369303311486
2024-12-28 00:00:00+00:00,1631.8369303311486,0.0,0.6201524822860869,-0.6522033504864105,1631.8369303311486
2024-12-29 00:00:00+00:00,1631.8369303311486,0.0,0.6201524822860869,-0.6522033504864105,1631.8369303311486
2024-12-30 00:00:00+00:00,1631.8369303311486,0.0,0.6201524822860869,-0.6522033504864105,1631.8369303311486
2024-12-31 00:00:00+00:00,1631.8369303311486,0.0,0.6201524822860869,-0.6522033504864105,1631.8369303311486
2025-01-01 00:00:00+00:00,1631.8369303311486,0.0,0.6201524822860869,-0.6522033504864105,1631.8369303311486
2025-01-02 00:00:00+00:00,1631.8369303311486,0.0,0.6201524822860869,-0.6522033504864105,1631.8369303311486
2025-01-03 00:00:00+00:00,1631.8369303311486,0.0,0.6201524822860869,-0.6522033504864105,1631.8369303311486
2025-01-04 00:00:00+00:00,1636.698898791876,0.0,0.6220001925282523,-0.6511671094814111,1631.6163924958635
2025-01-05 00:00:00+00:00,1654.0211283557287,0.0,0.6285832177454674,-0.6474751882529886,1631.543487853127
2025-01-06 00:00:00+00:00,1659.1871867614514,0.0,0.630546492313162,-0.6463741359533957,1631.4690110498282
2025-01-07 00:00:00+00:00,1638.3767412499265,0.0,0.6226378286461174,-0.6508095075823026,1631.4007569039388
2025-01-08 00:00:00+00:00,1619.5992705240471,0.0,0.6155017632309626,-0.6548115872530176,1631.3381172073582
2025-01-09 00:00:00+00:00,1619.2782348433082,0.0,0.6153797589604303,-0.6548800102259631,1619.2782348433082
2025-01-10 00:00:00+00:00,1619.2782348433082,0.0,0.6153797589604303,-0.6548800102259631,1619.2782348433082
2025-01-11 00:00:00+00:00,1619.2782348433082,0.0,0.6153797589604303,-0.6548800102259631,1619.2782348433082
2025-01-12 00:00:00+00:00,1619.2782348433082,0.0,0.6153797589604303,-0.6548800102259631,1619.2782348433082
2025-01-13 00:00:00+00:00,1619.2782348433082,0.0,0.6153797589604303,-0.6548800102259631,1619.2782348433082
2025-01-14 00:00:00+00:00,1619.2782348433082,0.0,0.6153797589604303,-0.6548800102259631,1619.2782348433082
2025-01-15 00:00:00+00:00,1619.2782348433082,0.0,0.6153797589604303,-0.6548800102259631,1619.2782348433082
2025-01-16 00:00:00+00:00,1616.4275496663436,0.0,0.6142964034756687,-0.6554875824256958,1619.1204904854621
2025-01-17 00:00:00+00:00,1630.0958668432238,0.0,0.6194908200674024,-0.6525744268093172,1619.0698593758682
2025-01-18 00:00:00+00:00,1624.4228366967948,0.0,0.6173348793223441,-0.6537835310040099,1619.020915492153
2025-01-19 00:00:00+00:00,1602.3687509516806,0.0,0.6089535908705579,-0.6584839621486093,1618.9785751320535
2025-01-20 00:00:00+00:00,1602.1128935148613,0.0,0.6088563565074879,-0.6585384935528353,1602.1128935148613
2025-01-21 00:00:00+00:00,1602.1128935148613,0.0,0.6088563565074879,-0.6585384935528353,1602.1128935148613
2025-01-22 00:00:00+00:00,1597.8390305610494,0.0,0.6072321459809992,-0.6594493904618264,1602.0409758636574
2025-01-23 00:00:00+00:00,1597.7177873304622,0.0,0.6071860695079083,-0.6594752312726271,1597.7177873304622
2025-01-24 00:00:00+00:00,1597.7177873304622,0.0,0.6071860695079083,-0.6594752312726271,1597.7177873304622
2025-01-25 00:00:00+00:00,1597.7177873304622,0.0,0.6071860695079083,-0.6594752312726271,1597.7177873304622
2025-01-26 00:00:00+00:00,1597.7177873304622,0.0,0.6071860695079083,-0.6594752312726271,1597.7177873304622
2025-01-27 00:00:00+00:00,1697.7177873304622,100.0,0.6071860695079083,-0.6594752312726271,1697.7177873304622
2025-01-28 00:00:00+00:00,1697.7177873304622,0.0,0.6071860695079083,-0.6594752312726271,1697.7177873304622
2025-01-29 00:00:00+00:00,1697.7177873304622,0.0,0.6071860695079083,-0.6594752312726271,1697.7177873304622
2025-01-30 00:00:00+00:00,1697.7177873304622,0.0,0.6071860695079083,-0.6594752312726271,1697.7177873304622
2025-01-31 00:00:00+00:00,1697.7177873304622,0.0,0.6071860695079083,-0.6594752312726271,1697.7177873304622
2025-02-01 00:00:00+00:00,1697.7177873304622,0.0,0.6071860695079083,-0.6594752312726271,1697.7177873304622
2025-02-02 00:00:00+00:00,1697.7177873304622,0.0,0.6071860695079083,-0.6594752312726271,1697.7177873304622
2025-02-03 00:00:00+00:00,1697.7177873304622,0.0,0.6071860695079083,-0.6594752312726271,1697.7177873304622
2025-02-04 00:00:00+00:00,1697.7177873304622,0.0,0.6071860695079083,-0.6594752312726271,1697.7177873304622
2025-02-05 00:00:00+00:00,1697.7177873304622,0.0,0.6071860695079083,-0.6594752312726271,1697.7177873304622
2025-02-06 00:00:00+00:00,1697.7177873304622,0.0,0.6071860695079083,-0.6594752312726271,1697.7177873304622
2025-02-07 00:00:00+00:00,1697.7177873304622,0.0,0.6071860695079083,-0.6594752312726271,1697.7177873304622
2025-02-08 00:00:00+00:00,1697.7177873304622,0.0,0.6071860695079083,-0.6594752312726271,1697.7177873304622
2025-02-09 00:00:00+00:00,1702.5920243345834,0.0,0.6089293326288279,-0.6584975667626967,1696.5049962563733
2025-02-10 00:00:00+00:00,1702.8812031643224,0.0,0.6090327569778713,-0.6584395638632439,1696.7941750861123
2025-02-11 00:00:00+00:00,1688.6697294427597,0.0,0.6039500459788429,-0.6612900722565851,1697.4901062682516
2025-02-12 00:00:00+00:00,1681.7729092820096,0.0,0.601483409205193,-0.6626734223679641,1697.6514859802749
2025-02-13 00:00:00+00:00,1666.1607298710662,0.0,0.5958997380416313,-0.66580488144963,1697.7985631818165
2025-02-14 00:00:00+00:00,1664.204927793433,0.0,0.5952002485357101,-0.6661971722385542,1664.204927793433
2025-02-15 00:00:00+00:00,1636.6389847289158,0.0,0.5853413327921566,-0.6717262928361283,1663.159701017029
2025-02-16 00:00:00+00:00,1635.3604984725773,0.0,0.5848840842136831,-0.6719827290000242,1635.3604984725773
2025-02-17 00:00:00+00:00,1635.3604984725773,0.0,0.5848840842136831,-0.6719827290000242,1635.3604984725773
2025-02-18 00:00:00+00:00,1635.3604984725773,0.0,0.5848840842136831,-0.6719827290000242,1635.3604984725773
2025-02-19 00:00:00+00:00,1635.3604984725773,0.0,0.5848840842136831,-0.6719827290000242,1635.3604984725773
2025-02-20 00:00:00+00:00,1635.3604984725773,0.0,0.5848840842136831,-0.6719827290000242,1635.3604984725773
2025-02-21 00:00:00+00:00,1635.3604984725773,0.0,0.5848840842136831,-0.6719827290000242,1635.3604984725773
2025-02-22 00:00:00+00:00,1635.3604984725773,0.0,0.5848840842136831,-0.6719827290000242,1635.3604984725773
2025-02-23 00:00:00+00:00,1635.3604984725773,0.0,0.5848840842136831,-0.6719827290000242,1635.3604984725773
2025-02-24 00:00:00+00:00,1635.3604984725773,0.0,0.5848840842136831,-0.6719827290000242,1635.3604984725773
2025-02-25 00:00:00+00:00,1635.3604984725773,0.0,0.5848840842136831,-0.6719827290000242,1635.3604984725773
2025-02-26 00:00:00+00:00,1635.3604984725773,0.0,0.5848840842136831,-0.6719827290000242,1635.3604984725773
2025-02-27 00:00:00+00:00,1735.3604984725773,100.0,0.5848840842136831,-0.6719827290000242,1735.3604984725773
2025-02-28 00:00:00+00:00,1735.3604984725773,0.0,0.5848840842136831,-0.6719827290000242,1735.3604984725773
2025-03-01 00:00:00+00:00,1735.3604984725773,0.0,0.5848840842136831,-0.6719827290000242,1735.3604984725773
2025-03-02 00:00:00+00:00,1735.3604984725773,0.0,0.5848840842136831,-0.6719827290000242,1735.3604984725773
2025-03-03 00:00:00+00:00,1096.0656416974257,0.0,0.3694168154954186,-0.7928220326883808,1727.9846427302957
2025-03-04 00:00:00+00:00,1086.0334327646112,0.0,0.3660355703077622,-0.7947183175232262,1086.0334327646112
2025-03-05 00:00:00+00:00,1086.0334327646112,0.0,0.3660355703077622,-0.7947183175232262,1086.0334327646112
2025-03-06 00:00:00+00:00,1048.930056118767,0.0,0.35353028711741596,-0.801731585580766,1081.9042123508696
2025-03-07 00:00:00+00:00,1042.797147804393,0.0,0.3514632581247794,-0.8028908258944325,1042.797147804393
2025-03-08 00:00:00+00:00,1042.797147804393,0.0,0.3514632581247794,-0.8028908258944325,1042.797147804393
2025-03-09 00:00:00+00:00,1042.797147804393,0.0,0.3514632581247794,-0.8028908258944325,1042.797147804393
2025-03-10 00:00:00+00:00,1042.797147804393,0.0,0.3514632581247794,-0.8028908258944325,1042.797147804393
2025-03-11 00:00:00+00:00,1042.797147804393,0.0,0.3514632581247794,-0.8028908258944325,1042.797147804393
2025-03-12 00:00:00+00:00,1042.797147804393,0.0,0.3514632581247794,-0.8028908258944325,1042.797147804393
2025-03-13 00:00:00+00:00,1042.797147804393,0.0,0.3514632581247794,-0.8028908258944325,1042.797147804393
2025-03-14 00:00:00+00:00,1042.797147804393,0.0,0.3514632581247794,-0.8028908258944325,1042.797147804393
2025-03-15 00:00:00+00:00,1042.797147804393,0.0,0.3514632581247794,-0.8028908258944325,1042.797147804393
2025-03-16 00:00:00+00:00,1042.797147804393,0.0,0.3514632581247794,-0.8028908258944325,1042.797147804393
2025-03-17 00:00:00+00:00,1042.797147804393,0.0,0.3514632581247794,-0.8028908258944325,1042.797147804393
2025-03-18 00:00:00+00:00,1042.797147804393,0.0,0.3514632581247794,-0.8028908258944325,1042.797147804393
2025-03-19 00:00:00+00:00,1042.797147804393,0.0,0.3514632581247794,-0.8028908258944325,1042.797147804393
2025-03-20 00:00:00+00:00,1042.797147804393,0.0,0.3514632581247794,-0.8028908258944325,1042.797147804393
2025-03-21 00:00:00+00:00,1042.797147804393,0.0,0.3514632581247794,-0.8028908258944325,1042.797147804393
2025-03-22 00:00:00+00:00,1042.797147804393,0.0,0.3514632581247794,-0.8028908258944325,1042.797147804393
2025-03-23 00:00:00+00:00,1042.797147804393,0.0,0.3514632581247794,-0.8028908258944325,1042.797147804393
2025-03-24 00:00:00+00:00,1042.797147804393,0.0,0.3514632581247794,-0.8028908258944325,1042.797147804393
2025-03-25 00:00:00+00:00,1042.797147804393,0.0,0.3514632581247794,-0.8028908258944325,1042.797147804393
2025-03-26 00:00:00+00:00,1042.797147804393,0.0,0.3514632581247794,-0.8028908258944325,1042.797147804393
2025-03-27 00:00:00+00:00,1142.797147804393,100.0,0.3514632581247794,-0.8028908258944325,1142.797147804393
2025-03-28 00:00:00+00:00,1142.797147804393,0.0,0.3514632581247794,-0.8028908258944325,1142.797147804393
2025-03-29 00:00:00+00:00,1142.797147804393,0.0,0.3514632581247794,-0.8028908258944325,1142.797147804393
2025-03-30 00:00:00+00:00,1142.797147804393,0.0,0.3514632581247794,-0.8028908258944325,1142.797147804393
2025-03-31 00:00:00+00:00,1142.797147804393,0.0,0.3514632581247794,-0.8028908258944325,1142.797147804393
2025-04-01 00:00:00+00:00,1142.797147804393,0.0,0.3514632581247794,-0.8028908258944325,1142.797147804393
2025-04-02 00:00:00+00:00,1142.797147804393,0.0,0.3514632581247794,-0.8028908258944325,1142.797147804393
2025-04-03 00:00:00+00:00,1142.797147804393,0.0,0.3514632581247794,-0.8028908258944325,1142.797147804393
2025-04-04 00:00:00+00:00,1142.797147804393,0.0,0.3514632581247794,-0.8028908258944325,1142.797147804393
2025-04-05 00:00:00+00:00,1142.797147804393,0.0,0.3514632581247794,-0.8028908258944325,1142.797147804393
2025-04-06 00:00:00+00:00,1142.797147804393,0.0,0.3514632581247794,-0.8028908258944325,1142.797147804393
2025-04-07 00:00:00+00:00,1142.797147804393,0.0,0.3514632581247794,-0.8028908258944325,1142.797147804393
2025-04-08 00:00:00+00:00,1142.797147804393,0.0,0.3514632581247794,-0.8028908258944325,1142.797147804393
2025-04-09 00:00:00+00:00,1142.797147804393,0.0,0.3514632581247794,-0.8028908258944325,1142.797147804393
2025-04-10 00:00:00+00:00,1142.797147804393,0.0,0.3514632581247794,-0.8028908258944325,1142.797147804393
2025-04-11 00:00:00+00:00,1142.797147804393,0.0,0.3514632581247794,-0.8028908258944325,1142.797147804393
2025-04-12 00:00:00+00:00,1142.797147804393,0.0,0.3514632581247794,-0.8028908258944325,1142.797147804393
2025-04-13 00:00:00+00:00,1142.797147804393,0.0,0.3514632581247794,-0.8028908258944325,1142.797147804393
2025-04-14 00:00:00+00:00,1142.797147804393,0.0,0.3514632581247794,-0.8028908258944325,1142.797147804393
2025-04-15 00:00:00+00:00,1142.797147804393,0.0,0.3514632581247794,-0.8028908258944325,1142.797147804393
2025-04-16 00:00:00+00:00,1142.797147804393,0.0,0.3514632581247794,-0.8028908258944325,1142.797147804393
2025-04-17 00:00:00+00:00,1142.797147804393,0.0,0.3514632581247794,-0.8028908258944325,1142.797147804393
2025-04-18 00:00:00+00:00,1142.797147804393,0.0,0.3514632581247794,-0.8028908258944325,1142.797147804393
2025-04-19 00:00:00+00:00,1142.797147804393,0.0,0.3514632581247794,-0.8028908258944325,1142.797147804393
2025-04-20 00:00:00+00:00,1142.797147804393,0.0,0.3514632581247794,-0.8028908258944325,1142.797147804393
2025-04-21 00:00:00+00:00,1142.797147804393,0.0,0.3514632581247794,-0.8028908258944325,1142.797147804393
2025-04-22 00:00:00+00:00,1142.797147804393,0.0,0.3514632581247794,-0.8028908258944325,1142.797147804393
2025-04-23 00:00:00+00:00,1146.6748306260858,0.0,0.35265582588810035,-0.8022220047830957,1138.6341088154525
2025-04-24 00:00:00+00:00,1160.0011690892395,0.0,0.35675429458320707,-0.799923483498395,1138.6184590782984
2025-04-25 00:00:00+00:00,1189.4735668152432,0.0,0.36581842722427277,-0.7948400966647435,1138.6805709617543
2025-04-26 00:00:00+00:00,1189.1778314243702,0.0,0.3657274748411497,-0.794891104981277,1139.1020509632851
2025-04-27 00:00:00+00:00,1202.7448275175154,100.0,0.3391453073751397,-0.8097990333465827,1234.8146791095523
2025-04-28 00:00:00+00:00,1318.9323223357974,0.0,0.37190740515495313,-0.791425249213926,1235.264226026295
2025-04-29 00:00:00+00:00,1248.8844121111663,0.0,0.3521555679401115,-0.8025025616512416,1235.1832221162276
2025-04-30 00:00:00+00:00,1242.576945535567,0.0,0.3503770130533237,-0.8035000186449159,1235.7004635307337
2025-05-01 00:00:00+00:00,1451.594871728518,0.0,0.40931507473007644,-0.7704461150236068,1235.5911376855386
2025-05-02 00:00:00+00:00,1491.3822603658043,0.0,0.4205341677914849,-0.7641541737852923,1238.2612144673037
2025-05-03 00:00:00+00:00,1398.2168197414273,0.0,0.3942637392896134,-0.7788872713301993,1238.6306717499886
2025-05-04 00:00:00+00:00,1254.4411272996292,0.0,0.353722428871434,-0.8016238277950795,1238.0009544979955
2025-05-05 00:00:00+00:00,1296.9782738627541,0.0,0.36571688797527274,-0.7948970423540781,1238.0884173626625
2025-05-06 00:00:00+00:00,1487.6382918436323,0.0,0.41947845811291934,-0.7647462415420972,1237.456420186204
2025-05-07 00:00:00+00:00,1504.6602675388087,0.0,0.42427824859814484,-0.7620544018787698,1237.234633693047
2025-05-08 00:00:00+00:00,2071.260038318539,0.0,0.5840458476959484,-0.6724528324998817,1236.0459985279397
2025-05-09 00:00:00+00:00,2042.93338928473,0.0,0.5760584094017364,-0.6769323828625327,1233.762435184375
2025-05-10 00:00:00+00:00,2246.7112990597443,0.0,0.6335189116344131,-0.6447071306435568,1230.1311415011633
2025-05-11 00:00:00+00:00,2141.7907183188127,0.0,0.6039338144539862,-0.661299175291924,1227.5041969467882
2025-05-12 00:00:00+00:00,2026.6632644686294,0.0,0.5714706229024358,-0.6795053255156983,1225.6593170182543
2025-05-13 00:00:00+00:00,2220.96400270085,0.0,0.6262587891729103,-0.6487787845340014,1223.0479071579446
2025-05-14 00:00:00+00:00,2105.7358861253947,0.0,0.5937672131377001,-0.6670008534690558,1220.7973607538563
2025-05-15 00:00:00+00:00,2069.883106290658,0.0,0.5836575857594622,-0.6726705792710399,1219.8507299431583
2025-05-16 00:00:00+00:00,2038.7304359028874,0.0,0.5748732769580486,-0.6775970340651288,1186.7640128992423
2025-05-17 00:00:00+00:00,2007.8312411292884,0.0,0.5661604422242124,-0.682483404457493,1186.130123159098
2025-05-18 00:00:00+00:00,2308.473641401036,0.0,0.6509344166512,-0.6349400903309916,1183.937480883221
2025-05-19 00:00:00+00:00,2279.1470603647936,0.0,0.6426650214210189,-0.639577769025687,2323.929988722331
2025-05-20 00:00:00+00:00,2277.2724111274433,0.0,0.6421364151220968,-0.6398742243409977,2277.2724111274433
2025-05-21 00:00:00+00:00,2303.7162353700664,0.0,0.6495929418065218,-0.6356924221682616,2276.3312806700173
2025-05-22 00:00:00+00:00,2337.491007221467,0.0,0.6591166205777794,-0.6303513106476291,2276.054502008642
2025-05-23 00:00:00+00:00,2268.4884582218338,0.0,0.6396595502543504,-0.6412633106172061,2275.313301904827
2025-05-24 00:00:00+00:00,2278.3409466032936,0.0,0.6424377165986089,-0.6397052471184312,2238.061060479554
2025-05-25 00:00:00+00:00,2277.458772972515,0.0,0.6421889647101587,-0.6398447532493174,2238.072042272061
2025-05-26 00:00:00+00:00,2272.621566969011,0.0,0.6408249881796745,-0.6406097045812364,2237.9797244547635
2025-05-27 00:00:00+00:00,2416.2285181828042,100.0,0.6531211066370031,-0.6337137412115239,2336.5526379951966
2025-05-28 00:00:00+00:00,2372.6687081597574,0.0,0.6413466278933507,-0.6403171562969805,2336.8487952654395
2025-05-29 00:00:00+00:00,2279.051359786414,0.0,0.6160412953430983,-0.654509004474966,2337.069652172985
2025-05-30 00:00:00+00:00,2230.6683423667528,0.0,0.6029630746194506,-0.6618435898861479,2271.8194141876984
2025-05-31 00:00:00+00:00,2230.4732715581063,0.0,0.6029103458061547,-0.6618731614917144,2230.4732715581063
2025-06-01 00:00:00+00:00,2230.4732715581063,0.0,0.6029103458061547,-0.6618731614917144,2230.4732715581063
2025-06-02 00:00:00+00:00,2230.4732715581063,0.0,0.6029103458061547,-0.6618731614917144,2230.4732715581063
2025-06-03 00:00:00+00:00,2230.4732715581063,0.0,0.6029103458061547,-0.6618731614917144,2230.4732715581063
2025-06-04 00:00:00+00:00,2230.4732715581063,0.0,0.6029103458061547,-0.6618731614917144,2230.4732715581063
2025-06-05 00:00:00+00:00,2230.4732715581063,0.0,0.6029103458061547,-0.6618731614917144,2230.4732715581063
2025-06-06 00:00:00+00:00,2230.4732715581063,0.0,0.6029103458061547,-0.6618731614917144,2230.4732715581063
2025-06-07 00:00:00+00:00,2230.4732715581063,0.0,0.6029103458061547,-0.6618731614917144,2230.4732715581063
2025-06-08 00:00:00+00:00,2232.4881683083267,0.0,0.6034549845211439,-0.6615677148061341,2230.318597872585
2025-06-09 00:00:00+00:00,2238.3400348635114,0.0,0.6050367792610258,-0.6606806057056092,2230.3049547425862
2025-06-10 00:00:00+00:00,2241.601163852438,0.0,0.6059182820485749,-0.660186237425543,2230.3258626554225
2025-06-11 00:00:00+00:00,2212.4103031992913,0.0,0.5980278167759407,-0.6646114029506558,2229.5902226061053
2025-06-12 00:00:00+00:00,2199.488913978805,0.0,0.594535087523114,-0.6665702107704894,2208.991234791605
2025-06-13 00:00:00+00:00,2199.2907018548076,0.0,0.5944815095933776,-0.6666002585812819,2199.2907018548076
2025-06-14 00:00:00+00:00,2199.2907018548076,0.0,0.5944815095933776,-0.6666002585812819,2199.2907018548076
2025-06-15 00:00:00+00:00,2199.2907018548076,0.0,0.5944815095933776,-0.6666002585812819,2199.2907018548076
2025-06-16 00:00:00+00:00,2199.2907018548076,0.0,0.5944815095933776,-0.6666002585812819,2199.2907018548076
2025-06-17 00:00:00+00:00,2199.2907018548076,0.0,0.5944815095933776,-0.6666002585812819,2199.2907018548076
2025-06-18 00:00:00+00:00,2199.2907018548076,0.0,0.5944815095933776,-0.6666002585812819,2199.2907018548076
2025-06-19 00:00:00+00:00,2199.2907018548076,0.0,0.5944815095933776,-0.6666002585812819,2199.2907018548076
2025-06-20 00:00:00+00:00,2199.2907018548076,0.0,0.5944815095933776,-0.6666002585812819,2199.2907018548076
2025-06-21 00:00:00+00:00,2199.2907018548076,0.0,0.5944815095933776,-0.6666002585812819,2199.2907018548076
2025-06-22 00:00:00+00:00,2199.2907018548076,0.0,0.5944815095933776,-0.6666002585812819,2199.2907018548076
2025-06-23 00:00:00+00:00,2199.2907018548076,0.0,0.5944815095933776,-0.6666002585812819,2199.2907018548076
2025-06-24 00:00:00+00:00,2199.2907018548076,0.0,0.5944815095933776,-0.6666002585812819,2199.2907018548076
2025-06-25 00:00:00+00:00,2199.2907018548076,0.0,0.5944815095933776,-0.6666002585812819,2199.2907018548076
2025-06-26 00:00:00+00:00,2199.2907018548076,0.0,0.5944815095933776,-0.6666002585812819,2199.2907018548076
2025-06-27 00:00:00+00:00,2299.2907018548076,100.0,0.5944815095933776,-0.6666002585812819,2299.2907018548076
2025-06-28 00:00:00+00:00,2299.2907018548076,0.0,0.5944815095933776,-0.6666002585812819,2299.2907018548076
2025-06-29 00:00:00+00:00,2299.2907018548076,0.0,0.5944815095933776,-0.6666002585812819,2299.2907018548076
2025-06-30 00:00:00+00:00,2305.935408014309,0.0,0.5961994980779647,-0.6656367687043412,2298.4949701240953
2025-07-01 00:00:00+00:00,2264.667607606197,0.0,0.5855297101018632,-0.6716206462426989,2298.4421055312846
2025-07-02 00:00:00+00:00,2263.556964375039,0.0,0.5852425533434132,-0.6717816907621144,2263.556964375039
2025-07-03 00:00:00+00:00,2265.922006489627,0.0,0.58585403487787,-0.6714387569917946,2262.734469031094
2025-07-04 00:00:00+00:00,2233.005516164852,0.0,0.5773434777556224,-0.6762116851621381,2262.6612492403306
2025-07-05 00:00:00+00:00,2232.0444099625984,0.0,0.577094983789403,-0.6763510466439415,2232.0444099625984
2025-07-06 00:00:00+00:00,2232.0444099625984,0.0,0.577094983789403,-0.6763510466439415,2232.0444099625984
2025-07-07 00:00:00+00:00,2221.159453193836,0.0,0.5742806786967357,-0.6779293776349432,2231.5290489594445
2025-07-08 00:00:00+00:00,2220.4051917576144,0.0,0.5740856644356546,-0.6780387463927064,2220.4051917576144
2025-07-09 00:00:00+00:00,2235.996732560454,0.0,0.5781168566228285,-0.6757779554158226,2219.9480268454854
2025-07-10 00:00:00+00:00,2257.9326360264567,0.0,0.5837883834968529,-0.6725972247072386,2219.8796025819456
2025-07-11 00:00:00+00:00,2256.269483425192,0.0,0.583358375465121,-0.6728383837076009,2219.6118917767144
2025-07-12 00:00:00+00:00,2248.340240374591,0.0,0.5813082700239728,-0.6739881328805019,2219.4211951188804
2025-07-13 00:00:00+00:00,2250.986412959737,0.0,0.5819924378291979,-0.6736044348753191,2219.2407229319906
2025-07-14 00:00:00+00:00,2253.6423236291416,0.0,0.5826791234156785,-0.6732193248369509,2219.0796593120094
2025-07-15 00:00:00+00:00,2272.098831569676,0.0,0.5874510527299928,-0.6705431103983405,2218.9936645945345
2025-07-16 00:00:00+00:00,2302.3484699723494,0.0,0.5952720954053573,-0.6661568787603289,2218.78657508181
2025-07-17 00:00:00+00:00,2314.7759253904073,0.0,0.5984852134557942,-0.664354883727891,2218.575694068156
2025-07-18 00:00:00+00:00,2333.935991490929,0.0,0.6034390477013546,-0.6615766525636775,2314.810331649278
2025-07-19 00:00:00+00:00,2339.7904795952873,0.0,0.6049527253426236,-0.6607277451947409,2314.7579504199066
2025-07-20 00:00:00+00:00,2349.970312847193,0.0,0.607584720781095,-0.6592516579078515,2314.702498605015
2025-07-21 00:00:00+00:00,2351.8873361130295,0.0,0.6080803670619593,-0.6589736873751963,2314.6464548700233
2025-07-22 00:00:00+00:00,2353.00244945722,0.0,0.6083686795679366,-0.6588119946843566,2314.590059682472
2025-07-23 00:00:00+00:00,2335.304730266407,0.0,0.6037929350514094,-0.6613781838996473,2314.538958480318
2025-07-24 00:00:00+00:00,2331.974389242542,0.0,0.6029318755265173,-0.6618610870990109,2314.48884134533
2025-07-25 00:00:00+00:00,2337.2129709177566,0.0,0.6042863105876852,-0.6611014868559846,2314.437137124573
2025-07-26 00:00:00+00:00,2349.6112547513126,0.0,0.6074918863262353,-0.6593037217361548,2314.3927671841557
2025-07-27 00:00:00+00:00,2461.801047887503,100.0,0.6106435568041735,-0.6575361880022623,2414.0938426730345
2025-07-28 00:00:00+00:00,2437.4566974928184,0.0,0.6046050019315717,-0.6609227569713212,2413.968477181948
2025-07-29 00:00:00+00:00,2423.182773860337,0.0,0.6010643910832787,-0.6629084179586454,2413.9106677650693
2025-07-30 00:00:00+00:00,2411.8132081652016,0.0,0.5982441989148848,-0.6644900505654135,2413.9197257465357
2025-07-31 00:00:00+00:00,2397.719864346358,0.0,0.594748380435082,-0.666450590899141,2413.899188540315
2025-08-01 00:00:00+00:00,2378.9476062653225,0.0,0.590091969043233,-0.6690620200671289,2414.0435340526224
2025-08-02 00:00:00+00:00,2365.3736316044324,0.0,0.5867249787764897,-0.6709503103943746,2365.3736316044324
2025-08-03 00:00:00+00:00,2365.3736316044324,0.0,0.5867249787764897,-0.6709503103943746,2365.3736316044324
2025-08-04 00:00:00+00:00,2365.3736316044324,0.0,0.5867249787764897,-0.6709503103943746,2365.3736316044324
2025-08-05 00:00:00+00:00,2365.3736316044324,0.0,0.5867249787764897,-0.6709503103943746,2365.3736316044324
2025-08-06 00:00:00+00:00,2365.3736316044324,0.0,0.5867249787764897,-0.6709503103943746,2365.3736316044324
2025-08-07 00:00:00+00:00,2365.3736316044324,0.0,0.5867249787764897,-0.6709503103943746,2365.3736316044324
2025-08-08 00:00:00+00:00,2365.3736316044324,0.0,0.5867249787764897,-0.6709503103943746,2365.3736316044324
2025-08-09 00:00:00+00:00,2365.3736316044324,0.0,0.5867249787764897,-0.6709503103943746,2365.3736316044324
2025-08-10 00:00:00+00:00,2365.3736316044324,0.0,0.5867249787764897,-0.6709503103943746,2365.3736316044324
2025-08-11 00:00:00+00:00,2365.3736316044324,0.0,0.5867249787764897,-0.6709503103943746,2365.3736316044324
2025-08-12 00:00:00+00:00,2365.3736316044324,0.0,0.5867249787764897,-0.6709503103943746,2365.3736316044324
2025-08-13 00:00:00+00:00,2365.3736316044324,0.0,0.5867249787764897,-0.6709503103943746,2365.3736316044324
2025-08-14 00:00:00+00:00,2365.3736316044324,0.0,0.5867249787764897,-0.6709503103943746,2365.3736316044324
2025-08-15 00:00:00+00:00,2365.3736316044324,0.0,0.5867249787764897,-0.6709503103943746,2365.3736316044324
2025-08-16 00:00:00+00:00,2365.3736316044324,0.0,0.5867249787764897,-0.6709503103943746,2365.3736316044324
2025-08-17 00:00:00+00:00,2365.3736316044324,0.0,0.5867249787764897,-0.6709503103943746,2365.3736316044324
2025-08-18 00:00:00+00:00,2365.3736316044324,0.0,0.5867249787764897,-0.6709503103943746,2365.3736316044324
2025-08-19 00:00:00+00:00,2365.3736316044324,0.0,0.5867249787764897,-0.6709503103943746,2365.3736316044324
2025-08-20 00:00:00+00:00,2365.3736316044324,0.0,0.5867249787764897,-0.6709503103943746,2365.3736316044324
2025-08-21 00:00:00+00:00,2365.3736316044324,0.0,0.5867249787764897,-0.6709503103943746,2365.3736316044324
2025-08-22 00:00:00+00:00,2365.3736316044324,0.0,0.5867249787764897,-0.6709503103943746,2365.3736316044324
2025-08-23 00:00:00+00:00,2365.3736316044324,0.0,0.5867249787764897,-0.6709503103943746,2365.3736316044324
2025-08-24 00:00:00+00:00,2365.3736316044324,0.0,0.5867249787764897,-0.6709503103943746,2365.3736316044324
2025-08-25 00:00:00+00:00,2365.3736316044324,0.0,0.5867249787764897,-0.6709503103943746,2365.3736316044324
2025-08-26 00:00:00+00:00,2365.3736316044324,0.0,0.5867249787764897,-0.6709503103943746,2365.3736316044324
2025-08-27 00:00:00+00:00,2463.934934520962,100.0,0.5863681135842483,-0.6711504491049898,2465.2736316044325
2025-08-28 00:00:00+00:00,2469.1109188521755,0.0,0.5875998961795242,-0.6704596353586885,2465.242882510954
2025-08-29 00:00:00+00:00,2461.2362288451227,0.0,0.5857258746459995,-0.6715106323781208,2465.2338410060675
2025-08-30 00:00:00+00:00,2460.800932356724,0.0,0.5856222826326,-0.6715687293078371,2465.2429314386945
2025-08-31 00:00:00+00:00,2459.2756007440566,0.0,0.5852592836719622,-0.6717723079854896,2465.2433282548845
2025-09-01 00:00:00+00:00,2457.4753708929206,0.0,0.5848308643305912,-0.6720125760095188,2465.250271882589
2025-09-02 00:00:00+00:00,2461.4115506786857,0.0,0.5857675977984156,-0.6714872330158157,2465.2314080712194
2025-09-03 00:00:00+00:00,2463.215331651778,0.0,0.586196862237055,-0.6712464910406102,2465.2057962194203
2025-09-04 00:00:00+00:00,2457.3255342157795,0.0,0.5847952061447803,-0.6720325739905104,2465.181906140969
2025-09-05 00:00:00+00:00,2461.5040513679483,0.0,0.5857896111454031,-0.6714748873934961,2465.227624927593
2025-09-06 00:00:00+00:00,2460.823596486089,0.0,0.5856276762501813,-0.6715657044354433,2465.1989375299063
2025-09-07 00:00:00+00:00,2461.609374030811,0.0,0.5858146758702362,-0.671460830483999,2465.1700057194125
2025-09-08 00:00:00+00:00,2465.7070895200095,0.0,0.5867898516623166,-0.6709139280965054,2465.1423292917502
2025-09-09 00:00:00+00:00,2468.986609448819,0.0,0.5875703129834235,-0.670476226337165,2465.111166658913
2025-09-10 00:00:00+00:00,2468.1705987805703,0.0,0.5873761184738602,-0.6705851353582675,2465.0802395511446
2025-09-11 00:00:00+00:00,2470.294301656809,0.0,0.5878815180409942,-0.670301694944602,2465.0486658604054
2025-09-12 00:00:00+00:00,2472.1063804266128,0.0,0.5883127571922515,-0.6700598455023592,2465.01653890795
2025-09-13 00:00:00+00:00,2472.6814000675886,0.0,0.5884496005712827,-0.6699831003951564,2464.9842297568566
2025-09-14 00:00:00+00:00,2469.169104344387,0.0,0.5876137431836914,-0.6704518696207568,2464.952964915028
2025-09-15 00:00:00+00:00,2465.0164934806453,0.0,0.5866255033708186,-0.6710060986299935,2464.933152416831
2025-09-16 00:00:00+00:00,2466.9704106428494,0.0,0.5870904972732345,-0.6707453186993733,2464.909547780468
2025-09-17 00:00:00+00:00,2471.639875429093,0.0,0.5882017381667324,-0.6701221076817598,2464.8833241012
2025-09-18 00:00:00+00:00,2473.8957545291873,0.0,0.5887385930787123,-0.6698210263429039,2464.8506105580086
2025-09-19 00:00:00+00:00,2467.399151033973,0.0,0.5871925290642686,-0.6706880967804434,2464.8198367637274
2025-09-20 00:00:00+00:00,2467.360973012943,0.0,0.5871834434452214,-0.6706931922173781,2464.789065191381
2025-09-21 00:00:00+00:00,2465.212592590334,0.0,0.5866721711068099,-0.6709799262245258,2464.7589290923315
2025-09-22 00:00:00+00:00,2456.421785780771,0.0,0.5845801317702236,-0.6721531929495628,2464.789202665141
2025-09-23 00:00:00+00:00,2456.301143289716,0.0,0.584551421227219,-0.6721692945228821,2456.301143289716
2025-09-24 00:00:00+00:00,2456.301143289716,0.0,0.584551421227219,-0.6721692945228821,2456.301143289716
2025-09-25 00:00:00+00:00,2456.301143289716,0.0,0.584551421227219,-0.6721692945228821,2456.301143289716
2025-09-26 00:00:00+00:00,2456.301143289716,0.0,0.584551421227219,-0.6721692945228821,2456.301143289716
2025-09-27 00:00:00+00:00,2556.301143289716,100.0,0.584551421227219,-0.6721692945228821,2556.301143289716
2025-09-28 00:00:00+00:00,2556.301143289716,0.0,0.584551421227219,-0.6721692945228821,2556.301143289716
2025-09-29 00:00:00+00:00,2753.704072643426,0.0,0.6296917065222563,-0.6468535206896026,2545.055853811786
2025-09-30 00:00:00+00:00,2725.570239415866,0.0,0.6232583204398263,-0.6504615206386608,2543.8183052268537
2025-10-01 00:00:00+00:00,3181.059668982633,0.0,0.7274154515768024,-0.5920476591011745,2541.8202782334515
2025-10-02 00:00:00+00:00,3371.1256853554205,0.0,0.7708779991288993,-0.5676728015464303,2538.5197517543425
2025-10-03 00:00:00+00:00,3475.0788727886147,0.0,0.7946490574076485,-0.5543414118303649,3469.890309083144
2025-10-04 00:00:00+00:00,3465.013996668509,0.0,0.7923475141579701,-0.5556321734636941,3469.891433781655
2025-10-05 00:00:00+00:00,3464.7559460984353,0.0,0.7922885055283018,-0.5556652669435675,3464.7559460984353
2025-10-06 00:00:00+00:00,3464.7559460984353,0.0,0.7922885055283018,-0.5556652669435675,3464.7559460984353
2025-10-07 00:00:00+00:00,3458.173950677127,0.0,0.7907833953858068,-0.5565093694500656,3464.627753542725
2025-10-08 00:00:00+00:00,3457.984262007432,0.0,0.7907400191264204,-0.5565336959151108,3457.984262007432
2025-10-09 00:00:00+00:00,3457.984262007432,0.0,0.7907400191264204,-0.5565336959151108,3457.984262007432
2025-10-10 00:00:00+00:00,3457.984262007432,0.0,0.7907400191264204,-0.5565336959151108,3457.984262007432
2025-10-11 00:00:00+00:00,3457.984262007432,0.0,0.7907400191264204,-0.5565336959151108,3457.984262007432
2025-10-12 00:00:00+00:00,3457.984262007432,0.0,0.7907400191264204,-0.5565336959151108,3457.984262007432
2025-10-13 00:00:00+00:00,3544.095019174401,0.0,0.8104310346458696,-0.5454904937691825,3440.7886748326505
2025-10-14 00:00:00+00:00,3208.8853361247766,0.0,0.7337783690747006,-0.588479179654406,3442.039319560279
2025-10-15 00:00:00+00:00,2834.3105916057893,0.0,0.6481240635015246,-0.6365162049758994,3442.1751965338085
2025-10-16 00:00:00+00:00,2750.00044572188,0.0,0.6288447952002595,-0.6473284892314357,2835.698840977657
2025-10-17 00:00:00+00:00,2729.694659815721,0.0,0.6242014549421139,-0.6499325877885864,2835.522825679209
2025-10-18 00:00:00+00:00,2727.942101384782,0.0,0.623800696007949,-0.650157343181085,2727.942101384782
2025-10-19 00:00:00+00:00,2728.0701805941453,0.0,0.6238299839829043,-0.650140917769833,2727.1050994308944
2025-10-20 00:00:00+00:00,2736.4192419915503,0.0,0.625739170511486,-0.6490701993628221,2727.198547797922
2025-10-21 00:00:00+00:00,2718.2102922428835,0.0,0.6215753154498166,-0.6514053909179222,2727.241196586684
2025-10-22 00:00:00+00:00,2693.5495882508867,0.0,0.615936132599695,-0.6545679823084085,2727.25808181522
2025-10-23 00:00:00+00:00,2692.2367492347767,0.0,0.6156359246548196,-0.6547363462517409,2692.2367492347767
2025-10-24 00:00:00+00:00,2698.92246834069,0.0,0.6171647533749987,-0.6538789417879254,2691.578274041639
2025-10-25 00:00:00+00:00,2699.5092553480927,0.0,0.6172989344279763,-0.6538036897781586,2691.4080570943333
2025-10-26 00:00:00+00:00,2720.7598083127086,0.0,0.6221583153228832,-0.6510784303585255,2691.290452973771
2025-10-27 00:00:00+00:00,2741.0856840073357,100.0,0.6039391697734648,-0.661296171898041,2777.365253918785
2025-10-28 00:00:00+00:00,2565.584331082595,0.0,0.5652712280896673,-0.6829820974491825,2775.0637280265196
2025-10-29 00:00:00+00:00,2240.734343466213,0.0,0.4936975326861956,-0.723122372890586,2774.1548375339457
2025-10-30 00:00:00+00:00,2152.252981273804,0.0,0.4742025709873749,-0.7340556232683821,2237.804913695209
2025-10-31 00:00:00+00:00,2150.60465579648,0.0,0.4738393979840283,-0.734259299553434,2150.60465579648
2025-11-01 00:00:00+00:00,2148.4452737162956,0.0,0.4733636246697028,-0.7345261248413704,2150.240706184075
2025-11-02 00:00:00+00:00,2151.0866069982285,0.0,0.47394558554699046,-0.7341997469761676,2150.2381525976075
2025-11-03 00:00:00+00:00,2108.9956265792275,0.0,0.4646717449233587,-0.7394007431652536,2150.332720005296
2025-11-04 00:00:00+00:00,2108.582687589595,0.0,0.46458076271436727,-0.7394517682088622,2108.582687589595
2025-11-05 00:00:00+00:00,2108.582687589595,0.0,0.46458076271436727,-0.7394517682088622,2108.582687589595
2025-11-06 00:00:00+00:00,2108.582687589595,0.0,0.46458076271436727,-0.7394517682088622,2108.582687589595
2025-11-07 00:00:00+00:00,2108.582687589595,0.0,0.46458076271436727,-0.7394517682088622,2108.582687589595
2025-11-08 00:00:00+00:00,2108.582687589595,0.0,0.46458076271436727,-0.7394517682088622,2108.582687589595
2025-11-09 00:00:00+00:00,2108.582687589595,0.0,0.46458076271436727,-0.7394517682088622,2108.582687589595
2025-11-10 00:00:00+00:00,2108.582687589595,0.0,0.46458076271436727,-0.7394517682088622,2108.582687589595
2025-11-11 00:00:00+00:00,2108.582687589595,0.0,0.46458076271436727,-0.7394517682088622,2108.582687589595
2025-11-12 00:00:00+00:00,2108.582687589595,0.0,0.46458076271436727,-0.7394517682088622,2108.582687589595
2025-11-13 00:00:00+00:00,2108.582687589595,0.0,0.46458076271436727,-0.7394517682088622,2108.582687589595
2025-11-14 00:00:00+00:00,2108.582687589595,0.0,0.46458076271436727,-0.7394517682088622,2108.582687589595
2025-11-15 00:00:00+00:00,2108.582687589595,0.0,0.46458076271436727,-0.7394517682088622,2108.582687589595
2025-11-16 00:00:00+00:00,2108.582687589595,0.0,0.46458076271436727,-0.7394517682088622,2108.582687589595
2025-11-17 00:00:00+00:00,2108.582687589595,0.0,0.46458076271436727,-0.7394517682088622,2108.582687589595
2025-11-18 00:00:00+00:00,2108.582687589595,0.0,0.46458076271436727,-0.7394517682088622,2108.582687589595
2025-11-19 00:00:00+00:00,2108.582687589595,0.0,0.46458076271436727,-0.7394517682088622,2108.582687589595
2025-11-20 00:00:00+00:00,2108.582687589595,0.0,0.46458076271436727,-0.7394517682088622,2108.582687589595
2025-11-21 00:00:00+00:00,2108.582687589595,0.0,0.46458076271436727,-0.7394517682088622,2108.582687589595
2025-11-22 00:00:00+00:00,2108.582687589595,0.0,0.46458076271436727,-0.7394517682088622,2108.582687589595
2025-11-23 00:00:00+00:00,2108.582687589595,0.0,0.46458076271436727,-0.7394517682088622,2108.582687589595
2025-11-24 00:00:00+00:00,2108.582687589595,0.0,0.46458076271436727,-0.7394517682088622,2108.582687589595
2025-11-25 00:00:00+00:00,2108.582687589595,0.0,0.46458076271436727,-0.7394517682088622,2108.582687589595
2025-11-26 00:00:00+00:00,2108.582687589595,0.0,0.46458076271436727,-0.7394517682088622,2108.582687589595
2025-11-27 00:00:00+00:00,2208.582687589595,100.0,0.46458076271436727,-0.7394517682088622,2208.582687589595
2025-11-28 00:00:00+00:00,2208.582687589595,0.0,0.46458076271436727,-0.7394517682088622,2208.582687589595
2025-11-29 00:00:00+00:00,2208.582687589595,0.0,0.46458076271436727,-0.7394517682088622,2208.582687589595
2025-11-30 00:00:00+00:00,2208.582687589595,0.0,0.46458076271436727,-0.7394517682088622,2208.582687589595
2025-12-01 00:00:00+00:00,2208.582687589595,0.0,0.46458076271436727,-0.7394517682088622,2208.582687589595
2025-12-02 00:00:00+00:00,2208.582687589595,0.0,0.46458076271436727,-0.7394517682088622,2208.582687589595
2025-12-03 00:00:00+00:00,2208.582687589595,0.0,0.46458076271436727,-0.7394517682088622,2208.582687589595
2025-12-04 00:00:00+00:00,2208.582687589595,0.0,0.46458076271436727,-0.7394517682088622,2208.582687589595
2025-12-05 00:00:00+00:00,2208.582687589595,0.0,0.46458076271436727,-0.7394517682088622,2208.582687589595
2025-12-06 00:00:00+00:00,2208.582687589595,0.0,0.46458076271436727,-0.7394517682088622,2208.582687589595
2025-12-07 00:00:00+00:00,2208.582687589595,0.0,0.46458076271436727,-0.7394517682088622,2208.582687589595
2025-12-08 00:00:00+00:00,2208.582687589595,0.0,0.46458076271436727,-0.7394517682088622,2208.582687589595
2025-12-09 00:00:00+00:00,2208.582687589595,0.0,0.46458076271436727,-0.7394517682088622,2208.582687589595
2025-12-10 00:00:00+00:00,2208.582687589595,0.0,0.46458076271436727,-0.7394517682088622,2208.582687589595
2025-12-11 00:00:00+00:00,2208.582687589595,0.0,0.46458076271436727,-0.7394517682088622,2208.582687589595
2025-12-12 00:00:00+00:00,2208.582687589595,0.0,0.46458076271436727,-0.7394517682088622,2208.582687589595
2025-12-13 00:00:00+00:00,2208.582687589595,0.0,0.46458076271436727,-0.7394517682088622,2208.582687589595
2025-12-14 00:00:00+00:00,2208.582687589595,0.0,0.46458076271436727,-0.7394517682088622,2208.582687589595
2025-12-15 00:00:00+00:00,2208.582687589595,0.0,0.46458076271436727,-0.7394517682088622,2208.582687589595
2025-12-16 00:00:00+00:00,2208.582687589595,0.0,0.46458076271436727,-0.7394517682088622,2208.582687589595
2025-12-17 00:00:00+00:00,2208.582687589595,0.0,0.46458076271436727,-0.7394517682088622,2208.582687589595
2025-12-18 00:00:00+00:00,2208.582687589595,0.0,0.46458076271436727,-0.7394517682088622,2208.582687589595
2025-12-19 00:00:00+00:00,2208.582687589595,0.0,0.46458076271436727,-0.7394517682088622,2208.582687589595
2025-12-20 00:00:00+00:00,2208.582687589595,0.0,0.46458076271436727,-0.7394517682088622,2208.582687589595
2025-12-21 00:00:00+00:00,2208.582687589595,0.0,0.46458076271436727,-0.7394517682088622,2208.582687589595
2025-12-22 00:00:00+00:00,2208.582687589595,0.0,0.46458076271436727,-0.7394517682088622,2208.582687589595
2025-12-23 00:00:00+00:00,2208.582687589595,0.0,0.46458076271436727,-0.7394517682088622,2208.582687589595
2025-12-24 00:00:00+00:00,2208.582687589595,0.0,0.46458076271436727,-0.7394517682088622,2208.582687589595
2025-12-25 00:00:00+00:00,2208.582687589595,0.0,0.46458076271436727,-0.7394517682088622,2208.582687589595
2025-12-26 00:00:00+00:00,2208.582687589595,0.0,0.46458076271436727,-0.7394517682088622,2208.582687589595
2025-12-27 00:00:00+00:00,2308.582687589595,100.0,0.46458076271436727,-0.7394517682088622,2308.582687589595
2025-12-28 00:00:00+00:00,2308.582687589595,0.0,0.46458076271436727,-0.7394517682088622,2308.582687589595
2025-12-29 00:00:00+00:00,2308.582687589595,0.0,0.46458076271436727,-0.7394517682088622,2308.582687589595
2025-12-30 00:00:00+00:00,2308.582687589595,0.0,0.46458076271436727,-0.7394517682088622,2308.582687589595
2025-12-31 00:00:00+00:00,2308.582687589595,0.0,0.46458076271436727,-0.7394517682088622,2308.582687589595
2026-01-01 00:00:00+00:00,2308.582687589595,0.0,0.46458076271436727,-0.7394517682088622,2308.582687589595
2026-01-02 00:00:00+00:00,2308.582687589595,0.0,0.46458076271436727,-0.7394517682088622,2308.582687589595
2026-01-03 00:00:00+00:00,2308.582687589595,0.0,0.46458076271436727,-0.7394517682088622,2308.582687589595
2026-01-04 00:00:00+00:00,2308.582687589595,0.0,0.46458076271436727,-0.7394517682088622,2308.582687589595
2026-01-05 00:00:00+00:00,2308.582687589595,0.0,0.46458076271436727,-0.7394517682088622,2308.582687589595
2026-01-06 00:00:00+00:00,2308.582687589595,0.0,0.46458076271436727,-0.7394517682088622,2308.582687589595
2026-01-07 00:00:00+00:00,2308.582687589595,0.0,0.46458076271436727,-0.7394517682088622,2308.582687589595
2026-01-08 00:00:00+00:00,2308.582687589595,0.0,0.46458076271436727,-0.7394517682088622,2308.582687589595
2026-01-09 00:00:00+00:00,2308.582687589595,0.0,0.46458076271436727,-0.7394517682088622,2308.582687589595
2026-01-10 00:00:00+00:00,2308.582687589595,0.0,0.46458076271436727,-0.7394517682088622,2308.582687589595
2026-01-11 00:00:00+00:00,2308.582687589595,0.0,0.46458076271436727,-0.7394517682088622,2308.582687589595
2026-01-12 00:00:00+00:00,2308.582687589595,0.0,0.46458076271436727,-0.7394517682088622,2308.582687589595
2026-01-13 00:00:00+00:00,2308.582687589595,0.0,0.46458076271436727,-0.7394517682088622,2308.582687589595
2026-01-14 00:00:00+00:00,2308.582687589595,0.0,0.46458076271436727,-0.7394517682088622,2308.582687589595
2026-01-15 00:00:00+00:00,2308.582687589595,0.0,0.46458076271436727,-0.7394517682088622,2308.582687589595
2026-01-16 00:00:00+00:00,2308.582687589595,0.0,0.46458076271436727,-0.7394517682088622,2308.582687589595
2026-01-17 00:00:00+00:00,2308.582687589595,0.0,0.46458076271436727,-0.7394517682088622,2308.582687589595
2026-01-18 00:00:00+00:00,2308.582687589595,0.0,0.46458076271436727,-0.7394517682088622,2308.582687589595
2026-01-19 00:00:00+00:00,2308.582687589595,0.0,0.46458076271436727,-0.7394517682088622,2308.582687589595
2026-01-20 00:00:00+00:00,2308.582687589595,0.0,0.46458076271436727,-0.7394517682088622,2308.582687589595
2026-01-21 00:00:00+00:00,2308.582687589595,0.0,0.46458076271436727,-0.7394517682088622,2308.582687589595
2026-01-22 00:00:00+00:00,2308.582687589595,0.0,0.46458076271436727,-0.7394517682088622,2308.582687589595
2026-01-23 00:00:00+00:00,2308.582687589595,0.0,0.46458076271436727,-0.7394517682088622,2308.582687589595
2026-01-24 00:00:00+00:00,2308.582687589595,0.0,0.46458076271436727,-0.7394517682088622,2308.582687589595
2026-01-25 00:00:00+00:00,2308.582687589595,0.0,0.46458076271436727,-0.7394517682088622,2308.582687589595
2026-01-26 00:00:00+00:00,2308.582687589595,0.0,0.46458076271436727,-0.7394517682088622,2308.582687589595
2026-01-27 00:00:00+00:00,2408.582687589595,100.0,0.46458076271436727,-0.7394517682088622,2408.582687589595
2026-01-28 00:00:00+00:00,2408.582687589595,0.0,0.46458076271436727,-0.7394517682088622,2408.582687589595
2026-01-29 00:00:00+00:00,2408.582687589595,0.0,0.46458076271436727,-0.7394517682088622,2408.582687589595
2026-01-30 00:00:00+00:00,2408.582687589595,0.0,0.46458076271436727,-0.7394517682088622,2408.582687589595
2026-01-31 00:00:00+00:00,2408.582687589595,0.0,0.46458076271436727,-0.7394517682088622,2408.582687589595
2026-02-01 00:00:00+00:00,2408.582687589595,0.0,0.46458076271436727,-0.7394517682088622,2408.582687589595
2026-02-02 00:00:00+00:00,2408.582687589595,0.0,0.46458076271436727,-0.7394517682088622,2408.582687589595
2026-02-03 00:00:00+00:00,2408.582687589595,0.0,0.46458076271436727,-0.7394517682088622,2408.582687589595
2026-02-04 00:00:00+00:00,2408.582687589595,0.0,0.46458076271436727,-0.7394517682088622,2408.582687589595
2026-02-05 00:00:00+00:00,2408.582687589595,0.0,0.46458076271436727,-0.7394517682088622,2408.582687589595
2026-02-06 00:00:00+00:00,2408.582687589595,0.0,0.46458076271436727,-0.7394517682088622,2408.582687589595
2026-02-07 00:00:00+00:00,2408.582687589595,0.0,0.46458076271436727,-0.7394517682088622,2408.582687589595
2026-02-08 00:00:00+00:00,2408.582687589595,0.0,0.46458076271436727,-0.7394517682088622,2408.582687589595
2026-02-09 00:00:00+00:00,2408.582687589595,0.0,0.46458076271436727,-0.7394517682088622,2408.582687589595
2026-02-10 00:00:00+00:00,2408.582687589595,0.0,0.46458076271436727,-0.7394517682088622,2408.582687589595
2026-02-11 00:00:00+00:00,2408.582687589595,0.0,0.46458076271436727,-0.7394517682088622,2408.582687589595
2026-02-12 00:00:00+00:00,2408.582687589595,0.0,0.46458076271436727,-0.7394517682088622,2408.582687589595
2026-02-13 00:00:00+00:00,2408.582687589595,0.0,0.46458076271436727,-0.7394517682088622,2408.582687589595
2026-02-14 00:00:00+00:00,2408.582687589595,0.0,0.46458076271436727,-0.7394517682088622,2408.582687589595
2026-02-15 00:00:00+00:00,2408.582687589595,0.0,0.46458076271436727,-0.7394517682088622,2408.582687589595
2026-02-16 00:00:00+00:00,2408.582687589595,0.0,0.46458076271436727,-0.7394517682088622,2408.582687589595
2026-02-17 00:00:00+00:00,2408.582687589595,0.0,0.46458076271436727,-0.7394517682088622,2408.582687589595
2026-02-18 00:00:00+00:00,2408.582687589595,0.0,0.46458076271436727,-0.7394517682088622,2408.582687589595
2026-02-19 00:00:00+00:00,2408.582687589595,0.0,0.46458076271436727,-0.7394517682088622,2408.582687589595
2026-02-20 00:00:00+00:00,2408.582687589595,0.0,0.46458076271436727,-0.7394517682088622,2408.582687589595
2026-02-21 00:00:00+00:00,2408.582687589595,0.0,0.46458076271436727,-0.7394517682088622,2408.582687589595
2026-02-22 00:00:00+00:00,2408.582687589595,0.0,0.46458076271436727,-0.7394517682088622,2408.582687589595
2026-02-23 00:00:00+00:00,2408.582687589595,0.0,0.46458076271436727,-0.7394517682088622,2408.582687589595
2026-02-24 00:00:00+00:00,2408.582687589595,0.0,0.46458076271436727,-0.7394517682088622,2408.582687589595
2026-02-25 00:00:00+00:00,2408.582687589595,0.0,0.46458076271436727,-0.7394517682088622,2408.582687589595
2026-02-26 00:00:00+00:00,2408.582687589595,0.0,0.46458076271436727,-0.7394517682088622,2408.582687589595
2026-02-27 00:00:00+00:00,2508.582687589595,100.0,0.46458076271436727,-0.7394517682088622,2508.582687589595
2026-02-28 00:00:00+00:00,2508.582687589595,0.0,0.46458076271436727,-0.7394517682088622,2508.582687589595
2026-03-01 00:00:00+00:00,2508.582687589595,0.0,0.46458076271436727,-0.7394517682088622,2508.582687589595
2026-03-02 00:00:00+00:00,2508.582687589595,0.0,0.46458076271436727,-0.7394517682088622,2508.582687589595
2026-03-03 00:00:00+00:00,2508.582687589595,0.0,0.46458076271436727,-0.7394517682088622,2508.582687589595
2026-03-04 00:00:00+00:00,2508.582687589595,0.0,0.46458076271436727,-0.7394517682088622,2508.582687589595
2026-03-05 00:00:00+00:00,2508.582687589595,0.0,0.46458076271436727,-0.7394517682088622,2508.582687589595
2026-03-06 00:00:00+00:00,2508.582687589595,0.0,0.46458076271436727,-0.7394517682088622,2508.582687589595
2026-03-07 00:00:00+00:00,2508.582687589595,0.0,0.46458076271436727,-0.7394517682088622,2508.582687589595
2026-03-08 00:00:00+00:00,2508.582687589595,0.0,0.46458076271436727,-0.7394517682088622,2508.582687589595
2026-03-09 00:00:00+00:00,2508.582687589595,0.0,0.46458076271436727,-0.7394517682088622,2508.582687589595
2026-03-10 00:00:00+00:00,2508.582687589595,0.0,0.46458076271436727,-0.7394517682088622,2508.582687589595
2026-03-11 00:00:00+00:00,2508.582687589595,0.0,0.46458076271436727,-0.7394517682088622,2508.582687589595
2026-03-12 00:00:00+00:00,2508.582687589595,0.0,0.46458076271436727,-0.7394517682088622,2508.582687589595
2026-03-13 00:00:00+00:00,2508.582687589595,0.0,0.46458076271436727,-0.7394517682088622,2508.582687589595
2026-03-14 00:00:00+00:00,2508.582687589595,0.0,0.46458076271436727,-0.7394517682088622,2508.582687589595
2026-03-15 00:00:00+00:00,2508.582687589595,0.0,0.46458076271436727,-0.7394517682088622,2508.582687589595
2026-03-16 00:00:00+00:00,2508.582687589595,0.0,0.46458076271436727,-0.7394517682088622,2508.582687589595
2026-03-17 00:00:00+00:00,2508.582687589595,0.0,0.46458076271436727,-0.7394517682088622,2508.582687589595
2026-03-18 00:00:00+00:00,2508.582687589595,0.0,0.46458076271436727,-0.7394517682088622,2508.582687589595
2026-03-19 00:00:00+00:00,2508.582687589595,0.0,0.46458076271436727,-0.7394517682088622,2508.582687589595
2026-03-20 00:00:00+00:00,2508.582687589595,0.0,0.46458076271436727,-0.7394517682088622,2508.582687589595
2026-03-21 00:00:00+00:00,2508.582687589595,0.0,0.46458076271436727,-0.7394517682088622,2508.582687589595
2026-03-22 00:00:00+00:00,2508.582687589595,0.0,0.46458076271436727,-0.7394517682088622,2508.582687589595
2026-03-23 00:00:00+00:00,2508.582687589595,0.0,0.46458076271436727,-0.7394517682088622,2508.582687589595
2026-03-24 00:00:00+00:00,2508.582687589595,0.0,0.46458076271436727,-0.7394517682088622,2508.582687589595
2026-03-25 00:00:00+00:00,2508.582687589595,0.0,0.46458076271436727,-0.7394517682088622,2508.582687589595
2026-03-26 00:00:00+00:00,2508.582687589595,0.0,0.46458076271436727,-0.7394517682088622,2508.582687589595
2026-03-27 00:00:00+00:00,2608.582687589595,100.0,0.46458076271436727,-0.7394517682088622,2608.582687589595
2026-03-28 00:00:00+00:00,2608.582687589595,0.0,0.46458076271436727,-0.7394517682088622,2608.582687589595
2026-03-29 00:00:00+00:00,2608.582687589595,0.0,0.46458076271436727,-0.7394517682088622,2608.582687589595
2026-03-30 00:00:00+00:00,2608.582687589595,0.0,0.46458076271436727,-0.7394517682088622,2608.582687589595
2026-03-31 00:00:00+00:00,2608.582687589595,0.0,0.46458076271436727,-0.7394517682088622,2608.582687589595
2026-04-01 00:00:00+00:00,2608.582687589595,0.0,0.46458076271436727,-0.7394517682088622,2608.582687589595
2026-04-02 00:00:00+00:00,2608.582687589595,0.0,0.46458076271436727,-0.7394517682088622,2608.582687589595
2026-04-03 00:00:00+00:00,2608.582687589595,0.0,0.46458076271436727,-0.7394517682088622,2608.582687589595
2026-04-04 00:00:00+00:00,2608.582687589595,0.0,0.46458076271436727,-0.7394517682088622,2608.582687589595
2026-04-05 00:00:00+00:00,2608.582687589595,0.0,0.46458076271436727,-0.7394517682088622,2608.582687589595
2026-04-06 00:00:00+00:00,2608.582687589595,0.0,0.46458076271436727,-0.7394517682088622,2608.582687589595
2026-04-07 00:00:00+00:00,2608.582687589595,0.0,0.46458076271436727,-0.7394517682088622,2608.582687589595
2026-04-08 00:00:00+00:00,2608.582687589595,0.0,0.46458076271436727,-0.7394517682088622,2608.582687589595
2026-04-09 00:00:00+00:00,2608.582687589595,0.0,0.46458076271436727,-0.7394517682088622,2608.582687589595
2026-04-10 00:00:00+00:00,2608.582687589595,0.0,0.46458076271436727,-0.7394517682088622,2608.582687589595
2026-04-11 00:00:00+00:00,2608.582687589595,0.0,0.46458076271436727,-0.7394517682088622,2608.582687589595
2026-04-12 00:00:00+00:00,2608.582687589595,0.0,0.46458076271436727,-0.7394517682088622,2608.582687589595
2026-04-13 00:00:00+00:00,2608.582687589595,0.0,0.46458076271436727,-0.7394517682088622,2608.582687589595
2026-04-14 00:00:00+00:00,2608.582687589595,0.0,0.46458076271436727,-0.7394517682088622,2608.582687589595
2026-04-15 00:00:00+00:00,2608.582687589595,0.0,0.46458076271436727,-0.7394517682088622,2608.582687589595
2026-04-16 00:00:00+00:00,2608.582687589595,0.0,0.46458076271436727,-0.7394517682088622,2608.582687589595
2026-04-17 00:00:00+00:00,2608.582687589595,0.0,0.46458076271436727,-0.7394517682088622,2608.582687589595
2026-04-18 00:00:00+00:00,2608.582687589595,0.0,0.46458076271436727,-0.7394517682088622,2608.582687589595
2026-04-19 00:00:00+00:00,2608.582687589595,0.0,0.46458076271436727,-0.7394517682088622,2608.582687589595
2026-04-20 00:00:00+00:00,2608.582687589595,0.0,0.46458076271436727,-0.7394517682088622,2608.582687589595
2026-04-21 00:00:00+00:00,2608.582687589595,0.0,0.46458076271436727,-0.7394517682088622,2608.582687589595
2026-04-22 00:00:00+00:00,2608.582687589595,0.0,0.46458076271436727,-0.7394517682088622,2608.582687589595
2026-04-23 00:00:00+00:00,2608.582687589595,0.0,0.46458076271436727,-0.7394517682088622,2608.582687589595
2026-04-24 00:00:00+00:00,2608.582687589595,0.0,0.46458076271436727,-0.7394517682088622,2608.582687589595
2026-04-25 00:00:00+00:00,2608.582687589595,0.0,0.46458076271436727,-0.7394517682088622,2608.582687589595
2026-04-26 00:00:00+00:00,2608.582687589595,0.0,0.46458076271436727,-0.7394517682088622,2608.582687589595
2026-04-27 00:00:00+00:00,2708.582687589595,100.0,0.46458076271436727,-0.7394517682088622,2708.582687589595
2026-04-28 00:00:00+00:00,2708.582687589595,0.0,0.46458076271436727,-0.7394517682088622,2708.582687589595
2026-04-29 00:00:00+00:00,2708.582687589595,0.0,0.46458076271436727,-0.7394517682088622,2708.582687589595
2026-04-30 00:00:00+00:00,2708.582687589595,0.0,0.46458076271436727,-0.7394517682088622,2708.582687589595
2026-05-01 00:00:00+00:00,2708.582687589595,0.0,0.46458076271436727,-0.7394517682088622,2708.582687589595
2026-05-02 00:00:00+00:00,2708.582687589595,0.0,0.46458076271436727,-0.7394517682088622,2708.582687589595
2026-05-03 00:00:00+00:00,2672.6451064176113,0.0,0.45841668696084187,-0.7429087323518115,2696.887948058273
2026-05-04 00:00:00+00:00,2865.295153906571,0.0,0.4914603545621543,-0.7243770369903544,2696.770976278103
2026-05-05 00:00:00+00:00,3020.8215338457303,0.0,0.5181365068337467,-0.7094163996519811,2698.363134831893
2026-05-06 00:00:00+00:00,3101.624685804812,0.0,0.5319960024802622,-0.7016436561937318,2700.6684534874853
2026-05-07 00:00:00+00:00,2879.081410868894,0.0,0.49382499707570154,-0.7230508877496429,2701.471166534845
2026-05-08 00:00:00+00:00,2986.50070598811,0.0,0.5122497393903385,-0.7127178425257332,2702.250913003094
2026-05-09 00:00:00+00:00,3052.6746024309055,0.0,0.523599999960945,-0.7063523393465617,2701.953096024341
2026-05-10 00:00:00+00:00,3295.974208554923,0.0,0.5653311670023285,-0.682948482243899,2700.5616523189706
2026-05-11 00:00:00+00:00,3309.66853801156,0.0,0.5676800419519386,-0.6816311758379177,2862.7906273701556
2026-05-12 00:00:00+00:00,3124.523717468842,0.0,0.5359236837892507,-0.6994409166439557,2861.6446091997373
2026-05-13 00:00:00+00:00,2948.765098038303,0.0,0.5057772629903609,-0.7163477652790369,2860.1654466321293
2026-05-14 00:00:00+00:00,3209.095708528764,0.0,0.5504296172026613,-0.6913056351069804,2858.846520367346
2026-05-15 00:00:00+00:00,2916.1369129963223,0.0,0.5001808205548971,-0.7194863868017223,2859.3852087255855
2026-05-16 00:00:00+00:00,2771.0033378789462,0.0,0.4752872600472439,-0.7334473031671777,2858.377341176787
2026-05-17 00:00:00+00:00,2670.261933295246,0.0,0.45800792100662474,-0.7431379782766008,2857.771945831804
2026-05-18 00:00:00+00:00,2599.477025069376,0.0,0.4458667717617013,-0.7499470311293164,2856.419426321173
2026-05-19 00:00:00+00:00,2580.552842486775,0.0,0.44262086340592033,-0.7517674157653776,2580.552842486775
2026-05-20 00:00:00+00:00,2580.552842486775,0.0,0.44262086340592033,-0.7517674157653776,2580.552842486775
2026-05-21 00:00:00+00:00,2575.2173474033316,0.0,0.4417057101094446,-0.7522806560722329,2570.312259831024
2026-05-22 00:00:00+00:00,2300.896439008025,0.0,0.39465371593008136,-0.7786685629111936,2569.750352916422
2026-05-23 00:00:00+00:00,2284.9055599292114,0.0,0.39191093283804307,-0.7802067826184451,2284.9055599292114
2026-05-24 00:00:00+00:00,2284.9055599292114,0.0,0.39191093283804307,-0.7802067826184451,2284.9055599292114
2026-05-25 00:00:00+00:00,2300.3244378649965,0.0,0.3945556053098964,-0.7787235857417985,2276.143213686249
2026-05-26 00:00:00+00:00,2142.3536709671457,0.0,0.3674601875815612,-0.7939193573822622,2274.616897203911
2026-05-27 00:00:00+00:00,2226.9822079366136,100.0,0.36482364779583454,-0.7953979932500164,2226.9822079366136
2026-05-28 00:00:00+00:00,2226.9822079366136,0.0,0.36482364779583454,-0.7953979932500164,2226.9822079366136
2026-05-29 00:00:00+00:00,2226.9822079366136,0.0,0.36482364779583454,-0.7953979932500164,2226.9822079366136
2026-05-30 00:00:00+00:00,2226.9822079366136,0.0,0.36482364779583454,-0.7953979932500164,2226.9822079366136
2026-05-31 00:00:00+00:00,2226.9822079366136,0.0,0.36482364779583454,-0.7953979932500164,2226.9822079366136
2026-06-01 00:00:00+00:00,2226.9822079366136,0.0,0.36482364779583454,-0.7953979932500164,2226.9822079366136
2026-06-02 00:00:00+00:00,2226.9822079366136,0.0,0.36482364779583454,-0.7953979932500164,2226.9822079366136
2026-06-03 00:00:00+00:00,2226.9822079366136,0.0,0.36482364779583454,-0.7953979932500164,2226.9822079366136
2026-06-04 00:00:00+00:00,2226.9822079366136,0.0,0.36482364779583454,-0.7953979932500164,2226.9822079366136
2026-06-05 00:00:00+00:00,2226.9822079366136,0.0,0.36482364779583454,-0.7953979932500164,2226.9822079366136
2026-06-06 00:00:00+00:00,2226.9822079366136,0.0,0.36482364779583454,-0.7953979932500164,2226.9822079366136
2026-06-07 00:00:00+00:00,2226.9822079366136,0.0,0.36482364779583454,-0.7953979932500164,2226.9822079366136
2026-06-08 00:00:00+00:00,2226.9822079366136,0.0,0.36482364779583454,-0.7953979932500164,2226.9822079366136
2026-06-09 00:00:00+00:00,2226.9822079366136,0.0,0.36482364779583454,-0.7953979932500164,2226.9822079366136
2026-06-10 00:00:00+00:00,2226.9822079366136,0.0,0.36482364779583454,-0.7953979932500164,2226.9822079366136
2026-06-11 00:00:00+00:00,2226.9822079366136,0.0,0.36482364779583454,-0.7953979932500164,2226.9822079366136
2026-06-12 00:00:00+00:00,2226.9822079366136,0.0,0.36482364779583454,-0.7953979932500164,2226.9822079366136
2026-06-13 00:00:00+00:00,2226.9822079366136,0.0,0.36482364779583454,-0.7953979932500164,2226.9822079366136
2026-06-14 00:00:00+00:00,2226.9822079366136,0.0,0.36482364779583454,-0.7953979932500164,2226.9822079366136
2026-06-15 00:00:00+00:00,2226.9822079366136,0.0,0.36482364779583454,-0.7953979932500164,2226.9822079366136
2026-06-16 00:00:00+00:00,2226.9822079366136,0.0,0.36482364779583454,-0.7953979932500164,2226.9822079366136
2026-06-17 00:00:00+00:00,2226.9822079366136,0.0,0.36482364779583454,-0.7953979932500164,2226.9822079366136
2026-06-18 00:00:00+00:00,2226.9822079366136,0.0,0.36482364779583454,-0.7953979932500164,2226.9822079366136
2026-06-19 00:00:00+00:00,2226.9822079366136,0.0,0.36482364779583454,-0.7953979932500164,2226.9822079366136
2026-06-20 00:00:00+00:00,2226.9822079366136,0.0,0.36482364779583454,-0.7953979932500164,2226.9822079366136
2026-06-21 00:00:00+00:00,2226.9822079366136,0.0,0.36482364779583454,-0.7953979932500164,2226.9822079366136
2026-06-22 00:00:00+00:00,2226.9822079366136,0.0,0.36482364779583454,-0.7953979932500164,2226.9822079366136
2026-06-23 00:00:00+00:00,2226.9822079366136,0.0,0.36482364779583454,-0.7953979932500164,2226.9822079366136
2026-06-24 00:00:00+00:00,2226.9822079366136,0.0,0.36482364779583454,-0.7953979932500164,2226.9822079366136
2026-06-25 00:00:00+00:00,2226.9822079366136,0.0,0.36482364779583454,-0.7953979932500164,2226.9822079366136
2026-06-26 00:00:00+00:00,2226.9822079366136,0.0,0.36482364779583454,-0.7953979932500164,2226.9822079366136
2026-06-27 00:00:00+00:00,2326.9822079366136,100.0,0.36482364779583454,-0.7953979932500164,2326.9822079366136
2026-06-28 00:00:00+00:00,2326.9822079366136,0.0,0.36482364779583454,-0.7953979932500164,2326.9822079366136
2026-06-29 00:00:00+00:00,2326.9822079366136,0.0,0.36482364779583454,-0.7953979932500164,2326.9822079366136
2026-06-30 00:00:00+00:00,2326.9822079366136,0.0,0.36482364779583454,-0.7953979932500164,2326.9822079366136
2026-07-01 00:00:00+00:00,2326.9822079366136,0.0,0.36482364779583454,-0.7953979932500164,2326.9822079366136
2026-07-02 00:00:00+00:00,2326.9822079366136,0.0,0.36482364779583454,-0.7953979932500164,2326.9822079366136
2026-07-03 00:00:00+00:00,2326.9822079366136,0.0,0.36482364779583454,-0.7953979932500164,2326.9822079366136
2026-07-04 00:00:00+00:00,2326.9822079366136,0.0,0.36482364779583454,-0.7953979932500164,2326.9822079366136
2026-07-05 00:00:00+00:00,2326.9822079366136,0.0,0.36482364779583454,-0.7953979932500164,2326.9822079366136
2026-07-06 00:00:00+00:00,2326.9822079366136,0.0,0.36482364779583454,-0.7953979932500164,2326.9822079366136
2026-07-07 00:00:00+00:00,2326.9822079366136,0.0,0.36482364779583454,-0.7953979932500164,2326.9822079366136
2026-07-08 00:00:00+00:00,2326.9822079366136,0.0,0.36482364779583454,-0.7953979932500164,2326.9822079366136
2026-07-09 00:00:00+00:00,2326.9822079366136,0.0,0.36482364779583454,-0.7953979932500164,2326.9822079366136
2026-07-10 00:00:00+00:00,2326.9822079366136,0.0,0.36482364779583454,-0.7953979932500164,2326.9822079366136
2026-07-11 00:00:00+00:00,2326.9822079366136,0.0,0.36482364779583454,-0.7953979932500164,2326.9822079366136
2026-07-12 00:00:00+00:00,2326.9822079366136,0.0,0.36482364779583454,-0.7953979932500164,2326.9822079366136
2026-07-13 00:00:00+00:00,2326.9822079366136,0.0,0.36482364779583454,-0.7953979932500164,2326.9822079366136
2026-07-14 00:00:00+00:00,2326.9822079366136,0.0,0.36482364779583454,-0.7953979932500164,2326.9822079366136
2026-07-15 00:00:00+00:00,2326.9822079366136,0.0,0.36482364779583454,-0.7953979932500164,2326.9822079366136
2026-07-16 00:00:00+00:00,2326.9822079366136,0.0,0.36482364779583454,-0.7953979932500164,2326.9822079366136
2026-07-17 00:00:00+00:00,2326.9822079366136,0.0,0.36482364779583454,-0.7953979932500164,2326.9822079366136
2026-07-18 00:00:00+00:00,2326.9822079366136,0.0,0.36482364779583454,-0.7953979932500164,2326.9822079366136
2026-07-19 00:00:00+00:00,2326.9822079366136,0.0,0.36482364779583454,-0.7953979932500164,2326.9822079366136
2026-07-20 00:00:00+00:00,2326.9822079366136,0.0,0.36482364779583454,-0.7953979932500164,2326.9822079366136
2026-07-21 00:00:00+00:00,2326.9822079366136,0.0,0.36482364779583454,-0.7953979932500164,2326.9822079366136
2026-07-22 00:00:00+00:00,2326.9822079366136,0.0,0.36482364779583454,-0.7953979932500164,2326.9822079366136
2026-07-23 00:00:00+00:00,2326.9822079366136,0.0,0.36482364779583454,-0.7953979932500164,2326.9822079366136
2026-07-24 00:00:00+00:00,2326.9822079366136,0.0,0.36482364779583454,-0.7953979932500164,2326.9822079366136
2026-07-25 00:00:00+00:00,2326.9822079366136,0.0,0.36482364779583454,-0.7953979932500164,2326.9822079366136
2026-07-26 00:00:00+00:00,2326.9822079366136,0.0,0.36482364779583454,-0.7953979932500164,2326.9822079366136
2026-07-27 00:00:00+00:00,2426.9822079366136,100.0,0.36482364779583454,-0.7953979932500164,2426.9822079366136
2026-07-28 00:00:00+00:00,2426.9822079366136,0.0,0.36482364779583454,-0.7953979932500164,2426.9822079366136
2026-07-29 00:00:00+00:00,2426.9822079366136,0.0,0.36482364779583454,-0.7953979932500164,2426.9822079366136
2026-07-30 00:00:00+00:00,2426.9822079366136,0.0,0.36482364779583454,-0.7953979932500164,2426.9822079366136
2026-07-31 00:00:00+00:00,2426.9822079366136,0.0,0.36482364779583454,-0.7953979932500164,2426.9822079366136
2026-08-01 00:00:00+00:00,2426.9822079366136,0.0,0.36482364779583454,-0.7953979932500164,2426.9822079366136
2026-08-02 00:00:00+00:00,2426.9822079366136,0.0,0.36482364779583454,-0.7953979932500164,2426.9822079366136
2026-08-03 00:00:00+00:00,2426.9822079366136,0.0,0.36482364779583454,-0.7953979932500164,2426.9822079366136
2026-08-04 00:00:00+00:00,2426.9822079366136,0.0,0.36482364779583454,-0.7953979932500164,2426.9822079366136
2026-08-05 00:00:00+00:00,2426.9822079366136,0.0,0.36482364779583454,-0.7953979932500164,2426.9822079366136
2026-08-06 00:00:00+00:00,2426.9822079366136,0.0,0.36482364779583454,-0.7953979932500164,2426.9822079366136
2026-08-07 00:00:00+00:00,2426.9822079366136,0.0,0.36482364779583454,-0.7953979932500164,2426.9822079366136
2026-08-08 00:00:00+00:00,2426.9822079366136,0.0,0.36482364779583454,-0.7953979932500164,2426.9822079366136
2026-08-09 00:00:00+00:00,2426.9822079366136,0.0,0.36482364779583454,-0.7953979932500164,2426.9822079366136
2026-08-10 00:00:00+00:00,2426.9822079366136,0.0,0.36482364779583454,-0.7953979932500164,2426.9822079366136
2026-08-11 00:00:00+00:00,2546.461202383265,0.0,0.38278371460080063,-0.7853255493943037,2425.0738661513005
2026-08-12 00:00:00+00:00,2529.1761120974465,0.0,0.3801854220917204,-0.7867827352557278,2424.7684918114833
2026-08-13 00:00:00+00:00,2522.5729473727483,0.0,0.3791928352346831,-0.78733940219344,2424.6959870660166
2026-08-14 00:00:00+00:00,2376.164557959732,0.0,0.3571847453035333,-0.7996820762274635,2425.0097585197277
2026-08-15 00:00:00+00:00,2375.744183164652,0.0,0.3571215546193655,-0.799717515105581,2375.744183164652
2026-08-16 00:00:00+00:00,2375.744183164652,0.0,0.3571215546193655,-0.799717515105581,2375.744183164652
2026-08-17 00:00:00+00:00,2375.744183164652,0.0,0.3571215546193655,-0.799717515105581,2375.744183164652
2026-08-18 00:00:00+00:00,2375.744183164652,0.0,0.3571215546193655,-0.799717515105581,2375.744183164652
2026-08-19 00:00:00+00:00,2375.744183164652,0.0,0.3571215546193655,-0.799717515105581,2375.744183164652
2026-08-20 00:00:00+00:00,2930.5969128440533,0.0,0.44052694431244155,-0.7529417367039634,2363.8654622488284
2026-08-21 00:00:00+00:00,3482.8382900807837,0.0,0.5235397958481712,-0.7063861032825416,3163.1766689468145
2026-08-22 00:00:00+00:00,3479.7108044772945,0.0,0.5230696726216545,-0.7066497598633203,3351.402630113797
2026-08-23 00:00:00+00:00,3630.6290152104502,0.0,0.545755678303295,-0.6939268941290171,3350.8230428236448
2026-08-24 00:00:00+00:00,3731.393971475466,0.0,0.5609026533385364,-0.6854321008031835,3731.393971475466
2026-08-25 00:00:00+00:00,3731.393971475466,0.0,0.5609026533385364,-0.6854321008031835,3731.393971475466
2026-08-26 00:00:00+00:00,3731.393971475466,0.0,0.5609026533385364,-0.6854321008031835,3731.393971475466
2026-08-27 00:00:00+00:00,3831.393971475466,100.0,0.5609026533385364,-0.6854321008031835,3831.393971475466
2026-08-28 00:00:00+00:00,3831.393971475466,0.0,0.5609026533385364,-0.6854321008031835,3831.393971475466
2026-08-29 00:00:00+00:00,3831.393971475466,0.0,0.5609026533385364,-0.6854321008031835,3831.393971475466
2026-08-30 00:00:00+00:00,3831.393971475466,0.0,0.5609026533385364,-0.6854321008031835,3831.393971475466
2026-08-31 00:00:00+00:00,3831.393971475466,0.0,0.5609026533385364,-0.6854321008031835,3831.393971475466
2026-09-01 00:00:00+00:00,3831.393971475466,0.0,0.5609026533385364,-0.6854321008031835,3831.393971475466
2026-09-02 00:00:00+00:00,3831.393971475466,0.0,0.5609026533385364,-0.6854321008031835,3831.393971475466
2026-09-03 00:00:00+00:00,3831.393971475466,0.0,0.5609026533385364,-0.6854321008031835,3831.393971475466
2026-09-04 00:00:00+00:00,3831.393971475466,0.0,0.5609026533385364,-0.6854321008031835,3831.393971475466
2026-09-05 00:00:00+00:00,3831.393971475466,0.0,0.5609026533385364,-0.6854321008031835,3831.393971475466
2026-09-06 00:00:00+00:00,3831.393971475466,0.0,0.5609026533385364,-0.6854321008031835,3831.393971475466
2026-09-07 00:00:00+00:00,3831.393971475466,0.0,0.5609026533385364,-0.6854321008031835,3831.393971475466
2026-09-08 00:00:00+00:00,3831.393971475466,0.0,0.5609026533385364,-0.6854321008031835,3831.393971475466
2026-09-09 00:00:00+00:00,3831.393971475466,0.0,0.5609026533385364,-0.6854321008031835,3831.393971475466
2026-09-10 00:00:00+00:00,3831.393971475466,0.0,0.5609026533385364,-0.6854321008031835,3831.393971475466
2026-09-11 00:00:00+00:00,3831.393971475466,0.0,0.5609026533385364,-0.6854321008031835,3831.393971475466
2026-09-12 00:00:00+00:00,3831.393971475466,0.0,0.5609026533385364,-0.6854321008031835,3831.393971475466
2026-09-13 00:00:00+00:00,3831.393971475466,0.0,0.5609026533385364,-0.6854321008031835,3831.393971475466
2026-09-14 00:00:00+00:00,3831.393971475466,0.0,0.5609026533385364,-0.6854321008031835,3831.393971475466
2026-09-15 00:00:00+00:00,3831.393971475466,0.0,0.5609026533385364,-0.6854321008031835,3831.393971475466
2026-09-16 00:00:00+00:00,3831.393971475466,0.0,0.5609026533385364,-0.6854321008031835,3831.393971475466
2026-09-17 00:00:00+00:00,3831.393971475466,0.0,0.5609026533385364,-0.6854321008031835,3831.393971475466
2026-09-18 00:00:00+00:00,3831.393971475466,0.0,0.5609026533385364,-0.6854321008031835,3831.393971475466
2026-09-19 00:00:00+00:00,3831.393971475466,0.0,0.5609026533385364,-0.6854321008031835,3831.393971475466
2026-09-20 00:00:00+00:00,3831.393971475466,0.0,0.5609026533385364,-0.6854321008031835,3831.393971475466
2026-09-21 00:00:00+00:00,3831.393971475466,0.0,0.5609026533385364,-0.6854321008031835,3831.393971475466
2026-09-22 00:00:00+00:00,3831.393971475466,0.0,0.5609026533385364,-0.6854321008031835,3831.393971475466
2026-09-23 00:00:00+00:00,3831.393971475466,0.0,0.5609026533385364,-0.6854321008031835,3831.393971475466
2026-09-24 00:00:00+00:00,3831.393971475466,0.0,0.5609026533385364,-0.6854321008031835,3831.393971475466
2026-09-25 00:00:00+00:00,3831.393971475466,0.0,0.5609026533385364,-0.6854321008031835,3831.393971475466
2026-09-26 00:00:00+00:00,3831.393971475466,0.0,0.5609026533385364,-0.6854321008031835,3831.393971475466
