date,cash,units,price,equity,deposit,return,twr_index,drawdown
2021-09-27 00:00:00+00:00,60.0,0.0,42147.35,60.0,60.0,0.0,1.0,0.0
2021-09-28 00:00:00+00:00,60.0,0.0,41026.54,60.0,0.0,0.0,1.0,0.0
2021-09-29 00:00:00+00:00,60.0,0.0,41524.28,60.0,0.0,0.0,1.0,0.0
2021-09-30 00:00:00+00:00,60.0,0.0,43824.1,60.0,0.0,0.0,1.0,0.0
2021-10-01 00:00:00+00:00,60.0,0.0,48141.61,60.0,0.0,0.0,1.0,0.0
2021-10-02 00:00:00+00:00,0.0,0.0012444560398411383,47634.9,59.27953901222864,0.0,-0.012007683129522717,0.9879923168704773,-0.012007683129522717
2021-10-03 00:00:00+00:00,0.0,0.0012444560398411383,48200.01,59.98279356490327,0.0,0.011863360687227376,0.9997132260817212,-0.0002867739182788043
2021-10-04 00:00:00+00:00,0.0,0.0012444560398411383,49224.94,61.258273893817645,0.0,0.021264103472177665,1.0209712315636275,0.0
2021-10-05 00:00:00+00:00,0.0,0.0012444560398411383,51471.99,64.05462883814268,0.0,0.04564860820551542,1.067577147302378,0.0
2021-10-06 00:00:00+00:00,0.0,0.0012444560398411383,55315.0,68.83708584381256,0.0,0.0746621609150917,1.1472847640635429,0.0
2021-10-07 00:00:00+00:00,0.0,0.0012444560398411383,53785.22,66.9333418831844,0.0,-0.027655789568832856,1.1155556980530734,-0.027655789568832856
2021-10-08 00:00:00+00:00,0.0,0.0012444560398411383,53951.43,67.14018292156639,0.0,0.003090254162760653,1.1190030486927733,-0.02465099882491173
2021-10-09 00:00:00+00:00,0.0,0.0012444560398411383,54949.72,68.3825109415794,0.0,0.01850349471737811,1.13970851569299,-0.00660363373406847
2021-10-10 00:00:00+00:00,0.0,0.0012444560398411383,54659.0,68.02072268167677,0.0,-0.005290654802244776,1.1336787113612796,-0.011859350989785855
2021-10-11 00:00:00+00:00,0.0,0.0012444560398411383,57471.35,71.520568625324,0.0,0.051452642748678334,1.1920094770887335,0.0
2021-10-12 00:00:00+00:00,0.0,0.0012444560398411383,55996.93,69.68571775106143,0.0,-0.025654869774244027,1.1614286291843574,-0.025654869774243916
2021-10-13 00:00:00+00:00,0.0,0.0012444560398411383,57367.0,71.39070963756659,0.0,0.02446687702343686,1.18984516062611,-0.0018156872946257785
2021-10-14 00:00:00+00:00,0.0,0.0012444560398411383,57347.94,71.36699030544722,0.0,-0.00033224676207577186,1.1894498384241206,-0.00214733080047691
2021-10-15 00:00:00+00:00,0.0,0.0012444560398411383,61672.42,76.74861556061941,0.0,0.0754077653007239,1.2791435926769905,0.0
2021-10-16 00:00:00+00:00,0.0,0.0012444560398411383,60875.57,75.756970765272,0.0,-0.012920686426769024,1.2626161794212003,-0.012920686426769024
2021-10-17 00:00:00+00:00,0.0,0.0012444560398411383,61528.33,76.56930188983871,0.0,0.01072285647592297,1.276155031497312,-0.0023363766169707256
2021-10-18 00:00:00+00:00,0.0,0.0012444560398411383,62009.84,77.16851991758261,0.0,0.007825825924415497,1.286141998626377,0.0
2021-10-19 00:00:00+00:00,0.0,0.0012444560398411383,64280.59,79.99436847005187,0.0,0.036619188180456286,1.3332394745008644,0.0
2021-10-20 00:00:00+00:00,0.0,0.0012444560398411383,66001.41,82.13585331253131,0.0,0.026770445013028166,1.3689308885421885,0.0
2021-10-21 00:00:00+00:00,0.0,0.0012444560398411383,62193.15,77.3966411542459,0.0,-0.05769967641600382,1.2899440192374316,-0.05769967641600382
2021-10-22 00:00:00+00:00,0.0,0.0012444560398411383,60688.22,75.52382192620777,0.0,-0.02419768093431507,1.2587303654367963,-0.08050115899039123
2021-10-23 00:00:00+00:00,0.0,0.0012444560398411383,61286.75,76.26866619973389,0.0,0.009862375268214985,1.2711444366622313,-0.0714327163616657
2021-10-24 00:00:00+00:00,0.0,0.0012444560398411383,60852.22,75.72791271674171,0.0,-0.007090113278971466,1.2621318786123616,-0.07801636358980835
2021-10-25 00:00:00+00:00,0.0,0.0012444560398411383,63078.78,78.49876875681039,0.0,0.036589626475418635,1.3083128126135064,-0.04428132671711127
2021-10-26 00:00:00+00:00,0.0,0.0012444560398411383,60328.81,75.07655198092846,0.0,-0.04359580194797685,1.2512758663488075,-0.08594664871553526
2021-10-27 00:00:00+00:00,0.0,0.002237515655762887,58413.44,130.70098650696605,60.0,-0.05828138557926754,1.1783497751161005,-0.13921894452176686
2021-10-28 00:00:00+00:00,0.0,0.002237515655762887,60575.89,135.53950223677052,0.0,0.03701973381468382,1.221971970131491,-0.10735305897524017
2021-10-29 00:00:00+00:00,0.0,0.002237515655762887,62253.71,139.29365075432258,0.0,0.027697818389461393,1.2558179278372055,-0.08262868611682805
2021-10-30 00:00:00+00:00,0.0,0.002237515655762887,61859.19,138.41090607781103,0.0,-0.006337292990248877,1.247859441686094,-0.08844233691375525
2021-10-31 00:00:00+00:00,0.0,0.002237515655762887,61299.8,137.15926219513383,0.0,-0.009042957077194158,1.2365751023165552,-0.09668551373443146
2021-11-01 00:00:00+00:00,0.0,0.002237515655762887,60911.11,136.28956223489533,0.0,-0.00634080372203516,1.2287342223052105,-0.10241325359111242
2021-11-02 00:00:00+00:00,0.0,0.002237515655762887,63219.99,141.45571738217316,0.0,0.037905728528014215,1.2753102881689924,-0.06838957405139368
2021-11-03 00:00:00+00:00,0.0,0.002237515655762887,62896.48,140.7318586923773,0.0,-0.005117210553181151,1.2687842569037935,-0.07315682075451146
2021-11-04 00:00:00+00:00,0.0,0.002237515655762887,61395.01,137.372296060719,0.0,-0.023872083143603562,1.2384957336316909,-0.09528249819054158
2021-11-05 00:00:00+00:00,0.0,0.002237515655762887,60937.12,136.34776001710173,0.0,-0.0074580979789725665,1.2292589111037262,-0.10202996996232783
2021-11-06 00:00:00+00:00,0.0,0.002237515655762887,61470.61,137.54145224429467,0.0,0.008754762286107276,1.2400207806585184,-0.09416845580929945
2021-11-07 00:00:00+00:00,0.0,0.002237515655762887,63273.59,141.57564822132204,0.0,0.029330764734561754,1.276391538441981,-0.06759972389749713
2021-11-08 00:00:00+00:00,0.0,0.002237515655762887,67525.83,151.09010179338324,0.0,0.06720402619797627,1.3621701888303113,-0.004938671315304233
2021-11-09 00:00:00+00:00,0.0,0.002237515655762887,66947.66,149.7964373666908,0.0,-0.008562205011030555,1.350507008413632,-0.013458590410051041
2021-11-10 00:00:00+00:00,0.0,0.002237515655762887,64882.43,145.1754529089396,0.0,-0.030848426965184528,1.3088459915986141,-0.04389184103191679
2021-11-11 00:00:00+00:00,0.0,0.002237515655762887,64774.26,144.93342084045574,0.0,-0.0016671693708142366,1.306663923650308,-0.04548583526973393
2021-11-12 00:00:00+00:00,0.0,0.002237515655762887,64122.23,143.47449350742866,0.0,-0.010066189872335096,1.2935107964955135,-0.05509415608774226
2021-11-13 00:00:00+00:00,0.0,0.002237515655762887,64380.0,144.05125791801467,0.0,0.004019978718768913,1.2987106823699233,-0.05129565470397457
2021-11-14 00:00:00+00:00,0.0,0.002237515655762887,65519.1,146.60001200149415,0.0,0.017693383038210442,1.32168926792891,-0.034509865332637224
2021-11-15 00:00:00+00:00,0.0,0.002237515655762887,63606.74,142.32107656203945,0.0,-0.029187824619080427,1.2831120333756802,-0.06269042205476061
2021-11-16 00:00:00+00:00,0.0,0.002237515655762887,60058.87,134.382661892428,0.0,-0.05577820840998915,1.2115423429646865,-0.11497187103806916
2021-11-17 00:00:00+00:00,0.0,0.002237515655762887,60344.87,135.02259136997617,0.0,0.004761994356537125,1.2173117007645902,-0.11075737208257586
2021-11-18 00:00:00+00:00,0.0,0.002237515655762887,56891.62,127.29589043171298,0.0,-0.05722524549311314,1.1476507398466973,-0.1616444997680916
2021-11-19 00:00:00+00:00,0.0,0.002237515655762887,58052.24,129.89279585210448,0.0,0.020400544052006087,1.1710634393212571,-0.14454159145436896
2021-11-20 00:00:00+00:00,0.0,0.002237515655762887,59707.51,133.59648839161915,0.0,0.02851345615604184,1.2044545053542874,-0.12014951562898579
2021-11-21 00:00:00+00:00,0.0,0.002237515655762887,58622.02,131.16768752244508,0.0,-0.01818012507974298,1.1825573717940865,-0.13614530748632325
2021-11-22 00:00:00+00:00,0.0,0.002237515655762887,56247.18,125.85394584251314,0.0,-0.04051105710789227,1.1346507225719773,-0.1711409742676655
2021-11-23 00:00:00+00:00,0.0,0.002237515655762887,57541.27,128.74949247747932,0.0,0.02300719787196437,1.1607558562617581,-0.15207125065467808
2021-11-24 00:00:00+00:00,0.0,0.002237515655762887,57138.29,127.84781841852,0.0,-0.007003321268369556,1.1526267100862158,-0.1580095680990301
2021-11-25 00:00:00+00:00,0.0,0.002237515655762887,58960.36,131.9247285694159,0.0,0.031888773710238905,1.1893825624165322,-0.13115952574995382
2021-11-26 00:00:00+00:00,0.0,0.002237515655762887,53726.53,120.21395200481442,0.0,-0.08876862352943571,1.0838027095009035,-0.2082852987157925
2021-11-27 00:00:00+00:00,0.0,0.0033526674897687253,54721.03,183.46141828765911,60.0,0.02701405476391483,1.11308061524864,-0.1868978744179045
2021-11-28 00:00:00+00:00,0.0,0.0033526674897687253,57274.88,192.02362815640495,0.0,0.046670356899349175,1.1650284848200414,-0.14895010802136865
2021-11-29 00:00:00+00:00,0.0,0.0033526674897687253,57776.25,193.70455505575032,0.0,0.008753750335225519,1.1752268533095822,-0.14150022974416698
2021-11-30 00:00:00+00:00,0.0,0.0033526674897687253,56950.56,190.93629103612318,0.0,-0.014291166352956464,1.1584314908464735,-0.1537691927748679
2021-12-01 00:00:00+00:00,0.0,0.0033526674897687253,57184.07,191.71917242165907,0.0,0.004100223070677478,1.1631813183710416,-0.1502994576959653
2021-12-02 00:00:00+00:00,0.0,0.0033526674897687253,56480.34,189.3597997290841,0.0,-0.012306399317152605,1.1488667445889156,-0.1607562118695599
2021-12-03 00:00:00+00:00,0.0,0.0033526674897687253,53601.05,179.70649775246795,0.0,-0.050978623712250815,1.0902990991209986,-0.20353970514750552
2021-12-04 00:00:00+00:00,0.0,0.0033526674897687253,49152.47,164.79188821083258,0.0,-0.08299426970180634,0.999810521632914,-0.26964134566527376
2021-12-05 00:00:00+00:00,0.0,0.0033526674897687253,49396.33,165.60946970488757,0.0,0.00496129696025438,1.0047708785347216,-0.26601781949362746
2021-12-06 00:00:00+00:00,0.0,0.0033526674897687253,50441.92,169.11498530551486,0.0,0.021167362028717607,1.0260392274765786,-0.25048135295622154
2021-12-07 00:00:00+00:00,0.0,0.0033526674897687253,50588.95,169.60792800653556,0.0,0.00291483750023791,1.0290299650935424,-0.24829662789669082
2021-12-08 00:00:00+00:00,0.0,0.0033526674897687253,50471.19,169.2131178829404,0.0,-0.002327781066813972,1.0266346086236133,-0.2500464287741332
2021-12-09 00:00:00+00:00,0.0,0.0033526674897687253,47545.59,159.404553874873,0.0,-0.057965742436427714,0.9671249713238141,-0.2935180443230909
2021-12-10 00:00:00+00:00,0.0,0.0033526674897687253,47140.54,158.04655590814218,0.0,-0.0085191917904478,0.9588858482077752,-0.2995366995999932
2021-12-11 00:00:00+00:00,0.0,0.0033526674897687253,49389.99,165.58821379300244,0.0,0.04771795147022084,1.0046419165780354,-0.26611202582483495
2021-12-12 00:00:00+00:00,0.0,0.0033526674897687253,50053.9,167.81408326613482,0.0,0.013442197497914199,1.0181465116353603,-0.2562469587346282
2021-12-13 00:00:00+00:00,0.0,0.0033526674897687253,46702.75,156.57879160779635,0.0,-0.06695082700848487,0.9499807606655689,-0.30604183993742073
2021-12-14 00:00:00+00:00,156.3440351861821,0.0,48343.28,156.3440351861821,0.0,-0.0014992862009196584,0.9485564676199638,-0.3070822818308182
2021-12-15 00:00:00+00:00,0.0,0.003229616110297029,48864.98,157.81512663734213,0.0,0.009409322520095964,0.957481741352323,-0.30056239554067543
2021-12-16 00:00:00+00:00,0.0,0.003229616110297029,47632.38,153.83430181979,0.0,-0.02522460870750387,0.9333296390821312,-0.3182054354284758
2021-12-17 00:00:00+00:00,0.0,0.003229616110297029,46131.2,148.9860667073343,0.0,-0.03151595616259373,0.9039148630915693,-0.33969284303740654
2021-12-18 00:00:00+00:00,148.77114325408814,0.0,46834.48,148.77114325408814,0.0,-0.0014425741815732307,0.9026108988477332,-0.3406453850939488
2021-12-19 00:00:00+00:00,148.77114325408814,0.0,46681.23,148.77114325408814,0.0,0.0,0.9026108988477332,-0.3406453850939488
2021-12-20 00:00:00+00:00,148.77114325408814,0.0,46914.16,148.77114325408814,0.0,0.0,0.9026108988477332,-0.3406453850939488
2021-12-21 00:00:00+00:00,148.77114325408814,0.0,48889.88,148.77114325408814,0.0,0.0,0.9026108988477332,-0.3406453850939488
2021-12-22 00:00:00+00:00,0.0,0.0030385675916945343,48588.16,147.6384083160687,0.0,-0.00761394255124348,0.8957384713177803,-0.3456656732527408
2021-12-23 00:00:00+00:00,0.0,0.0030385675916945343,50838.81,154.477160466316,0.0,0.04632095555789717,0.9372299332391899,-0.31535628198347443
2021-12-24 00:00:00+00:00,0.0,0.0030385675916945343,50820.0,154.42000500991622,0.0,-0.00036999292469674927,0.9368831647950774,-0.3156095953150786
2021-12-25 00:00:00+00:00,0.0,0.0030385675916945343,50399.66,153.14277350842337,0.0,-0.008271153089334682,0.9291340607122369,-0.32127029312509936
2021-12-26 00:00:00+00:00,0.0,0.0030385675916945343,50775.49,154.2847583664099,0.0,0.007456994749567514,0.9360626085246124,-0.31620900926455764
2021-12-27 00:00:00+00:00,0.0,0.004218469876963254,50701.44,213.8824973586598,60.0,-0.0026072634264673322,0.9336220467205226,-0.31799183250605
2021-12-28 00:00:00+00:00,0.0,0.004218469876963254,47543.74,200.5618350281729,0.0,-0.06228028237462302,0.875475802019595,-0.3604674937593725
2021-12-29 00:00:00+00:00,200.26109255654816,0.0,46464.66,200.26109255654816,0.0,-0.001499499999999987,0.8741630260544666,-0.3614264727524803
2021-12-30 00:00:00+00:00,200.26109255654816,0.0,47120.87,200.26109255654816,0.0,0.0,0.8741630260544666,-0.3614264727524803
2021-12-31 00:00:00+00:00,200.26109255654816,0.0,46216.93,200.26109255654816,0.0,0.0,0.8741630260544666,-0.3614264727524803
2022-01-01 00:00:00+00:00,200.26109255654816,0.0,47722.65,200.26109255654816,0.0,0.0,0.8741630260544666,-0.3614264727524803
2022-01-02 00:00:00+00:00,200.26109255654816,0.0,47286.18,200.26109255654816,0.0,0.0,0.8741630260544666,-0.3614264727524803
2022-01-03 00:00:00+00:00,200.26109255654816,0.0,46446.1,200.26109255654816,0.0,0.0,0.8741630260544666,-0.3614264727524803
2022-01-04 00:00:00+00:00,200.26109255654816,0.0,45832.01,200.26109255654816,0.0,0.0,0.8741630260544666,-0.3614264727524803
2022-01-05 00:00:00+00:00,200.26109255654816,0.0,43451.13,200.26109255654816,0.0,0.0,0.8741630260544666,-0.3614264727524803
2022-01-06 00:00:00+00:00,200.26109255654816,0.0,43082.31,200.26109255654816,0.0,0.0,0.8741630260544666,-0.3614264727524803
2022-01-07 00:00:00+00:00,200.26109255654816,0.0,41566.48,200.26109255654816,0.0,0.0,0.8741630260544666,-0.3614264727524803
2022-01-08 00:00:00+00:00,200.26109255654816,0.0,41679.74,200.26109255654816,0.0,0.0,0.8741630260544666,-0.3614264727524803
2022-01-09 00:00:00+00:00,200.26109255654816,0.0,41864.62,200.26109255654816,0.0,0.0,0.8741630260544666,-0.3614264727524803
2022-01-10 00:00:00+00:00,200.26109255654816,0.0,41822.49,200.26109255654816,0.0,0.0,0.8741630260544666,-0.3614264727524803
2022-01-11 00:00:00+00:00,200.26109255654816,0.0,42729.29,200.26109255654816,0.0,0.0,0.8741630260544666,-0.3614264727524803
2022-01-12 00:00:00+00:00,200.26109255654816,0.0,43902.66,200.26109255654816,0.0,0.0,0.8741630260544666,-0.3614264727524803
2022-01-13 00:00:00+00:00,200.26109255654816,0.0,42560.11,200.26109255654816,0.0,0.0,0.8741630260544666,-0.3614264727524803
2022-01-14 00:00:00+00:00,200.26109255654816,0.0,43059.96,200.26109255654816,0.0,0.0,0.8741630260544666,-0.3614264727524803
2022-01-15 00:00:00+00:00,200.26109255654816,0.0,43084.29,200.26109255654816,0.0,0.0,0.8741630260544666,-0.3614264727524803
2022-01-16 00:00:00+00:00,200.26109255654816,0.0,43071.66,200.26109255654816,0.0,0.0,0.8741630260544666,-0.3614264727524803
2022-01-17 00:00:00+00:00,200.26109255654816,0.0,42201.62,200.26109255654816,0.0,0.0,0.8741630260544666,-0.3614264727524803
2022-01-18 00:00:00+00:00,200.26109255654816,0.0,42352.12,200.26109255654816,0.0,0.0,0.8741630260544666,-0.3614264727524803
2022-01-19 00:00:00+00:00,200.26109255654816,0.0,41660.01,200.26109255654816,0.0,0.0,0.8741630260544666,-0.3614264727524803
2022-01-20 00:00:00+00:00,200.26109255654816,0.0,40680.91,200.26109255654816,0.0,0.0,0.8741630260544666,-0.3614264727524803
2022-01-21 00:00:00+00:00,200.26109255654816,0.0,36445.31,200.26109255654816,0.0,0.0,0.8741630260544666,-0.3614264727524803
2022-01-22 00:00:00+00:00,200.26109255654816,0.0,35071.42,200.26109255654816,0.0,0.0,0.8741630260544666,-0.3614264727524803
2022-01-23 00:00:00+00:00,200.26109255654816,0.0,36244.55,200.26109255654816,0.0,0.0,0.8741630260544666,-0.3614264727524803
2022-01-24 00:00:00+00:00,200.26109255654816,0.0,36660.35,200.26109255654816,0.0,0.0,0.8741630260544666,-0.3614264727524803
2022-01-25 00:00:00+00:00,200.26109255654816,0.0,36958.32,200.26109255654816,0.0,0.0,0.8741630260544666,-0.3614264727524803
2022-01-26 00:00:00+00:00,200.26109255654816,0.0,36809.34,200.26109255654816,0.0,0.0,0.8741630260544666,-0.3614264727524803
2022-01-27 00:00:00+00:00,260.2610925565482,0.0,37160.1,260.2610925565482,60.0,2.220446049250313e-16,0.8741630260544668,-0.3614264727524801
2022-01-28 00:00:00+00:00,260.2610925565482,0.0,37716.56,260.2610925565482,0.0,0.0,0.8741630260544668,-0.3614264727524801
2022-01-29 00:00:00+00:00,260.2610925565482,0.0,38166.84,260.2610925565482,0.0,0.0,0.8741630260544668,-0.3614264727524801
2022-01-30 00:00:00+00:00,260.2610925565482,0.0,37881.76,260.2610925565482,0.0,0.0,0.8741630260544668,-0.3614264727524801
2022-01-31 00:00:00+00:00,260.2610925565482,0.0,38466.9,260.2610925565482,0.0,0.0,0.8741630260544668,-0.3614264727524801
2022-02-01 00:00:00+00:00,260.2610925565482,0.0,38694.59,260.2610925565482,0.0,0.0,0.8741630260544668,-0.3614264727524801
2022-02-02 00:00:00+00:00,260.2610925565482,0.0,36896.36,260.2610925565482,0.0,0.0,0.8741630260544668,-0.3614264727524801
2022-02-03 00:00:00+00:00,260.2610925565482,0.0,37311.61,260.2610925565482,0.0,0.0,0.8741630260544668,-0.3614264727524801
2022-02-04 00:00:00+00:00,260.2610925565482,0.0,41574.25,260.2610925565482,0.0,0.0,0.8741630260544668,-0.3614264727524801
2022-02-05 00:00:00+00:00,260.2610925565482,0.0,41382.59,260.2610925565482,0.0,0.0,0.8741630260544668,-0.3614264727524801
2022-02-06 00:00:00+00:00,260.2610925565482,0.0,42380.87,260.2610925565482,0.0,0.0,0.8741630260544668,-0.3614264727524801
2022-02-07 00:00:00+00:00,260.2610925565482,0.0,43839.99,260.2610925565482,0.0,0.0,0.8741630260544668,-0.3614264727524801
2022-02-08 00:00:00+00:00,260.2610925565482,0.0,44042.99,260.2610925565482,0.0,0.0,0.8741630260544668,-0.3614264727524801
2022-02-09 00:00:00+00:00,260.2610925565482,0.0,44372.72,260.2610925565482,0.0,0.0,0.8741630260544668,-0.3614264727524801
2022-02-10 00:00:00+00:00,260.2610925565482,0.0,43495.44,260.2610925565482,0.0,0.0,0.8741630260544668,-0.3614264727524801
2022-02-11 00:00:00+00:00,260.2610925565482,0.0,42373.73,260.2610925565482,0.0,0.0,0.8741630260544668,-0.3614264727524801
2022-02-12 00:00:00+00:00,260.2610925565482,0.0,42217.87,260.2610925565482,0.0,0.0,0.8741630260544668,-0.3614264727524801
2022-02-13 00:00:00+00:00,260.2610925565482,0.0,42053.66,260.2610925565482,0.0,0.0,0.8741630260544668,-0.3614264727524801
2022-02-14 00:00:00+00:00,260.2610925565482,0.0,42535.94,260.2610925565482,0.0,0.0,0.8741630260544668,-0.3614264727524801
2022-02-15 00:00:00+00:00,260.2610925565482,0.0,44544.86,260.2610925565482,0.0,0.0,0.8741630260544668,-0.3614264727524801
2022-02-16 00:00:00+00:00,260.2610925565482,0.0,43873.56,260.2610925565482,0.0,0.0,0.8741630260544668,-0.3614264727524801
2022-02-17 00:00:00+00:00,260.2610925565482,0.0,40515.7,260.2610925565482,0.0,0.0,0.8741630260544668,-0.3614264727524801
2022-02-18 00:00:00+00:00,260.2610925565482,0.0,39974.44,260.2610925565482,0.0,0.0,0.8741630260544668,-0.3614264727524801
2022-02-19 00:00:00+00:00,260.2610925565482,0.0,40079.17,260.2610925565482,0.0,0.0,0.8741630260544668,-0.3614264727524801
2022-02-20 00:00:00+00:00,260.2610925565482,0.0,38386.89,260.2610925565482,0.0,0.0,0.8741630260544668,-0.3614264727524801
2022-02-21 00:00:00+00:00,260.2610925565482,0.0,37008.16,260.2610925565482,0.0,0.0,0.8741630260544668,-0.3614264727524801
2022-02-22 00:00:00+00:00,260.2610925565482,0.0,38230.33,260.2610925565482,0.0,0.0,0.8741630260544668,-0.3614264727524801
2022-02-23 00:00:00+00:00,260.2610925565482,0.0,37250.01,260.2610925565482,0.0,0.0,0.8741630260544668,-0.3614264727524801
2022-02-24 00:00:00+00:00,260.2610925565482,0.0,38327.21,260.2610925565482,0.0,0.0,0.8741630260544668,-0.3614264727524801
2022-02-25 00:00:00+00:00,260.2610925565482,0.0,39219.17,260.2610925565482,0.0,0.0,0.8741630260544668,-0.3614264727524801
2022-02-26 00:00:00+00:00,260.2610925565482,0.0,39116.72,260.2610925565482,0.0,0.0,0.8741630260544668,-0.3614264727524801
2022-02-27 00:00:00+00:00,320.2610925565482,0.0,37699.07,320.2610925565482,60.0,0.0,0.8741630260544668,-0.3614264727524801
2022-02-28 00:00:00+00:00,320.2610925565482,0.0,43160.0,320.2610925565482,0.0,0.0,0.8741630260544668,-0.3614264727524801
2022-03-01 00:00:00+00:00,320.2610925565482,0.0,44421.2,320.2610925565482,0.0,0.0,0.8741630260544668,-0.3614264727524801
2022-03-02 00:00:00+00:00,320.2610925565482,0.0,43892.98,320.2610925565482,0.0,0.0,0.8741630260544668,-0.3614264727524801
2022-03-03 00:00:00+00:00,320.2610925565482,0.0,42454.0,320.2610925565482,0.0,0.0,0.8741630260544668,-0.3614264727524801
2022-03-04 00:00:00+00:00,320.2610925565482,0.0,39148.66,320.2610925565482,0.0,0.0,0.8741630260544668,-0.3614264727524801
2022-03-05 00:00:00+00:00,320.2610925565482,0.0,39397.96,320.2610925565482,0.0,0.0,0.8741630260544668,-0.3614264727524801
2022-03-06 00:00:00+00:00,320.2610925565482,0.0,38420.81,320.2610925565482,0.0,0.0,0.8741630260544668,-0.3614264727524801
2022-03-07 00:00:00+00:00,320.2610925565482,0.0,37988.0,320.2610925565482,0.0,0.0,0.8741630260544668,-0.3614264727524801
2022-03-08 00:00:00+00:00,320.2610925565482,0.0,38730.63,320.2610925565482,0.0,0.0,0.8741630260544668,-0.3614264727524801
2022-03-09 00:00:00+00:00,320.2610925565482,0.0,41941.71,320.2610925565482,0.0,0.0,0.8741630260544668,-0.3614264727524801
2022-03-10 00:00:00+00:00,320.2610925565482,0.0,39422.0,320.2610925565482,0.0,0.0,0.8741630260544668,-0.3614264727524801
2022-03-11 00:00:00+00:00,320.2610925565482,0.0,38729.57,320.2610925565482,0.0,0.0,0.8741630260544668,-0.3614264727524801
2022-03-12 00:00:00+00:00,320.2610925565482,0.0,38807.36,320.2610925565482,0.0,0.0,0.8741630260544668,-0.3614264727524801
2022-03-13 00:00:00+00:00,320.2610925565482,0.0,37777.34,320.2610925565482,0.0,0.0,0.8741630260544668,-0.3614264727524801
2022-03-14 00:00:00+00:00,320.2610925565482,0.0,39671.37,320.2610925565482,0.0,0.0,0.8741630260544668,-0.3614264727524801
2022-03-15 00:00:00+00:00,320.2610925565482,0.0,39280.33,320.2610925565482,0.0,0.0,0.8741630260544668,-0.3614264727524801
2022-03-16 00:00:00+00:00,320.2610925565482,0.0,41114.0,320.2610925565482,0.0,0.0,0.8741630260544668,-0.3614264727524801
2022-03-17 00:00:00+00:00,320.2610925565482,0.0,40917.9,320.2610925565482,0.0,0.0,0.8741630260544668,-0.3614264727524801
2022-03-18 00:00:00+00:00,320.2610925565482,0.0,41757.51,320.2610925565482,0.0,0.0,0.8741630260544668,-0.3614264727524801
2022-03-19 00:00:00+00:00,320.2610925565482,0.0,42201.13,320.2610925565482,0.0,0.0,0.8741630260544668,-0.3614264727524801
2022-03-20 00:00:00+00:00,320.2610925565482,0.0,41262.11,320.2610925565482,0.0,0.0,0.8741630260544668,-0.3614264727524801
2022-03-21 00:00:00+00:00,320.2610925565482,0.0,41002.25,320.2610925565482,0.0,0.0,0.8741630260544668,-0.3614264727524801
2022-03-22 00:00:00+00:00,320.2610925565482,0.0,42364.13,320.2610925565482,0.0,0.0,0.8741630260544668,-0.3614264727524801
2022-03-23 00:00:00+00:00,320.2610925565482,0.0,42882.76,320.2610925565482,0.0,0.0,0.8741630260544668,-0.3614264727524801
2022-03-24 00:00:00+00:00,320.2610925565482,0.0,43991.46,320.2610925565482,0.0,0.0,0.8741630260544668,-0.3614264727524801
2022-03-25 00:00:00+00:00,320.2610925565482,0.0,44313.16,320.2610925565482,0.0,0.0,0.8741630260544668,-0.3614264727524801
2022-03-26 00:00:00+00:00,320.2610925565482,0.0,44511.27,320.2610925565482,0.0,0.0,0.8741630260544668,-0.3614264727524801
2022-03-27 00:00:00+00:00,380.2610925565482,0.0,46827.76,380.2610925565482,60.0,0.0,0.8741630260544668,-0.3614264727524801
2022-03-28 00:00:00+00:00,380.2610925565482,0.0,47122.21,380.2610925565482,0.0,0.0,0.8741630260544668,-0.3614264727524801
2022-03-29 00:00:00+00:00,380.2610925565482,0.0,47434.8,380.2610925565482,0.0,0.0,0.8741630260544668,-0.3614264727524801
2022-03-30 00:00:00+00:00,380.2610925565482,0.0,47067.99,380.2610925565482,0.0,0.0,0.8741630260544668,-0.3614264727524801
2022-03-31 00:00:00+00:00,380.2610925565482,0.0,45510.34,380.2610925565482,0.0,0.0,0.8741630260544668,-0.3614264727524801
2022-04-01 00:00:00+00:00,380.2610925565482,0.0,46283.49,380.2610925565482,0.0,0.0,0.8741630260544668,-0.3614264727524801
2022-04-02 00:00:00+00:00,380.2610925565482,0.0,45811.0,380.2610925565482,0.0,0.0,0.8741630260544668,-0.3614264727524801
2022-04-03 00:00:00+00:00,380.2610925565482,0.0,46407.35,380.2610925565482,0.0,0.0,0.8741630260544668,-0.3614264727524801
2022-04-04 00:00:00+00:00,380.2610925565482,0.0,46580.51,380.2610925565482,0.0,0.0,0.8741630260544668,-0.3614264727524801
2022-04-05 00:00:00+00:00,380.2610925565482,0.0,45497.55,380.2610925565482,0.0,0.0,0.8741630260544668,-0.3614264727524801
2022-04-06 00:00:00+00:00,380.2610925565482,0.0,43170.47,380.2610925565482,0.0,0.0,0.8741630260544668,-0.3614264727524801
2022-04-07 00:00:00+00:00,380.2610925565482,0.0,43444.19,380.2610925565482,0.0,0.0,0.8741630260544668,-0.3614264727524801
2022-04-08 00:00:00+00:00,380.2610925565482,0.0,42252.01,380.2610925565482,0.0,0.0,0.8741630260544668,-0.3614264727524801
2022-04-09 00:00:00+00:00,380.2610925565482,0.0,42753.97,380.2610925565482,0.0,0.0,0.8741630260544668,-0.3614264727524801
2022-04-10 00:00:00+00:00,380.2610925565482,0.0,42158.85,380.2610925565482,0.0,0.0,0.8741630260544668,-0.3614264727524801
2022-04-11 00:00:00+00:00,380.2610925565482,0.0,39530.45,380.2610925565482,0.0,0.0,0.8741630260544668,-0.3614264727524801
2022-04-12 00:00:00+00:00,380.2610925565482,0.0,40074.94,380.2610925565482,0.0,0.0,0.8741630260544668,-0.3614264727524801
2022-04-13 00:00:00+00:00,380.2610925565482,0.0,41147.79,380.2610925565482,0.0,0.0,0.8741630260544668,-0.3614264727524801
2022-04-14 00:00:00+00:00,380.2610925565482,0.0,39942.38,380.2610925565482,0.0,0.0,0.8741630260544668,-0.3614264727524801
2022-04-15 00:00:00+00:00,380.2610925565482,0.0,40551.9,380.2610925565482,0.0,0.0,0.8741630260544668,-0.3614264727524801
2022-04-16 00:00:00+00:00,380.2610925565482,0.0,40378.71,380.2610925565482,0.0,0.0,0.8741630260544668,-0.3614264727524801
2022-04-17 00:00:00+00:00,380.2610925565482,0.0,39678.12,380.2610925565482,0.0,0.0,0.8741630260544668,-0.3614264727524801
2022-04-18 00:00:00+00:00,380.2610925565482,0.0,40801.13,380.2610925565482,0.0,0.0,0.8741630260544668,-0.3614264727524801
2022-04-19 00:00:00+00:00,380.2610925565482,0.0,41493.18,380.2610925565482,0.0,0.0,0.8741630260544668,-0.3614264727524801
2022-04-20 00:00:00+00:00,380.2610925565482,0.0,41358.19,380.2610925565482,0.0,0.0,0.8741630260544668,-0.3614264727524801
2022-04-21 00:00:00+00:00,380.2610925565482,0.0,40480.01,380.2610925565482,0.0,0.0,0.8741630260544668,-0.3614264727524801
2022-04-22 00:00:00+00:00,380.2610925565482,0.0,39709.18,380.2610925565482,0.0,0.0,0.8741630260544668,-0.3614264727524801
2022-04-23 00:00:00+00:00,380.2610925565482,0.0,39441.6,380.2610925565482,0.0,0.0,0.8741630260544668,-0.3614264727524801
2022-04-24 00:00:00+00:00,380.2610925565482,0.0,39450.13,380.2610925565482,0.0,0.0,0.8741630260544668,-0.3614264727524801
2022-04-25 00:00:00+00:00,380.2610925565482,0.0,40426.08,380.2610925565482,0.0,0.0,0.8741630260544668,-0.3614264727524801
2022-04-26 00:00:00+00:00,380.2610925565482,0.0,38112.65,380.2610925565482,0.0,0.0,0.8741630260544668,-0.3614264727524801
2022-04-27 00:00:00+00:00,440.2610925565482,0.0,39235.72,440.2610925565482,60.0,0.0,0.8741630260544668,-0.3614264727524801
2022-04-28 00:00:00+00:00,440.2610925565482,0.0,39742.07,440.2610925565482,0.0,0.0,0.8741630260544668,-0.3614264727524801
2022-04-29 00:00:00+00:00,440.2610925565482,0.0,38596.11,440.2610925565482,0.0,0.0,0.8741630260544668,-0.3614264727524801
2022-04-30 00:00:00+00:00,440.2610925565482,0.0,37630.8,440.2610925565482,0.0,0.0,0.8741630260544668,-0.3614264727524801
2022-05-01 00:00:00+00:00,440.2610925565482,0.0,38468.35,440.2610925565482,0.0,0.0,0.8741630260544668,-0.3614264727524801
2022-05-02 00:00:00+00:00,440.2610925565482,0.0,38525.16,440.2610925565482,0.0,0.0,0.8741630260544668,-0.3614264727524801
2022-05-03 00:00:00+00:00,440.2610925565482,0.0,37728.95,440.2610925565482,0.0,0.0,0.8741630260544668,-0.3614264727524801
2022-05-04 00:00:00+00:00,440.2610925565482,0.0,39690.0,440.2610925565482,0.0,0.0,0.8741630260544668,-0.3614264727524801
2022-05-05 00:00:00+00:00,440.2610925565482,0.0,36552.97,440.2610925565482,0.0,0.0,0.8741630260544668,-0.3614264727524801
2022-05-06 00:00:00+00:00,440.2610925565482,0.0,36013.77,440.2610925565482,0.0,0.0,0.8741630260544668,-0.3614264727524801
2022-05-07 00:00:00+00:00,440.2610925565482,0.0,35472.39,440.2610925565482,0.0,0.0,0.8741630260544668,-0.3614264727524801
2022-05-08 00:00:00+00:00,440.2610925565482,0.0,34038.4,440.2610925565482,0.0,0.0,0.8741630260544668,-0.3614264727524801
2022-05-09 00:00:00+00:00,440.2610925565482,0.0,30076.31,440.2610925565482,0.0,0.0,0.8741630260544668,-0.3614264727524801
2022-05-10 00:00:00+00:00,440.2610925565482,0.0,31017.1,440.2610925565482,0.0,0.0,0.8741630260544668,-0.3614264727524801
2022-05-11 00:00:00+00:00,440.2610925565482,0.0,29103.94,440.2610925565482,0.0,0.0,0.8741630260544668,-0.3614264727524801
2022-05-12 00:00:00+00:00,440.2610925565482,0.0,29029.75,440.2610925565482,0.0,0.0,0.8741630260544668,-0.3614264727524801
2022-05-13 00:00:00+00:00,440.2610925565482,0.0,29287.05,440.2610925565482,0.0,0.0,0.8741630260544668,-0.3614264727524801
2022-05-14 00:00:00+00:00,440.2610925565482,0.0,30086.74,440.2610925565482,0.0,0.0,0.8741630260544668,-0.3614264727524801
2022-05-15 00:00:00+00:00,440.2610925565482,0.0,31328.89,440.2610925565482,0.0,0.0,0.8741630260544668,-0.3614264727524801
2022-05-16 00:00:00+00:00,440.2610925565482,0.0,29874.01,440.2610925565482,0.0,0.0,0.8741630260544668,-0.3614264727524801
2022-05-17 00:00:00+00:00,440.2610925565482,0.0,30444.93,440.2610925565482,0.0,0.0,0.8741630260544668,-0.3614264727524801
2022-05-18 00:00:00+00:00,440.2610925565482,0.0,28715.32,440.2610925565482,0.0,0.0,0.8741630260544668,-0.3614264727524801
2022-05-19 00:00:00+00:00,440.2610925565482,0.0,30319.23,440.2610925565482,0.0,0.0,0.8741630260544668,-0.3614264727524801
2022-05-20 00:00:00+00:00,440.2610925565482,0.0,29201.01,440.2610925565482,0.0,0.0,0.8741630260544668,-0.3614264727524801
2022-05-21 00:00:00+00:00,440.2610925565482,0.0,29445.06,440.2610925565482,0.0,0.0,0.8741630260544668,-0.3614264727524801
2022-05-22 00:00:00+00:00,440.2610925565482,0.0,30293.94,440.2610925565482,0.0,0.0,0.8741630260544668,-0.3614264727524801
2022-05-23 00:00:00+00:00,440.2610925565482,0.0,29109.15,440.2610925565482,0.0,0.0,0.8741630260544668,-0.3614264727524801
2022-05-24 00:00:00+00:00,440.2610925565482,0.0,29654.58,440.2610925565482,0.0,0.0,0.8741630260544668,-0.3614264727524801
2022-05-25 00:00:00+00:00,440.2610925565482,0.0,29542.15,440.2610925565482,0.0,0.0,0.8741630260544668,-0.3614264727524801
2022-05-26 00:00:00+00:00,440.2610925565482,0.0,29201.35,440.2610925565482,0.0,0.0,0.8741630260544668,-0.3614264727524801
2022-05-27 00:00:00+00:00,500.2610925565482,0.0,28629.8,500.2610925565482,60.0,0.0,0.8741630260544668,-0.3614264727524801
2022-05-28 00:00:00+00:00,500.2610925565482,0.0,29031.33,500.2610925565482,0.0,0.0,0.8741630260544668,-0.3614264727524801
2022-05-29 00:00:00+00:00,500.2610925565482,0.0,29468.1,500.2610925565482,0.0,0.0,0.8741630260544668,-0.3614264727524801
2022-05-30 00:00:00+00:00,500.2610925565482,0.0,31734.22,500.2610925565482,0.0,0.0,0.8741630260544668,-0.3614264727524801
2022-05-31 00:00:00+00:00,500.2610925565482,0.0,31801.04,500.2610925565482,0.0,0.0,0.8741630260544668,-0.3614264727524801
2022-06-01 00:00:00+00:00,500.2610925565482,0.0,29805.83,500.2610925565482,0.0,0.0,0.8741630260544668,-0.3614264727524801
2022-06-02 00:00:00+00:00,500.2610925565482,0.0,30452.62,500.2610925565482,0.0,0.0,0.8741630260544668,-0.3614264727524801
2022-06-03 00:00:00+00:00,500.2610925565482,0.0,29700.21,500.2610925565482,0.0,0.0,0.8741630260544668,-0.3614264727524801
2022-06-04 00:00:00+00:00,500.2610925565482,0.0,29864.04,500.2610925565482,0.0,0.0,0.8741630260544668,-0.3614264727524801
2022-06-05 00:00:00+00:00,500.2610925565482,0.0,29919.21,500.2610925565482,0.0,0.0,0.8741630260544668,-0.3614264727524801
2022-06-06 00:00:00+00:00,500.2610925565482,0.0,31373.1,500.2610925565482,0.0,0.0,0.8741630260544668,-0.3614264727524801
2022-06-07 00:00:00+00:00,500.2610925565482,0.0,31125.33,500.2610925565482,0.0,0.0,0.8741630260544668,-0.3614264727524801
2022-06-08 00:00:00+00:00,500.2610925565482,0.0,30204.77,500.2610925565482,0.0,0.0,0.8741630260544668,-0.3614264727524801
2022-06-09 00:00:00+00:00,500.2610925565482,0.0,30109.93,500.2610925565482,0.0,0.0,0.8741630260544668,-0.3614264727524801
2022-06-10 00:00:00+00:00,500.2610925565482,0.0,29091.88,500.2610925565482,0.0,0.0,0.8741630260544668,-0.3614264727524801
2022-06-11 00:00:00+00:00,500.2610925565482,0.0,28424.7,500.2610925565482,0.0,0.0,0.8741630260544668,-0.3614264727524801
2022-06-12 00:00:00+00:00,500.2610925565482,0.0,26574.53,500.2610925565482,0.0,0.0,0.8741630260544668,-0.3614264727524801
2022-06-13 00:00:00+00:00,500.2610925565482,0.0,22487.41,500.2610925565482,0.0,0.0,0.8741630260544668,-0.3614264727524801
2022-06-14 00:00:00+00:00,500.2610925565482,0.0,22136.41,500.2610925565482,0.0,0.0,0.8741630260544668,-0.3614264727524801
2022-06-15 00:00:00+00:00,500.2610925565482,0.0,22583.72,500.2610925565482,0.0,0.0,0.8741630260544668,-0.3614264727524801
2022-06-16 00:00:00+00:00,500.2610925565482,0.0,20401.31,500.2610925565482,0.0,0.0,0.8741630260544668,-0.3614264727524801
2022-06-17 00:00:00+00:00,500.2610925565482,0.0,20468.81,500.2610925565482,0.0,0.0,0.8741630260544668,-0.3614264727524801
2022-06-18 00:00:00+00:00,500.2610925565482,0.0,18970.79,500.2610925565482,0.0,0.0,0.8741630260544668,-0.3614264727524801
2022-06-19 00:00:00+00:00,500.2610925565482,0.0,20574.0,500.2610925565482,0.0,0.0,0.8741630260544668,-0.3614264727524801
2022-06-20 00:00:00+00:00,500.2610925565482,0.0,20573.89,500.2610925565482,0.0,0.0,0.8741630260544668,-0.3614264727524801
2022-06-21 00:00:00+00:00,500.2610925565482,0.0,20723.52,500.2610925565482,0.0,0.0,0.8741630260544668,-0.3614264727524801
2022-06-22 00:00:00+00:00,500.2610925565482,0.0,19987.99,500.2610925565482,0.0,0.0,0.8741630260544668,-0.3614264727524801
2022-06-23 00:00:00+00:00,500.2610925565482,0.0,21110.13,500.2610925565482,0.0,0.0,0.8741630260544668,-0.3614264727524801
2022-06-24 00:00:00+00:00,500.2610925565482,0.0,21237.69,500.2610925565482,0.0,0.0,0.8741630260544668,-0.3614264727524801
2022-06-25 00:00:00+00:00,500.2610925565482,0.0,21491.19,500.2610925565482,0.0,0.0,0.8741630260544668,-0.3614264727524801
2022-06-26 00:00:00+00:00,500.2610925565482,0.0,21038.07,500.2610925565482,0.0,0.0,0.8741630260544668,-0.3614264727524801
2022-06-27 00:00:00+00:00,560.2610925565482,0.0,20742.56,560.2610925565482,60.0,0.0,0.8741630260544668,-0.3614264727524801
2022-06-28 00:00:00+00:00,560.2610925565482,0.0,20281.29,560.2610925565482,0.0,0.0,0.8741630260544668,-0.3614264727524801
2022-06-29 00:00:00+00:00,560.2610925565482,0.0,20123.01,560.2610925565482,0.0,0.0,0.8741630260544668,-0.3614264727524801
2022-06-30 00:00:00+00:00,560.2610925565482,0.0,19942.21,560.2610925565482,0.0,0.0,0.8741630260544668,-0.3614264727524801
2022-07-01 00:00:00+00:00,560.2610925565482,0.0,19279.8,560.2610925565482,0.0,0.0,0.8741630260544668,-0.3614264727524801
2022-07-02 00:00:00+00:00,560.2610925565482,0.0,19252.81,560.2610925565482,0.0,0.0,0.8741630260544668,-0.3614264727524801
2022-07-03 00:00:00+00:00,560.2610925565482,0.0,19315.83,560.2610925565482,0.0,0.0,0.8741630260544668,-0.3614264727524801
2022-07-04 00:00:00+00:00,560.2610925565482,0.0,20236.71,560.2610925565482,0.0,0.0,0.8741630260544668,-0.3614264727524801
2022-07-05 00:00:00+00:00,560.2610925565482,0.0,20175.83,560.2610925565482,0.0,0.0,0.8741630260544668,-0.3614264727524801
2022-07-06 00:00:00+00:00,560.2610925565482,0.0,20564.51,560.2610925565482,0.0,0.0,0.8741630260544668,-0.3614264727524801
2022-07-07 00:00:00+00:00,560.2610925565482,0.0,21624.98,560.2610925565482,0.0,0.0,0.8741630260544668,-0.3614264727524801
2022-07-08 00:00:00+00:00,560.2610925565482,0.0,21594.75,560.2610925565482,0.0,0.0,0.8741630260544668,-0.3614264727524801
2022-07-09 00:00:00+00:00,560.2610925565482,0.0,21591.83,560.2610925565482,0.0,0.0,0.8741630260544668,-0.3614264727524801
2022-07-10 00:00:00+00:00,560.2610925565482,0.0,20862.47,560.2610925565482,0.0,0.0,0.8741630260544668,-0.3614264727524801
2022-07-11 00:00:00+00:00,560.2610925565482,0.0,19963.61,560.2610925565482,0.0,0.0,0.8741630260544668,-0.3614264727524801
2022-07-12 00:00:00+00:00,560.2610925565482,0.0,19328.75,560.2610925565482,0.0,0.0,0.8741630260544668,-0.3614264727524801
2022-07-13 00:00:00+00:00,560.2610925565482,0.0,20234.87,560.2610925565482,0.0,0.0,0.8741630260544668,-0.3614264727524801
2022-07-14 00:00:00+00:00,560.2610925565482,0.0,20588.84,560.2610925565482,0.0,0.0,0.8741630260544668,-0.3614264727524801
2022-07-15 00:00:00+00:00,560.2610925565482,0.0,20830.04,560.2610925565482,0.0,0.0,0.8741630260544668,-0.3614264727524801
2022-07-16 00:00:00+00:00,560.2610925565482,0.0,21195.6,560.2610925565482,0.0,0.0,0.8741630260544668,-0.3614264727524801
2022-07-17 00:00:00+00:00,560.2610925565482,0.0,20798.16,560.2610925565482,0.0,0.0,0.8741630260544668,-0.3614264727524801
2022-07-18 00:00:00+00:00,560.2610925565482,0.0,22432.58,560.2610925565482,0.0,0.0,0.8741630260544668,-0.3614264727524801
2022-07-19 00:00:00+00:00,560.2610925565482,0.0,23396.62,560.2610925565482,0.0,0.0,0.8741630260544668,-0.3614264727524801
2022-07-20 00:00:00+00:00,560.2610925565482,0.0,23223.3,560.2610925565482,0.0,0.0,0.8741630260544668,-0.3614264727524801
2022-07-21 00:00:00+00:00,560.2610925565482,0.0,23152.19,560.2610925565482,0.0,0.0,0.8741630260544668,-0.3614264727524801
2022-07-22 00:00:00+00:00,560.2610925565482,0.0,22684.83,560.2610925565482,0.0,0.0,0.8741630260544668,-0.3614264727524801
2022-07-23 00:00:00+00:00,560.2610925565482,0.0,22451.07,560.2610925565482,0.0,0.0,0.8741630260544668,-0.3614264727524801
2022-07-24 00:00:00+00:00,560.2610925565482,0.0,22579.68,560.2610925565482,0.0,0.0,0.8741630260544668,-0.3614264727524801
2022-07-25 00:00:00+00:00,560.2610925565482,0.0,21310.9,560.2610925565482,0.0,0.0,0.8741630260544668,-0.3614264727524801
2022-07-26 00:00:00+00:00,560.2610925565482,0.0,21254.67,560.2610925565482,0.0,0.0,0.8741630260544668,-0.3614264727524801
2022-07-27 00:00:00+00:00,620.2610925565482,0.0,22952.45,620.2610925565482,60.0,0.0,0.8741630260544668,-0.3614264727524801
2022-07-28 00:00:00+00:00,620.2610925565482,0.0,23842.93,620.2610925565482,0.0,0.0,0.8741630260544668,-0.3614264727524801
2022-07-29 00:00:00+00:00,620.2610925565482,0.0,23773.75,620.2610925565482,0.0,0.0,0.8741630260544668,-0.3614264727524801
2022-07-30 00:00:00+00:00,620.2610925565482,0.0,23643.51,620.2610925565482,0.0,0.0,0.8741630260544668,-0.3614264727524801
2022-07-31 00:00:00+00:00,620.2610925565482,0.0,23293.32,620.2610925565482,0.0,0.0,0.8741630260544668,-0.3614264727524801
2022-08-01 00:00:00+00:00,620.2610925565482,0.0,23268.01,620.2610925565482,0.0,0.0,0.8741630260544668,-0.3614264727524801
2022-08-02 00:00:00+00:00,620.2610925565482,0.0,22987.79,620.2610925565482,0.0,0.0,0.8741630260544668,-0.3614264727524801
2022-08-03 00:00:00+00:00,620.2610925565482,0.0,22818.37,620.2610925565482,0.0,0.0,0.8741630260544668,-0.3614264727524801
2022-08-04 00:00:00+00:00,620.2610925565482,0.0,22622.98,620.2610925565482,0.0,0.0,0.8741630260544668,-0.3614264727524801
2022-08-05 00:00:00+00:00,620.2610925565482,0.0,23312.42,620.2610925565482,0.0,0.0,0.8741630260544668,-0.3614264727524801
2022-08-06 00:00:00+00:00,620.2610925565482,0.0,22954.21,620.2610925565482,0.0,0.0,0.8741630260544668,-0.3614264727524801
2022-08-07 00:00:00+00:00,620.2610925565482,0.0,23174.39,620.2610925565482,0.0,0.0,0.8741630260544668,-0.3614264727524801
2022-08-08 00:00:00+00:00,620.2610925565482,0.0,23810.0,620.2610925565482,0.0,0.0,0.8741630260544668,-0.3614264727524801
2022-08-09 00:00:00+00:00,620.2610925565482,0.0,23149.95,620.2610925565482,0.0,0.0,0.8741630260544668,-0.3614264727524801
2022-08-10 00:00:00+00:00,620.2610925565482,0.0,23954.05,620.2610925565482,0.0,0.0,0.8741630260544668,-0.3614264727524801
2022-08-11 00:00:00+00:00,620.2610925565482,0.0,23934.39,620.2610925565482,0.0,0.0,0.8741630260544668,-0.3614264727524801
2022-08-12 00:00:00+00:00,620.2610925565482,0.0,24403.68,620.2610925565482,0.0,0.0,0.8741630260544668,-0.3614264727524801
2022-08-13 00:00:00+00:00,620.2610925565482,0.0,24441.38,620.2610925565482,0.0,0.0,0.8741630260544668,-0.3614264727524801
2022-08-14 00:00:00+00:00,620.2610925565482,0.0,24305.24,620.2610925565482,0.0,0.0,0.8741630260544668,-0.3614264727524801
2022-08-15 00:00:00+00:00,620.2610925565482,0.0,24094.82,620.2610925565482,0.0,0.0,0.8741630260544668,-0.3614264727524801
2022-08-16 00:00:00+00:00,620.2610925565482,0.0,23854.74,620.2610925565482,0.0,0.0,0.8741630260544668,-0.3614264727524801
2022-08-17 00:00:00+00:00,620.2610925565482,0.0,23342.66,620.2610925565482,0.0,0.0,0.8741630260544668,-0.3614264727524801
2022-08-18 00:00:00+00:00,620.2610925565482,0.0,23191.2,620.2610925565482,0.0,0.0,0.8741630260544668,-0.3614264727524801
2022-08-19 00:00:00+00:00,620.2610925565482,0.0,20834.39,620.2610925565482,0.0,0.0,0.8741630260544668,-0.3614264727524801
2022-08-20 00:00:00+00:00,620.2610925565482,0.0,21140.07,620.2610925565482,0.0,0.0,0.8741630260544668,-0.3614264727524801
2022-08-21 00:00:00+00:00,620.2610925565482,0.0,21515.61,620.2610925565482,0.0,0.0,0.8741630260544668,-0.3614264727524801
2022-08-22 00:00:00+00:00,620.2610925565482,0.0,21399.83,620.2610925565482,0.0,0.0,0.8741630260544668,-0.3614264727524801
2022-08-23 00:00:00+00:00,620.2610925565482,0.0,21529.12,620.2610925565482,0.0,0.0,0.8741630260544668,-0.3614264727524801
2022-08-24 00:00:00+00:00,620.2610925565482,0.0,21368.08,620.2610925565482,0.0,0.0,0.8741630260544668,-0.3614264727524801
2022-08-25 00:00:00+00:00,620.2610925565482,0.0,21559.04,620.2610925565482,0.0,0.0,0.8741630260544668,-0.3614264727524801
2022-08-26 00:00:00+00:00,620.2610925565482,0.0,20241.05,620.2610925565482,0.0,0.0,0.8741630260544668,-0.3614264727524801
2022-08-27 00:00:00+00:00,680.2610925565482,0.0,20037.6,680.2610925565482,60.0,0.0,0.8741630260544668,-0.3614264727524801
2022-08-28 00:00:00+00:00,680.2610925565482,0.0,19555.61,680.2610925565482,0.0,0.0,0.8741630260544668,-0.3614264727524801
2022-08-29 00:00:00+00:00,680.2610925565482,0.0,20285.73,680.2610925565482,0.0,0.0,0.8741630260544668,-0.3614264727524801
2022-08-30 00:00:00+00:00,680.2610925565482,0.0,19811.66,680.2610925565482,0.0,0.0,0.8741630260544668,-0.3614264727524801
2022-08-31 00:00:00+00:00,680.2610925565482,0.0,20050.02,680.2610925565482,0.0,0.0,0.8741630260544668,-0.3614264727524801
2022-09-01 00:00:00+00:00,680.2610925565482,0.0,20131.46,680.2610925565482,0.0,0.0,0.8741630260544668,-0.3614264727524801
2022-09-02 00:00:00+00:00,680.2610925565482,0.0,19951.86,680.2610925565482,0.0,0.0,0.8741630260544668,-0.3614264727524801
2022-09-03 00:00:00+00:00,680.2610925565482,0.0,19831.9,680.2610925565482,0.0,0.0,0.8741630260544668,-0.3614264727524801
2022-09-04 00:00:00+00:00,680.2610925565482,0.0,20000.3,680.2610925565482,0.0,0.0,0.8741630260544668,-0.3614264727524801
2022-09-05 00:00:00+00:00,680.2610925565482,0.0,19796.84,680.2610925565482,0.0,0.0,0.8741630260544668,-0.3614264727524801
2022-09-06 00:00:00+00:00,680.2610925565482,0.0,18790.61,680.2610925565482,0.0,0.0,0.8741630260544668,-0.3614264727524801
2022-09-07 00:00:00+00:00,680.2610925565482,0.0,19292.84,680.2610925565482,0.0,0.0,0.8741630260544668,-0.3614264727524801
2022-09-08 00:00:00+00:00,680.2610925565482,0.0,19319.77,680.2610925565482,0.0,0.0,0.8741630260544668,-0.3614264727524801
2022-09-09 00:00:00+00:00,680.2610925565482,0.0,21360.11,680.2610925565482,0.0,0.0,0.8741630260544668,-0.3614264727524801
2022-09-10 00:00:00+00:00,680.2610925565482,0.0,21648.34,680.2610925565482,0.0,0.0,0.8741630260544668,-0.3614264727524801
2022-09-11 00:00:00+00:00,680.2610925565482,0.0,21826.87,680.2610925565482,0.0,0.0,0.8741630260544668,-0.3614264727524801
2022-09-12 00:00:00+00:00,680.2610925565482,0.0,22395.74,680.2610925565482,0.0,0.0,0.8741630260544668,-0.3614264727524801
2022-09-13 00:00:00+00:00,680.2610925565482,0.0,20173.57,680.2610925565482,0.0,0.0,0.8741630260544668,-0.3614264727524801
2022-09-14 00:00:00+00:00,680.2610925565482,0.0,20226.71,680.2610925565482,0.0,0.0,0.8741630260544668,-0.3614264727524801
2022-09-15 00:00:00+00:00,680.2610925565482,0.0,19701.88,680.2610925565482,0.0,0.0,0.8741630260544668,-0.3614264727524801
2022-09-16 00:00:00+00:00,680.2610925565482,0.0,19803.3,680.2610925565482,0.0,0.0,0.8741630260544668,-0.3614264727524801
2022-09-17 00:00:00+00:00,680.2610925565482,0.0,20113.62,680.2610925565482,0.0,0.0,0.8741630260544668,-0.3614264727524801
2022-09-18 00:00:00+00:00,680.2610925565482,0.0,19416.18,680.2610925565482,0.0,0.0,0.8741630260544668,-0.3614264727524801
2022-09-19 00:00:00+00:00,680.2610925565482,0.0,19537.02,680.2610925565482,0.0,0.0,0.8741630260544668,-0.3614264727524801
2022-09-20 00:00:00+00:00,680.2610925565482,0.0,18875.0,680.2610925565482,0.0,0.0,0.8741630260544668,-0.3614264727524801
2022-09-21 00:00:00+00:00,680.2610925565482,0.0,18461.36,680.2610925565482,0.0,0.0,0.8741630260544668,-0.3614264727524801
2022-09-22 00:00:00+00:00,680.2610925565482,0.0,19401.63,680.2610925565482,0.0,0.0,0.8741630260544668,-0.3614264727524801
2022-09-23 00:00:00+00:00,680.2610925565482,0.0,19289.91,680.2610925565482,0.0,0.0,0.8741630260544668,-0.3614264727524801
2022-09-24 00:00:00+00:00,680.2610925565482,0.0,18920.5,680.2610925565482,0.0,0.0,0.8741630260544668,-0.3614264727524801
2022-09-25 00:00:00+00:00,680.2610925565482,0.0,18807.38,680.2610925565482,0.0,0.0,0.8741630260544668,-0.3614264727524801
2022-09-26 00:00:00+00:00,680.2610925565482,0.0,19227.82,680.2610925565482,0.0,0.0,0.8741630260544668,-0.3614264727524801
2022-09-27 00:00:00+00:00,740.2610925565482,0.0,19079.13,740.2610925565482,60.0,0.0,0.8741630260544668,-0.3614264727524801
2022-09-28 00:00:00+00:00,740.2610925565482,0.0,19412.82,740.2610925565482,0.0,0.0,0.8741630260544668,-0.3614264727524801
2022-09-29 00:00:00+00:00,740.2610925565482,0.0,19591.51,740.2610925565482,0.0,0.0,0.8741630260544668,-0.3614264727524801
2022-09-30 00:00:00+00:00,740.2610925565482,0.0,19422.61,740.2610925565482,0.0,0.0,0.8741630260544668,-0.3614264727524801
2022-10-01 00:00:00+00:00,740.2610925565482,0.0,19310.95,740.2610925565482,0.0,0.0,0.8741630260544668,-0.3614264727524801
2022-10-02 00:00:00+00:00,740.2610925565482,0.0,19056.8,740.2610925565482,0.0,0.0,0.8741630260544668,-0.3614264727524801
2022-10-03 00:00:00+00:00,740.2610925565482,0.0,19629.08,740.2610925565482,0.0,0.0,0.8741630260544668,-0.3614264727524801
2022-10-04 00:00:00+00:00,740.2610925565482,0.0,20337.82,740.2610925565482,0.0,0.0,0.8741630260544668,-0.3614264727524801
2022-10-05 00:00:00+00:00,740.2610925565482,0.0,20158.26,740.2610925565482,0.0,0.0,0.8741630260544668,-0.3614264727524801
2022-10-06 00:00:00+00:00,740.2610925565482,0.0,19960.67,740.2610925565482,0.0,0.0,0.8741630260544668,-0.3614264727524801
2022-10-07 00:00:00+00:00,740.2610925565482,0.0,19530.09,740.2610925565482,0.0,0.0,0.8741630260544668,-0.3614264727524801
2022-10-08 00:00:00+00:00,740.2610925565482,0.0,19417.96,740.2610925565482,0.0,0.0,0.8741630260544668,-0.3614264727524801
2022-10-09 00:00:00+00:00,740.2610925565482,0.0,19439.02,740.2610925565482,0.0,0.0,0.8741630260544668,-0.3614264727524801
2022-10-10 00:00:00+00:00,740.2610925565482,0.0,19131.87,740.2610925565482,0.0,0.0,0.8741630260544668,-0.3614264727524801
2022-10-11 00:00:00+00:00,740.2610925565482,0.0,19060.0,740.2610925565482,0.0,0.0,0.8741630260544668,-0.3614264727524801
2022-10-12 00:00:00+00:00,740.2610925565482,0.0,19155.53,740.2610925565482,0.0,0.0,0.8741630260544668,-0.3614264727524801
2022-10-13 00:00:00+00:00,740.2610925565482,0.0,19375.13,740.2610925565482,0.0,0.0,0.8741630260544668,-0.3614264727524801
2022-10-14 00:00:00+00:00,740.2610925565482,0.0,19176.93,740.2610925565482,0.0,0.0,0.8741630260544668,-0.3614264727524801
2022-10-15 00:00:00+00:00,740.2610925565482,0.0,19069.39,740.2610925565482,0.0,0.0,0.8741630260544668,-0.3614264727524801
2022-10-16 00:00:00+00:00,740.2610925565482,0.0,19262.98,740.2610925565482,0.0,0.0,0.8741630260544668,-0.3614264727524801
2022-10-17 00:00:00+00:00,740.2610925565482,0.0,19549.86,740.2610925565482,0.0,0.0,0.8741630260544668,-0.3614264727524801
2022-10-18 00:00:00+00:00,740.2610925565482,0.0,19327.44,740.2610925565482,0.0,0.0,0.8741630260544668,-0.3614264727524801
2022-10-19 00:00:00+00:00,740.2610925565482,0.0,19123.97,740.2610925565482,0.0,0.0,0.8741630260544668,-0.3614264727524801
2022-10-20 00:00:00+00:00,740.2610925565482,0.0,19041.92,740.2610925565482,0.0,0.0,0.8741630260544668,-0.3614264727524801
2022-10-21 00:00:00+00:00,740.2610925565482,0.0,19164.37,740.2610925565482,0.0,0.0,0.8741630260544668,-0.3614264727524801
2022-10-22 00:00:00+00:00,740.2610925565482,0.0,19204.35,740.2610925565482,0.0,0.0,0.8741630260544668,-0.3614264727524801
2022-10-23 00:00:00+00:00,740.2610925565482,0.0,19570.4,740.2610925565482,0.0,0.0,0.8741630260544668,-0.3614264727524801
2022-10-24 00:00:00+00:00,740.2610925565482,0.0,19329.72,740.2610925565482,0.0,0.0,0.8741630260544668,-0.3614264727524801
2022-10-25 00:00:00+00:00,740.2610925565482,0.0,20080.07,740.2610925565482,0.0,0.0,0.8741630260544668,-0.3614264727524801
2022-10-26 00:00:00+00:00,740.2610925565482,0.0,20771.59,740.2610925565482,0.0,0.0,0.8741630260544668,-0.3614264727524801
2022-10-27 00:00:00+00:00,800.2610925565482,0.0,20295.11,800.2610925565482,60.0,0.0,0.8741630260544668,-0.3614264727524801
2022-10-28 00:00:00+00:00,800.2610925565482,0.0,20591.84,800.2610925565482,0.0,0.0,0.8741630260544668,-0.3614264727524801
2022-10-29 00:00:00+00:00,800.2610925565482,0.0,20809.67,800.2610925565482,0.0,0.0,0.8741630260544668,-0.3614264727524801
2022-10-30 00:00:00+00:00,800.2610925565482,0.0,20627.48,800.2610925565482,0.0,0.0,0.8741630260544668,-0.3614264727524801
2022-10-31 00:00:00+00:00,800.2610925565482,0.0,20490.74,800.2610925565482,0.0,0.0,0.8741630260544668,-0.3614264727524801
2022-11-01 00:00:00+00:00,800.2610925565482,0.0,20483.62,800.2610925565482,0.0,0.0,0.8741630260544668,-0.3614264727524801
2022-11-02 00:00:00+00:00,800.2610925565482,0.0,20151.84,800.2610925565482,0.0,0.0,0.8741630260544668,-0.3614264727524801
2022-11-03 00:00:00+00:00,800.2610925565482,0.0,20207.82,800.2610925565482,0.0,0.0,0.8741630260544668,-0.3614264727524801
2022-11-04 00:00:00+00:00,800.2610925565482,0.0,21148.52,800.2610925565482,0.0,0.0,0.8741630260544668,-0.3614264727524801
2022-11-05 00:00:00+00:00,800.2610925565482,0.0,21299.37,800.2610925565482,0.0,0.0,0.8741630260544668,-0.3614264727524801
2022-11-06 00:00:00+00:00,800.2610925565482,0.0,20905.58,800.2610925565482,0.0,0.0,0.8741630260544668,-0.3614264727524801
2022-11-07 00:00:00+00:00,800.2610925565482,0.0,20591.13,800.2610925565482,0.0,0.0,0.8741630260544668,-0.3614264727524801
2022-11-08 00:00:00+00:00,800.2610925565482,0.0,18547.23,800.2610925565482,0.0,0.0,0.8741630260544668,-0.3614264727524801
2022-11-09 00:00:00+00:00,800.2610925565482,0.0,15922.81,800.2610925565482,0.0,0.0,0.8741630260544668,-0.3614264727524801
2022-11-10 00:00:00+00:00,800.2610925565482,0.0,17601.15,800.2610925565482,0.0,0.0,0.8741630260544668,-0.3614264727524801
2022-11-11 00:00:00+00:00,800.2610925565482,0.0,17070.31,800.2610925565482,0.0,0.0,0.8741630260544668,-0.3614264727524801
2022-11-12 00:00:00+00:00,800.2610925565482,0.0,16812.08,800.2610925565482,0.0,0.0,0.8741630260544668,-0.3614264727524801
2022-11-13 00:00:00+00:00,800.2610925565482,0.0,16329.85,800.2610925565482,0.0,0.0,0.8741630260544668,-0.3614264727524801
2022-11-14 00:00:00+00:00,800.2610925565482,0.0,16619.46,800.2610925565482,0.0,0.0,0.8741630260544668,-0.3614264727524801
2022-11-15 00:00:00+00:00,800.2610925565482,0.0,16900.57,800.2610925565482,0.0,0.0,0.8741630260544668,-0.3614264727524801
2022-11-16 00:00:00+00:00,800.2610925565482,0.0,16662.76,800.2610925565482,0.0,0.0,0.8741630260544668,-0.3614264727524801
2022-11-17 00:00:00+00:00,800.2610925565482,0.0,16692.56,800.2610925565482,0.0,0.0,0.8741630260544668,-0.3614264727524801
2022-11-18 00:00:00+00:00,800.2610925565482,0.0,16700.45,800.2610925565482,0.0,0.0,0.8741630260544668,-0.3614264727524801
2022-11-19 00:00:00+00:00,800.2610925565482,0.0,16700.68,800.2610925565482,0.0,0.0,0.8741630260544668,-0.3614264727524801
2022-11-20 00:00:00+00:00,800.2610925565482,0.0,16280.23,800.2610925565482,0.0,0.0,0.8741630260544668,-0.3614264727524801
2022-11-21 00:00:00+00:00,800.2610925565482,0.0,15781.29,800.2610925565482,0.0,0.0,0.8741630260544668,-0.3614264727524801
2022-11-22 00:00:00+00:00,800.2610925565482,0.0,16226.94,800.2610925565482,0.0,0.0,0.8741630260544668,-0.3614264727524801
2022-11-23 00:00:00+00:00,800.2610925565482,0.0,16603.11,800.2610925565482,0.0,0.0,0.8741630260544668,-0.3614264727524801
2022-11-24 00:00:00+00:00,800.2610925565482,0.0,16598.95,800.2610925565482,0.0,0.0,0.8741630260544668,-0.3614264727524801
2022-11-25 00:00:00+00:00,800.2610925565482,0.0,16522.14,800.2610925565482,0.0,0.0,0.8741630260544668,-0.3614264727524801
2022-11-26 00:00:00+00:00,800.2610925565482,0.0,16458.57,800.2610925565482,0.0,0.0,0.8741630260544668,-0.3614264727524801
2022-11-27 00:00:00+00:00,860.2610925565482,0.0,16428.78,860.2610925565482,60.0,0.0,0.8741630260544668,-0.3614264727524801
2022-11-28 00:00:00+00:00,860.2610925565482,0.0,16212.91,860.2610925565482,0.0,0.0,0.8741630260544668,-0.3614264727524801
2022-11-29 00:00:00+00:00,860.2610925565482,0.0,16442.53,860.2610925565482,0.0,0.0,0.8741630260544668,-0.3614264727524801
2022-11-30 00:00:00+00:00,860.2610925565482,0.0,17163.64,860.2610925565482,0.0,0.0,0.8741630260544668,-0.3614264727524801
2022-12-01 00:00:00+00:00,860.2610925565482,0.0,16977.37,860.2610925565482,0.0,0.0,0.8741630260544668,-0.3614264727524801
2022-12-02 00:00:00+00:00,860.2610925565482,0.0,17092.74,860.2610925565482,0.0,0.0,0.8741630260544668,-0.3614264727524801
2022-12-03 00:00:00+00:00,860.2610925565482,0.0,16885.2,860.2610925565482,0.0,0.0,0.8741630260544668,-0.3614264727524801
2022-12-04 00:00:00+00:00,860.2610925565482,0.0,17105.7,860.2610925565482,0.0,0.0,0.8741630260544668,-0.3614264727524801
2022-12-05 00:00:00+00:00,860.2610925565482,0.0,16966.35,860.2610925565482,0.0,0.0,0.8741630260544668,-0.3614264727524801
2022-12-06 00:00:00+00:00,860.2610925565482,0.0,17088.96,860.2610925565482,0.0,0.0,0.8741630260544668,-0.3614264727524801
2022-12-07 00:00:00+00:00,860.2610925565482,0.0,16836.64,860.2610925565482,0.0,0.0,0.8741630260544668,-0.3614264727524801
2022-12-08 00:00:00+00:00,860.2610925565482,0.0,17224.1,860.2610925565482,0.0,0.0,0.8741630260544668,-0.3614264727524801
2022-12-09 00:00:00+00:00,860.2610925565482,0.0,17128.56,860.2610925565482,0.0,0.0,0.8741630260544668,-0.3614264727524801
2022-12-10 00:00:00+00:00,860.2610925565482,0.0,17127.49,860.2610925565482,0.0,0.0,0.8741630260544668,-0.3614264727524801
2022-12-11 00:00:00+00:00,860.2610925565482,0.0,17085.05,860.2610925565482,0.0,0.0,0.8741630260544668,-0.3614264727524801
2022-12-12 00:00:00+00:00,860.2610925565482,0.0,17209.83,860.2610925565482,0.0,0.0,0.8741630260544668,-0.3614264727524801
2022-12-13 00:00:00+00:00,860.2610925565482,0.0,17774.7,860.2610925565482,0.0,0.0,0.8741630260544668,-0.3614264727524801
2022-12-14 00:00:00+00:00,860.2610925565482,0.0,17803.15,860.2610925565482,0.0,0.0,0.8741630260544668,-0.3614264727524801
2022-12-15 00:00:00+00:00,860.2610925565482,0.0,17356.34,860.2610925565482,0.0,0.0,0.8741630260544668,-0.3614264727524801
2022-12-16 00:00:00+00:00,860.2610925565482,0.0,16632.12,860.2610925565482,0.0,0.0,0.8741630260544668,-0.3614264727524801
2022-12-17 00:00:00+00:00,860.2610925565482,0.0,16776.52,860.2610925565482,0.0,0.0,0.8741630260544668,-0.3614264727524801
2022-12-18 00:00:00+00:00,860.2610925565482,0.0,16738.21,860.2610925565482,0.0,0.0,0.8741630260544668,-0.3614264727524801
2022-12-19 00:00:00+00:00,860.2610925565482,0.0,16438.88,860.2610925565482,0.0,0.0,0.8741630260544668,-0.3614264727524801
2022-12-20 00:00:00+00:00,860.2610925565482,0.0,16895.56,860.2610925565482,0.0,0.0,0.8741630260544668,-0.3614264727524801
2022-12-21 00:00:00+00:00,860.2610925565482,0.0,16824.67,860.2610925565482,0.0,0.0,0.8741630260544668,-0.3614264727524801
2022-12-22 00:00:00+00:00,860.2610925565482,0.0,16821.43,860.2610925565482,0.0,0.0,0.8741630260544668,-0.3614264727524801
2022-12-23 00:00:00+00:00,860.2610925565482,0.0,16778.5,860.2610925565482,0.0,0.0,0.8741630260544668,-0.3614264727524801
2022-12-24 00:00:00+00:00,860.2610925565482,0.0,16836.12,860.2610925565482,0.0,0.0,0.8741630260544668,-0.3614264727524801
2022-12-25 00:00:00+00:00,860.2610925565482,0.0,16832.11,860.2610925565482,0.0,0.0,0.8741630260544668,-0.3614264727524801
2022-12-26 00:00:00+00:00,860.2610925565482,0.0,16919.39,860.2610925565482,0.0,0.0,0.8741630260544668,-0.3614264727524801
2022-12-27 00:00:00+00:00,920.2610925565482,0.0,16706.36,920.2610925565482,60.0,0.0,0.8741630260544668,-0.3614264727524801
2022-12-28 00:00:00+00:00,920.2610925565482,0.0,16547.31,920.2610925565482,0.0,0.0,0.8741630260544668,-0.3614264727524801
2022-12-29 00:00:00+00:00,920.2610925565482,0.0,16633.47,920.2610925565482,0.0,0.0,0.8741630260544668,-0.3614264727524801
2022-12-30 00:00:00+00:00,920.2610925565482,0.0,16607.48,920.2610925565482,0.0,0.0,0.8741630260544668,-0.3614264727524801
2022-12-31 00:00:00+00:00,920.2610925565482,0.0,16542.4,920.2610925565482,0.0,0.0,0.8741630260544668,-0.3614264727524801
2023-01-01 00:00:00+00:00,920.2610925565482,0.0,16616.75,920.2610925565482,0.0,0.0,0.8741630260544668,-0.3614264727524801
2023-01-02 00:00:00+00:00,920.2610925565482,0.0,16672.87,920.2610925565482,0.0,0.0,0.8741630260544668,-0.3614264727524801
2023-01-03 00:00:00+00:00,920.2610925565482,0.0,16675.18,920.2610925565482,0.0,0.0,0.8741630260544668,-0.3614264727524801
2023-01-04 00:00:00+00:00,920.2610925565482,0.0,16850.36,920.2610925565482,0.0,0.0,0.8741630260544668,-0.3614264727524801
2023-01-05 00:00:00+00:00,920.2610925565482,0.0,16831.85,920.2610925565482,0.0,0.0,0.8741630260544668,-0.3614264727524801
2023-01-06 00:00:00+00:00,920.2610925565482,0.0,16950.65,920.2610925565482,0.0,0.0,0.8741630260544668,-0.3614264727524801
2023-01-07 00:00:00+00:00,920.2610925565482,0.0,16943.57,920.2610925565482,0.0,0.0,0.8741630260544668,-0.3614264727524801
2023-01-08 00:00:00+00:00,920.2610925565482,0.0,17127.83,920.2610925565482,0.0,0.0,0.8741630260544668,-0.3614264727524801
2023-01-09 00:00:00+00:00,920.2610925565482,0.0,17178.26,920.2610925565482,0.0,0.0,0.8741630260544668,-0.3614264727524801
2023-01-10 00:00:00+00:00,920.2610925565482,0.0,17440.66,920.2610925565482,0.0,0.0,0.8741630260544668,-0.3614264727524801
2023-01-11 00:00:00+00:00,920.2610925565482,0.0,17943.26,920.2610925565482,0.0,0.0,0.8741630260544668,-0.3614264727524801
2023-01-12 00:00:00+00:00,920.2610925565482,0.0,18846.62,920.2610925565482,0.0,0.0,0.8741630260544668,-0.3614264727524801
2023-01-13 00:00:00+00:00,920.2610925565482,0.0,19930.01,920.2610925565482,0.0,0.0,0.8741630260544668,-0.3614264727524801
2023-01-14 00:00:00+00:00,0.0,0.046105461545223374,20954.92,966.1362582432321,0.0,0.04985016323926028,0.9177401956010077,-0.32959347817892104
2023-01-15 00:00:00+00:00,0.0,0.046105461545223374,20871.5,962.2901406411296,0.0,-0.003980926674976515,0.9140867391756415,-0.3322623173847168
2023-01-16 00:00:00+00:00,0.0,0.046105461545223374,21185.65,976.7741713855617,0.0,0.0150516254222266,0.9278452303771378,-0.32221177990568584
2023-01-17 00:00:00+00:00,0.0,0.046105461545223374,21134.81,974.4301697206025,0.0,-0.0023997375582056613,0.9256186453295998,-0.32383829375395556
2023-01-18 00:00:00+00:00,0.0,0.046105461545223374,20677.47,953.34429793751,0.0,-0.02163918199406578,0.905589015006212,-0.33846987997283173
2023-01-19 00:00:00+00:00,0.0,0.046105461545223374,21071.59,971.5153824417134,0.0,0.019060358931726196,0.9228498666768588,-0.325860878440966
2023-01-20 00:00:00+00:00,0.0,0.046105461545223374,22667.21,1045.0821789925026,0.0,0.07572375886205052,0.9927315274469727,-0.2748125301605552
2023-01-21 00:00:00+00:00,0.0,0.046105461545223374,22783.55,1050.446088388674,0.0,0.005132524029203722,0.9978267458661424,-0.27109048804592684
2023-01-22 00:00:00+00:00,0.0,0.046105461545223374,22707.88,1046.957288113547,0.0,-0.003321255906125198,0.9945127078931448,-0.2735113830675351
2023-01-23 00:00:00+00:00,0.0,0.046105461545223374,22916.45,1056.5735042280342,0.0,0.009184917306238827,1.0036472248751471,-0.26683864519708644
2023-01-24 00:00:00+00:00,0.0,0.046105461545223374,22632.89,1043.4998395522707,0.0,-0.012373644259909278,0.9912284511520969,-0.27591052298653085
2023-01-25 00:00:00+00:00,0.0,0.046105461545223374,23060.94,1063.2352823667034,0.0,0.0189127415897834,1.0099752987051778,-0.2622160058198937
2023-01-26 00:00:00+00:00,0.0,0.046105461545223374,23009.65,1060.870533244049,0.0,-0.002224107083232285,1.007729005489438,-0.26385691642724507
2023-01-27 00:00:00+00:00,0.0,0.04870915629449666,23074.16,1123.922865804223,60.0,0.0028771960993583257,1.0106284394532423,-0.2617388884186199
2023-01-28 00:00:00+00:00,0.0,0.04870915629449666,23022.6,1121.4114217056788,0.0,-0.0022345342148966107,1.0083701556267364,-0.26338855813197626
2023-01-29 00:00:00+00:00,0.0,0.04870915629449666,23742.3,1156.467401490828,0.0,0.03126058742279336,1.0398923990312416,-0.2403616517568311
2023-01-30 00:00:00+00:00,0.0,0.04870915629449666,22826.15,1111.842507951625,0.0,-0.03858724723383988,0.9997658139332323,-0.269674004508796
2023-01-31 00:00:00+00:00,0.0,0.04870915629449666,23125.13,1126.4055715005536,0.0,0.01309813525276926,1.0128608817852247,-0.26010809584123884
2023-02-01 00:00:00+00:00,0.0,0.04870915629449666,23732.66,1155.9978452241492,0.0,0.026271419879585478,1.0394701752902116,-0.24067008496157793
2023-02-02 00:00:00+00:00,0.0,0.04870915629449666,23488.94,1144.1264496520544,0.0,-0.010269392474337113,1.0287954480947883,-0.2484679418766127
2023-02-03 00:00:00+00:00,0.0,0.04870915629449666,23431.9,1141.3480793770163,0.0,-0.002428376929737963,1.0262971449632154,-0.25029294498851795
2023-02-04 00:00:00+00:00,0.0,0.04870915629449666,23326.84,1136.2306954167166,0.0,-0.004483631288969225,1.0216956069722787,-0.2536543549979283
2023-02-05 00:00:00+00:00,0.0,0.04870915629449666,22932.91,1117.0426974776253,0.0,-0.016887413811729424,1.0044418104677117,-0.26625820275166046
2023-02-06 00:00:00+00:00,0.0,0.04870915629449666,22762.52,1108.743144336606,0.0,-0.007429933663019583,0.9969788744475734,-0.27170985563100036
2023-02-07 00:00:00+00:00,0.0,0.04870915629449666,23240.46,1132.0231984959978,0.0,0.020996796488262248,1.0179122369774458,-0.2564180956852774
2023-02-08 00:00:00+00:00,0.0,0.04870915629449666,22963.0,1118.5083559905268,0.0,-0.011938662143520351,1.005759726688417,-0.26529546881692634
2023-02-09 00:00:00+00:00,0.0,0.04870915629449666,21796.35,1061.6818187995523,0.0,-0.0508056438618647,0.9546614562036789,-0.3026226055719119
2023-02-10 00:00:00+00:00,0.0,0.04870915629449666,21625.19,1053.3447596081862,0.0,-0.007852690932197315,0.94716479484323,-0.30809889471345675
2023-02-11 00:00:00+00:00,0.0,0.04870915629449666,21862.55,1064.906364946248,0.0,0.01097608853378862,0.9575609594875171,-0.30050452692520535
2023-02-12 00:00:00+00:00,0.0,0.04870915629449666,21783.54,1061.0578545074197,0.0,-0.0036139425638821443,0.9541003891785133,-0.30303246338859324
2023-02-13 00:00:00+00:00,0.0,0.04870915629449666,21773.97,1060.5917078816815,0.0,-0.0004393225343538587,0.9536812313775114,-0.30333865693313977
2023-02-14 00:00:00+00:00,0.0,0.04870915629449666,22199.84,1081.3354762728188,0.0,0.01955867487646956,0.9723339725178153,-0.28971288422509045
2023-02-15 00:00:00+00:00,0.0,0.04870915629449666,24324.05,1184.8039531651514,0.0,0.09568582476270082,1.0653725506229756,-0.22174847573384826
2023-02-16 00:00:00+00:00,0.0,0.04870915629449666,23517.72,1145.52829917021,0.0,-0.03314949607487239,1.0300559874378226,-0.24754712158277248
2023-02-17 00:00:00+00:00,0.0,0.04870915629449666,24569.97,1196.7825088810941,0.0,0.04474285772600406,1.0761436359335717,-0.21388022949822827
2023-02-18 00:00:00+00:00,0.0,0.04870915629449666,24631.95,1199.801502388227,0.0,0.002522591602675872,1.0788583068328508,-0.21189717036646305
2023-02-19 00:00:00+00:00,0.0,0.04870915629449666,24271.76,1182.2569513825122,0.0,-0.014622878010064122,1.0630822934218898,-0.22342150190358046
2023-02-20 00:00:00+00:00,0.0,0.04870915629449666,24842.2,1210.042602499145,0.0,0.02350220997570851,1.0880670767033487,-0.20517019097869815
2023-02-21 00:00:00+00:00,0.0,0.04870915629449666,24452.16,1191.0440831780395,0.0,-0.01570070283630276,1.0709836588660648,-0.2176495776155769
2023-02-22 00:00:00+00:00,0.0,0.04870915629449666,24182.21,1177.89504643634,0.0,-0.011039924489288588,1.0591600801429215,-0.22628666720286383
2023-02-23 00:00:00+00:00,0.0,0.04870915629449666,23940.2,1166.106943521509,0.0,-0.010007770174851438,1.048560249482474,-0.2340298124187159
2023-02-24 00:00:00+00:00,0.0,0.04870915629449666,23185.29,1129.3359143432306,0.0,-0.031533153440656325,1.0154958382437702,-0.25818326787468493
2023-02-25 00:00:00+00:00,0.0,0.04870915629449666,23157.07,1127.9613419525997,0.0,-0.0012171510470648794,1.0142598264209617,-0.25908617088692154
2023-02-26 00:00:00+00:00,0.0,0.04870915629449666,23554.85,1147.3368701434247,0.0,0.017177475388725938,1.0316822496270812,-0.2463591418221649
2023-02-27 00:00:00+00:00,-7.105427357601002e-15,0.05125258598679426,23492.09,1204.0303627345095,60.0,-0.0028818976317755984,1.028709046995136,-0.24853105762655692
2023-02-28 00:00:00+00:00,-7.105427357601002e-15,0.05125258598679426,23141.57,1186.0653062944184,0.0,-0.014920766947512987,1.0133599190481235,-0.2597435505840051
2023-03-01 00:00:00+00:00,-7.105427357601002e-15,0.05125258598679426,23628.97,1211.045816704382,0.0,0.021061665219775705,1.034702966410254,-0.2441525170696256
2023-03-02 00:00:00+00:00,-7.105427357601002e-15,0.05125258598679426,23465.32,1202.658331007643,0.0,-0.006925820296018181,1.0275367996051397,-0.24938738090759904
2023-03-03 00:00:00+00:00,-7.105427357601002e-15,0.05125258598679426,22354.34,1145.7177330280344,0.0,-0.04734561471993559,0.9788874381804791,-0.2849255967750697
2023-03-04 00:00:00+00:00,-7.105427357601002e-15,0.05125258598679426,22346.57,1145.319500434917,0.0,-0.0003475835117476844,0.9785471930471106,-0.2851741448473035
2023-03-05 00:00:00+00:00,-7.105427357601002e-15,0.05125258598679426,22430.24,1149.6078043044322,0.0,0.00374419877412957,0.9822110682477455,-0.2824976947567246
2023-03-06 00:00:00+00:00,-7.105427357601002e-15,0.05125258598679426,22410.0,1148.5704519640594,0.0,-0.0009023532516817534,0.9813247668964743,-0.2831451352949501
2023-03-07 00:00:00+00:00,-7.105427357601002e-15,0.05125258598679426,22197.96,1137.7028536314194,0.0,-0.009461847389558353,0.9720396217125059,-0.2899279066252518
2023-03-08 00:00:00+00:00,-7.105427357601002e-15,0.05125258598679426,21705.44,1112.4599299812035,0.0,-0.022187624448372745,0.9504723716370105,-0.3056827195643206
2023-03-09 00:00:00+00:00,-7.105427357601002e-15,0.05125258598679426,20362.22,1043.616431432022,0.0,-0.06188402538718385,0.8916533152608089,-0.34864986777356255
2023-03-10 00:00:00+00:00,-7.105427357601002e-15,0.05125258598679426,20150.69,1032.7749719182352,0.0,-0.010388356475865779,0.8823905027689921,-0.35541632513773314
2023-03-11 00:00:00+00:00,-7.105427357601002e-15,0.05125258598679426,20455.73,1048.409060747647,0.0,0.015137943167206735,0.8957480800511921,-0.3456586541011588
2023-03-12 00:00:00+00:00,-7.105427357601002e-15,0.05125258598679426,21997.11,1127.4087717359719,0.0,0.07535199183798391,0.9632444820680993,-0.29635273034573395
2023-03-13 00:00:00+00:00,-7.105427357601002e-15,0.05125258598679426,24113.48,1235.8782071408436,0.0,0.09621127502658311,1.055919461850192,-0.22865392936332296
2023-03-14 00:00:00+00:00,-7.105427357601002e-15,0.05125258598679426,24670.41,1264.422309854469,0.0,0.023096210086640312,1.0803071995756561,-0.21083875846639377
2023-03-15 00:00:00+00:00,-7.105427357601002e-15,0.05125258598679426,24285.66,1244.7028773960499,0.0,-0.01559560623435119,1.0634591538789395,-0.22314620644476368
2023-03-16 00:00:00+00:00,-7.105427357601002e-15,0.05125258598679426,24998.78,1281.2521215149525,0.0,0.02936383034267953,1.0946863880498103,-0.20033480344974064
2023-03-17 00:00:00+00:00,-7.105427357601002e-15,0.05125258598679426,27395.13,1404.071255944407,0.0,0.09585867790348179,1.199621577927203,-0.12367995494300488
2023-03-18 00:00:00+00:00,-7.105427357601002e-15,0.05125258598679426,26907.49,1379.0784449138068,0.0,-0.017800244057976644,1.1782680210628838,-0.13927866561791646
2023-03-19 00:00:00+00:00,-7.105427357601002e-15,0.05125258598679426,27972.87,1433.6819249724176,0.0,0.039594179910500626,1.2249205770716372,-0.10519911025158601
2023-03-20 00:00:00+00:00,-7.105427357601002e-15,0.05125258598679426,27717.01,1420.5684383218363,0.0,-0.00914671966087155,1.2137165719463299,-0.11338360314241325
2023-03-21 00:00:00+00:00,-7.105427357601002e-15,0.05125258598679426,28105.47,1440.4780178742665,0.0,0.014015220256441863,1.2307270770310512,-0.10095747905748131
2023-03-22 00:00:00+00:00,-7.105427357601002e-15,0.05125258598679426,27250.97,1396.682683148551,0.0,-0.03040333429755837,1.1933088702790193,-0.12829136936941632
2023-03-23 00:00:00+00:00,-7.105427357601002e-15,0.05125258598679426,28295.41,1450.2129340565982,0.0,0.03832670910429958,1.2390444722217837,-0.09488164625953055
2023-03-24 00:00:00+00:00,-7.105427357601002e-15,0.05125258598679426,27454.47,1407.1125843968634,0.0,-0.029720014659621485,1.2022200523434294,-0.1217817770013897
2023-03-25 00:00:00+00:00,-7.105427357601002e-15,0.05125258598679426,27462.95,1407.5472063260315,0.0,0.00030887502108045695,1.2025913880874404,-0.12151051732924778
2023-03-26 00:00:00+00:00,-7.105427357601002e-15,0.05125258598679426,27968.05,1433.434887507961,0.0,0.018392051837111234,1.224709511236008,-0.10535329322561027
2023-03-27 00:00:00+00:00,-7.105427357601002e-15,0.05339467686862607,27124.91,1448.325804540564,60.0,-0.031469223583513894,1.186168853802066,-0.13350713046934803
2023-03-28 00:00:00+00:00,-7.105427357601002e-15,0.05339467686862607,27261.07,1455.596023742996,0.0,0.005019740157663266,1.1921231132312657,-0.129157561415836
2023-03-29 00:00:00+00:00,-7.105427357601002e-15,0.05339467686862607,28348.6,1513.6643366779329,0.0,0.03989315166279228,1.2396806613881208,-0.09441691193900204
2023-03-30 00:00:00+00:00,-7.105427357601002e-15,0.05339467686862607,28028.53,1496.5743024525918,0.0,-0.011290504645732002,1.2256840411214942,-0.10464140200185101
2023-03-31 00:00:00+00:00,-7.105427357601002e-15,0.05339467686862607,28465.36,1519.8986991491138,0.0,0.015585191231934026,1.2447865612923024,-0.09068706703089358
2023-04-01 00:00:00+00:00,-7.105427357601002e-15,0.05339467686862607,28452.73,1519.224324380263,0.0,-0.00044369718141634706,1.244234253003592,-0.09109052661627748
2023-04-02 00:00:00+00:00,-7.105427357601002e-15,0.05339467686862607,28171.87,1504.2278954349406,0.0,-0.0098711090289052,1.231952281034695,-0.10006247112545297
2023-04-03 00:00:00+00:00,-7.105427357601002e-15,0.05339467686862607,27800.0,1484.3720169478047,0.0,-0.013200046713263913,1.215690453376525,-0.11194168854561637
2023-04-04 00:00:00+00:00,-7.105427357601002e-15,0.05339467686862607,28165.47,1503.8861695029816,0.0,0.013146402877697971,1.231672409851184,-0.10026691620434891
2023-04-05 00:00:00+00:00,-7.105427357601002e-15,0.05339467686862607,28170.01,1504.128581335965,0.0,0.00016119028015504355,1.2318709434719872,-0.100121887976507
2023-04-06 00:00:00+00:00,-7.105427357601002e-15,0.05339467686862607,28033.82,1496.856760293227,0.0,-0.004834574073633524,1.2259153721466152,-0.10447241536632601
2023-04-07 00:00:00+00:00,-7.105427357601002e-15,0.05339467686862607,27906.33,1490.0494729392458,0.0,-0.004547721288072792,1.2203402507113283,-0.10854502522702103
2023-04-08 00:00:00+00:00,-7.105427357601002e-15,0.05339467686862607,27938.38,1491.7607723328852,0.0,0.0011484849494720617,1.2217417931225052,-0.10752120260536224
2023-04-09 00:00:00+00:00,-7.105427357601002e-15,0.05339467686862607,28323.76,1512.3380129045163,0.0,0.013793927922807203,1.2385944113571183,-0.09521041440146694
2023-04-10 00:00:00+00:00,-7.105427357601002e-15,0.05339467686862607,29637.34,1582.4761925456062,0.0,0.046377317135860574,1.2960370971753319,-0.053248700848939956
2023-04-11 00:00:00+00:00,-7.105427357601002e-15,0.05339467686862607,30200.42,1612.541667196792,0.0,0.01899900598366777,1.3206605137396215,-0.03526136725132378
2023-04-12 00:00:00+00:00,-7.105427357601002e-15,0.05339467686862607,29888.07,1595.8638398768767,0.0,-0.010342571394702516,1.307001488088105,-0.045239245437754594
2023-04-13 00:00:00+00:00,-7.105427357601002e-15,0.05339467686862607,30373.84,1621.8013720593492,0.0,0.01625297317625396,1.3282441482153249,-0.02972154450411446
2023-04-14 00:00:00+00:00,-7.105427357601002e-15,0.05339467686862607,30466.93,1626.7718825290497,0.0,0.003064808400913499,1.3323149620392394,-0.026747826942485342
2023-04-15 00:00:00+00:00,-7.105427357601002e-15,0.05339467686862607,30295.09,1617.5965412559449,0.0,-0.005640213831849872,1.324800420761965,-0.0322371773108423
2023-04-16 00:00:00+00:00,-7.105427357601002e-15,0.05339467686862607,30304.65,1618.106994366809,0.0,0.0003155626868909245,1.3252184783423349,-0.03193178747424141
2023-04-17 00:00:00+00:00,-7.105427357601002e-15,0.05339467686862607,29430.27,1571.4197568064199,0.0,-0.028852997807267133,1.2869819524925736,-0.05986345748753208
2023-04-18 00:00:00+00:00,-7.105427357601002e-15,0.05339467686862607,30380.01,1622.1308172156287,0.0,0.03227085582293321,1.3285139615281785,-0.029524446670241344
2023-04-19 00:00:00+00:00,-7.105427357601002e-15,0.05339467686862607,28797.1,1537.6118492535118,0.0,-0.05210366948529643,1.2592935091701125,-0.0800897841444953
2023-04-20 00:00:00+00:00,-7.105427357601002e-15,0.05339467686862607,28243.65,1508.0605653405707,0.0,-0.019218949130294316,1.2350912112772623,-0.0977694917874603
2023-04-21 00:00:00+00:00,-7.105427357601002e-15,0.05339467686862607,27262.84,1455.6905323210535,0.0,-0.03472674388756414,1.1922005151054553,-0.129101019573704
2023-04-22 00:00:00+00:00,-7.105427357601002e-15,0.05339467686862607,27816.85,1485.271717253041,0.0,0.020321067064179577,1.2164273017268628,-0.11140342298633565
2023-04-23 00:00:00+00:00,-7.105427357601002e-15,0.05339467686862607,27590.6,1473.1911716115144,0.0,-0.0081335593354388,1.2065334180910197,-0.11863087597074407
2023-04-24 00:00:00+00:00,-7.105427357601002e-15,0.05339467686862607,27510.93,1468.937217705391,0.0,-0.002887577653258644,1.2030494591550303,-0.1211758977575631
2023-04-25 00:00:00+00:00,-7.105427357601002e-15,0.05339467686862607,28300.79,1511.111537176844,0.0,0.02871077059190652,1.2375899361875475,-0.09594418056744225
2023-04-26 00:00:00+00:00,-7.105427357601002e-15,0.05339467686862607,28415.29,1517.2252276783017,0.0,0.004045823455811615,1.2425970065800516,-0.09228653032781897
2023-04-27 00:00:00+00:00,-7.105427357601002e-15,0.055503052496241205,29472.77,1635.828700519643,60.0,0.03862542737377095,1.2905928470125745,-0.05722570962880258
2023-04-28 00:00:00+00:00,-7.105427357601002e-15,0.055503052496241205,29311.7,1626.8888238540733,0.0,-0.005465044513970119,1.2835396996542394,-0.06237801309230773
2023-04-29 00:00:00+00:00,-7.105427357601002e-15,0.055503052496241205,29230.45,1622.3792008387538,0.0,-0.002771930662499811,1.279981816604232,-0.06497703622765116
2023-04-30 00:00:00+00:00,-7.105427357601002e-15,0.055503052496241205,29233.21,1622.5323892636434,0.0,9.442208382015593e-05,1.2801026751546076,-0.0648887494109921
2023-05-01 00:00:00+00:00,-7.105427357601002e-15,0.055503052496241205,28068.26,1557.874108258147,0.0,-0.039850225137780027,1.229090295350222,-0.10215314327583513
2023-05-02 00:00:00+00:00,-7.105427357601002e-15,0.055503052496241205,28669.86,1591.264744639886,0.0,0.02143346256590206,1.2554339561857246,-0.08290917628232486
2023-05-03 00:00:00+00:00,-7.105427357601002e-15,0.055503052496241205,29026.16,1611.0404822442965,0.0,0.0124276853810934,1.2710360944099421,-0.07151186005927379
2023-05-04 00:00:00+00:00,-7.105427357601002e-15,0.055503052496241205,28838.16,1600.6059083750033,0.0,-0.006476915995777488,1.262803700398848,-0.07752559974474549
2023-05-05 00:00:00+00:00,-7.105427357601002e-15,0.055503052496241205,29505.61,1637.6514207636194,0.0,0.023144680520532424,1.2920308886047254,-0.05617522446246792
2023-05-06 00:00:00+00:00,-7.105427357601002e-15,0.055503052496241205,28848.2,1601.1631590220657,0.0,-0.02228084760830218,1.2632433452705043,-0.07720444045515962
2023-05-07 00:00:00+00:00,-7.105427357601002e-15,0.055503052496241205,28430.1,1577.957332773387,0.0,-0.014493105289065,1.2449350264617882,-0.09057861365992459
2023-05-08 00:00:00+00:00,-7.105427357601002e-15,0.055503052496241205,27668.79,1535.7023038774737,0.0,-0.026778308904998438,1.211597771756542,-0.1149313804681511
2023-05-09 00:00:00+00:00,-7.105427357601002e-15,0.055503052496241205,27628.27,1533.453320190326,0.0,-0.0014644659199047894,1.209823428111172,-0.11622753329823277
2023-05-10 00:00:00+00:00,-7.105427357601002e-15,0.055503052496241205,27598.75,1531.8148700806369,0.0,-0.0010684708090662465,1.2085307670941108,-0.11717181838075996
2023-05-11 00:00:00+00:00,-7.105427357601002e-15,0.055503052496241205,26968.62,1496.8407316111804,0.0,-0.02283183115177312,1.1809377966780952,-0.13732840235951738
2023-05-12 00:00:00+00:00,-7.105427357601002e-15,0.055503052496241205,26795.01,1487.204846667308,0.0,-0.0064374817843849685,1.1733355311234883,-0.14288183505523422
2023-05-13 00:00:00+00:00,-7.105427357601002e-15,0.055503052496241205,26775.28,1486.109771441557,0.0,-0.0007363311303112408,1.1724715676456219,-0.14351295784243823
2023-05-14 00:00:00+00:00,-7.105427357601002e-15,0.055503052496241205,26917.62,1494.010075933872,0.0,0.005316097534741049,1.1787045408559367,-0.1389597891890868
2023-05-15 00:00:00+00:00,-7.105427357601002e-15,0.055503052496241205,27162.14,1507.581682330253,0.0,0.009084012628159499,1.189411907789941,-0.13113808904072732
2023-05-16 00:00:00+00:00,-7.105427357601002e-15,0.055503052496241205,27033.84,1500.4606406949854,0.0,-0.0047234864410534705,1.1837937367706677,-0.1352421464962913
2023-05-17 00:00:00+00:00,-7.105427357601002e-15,0.055503052496241205,27405.61,1521.095010521513,0.0,0.013752023389943746,1.2000732959276068,-0.12334997626827071
2023-05-18 00:00:00+00:00,-7.105427357601002e-15,0.055503052496241205,26821.28,1488.6629118563842,0.0,-0.021321546938747216,1.1744858768185493,-0.14204151089812056
2023-05-19 00:00:00+00:00,-7.105427357601002e-15,0.055503052496241205,26880.26,1491.9364818926126,0.0,0.0021990001968585915,1.177068571492881,-0.14015486001168898
2023-05-20 00:00:00+00:00,-7.105427357601002e-15,0.055503052496241205,27102.43,1504.2675950657026,0.0,0.008265173030320483,1.1867972469048218,-0.1330480911504055
2023-05-21 00:00:00+00:00,-7.105427357601002e-15,0.055503052496241205,26747.78,1484.5834374979106,0.0,-0.013085542514084558,1.1712673610748503,-0.14439262721132362
2023-05-22 00:00:00+00:00,-7.105427357601002e-15,0.055503052496241205,26849.27,1490.2164422957542,0.0,0.0037943335858152683,1.175711540160946,-0.14114616742048025
2023-05-23 00:00:00+00:00,-7.105427357601002e-15,0.055503052496241205,27219.61,1510.771442757212,0.0,0.013793298663240972,1.191928480576205,-0.12929973999964173
2023-05-24 00:00:00+00:00,-7.105427357601002e-15,0.055503052496241205,26329.01,1461.3404242040597,0.0,-0.032719058061449036,1.1529297034151373,-0.15778823236071227
2023-05-25 00:00:00+00:00,-7.105427357601002e-15,0.055503052496241205,26473.79,1469.3761561444655,0.0,0.005498877473934627,1.159269522590277,-0.15315701304335794
2023-05-26 00:00:00+00:00,-7.105427357601002e-15,0.055503052496241205,26705.92,1482.260079720418,0.0,0.00876829498156484,1.1694343397274862,-0.14573164393065274
2023-05-27 00:00:00+00:00,0.0,0.057746378412530816,26854.27,1550.7368374122739,60.0,0.0057188059017652115,1.1761221077312467,-0.140846249014272
2023-05-28 00:00:00+00:00,0.0,0.057746378412530816,28065.0,1620.6521101476774,0.0,0.04508519501740316,1.2291478023225892,-0.10211113460114707
2023-05-29 00:00:00+00:00,0.0,0.057746378412530816,27736.4,1601.6766502013197,0.0,-0.011708533760912188,1.2147562837819441,-0.11262409669521667
2023-05-30 00:00:00+00:00,0.0,0.057746378412530816,27694.4,1599.2513023079935,0.0,-0.0015142556351941394,1.2129168322338397,-0.11396781065733153
2023-05-31 00:00:00+00:00,0.0,0.057746378412530816,27210.35,1571.2991678374078,0.0,-0.017478262753480855,1.191717153141937,-0.12945411407070462
2023-06-01 00:00:00+00:00,0.0,0.057746378412530816,26817.93,1548.6383340207626,0.0,-0.014421718206491185,1.174530544177482,-0.1420088815233972
2023-06-02 00:00:00+00:00,0.0,0.057746378412530816,27242.59,1573.160911077428,0.0,0.01583492834831035,1.1931291511874345,-0.12842265363883343
2023-06-03 00:00:00+00:00,0.0,0.057746378412530816,27069.22,1563.1494214520476,0.0,-0.006363932357385971,1.1855361579756523,-0.1339693129153059
2023-06-04 00:00:00+00:00,0.0,0.057746378412530816,27115.21,1565.8051773952398,0.0,0.001698977658018963,1.1875503574208266,-0.1324979461267901
2023-06-05 00:00:00+00:00,0.0,0.057746378412530816,25728.2,1485.7103730732754,0.0,-0.05115247125137512,1.1268042219032974,-0.1768728199980485
2023-06-06 00:00:00+00:00,0.0,0.057746378412530816,27230.08,1572.4385038834873,0.0,0.058374857160625515,1.1925812574048922,-0.128822888440406
2023-06-07 00:00:00+00:00,0.0,0.057746378412530816,26339.34,1521.0014947763095,0.0,-0.0327116189155523,1.1535699937868331,-0.15732050212169513
2023-06-08 00:00:00+00:00,0.0,0.057746378412530816,26498.61,1530.1987604660733,0.0,0.006046848554291717,1.1605454568360374,-0.1522249468182184
2023-06-09 00:00:00+00:00,0.0,0.057746378412530816,26477.81,1528.9976357950927,0.0,-0.000784946833060296,1.1596344903550715,-0.15289040516136088
2023-06-10 00:00:00+00:00,0.0,0.057746378412530816,25841.21,1492.2362912976755,0.0,-0.024042773930321282,1.1317536604616611,-0.17325726964427235
2023-06-11 00:00:00+00:00,0.0,0.057746378412530816,25925.55,1497.1066208529883,0.0,0.003263779056785543,1.1354474543561164,-0.17055896403558757
2023-06-12 00:00:00+00:00,0.0,0.057746378412530816,25905.19,1495.930904588509,0.0,-0.0007853256729365432,1.1345557583199402,-0.17121034537531743
2023-06-13 00:00:00+00:00,0.0,0.057746378412530816,25934.25,1497.6090143451772,0.0,0.0011217829323004747,1.1358284836053667,-0.17028062328629234
2023-06-14 00:00:00+00:00,0.0,0.057746378412530816,25128.6,1451.0856445771217,0.0,-0.03106509731339835,1.1005438612308363,-0.19605593646671593
2023-06-15 00:00:00+00:00,0.0,0.057746378412530816,25598.49,1478.220090329386,0.0,0.018699410233757652,1.1211233823722353,-0.18102265661771288
2023-06-16 00:00:00+00:00,0.0,0.057746378412530816,26345.0,1521.3283392781243,0.0,0.02916226699309199,1.1538178817811728,-0.15713942066870545
2023-06-17 00:00:00+00:00,0.0,0.057746378412530816,26516.99,1531.2601389012957,0.0,0.006528373505409135,1.1613504358706603,-0.1516369119938452
2023-06-18 00:00:00+00:00,0.0,0.057746378412530816,26339.97,1521.0378749947095,0.0,-0.006675719981792838,1.1535975855600547,-0.15730034641226343
2023-06-19 00:00:00+00:00,0.0,0.057746378412530816,26844.35,1550.1639933384215,0.0,0.019148844892382,1.1756876467941706,-0.14116362145484773
2023-06-20 00:00:00+00:00,0.0,0.057746378412530816,28307.99,1634.6839026381383,0.0,0.05452320506922326,1.2397899054576818,-0.0943371094665213
2023-06-21 00:00:00+00:00,0.0,0.057746378412530816,29993.89,1732.0385220038238,0.0,0.0595556236949355,1.313626366527899,-0.040399791163441945
2023-06-22 00:00:00+00:00,0.0,0.057746378412530816,29884.92,1725.7458991482104,0.0,-0.003633073269255771,1.308853865689877,-0.04388608903133828
2023-06-23 00:00:00+00:00,0.0,0.057746378412530816,30688.5,1772.149733912952,0.0,0.026889146766998273,1.344047829380965,-0.018177001753333255
2023-06-24 00:00:00+00:00,0.0,0.057746378412530816,30527.43,1762.8485247420456,0.0,-0.005248545872232224,1.3369935326939848,-0.023330144798043517
2023-06-25 00:00:00+00:00,0.0,0.057746378412530816,30462.66,1759.108291812266,0.0,-0.00212169842007659,1.3341568356280153,-0.025402343686761975
2023-06-26 00:00:00+00:00,0.0,0.057746378412530816,30267.99,1747.8668043266987,0.0,-0.0063904465335594685,1.3256309777025517,-0.03163045790116403
2023-06-27 00:00:00+00:00,-7.105427357601002e-15,0.05972570062347433,30692.44,1833.1274828439482,60.0,0.014452290331688156,1.3447893814649885,-0.017635300130387832
2023-06-28 00:00:00+00:00,-7.105427357601002e-15,0.05972570062347433,30077.41,1796.394385189493,0.0,-0.020038485047132015,1.3178418395529603,-0.03732040047955543
2023-06-29 00:00:00+00:00,-7.105427357601002e-15,0.05972570062347433,30447.31,1818.4869218501162,0.0,0.012298266373334643,1.3340490095337079,-0.02548111033247802
2023-06-30 00:00:00+00:00,-7.105427357601002e-15,0.05972570062347433,30472.0,1819.9615493985098,0.0,0.0008109090753829484,1.3351308019825443,-0.02469086412071453
2023-07-01 00:00:00+00:00,-7.105427357601002e-15,0.05972570062347433,30585.9,1826.7643066995236,0.0,0.003737857705434555,1.3401213309384978,-0.021045297351987347
2023-07-02 00:00:00+00:00,-7.105427357601002e-15,0.05972570062347433,30617.03,1828.623567759932,0.0,0.001017789242755418,1.3414852920131142,-0.02004892778648737
2023-07-03 00:00:00+00:00,-7.105427357601002e-15,0.05972570062347433,31156.2,1860.8258737650908,0.0,0.017610133967925767,1.365109027721467,-0.0027918581227949213
2023-07-04 00:00:00+00:00,-7.105427357601002e-15,0.05972570062347433,30766.51,1837.551365489129,0.0,-0.012507622880839175,1.3480347588114978,-0.015264561495097473
2023-07-05 00:00:00+00:00,-7.105427357601002e-15,0.05972570062347433,30504.81,1821.921149635966,0.0,-0.008506002143239377,1.3365683722638861,-0.023640723245543893
2023-07-06 00:00:00+00:00,-7.105427357601002e-15,0.05972570062347433,29895.43,1785.5255021900332,0.0,-0.019976521735424635,1.3098683851244755,-0.043144985559212756
2023-07-07 00:00:00+00:00,-7.105427357601002e-15,0.05972570062347433,30344.7,1812.3584677091415,0.0,0.015028049437656454,1.3295531519729493,-0.028765321097527163
2023-07-08 00:00:00+00:00,-7.105427357601002e-15,0.05972570062347433,30284.63,1808.7707448726894,0.0,-0.001979587868721655,1.326921184682483,-0.030687965485564184
2023-07-09 00:00:00+00:00,-7.105427357601002e-15,0.05972570062347433,30160.71,1801.3695360514284,0.0,-0.004091844608965056,1.3214916293864185,-0.034654239708397094
2023-07-10 00:00:00+00:00,-7.105427357601002e-15,0.05972570062347433,30411.57,1816.352325309833,0.0,0.00831744345540919,1.3324830612906367,-0.026625030932252658
2023-07-11 00:00:00+00:00,-7.105427357601002e-15,0.05972570062347433,30622.1,1828.926377062093,0.0,0.006922694224599235,1.3417074340834096,-0.019886653655517894
2023-07-12 00:00:00+00:00,-7.105427357601002e-15,0.05972570062347433,30380.0,1814.46678494115,0.0,-0.007906054777431892,1.3310998216142587,-0.027635483459809373
2023-07-13 00:00:00+00:00,-7.105427357601002e-15,0.05972570062347433,31454.23,1878.625924321905,0.0,0.03535977616853203,1.3781672133645118,0.0
2023-07-14 00:00:00+00:00,-7.105427357601002e-15,0.05972570062347433,30312.01,1810.40603455576,0.0,-0.036313716787853334,1.3281208394920878,-0.036313716787853334
2023-07-15 00:00:00+00:00,-7.105427357601002e-15,0.05972570062347433,30289.52,1809.0628035487382,0.0,-0.0007419501379155591,1.327135440052058,-0.037028723958590026
2023-07-16 00:00:00+00:00,-7.105427357601002e-15,0.05972570062347433,30231.99,1805.6267839918696,0.0,-0.0018993368003190625,1.3246147628717595,-0.03885773074082566
2023-07-17 00:00:00+00:00,-7.105427357601002e-15,0.05972570062347433,30138.0,1800.0131653902693,0.0,-0.0031089584245033164,1.320496590645508,-0.041845882095985165
2023-07-18 00:00:00+00:00,-7.105427357601002e-15,0.05972570062347433,29859.13,1783.3574592574012,0.0,-0.009253102395646584,1.308277900479163,-0.05071178025976142
2023-07-19 00:00:00+00:00,-7.105427357601002e-15,0.05972570062347433,29909.21,1786.3485223446246,0.0,0.0016772089474810237,1.3104721558796382,-0.049119625563874836
2023-07-20 00:00:00+00:00,-7.105427357601002e-15,0.05972570062347433,29800.0,1779.825878579535,0.0,-0.003651383637347849,1.3056871192924593,-0.05259165460416604
2023-07-21 00:00:00+00:00,-7.105427357601002e-15,0.05972570062347433,29901.72,1785.9011768469547,0.0,0.003413422818791867,1.3101439814996547,-0.04935774933927817
2023-07-22 00:00:00+00:00,-7.105427357601002e-15,0.05972570062347433,29794.0,1779.467524375794,0.0,-0.0036024683529910506,1.3054242292684406,-0.052782407962299493
2023-07-23 00:00:00+00:00,-7.105427357601002e-15,0.05972570062347433,30083.75,1796.7730461314459,0.0,0.009725112438746075,1.3181196266783397,-0.04357061037577448
2023-07-24 00:00:00+00:00,-7.105427357601002e-15,0.05972570062347433,29176.5,1742.5869042407987,0.0,-0.030157477043254333,1.2783684642965247,-0.07241410773686086
2023-07-25 00:00:00+00:00,-7.105427357601002e-15,0.05972570062347433,29228.91,1745.717128210475,0.0,0.001796308673075897,1.2806648086563273,-0.07074787715356579
2023-07-26 00:00:00+00:00,-7.105427357601002e-15,0.05972570062347433,29351.96,1753.0663756721935,0.0,0.0042098730332400525,1.286056244898909,-0.06683584370051354
2023-07-27 00:00:00+00:00,-7.105427357601002e-15,0.06176679516361957,29222.78,1804.9974663715186,60.0,-0.004602740325551524,1.2801368619595854,-0.0711309559930724
2023-07-28 00:00:00+00:00,-7.105427357601002e-15,0.06176679516361957,29314.14,1810.6404807776669,0.0,0.003126328159059444,1.2841389898785798,-0.06822700654471481
2023-07-29 00:00:00+00:00,-7.105427357601002e-15,0.06176679516361957,29352.9,1813.0345617582088,0.0,0.0013222287947045608,1.2858369154274,-0.06699498946264015
2023-07-30 00:00:00+00:00,-7.105427357601002e-15,0.06176679516361957,29281.09,1808.5990881975092,0.0,-0.0024464362976061027,1.2826911973246966,-0.0692775267862672
2023-07-31 00:00:00+00:00,-7.105427357601002e-15,0.06176679516361957,29232.25,1805.5823979217182,0.0,-0.0016679706937138272,1.2805517059984743,-0.07082994459556846
2023-08-01 00:00:00+00:00,-7.105427357601002e-15,0.06176679516361957,29705.99,1834.8437994625315,0.0,0.01620607377126304,1.3013044214138023,-0.05577174613163571
2023-08-02 00:00:00+00:00,-7.105427357601002e-15,0.06176679516361957,29186.01,1802.7263013133522,0.0,-0.0175042137966116,1.2785261106068992,-0.07229971936014878
2023-08-03 00:00:00+00:00,-7.105427357601002e-15,0.06176679516361957,29193.64,1803.1975819604506,0.0,0.00026142662186434684,1.2788603513689605,-0.07205719380967857
2023-08-04 00:00:00+00:00,-7.105427357601002e-15,0.06176679516361957,29113.99,1798.2778567256685,0.0,-0.002728333979592712,1.2753711932171667,-0.07458893169892622
2023-08-05 00:00:00+00:00,-7.105427357601002e-15,0.06176679516361957,29072.13,1795.6922986801194,0.0,-0.0014377967430777572,1.273537468669344,-0.07591948471893761
2023-08-06 00:00:00+00:00,-7.105427357601002e-15,0.06176679516361957,29088.42,1796.6984797733346,0.0,0.0005603304608226001,1.2742510705060384,-0.07540169425797283
2023-08-07 00:00:00+00:00,-7.105427357601002e-15,0.06176679516361957,29211.06,1804.273559532201,0.0,0.004216110740975276,1.279623454131098,-0.07150348541004647
2023-08-08 00:00:00+00:00,-7.105427357601002e-15,0.06176679516361957,29770.42,1838.8234340749232,0.0,0.019148911405474367,1.3041268502866215,-0.05372378791187171
2023-08-09 00:00:00+00:00,-7.105427357601002e-15,0.06176679516361957,29581.99,1827.1847168622426,0.0,-0.006329437072100319,1.2958724614536958,-0.05971318364910905
2023-08-10 00:00:00+00:00,-7.105427357601002e-15,0.06176679516361957,29455.75,1819.3872766407871,0.0,-0.0042674613844437825,1.290342375765278,-0.06372582132818805
2023-08-11 00:00:00+00:00,-7.105427357601002e-15,0.06176679516361957,29426.03,1817.5515674885244,0.0,-0.0010089710837443144,1.289040457620001,-0.06467049490092436
2023-08-12 00:00:00+00:00,-7.105427357601002e-15,0.06176679516361957,29430.17,1817.8072820205016,0.0,0.0001406917616817438,1.2892218149928625,-0.06453890174509913
2023-08-13 00:00:00+00:00,-7.105427357601002e-15,0.06176679516361957,29303.84,1810.0042827874818,0.0,-0.004292533818187172,1.2836877867528609,-0.06855440014495684
2023-08-14 00:00:00+00:00,-7.105427357601002e-15,0.06176679516361957,29430.93,1817.854224784826,0.0,0.004336974266853755,1.2892551076506824,-0.06451474454741146
2023-08-15 00:00:00+00:00,-7.105427357601002e-15,0.06176679516361957,29200.0,1803.5904187776914,0.0,-0.007846507059070196,1.279138958347559,-0.07185503620797629
2023-08-16 00:00:00+00:00,-7.105427357601002e-15,0.06176679516361957,28730.51,1774.5915261163236,0.0,-0.016078424657534285,1.2585724189792509,-0.08677814507957626
2023-08-17 00:00:00+00:00,-7.105427357601002e-15,0.06176679516361957,26623.41,1644.442712027061,0.0,-0.07334015302895769,1.1662685251732872,-0.15375397566882865
2023-08-18 00:00:00+00:00,1641.9768701803762,0.0,26054.0,1641.9768701803762,0.0,-0.001499500000000098,1.1645197055197898,-0.15502292158231334
2023-08-19 00:00:00+00:00,1641.9768701803762,0.0,26100.01,1641.9768701803762,0.0,0.0,1.1645197055197898,-0.15502292158231334
2023-08-20 00:00:00+00:00,1641.9768701803762,0.0,26189.99,1641.9768701803762,0.0,0.0,1.1645197055197898,-0.15502292158231334
2023-08-21 00:00:00+00:00,1641.9768701803762,0.0,26126.92,1641.9768701803762,0.0,0.0,1.1645197055197898,-0.15502292158231334
2023-08-22 00:00:00+00:00,1641.9768701803762,0.0,26056.0,1641.9768701803762,0.0,0.0,1.1645197055197898,-0.15502292158231334
2023-08-23 00:00:00+00:00,1641.9768701803762,0.0,26432.72,1641.9768701803762,0.0,0.0,1.1645197055197898,-0.15502292158231334
2023-08-24 00:00:00+00:00,1641.9768701803762,0.0,26180.05,1641.9768701803762,0.0,0.0,1.1645197055197898,-0.15502292158231334
2023-08-25 00:00:00+00:00,1641.9768701803762,0.0,26060.01,1641.9768701803762,0.0,0.0,1.1645197055197898,-0.15502292158231334
2023-08-26 00:00:00+00:00,1641.9768701803762,0.0,26017.37,1641.9768701803762,0.0,0.0,1.1645197055197898,-0.15502292158231334
2023-08-27 00:00:00+00:00,1701.9768701803762,0.0,26101.77,1701.9768701803762,60.0,0.0,1.1645197055197898,-0.15502292158231334
2023-08-28 00:00:00+00:00,1701.9768701803762,0.0,26120.0,1701.9768701803762,0.0,0.0,1.1645197055197898,-0.15502292158231334
2023-08-29 00:00:00+00:00,1701.9768701803762,0.0,27716.34,1701.9768701803762,0.0,0.0,1.1645197055197898,-0.15502292158231334
2023-08-30 00:00:00+00:00,0.0,0.06131498170922699,27299.99,1673.8983875120798,0.0,-0.01649757006704833,1.1453079600835185,-0.16896299013855887
2023-08-31 00:00:00+00:00,1671.3883768800054,0.0,25940.78,1671.3883768800054,0.0,-0.001499500000000098,1.1435905707973733,-0.17020913013484618
2023-09-01 00:00:00+00:00,1671.3883768800054,0.0,25805.05,1671.3883768800054,0.0,0.0,1.1435905707973733,-0.17020913013484618
2023-09-02 00:00:00+00:00,1671.3883768800054,0.0,25869.51,1671.3883768800054,0.0,0.0,1.1435905707973733,-0.17020913013484618
2023-09-03 00:00:00+00:00,1671.3883768800054,0.0,25971.21,1671.3883768800054,0.0,0.0,1.1435905707973733,-0.17020913013484618
2023-09-04 00:00:00+00:00,1671.3883768800054,0.0,25826.02,1671.3883768800054,0.0,0.0,1.1435905707973733,-0.17020913013484618
2023-09-05 00:00:00+00:00,1671.3883768800054,0.0,25792.1,1671.3883768800054,0.0,0.0,1.1435905707973733,-0.17020913013484618
2023-09-06 00:00:00+00:00,1671.3883768800054,0.0,25759.95,1671.3883768800054,0.0,0.0,1.1435905707973733,-0.17020913013484618
2023-09-07 00:00:00+00:00,1671.3883768800054,0.0,26255.0,1671.3883768800054,0.0,0.0,1.1435905707973733,-0.17020913013484618
2023-09-08 00:00:00+00:00,1671.3883768800054,0.0,25910.5,1671.3883768800054,0.0,0.0,1.1435905707973733,-0.17020913013484618
2023-09-09 00:00:00+00:00,1671.3883768800054,0.0,25901.61,1671.3883768800054,0.0,0.0,1.1435905707973733,-0.17020913013484618
2023-09-10 00:00:00+00:00,1671.3883768800054,0.0,25841.61,1671.3883768800054,0.0,0.0,1.1435905707973733,-0.17020913013484618
2023-09-11 00:00:00+00:00,1671.3883768800054,0.0,25162.52,1671.3883768800054,0.0,0.0,1.1435905707973733,-0.17020913013484618
2023-09-12 00:00:00+00:00,1671.3883768800054,0.0,25840.1,1671.3883768800054,0.0,0.0,1.1435905707973733,-0.17020913013484618
2023-09-13 00:00:00+00:00,1671.3883768800054,0.0,26222.0,1671.3883768800054,0.0,0.0,1.1435905707973733,-0.17020913013484618
2023-09-14 00:00:00+00:00,1671.3883768800054,0.0,26522.73,1671.3883768800054,0.0,0.0,1.1435905707973733,-0.17020913013484618
2023-09-15 00:00:00+00:00,1671.3883768800054,0.0,26600.0,1671.3883768800054,0.0,0.0,1.1435905707973733,-0.17020913013484618
2023-09-16 00:00:00+00:00,1671.3883768800054,0.0,26559.67,1671.3883768800054,0.0,0.0,1.1435905707973733,-0.17020913013484618
2023-09-17 00:00:00+00:00,1671.3883768800054,0.0,26527.51,1671.3883768800054,0.0,0.0,1.1435905707973733,-0.17020913013484618
2023-09-18 00:00:00+00:00,1671.3883768800054,0.0,26762.51,1671.3883768800054,0.0,0.0,1.1435905707973733,-0.17020913013484618
2023-09-19 00:00:00+00:00,1671.3883768800054,0.0,27210.26,1671.3883768800054,0.0,0.0,1.1435905707973733,-0.17020913013484618
2023-09-20 00:00:00+00:00,1671.3883768800054,0.0,27125.0,1671.3883768800054,0.0,0.0,1.1435905707973733,-0.17020913013484618
2023-09-21 00:00:00+00:00,1671.3883768800054,0.0,26568.08,1671.3883768800054,0.0,0.0,1.1435905707973733,-0.17020913013484618
2023-09-22 00:00:00+00:00,1671.3883768800054,0.0,26580.14,1671.3883768800054,0.0,0.0,1.1435905707973733,-0.17020913013484618
2023-09-23 00:00:00+00:00,1671.3883768800054,0.0,26575.96,1671.3883768800054,0.0,0.0,1.1435905707973733,-0.17020913013484618
2023-09-24 00:00:00+00:00,1671.3883768800054,0.0,26248.38,1671.3883768800054,0.0,0.0,1.1435905707973733,-0.17020913013484618
2023-09-25 00:00:00+00:00,1671.3883768800054,0.0,26304.81,1671.3883768800054,0.0,0.0,1.1435905707973733,-0.17020913013484618
2023-09-26 00:00:00+00:00,1671.3883768800054,0.0,26221.67,1671.3883768800054,0.0,0.0,1.1435905707973733,-0.17020913013484618
2023-09-27 00:00:00+00:00,1731.3883768800054,0.0,26372.99,1731.3883768800054,60.0,0.0,1.1435905707973733,-0.17020913013484618
2023-09-28 00:00:00+00:00,1731.3883768800054,0.0,27021.39,1731.3883768800054,0.0,0.0,1.1435905707973733,-0.17020913013484618
2023-09-29 00:00:00+00:00,1731.3883768800054,0.0,26906.96,1731.3883768800054,0.0,0.0,1.1435905707973733,-0.17020913013484618
2023-09-30 00:00:00+00:00,1731.3883768800054,0.0,26962.56,1731.3883768800054,0.0,0.0,1.1435905707973733,-0.17020913013484618
2023-10-01 00:00:00+00:00,1731.3883768800054,0.0,27992.57,1731.3883768800054,0.0,0.0,1.1435905707973733,-0.17020913013484618
2023-10-02 00:00:00+00:00,1731.3883768800054,0.0,27494.51,1731.3883768800054,0.0,0.0,1.1435905707973733,-0.17020913013484618
2023-10-03 00:00:00+00:00,1731.3883768800054,0.0,27426.46,1731.3883768800054,0.0,0.0,1.1435905707973733,-0.17020913013484618
2023-10-04 00:00:00+00:00,1731.3883768800054,0.0,27778.57,1731.3883768800054,0.0,0.0,1.1435905707973733,-0.17020913013484618
2023-10-05 00:00:00+00:00,1731.3883768800054,0.0,27410.39,1731.3883768800054,0.0,0.0,1.1435905707973733,-0.17020913013484618
2023-10-06 00:00:00+00:00,1731.3883768800054,0.0,27931.09,1731.3883768800054,0.0,0.0,1.1435905707973733,-0.17020913013484618
2023-10-07 00:00:00+00:00,1731.3883768800054,0.0,27956.67,1731.3883768800054,0.0,0.0,1.1435905707973733,-0.17020913013484618
2023-10-08 00:00:00+00:00,1731.3883768800054,0.0,27917.05,1731.3883768800054,0.0,0.0,1.1435905707973733,-0.17020913013484618
2023-10-09 00:00:00+00:00,1731.3883768800054,0.0,27590.12,1731.3883768800054,0.0,0.0,1.1435905707973733,-0.17020913013484618
2023-10-10 00:00:00+00:00,1731.3883768800054,0.0,27390.12,1731.3883768800054,0.0,0.0,1.1435905707973733,-0.17020913013484618
2023-10-11 00:00:00+00:00,1731.3883768800054,0.0,26875.52,1731.3883768800054,0.0,0.0,1.1435905707973733,-0.17020913013484618
2023-10-12 00:00:00+00:00,1731.3883768800054,0.0,26759.63,1731.3883768800054,0.0,0.0,1.1435905707973733,-0.17020913013484618
2023-10-13 00:00:00+00:00,1731.3883768800054,0.0,26862.0,1731.3883768800054,0.0,0.0,1.1435905707973733,-0.17020913013484618
2023-10-14 00:00:00+00:00,1731.3883768800054,0.0,26852.48,1731.3883768800054,0.0,0.0,1.1435905707973733,-0.17020913013484618
2023-10-15 00:00:00+00:00,1731.3883768800054,0.0,27154.15,1731.3883768800054,0.0,0.0,1.1435905707973733,-0.17020913013484618
2023-10-16 00:00:00+00:00,1731.3883768800054,0.0,28500.78,1731.3883768800054,0.0,0.0,1.1435905707973733,-0.17020913013484618
2023-10-17 00:00:00+00:00,0.0,0.06065781103462619,28395.91,1722.4337429362522,0.0,-0.005171938349204819,1.1376759908684773,-0.17450075735652182
2023-10-18 00:00:00+00:00,0.0,0.06065781103462619,28320.0,1717.8292085006137,0.0,-0.00267327231280845,1.1346346731411416,-0.176707541626125
2023-10-19 00:00:00+00:00,0.0,0.06065781103462619,28713.71,1741.7107952830563,0.0,0.013902189265536657,1.15040857911439,-0.1652619740489224
2023-10-20 00:00:00+00:00,0.0,0.06065781103462619,29669.04,1799.6590218987658,0.0,0.03327086607756358,1.1886836688845852,-0.13748951697765432
2023-10-21 00:00:00+00:00,0.0,0.06065781103462619,29909.8,1814.2629964834623,0.0,0.00811485642946308,1.198329666197631,-0.13049036823902116
2023-10-22 00:00:00+00:00,0.0,0.06065781103462619,29992.46,1819.2769711435847,0.0,0.002763642685674972,1.2016414212146453,-0.128087354305081
2023-10-23 00:00:00+00:00,0.0,0.06065781103462619,33069.99,2005.9532043369777,0.0,0.10261012267749958,1.324941994859845,-0.038620290766262166
2023-10-24 00:00:00+00:00,0.0,0.06065781103462619,33922.73,2057.678546118645,0.0,0.025785916475934867,1.3591068384747595,-0.013830233882302423
2023-10-25 00:00:00+00:00,0.0,0.06065781103462619,34496.05,2092.454882341017,0.0,0.0169007624091575,1.3820767802404827,0.0
2023-10-26 00:00:00+00:00,0.0,0.06065781103462619,34151.66,2071.564938798802,0.0,-0.009983461874620403,1.3682788693971537,-0.009983461874620403
2023-10-27 00:00:00+00:00,7.105427357601002e-15,0.06241204801425225,33892.02,2115.2703795399975,60.0,-0.00786582112567169,1.3575162325604393,-0.017770754874971484
2023-10-28 00:00:00+00:00,7.105427357601002e-15,0.06241204801425225,34081.0,2127.065008373731,0.0,0.005575943835746555,1.3650856668293105,-0.012293899770326577
2023-10-29 00:00:00+00:00,7.105427357601002e-15,0.06241204801425225,34525.89,2154.8315044147917,0.0,0.013053901000557477,1.3829053599813803,0.0
2023-10-30 00:00:00+00:00,7.105427357601002e-15,0.06241204801425225,34474.73,2151.6385040383825,0.0,-0.0014817865665447405,1.3808561893961573,-0.0014817865665446295
2023-10-31 00:00:00+00:00,7.105427357601002e-15,0.06241204801425225,34639.77,2161.9389884426546,0.0,0.004787274621149917,1.3874667271871113,0.0
2023-11-01 00:00:00+00:00,7.105427357601002e-15,0.06241204801425225,35421.43,2210.723989893475,0.0,0.02256539232217758,1.4187754582200562,0.0
2023-11-02 00:00:00+00:00,7.105427357601002e-15,0.06241204801425225,34941.59,2180.776192774316,0.0,-0.013546601591183816,1.3995558723402,-0.013546601591183816
2023-11-03 00:00:00+00:00,7.105427357601002e-15,0.06241204801425225,34716.78,2166.7453402602323,0.0,-0.006433880083876908,1.3905512976868775,-0.019893324464878903
2023-11-04 00:00:00+00:00,7.105427357601002e-15,0.06241204801425225,35062.07,2188.2955963190734,0.0,0.009945910882288134,1.4043815969709212,-0.010145270814870933
2023-11-05 00:00:00+00:00,7.105427357601002e-15,0.06241204801425225,35011.88,2185.163135629238,0.0,-0.0014314614054448116,1.4023712789163405,-0.01156220965669641
2023-11-06 00:00:00+00:00,7.105427357601002e-15,0.06241204801425225,35046.09,2187.2982517918053,0.0,0.00097709691681791,1.4037415315692037,-0.010596410139285584
2023-11-07 00:00:00+00:00,7.105427357601002e-15,0.06241204801425225,35399.12,2209.331577102277,0.0,0.010073306323187703,1.417881850015281,-0.000629844701356963
2023-11-08 00:00:00+00:00,7.105427357601002e-15,0.06241204801425225,35624.72,2223.4117351342925,0.0,0.006373039781779832,1.426918067451292,0.0
2023-11-09 00:00:00+00:00,7.105427357601002e-15,0.06241204801425225,36701.09,2290.5901912553927,0.0,0.030214132209319677,1.4700311585931323,0.0
2023-11-10 00:00:00+00:00,7.105427357601002e-15,0.06241204801425225,37301.63,2328.071122569872,0.0,0.016363001752809136,1.4940852810178757,0.0
2023-11-11 00:00:00+00:00,7.105427357601002e-15,0.06241204801425225,37130.0,2317.3593427691862,0.0,-0.004601139414014743,1.4872107863434851,-0.004601139414014743
2023-11-12 00:00:00+00:00,7.105427357601002e-15,0.06241204801425225,37064.13,2313.2482611664873,0.0,-0.0017740371667116506,1.4845724191337772,-0.006367013988396786
2023-11-13 00:00:00+00:00,7.105427357601002e-15,0.06241204801425225,36462.93,2275.726137900319,0.0,-0.016220534516795615,1.460491860966535,-0.022484272135024685
2023-11-14 00:00:00+00:00,7.105427357601002e-15,0.06241204801425225,35551.19,2218.8225772438045,0.0,-0.025004573137704544,1.423972885411975,-0.04692663564568089
2023-11-15 00:00:00+00:00,7.105427357601002e-15,0.06241204801425225,37858.2,2362.807796133164,0.0,0.06489262384747163,1.5163782222340132,0.0
2023-11-16 00:00:00+00:00,7.105427357601002e-15,0.06241204801425225,36163.51,2257.0387224838914,0.0,-0.044764146208747246,1.4484988457861696,-0.044764146208747246
2023-11-17 00:00:00+00:00,7.105427357601002e-15,0.06241204801425225,36613.92,2285.149733029991,0.0,0.012454819789340155,1.4665396378755036,-0.032866855793460714
2023-11-18 00:00:00+00:00,7.105427357601002e-15,0.06241204801425225,36568.1,2282.2900129899776,0.0,-0.0012514366120863762,1.4647043564795903,-0.03407716161888297
2023-11-19 00:00:00+00:00,7.105427357601002e-15,0.06241204801425225,37359.86,2331.705376125742,0.0,0.021651658139197894,1.4964176344810802,-0.013163330533411344
2023-11-20 00:00:00+00:00,7.105427357601002e-15,0.06241204801425225,37448.78,2337.255055435169,0.0,0.0023800945720888755,1.4999792499704867,-0.010814565932875664
2023-11-21 00:00:00+00:00,7.105427357601002e-15,0.06241204801425225,35741.65,2230.709575908599,0.0,-0.0455857306967008,1.4316015998306928,-0.05590730673935873
2023-11-22 00:00:00+00:00,7.105427357601002e-15,0.06241204801425225,37408.34,2334.731112213473,0.0,0.046631590875071405,1.4983594599300953,-0.011882762519084156
2023-11-23 00:00:00+00:00,7.105427357601002e-15,0.06241204801425225,37294.28,2327.6123940169673,0.0,-0.003049052697874366,1.49379088297641,-0.014895584047841526
2023-11-24 00:00:00+00:00,7.105427357601002e-15,0.06241204801425225,37713.57,2353.781141628863,0.0,0.011242742854936427,1.5105851897527622,-0.0038203084140290278
2023-11-25 00:00:00+00:00,7.105427357601002e-15,0.06241204801425225,37780.67,2357.9689900506196,0.0,0.001779200431038408,1.5132728235734907,-0.002047905077367518
2023-11-26 00:00:00+00:00,7.105427357601002e-15,0.06241204801425225,37447.43,2337.17079917035,0.0,-0.008820383545342092,1.4999251768608297,-0.01085022531446278
2023-11-27 00:00:00+00:00,0.0,0.0640118940086523,37242.7,2383.9757649960347,60.0,-0.005645729520067366,1.4914570050119342,-0.01643469739717285
2023-11-28 00:00:00+00:00,0.0,0.0640118940086523,37818.87,2420.857497967,0.0,0.0154706828452289,1.5145308633137688,-0.0012182705430329177
2023-11-29 00:00:00+00:00,0.0,0.0640118940086523,37854.64,2423.1472034156895,0.0,0.0009458241348829777,1.515963343157316,-0.00027359867783238734
2023-11-30 00:00:00+00:00,0.0,0.0640118940086523,37723.96,2414.782129106639,0.0,-0.0034521527611938163,1.5107300061163669,-0.003724806934595204
2023-12-01 00:00:00+00:00,0.0,0.0640118940086523,38682.52,2476.1413702275727,0.0,0.025409845625963046,1.549117422354294,0.0
2023-12-02 00:00:00+00:00,0.0,0.0640118940086523,39450.35,2525.2916228042363,0.0,0.019849534104810163,1.5798666814616713,0.0
2023-12-03 00:00:00+00:00,0.0,0.0640118940086523,39972.26,2558.700070406292,0.0,0.013229540422328379,1.6007675915859583,0.0
2023-12-04 00:00:00+00:00,0.0,0.0640118940086523,41991.1,2687.9298425067195,0.0,0.05050602592898179,1.6816160010728725,0.0
2023-12-05 00:00:00+00:00,0.0,0.0640118940086523,44073.32,2821.2166884494154,0.0,0.04958717442505667,1.7650025870340393,0.0
2023-12-06 00:00:00+00:00,0.0,0.0640118940086523,43762.69,2801.332673813508,0.0,-0.007048028149456376,1.75256279911676,-0.007048028149456376
2023-12-07 00:00:00+00:00,0.0,0.0640118940086523,43273.14,2769.995651101572,0.0,-0.011186469570312108,1.7329578086943793,-0.018155655167343965
2023-12-08 00:00:00+00:00,0.0,0.0640118940086523,44170.99,2827.4687301372405,0.0,0.02074843655902936,1.7689139738475492,0.0
2023-12-09 00:00:00+00:00,0.0,0.0640118940086523,43713.6,2798.190329936623,0.0,-0.010354986383596998,1.7505968937346035,-0.010354986383596998
2023-12-10 00:00:00+00:00,0.0,0.0640118940086523,43789.51,2803.04947281082,0.0,0.0017365305076681992,1.7536368586472029,-0.00863643762569033
2023-12-11 00:00:00+00:00,0.0,0.0640118940086523,41253.4,2640.708268296537,0.0,-0.05791592552645597,1.6520733569413433,-0.06605217587380297
2023-12-12 00:00:00+00:00,0.0,0.0640118940086523,41492.39,2656.006470845665,0.0,0.005793219467971067,1.6616441804752922,-0.06064161115700584
2023-12-13 00:00:00+00:00,0.0,0.0640118940086523,42869.03,2744.127804613736,0.0,0.033178132182793085,1.7167744307358703,-0.029475454364957354
2023-12-14 00:00:00+00:00,0.0,0.0640118940086523,43022.26,2753.9363471326815,0.0,0.003574375254116857,1.7229108267779931,-0.0260064354455265
2023-12-15 00:00:00+00:00,0.0,0.0640118940086523,41940.3,2684.67803829108,0.0,-0.02514884155318664,1.6795816153850835,-0.05050124527433042
2023-12-16 00:00:00+00:00,0.0,0.0640118940086523,42278.03,2706.296775254622,0.0,0.008052636724105389,1.6931066759822657,-0.0428552767325342
2023-12-17 00:00:00+00:00,0.0,0.0640118940086523,41374.65,2648.469710445086,0.0,-0.02136759919986797,1.6569290511272559,-0.06330716155558203
2023-12-18 00:00:00+00:00,0.0,0.0640118940086523,42657.8,2730.606572242288,0.0,0.03101295116695857,1.7083153108769804,-0.0342575522984655
2023-12-19 00:00:00+00:00,0.0,0.0640118940086523,42275.99,2706.1661909908444,0.0,-0.00895053190741213,1.6930249801790553,-0.04290146089096036
2023-12-20 00:00:00+00:00,0.0,0.0640118940086523,43668.93,2795.3309186312567,0.0,0.03294872574243679,1.7488079959260696,-0.011366283617369577
2023-12-21 00:00:00+00:00,0.0,0.0640118940086523,43861.8,2807.676892628706,0.0,0.004416641305385882,1.756531853556066,-0.006999843109696924
2023-12-22 00:00:00+00:00,0.0,0.0640118940086523,43969.04,2814.5415281421933,0.0,0.0024449520995488694,1.7608264897993422,-0.004572005291255676
2023-12-23 00:00:00+00:00,0.0,0.0640118940086523,43702.16,2797.4580338691644,0.0,-0.006069725424980743,1.7501387564852275,-0.010613979899476877
2023-12-24 00:00:00+00:00,0.0,0.0640118940086523,42991.5,2751.9673412729753,0.0,-0.016261438793872096,1.7216789822158596,-0.026702820108854275
2023-12-25 00:00:00+00:00,0.0,0.0640118940086523,43576.13,2789.3906148672536,0.0,0.013598734633590404,1.7450916378192431,-0.013467210039892596
2023-12-26 00:00:00+00:00,0.0,0.0640118940086523,42508.93,2721.07712158122,0.0,-0.0244904721920004,1.7023535195907384,-0.037627863898907266
2023-12-27 00:00:00+00:00,0.0,0.06542124740540015,43428.85,2841.169540382012,60.0,0.022084055730795527,1.7399483895908963,-0.016374784011485954
2023-12-28 00:00:00+00:00,0.0,0.06542124740540015,42563.76,2784.574273464075,0.0,-0.01991970775187457,1.7052891261669008,-0.03596831085135166
2023-12-29 00:00:00+00:00,0.0,0.06542124740540015,42066.95,2752.0723435405976,0.0,-0.011672136108276332,1.685384759382317,-0.047220619939786324
2023-12-30 00:00:00+00:00,0.0,0.06542124740540015,42140.28,2756.8696836128356,0.0,0.0017431736790995966,1.6883226777340279,-0.045559760002476524
2023-12-31 00:00:00+00:00,0.0,0.06542124740540015,42283.58,2766.2445483660294,0.0,0.0034005469351414686,1.694063898241326,-0.042314141169577324
2024-01-01 00:00:00+00:00,0.0,0.06542124740540015,44179.55,2890.281270809246,0.0,0.04483939155577654,1.770024692695074,0.0
2024-01-02 00:00:00+00:00,0.0,0.06542124740540015,44946.91,2940.482919218254,0.0,0.017369122139089255,1.8007684677716986,0.0
2024-01-03 00:00:00+00:00,0.0,0.06542124740540015,42845.23,2802.988391971273,0.0,-0.04675916542427494,1.7165660370963436,-0.04675916542427494
2024-01-04 00:00:00+00:00,0.0,0.06542124740540015,44151.1,2888.4200363205623,0.0,0.030478772082679795,1.768884862105872,-0.01770555528733797
2024-01-05 00:00:00+00:00,0.0,0.06542124740540015,44145.11,2888.0281630486043,0.0,-0.00013567045894657959,1.7686448766848064,-0.017838823625472844
2024-01-06 00:00:00+00:00,0.0,0.06542124740540015,43968.32,2876.4623407198033,0.0,-0.004004747071646331,1.7615619012941206,-0.021772130720443372
2024-01-07 00:00:00+00:00,0.0,0.06542124740540015,43929.02,2873.891285696771,0.0,-0.0008938253724500855,1.7599873725716024,-0.022646495610043282
2024-01-08 00:00:00+00:00,0.0,0.06542124740540015,46951.04,3071.5956037808387,0.0,0.06879324874536263,1.881062621681618,0.0
2024-01-09 00:00:00+00:00,0.0,0.06542124740540015,46110.0,3016.5737178630006,0.0,-0.01791312822889557,1.8473669057328528,-0.01791312822889546
2024-01-10 00:00:00+00:00,0.0,0.06542124740540015,46653.99,3052.1622222390642,0.0,0.011797657774886172,1.8691615082713393,-0.00632680341053149
2024-01-11 00:00:00+00:00,0.0,0.06542124740540015,46339.16,3031.5656509184223,0.0,-0.006748190240534524,1.85654805082324,-0.013032299178037277
2024-01-12 00:00:00+00:00,0.0,0.06542124740540015,42782.73,2798.8995640084354,0.0,-0.07674783056058843,1.7140620155910673,-0.08877992904949472
2024-01-13 00:00:00+00:00,0.0,0.06542124740540015,42847.99,2803.168954614111,0.0,0.0015253818538458752,1.7166766146860164,-0.08738997048840669
2024-01-14 00:00:00+00:00,0.0,0.06542124740540015,41732.35,2730.182394158751,0.0,-0.02603716066961348,1.6719792298516685,-0.1111517444555008
2024-01-15 00:00:00+00:00,0.0,0.06542124740540015,42511.1,2781.129190575706,0.0,0.018660583456239666,1.703179337807415,-0.09456531740297958
2024-01-16 00:00:00+00:00,0.0,0.06542124740540015,43137.95,2822.138499511781,0.0,0.014745560571238991,1.7282936718967368,-0.08121417544744469
2024-01-17 00:00:00+00:00,0.0,0.06542124740540015,42776.1,2798.465821138137,0.0,-0.008388205744593757,1.7137963889897876,-0.08892113997900775
2024-01-18 00:00:00+00:00,0.0,0.06542124740540015,41327.5,2703.6966021466746,0.0,-0.0338647048234878,1.6557591801490892,-0.1197745566445384
2024-01-19 00:00:00+00:00,0.0,0.06542124740540015,41659.03,2725.3857082989866,0.0,0.008022019236585631,1.6690417121433985,-0.1127133712054087
2024-01-20 00:00:00+00:00,0.0,0.06542124740540015,41696.04,2727.806948665461,0.0,0.0008884028264701804,1.6705244935179633,-0.1119251032564984
2024-01-21 00:00:00+00:00,0.0,0.06542124740540015,41580.33,2720.237056128182,0.0,-0.00277508367701107,1.6658886482639543,-0.11438958540641464
2024-01-22 00:00:00+00:00,0.0,0.06542124740540015,39568.02,2588.5892257618207,0.0,-0.048395719803089765,1.5852667680194241,-0.15724933888578385
2024-01-23 00:00:00+00:00,0.0,0.06542124740540015,39897.6,2610.150760481693,0.0,0.008329453937801379,1.598471174542769,-0.15022968607298137
2024-01-24 00:00:00+00:00,0.0,0.06542124740540015,40084.88,2622.402851695776,0.0,0.004694016682707636,1.6059744249029002,-0.1462408500429383
2024-01-25 00:00:00+00:00,0.0,0.06542124740540015,39961.09,2614.3043554794613,0.0,-0.003088196846292246,1.601014859748689,-0.1488774263573288
2024-01-26 00:00:00+00:00,0.0,0.06542124740540015,41823.51,2736.1461950722273,0.0,0.04660583582680089,1.675631495458405,-0.10921014742165425
2024-01-27 00:00:00+00:00,7.105427357601002e-15,0.06685369783549595,42120.63,2815.919870660726,60.0,0.007226834452088271,1.6877410068787881,-0.10277255662547036
2024-01-28 00:00:00+00:00,7.105427357601002e-15,0.06685369783549595,42031.06,2809.9317849456006,0.0,-0.0021265114030819543,1.6841520063822113,-0.10468052101496439
2024-01-29 00:00:00+00:00,7.105427357601002e-15,0.06685369783549595,43302.7,2894.9456212611303,0.0,0.03025476873531141,1.7351056358504158,-0.07759283723405264
2024-01-30 00:00:00+00:00,7.105427357601002e-15,0.06685369783549595,42941.1,2870.7713241238152,0.0,-0.008350518558888798,1.7206166040366144,-0.0852954153655816
2024-01-31 00:00:00+00:00,7.105427357601002e-15,0.06685369783549595,42580.0,2846.630453835418,0.0,-0.008409193057467013,1.7061476068353874,-0.09298734280832255
2024-02-01 00:00:00+00:00,7.105427357601002e-15,0.06685369783549595,43082.94,2880.253852624802,0.0,0.011811648661343321,1.7263000229317187,-0.08227402797018302
2024-02-02 00:00:00+00:00,7.105427357601002e-15,0.06685369783549595,43200.0,2888.0797464934253,0.0,0.0027170847671955656,1.7309905264276357,-0.07978048871112109
2024-02-03 00:00:00+00:00,7.105427357601002e-15,0.06685369783549595,43011.09,2875.4504144353214,0.0,-0.004372916666666837,1.723421049104778,-0.08380453194902826
2024-02-04 00:00:00+00:00,7.105427357601002e-15,0.06685369783549595,42582.88,2846.822992485184,0.0,-0.009955804421603709,1.7062630062038155,-0.09292599484090347
2024-02-05 00:00:00+00:00,7.105427357601002e-15,0.06685369783549595,42708.7,2855.2345247468456,0.0,0.0029547085589325395,1.711304516112036,-0.09024585551427466
2024-02-06 00:00:00+00:00,7.105427357601002e-15,0.06685369783549595,43098.95,2881.324180327148,0.0,0.009137482526979213,1.7269415312263503,-0.0819329929151894
2024-02-07 00:00:00+00:00,7.105427357601002e-15,0.06685369783549595,44349.6,2964.9347575251113,0.0,0.029018108329785353,1.7770541076586819,-0.055292425049600635
2024-02-08 00:00:00+00:00,7.105427357601002e-15,0.06685369783549595,45288.65,3027.713722477534,0.0,0.021173809910348673,1.814681113534651,-0.035289366436734415
2024-02-09 00:00:00+00:00,7.105427357601002e-15,0.06685369783549595,47132.77,3150.9999637299284,0.0,0.04071925305788526,1.8885735730160336,0.0
2024-02-10 00:00:00+00:00,7.105427357601002e-15,0.06685369783549595,47751.09,3192.3369421755724,0.0,0.013118685789101692,1.913349176310032,0.0
2024-02-11 00:00:00+00:00,7.105427357601002e-15,0.06685369783549595,48299.99,3229.032936917476,0.0,0.011495025558578842,1.9353431739942017,0.0
2024-02-12 00:00:00+00:00,7.105427357601002e-15,0.06685369783549595,49917.27,3337.154085352867,0.0,0.03348406490353306,2.000146330442833,0.0
2024-02-13 00:00:00+00:00,7.105427357601002e-15,0.06685369783549595,49699.59,3322.6013724080362,0.0,-0.004360815405169305,1.9914240615124452,-0.004360815405169305
2024-02-14 00:00:00+00:00,7.105427357601002e-15,0.06685369783549595,51795.17,3462.6986445181446,0.0,0.04216493536465782,2.075392328349742,0.0
2024-02-15 00:00:00+00:00,7.105427357601002e-15,0.06685369783549595,51880.0,3468.36984370553,0.0,0.001637797501195637,2.0787914007191137,0.0
2024-02-16 00:00:00+00:00,7.105427357601002e-15,0.06685369783549595,52124.11,3484.689499884153,0.0,0.004705281418658558,2.0885726992701845,0.0
2024-02-17 00:00:00+00:00,7.105427357601002e-15,0.06685369783549595,51642.64,3452.501449987297,0.0,-0.00923699224792518,2.069280569437798,-0.009236992247925069
2024-02-18 00:00:00+00:00,7.105427357601002e-15,0.06685369783549595,52137.67,3485.5960360268023,0.0,0.009585683458475325,2.089116037963202,0.0
2024-02-19 00:00:00+00:00,7.105427357601002e-15,0.06685369783549595,51774.73,3461.3321549343877,0.0,-0.0069611856456185395,2.074573313387701,-0.0069611856456185395
2024-02-20 00:00:00+00:00,7.105427357601002e-15,0.06685369783549595,52258.82,3493.6953615195725,0.0,0.009349928044047662,2.0939704245899775,0.0
2024-02-21 00:00:00+00:00,7.105427357601002e-15,0.06685369783549595,51849.39,3466.3234520147853,0.0,-0.007834658340927003,2.077564881737309,-0.007834658340927003
2024-02-22 00:00:00+00:00,7.105427357601002e-15,0.06685369783549595,51288.42,3428.8205331400072,0.0,-0.01081922082400577,2.0550872485055938,-0.01856911426626162
2024-02-23 00:00:00+00:00,7.105427357601002e-15,0.06685369783549595,50744.15,3392.4340710190822,0.0,-0.010611947102289299,2.033278771333863,-0.028984006910221072
2024-02-24 00:00:00+00:00,7.105427357601002e-15,0.06685369783549595,51568.22,3447.526197794379,0.0,0.016239704478250072,2.0662986177022247,-0.01321499413878846
2024-02-25 00:00:00+00:00,7.105427357601002e-15,0.06685369783549595,51728.85,3458.264907277695,0.0,0.0031149029382824267,2.072734937337874,-0.010141254624578377
2024-02-26 00:00:00+00:00,7.105427357601002e-15,0.06685369783549595,54476.47,3641.9534645244603,0.0,0.05311581448263403,2.1828299417411867,0.0
2024-02-27 00:00:00+00:00,0.0,0.06795344041959125,57037.34,3875.883485381969,60.0,0.04775734301707213,2.287076100016856,0.0
2024-02-28 00:00:00+00:00,0.0,0.06795344041959125,62432.1,4242.475987619963,0.0,0.09458295215029322,2.5033945093488295,0.0
2024-02-29 00:00:00+00:00,0.0,0.06795344041959125,61130.98,4154.0604072212245,0.0,-0.020840561185672124,2.4512223629048697,-0.020840561185672013
2024-03-01 00:00:00+00:00,0.0,0.06795344041959125,62387.9,4239.472445553417,0.0,0.02056109684484042,2.5016221832967953,-0.0007079691376710162
2024-03-02 00:00:00+00:00,0.0,0.06795344041959125,61987.28,4212.248938252521,0.0,-0.006421437490282456,2.485558172822451,-0.007124860448390891
2024-03-03 00:00:00+00:00,0.0,0.06795344041959125,63113.97,4288.81140003887,0.0,0.01817614839689674,2.5307360470207914,0.0
2024-03-04 00:00:00+00:00,0.0,0.06795344041959125,68245.71,4637.530788377703,0.0,0.08130909844524137,2.7365079134069257,0.0
2024-03-05 00:00:00+00:00,0.0,0.06795344041959125,63724.01,4330.265716832438,0.0,-0.0662561793261437,2.555197354368825,-0.0662561793261437
2024-03-06 00:00:00+00:00,0.0,0.06795344041959125,66074.04,4489.958340421689,0.0,0.03687825044280779,2.6494285623340383,-0.03182134085790911
2024-03-07 00:00:00+00:00,0.0,0.06795344041959125,66823.17,4540.864301243218,0.0,0.011337735667442228,2.679467083043553,-0.02084438714169734
2024-03-08 00:00:00+00:00,0.0,0.06795344041959125,68124.19,4629.273086297914,0.0,0.01946959415424332,2.7316352197000655,-0.0017806247454967838
2024-03-09 00:00:00+00:00,0.0,0.06795344041959125,68313.27,4642.121722812451,0.0,0.002775519239201163,2.7392169258068226,0.0
2024-03-10 00:00:00+00:00,0.0,0.06795344041959125,68955.88,4685.789283160485,0.0,0.00940681071188676,2.7649842209266837,0.0
2024-03-11 00:00:00+00:00,0.0,0.06795344041959125,72078.1,4897.954873907341,0.0,0.04527851721999632,2.8901786065869306,0.0
2024-03-12 00:00:00+00:00,0.0,0.06795344041959125,71452.01,4855.409904395038,0.0,-0.008686272251904659,2.865073728353486,-0.008686272251904659
2024-03-13 00:00:00+00:00,0.0,0.06795344041959125,73072.41,4965.521659250944,0.0,0.02267815838910625,2.930048324161554,0.0
2024-03-14 00:00:00+00:00,0.0,0.06795344041959125,71388.94,4851.124080907775,0.0,-0.02303838069662667,2.8625447554100067,-0.02303838069662678
2024-03-15 00:00:00+00:00,0.0,0.06795344041959125,69499.85,4722.75391614553,0.0,-0.026461942143979122,2.786796261707796,-0.0488906825435208
2024-03-16 00:00:00+00:00,0.0,0.06795344041959125,65300.63,4437.402470066773,0.0,-0.06042056205876711,2.6184164652321402,-0.10635724208357156
2024-03-17 00:00:00+00:00,0.0,0.06795344041959125,68393.48,4647.5722682685055,0.0,0.04736324902225286,2.7424331763188974,-0.06403141760344289
2024-03-18 00:00:00+00:00,0.0,0.06795344041959125,67609.99,4594.331427234161,0.0,-0.01145562413259249,2.7110168926422364,-0.0747535218832932
2024-03-19 00:00:00+00:00,0.0,0.06795344041959125,61937.4,4208.859420644391,0.0,-0.08390165417862083,2.4835580908433683,-0.15238323192022807
2024-03-20 00:00:00+00:00,0.0,0.06795344041959125,67840.51,4609.996054319684,0.0,0.09530768162693293,2.7202602546674615,-0.07159884284643125
2024-03-21 00:00:00+00:00,0.0,0.06795344041959125,65501.27,4451.0366483525595,0.0,-0.034481462477213065,2.6264617027678914,-0.10361147251062319
2024-03-22 00:00:00+00:00,0.0,0.06795344041959125,63796.64,4335.2011752101125,0.0,-0.026024380901316646,2.558109662992339,-0.12693942898557709
2024-03-23 00:00:00+00:00,0.0,0.06795344041959125,63990.01,4348.341331984048,0.0,0.003031037371246992,2.565863388980617,-0.12429314976747019
2024-03-24 00:00:00+00:00,0.0,0.06795344041959125,67209.99,4567.1500510663245,0.0,0.05032004214407859,2.6949777428500696,-0.080227544157911
2024-03-25 00:00:00+00:00,0.0,0.06795344041959125,69880.01,4748.58709605544,0.0,0.039726534701165495,2.8020398696702715,-0.04368817177372408
2024-03-26 00:00:00+00:00,0.0,0.06795344041959125,69988.0,4755.9253880863525,0.0,0.0015453632591067024,2.806370039135412,-0.04221032261013402
2024-03-27 00:00:00+00:00,-7.105427357601002e-15,0.06880944592693067,69469.99,4780.191520449414,60.0,-0.0075135467277203105,2.7852842467110936,-0.04940672010653102
2024-03-28 00:00:00+00:00,-7.105427357601002e-15,0.06880944592693067,70780.6,4870.373868375709,0.0,0.018865844086057848,2.8378309850448984,-0.031472975498806455
2024-03-29 00:00:00+00:00,-7.105427357601002e-15,0.06880944592693067,69850.54,4806.376955096907,0.0,-0.01314004119772949,2.8005417689892154,-0.044199460501866406
2024-03-30 00:00:00+00:00,-7.105427357601002e-15,0.06880944592693067,69582.18,4787.911252187956,0.0,-0.0038419173280550556,2.7897823190389937,-0.04787156715672869
2024-03-31 00:00:00+00:00,-7.105427357601002e-15,0.06880944592693067,71280.01,4904.737993766077,0.0,0.02440035652806527,2.857854002259238,-0.024639293934844875
2024-04-01 00:00:00+00:00,-7.105427357601002e-15,0.06880944592693067,69649.8,4792.564146921536,0.0,-0.022870507453632394,2.792493430999175,-0.046946288232888045
2024-04-02 00:00:00+00:00,-7.105427357601002e-15,0.06880944592693067,65463.99,4504.54088006613,0.0,-0.06009794715849881,2.6246703083425316,-0.10422285984187907
2024-04-03 00:00:00+00:00,-7.105427357601002e-15,0.06880944592693067,65963.28,4538.896748322987,0.0,0.007626941162614864,2.644688514355522,-0.09739082029907775
2024-04-04 00:00:00+00:00,-7.105427357601002e-15,0.06880944592693067,68487.79,4712.606882659982,0.0,0.03827144435510155,2.7459045636692556,-0.06284666330375
2024-04-05 00:00:00+00:00,-7.105427357601002e-15,0.06880944592693067,67820.62,4666.699284620912,0.0,-0.009741444423889134,2.719155486968968,-0.07197589044983876
2024-04-06 00:00:00+00:00,-7.105427357601002e-15,0.06880944592693067,68896.0,4740.695586581815,0.0,0.015856239592029864,2.7622710678583307,-0.05726091782163123
2024-04-07 00:00:00+00:00,-7.105427357601002e-15,0.06880944592693067,69360.39,4772.650005175823,0.0,0.006740449372967916,2.780890016145644,-0.0509064327662897
2024-04-08 00:00:00+00:00,-7.105427357601002e-15,0.06880944592693067,71620.0,4928.132517286775,0.0,0.03257781566683793,2.8714853384813863,-0.019987037482368297
2024-04-09 00:00:00+00:00,-7.105427357601002e-15,0.06880944592693067,69146.0,4757.897948063548,0.0,-0.034543423624685876,2.772294404002149,-0.05384004040429835
2024-04-10 00:00:00+00:00,-7.105427357601002e-15,0.06880944592693067,70631.08,4860.085480020714,0.0,0.02147745350417951,2.8318362281640024,-0.03351893386456528
2024-04-11 00:00:00+00:00,-7.105427357601002e-15,0.06880944592693067,70006.23,4817.089897733271,0.0,-0.008846672031632696,2.80678390180614,-0.042069074881448176
2024-04-12 00:00:00+00:00,-7.105427357601002e-15,0.06880944592693067,67116.52,4618.250553743761,0.0,-0.04127789769567636,2.6909257630535146,-0.08161044960801633
2024-04-13 00:00:00+00:00,-7.105427357601002e-15,0.06880944592693067,63924.51,4398.610114250539,0.0,-0.047559229828960214,2.562947406235782,-0.12528834930762422
2024-04-14 00:00:00+00:00,-7.105427357601002e-15,0.06880944592693067,65661.84,4518.154828942773,0.0,0.027177838359652595,2.632602776566749,-0.10151557745380191
2024-04-15 00:00:00+00:00,-7.105427357601002e-15,0.06880944592693067,63419.99,4363.894372591483,0.0,-0.03414235726565085,2.5427195120306627,-0.13219195360599623
2024-04-16 00:00:00+00:00,-7.105427357601002e-15,0.06880944592693067,63793.39,4389.5878197005995,0.0,0.005887733504846171,2.5576903668950717,-0.1270825310954672
2024-04-17 00:00:00+00:00,-7.105427357601002e-15,0.06880944592693067,61277.37,4216.461877559524,0.0,-0.03944013635268473,2.456814710076782,-0.1615105150937024
2024-04-18 00:00:00+00:00,-7.105427357601002e-15,0.06880944592693067,63470.08,4367.341037737964,0.0,0.03578335689015377,2.544727787660439,-0.13150654660665906
2024-04-19 00:00:00+00:00,-7.105427357601002e-15,0.06880944592693067,63818.01,4391.2819082593205,0.0,0.005481795516879551,2.5586774650385147,-0.12674564308740832
2024-04-20 00:00:00+00:00,-7.105427357601002e-15,0.06880944592693067,64940.59,4468.5260160679745,0.0,0.017590332258871744,2.6036854517918298,-0.11138480880280843
2024-04-21 00:00:00+00:00,-7.105427357601002e-15,0.06880944592693067,64941.15,4468.564549357694,0.0,8.623266280816111e-06,2.603707904064792,-0.11137714603739368
2024-04-22 00:00:00+00:00,-7.105427357601002e-15,0.06880944592693067,66819.32,4597.800386414277,0.0,0.028921107802987844,2.6790100210457415,-0.08567718868174234
2024-04-23 00:00:00+00:00,-7.105427357601002e-15,0.06880944592693067,66414.0,4569.910541791173,0.0,-0.0060659102786441155,2.6627593866224895,-0.09122338882091652
2024-04-24 00:00:00+00:00,-7.105427357601002e-15,0.06880944592693067,64289.59,4423.731066769542,0.0,-0.031987382178456425,2.5775846844733237,-0.12029277359754442
2024-04-25 00:00:00+00:00,-7.105427357601002e-15,0.06880944592693067,64498.34,4438.095038606789,0.0,0.003247026462604552,2.585954170153413,-0.11743634095407118
2024-04-26 00:00:00+00:00,-7.105427357601002e-15,0.06880944592693067,63770.01,4387.979054854828,0.0,-0.0112922286061935,2.556752984498901,-0.1274024515515364
2024-04-27 00:00:00+00:00,0.0,0.06974891754191602,63461.98,4426.404410066724,60.0,-0.004916761114489354,2.5441820408453624,-0.13169280524634652
2024-04-28 00:00:00+00:00,0.0,0.06974891754191602,63118.62,4402.455421739532,0.0,-0.0054104835682720065,2.5304167857186757,-0.13639076705577358
2024-04-29 00:00:00+00:00,0.0,0.06974891754191602,63866.0,4454.584367732008,0.0,0.011840879917843328,2.5603791470204658,-0.12616487383254016
2024-04-30 00:00:00+00:00,0.0,0.06974891754191602,60672.0,4231.806325103129,0.0,-0.05001096044843878,2.432332126765818,-0.16986620776575745
2024-05-01 00:00:00+00:00,0.0,0.06974891754191602,58364.97,4070.8934798664022,0.0,-0.03802462420886077,2.3398436116944086,-0.20143173325854102
2024-05-02 00:00:00+00:00,0.0,0.06974891754191602,59060.61,4119.41361686526,0.0,0.011918793070569533,2.367731723519688,-0.19191376333452626
2024-05-03 00:00:00+00:00,0.0,0.06974891754191602,62882.01,4385.952130359939,0.0,0.06470302287768459,2.520931123394802,-0.13962814107641808
2024-05-04 00:00:00+00:00,0.0,0.06974891754191602,63892.04,4456.4006295448,0.0,0.016062304624168355,2.5614230870353163,-0.12580858618832547
2024-05-05 00:00:00+00:00,0.0,0.06974891754191602,64012.0,4464.767709693128,0.0,0.0018775421789631874,2.5662322669193953,-0.12416725493640657
2024-05-06 00:00:00+00:00,0.0,0.06974891754191602,63165.19,4405.7036288294585,0.0,-0.013228925826407556,2.532283770606985,-0.13575358135719173
2024-05-07 00:00:00+00:00,0.0,0.06974891754191602,62312.08,4346.200129785275,0.0,-0.013506014942723965,2.4980827081619497,-0.14742610640157716
2024-05-08 00:00:00+00:00,0.0,0.06974891754191602,61193.03,4268.147603609993,0.0,-0.01795879707433956,2.4532201477311526,-0.16273730794759078
2024-05-09 00:00:00+00:00,0.0,0.06974891754191602,63074.01,4399.343922527986,0.0,0.030738468090238502,2.528628376960517,-0.13700113540479064
2024-05-10 00:00:00+00:00,0.0,0.06974891754191602,60799.99,4240.733489059318,0.0,-0.03605320162773862,2.437463228244338,-0.16811500747455121
2024-05-11 00:00:00+00:00,0.0,0.06974891754191602,60825.99,4242.546960915408,0.0,0.0004276316492815013,2.438505564664695,-0.167759267123185
2024-05-12 00:00:00+00:00,0.0,0.06974891754191602,61483.99,4288.441748657989,0.0,0.010817744191257805,2.4648846940721967,-0.15875629976937866
2024-05-13 00:00:00+00:00,0.0,0.06974891754191602,62940.08,4390.002450001598,0.0,0.023682425294780263,2.5232591416998087,-0.13883360868396244
2024-05-14 00:00:00+00:00,0.0,0.06974891754191602,61577.49,4294.963272448158,0.0,-0.021649003306001613,2.468633096199251,-0.15747700273658083
2024-05-15 00:00:00+00:00,0.0,0.06974891754191602,66206.5,4617.831709238863,0.0,0.07517373637671843,2.6542094697837757,-0.09414140104897784
2024-05-16 00:00:00+00:00,0.0,0.06974891754191602,65235.21,4550.085283119575,0.0,-0.014670613912531327,2.6152705874095936,-0.10743090281353473
2024-05-17 00:00:00+00:00,0.0,0.06974891754191602,67024.0,4674.85144932938,0.0,0.027420621471134998,2.686982932231545,-0.08295610346275195
2024-05-18 00:00:00+00:00,0.0,0.06974891754191602,66915.2,4667.262767100819,0.0,-0.0016232991167344224,2.682621155210973,-0.08444474001000757
2024-05-19 00:00:00+00:00,0.0,0.06974891754191602,66274.01,4622.540458662117,0.0,-0.009582127827459264,2.6569159363890953,-0.09321770754433434
2024-05-20 00:00:00+00:00,0.0,0.06974891754191602,71446.62,4983.324407028607,0.0,0.07804884599558704,2.8642851591315486,-0.022444396048936666
2024-05-21 00:00:00+00:00,0.0,0.06974891754191602,70148.34,4892.770782362289,0.0,-0.018171328468722492,2.812237292676882,-0.040207880024771936
2024-05-22 00:00:00+00:00,0.0,0.06974891754191602,69166.62,4824.296875033039,0.0,-0.013994914206095221,2.7728802730386874,-0.05364008839951151
2024-05-23 00:00:00+00:00,0.0,0.06974891754191602,67969.65,4740.809513202892,0.0,-0.017305602037514634,2.724893910535805,-0.070017416413927
2024-05-24 00:00:00+00:00,0.0,0.06974891754191602,68549.99,4781.287600009168,0.0,0.008538222574340226,2.7481596612354244,-0.0620770181250091
2024-05-25 00:00:00+00:00,0.0,0.06974891754191602,69290.57,4832.94225336236,0.0,0.010803502670095222,2.7778494114734293,-0.051944164685978955
2024-05-26 00:00:00+00:00,0.0,0.06974891754191602,68507.67,4778.335825818794,0.0,-0.011298795781301885,2.7464630582619813,-0.06265605395846374
2024-05-27 00:00:00+00:00,0.0,0.07062341969455989,69436.43,4903.838137981928,60.0,0.013708185140359097,2.784112082345793,-0.04980676960593167
2024-05-28 00:00:00+00:00,0.0,0.07062341969455989,68398.39,4830.528203402188,0.0,-0.014949501292044975,2.7424909951735668,-0.06401168453140016
2024-05-29 00:00:00+00:00,0.0,0.07062341969455989,67652.42,4777.845251012637,0.0,-0.010906250863507272,2.712580700389294,-0.07421980790521232
2024-05-30 00:00:00+00:00,0.0,0.07062341969455989,68352.17,4827.263988943905,0.0,0.01034331070492378,2.7406377653856,-0.0646441757339119
2024-05-31 00:00:00+00:00,0.0,0.07062341969455989,67540.01,4769.906472404771,0.0,-0.011881992919902995,2.70807352686127,-0.07575806701543153
2024-06-01 00:00:00+00:00,0.0,0.07062341969455989,67766.85,4785.926688928286,0.0,0.0033586018124667216,2.7171688675168792,-0.07265390638415181
2024-06-02 00:00:00+00:00,0.0,0.07062341969455989,67765.63,4785.840528356259,0.0,-1.8002902599123516e-05,2.717119950590412,-0.07267060130555092
2024-06-03 00:00:00+00:00,0.0,0.07062341969455989,68809.9,4859.590446840696,0.0,0.015410024226145236,2.7589908348543526,-0.05838043280605276
2024-06-04 00:00:00+00:00,0.0,0.07062341969455989,70537.84,4981.623478667714,0.0,0.025111793506457758,2.8282740429854245,-0.03473467667303831
2024-06-05 00:00:00+00:00,0.0,0.07062341969455989,71108.0,5021.890127640764,0.0,0.00808303741651284,2.851135087899028,-0.02693240094772409
2024-06-06 00:00:00+00:00,0.0,0.07062341969455989,70799.06,5000.071728360327,0.0,-0.004344658828823733,2.8387478786672182,-0.031160047682988856
2024-06-07 00:00:00+00:00,0.0,0.07062341969455989,69355.6,4898.129646968018,0.0,-0.020388123797123736,2.7808711354881286,-0.050912876570427534
2024-06-08 00:00:00+00:00,0.0,0.07062341969455989,69310.46,4894.941705803006,0.0,-0.0006508486697541782,2.7790612092088383,-0.05153058866219251
2024-06-09 00:00:00+00:00,0.0,0.07062341969455989,69648.14,4918.789822165464,0.0,0.004871991904252138,2.7926007729215248,-0.04690965336872399
2024-06-10 00:00:00+00:00,0.0,0.07062341969455989,69540.0,4911.152605559695,0.0,-0.0015526617078358562,2.7882648086361366,-0.048389480254046435
2024-06-11 00:00:00+00:00,0.0,0.07062341969455989,67314.24,4753.961822940331,0.0,-0.0320069025021571,2.699021088755924,-0.07884758537958214
2024-06-12 00:00:00+00:00,0.0,0.07062341969455989,68263.99,4821.03641579524,0.0,0.014109198885703833,2.7371021140938905,-0.06585086275765628
2024-06-13 00:00:00+00:00,0.0,0.07062341969455989,66773.01,4715.738309499044,0.0,-0.02184138372222333,2.677320016533057,-0.0862539725179502
2024-06-14 00:00:00+00:00,0.0,0.07062341969455989,66043.99,4664.252424073316,0.0,-0.010917884336799966,2.6480893462599497,-0.09623014595920965
2024-06-15 00:00:00+00:00,0.0,0.07062341969455989,66228.25,4677.265495386236,0.0,0.0027899586321176173,2.6554774059901662,-0.093708665453481
2024-06-16 00:00:00+00:00,0.0,0.07062341969455989,66676.87,4708.948573929609,0.0,0.006773846508098869,2.6734652023440684,-0.08756958706164264
2024-06-17 00:00:00+00:00,0.0,0.07062341969455989,66504.33,4696.76320909551,0.0,-0.002587703951909992,2.666547065874669,-0.08993068684704608
2024-06-18 00:00:00+00:00,0.0,0.07062341969455989,65175.32,4602.903978087243,0.0,-0.019983811580388977,2.61325929173999,-0.10811734052618882
2024-06-19 00:00:00+00:00,0.0,0.07062341969455989,64974.37,4588.7122018996215,0.0,-0.0030832222994837677,2.605202032417364,-0.11086721303040137
2024-06-20 00:00:00+00:00,0.0,0.07062341969455989,64869.99,4581.340529351903,0.0,-0.0016064796011105997,2.601016828495514,-0.11229558671534667
2024-06-21 00:00:00+00:00,0.0,0.07062341969455989,64143.56,4530.037558583183,0.0,-0.011198244365383747,2.5718900064515458,-0.1222363176595378
2024-06-22 00:00:00+00:00,0.0,0.07062341969455989,64262.01,4538.402902646005,0.0,0.0018466390078755168,2.5766393588614243,-0.12061540500403145
2024-06-23 00:00:00+00:00,0.0,0.07062341969455989,63210.01,4464.107065127328,0.0,-0.016370480786393138,2.534458533743719,-0.13501135362026317
2024-06-24 00:00:00+00:00,0.0,0.07062341969455989,60293.3,4258.119030670008,0.0,-0.046143166248510226,2.4175105922712268,-0.17492466853323718
2024-06-25 00:00:00+00:00,0.0,0.07062341969455989,61806.01,4364.951783876166,0.0,0.025089189014368074,2.4781639724649565,-0.15422419759097528
2024-06-26 00:00:00+00:00,0.0,0.07062341969455989,60864.99,4298.49373347519,0.0,-0.015225380185519333,2.4404329838221206,-0.1671014557343653
2024-06-27 00:00:00+00:00,0.0,0.07160773127878478,61706.47,4418.660321922394,60.0,0.013997132990714256,2.4745920488516044,-0.15544326404250697
2024-06-28 00:00:00+00:00,0.0,0.07160773127878478,60427.84,4327.100528477402,0.0,-0.020721165868019975,2.423315616551667,-0.1729434642532356
2024-06-29 00:00:00+00:00,0.0,0.07160773127878478,60986.68,4367.117793025238,0.0,0.009248055201046324,2.4457265731430944,-0.1652947997562635
2024-06-30 00:00:00+00:00,0.0,0.07160773127878478,62772.01,4494.961223909191,0.0,0.029274097229099905,2.5173230106410784,-0.14085955856669308
2024-07-01 00:00:00+00:00,0.0,0.07160773127878478,62899.99,4504.12558135825,0.0,0.002038806786655467,2.5224553458793775,-0.1391079372040087
2024-07-02 00:00:00+00:00,0.0,0.07160773127878478,62135.47,4449.380038640994,0.0,-0.01215453293394797,2.4917960793034735,-0.14957167813383698
2024-07-03 00:00:00+00:00,0.0,0.07160773127878478,60208.58,4311.399817317216,0.0,-0.031011111688702186,2.4145227127827233,-0.1759444058064641
2024-07-04 00:00:00+00:00,0.0,0.07160773127878478,57050.01,4085.2217855319846,0.0,-0.05246046327616427,2.2878557326793207,-0.21917474404317183
2024-07-05 00:00:00+00:00,4079.096710468134,0.0,56628.79,4079.096710468134,0.0,-0.0014993249780325124,2.28442549343318,-0.22034545485290646
2024-07-06 00:00:00+00:00,4079.096710468134,0.0,58230.13,4079.096710468134,0.0,0.0,2.28442549343318,-0.22034545485290646
2024-07-07 00:00:00+00:00,4079.096710468134,0.0,55857.81,4079.096710468134,0.0,0.0,2.28442549343318,-0.22034545485290646
2024-07-08 00:00:00+00:00,4079.096710468134,0.0,56714.62,4079.096710468134,0.0,0.0,2.28442549343318,-0.22034545485290646
2024-07-09 00:00:00+00:00,4079.096710468134,0.0,58050.0,4079.096710468134,0.0,0.0,2.28442549343318,-0.22034545485290646
2024-07-10 00:00:00+00:00,4079.096710468134,0.0,57725.85,4079.096710468134,0.0,0.0,2.28442549343318,-0.22034545485290646
2024-07-11 00:00:00+00:00,4079.096710468134,0.0,57339.89,4079.096710468134,0.0,0.0,2.28442549343318,-0.22034545485290646
2024-07-12 00:00:00+00:00,4079.096710468134,0.0,57889.1,4079.096710468134,0.0,0.0,2.28442549343318,-0.22034545485290646
2024-07-13 00:00:00+00:00,4079.096710468134,0.0,59204.02,4079.096710468134,0.0,0.0,2.28442549343318,-0.22034545485290646
2024-07-14 00:00:00+00:00,-4.547473508864641e-13,0.06879576562772124,60797.91,4182.638767015289,0.0,0.025383574819747734,2.34241237886588,-0.20055503537260888
2024-07-15 00:00:00+00:00,-4.547473508864641e-13,0.06879576562772124,64724.14,4452.746765895818,0.0,0.06457837119729959,2.49368155496543,-0.14892818169508926
2024-07-16 00:00:00+00:00,-4.547473508864641e-13,0.06879576562772124,65043.99,4474.7510915318435,0.0,0.0049417419837480825,2.506004685799701,-0.1447224043593871
2024-07-17 00:00:00+00:00,-4.547473508864641e-13,0.06879576562772124,64087.99,4408.982339591743,0.0,-0.014697745325893852,2.46917206714232,-0.1572930566430557
2024-07-18 00:00:00+00:00,-4.547473508864641e-13,0.06879576562772124,63987.92,4402.097947325376,0.0,-0.001561447004345351,2.4653165858148673,-0.1586088988753015
2024-07-19 00:00:00+00:00,-4.547473508864641e-13,0.06879576562772124,66660.0,4585.925736743899,0.0,0.04175913203617232,2.568266066632876,-0.12347313678937477
2024-07-20 00:00:00+00:00,-4.547473508864641e-13,0.06879576562772124,67139.96,4618.944952414578,0.0,0.007200120012000877,2.5867578905353823,-0.11716203818051552
2024-07-21 00:00:00+00:00,-4.547473508864641e-13,0.06879576562772124,68165.34,4689.486754573931,0.0,0.015272276003738927,2.626263570994488,-0.10367909316103008
2024-07-22 00:00:00+00:00,-4.547473508864641e-13,0.06879576562772124,67532.01,4645.916332328927,0.0,-0.009291085469536164,2.601862731690849,-0.11200688731460318
2024-07-23 00:00:00+00:00,-4.547473508864641e-13,0.06879576562772124,65936.01,4536.118290387083,0.0,-0.023633237038257926,2.54037229301179,-0.13299303903503756
2024-07-24 00:00:00+00:00,-4.547473508864641e-13,0.06879576562772124,65376.0,4497.591973677903,0.0,-0.00849323457697837,2.5187963152143844,-0.14035673253438607
2024-07-25 00:00:00+00:00,-4.547473508864641e-13,0.06879576562772124,65799.95,4526.757938515775,0.0,0.006484795643661112,2.5351301945865563,-0.1347821216184225
2024-07-26 00:00:00+00:00,-4.547473508864641e-13,0.06879576562772124,67907.99,4671.782164289638,0.0,0.0320371064111753,2.6163484303967093,-0.10706304437986058
2024-07-27 00:00:00+00:00,0.0,0.06967799017987439,67896.5,4730.891660247841,60.0,-0.00019061334849979072,2.6158497194615493,-0.10723325008297047
2024-07-28 00:00:00+00:00,0.0,0.06967799017987439,68249.88,4755.514468417606,0.0,0.005204686544961978,2.6294643973000733,-0.10258667899188789
2024-07-29 00:00:00+00:00,0.0,0.06967799017987439,66784.69,4653.422973985956,0.0,-0.02146802309396001,2.57301499489409,-0.12185236889211737
2024-07-30 00:00:00+00:00,0.0,0.06967799017987439,66188.0,4611.846814025526,0.0,-0.008934532749946156,2.5500263081561063,-0.12969820766153828
2024-07-31 00:00:00+00:00,0.0,0.06967799017987439,64628.0,4503.149149344922,0.0,-0.023569227050220576,2.489924159115139,-0.15021054820737745
2024-08-01 00:00:00+00:00,0.0,0.06967799017987439,65354.02,4553.736763775314,0.0,0.011233830537847211,2.51789554517073,-0.14066415751308914
2024-08-02 00:00:00+00:00,0.0,0.06967799017987439,61498.33,4285.080033818675,0.0,-0.05899698289408972,2.369347304763188,-0.19136237951256763
2024-08-03 00:00:00+00:00,0.0,0.06967799017987439,60697.99,4229.313951158114,0.0,-0.013014011925201907,2.3385125906840547,-0.20188599914875793
2024-08-04 00:00:00+00:00,4222.972094888352,0.0,58161.0,4222.972094888352,0.0,-0.001499499999999987,2.335005991054324,-0.2030827710930343
2024-08-05 00:00:00+00:00,4222.972094888352,0.0,54018.81,4222.972094888352,0.0,0.0,2.335005991054324,-0.2030827710930343
2024-08-06 00:00:00+00:00,4222.972094888352,0.0,56022.01,4222.972094888352,0.0,0.0,2.335005991054324,-0.2030827710930343
2024-08-07 00:00:00+00:00,4222.972094888352,0.0,55134.16,4222.972094888352,0.0,0.0,2.335005991054324,-0.2030827710930343
2024-08-08 00:00:00+00:00,4222.972094888352,0.0,61685.99,4222.972094888352,0.0,0.0,2.335005991054324,-0.2030827710930343
2024-08-09 00:00:00+00:00,4222.972094888352,0.0,60837.99,4222.972094888352,0.0,0.0,2.335005991054324,-0.2030827710930343
2024-08-10 00:00:00+00:00,4222.972094888352,0.0,60923.51,4222.972094888352,0.0,0.0,2.335005991054324,-0.2030827710930343
2024-08-11 00:00:00+00:00,4222.972094888352,0.0,58712.59,4222.972094888352,0.0,0.0,2.335005991054324,-0.2030827710930343
2024-08-12 00:00:00+00:00,4222.972094888352,0.0,59346.64,4222.972094888352,0.0,0.0,2.335005991054324,-0.2030827710930343
2024-08-13 00:00:00+00:00,4222.972094888352,0.0,60587.15,4222.972094888352,0.0,0.0,2.335005991054324,-0.2030827710930343
2024-08-14 00:00:00+00:00,4222.972094888352,0.0,58683.39,4222.972094888352,0.0,0.0,2.335005991054324,-0.2030827710930343
2024-08-15 00:00:00+00:00,4222.972094888352,0.0,57541.06,4222.972094888352,0.0,0.0,2.335005991054324,-0.2030827710930343
2024-08-16 00:00:00+00:00,4222.972094888352,0.0,58874.6,4222.972094888352,0.0,0.0,2.335005991054324,-0.2030827710930343
2024-08-17 00:00:00+00:00,4222.972094888352,0.0,59491.99,4222.972094888352,0.0,0.0,2.335005991054324,-0.2030827710930343
2024-08-18 00:00:00+00:00,4222.972094888352,0.0,58427.35,4222.972094888352,0.0,0.0,2.335005991054324,-0.2030827710930343
2024-08-19 00:00:00+00:00,4222.972094888352,0.0,59438.5,4222.972094888352,0.0,0.0,2.335005991054324,-0.2030827710930343
2024-08-20 00:00:00+00:00,4222.972094888352,0.0,59013.8,4222.972094888352,0.0,0.0,2.335005991054324,-0.2030827710930343
2024-08-21 00:00:00+00:00,4222.972094888352,0.0,61156.03,4222.972094888352,0.0,0.0,2.335005991054324,-0.2030827710930343
2024-08-22 00:00:00+00:00,4222.972094888352,0.0,60375.84,4222.972094888352,0.0,0.0,2.335005991054324,-0.2030827710930343
2024-08-23 00:00:00+00:00,4222.972094888352,0.0,64037.24,4222.972094888352,0.0,0.0,2.335005991054324,-0.2030827710930343
2024-08-24 00:00:00+00:00,0.0,0.06584676383675012,64157.01,4224.531485942016,0.0,0.0003692638782888391,2.3358682244224087,-0.20278849834641288
2024-08-25 00:00:00+00:00,0.0,0.06584676383675012,64220.0,4228.679173596092,0.0,0.0009818100937060148,2.338161603422714,-0.20200578804727076
2024-08-26 00:00:00+00:00,0.0,0.06584676383675012,62834.0,4137.4155589183565,0.0,-0.021582061663033336,2.287699255519508,-0.21922814833637827
2024-08-27 00:00:00+00:00,4191.211504287759,0.0,59415.0,4191.211504287759,60.0,-0.001499499999999765,2.2842688504858573,-0.22039891572794768
2024-08-28 00:00:00+00:00,4191.211504287759,0.0,59034.9,4191.211504287759,0.0,0.0,2.2842688504858573,-0.22039891572794768
2024-08-29 00:00:00+00:00,4191.211504287759,0.0,59359.01,4191.211504287759,0.0,0.0,2.2842688504858573,-0.22039891572794768
2024-08-30 00:00:00+00:00,4191.211504287759,0.0,59123.99,4191.211504287759,0.0,0.0,2.2842688504858573,-0.22039891572794768
2024-08-31 00:00:00+00:00,4191.211504287759,0.0,58973.99,4191.211504287759,0.0,0.0,2.2842688504858573,-0.22039891572794768
2024-09-01 00:00:00+00:00,4191.211504287759,0.0,57301.86,4191.211504287759,0.0,0.0,2.2842688504858573,-0.22039891572794768
2024-09-02 00:00:00+00:00,4191.211504287759,0.0,59132.13,4191.211504287759,0.0,0.0,2.2842688504858573,-0.22039891572794768
2024-09-03 00:00:00+00:00,4191.211504287759,0.0,57487.73,4191.211504287759,0.0,0.0,2.2842688504858573,-0.22039891572794768
2024-09-04 00:00:00+00:00,4191.211504287759,0.0,57970.9,4191.211504287759,0.0,0.0,2.2842688504858573,-0.22039891572794768
2024-09-05 00:00:00+00:00,4191.211504287759,0.0,56180.0,4191.211504287759,0.0,0.0,2.2842688504858573,-0.22039891572794768
2024-09-06 00:00:00+00:00,4191.211504287759,0.0,53962.97,4191.211504287759,0.0,0.0,2.2842688504858573,-0.22039891572794768
2024-09-07 00:00:00+00:00,4191.211504287759,0.0,54160.86,4191.211504287759,0.0,0.0,2.2842688504858573,-0.22039891572794768
2024-09-08 00:00:00+00:00,4191.211504287759,0.0,54869.95,4191.211504287759,0.0,0.0,2.2842688504858573,-0.22039891572794768
2024-09-09 00:00:00+00:00,4191.211504287759,0.0,57042.0,4191.211504287759,0.0,0.0,2.2842688504858573,-0.22039891572794768
2024-09-10 00:00:00+00:00,4191.211504287759,0.0,57635.99,4191.211504287759,0.0,0.0,2.2842688504858573,-0.22039891572794768
2024-09-11 00:00:00+00:00,4191.211504287759,0.0,57338.0,4191.211504287759,0.0,0.0,2.2842688504858573,-0.22039891572794768
2024-09-12 00:00:00+00:00,4191.211504287759,0.0,58132.32,4191.211504287759,0.0,0.0,2.2842688504858573,-0.22039891572794768
2024-09-13 00:00:00+00:00,4191.211504287759,0.0,60498.0,4191.211504287759,0.0,0.0,2.2842688504858573,-0.22039891572794768
2024-09-14 00:00:00+00:00,4191.211504287759,0.0,59993.03,4191.211504287759,0.0,0.0,2.2842688504858573,-0.22039891572794768
2024-09-15 00:00:00+00:00,4191.211504287759,0.0,59132.0,4191.211504287759,0.0,0.0,2.2842688504858573,-0.22039891572794768
2024-09-16 00:00:00+00:00,4191.211504287759,0.0,58213.99,4191.211504287759,0.0,0.0,2.2842688504858573,-0.22039891572794768
2024-09-17 00:00:00+00:00,4191.211504287759,0.0,60313.99,4191.211504287759,0.0,0.0,2.2842688504858573,-0.22039891572794768
2024-09-18 00:00:00+00:00,4191.211504287759,0.0,61759.99,4191.211504287759,0.0,0.0,2.2842688504858573,-0.22039891572794768
2024-09-19 00:00:00+00:00,4191.211504287759,0.0,62947.99,4191.211504287759,0.0,0.0,2.2842688504858573,-0.22039891572794768
2024-09-20 00:00:00+00:00,4191.211504287759,0.0,63201.05,4191.211504287759,0.0,0.0,2.2842688504858573,-0.22039891572794768
2024-09-21 00:00:00+00:00,4191.211504287759,0.0,63348.96,4191.211504287759,0.0,0.0,2.2842688504858573,-0.22039891572794768
2024-09-22 00:00:00+00:00,4191.211504287759,0.0,63578.76,4191.211504287759,0.0,0.0,2.2842688504858573,-0.22039891572794768
2024-09-23 00:00:00+00:00,4191.211504287759,0.0,63339.99,4191.211504287759,0.0,0.0,2.2842688504858573,-0.22039891572794768
2024-09-24 00:00:00+00:00,4191.211504287759,0.0,64262.7,4191.211504287759,0.0,0.0,2.2842688504858573,-0.22039891572794768
2024-09-25 00:00:00+00:00,9.094947017729282e-13,0.0651222562046265,63152.01,4112.601375057136,0.0,-0.018755944230016253,2.241425231319781,-0.23502107018621454
2024-09-26 00:00:00+00:00,4106.434529295238,0.0,65173.99,4106.434529295238,0.0,-0.001499499999999987,2.238064214185417,-0.23616815609147035
2024-09-27 00:00:00+00:00,0.0,0.06383209254117665,65769.95,4198.2335348285615,60.0,0.007743702062329438,2.2553951166564303,-0.23025326986652295
2024-09-28 00:00:00+00:00,0.0,0.06383209254117665,65858.0,4203.853950576812,0.0,0.0013387572896133015,2.2584145433098124,-0.2292227658204007
2024-09-29 00:00:00+00:00,0.0,0.06383209254117665,65602.01,4187.513573207196,0.0,-0.003886999301527694,2.2496360875574073,-0.23221877639129018
2024-09-30 00:00:00+00:00,0.0,0.06383209254117665,63327.59,4042.332585289693,0.0,-0.03466997428889751,2.171641262242416,-0.2588377316733025
2024-10-01 00:00:00+00:00,4036.2717449418146,0.0,60805.78,4036.2717449418146,0.0,-0.0014993423277277484,2.168385228577296,-0.2599489876339194
2024-10-02 00:00:00+00:00,4036.2717449418146,0.0,60649.28,4036.2717449418146,0.0,0.0,2.168385228577296,-0.2599489876339194
2024-10-03 00:00:00+00:00,4036.2717449418146,0.0,60752.71,4036.2717449418146,0.0,0.0,2.168385228577296,-0.2599489876339194
2024-10-04 00:00:00+00:00,4036.2717449418146,0.0,62086.0,4036.2717449418146,0.0,0.0,2.168385228577296,-0.2599489876339194
2024-10-05 00:00:00+00:00,4036.2717449418146,0.0,62058.0,4036.2717449418146,0.0,0.0,2.168385228577296,-0.2599489876339194
2024-10-06 00:00:00+00:00,4036.2717449418146,0.0,62819.91,4036.2717449418146,0.0,0.0,2.168385228577296,-0.2599489876339194
2024-10-07 00:00:00+00:00,4036.2717449418146,0.0,62224.0,4036.2717449418146,0.0,0.0,2.168385228577296,-0.2599489876339194
2024-10-08 00:00:00+00:00,4036.2717449418146,0.0,62160.49,4036.2717449418146,0.0,0.0,2.168385228577296,-0.2599489876339194
2024-10-09 00:00:00+00:00,4036.2717449418146,0.0,60636.02,4036.2717449418146,0.0,0.0,2.168385228577296,-0.2599489876339194
2024-10-10 00:00:00+00:00,4036.2717449418146,0.0,60326.39,4036.2717449418146,0.0,0.0,2.168385228577296,-0.2599489876339194
2024-10-11 00:00:00+00:00,4036.2717449418146,0.0,62540.0,4036.2717449418146,0.0,0.0,2.168385228577296,-0.2599489876339194
2024-10-12 00:00:00+00:00,4036.2717449418146,0.0,63206.22,4036.2717449418146,0.0,0.0,2.168385228577296,-0.2599489876339194
2024-10-13 00:00:00+00:00,4036.2717449418146,0.0,62870.02,4036.2717449418146,0.0,0.0,2.168385228577296,-0.2599489876339194
2024-10-14 00:00:00+00:00,4036.2717449418146,0.0,66083.99,4036.2717449418146,0.0,0.0,2.168385228577296,-0.2599489876339194
2024-10-15 00:00:00+00:00,4.547473508864641e-13,0.06098638692027962,67074.14,4090.6094543850045,0.0,0.01346235161477538,2.1975767929606884,-0.24998616069257673
2024-10-16 00:00:00+00:00,4.547473508864641e-13,0.06098638692027962,67620.01,4123.900093413176,0.0,0.00813830784859837,2.215461349422738,-0.24388231717758369
2024-10-17 00:00:00+00:00,4.547473508864641e-13,0.06098638692027962,67421.78,4111.81076193397,0.0,-0.0029315286998625734,2.208966660893469,-0.2460988978652512
2024-10-18 00:00:00+00:00,4.547473508864641e-13,0.06098638692027962,68428.0,4173.1764841808945,0.0,0.014924257413554187,2.2419338479586024,-0.2348474837526301
2024-10-19 00:00:00+00:00,4.547473508864641e-13,0.06098638692027962,68378.0,4170.127164834881,0.0,-0.0007306950371192,2.2402956780223495,-0.23540657689889122
2024-10-20 00:00:00+00:00,4.547473508864641e-13,0.06098638692027962,69031.99,4210.011652016874,0.0,0.009564333557576798,2.261722613154553,-0.2280937503644227
2024-10-21 00:00:00+00:00,4.547473508864641e-13,0.06098638692027962,67377.5,4109.1102847211405,0.0,-0.023967004283086735,2.207515897597924,-0.24659403075558006
2024-10-22 00:00:00+00:00,4.547473508864641e-13,0.06098638692027962,67426.0,4112.068124486774,0.0,0.0007198248673518926,2.2091049224360897,-0.24605171040370644
2024-10-23 00:00:00+00:00,4.547473508864641e-13,0.06098638692027962,66668.65,4065.8800843527,0.0,-0.011232313944175787,2.1842915624116634,-0.25452029429012646
2024-10-24 00:00:00+00:00,4.547473508864641e-13,0.06098638692027962,68198.28,4159.166691377568,0.0,0.02294376742291937,2.2344074400034817,-0.2374161813038127
2024-10-25 00:00:00+00:00,4.547473508864641e-13,0.06098638692027962,66698.33,4067.6901603164943,0.0,-0.02199395644582247,2.1852639800858236,-0.25418841659850566
2024-10-26 00:00:00+00:00,4.547473508864641e-13,0.06098638692027962,67092.76,4091.74502090946,0.0,0.005913641316056983,2.1981868474449504,-0.24977795440490858
2024-10-27 00:00:00+00:00,7.105427357601002e-15,0.06187933132870188,68021.7,4209.13731184156,60.0,0.01402636054759454,2.2290194087181936,-0.23925506950263786
2024-10-28 00:00:00+00:00,7.105427357601002e-15,0.06187933132870188,69962.21,4329.214773078221,0.0,0.028527808037729363,2.2926084465224794,-0.21755268415973328
2024-10-29 00:00:00+00:00,7.105427357601002e-15,0.06187933132870188,72736.42,4500.8810328436175,0.0,0.03965297837218085,2.383517199668314,-0.18652631766734828
2024-10-30 00:00:00+00:00,7.105427357601002e-15,0.06187933132870188,72344.74,4476.644136348792,0.0,-0.00538492271134583,2.370682143766937,-0.1909068105744235
2024-10-31 00:00:00+00:00,7.105427357601002e-15,0.06187933132870188,70292.01,4349.622576550426,0.0,-0.028374281253896294,2.3034157418561043,-0.21386424829179673
2024-11-01 00:00:00+00:00,7.105427357601002e-15,0.06187933132870188,69496.01,4300.366628812779,0.0,-0.011324188908526156,2.277331426860453,-0.2227665980518866
2024-11-02 00:00:00+00:00,7.105427357601002e-15,0.06187933132870188,69374.74,4292.862522302547,0.0,-0.0017449922664624085,2.2733575011324096,-0.22412286432752238
2024-11-03 00:00:00+00:00,7.105427357601002e-15,0.06187933132870188,68775.99,4255.812272669487,0.0,-0.008630662976178316,2.2537369187157688,-0.23081919839643417
2024-11-04 00:00:00+00:00,7.105427357601002e-15,0.06187933132870188,67850.01,4198.513249445736,0.0,-0.013463710227944459,2.2233932579121594,-0.24117522582212259
2024-11-05 00:00:00+00:00,7.105427357601002e-15,0.06187933132870188,69372.01,4292.69359172802,0.0,0.022431831623900944,2.2732680411073614,-0.22415339625571973
2024-11-06 00:00:00+00:00,7.105427357601002e-15,0.06187933132870188,75571.99,4676.344208379345,0.0,0.08937293297397608,2.4764366733771315,-0.15481370974119524
2024-11-07 00:00:00+00:00,7.105427357601002e-15,0.06187933132870188,75857.89,4694.035509206221,0.0,0.0037831476979763856,2.4858053990772024,-0.15161624517284145
2024-11-08 00:00:00+00:00,7.105427357601002e-15,0.06187933132870188,76509.78,4734.374026506089,0.0,0.008593568843003663,2.5071673389044826,-0.14432560097044833
2024-11-09 00:00:00+00:00,7.105427357601002e-15,0.06187933132870188,76677.46,4744.749952783286,0.0,0.0021916152418686163,2.512662085058341,-0.14245029191545833
2024-11-10 00:00:00+00:00,7.105427357601002e-15,0.06187933132870188,80370.01,4973.242477681083,0.0,0.048156915995912986,2.633664142014611,-0.10115334266091136
2024-11-11 00:00:00+00:00,7.105427357601002e-15,0.06187933132870188,88647.99,5485.478344833451,0.0,0.10299836966550102,2.9049272548886065,-0.00857360237570004
2024-11-12 00:00:00+00:00,7.105427357601002e-15,0.06187933132870188,87952.01,5442.411567815301,0.0,-0.00785105223479965,2.882120519272183,-0.01635734281040757
2024-11-13 00:00:00+00:00,7.105427357601002e-15,0.06187933132870188,90375.2,5592.356944697698,0.0,0.027551274837266382,2.961526613812776,0.0
2024-11-14 00:00:00+00:00,7.105427357601002e-15,0.06187933132870188,87325.59,5403.649117084376,0.0,-0.03374388106471682,2.861593211986284,-0.03374388106471682
2024-11-15 00:00:00+00:00,7.105427357601002e-15,0.06187933132870188,91032.07,5633.0036210675835,0.0,0.04244437398018164,2.983051744454979,0.0
2024-11-16 00:00:00+00:00,7.105427357601002e-15,0.06187933132870188,90586.92,5605.458036726611,0.0,-0.004890034907478413,2.96846451729378,-0.004890034907478413
2024-11-17 00:00:00+00:00,7.105427357601002e-15,0.06187933132870188,89855.99,5560.228577078523,0.0,-0.008068824947354392,2.944512496741303,-0.012919403019178044
2024-11-18 00:00:00+00:00,7.105427357601002e-15,0.06187933132870188,90464.08,5597.856779666194,0.0,0.006767384122082554,2.964439143859024,-0.006239449459954249
2024-11-19 00:00:00+00:00,7.105427357601002e-15,0.06187933132870188,92310.79,5712.12995962422,0.0,0.020413737695668566,3.0249544269565343,0.0
2024-11-20 00:00:00+00:00,7.105427357601002e-15,0.06187933132870188,94286.56,5834.389286083529,0.0,0.02140345673566446,3.089698908161255,0.0
2024-11-21 00:00:00+00:00,7.105427357601002e-15,0.06187933132870188,98317.12,6083.797643763742,0.0,0.04274798019993509,3.2217772959110933,0.0
2024-11-22 00:00:00+00:00,7.105427357601002e-15,0.06187933132870188,98892.0,6119.3708337579865,0.0,0.0058472013826280644,3.2406156765702643,0.0
2024-11-23 00:00:00+00:00,7.105427357601002e-15,0.06187933132870188,97672.4,6043.902801269502,0.0,-0.012332645714516866,3.200650311534214,-0.012332645714516866
2024-11-24 00:00:00+00:00,7.105427357601002e-15,0.06187933132870188,97900.04,6057.989012253167,0.0,0.002330648166728677,3.208109901315131,-0.01003074060591358
2024-11-25 00:00:00+00:00,7.105427357601002e-15,0.06187933132870188,93010.01,5755.397225675875,0.0,-0.04994921350389636,3.0478673349103773,-0.05947892650568298
2024-11-26 00:00:00+00:00,7.105427357601002e-15,0.06187933132870188,91965.16,5690.742606337081,0.0,-0.011233737099909935,3.013628394554591,-0.07004449298224324
2024-11-27 00:00:00+00:00,-7.105427357601002e-15,0.06253077481977629,95863.11,5994.394544933444,60.0,0.04281549095631876,3.1426583738273486,-0.03022799138174559
2024-11-28 00:00:00+00:00,-7.105427357601002e-15,0.06253077481977629,95643.98,5980.692176247187,0.0,-0.002285863665387078,3.135474685237892,-0.03244475797995561
2024-11-29 00:00:00+00:00,-7.105427357601002e-15,0.06253077481977629,97460.0,6094.2493139353965,0.0,0.018987290156683212,3.195008852865439,-0.01407350585710121
2024-11-30 00:00:00+00:00,-7.105427357601002e-15,0.06253077481977629,96407.99,6028.466313517244,0.0,-0.010794274574184248,3.1605210500406598,-0.02471586714484253
2024-12-01 00:00:00+00:00,-7.105427357601002e-15,0.06253077481977629,97185.18,6077.064606399425,0.0,0.008061468764155144,3.1859994917640173,-0.016853644571654502
2024-12-02 00:00:00+00:00,-7.105427357601002e-15,0.06253077481977629,95840.62,5992.9882278077475,0.0,-0.013835031225954308,3.1419210893095877,-0.030455505098688773
2024-12-03 00:00:00+00:00,-7.105427357601002e-15,0.06253077481977629,95849.69,5993.555381935363,0.0,9.463628261174861e-05,3.142218429041739,-0.030363751011864726
2024-12-04 00:00:00+00:00,-7.105427357601002e-15,0.06253077481977629,98587.32,6164.7415070052275,0.0,0.028561699051921963,3.2319655261674325,-0.002669292278431157
2024-12-05 00:00:00+00:00,-7.105427357601002e-15,0.06253077481977629,96945.63,6062.085359291349,0.0,-0.016652141472148774,3.178146378992585,-0.019276984317928902
2024-12-06 00:00:00+00:00,-7.105427357601002e-15,0.06253077481977629,99740.84,6236.872006375335,0.0,0.028832759145512643,3.269781108067261,0.0
2024-12-07 00:00:00+00:00,-7.105427357601002e-15,0.06253077481977629,99831.99,6242.571686500159,0.0,0.0009138683812970338,3.272769257635686,0.0
2024-12-08 00:00:00+00:00,-7.105427357601002e-15,0.06253077481977629,101109.59,6322.461004409904,0.0,0.012797501081566853,3.3146525257499975,0.0
2024-12-09 00:00:00+00:00,-7.105427357601002e-15,0.06253077481977629,97276.47,6082.773040832723,0.0,-0.03791054834660079,3.1889922309203698,-0.03791054834660079
2024-12-10 00:00:00+00:00,-7.105427357601002e-15,0.06253077481977629,96593.0,6040.03513216665,0.0,-0.007026056763778654,3.166586190486674,-0.04467024344575021
2024-12-11 00:00:00+00:00,-7.105427357601002e-15,0.06253077481977629,101125.0,6323.424603649877,0.0,0.04691851376393741,3.3151577082497172,0.0
2024-12-12 00:00:00+00:00,-7.105427357601002e-15,0.06253077481977629,100004.29,6253.345739001605,0.0,-0.01108242274412874,3.278417729063437,-0.01108242274412874
2024-12-13 00:00:00+00:00,-7.105427357601002e-15,0.06253077481977629,101424.25,6342.136938014695,0.0,0.014198990863292238,3.3249679524444637,0.0
2024-12-14 00:00:00+00:00,-7.105427357601002e-15,0.06253077481977629,101420.0,6341.871182221711,0.0,-4.19031937628489e-05,3.324828625668097,-4.190319376295992e-05
2024-12-15 00:00:00+00:00,-7.105427357601002e-15,0.06253077481977629,104463.99,6532.214235465362,0.0,0.030013705383553635,3.424619052489705,0.0
2024-12-16 00:00:00+00:00,-7.105427357601002e-15,0.06253077481977629,106058.66,6631.930186147215,0.0,0.01526526030644626,3.4768967537763755,0.0
2024-12-17 00:00:00+00:00,-7.105427357601002e-15,0.06253077481977629,106133.74,6636.624996720683,0.0,0.0007079101319966696,3.47935808421628,0.0
2024-12-18 00:00:00+00:00,-7.105427357601002e-15,0.06253077481977629,100204.01,6265.834385348611,0.0,-0.05587035753192149,3.2849651040695353,-0.05587035753192149
2024-12-19 00:00:00+00:00,-7.105427357601002e-15,0.06253077481977629,97461.86,6094.365621176562,0.0,-0.027365671293993032,3.1950698288193307,-0.0817070989866181
2024-12-20 00:00:00+00:00,-7.105427357601002e-15,0.06253077481977629,97805.44,6115.849944789141,0.0,0.0035252764517319513,3.206333333248507,-0.07846986264688294
2024-12-21 00:00:00+00:00,-7.105427357601002e-15,0.06253077481977629,97291.99,6083.743518457926,0.0,-0.005249707991702768,3.189501019524889,-0.08330762677354053
2024-12-22 00:00:00+00:00,-7.105427357601002e-15,0.06253077481977629,95186.27,5952.071215304427,0.0,-0.02164330280426996,3.1204696831647842,-0.10314787738564568
2024-12-23 00:00:00+00:00,-7.105427357601002e-15,0.06253077481977629,94881.47,5933.011835139359,0.0,-0.003202142493870075,3.110477494591489,-0.10601972567818663
2024-12-24 00:00:00+00:00,-7.105427357601002e-15,0.06253077481977629,98663.58,6169.510103892983,0.0,0.03986141867321402,3.2344655402770104,-0.07038440367785004
2024-12-25 00:00:00+00:00,-7.105427357601002e-15,0.06253077481977629,99429.6,6217.409928020428,0.0,0.0077639591022340415,3.2595777984493064,-0.063166906207206
2024-12-26 00:00:00+00:00,-7.105427357601002e-15,0.06253077481977629,95791.6,5989.922969226082,0.0,-0.03658870195595676,3.140314077879591,-0.09744441305846752
2024-12-27 00:00:00+00:00,0.0,0.06315619609771314,94299.03,5955.568030504134,60.0,-0.01575227915395705,3.09084697389373,-0.11166172061593416
2024-12-28 00:00:00+00:00,0.0,0.06315619609771314,95300.0,6018.785488112062,0.0,0.010614849378620228,3.1236558489739763,-0.10223214358300958
2024-12-29 00:00:00+00:00,0.0,0.06315619609771314,93738.2,5920.148141046654,0.0,-0.01638824763903457,3.072464603381872,-0.11694498553633637
2024-12-30 00:00:00+00:00,0.0,0.06315619609771314,92792.05,5860.392906108803,0.0,-0.010093537106537154,3.0414525678991153,-0.12585813409193902
2024-12-31 00:00:00+00:00,0.0,0.06315619609771314,93576.0,5909.904206039605,0.0,0.008448460832582105,3.067148160793167,-0.11847298077569457
2025-01-01 00:00:00+00:00,0.0,0.06315619609771314,94591.79,5974.0576384737005,0.0,0.010855240659998211,3.100442792218448,-0.10890379283372387
2025-01-02 00:00:00+00:00,0.0,0.06315619609771314,96984.79,6125.190415735528,0.0,0.025298178626284695,3.178878347796567,-0.0863606818116266
2025-01-03 00:00:00+00:00,0.0,0.06315619609771314,98174.18,6200.307763812187,0.0,0.012263675572220967,3.217863080537502,-0.0751561056233393
2025-01-04 00:00:00+00:00,0.0,0.06315619609771314,98220.5,6203.233158815434,0.0,0.0004718144831972193,3.219381314943845,-0.07471975087927585
2025-01-05 00:00:00+00:00,0.0,0.06315619609771314,98363.61,6212.2714420389775,0.0,0.0014570278098766654,3.2240720430503154,-0.07337159182437747
2025-01-06 00:00:00+00:00,0.0,0.06315619609771314,102235.6,6456.811601767362,0.0,0.039364049367443865,3.3509845741171436,-0.03689574541967633
2025-01-07 00:00:00+00:00,0.0,0.06315619609771314,96954.61,6123.284361737299,0.0,-0.05165509861535522,3.1778891354825882,-0.08664499066689113
2025-01-08 00:00:00+00:00,0.0,0.06315619609771314,95060.61,6003.666526328231,0.0,-0.019534914327436148,3.115809343478846,-0.10448730252474803
2025-01-09 00:00:00+00:00,0.0,0.06315619609771314,92552.49,5845.263207771635,0.0,-0.026384429891623817,3.0336004903001617,-0.1281148945083428
2025-01-10 00:00:00+00:00,0.0,0.06315619609771314,94726.11,5982.540778733546,0.0,0.02348526765730452,3.104845409780191,-0.10763843943945406
2025-01-11 00:00:00+00:00,0.0,0.06315619609771314,94599.99,5974.575519281702,0.0,-0.0013314174940785017,3.1007115642852003,-0.10882654523222757
2025-01-12 00:00:00+00:00,0.0,0.06315619609771314,94545.06,5971.106349430054,0.0,-0.0005806554525007446,3.098911119208766,-0.10934400995786242
2025-01-13 00:00:00+00:00,0.0,0.06315619609771314,94536.1,5970.5404699130195,0.0,-9.476962625010188e-05,3.0986174365602164,-0.1094284170931561
2025-01-14 00:00:00+00:00,0.0,0.06315619609771314,96560.86,6098.416609523825,0.0,0.021417849900725816,3.164983159716235,-0.09035428860460559
2025-01-15 00:00:00+00:00,0.0,0.06315619609771314,100497.35,6347.030343900512,0.0,0.04076693186038316,3.294009812527647,-0.05327082387105975
2025-01-16 00:00:00+00:00,0.0,0.06315619609771314,99987.3,6314.817526080873,0.0,-0.005075258203325772,3.2772918622047804,-0.05807571888853591
2025-01-17 00:00:00+00:00,0.0,0.06315619609771314,104077.48,6573.137736235817,0.0,0.04090699518838892,3.4113560246429375,-0.019544426853282615
2025-01-18 00:00:00+00:00,0.0,0.06315619609771314,104556.23,6603.373765117597,0.0,0.0045999384304846735,3.427048052320758,-0.015034391582982143
2025-01-19 00:00:00+00:00,0.0,0.06315619609771314,101331.57,6399.716505809147,0.0,-0.030841395103859193,3.3213531092992223,-0.045412105075884446
2025-01-20 00:00:00+00:00,0.0,0.06315619609771314,102260.01,6458.353244514106,0.0,0.009162396279856155,3.351784662671954,-0.03666579249863611
2025-01-21 00:00:00+00:00,0.0,0.06315619609771314,106143.82,6703.639910480367,0.0,0.03797975376689311,3.4790846188398836,-7.859650250918726e-05
2025-01-22 00:00:00+00:00,0.0,0.06315619609771314,103706.66,6549.718155598864,0.0,-0.022960922265658157,3.399201627351054,-0.0230377141199829
2025-01-23 00:00:00+00:00,0.0,0.06315619609771314,103910.34,6562.5818096200455,0.0,0.0019640011547956693,3.4058776632725545,-0.021118959062322862
2025-01-24 00:00:00+00:00,0.0,0.06315619609771314,104870.5,6623.221862865226,0.0,0.009240273874573157,3.437348905664484,-0.012073830153431553
2025-01-25 00:00:00+00:00,0.0,0.06315619609771314,104746.85,6615.412599217744,0.0,-0.0011790732379458602,3.4332960195603324,-0.013238667461363929
2025-01-26 00:00:00+00:00,0.0,0.06315619609771314,102620.0,6481.0888435473225,0.0,-0.020304667873067395,3.3635840841732354,-0.033274528588546404
2025-01-27 00:00:00+00:00,0.0,0.06374000138956233,102082.83,6506.759726050455,60.0,-0.0052968132864041895,3.345767807306249,-0.03839509290982401
2025-01-28 00:00:00+00:00,0.0,0.06374000138956233,101335.52,6459.126185612022,0.0,-0.0073206238502595555,3.321274699698652,-0.04543464072719494
2025-01-29 00:00:00+00:00,0.0,0.06374000138956233,103733.24,6611.9568617438035,0.0,0.023661199942527578,3.3998600444322804,-0.022848478903230385
2025-01-30 00:00:00+00:00,0.0,0.06374000138956233,104722.94,6675.040341119053,0.0,0.00954081835292131,3.4322974915415636,-0.01352565373716541
2025-01-31 00:00:00+00:00,0.0,0.06374000138956233,102429.56,6528.860296732258,0.0,-0.021899499765762998,3.35713189342952,-0.03512894845207959
2025-02-01 00:00:00+00:00,0.0,0.06374000138956233,100635.65,6414.516470839508,0.0,-0.01751359666096386,3.2983364395103374,-0.052027310878729915
2025-02-02 00:00:00+00:00,0.0,0.06374000138956233,97700.59,6227.435742361059,0.0,-0.029165211334154395,3.202139760200876,-0.07967513469595855
2025-02-03 00:00:00+00:00,0.0,0.06374000138956233,101328.52,6458.680005602295,0.0,0.0371331432082449,3.32104527448923,-0.04550057967451493
2025-02-04 00:00:00+00:00,0.0,0.06374000138956233,97763.13,6231.422042047963,0.0,-0.03518644109279401,3.2041895105719127,-0.07908601730090359
2025-02-05 00:00:00+00:00,0.0,0.06374000138956233,96612.43,6158.076422448993,0.0,-0.011770285996367091,3.166475283645922,-0.08992543825532529
2025-02-06 00:00:00+00:00,0.0,0.06374000138956233,96554.35,6154.374403168288,0.0,-0.0006011648811646841,3.164571709908318,-0.09047254312108766
2025-02-07 00:00:00+00:00,0.0,0.06374000138956233,96506.8,6151.343566102214,0.0,-0.0004924687494660684,3.1630132572357437,-0.09092045697038187
2025-02-08 00:00:00+00:00,0.0,0.06374000138956233,96444.74,6147.387861615978,0.0,-0.0006430634939713631,3.160979238879068,-0.09150505283762034
2025-02-09 00:00:00+00:00,0.0,0.06374000138956233,96462.75,6148.535819041003,0.0,0.00018673905907151678,3.1615695171678806,-0.09133540134601603
2025-02-10 00:00:00+00:00,0.0,0.06374000138956233,97430.82,6210.240602186198,0.0,0.010035687350816946,3.193298040380051,-0.08221632752716912
2025-02-11 00:00:00+00:00,0.0,0.06374000138956233,95778.2,6104.902601089779,0.0,-0.016961983897908373,3.139133370437902,-0.09778375940141648
2025-02-12 00:00:00+00:00,0.0,0.06374000138956233,97869.99,6238.233298596452,0.0,0.021839938524633062,3.20769185026889,-0.07807941217081782
2025-02-13 00:00:00+00:00,0.0,0.06374000138956233,96608.14,6157.802977843032,0.0,-0.012893124848587623,3.1663346787675763,-0.08996584941018271
2025-02-14 00:00:00+00:00,0.0,0.06374000138956233,97500.48,6214.680730682994,0.0,0.009236695789816451,3.1955811489640986,-0.08156014080284057
2025-02-15 00:00:00+00:00,0.0,0.06374000138956233,97569.66,6219.090263979125,0.0,0.0007095349684433927,3.197848525533787,-0.08090847560632797
2025-02-16 00:00:00+00:00,0.0,0.06374000138956233,96118.12,6126.569102362118,0.0,-0.014876960727341015,3.1502742586074355,-0.09458176411956465
2025-02-17 00:00:00+00:00,0.0,0.06374000138956233,95780.0,6105.01733309228,0.0,-0.0035177550289164916,3.139192365491753,-0.09776680367210577
2025-02-18 00:00:00+00:00,0.0,0.06374000138956233,95671.74,6098.116840541847,0.0,-0.0011302986009603666,3.135644140752892,-0.09878659659165523
2025-02-19 00:00:00+00:00,0.0,0.06374000138956233,96644.37,6160.112278093376,0.0,0.01016632497746972,3.167522118101485,-0.08962456825855447
2025-02-20 00:00:00+00:00,0.0,0.06374000138956233,98305.0,6265.960836600925,0.0,0.017182894357943512,3.2219493160332724,-0.0739816833888739
2025-02-21 00:00:00+00:00,0.0,0.06374000138956233,96181.98,6130.639538850856,0.0,-0.02159625654849706,3.152367272017963,-0.09398021252301514
2025-02-22 00:00:00+00:00,0.0,0.06374000138956233,96551.01,6154.161511563646,0.0,0.0038367893861197544,3.164462241308393,-0.09050400541880899
2025-02-23 00:00:00+00:00,0.0,0.06374000138956233,96258.0,6135.485053756491,0.0,-0.00303476887502252,3.1548588297922864,-0.0932641155551216
2025-02-24 00:00:00+00:00,0.0,0.06374000138956233,91552.88,5835.580698418434,0.0,-0.04888030085811046,3.000648381027173,-0.1375856383856322
2025-02-25 00:00:00+00:00,0.0,0.06374000138956233,88680.4,5652.488819226943,0.0,-0.0313750916410277,2.906502763089944,-0.16464396801382142
2025-02-26 00:00:00+00:00,0.0,0.06374000138956233,84250.09,5370.100853670751,0.0,-0.04995816437454037,2.761299220296441,-0.20637682197105067
2025-02-27 00:00:00+00:00,0.0,0.06445109979773751,84708.58,5459.561143304632,60.0,0.005485984423131196,2.776447664806591,-0.20202301757854813
2025-02-28 00:00:00+00:00,0.0,0.06445109979773751,84349.94,5436.446400873171,0.0,-0.0042338096093691435,2.7646927140034228,-0.20540150019477932
2025-03-01 00:00:00+00:00,0.0,0.06445109979773751,86064.53,5546.953612075374,0.0,0.02032710396711601,2.8208909102380986,-0.18924961387712413
2025-03-02 00:00:00+00:00,0.0,0.06445109979773751,94270.0,6075.805177932715,0.0,0.09534090292481712,3.089837196672608,-0.11195194001752506
2025-03-03 00:00:00+00:00,0.0,0.06445109979773751,86220.61,5557.013139731805,0.0,-0.08538654927336375,2.8260066606322503,-0.18777929944833383
2025-03-04 00:00:00+00:00,0.0,0.06445109979773751,87281.98,5625.419603524129,0.0,0.012309933784973248,2.860794615500527,-0.1777809164057581
2025-03-05 00:00:00+00:00,0.0,0.06445109979773751,90606.01,5839.656992784803,0.0,0.038083806073143656,2.9697445628523425,-0.14646768427651713
2025-03-06 00:00:00+00:00,0.0,0.06445109979773751,89931.89,5796.209217389152,0.0,-0.007440124556858829,2.947649293402667,-0.15281807101880396
2025-03-07 00:00:00+00:00,0.0,0.06445109979773751,86801.75,5594.468251868262,0.0,-0.034805673493573885,2.8450543745229298,-0.18230480862857967
2025-03-08 00:00:00+00:00,0.0,0.06445109979773751,86222.45,5557.131729755432,0.0,-0.006673828580645025,2.8260669693247493,-0.18776196616701024
2025-03-09 00:00:00+00:00,0.0,0.06445109979773751,80734.37,5203.418937977465,0.0,-0.0636502442229373,2.646187116536853,-0.23946111538763837
2025-03-10 00:00:00+00:00,5195.62349027006,0.0,78595.86,5195.62349027006,0.0,-0.0014981395502310368,2.642222758960257,-0.2406005087701648
2025-03-11 00:00:00+00:00,5195.62349027006,0.0,82932.99,5195.62349027006,0.0,0.0,2.642222758960257,-0.2406005087701648
2025-03-12 00:00:00+00:00,5195.62349027006,0.0,83680.12,5195.62349027006,0.0,0.0,2.642222758960257,-0.2406005087701648
2025-03-13 00:00:00+00:00,0.0,0.06199607669831288,81115.78,5028.860118323473,0.0,-0.03209689313686559,2.5574156174221154,-0.264974873088359
2025-03-14 00:00:00+00:00,5021.319342576048,0.0,83983.2,5021.319342576048,0.0,-0.001499499999999765,2.5535807727037914,-0.2660770432661629
2025-03-15 00:00:00+00:00,0.0,0.05969999640958839,84338.44,5035.004565190286,0.0,0.0027254236746505622,2.5605403621968508,-0.264076792264511
2025-03-16 00:00:00+00:00,0.0,0.05969999640958839,82574.53,4929.699144523449,0.0,-0.02091466240067985,2.506987524958189,-0.27946837770712407
2025-03-17 00:00:00+00:00,4922.306464551474,0.0,84010.03,4922.306464551474,0.0,-0.0014996209211241007,2.5032279940167648,-0.2805489020022459
2025-03-18 00:00:00+00:00,4922.306464551474,0.0,82715.03,4922.306464551474,0.0,0.0,2.5032279940167648,-0.2805489020022459
2025-03-19 00:00:00+00:00,4922.306464551474,0.0,86845.94,4922.306464551474,0.0,0.0,2.5032279940167648,-0.2805489020022459
2025-03-20 00:00:00+00:00,0.0,0.05659368964868203,84223.39,4766.51239481991,0.0,-0.031650623717465076,2.423999266699115,-0.30331997798808996
2025-03-21 00:00:00+00:00,4759.364444395604,0.0,84088.79,4759.364444395604,0.0,-0.0014996185538244111,2.420364192424316,-0.3043647322751779
2025-03-22 00:00:00+00:00,4759.364444395604,0.0,83840.59,4759.364444395604,0.0,0.0,2.420364192424316,-0.3043647322751779
2025-03-23 00:00:00+00:00,4759.364444395604,0.0,86082.5,4759.364444395604,0.0,0.0,2.420364192424316,-0.3043647322751779
2025-03-24 00:00:00+00:00,0.0,0.055205572766847996,87498.16,4830.386038845309,0.0,0.01492249548851765,2.4564820661663376,-0.29398411813090053
2025-03-25 00:00:00+00:00,0.0,0.055205572766847996,87392.87,4824.573444088687,0.0,-0.0012033395902267818,2.4535260840434376,-0.2948336949928825
2025-03-26 00:00:00+00:00,0.0,0.055205572766847996,86909.17,4797.870508541363,0.0,-0.005534776464029556,2.4399463656195914,-0.29873663286106256
2025-03-27 00:00:00+00:00,0.0,0.05589491435056829,87232.01,4875.825727577916,60.0,0.0037423308954647183,2.4490774522869265,-0.2961122732963608
2025-03-28 00:00:00+00:00,0.0,0.05589491435056829,84424.38,4718.893489199831,0.0,-0.0321857767578666,2.370251992144895,-0.31876744653064637
2025-03-29 00:00:00+00:00,4711.817508412776,0.0,82648.54,4711.817508412776,0.0,-0.001499499999999876,2.3666977992826737,-0.3197889547445737
2025-03-30 00:00:00+00:00,4711.817508412776,0.0,82389.99,4711.817508412776,0.0,0.0,2.3666977992826737,-0.3197889547445737
2025-03-31 00:00:00+00:00,4711.817508412776,0.0,82550.01,4711.817508412776,0.0,0.0,2.3666977992826737,-0.3197889547445737
2025-04-01 00:00:00+00:00,4711.817508412776,0.0,85158.34,4711.817508412776,0.0,0.0,2.3666977992826737,-0.3197889547445737
2025-04-02 00:00:00+00:00,4711.817508412776,0.0,82516.29,4711.817508412776,0.0,0.0,2.3666977992826737,-0.3197889547445737
2025-04-03 00:00:00+00:00,4711.817508412776,0.0,83213.09,4711.817508412776,0.0,0.0,2.3666977992826737,-0.3197889547445737
2025-04-04 00:00:00+00:00,4711.817508412776,0.0,83889.87,4711.817508412776,0.0,0.0,2.3666977992826737,-0.3197889547445737
2025-04-05 00:00:00+00:00,4711.817508412776,0.0,83537.99,4711.817508412776,0.0,0.0,2.3666977992826737,-0.3197889547445737
2025-04-06 00:00:00+00:00,4711.817508412776,0.0,78430.0,4711.817508412776,0.0,0.0,2.3666977992826737,-0.3197889547445737
2025-04-07 00:00:00+00:00,4711.817508412776,0.0,79163.24,4711.817508412776,0.0,0.0,2.3666977992826737,-0.3197889547445737
2025-04-08 00:00:00+00:00,4711.817508412776,0.0,76322.42,4711.817508412776,0.0,0.0,2.3666977992826737,-0.3197889547445737
2025-04-09 00:00:00+00:00,4711.817508412776,0.0,82615.22,4711.817508412776,0.0,0.0,2.3666977992826737,-0.3197889547445737
2025-04-10 00:00:00+00:00,4711.817508412776,0.0,79607.3,4711.817508412776,0.0,0.0,2.3666977992826737,-0.3197889547445737
2025-04-11 00:00:00+00:00,4711.817508412776,0.0,83423.84,4711.817508412776,0.0,0.0,2.3666977992826737,-0.3197889547445737
2025-04-12 00:00:00+00:00,4711.817508412776,0.0,85276.9,4711.817508412776,0.0,0.0,2.3666977992826737,-0.3197889547445737
2025-04-13 00:00:00+00:00,4711.817508412776,0.0,83760.0,4711.817508412776,0.0,0.0,2.3666977992826737,-0.3197889547445737
2025-04-14 00:00:00+00:00,4711.817508412776,0.0,84591.58,4711.817508412776,0.0,0.0,2.3666977992826737,-0.3197889547445737
2025-04-15 00:00:00+00:00,4711.817508412776,0.0,83643.99,4711.817508412776,0.0,0.0,2.3666977992826737,-0.3197889547445737
2025-04-16 00:00:00+00:00,4711.817508412776,0.0,84030.38,4711.817508412776,0.0,0.0,2.3666977992826737,-0.3197889547445737
2025-04-17 00:00:00+00:00,4711.817508412776,0.0,84947.91,4711.817508412776,0.0,0.0,2.3666977992826737,-0.3197889547445737
2025-04-18 00:00:00+00:00,4711.817508412776,0.0,84474.69,4711.817508412776,0.0,0.0,2.3666977992826737,-0.3197889547445737
2025-04-19 00:00:00+00:00,4711.817508412776,0.0,85077.01,4711.817508412776,0.0,0.0,2.3666977992826737,-0.3197889547445737
2025-04-20 00:00:00+00:00,4711.817508412776,0.0,85179.24,4711.817508412776,0.0,0.0,2.3666977992826737,-0.3197889547445737
2025-04-21 00:00:00+00:00,4711.817508412776,0.0,87516.23,4711.817508412776,0.0,0.0,2.3666977992826737,-0.3197889547445737
2025-04-22 00:00:00+00:00,4711.817508412776,0.0,93442.99,4711.817508412776,0.0,0.0,2.3666977992826737,-0.3197889547445737
2025-04-23 00:00:00+00:00,0.0,0.05034896699051753,93691.08,4717.249094225937,0.0,0.001152758103102114,2.3694260293483906,-0.3190048359503359
2025-04-24 00:00:00+00:00,0.0,0.05034896699051753,93980.47,4731.819581783323,0.0,0.0030887678955136,2.3767446363986364,-0.3169013999506193
2025-04-25 00:00:00+00:00,0.0,0.05034896699051753,94638.68,4764.959775346151,0.0,0.007003689170739458,2.3933906170701946,-0.31211718968290614
2025-04-26 00:00:00+00:00,0.0,0.05034896699051753,94628.0,4764.422048378693,0.0,-0.0001128502637609552,2.3931205223077754,-0.31219481743948696
2025-04-27 00:00:00+00:00,0.0,0.0509820788061283,93749.3,4779.534200619364,60.0,-0.009421467557561125,2.370573814945519,-0.31867495165290327
2025-04-28 00:00:00+00:00,0.0,0.0509820788061283,95011.18,4843.867466223241,0.0,0.013460153835815225,2.402482103173841,-0.3095042116899571
2025-04-29 00:00:00+00:00,0.0,0.0509820788061283,94256.82,4805.4086252550505,0.0,-0.007939697201950202,2.383407122741536,-0.3149865391683607
2025-04-30 00:00:00+00:00,0.0,0.0509820788061283,94172.0,4801.084325330715,0.0,-0.0008998818334843284,2.381262337969984,-0.3156029703374553
2025-05-01 00:00:00+00:00,0.0,0.0509820788061283,96489.91,4919.256195616227,0.0,0.024613579407891883,2.4398737276166305,-0.29875750970133097
2025-05-02 00:00:00+00:00,0.0,0.0509820788061283,96887.14,4939.507806780386,0.0,0.004116803508263267,2.449918208338202,-0.29587063215712617
2025-05-03 00:00:00+00:00,0.0,0.0509820788061283,95856.42,4886.959558513333,0.0,-0.010638357164841628,2.4238551034132514,-0.30336141186249277
2025-05-04 00:00:00+00:00,0.0,0.0509820788061283,94277.62,4806.469052494218,0.0,-0.016470466975503473,2.3839330779790777,-0.31483537472227296
2025-05-05 00:00:00+00:00,0.0,0.0509820788061283,94733.68,4829.719939354541,0.0,0.0048374152847727725,2.395465152288369,-0.31152094889136883
2025-05-06 00:00:00+00:00,0.0,0.0509820788061283,96834.02,4936.799638754204,0.0,0.022170995574118946,2.4485749995777106,-0.29625668289636586
2025-05-07 00:00:00+00:00,0.0,0.0509820788061283,97030.5,4946.816597598032,0.0,0.0020290389679162857,2.4535432536677195,-0.2948287602825519
2025-05-08 00:00:00+00:00,0.0,0.0509820788061283,103261.6,5264.491028846899,0.0,0.06421795208723058,2.6111047767757007,-0.24954410739708388
2025-05-09 00:00:00+00:00,0.0,0.0509820788061283,102971.99,5249.7261090038555,0.0,-0.002804624371499309,2.603781608682217,-0.25164885428321326
2025-05-10 00:00:00+00:00,0.0,0.0509820788061283,104809.53,5343.407718093268,0.0,0.017845046988020696,2.6502462138356955,-0.23829449292435811
2025-05-11 00:00:00+00:00,0.0,0.0509820788061283,104118.0,5308.152081136466,0.0,-0.006597968715249425,2.6327599722290995,-0.24332020203027638
2025-05-12 00:00:00+00:00,0.0,0.0509820788061283,102791.32,5240.515176825953,0.0,-0.012742081100289848,2.5992131311453597,-0.2529618773829575
2025-05-13 00:00:00+00:00,0.0,0.0509820788061283,104103.72,5307.424057051116,0.0,0.012767615008738131,2.6323988837294805,-0.2434239822365325
2025-05-14 00:00:00+00:00,0.0,0.0509820788061283,103507.82,5277.043836290543,0.0,-0.005724099004339234,2.6173307719001007,-0.2477546982665194
2025-05-15 00:00:00+00:00,0.0,0.0509820788061283,103763.71,5290.089640436244,0.0,0.002472180362797838,2.6238012856373385,-0.24589501220356702
2025-05-16 00:00:00+00:00,0.0,0.0509820788061283,103463.9,5274.804703389378,0.0,-0.002889353127408456,2.616220197186984,-0.24807388780845097
2025-05-17 00:00:00+00:00,0.0,0.0509820788061283,103126.65,5257.610997312011,0.0,-0.00325959102643536,2.607692389309054,-0.250524859416293
2025-05-18 00:00:00+00:00,0.0,0.0509820788061283,106454.26,5427.259472568072,0.0,0.0322672170578604,2.69183536565502,-0.22634138237560808
2025-05-19 00:00:00+00:00,0.0,0.0509820788061283,105573.74,5382.3687325377,0.0,-0.008271345834351629,2.669570264416549,-0.2327405803597058
2025-05-20 00:00:00+00:00,0.0,0.0509820788061283,106849.99,5447.434610614021,0.0,0.012088706907607882,2.701841916912346,-0.2234654061135729
2025-05-21 00:00:00+00:00,0.0,0.0509820788061283,109643.99,5589.8785387983435,0.0,0.02614880918566298,2.772491865647513,-0.2031599511919705
2025-05-22 00:00:00+00:00,0.0,0.0509820788061283,111696.21,5694.504980565856,0.0,0.018717122570968137,2.8243849357238493,-0.18824539832897436
2025-05-23 00:00:00+00:00,0.0,0.0509820788061283,107318.3,5471.3100279397195,0.0,-0.03919479452346675,2.7136837485129783,-0.2200619531449488
2025-05-24 00:00:00+00:00,0.0,0.0509820788061283,107761.91,5493.926187918906,0.0,0.004133591381898505,2.7249010082690295,-0.216838007956054
2025-05-25 00:00:00+00:00,0.0,0.0509820788061283,109004.19,5557.260204778183,0.0,0.011528006509906819,2.7563136848312064,-0.20780971141345983
2025-05-26 00:00:00+00:00,0.0,0.0509820788061283,109434.79,5579.213087912101,0.0,0.003950306864350717,2.767201969700699,-0.20468031667858444
2025-05-27 00:00:00+00:00,7.105427357601002e-15,0.05152952912208467,108938.17,5613.532603521611,60.0,-0.00460288646191509,2.754464853216979,-0.20834108288183917
2025-05-28 00:00:00+00:00,7.105427357601002e-15,0.05152952912208467,107781.78,5553.944371340123,0.0,-0.010615103962183348,2.7252259224399005,-0.21674462458963795
2025-05-29 00:00:00+00:00,7.105427357601002e-15,0.05152952912208467,105589.75,5440.99009761864,0.0,-0.02033766746104959,2.6698011838730857,-0.23267421195181348
2025-05-30 00:00:00+00:00,7.105427357601002e-15,0.05152952912208467,103985.48,5358.322819933953,0.0,-0.015193425498213675,2.6292377584908673,-0.24433251914538168
2025-05-31 00:00:00+00:00,7.105427357601002e-15,0.05152952912208467,104591.88,5389.570326393586,0.0,0.005831583409529939,2.6445703777829923,-0.23992578120090857
2025-06-01 00:00:00+00:00,7.105427357601002e-15,0.05152952912208467,105642.93,5443.730437977352,0.0,0.0100490592577549,2.671145822220637,-0.23228775033590476
2025-06-02 00:00:00+00:00,7.105427357601002e-15,0.05152952912208467,105857.99,5454.812378510348,0.0,0.0020357254385126033,2.676583541720908,-0.23072489897980586
2025-06-03 00:00:00+00:00,7.105427357601002e-15,0.05152952912208467,105376.89,5430.021522049713,0.0,-0.004544767948078343,2.664419090630141,-0.23422107580217721
2025-06-04 00:00:00+00:00,7.105427357601002e-15,0.05152952912208467,104696.86,5394.979896360822,0.0,-0.00645331248625769,2.647224761643954,-0.23916288649541595
2025-06-05 00:00:00+00:00,7.105427357601002e-15,0.05152952912208467,101508.68,5230.694482204373,0.0,-0.030451534076571307,2.56661270660641,-0.2623315437840209
2025-06-06 00:00:00+00:00,7.105427357601002e-15,0.05152952912208467,104288.44,5373.93420607678,0.0,0.02738445618640717,2.636897999817949,-0.24213089426467982
2025-06-07 00:00:00+00:00,7.105427357601002e-15,0.05152952912208467,105552.15,5439.052587323649,0.0,0.012117450409652175,2.668850480566054,-0.2329474529589246
2025-06-08 00:00:00+00:00,7.105427357601002e-15,0.05152952912208467,105734.0,5448.423232194501,0.0,0.0017228450581063814,2.673448496427322,-0.231625940268947
2025-06-09 00:00:00+00:00,7.105427357601002e-15,0.05152952912208467,110263.02,5681.801500179005,0.0,0.042834093101556725,2.787963238225507,-0.19871333425760596
2025-06-10 00:00:00+00:00,7.105427357601002e-15,0.05152952912208467,110274.39,5682.387390925122,0.0,0.00010311707406507331,2.7882507248372335,-0.19863070792114734
2025-06-11 00:00:00+00:00,7.105427357601002e-15,0.05152952912208467,108645.12,5598.431875012384,0.0,-0.014774690660270151,2.7470551828944894,-0.21047069131625207
2025-06-12 00:00:00+00:00,7.105427357601002e-15,0.05152952912208467,105671.73,5445.214488416068,0.0,-0.027367911232460407,2.671874020498363,-0.23207845935173466
2025-06-13 00:00:00+00:00,7.105427357601002e-15,0.05152952912208467,106066.59,5465.5614382852145,0.0,0.003736666372359032,2.6818579223019388,-0.22920899275418416
2025-06-14 00:00:00+00:00,7.105427357601002e-15,0.05152952912208467,105414.64,5431.9667617740715,0.0,-0.0061466103511010894,2.665373586636535,-0.23394674473785693
2025-06-15 00:00:00+00:00,7.105427357601002e-15,0.05152952912208467,105594.01,5441.2096134127,0.0,0.0017015663099546607,2.669908896534999,-0.23264325432707167
2025-06-16 00:00:00+00:00,7.105427357601002e-15,0.05152952912208467,106794.53,5503.071843714345,0.0,0.011369205507016922,2.700263639464718,-0.22391901778832046
2025-06-17 00:00:00+00:00,7.105427357601002e-15,0.05152952912208467,104551.17,5387.472559263026,0.0,-0.02100631933114916,2.6435410391758314,-0.24022162272749092
2025-06-18 00:00:00+00:00,7.105427357601002e-15,0.05152952912208467,104886.78,5404.766384531688,0.0,0.0032100071190019897,2.6520268247309597,-0.23778272872758233
2025-06-19 00:00:00+00:00,7.105427357601002e-15,0.05152952912208467,104658.59,5393.0078612813195,0.0,-0.002175583996381736,2.6462571176131,-0.23944099642472838
2025-06-20 00:00:00+00:00,7.105427357601002e-15,0.05152952912208467,103297.99,5322.896783957812,0.0,-0.013000366238452021,2.611854805923019,-0.24932854201715915
2025-06-21 00:00:00+00:00,7.105427357601002e-15,0.05152952912208467,102120.01,5262.196029242577,0.0,-0.011403706887230025,2.58206997928427,-0.257888979292605
2025-06-22 00:00:00+00:00,7.105427357601002e-15,0.05152952912208467,100963.87,5202.620679443371,0.0,-0.01132138549535966,2.5528373696727975,-0.2662907042383883
2025-06-23 00:00:00+00:00,7.105427357601002e-15,0.05152952912208467,105333.93,5427.807813478628,0.0,0.043283404251441615,2.663332861532532,-0.2345332681868979
2025-06-24 00:00:00+00:00,7.105427357601002e-15,0.05152952912208467,106083.0,5466.407037858108,0.0,0.007111383767794521,2.6822728436122683,-0.22908974049549546
2025-06-25 00:00:00+00:00,7.105427357601002e-15,0.05152952912208467,107340.58,5531.20954309146,0.0,0.01185467982617383,2.7140703293797324,-0.219950846194357
2025-06-26 00:00:00+00:00,7.105427357601002e-15,0.05152952912208467,106947.06,5510.931642791336,0.0,-0.0036660878858676416,2.7041203090238004,-0.22281057494750522
2025-06-27 00:00:00+00:00,0.0,0.05208971380493258,107047.59,5576.078326607762,60.0,0.0009339044920213535,2.706645699127364,-0.22208475425229723
2025-06-28 00:00:00+00:00,0.0,0.05208971380493258,107296.79,5589.059083287952,0.0,0.002327936574751499,2.7129465986452566,-0.2202738168996643
2025-06-29 00:00:00+00:00,0.0,0.05208971380493258,108356.93,5644.281472481113,0.0,0.009880444699231106,2.739751717485138,-0.21256977546699884
2025-06-30 00:00:00+00:00,0.0,0.05208971380493258,107146.5,5581.230520200209,0.0,-0.011170766835125301,2.7091465898629776,-0.2213659749041874
2025-07-01 00:00:00+00:00,0.0,0.05208971380493258,105681.14,5504.900337179013,0.0,-0.013676228341569674,2.6720956824892266,-0.23201475162591323
2025-07-02 00:00:00+00:00,0.0,0.05208971380493258,108849.6,5669.94451178139,0.0,0.02998131927797143,2.752208636287225,-0.2089895406936375
2025-07-03 00:00:00+00:00,0.0,0.05208971380493258,109584.78,5708.2398275765,0.0,0.006754090047184302,2.7707973012453473,-0.20364698482321775
2025-07-04 00:00:00+00:00,0.0,0.05208971380493258,107984.24,5624.868157043154,0.0,-0.014605495398174684,2.7303284340127334,-0.2152781151217048
2025-07-05 00:00:00+00:00,0.0,0.05208971380493258,108198.12,5636.0091050317515,0.0,0.001980659399926976,2.7357362846904487,-0.2137238483440922
2025-07-06 00:00:00+00:00,0.0,0.05208971380493258,109203.84,5688.396771999649,0.0,0.009295170747883663,2.7611654205778273,-0.20641527725946163
2025-07-07 00:00:00+00:00,0.0,0.05208971380493258,108262.94,5639.385560280588,0.0,-0.00861599738617247,2.737375226531339,-0.21325280115630052
2025-07-08 00:00:00+00:00,0.0,0.05208971380493258,108922.98,5673.766854980396,0.0,0.006096638424931022,2.7540640135208645,-0.2084562879531231
2025-07-09 00:00:00+00:00,0.0,0.05208971380493258,111233.99,5794.146704480733,0.0,0.02121691859697572,2.812496765506597,-0.19166216944867642
2025-07-10 00:00:00+00:00,0.0,0.05208971380493258,116010.0,6042.927698510229,0.0,0.04293660597808269,2.933255830941786,-0.1569548865211161
2025-07-11 00:00:00+00:00,0.0,0.05208971380493258,117527.66,6121.982173563423,0.0,0.013082148090681978,2.9716291181100227,-0.14592604549945953
2025-07-12 00:00:00+00:00,0.0,0.05208971380493258,117420.0,6116.374194975184,0.0,-0.000916039679510372,2.9689069879250454,-0.1467084111310184
2025-07-13 00:00:00+00:00,0.0,0.05208971380493258,119086.64,6203.1889955910365,0.0,0.014193834099812674,3.011047161169428,-0.13459693187984656
2025-07-14 00:00:00+00:00,0.0,0.05208971380493258,119841.18,6242.49276824541,0.0,0.006336059191862198,3.0301253342120864,-0.12911368681541802
2025-07-15 00:00:00+00:00,0.0,0.05208971380493258,117758.09,6133.985206315493,0.0,-0.01738208852749945,2.977455427403393,-0.14425150980858004
2025-07-16 00:00:00+00:00,0.0,0.05208971380493258,118630.43,6179.425147256088,0.0,0.007407898684498093,2.999512115547206,-0.13791221169382983
2025-07-17 00:00:00+00:00,0.0,0.05208971380493258,119177.56,6207.924992370181,0.0,0.004612054428193568,3.013346028682136,-0.13393621589228077
2025-07-18 00:00:00+00:00,0.0,0.05208971380493258,117924.84,6142.671166092466,0.0,-0.010511374792368633,2.9816716191955623,-0.14303973692113403
2025-07-19 00:00:00+00:00,0.0,0.05208971380493258,117840.0,6138.251874773256,0.0,-0.0007194412983726473,2.9795264814945273,-0.1436562695254574
2025-07-20 00:00:00+00:00,0.0,0.05208971380493258,117265.12,6108.306540101075,0.0,-0.004878479293958016,2.964990923248757,-0.1478339246830881
2025-07-21 00:00:00+00:00,0.0,0.05208971380493258,117380.36,6114.309358719956,0.0,0.00098273041463659,2.967904710008155,-0.14699647516255265
2025-07-22 00:00:00+00:00,0.0,0.05208971380493258,119954.42,6248.391407436681,0.0,0.021929222231044543,3.0329885519544875,-0.12829077130252797
2025-07-23 00:00:00+00:00,0.0,0.05208971380493258,118755.99,6185.965531721436,0.0,-0.009990711471907443,3.002686838434312,-0.1369997666938434
2025-07-24 00:00:00+00:00,0.0,0.05208971380493258,118340.99,6164.348300492389,0.0,-0.0034945605691131254,2.9921937674073242,-0.14001557328029057
2025-07-25 00:00:00+00:00,0.0,0.05208971380493258,117614.31,6126.49574726462,0.0,-0.0061405604262733116,2.9738200207714414,-0.14529635961821685
2025-07-26 00:00:00+00:00,0.0,0.05208971380493258,117919.99,6142.4185309805125,0.0,0.0025990034716014687,2.9815489893293443,-0.14307498188967416
2025-07-27 00:00:00+00:00,-7.105427357601002e-15,0.05259777104686091,119415.55,6280.991758334972,60.0,0.01279190386623097,3.0196886773733036,-0.13211327943743867
2025-07-28 00:00:00+00:00,-7.105427357601002e-15,0.05259777104686091,118062.32,6209.814876621228,0.0,-0.011332108758030257,2.985469236865917,-0.14194826614450373
2025-07-29 00:00:00+00:00,-7.105427357601002e-15,0.05259777104686091,117950.76,6203.94706928324,0.0,-0.0009449246804569267,2.9826481933012574,-0.1427590604049327
2025-07-30 00:00:00+00:00,-7.105427357601002e-15,0.05259777104686091,117840.3,6198.1371194934045,0.0,-0.000936492482117024,2.979854965691431,-0.14356186010022642
2025-07-31 00:00:00+00:00,-7.105427357601002e-15,0.05259777104686091,115764.08,6088.932575290491,0.0,-0.01761893002648507,2.9273531095618393,-0.15865138375913357
2025-08-01 00:00:00+00:00,-7.105427357601002e-15,0.05259777104686091,113297.93,5959.218582223274,0.0,-0.021303240176054672,2.864991003188723,-0.17657483540270402
2025-08-02 00:00:00+00:00,-7.105427357601002e-15,0.05259777104686091,112546.35,5919.687149459875,0.0,-0.006633660473761349,2.845985625613188,-0.18203715837019352
2025-08-03 00:00:00+00:00,-7.105427357601002e-15,0.05259777104686091,114208.8,6007.128313936729,0.0,0.01477124757933046,2.888024383896336,-0.169954826725787
2025-08-04 00:00:00+00:00,-7.105427357601002e-15,0.05259777104686091,115055.03,6051.6381257297135,0.0,0.00740949909288946,2.909423197949059,-0.1638046077673544
2025-08-05 00:00:00+00:00,-7.105427357601002e-15,0.05259777104686091,114129.75,6002.970460135474,0.0,-0.008042064740672261,2.886025428233139,-0.17052934524754115
2025-08-06 00:00:00+00:00,-7.105427357601002e-15,0.05259777104686091,114992.27,6048.337089618813,0.0,0.007557363439418818,2.9078361712897007,-0.16426073404724417
2025-08-07 00:00:00+00:00,-7.105427357601002e-15,0.05259777104686091,117472.01,6178.765886394555,0.0,0.021564406024857208,2.9705419311411583,-0.14623851318532277
2025-08-08 00:00:00+00:00,-7.105427357601002e-15,0.05259777104686091,116674.74,6136.831261472025,0.0,-0.006786893320374632,2.9503811799508037,-0.15203290131737834
2025-08-09 00:00:00+00:00,-7.105427357601002e-15,0.05259777104686091,116462.25,6125.654761102277,0.0,-0.0018212168289384323,2.945007896094094,-0.1535772332678853
2025-08-10 00:00:00+00:00,-7.105427357601002e-15,0.05259777104686091,119294.01,6274.599025241936,0.0,0.024314831629991707,3.016615267236618,-0.13299660620700215
2025-08-11 00:00:00+00:00,-7.105427357601002e-15,0.05259777104686091,118686.0,6242.619054467735,0.0,-0.005096735368355754,3.001240377511371,-0.13741549306863143
2025-08-12 00:00:00+00:00,-7.105427357601002e-15,0.05259777104686091,120134.08,6318.7848347652725,0.0,0.0122009335557689,3.037858311942278,-0.12689115681332608
2025-08-13 00:00:00+00:00,-7.105427357601002e-15,0.05259777104686091,123306.43,6485.643373745782,0.0,0.02640674486373884,3.118078261317926,-0.10383519435302146
2025-08-14 00:00:00+00:00,-7.105427357601002e-15,0.05259777104686091,118295.09,6222.058059787806,0.0,-0.04064135179325201,2.991355345780813,-0.1402565434840516
2025-08-15 00:00:00+00:00,-7.105427357601002e-15,0.05259777104686091,117342.05,6171.930280069306,0.0,-0.008056462867562786,2.9672556025138443,-0.14718303471710248
2025-08-16 00:00:00+00:00,-7.105427357601002e-15,0.05259777104686091,117380.66,6173.961080009425,0.0,0.00032903805583761603,2.968231942528469,-0.1469024254808604
2025-08-17 00:00:00+00:00,-7.105427357601002e-15,0.05259777104686091,117405.01,6175.241835734416,0.0,0.0002074447357851561,2.9688476866195357,-0.14672545487991528
2025-08-18 00:00:00+00:00,-7.105427357601002e-15,0.05259777104686091,116227.05,6113.2837653520555,0.0,-0.010033302667407429,2.9390603392062493,-0.1552866166494996
2025-08-19 00:00:00+00:00,-7.105427357601002e-15,0.05259777104686091,112872.94,5936.865055506069,0.0,-0.028858256318128994,2.8542441826029883,-0.17966357198158223
2025-08-20 00:00:00+00:00,-7.105427357601002e-15,0.05259777104686091,114271.24,6010.412518760895,0.0,0.012388265956393196,2.889603318641562,-0.16950102613757256
2025-08-21 00:00:00+00:00,-7.105427357601002e-15,0.05259777104686091,112500.0,5917.249242771853,0.0,-0.01550031311465605,2.8448135624254687,-0.18237402027384075
2025-08-22 00:00:00+00:00,-7.105427357601002e-15,0.05259777104686091,116935.99,6150.572429158017,0.0,0.03943102222222228,2.9569874692235465,-0.15013419209779233
2025-08-23 00:00:00+00:00,-7.105427357601002e-15,0.05259777104686091,115438.05,6071.784123996083,0.0,-0.012809914210329953,2.9191087134217724,-0.1610209001873123
2025-08-24 00:00:00+00:00,-7.105427357601002e-15,0.05259777104686091,113493.59,5969.509862106303,0.0,-0.01684418612407257,2.8699387029364942,-0.175152820298764
2025-08-25 00:00:00+00:00,-7.105427357601002e-15,0.05259777104686091,110111.98,5791.644713556528,0.0,-0.029795603434520035,2.784427147462418,-0.1997296397592243
2025-08-26 00:00:00+00:00,-7.105427357601002e-15,0.05259777104686091,111763.22,5878.496257019947,0.0,0.01499600679235824,2.8261824358785907,-0.18772878000133064
2025-08-27 00:00:00+00:00,7.105427357601002e-15,0.053133815954010295,111262.01,5911.775162013253,60.0,-0.004545566389496991,2.8133358359874743,-0.1914210127581123
2025-08-28 00:00:00+00:00,7.105427357601002e-15,0.053133815954010295,112566.9,5981.108947113481,0.0,0.011728082208832813,2.8463308699529906,-0.1819379319234048
2025-08-29 00:00:00+00:00,7.105427357601002e-15,0.053133815954010295,108377.4,5758.5048251741555,0.0,-0.037217867774629876,2.740396503992233,-0.21238445780451976
2025-08-30 00:00:00+00:00,7.105427357601002e-15,0.053133815954010295,108816.33,5781.826851010849,0.0,0.004050014117334522,2.7514951485204957,-0.20919460373959597
2025-08-31 00:00:00+00:00,7.105427357601002e-15,0.053133815954010295,108246.35,5751.541638593382,0.0,-0.005238000583184577,2.737082815327916,-0.21333684286639343
2025-09-01 00:00:00+00:00,7.105427357601002e-15,0.053133815954010295,109237.42,5804.200969570923,0.0,0.009155689776144893,2.7621426964766758,-0.20613439904135533
2025-09-02 00:00:00+00:00,7.105427357601002e-15,0.053133815954010295,111240.01,5910.606218062265,0.0,0.018332454208457305,2.812779550977059,-0.19158089426411162
2025-09-03 00:00:00+00:00,7.105427357601002e-15,0.053133815954010295,111705.71,5935.350636152048,0.0,0.004186443348935365,2.824555093220268,-0.1881964934757514
2025-09-04 00:00:00+00:00,7.105427357601002e-15,0.053133815954010295,110730.87,5883.55366700744,0.0,-0.008726859173089796,2.7999055986951014,-0.195280988353409
2025-09-05 00:00:00+00:00,7.105427357601002e-15,0.053133815954010295,110659.99,5879.78754213262,0.0,-0.0006401105671796081,2.798113349534271,-0.19579609749637428
2025-09-06 00:00:00+00:00,7.105427357601002e-15,0.053133815954010295,110187.97,5854.707318326008,0.0,-0.004265498307021276,2.7861780017789792,-0.19922642788100342
2025-09-07 00:00:00+00:00,7.105427357601002e-15,0.053133815954010295,111137.34,5905.150969178267,0.0,0.008615913334277803,2.8101834699761783,-0.1923270321832461
2025-09-08 00:00:00+00:00,7.105427357601002e-15,0.053133815954010295,112065.23,5954.453305663833,0.0,0.008349039125823854,2.833645801717753,-0.18558373897407376
2025-09-09 00:00:00+00:00,7.105427357601002e-15,0.053133815954010295,111546.39,5926.8853565942545,0.0,-0.0046298035528057335,2.820526578317567,-0.18935432627283433
2025-09-10 00:00:00+00:00,7.105427357601002e-15,0.053133815954010295,113960.0,6055.129666119014,0.0,0.02163772399985331,2.881556353953453,-0.17181379892305082
2025-09-11 00:00:00+00:00,7.105427357601002e-15,0.053133815954010295,115482.69,6136.035996334025,0.0,0.013361618111618068,2.9200586095220857,-0.16074789117894883
2025-09-12 00:00:00+00:00,7.105427357601002e-15,0.053133815954010295,116029.42,6165.085847530561,0.0,0.004734302604139318,2.9338830506013855,-0.15677461773462786
2025-09-13 00:00:00+00:00,7.105427357601002e-15,0.053133815954010295,115918.29,6159.181086563592,0.0,-0.0009577743299933328,2.931073052728317,-0.15758223736016053
2025-09-14 00:00:00+00:00,7.105427357601002e-15,0.053133815954010295,115268.01,6124.629228725018,0.0,-0.005609813602322822,2.91463027924772,-0.1623080439838558
2025-09-15 00:00:00+00:00,7.105427357601002e-15,0.053133815954010295,115349.71,6128.970261488461,0.0,0.000708782948538822,2.9166961194909455,-0.1617143022093035
2025-09-16 00:00:00+00:00,7.105427357601002e-15,0.053133815954010295,116788.96,6205.443106100271,0.0,0.012477274541912609,2.9530885377291654,-0.1512547814134101
2025-09-17 00:00:00+00:00,7.105427357601002e-15,0.053133815954010295,116447.59,6187.3048153480495,0.0,-0.0029229646363835293,2.9444567643652735,-0.15373563367263832
2025-09-18 00:00:00+00:00,7.105427357601002e-15,0.053133815954010295,117073.53,6220.563396106303,0.0,0.005375293726559871,2.960284084338893,-0.14918671413330764
2025-09-19 00:00:00+00:00,7.105427357601002e-15,0.053133815954010295,115632.38,6143.989597244181,0.0,-0.012309785141013552,2.923843623304319,-0.1596600428774464
2025-09-20 00:00:00+00:00,7.105427357601002e-15,0.053133815954010295,115685.63,6146.818972943733,0.0,0.0004605111474831336,2.925190085886348,-0.159273056959516
2025-09-21 00:00:00+00:00,7.105427357601002e-15,0.053133815954010295,115232.29,6122.731288819141,0.0,-0.003918723526854739,2.913727074676263,-0.16256763341086933
2025-09-22 00:00:00+00:00,7.105427357601002e-15,0.053133815954010295,112650.99,5985.576969697055,0.0,-0.022400839209218093,2.8484571429768946,-0.18132682120342758
2025-09-23 00:00:00+00:00,7.105427357601002e-15,0.053133815954010295,111998.8,5950.923626270009,0.0,-0.005789474198140687,2.8319660738431205,-0.18606650844878003
2025-09-24 00:00:00+00:00,7.105427357601002e-15,0.053133815954010295,113307.0,6020.433284301044,0.0,0.011680482290881589,2.8650448034170224,-0.17655937271476063
2025-09-25 00:00:00+00:00,7.105427357601002e-15,0.053133815954010295,108994.49,5791.293171661216,0.0,-0.03806040226993912,2.7560000456775717,-0.20789985423464785
2025-09-26 00:00:00+00:00,7.105427357601002e-15,0.053133815954010295,109643.46,5825.77542420089,0.0,0.0059541541962351285,2.772409694914367,-0.2031835678279007
2025-09-27 00:00:00+00:00,0.0,0.05368022432973664,109635.85,5885.277022581357,60.0,-8.555112122277109e-05,2.7721725121564784,-0.20325173636708171
2025-09-28 00:00:00+00:00,0.0,0.05368022432973664,112163.95,6020.985997709364,0.0,0.02305906325348861,2.836096213463877,-0.184879467758863
2025-09-29 00:00:00+00:00,0.0,0.05368022432973664,114311.96,6136.291656371882,0.0,0.01915062727373651,2.890409234960379,-0.16926939826274323
2025-09-30 00:00:00+00:00,0.0,0.05368022432973664,114048.93,6122.172146966431,0.0,-0.002300984079006363,2.8837584493289223,-0.17118089615128407
2025-10-01 00:00:00+00:00,0.0,0.05368022432973664,118594.99,6366.2056675828735,0.0,0.03986061070454583,2.9987068222435673,-0.13814366050827986
2025-10-02 00:00:00+00:00,0.0,0.05368022432973664,120529.35,6470.042546317343,0.0,0.016310638417356582,3.0476176449408428,-0.12408623338712388
2025-10-03 00:00:00+00:00,0.0,0.05368022432973664,122232.0,6561.441180272369,0.0,0.014126434764644369,3.0906696167896786,-0.11171269470361311
2025-10-04 00:00:00+00:00,0.0,0.05368022432973664,122391.0,6569.976335940797,0.0,0.0013008050265068682,3.0946899753624706,-0.11055720611190134
2025-10-05 00:00:00+00:00,0.0,0.05368022432973664,123482.31,6628.558101554082,0.0,0.008916587003946264,3.1222840477780305,-0.1026264120551651
2025-10-06 00:00:00+00:00,0.0,0.05368022432973664,124658.54,6691.698391817447,0.0,0.00952549397561464,3.152025345665298,-0.09407848534932084
2025-10-07 00:00:00+00:00,0.0,0.05368022432973664,121332.95,6513.179974588719,0.0,-0.02667759465175823,3.0679368911615708,-0.1182462923034785
2025-10-08 00:00:00+00:00,0.0,0.05368022432973664,123306.0,6619.093741202506,0.0,0.016261452474369165,3.1178260011115584,-0.10390769629167285
2025-10-09 00:00:00+00:00,0.0,0.05368022432973664,121662.4,6530.864924494151,0.0,-0.013329440578722873,3.0762671246949447,-0.11585210540700386
2025-10-10 00:00:00+00:00,0.0,0.05368022432973664,112774.5,6053.760458673884,0.0,-0.07305379476321361,2.851534137530659,-0.18044246423892807
2025-10-11 00:00:00+00:00,0.0,0.05368022432973664,110644.4,5939.416212829113,0.0,-0.01888813517240151,2.7976739752922626,-0.19592237775594334
2025-10-12 00:00:00+00:00,0.0,0.05368022432973664,114958.8,6171.014172677328,0.0,0.03899338782622519,2.906764761622171,-0.1645686671893919
2025-10-13 00:00:00+00:00,0.0,0.05368022432973664,115166.0,6182.13671515845,0.0,0.0018023848543999854,2.9120038704038222,-0.16306289840824284
2025-10-14 00:00:00+00:00,0.0,0.05368022432973664,113028.14,6067.375910772879,0.0,-0.018563291249153346,2.857947494438854,-0.17859920558231301
2025-10-15 00:00:00+00:00,0.0,0.05368022432973664,110763.28,5945.7977178974315,0.0,-0.020038018850880968,2.8006798886704605,-0.19505845018498313
2025-10-16 00:00:00+00:00,0.0,0.05368022432973664,108194.28,5807.893221594338,0.0,-0.023193607123227156,2.7357220196547143,-0.21372794824855423
2025-10-17 00:00:00+00:00,0.0,0.05368022432973664,106431.68,5713.276458190744,0.0,-0.016291064555353563,2.6911541956270173,-0.2265371570017073
2025-10-18 00:00:00+00:00,5704.709400141688,0.0,107185.01,5704.709400141688,0.0,-0.001499499999999765,2.6871188099106753,-0.22769696453478294
2025-10-19 00:00:00+00:00,5704.709400141688,0.0,108642.78,5704.709400141688,0.0,0.0,2.6871188099106753,-0.22769696453478294
2025-10-20 00:00:00+00:00,9.094947017729282e-13,0.052430201370948455,110532.09,5795.2197366517985,0.0,0.015865897833089004,2.72975236241409,-0.21544368347790732
2025-10-21 00:00:00+00:00,9.094947017729282e-13,0.052430201370948455,108297.67,5678.068646104524,0.0,-0.0202151248565009,2.6745700775805608,-0.23130358737335788
2025-10-22 00:00:00+00:00,9.094947017729282e-13,0.052430201370948455,107567.44,5639.782540157416,0.0,-0.006742804346575593,2.6565359748362294,-0.23648675688561394
2025-10-23 00:00:00+00:00,5631.326209754273,0.0,110078.18,5631.326209754273,0.0,-0.001499407174466616,2.6525527457363314,-0.2376315741201398
2025-10-24 00:00:00+00:00,0.0,0.051080864108618354,111004.89,5670.225701482128,0.0,0.006907696389613527,2.670875774761314,-0.23236536449713419
2025-10-25 00:00:00+00:00,0.0,0.051080864108618354,111646.27,5702.987946104115,0.0,0.00577794365635631,2.686307944501012,-0.2279300148245309
2025-10-26 00:00:00+00:00,0.0,0.051080864108618354,114559.4,5851.793143764853,0.0,0.026092497313165763,2.7564004273252403,-0.20778478081076412
2025-10-27 00:00:00+00:00,-7.105427357601002e-15,0.05160382511974451,114107.65,5888.391215425015,60.0,-0.003999103824230965,2.745377295835212,-0.21095293172343776
2025-10-28 00:00:00+00:00,-7.105427357601002e-15,0.05160382511974451,112898.45,5825.99187009022,0.0,-0.010597010805147522,2.7162845029670395,-0.2193144720317345
2025-10-29 00:00:00+00:00,-7.105427357601002e-15,0.05160382511974451,110021.29,5677.519408608695,0.0,-0.025484495137001573,2.6470613637604634,-0.23920984857276917
2025-10-30 00:00:00+00:00,-7.105427357601002e-15,0.05160382511974451,108322.88,5589.87495598707,0.0,-0.015437103127948992,2.606198404502084,-0.25095424459907933
2025-10-31 00:00:00+00:00,5581.492423226116,0.0,109608.01,5581.492423226116,0.0,-0.001499592178171305,2.60229016975993,-0.25207750775497084
2025-11-01 00:00:00+00:00,9.094947017729282e-13,0.05084600971907549,110098.1,5598.049062651747,0.0,0.0029663463049298677,2.610009463589353,-0.2498589106337259
2025-11-02 00:00:00+00:00,9.094947017729282e-13,0.05084600971907549,110540.68,5620.5524896332145,0.0,0.004019869552698729,2.6205013611642913,-0.24684344130835412
2025-11-03 00:00:00+00:00,9.094947017729282e-13,0.05084600971907549,106583.04,5419.3222877286125,0.0,-0.03580256607793619,2.5266806880238852,-0.27380837876794273
2025-11-04 00:00:00+00:00,5411.196521655826,0.0,101497.22,5411.196521655826,0.0,-0.001499406317130636,2.5228921670388904,-0.2748972350722654
2025-11-05 00:00:00+00:00,5411.196521655826,0.0,103885.16,5411.196521655826,0.0,0.0,2.5228921670388904,-0.2748972350722654
2025-11-06 00:00:00+00:00,5411.196521655826,0.0,101346.04,5411.196521655826,0.0,0.0,2.5228921670388904,-0.2748972350722654
2025-11-07 00:00:00+00:00,5411.196521655826,0.0,103339.08,5411.196521655826,0.0,0.0,2.5228921670388904,-0.2748972350722654
2025-11-08 00:00:00+00:00,5411.196521655826,0.0,102312.94,5411.196521655826,0.0,0.0,2.5228921670388904,-0.2748972350722654
2025-11-09 00:00:00+00:00,5411.196521655826,0.0,104722.96,5411.196521655826,0.0,0.0,2.5228921670388904,-0.2748972350722654
2025-11-10 00:00:00+00:00,5411.196521655826,0.0,106011.13,5411.196521655826,0.0,0.0,2.5228921670388904,-0.2748972350722654
2025-11-11 00:00:00+00:00,5411.196521655826,0.0,103058.99,5411.196521655826,0.0,0.0,2.5228921670388904,-0.2748972350722654
2025-11-12 00:00:00+00:00,5411.196521655826,0.0,101654.37,5411.196521655826,0.0,0.0,2.5228921670388904,-0.2748972350722654
2025-11-13 00:00:00+00:00,5411.196521655826,0.0,99692.02,5411.196521655826,0.0,0.0,2.5228921670388904,-0.2748972350722654
2025-11-14 00:00:00+00:00,5411.196521655826,0.0,94594.0,5411.196521655826,0.0,0.0,2.5228921670388904,-0.2748972350722654
2025-11-15 00:00:00+00:00,5411.196521655826,0.0,95596.24,5411.196521655826,0.0,0.0,2.5228921670388904,-0.2748972350722654
2025-11-16 00:00:00+00:00,5411.196521655826,0.0,94261.44,5411.196521655826,0.0,0.0,2.5228921670388904,-0.2748972350722654
2025-11-17 00:00:00+00:00,5411.196521655826,0.0,92215.14,5411.196521655826,0.0,0.0,2.5228921670388904,-0.2748972350722654
2025-11-18 00:00:00+00:00,5411.196521655826,0.0,92960.83,5411.196521655826,0.0,0.0,2.5228921670388904,-0.2748972350722654
2025-11-19 00:00:00+00:00,5411.196521655826,0.0,91554.96,5411.196521655826,0.0,0.0,2.5228921670388904,-0.2748972350722654
2025-11-20 00:00:00+00:00,5411.196521655826,0.0,86637.23,5411.196521655826,0.0,0.0,2.5228921670388904,-0.2748972350722654
2025-11-21 00:00:00+00:00,5411.196521655826,0.0,85129.43,5411.196521655826,0.0,0.0,2.5228921670388904,-0.2748972350722654
2025-11-22 00:00:00+00:00,5411.196521655826,0.0,84739.74,5411.196521655826,0.0,0.0,2.5228921670388904,-0.2748972350722654
2025-11-23 00:00:00+00:00,5411.196521655826,0.0,86830.0,5411.196521655826,0.0,0.0,2.5228921670388904,-0.2748972350722654
2025-11-24 00:00:00+00:00,5411.196521655826,0.0,88300.01,5411.196521655826,0.0,0.0,2.5228921670388904,-0.2748972350722654
2025-11-25 00:00:00+00:00,5411.196521655826,0.0,87369.96,5411.196521655826,0.0,0.0,2.5228921670388904,-0.2748972350722654
2025-11-26 00:00:00+00:00,5411.196521655826,0.0,90484.02,5411.196521655826,0.0,0.0,2.5228921670388904,-0.2748972350722654
2025-11-27 00:00:00+00:00,5471.196521655826,0.0,91333.95,5471.196521655826,60.0,0.0,2.5228921670388904,-0.2748972350722654
2025-11-28 00:00:00+00:00,5471.196521655826,0.0,90890.7,5471.196521655826,0.0,0.0,2.5228921670388904,-0.2748972350722654
2025-11-29 00:00:00+00:00,5471.196521655826,0.0,90802.44,5471.196521655826,0.0,0.0,2.5228921670388904,-0.2748972350722654
2025-11-30 00:00:00+00:00,5471.196521655826,0.0,90360.0,5471.196521655826,0.0,0.0,2.5228921670388904,-0.2748972350722654
2025-12-01 00:00:00+00:00,5471.196521655826,0.0,86286.01,5471.196521655826,0.0,0.0,2.5228921670388904,-0.2748972350722654
2025-12-02 00:00:00+00:00,5471.196521655826,0.0,91277.88,5471.196521655826,0.0,0.0,2.5228921670388904,-0.2748972350722654
2025-12-03 00:00:00+00:00,5471.196521655826,0.0,93429.95,5471.196521655826,0.0,0.0,2.5228921670388904,-0.2748972350722654
2025-12-04 00:00:00+00:00,5471.196521655826,0.0,92078.06,5471.196521655826,0.0,0.0,2.5228921670388904,-0.2748972350722654
2025-12-05 00:00:00+00:00,5471.196521655826,0.0,89330.04,5471.196521655826,0.0,0.0,2.5228921670388904,-0.2748972350722654
2025-12-06 00:00:00+00:00,5471.196521655826,0.0,89236.79,5471.196521655826,0.0,0.0,2.5228921670388904,-0.2748972350722654
2025-12-07 00:00:00+00:00,5471.196521655826,0.0,90395.31,5471.196521655826,0.0,0.0,2.5228921670388904,-0.2748972350722654
2025-12-08 00:00:00+00:00,5471.196521655826,0.0,90634.34,5471.196521655826,0.0,0.0,2.5228921670388904,-0.2748972350722654
2025-12-09 00:00:00+00:00,5471.196521655826,0.0,92678.8,5471.196521655826,0.0,0.0,2.5228921670388904,-0.2748972350722654
2025-12-10 00:00:00+00:00,5471.196521655826,0.0,92015.37,5471.196521655826,0.0,0.0,2.5228921670388904,-0.2748972350722654
2025-12-11 00:00:00+00:00,5471.196521655826,0.0,92513.38,5471.196521655826,0.0,0.0,2.5228921670388904,-0.2748972350722654
2025-12-12 00:00:00+00:00,5471.196521655826,0.0,90268.42,5471.196521655826,0.0,0.0,2.5228921670388904,-0.2748972350722654
2025-12-13 00:00:00+00:00,5471.196521655826,0.0,90240.01,5471.196521655826,0.0,0.0,2.5228921670388904,-0.2748972350722654
2025-12-14 00:00:00+00:00,5471.196521655826,0.0,88172.17,5471.196521655826,0.0,0.0,2.5228921670388904,-0.2748972350722654
2025-12-15 00:00:00+00:00,5471.196521655826,0.0,86432.08,5471.196521655826,0.0,0.0,2.5228921670388904,-0.2748972350722654
2025-12-16 00:00:00+00:00,5471.196521655826,0.0,87863.42,5471.196521655826,0.0,0.0,2.5228921670388904,-0.2748972350722654
2025-12-17 00:00:00+00:00,5471.196521655826,0.0,86243.22,5471.196521655826,0.0,0.0,2.5228921670388904,-0.2748972350722654
2025-12-18 00:00:00+00:00,5471.196521655826,0.0,85516.41,5471.196521655826,0.0,0.0,2.5228921670388904,-0.2748972350722654
2025-12-19 00:00:00+00:00,5471.196521655826,0.0,88136.94,5471.196521655826,0.0,0.0,2.5228921670388904,-0.2748972350722654
2025-12-20 00:00:00+00:00,5471.196521655826,0.0,88360.9,5471.196521655826,0.0,0.0,2.5228921670388904,-0.2748972350722654
2025-12-21 00:00:00+00:00,5471.196521655826,0.0,88658.86,5471.196521655826,0.0,0.0,2.5228921670388904,-0.2748972350722654
2025-12-22 00:00:00+00:00,5471.196521655826,0.0,88620.79,5471.196521655826,0.0,0.0,2.5228921670388904,-0.2748972350722654
2025-12-23 00:00:00+00:00,5471.196521655826,0.0,87486.0,5471.196521655826,0.0,0.0,2.5228921670388904,-0.2748972350722654
2025-12-24 00:00:00+00:00,5471.196521655826,0.0,87669.45,5471.196521655826,0.0,0.0,2.5228921670388904,-0.2748972350722654
2025-12-25 00:00:00+00:00,5471.196521655826,0.0,87225.27,5471.196521655826,0.0,0.0,2.5228921670388904,-0.2748972350722654
2025-12-26 00:00:00+00:00,5471.196521655826,0.0,87369.56,5471.196521655826,0.0,0.0,2.5228921670388904,-0.2748972350722654
2025-12-27 00:00:00+00:00,5531.196521655826,0.0,87877.01,5531.196521655826,60.0,0.0,2.5228921670388904,-0.2748972350722654
2025-12-28 00:00:00+00:00,5531.196521655826,0.0,87952.71,5531.196521655826,0.0,0.0,2.5228921670388904,-0.2748972350722654
2025-12-29 00:00:00+00:00,5531.196521655826,0.0,87237.13,5531.196521655826,0.0,0.0,2.5228921670388904,-0.2748972350722654
2025-12-30 00:00:00+00:00,5531.196521655826,0.0,88485.49,5531.196521655826,0.0,0.0,2.5228921670388904,-0.2748972350722654
2025-12-31 00:00:00+00:00,5531.196521655826,0.0,87648.22,5531.196521655826,0.0,0.0,2.5228921670388904,-0.2748972350722654
2026-01-01 00:00:00+00:00,5531.196521655826,0.0,88839.04,5531.196521655826,0.0,0.0,2.5228921670388904,-0.2748972350722654
2026-01-02 00:00:00+00:00,5531.196521655826,0.0,89995.13,5531.196521655826,0.0,0.0,2.5228921670388904,-0.2748972350722654
2026-01-03 00:00:00+00:00,5531.196521655826,0.0,90628.01,5531.196521655826,0.0,0.0,2.5228921670388904,-0.2748972350722654
2026-01-04 00:00:00+00:00,5531.196521655826,0.0,91529.73,5531.196521655826,0.0,0.0,2.5228921670388904,-0.2748972350722654
2026-01-05 00:00:00+00:00,5531.196521655826,0.0,93859.71,5531.196521655826,0.0,0.0,2.5228921670388904,-0.2748972350722654
2026-01-06 00:00:00+00:00,5531.196521655826,0.0,93747.97,5531.196521655826,0.0,0.0,2.5228921670388904,-0.2748972350722654
2026-01-07 00:00:00+00:00,5531.196521655826,0.0,91364.16,5531.196521655826,0.0,0.0,2.5228921670388904,-0.2748972350722654
2026-01-08 00:00:00+00:00,5531.196521655826,0.0,91099.99,5531.196521655826,0.0,0.0,2.5228921670388904,-0.2748972350722654
2026-01-09 00:00:00+00:00,5531.196521655826,0.0,90641.28,5531.196521655826,0.0,0.0,2.5228921670388904,-0.2748972350722654
2026-01-10 00:00:00+00:00,5531.196521655826,0.0,90504.7,5531.196521655826,0.0,0.0,2.5228921670388904,-0.2748972350722654
2026-01-11 00:00:00+00:00,5531.196521655826,0.0,91013.65,5531.196521655826,0.0,0.0,2.5228921670388904,-0.2748972350722654
2026-01-12 00:00:00+00:00,5531.196521655826,0.0,91296.2,5531.196521655826,0.0,0.0,2.5228921670388904,-0.2748972350722654
2026-01-13 00:00:00+00:00,5531.196521655826,0.0,95414.0,5531.196521655826,0.0,0.0,2.5228921670388904,-0.2748972350722654
2026-01-14 00:00:00+00:00,5531.196521655826,0.0,96951.78,5531.196521655826,0.0,0.0,2.5228921670388904,-0.2748972350722654
2026-01-15 00:00:00+00:00,5531.196521655826,0.0,95604.8,5531.196521655826,0.0,0.0,2.5228921670388904,-0.2748972350722654
2026-01-16 00:00:00+00:00,5531.196521655826,0.0,95550.94,5531.196521655826,0.0,0.0,2.5228921670388904,-0.2748972350722654
2026-01-17 00:00:00+00:00,5531.196521655826,0.0,95147.77,5531.196521655826,0.0,0.0,2.5228921670388904,-0.2748972350722654
2026-01-18 00:00:00+00:00,5531.196521655826,0.0,93673.14,5531.196521655826,0.0,0.0,2.5228921670388904,-0.2748972350722654
2026-01-19 00:00:00+00:00,5531.196521655826,0.0,92631.0,5531.196521655826,0.0,0.0,2.5228921670388904,-0.2748972350722654
2026-01-20 00:00:00+00:00,5531.196521655826,0.0,88427.66,5531.196521655826,0.0,0.0,2.5228921670388904,-0.2748972350722654
2026-01-21 00:00:00+00:00,5531.196521655826,0.0,89454.73,5531.196521655826,0.0,0.0,2.5228921670388904,-0.2748972350722654
2026-01-22 00:00:00+00:00,5531.196521655826,0.0,89559.67,5531.196521655826,0.0,0.0,2.5228921670388904,-0.2748972350722654
2026-01-23 00:00:00+00:00,5531.196521655826,0.0,89600.26,5531.196521655826,0.0,0.0,2.5228921670388904,-0.2748972350722654
2026-01-24 00:00:00+00:00,5531.196521655826,0.0,89225.34,5531.196521655826,0.0,0.0,2.5228921670388904,-0.2748972350722654
2026-01-25 00:00:00+00:00,5531.196521655826,0.0,86670.36,5531.196521655826,0.0,0.0,2.5228921670388904,-0.2748972350722654
2026-01-26 00:00:00+00:00,5531.196521655826,0.0,88347.08,5531.196521655826,0.0,0.0,2.5228921670388904,-0.2748972350722654
2026-01-27 00:00:00+00:00,5591.196521655826,0.0,89250.0,5591.196521655826,60.0,0.0,2.5228921670388904,-0.2748972350722654
2026-01-28 00:00:00+00:00,5591.196521655826,0.0,89299.99,5591.196521655826,0.0,0.0,2.5228921670388904,-0.2748972350722654
2026-01-29 00:00:00+00:00,5591.196521655826,0.0,84650.16,5591.196521655826,0.0,0.0,2.5228921670388904,-0.2748972350722654
2026-01-30 00:00:00+00:00,5591.196521655826,0.0,84260.49,5591.196521655826,0.0,0.0,2.5228921670388904,-0.2748972350722654
2026-01-31 00:00:00+00:00,5591.196521655826,0.0,78741.09,5591.196521655826,0.0,0.0,2.5228921670388904,-0.2748972350722654
2026-02-01 00:00:00+00:00,5591.196521655826,0.0,76968.21,5591.196521655826,0.0,0.0,2.5228921670388904,-0.2748972350722654
2026-02-02 00:00:00+00:00,5591.196521655826,0.0,78738.61,5591.196521655826,0.0,0.0,2.5228921670388904,-0.2748972350722654
2026-02-03 00:00:00+00:00,5591.196521655826,0.0,75770.21,5591.196521655826,0.0,0.0,2.5228921670388904,-0.2748972350722654
2026-02-04 00:00:00+00:00,5591.196521655826,0.0,73165.83,5591.196521655826,0.0,0.0,2.5228921670388904,-0.2748972350722654
2026-02-05 00:00:00+00:00,5591.196521655826,0.0,62909.86,5591.196521655826,0.0,0.0,2.5228921670388904,-0.2748972350722654
2026-02-06 00:00:00+00:00,5591.196521655826,0.0,70580.26,5591.196521655826,0.0,0.0,2.5228921670388904,-0.2748972350722654
2026-02-07 00:00:00+00:00,5591.196521655826,0.0,69289.38,5591.196521655826,0.0,0.0,2.5228921670388904,-0.2748972350722654
2026-02-08 00:00:00+00:00,5591.196521655826,0.0,70330.38,5591.196521655826,0.0,0.0,2.5228921670388904,-0.2748972350722654
2026-02-09 00:00:00+00:00,5591.196521655826,0.0,70138.0,5591.196521655826,0.0,0.0,2.5228921670388904,-0.2748972350722654
2026-02-10 00:00:00+00:00,5591.196521655826,0.0,68841.29,5591.196521655826,0.0,0.0,2.5228921670388904,-0.2748972350722654
2026-02-11 00:00:00+00:00,5591.196521655826,0.0,67082.52,5591.196521655826,0.0,0.0,2.5228921670388904,-0.2748972350722654
2026-02-12 00:00:00+00:00,5591.196521655826,0.0,66272.17,5591.196521655826,0.0,0.0,2.5228921670388904,-0.2748972350722654
2026-02-13 00:00:00+00:00,5591.196521655826,0.0,68853.96,5591.196521655826,0.0,0.0,2.5228921670388904,-0.2748972350722654
2026-02-14 00:00:00+00:00,5591.196521655826,0.0,69822.95,5591.196521655826,0.0,0.0,2.5228921670388904,-0.2748972350722654
2026-02-15 00:00:00+00:00,5591.196521655826,0.0,68832.58,5591.196521655826,0.0,0.0,2.5228921670388904,-0.2748972350722654
2026-02-16 00:00:00+00:00,5591.196521655826,0.0,68892.43,5591.196521655826,0.0,0.0,2.5228921670388904,-0.2748972350722654
2026-02-17 00:00:00+00:00,5591.196521655826,0.0,67503.52,5591.196521655826,0.0,0.0,2.5228921670388904,-0.2748972350722654
2026-02-18 00:00:00+00:00,5591.196521655826,0.0,66461.0,5591.196521655826,0.0,0.0,2.5228921670388904,-0.2748972350722654
2026-02-19 00:00:00+00:00,5591.196521655826,0.0,67003.73,5591.196521655826,0.0,0.0,2.5228921670388904,-0.2748972350722654
2026-02-20 00:00:00+00:00,5591.196521655826,0.0,68020.01,5591.196521655826,0.0,0.0,2.5228921670388904,-0.2748972350722654
2026-02-21 00:00:00+00:00,5591.196521655826,0.0,67975.93,5591.196521655826,0.0,0.0,2.5228921670388904,-0.2748972350722654
2026-02-22 00:00:00+00:00,5591.196521655826,0.0,67643.4,5591.196521655826,0.0,0.0,2.5228921670388904,-0.2748972350722654
2026-02-23 00:00:00+00:00,5591.196521655826,0.0,64656.02,5591.196521655826,0.0,0.0,2.5228921670388904,-0.2748972350722654
2026-02-24 00:00:00+00:00,5591.196521655826,0.0,64058.15,5591.196521655826,0.0,0.0,2.5228921670388904,-0.2748972350722654
2026-02-25 00:00:00+00:00,5591.196521655826,0.0,67988.04,5591.196521655826,0.0,0.0,2.5228921670388904,-0.2748972350722654
2026-02-26 00:00:00+00:00,5591.196521655826,0.0,67485.18,5591.196521655826,0.0,0.0,2.5228921670388904,-0.2748972350722654
2026-02-27 00:00:00+00:00,5651.196521655826,0.0,65872.1,5651.196521655826,60.0,0.0,2.5228921670388904,-0.2748972350722654
2026-02-28 00:00:00+00:00,5651.196521655826,0.0,66973.26,5651.196521655826,0.0,0.0,2.5228921670388904,-0.2748972350722654
2026-03-01 00:00:00+00:00,5651.196521655826,0.0,65776.47,5651.196521655826,0.0,0.0,2.5228921670388904,-0.2748972350722654
2026-03-02 00:00:00+00:00,5651.196521655826,0.0,68830.06,5651.196521655826,0.0,0.0,2.5228921670388904,-0.2748972350722654
2026-03-03 00:00:00+00:00,5651.196521655826,0.0,68338.0,5651.196521655826,0.0,0.0,2.5228921670388904,-0.2748972350722654
2026-03-04 00:00:00+00:00,5651.196521655826,0.0,72666.77,5651.196521655826,0.0,0.0,2.5228921670388904,-0.2748972350722654
2026-03-05 00:00:00+00:00,5651.196521655826,0.0,70890.72,5651.196521655826,0.0,0.0,2.5228921670388904,-0.2748972350722654
2026-03-06 00:00:00+00:00,5651.196521655826,0.0,68114.02,5651.196521655826,0.0,0.0,2.5228921670388904,-0.2748972350722654
2026-03-07 00:00:00+00:00,5651.196521655826,0.0,67262.91,5651.196521655826,0.0,0.0,2.5228921670388904,-0.2748972350722654
2026-03-08 00:00:00+00:00,5651.196521655826,0.0,65971.2,5651.196521655826,0.0,0.0,2.5228921670388904,-0.2748972350722654
2026-03-09 00:00:00+00:00,5651.196521655826,0.0,68432.16,5651.196521655826,0.0,0.0,2.5228921670388904,-0.2748972350722654
2026-03-10 00:00:00+00:00,5651.196521655826,0.0,69948.63,5651.196521655826,0.0,0.0,2.5228921670388904,-0.2748972350722654
2026-03-11 00:00:00+00:00,5651.196521655826,0.0,70191.86,5651.196521655826,0.0,0.0,2.5228921670388904,-0.2748972350722654
2026-03-12 00:00:00+00:00,5651.196521655826,0.0,70541.34,5651.196521655826,0.0,0.0,2.5228921670388904,-0.2748972350722654
2026-03-13 00:00:00+00:00,5651.196521655826,0.0,70930.0,5651.196521655826,0.0,0.0,2.5228921670388904,-0.2748972350722654
2026-03-14 00:00:00+00:00,5651.196521655826,0.0,71211.95,5651.196521655826,0.0,0.0,2.5228921670388904,-0.2748972350722654
2026-03-15 00:00:00+00:00,5651.196521655826,0.0,72815.24,5651.196521655826,0.0,0.0,2.5228921670388904,-0.2748972350722654
2026-03-16 00:00:00+00:00,5651.196521655826,0.0,74884.67,5651.196521655826,0.0,0.0,2.5228921670388904,-0.2748972350722654
2026-03-17 00:00:00+00:00,5651.196521655826,0.0,73909.36,5651.196521655826,0.0,0.0,2.5228921670388904,-0.2748972350722654
2026-03-18 00:00:00+00:00,5651.196521655826,0.0,71246.54,5651.196521655826,0.0,0.0,2.5228921670388904,-0.2748972350722654
2026-03-19 00:00:00+00:00,5651.196521655826,0.0,69930.0,5651.196521655826,0.0,0.0,2.5228921670388904,-0.2748972350722654
2026-03-20 00:00:00+00:00,5651.196521655826,0.0,70510.73,5651.196521655826,0.0,0.0,2.5228921670388904,-0.2748972350722654
2026-03-21 00:00:00+00:00,5651.196521655826,0.0,68918.12,5651.196521655826,0.0,0.0,2.5228921670388904,-0.2748972350722654
2026-03-22 00:00:00+00:00,5651.196521655826,0.0,67859.0,5651.196521655826,0.0,0.0,2.5228921670388904,-0.2748972350722654
2026-03-23 00:00:00+00:00,5651.196521655826,0.0,70906.45,5651.196521655826,0.0,0.0,2.5228921670388904,-0.2748972350722654
2026-03-24 00:00:00+00:00,5651.196521655826,0.0,70556.74,5651.196521655826,0.0,0.0,2.5228921670388904,-0.2748972350722654
2026-03-25 00:00:00+00:00,5651.196521655826,0.0,71336.53,5651.196521655826,0.0,0.0,2.5228921670388904,-0.2748972350722654
2026-03-26 00:00:00+00:00,5651.196521655826,0.0,68820.31,5651.196521655826,0.0,0.0,2.5228921670388904,-0.2748972350722654
2026-03-27 00:00:00+00:00,5711.196521655826,0.0,66407.28,5711.196521655826,60.0,0.0,2.5228921670388904,-0.2748972350722654
2026-03-28 00:00:00+00:00,5711.196521655826,0.0,66377.03,5711.196521655826,0.0,0.0,2.5228921670388904,-0.2748972350722654
2026-03-29 00:00:00+00:00,5711.196521655826,0.0,66010.93,5711.196521655826,0.0,0.0,2.5228921670388904,-0.2748972350722654
2026-03-30 00:00:00+00:00,5711.196521655826,0.0,66797.37,5711.196521655826,0.0,0.0,2.5228921670388904,-0.2748972350722654
2026-03-31 00:00:00+00:00,5711.196521655826,0.0,68284.48,5711.196521655826,0.0,0.0,2.5228921670388904,-0.2748972350722654
2026-04-01 00:00:00+00:00,5711.196521655826,0.0,68113.92,5711.196521655826,0.0,0.0,2.5228921670388904,-0.2748972350722654
2026-04-02 00:00:00+00:00,5711.196521655826,0.0,66901.99,5711.196521655826,0.0,0.0,2.5228921670388904,-0.2748972350722654
2026-04-03 00:00:00+00:00,5711.196521655826,0.0,66964.3,5711.196521655826,0.0,0.0,2.5228921670388904,-0.2748972350722654
2026-04-04 00:00:00+00:00,5711.196521655826,0.0,67300.42,5711.196521655826,0.0,0.0,2.5228921670388904,-0.2748972350722654
2026-04-05 00:00:00+00:00,5711.196521655826,0.0,69034.18,5711.196521655826,0.0,0.0,2.5228921670388904,-0.2748972350722654
2026-04-06 00:00:00+00:00,5711.196521655826,0.0,68853.66,5711.196521655826,0.0,0.0,2.5228921670388904,-0.2748972350722654
2026-04-07 00:00:00+00:00,5711.196521655826,0.0,71924.22,5711.196521655826,0.0,0.0,2.5228921670388904,-0.2748972350722654
2026-04-08 00:00:00+00:00,5711.196521655826,0.0,71069.93,5711.196521655826,0.0,0.0,2.5228921670388904,-0.2748972350722654
2026-04-09 00:00:00+00:00,5711.196521655826,0.0,71787.97,5711.196521655826,0.0,0.0,2.5228921670388904,-0.2748972350722654
2026-04-10 00:00:00+00:00,5711.196521655826,0.0,72962.7,5711.196521655826,0.0,0.0,2.5228921670388904,-0.2748972350722654
2026-04-11 00:00:00+00:00,5711.196521655826,0.0,73043.16,5711.196521655826,0.0,0.0,2.5228921670388904,-0.2748972350722654
2026-04-12 00:00:00+00:00,5711.196521655826,0.0,70740.98,5711.196521655826,0.0,0.0,2.5228921670388904,-0.2748972350722654
2026-04-13 00:00:00+00:00,5711.196521655826,0.0,74417.99,5711.196521655826,0.0,0.0,2.5228921670388904,-0.2748972350722654
2026-04-14 00:00:00+00:00,5711.196521655826,0.0,74131.55,5711.196521655826,0.0,0.0,2.5228921670388904,-0.2748972350722654
2026-04-15 00:00:00+00:00,5711.196521655826,0.0,74809.99,5711.196521655826,0.0,0.0,2.5228921670388904,-0.2748972350722654
2026-04-16 00:00:00+00:00,5711.196521655826,0.0,75154.29,5711.196521655826,0.0,0.0,2.5228921670388904,-0.2748972350722654
2026-04-17 00:00:00+00:00,5711.196521655826,0.0,77072.0,5711.196521655826,0.0,0.0,2.5228921670388904,-0.2748972350722654
2026-04-18 00:00:00+00:00,5711.196521655826,0.0,75691.76,5711.196521655826,0.0,0.0,2.5228921670388904,-0.2748972350722654
2026-04-19 00:00:00+00:00,5711.196521655826,0.0,73801.79,5711.196521655826,0.0,0.0,2.5228921670388904,-0.2748972350722654
2026-04-20 00:00:00+00:00,5711.196521655826,0.0,75840.97,5711.196521655826,0.0,0.0,2.5228921670388904,-0.2748972350722654
2026-04-21 00:00:00+00:00,5711.196521655826,0.0,76336.15,5711.196521655826,0.0,0.0,2.5228921670388904,-0.2748972350722654
2026-04-22 00:00:00+00:00,5711.196521655826,0.0,78178.23,5711.196521655826,0.0,0.0,2.5228921670388904,-0.2748972350722654
2026-04-23 00:00:00+00:00,5711.196521655826,0.0,78257.48,5711.196521655826,0.0,0.0,2.5228921670388904,-0.2748972350722654
2026-04-24 00:00:00+00:00,5711.196521655826,0.0,77437.13,5711.196521655826,0.0,0.0,2.5228921670388904,-0.2748972350722654
2026-04-25 00:00:00+00:00,5711.196521655826,0.0,77625.0,5711.196521655826,0.0,0.0,2.5228921670388904,-0.2748972350722654
2026-04-26 00:00:00+00:00,5711.196521655826,0.0,78657.55,5711.196521655826,0.0,0.0,2.5228921670388904,-0.2748972350722654
2026-04-27 00:00:00+00:00,5771.196521655826,0.0,77371.32,5771.196521655826,60.0,0.0,2.5228921670388904,-0.2748972350722654
2026-04-28 00:00:00+00:00,5771.196521655826,0.0,76342.77,5771.196521655826,0.0,0.0,2.5228921670388904,-0.2748972350722654
2026-04-29 00:00:00+00:00,5771.196521655826,0.0,75780.0,5771.196521655826,0.0,0.0,2.5228921670388904,-0.2748972350722654
2026-04-30 00:00:00+00:00,5771.196521655826,0.0,76346.57,5771.196521655826,0.0,0.0,2.5228921670388904,-0.2748972350722654
2026-05-01 00:00:00+00:00,5771.196521655826,0.0,78231.13,5771.196521655826,0.0,0.0,2.5228921670388904,-0.2748972350722654
2026-05-02 00:00:00+00:00,5771.196521655826,0.0,78686.85,5771.196521655826,0.0,0.0,2.5228921670388904,-0.2748972350722654
2026-05-03 00:00:00+00:00,5771.196521655826,0.0,78568.57,5771.196521655826,0.0,0.0,2.5228921670388904,-0.2748972350722654
2026-05-04 00:00:00+00:00,5771.196521655826,0.0,79861.01,5771.196521655826,0.0,0.0,2.5228921670388904,-0.2748972350722654
2026-05-05 00:00:00+00:00,5771.196521655826,0.0,80905.52,5771.196521655826,0.0,0.0,2.5228921670388904,-0.2748972350722654
2026-05-06 00:00:00+00:00,5771.196521655826,0.0,81447.01,5771.196521655826,0.0,0.0,2.5228921670388904,-0.2748972350722654
2026-05-07 00:00:00+00:00,5771.196521655826,0.0,80006.0,5771.196521655826,0.0,0.0,2.5228921670388904,-0.2748972350722654
2026-05-08 00:00:00+00:00,5771.196521655826,0.0,80193.17,5771.196521655826,0.0,0.0,2.5228921670388904,-0.2748972350722654
2026-05-09 00:00:00+00:00,5771.196521655826,0.0,80678.4,5771.196521655826,0.0,0.0,2.5228921670388904,-0.2748972350722654
2026-05-10 00:00:00+00:00,5771.196521655826,0.0,82210.07,5771.196521655826,0.0,0.0,2.5228921670388904,-0.2748972350722654
2026-05-11 00:00:00+00:00,5771.196521655826,0.0,81745.65,5771.196521655826,0.0,0.0,2.5228921670388904,-0.2748972350722654
2026-05-12 00:00:00+00:00,5771.196521655826,0.0,80504.47,5771.196521655826,0.0,0.0,2.5228921670388904,-0.2748972350722654
2026-05-13 00:00:00+00:00,5771.196521655826,0.0,79313.61,5771.196521655826,0.0,0.0,2.5228921670388904,-0.2748972350722654
2026-05-14 00:00:00+00:00,5771.196521655826,0.0,81089.99,5771.196521655826,0.0,0.0,2.5228921670388904,-0.2748972350722654
2026-05-15 00:00:00+00:00,5771.196521655826,0.0,79113.21,5771.196521655826,0.0,0.0,2.5228921670388904,-0.2748972350722654
2026-05-16 00:00:00+00:00,5771.196521655826,0.0,78148.05,5771.196521655826,0.0,0.0,2.5228921670388904,-0.2748972350722654
2026-05-17 00:00:00+00:00,5771.196521655826,0.0,77457.67,5771.196521655826,0.0,0.0,2.5228921670388904,-0.2748972350722654
2026-05-18 00:00:00+00:00,5771.196521655826,0.0,77001.87,5771.196521655826,0.0,0.0,2.5228921670388904,-0.2748972350722654
2026-05-19 00:00:00+00:00,5771.196521655826,0.0,76834.36,5771.196521655826,0.0,0.0,2.5228921670388904,-0.2748972350722654
2026-05-20 00:00:00+00:00,5771.196521655826,0.0,77552.23,5771.196521655826,0.0,0.0,2.5228921670388904,-0.2748972350722654
2026-05-21 00:00:00+00:00,5771.196521655826,0.0,77615.52,5771.196521655826,0.0,0.0,2.5228921670388904,-0.2748972350722654
2026-05-22 00:00:00+00:00,5771.196521655826,0.0,75539.5,5771.196521655826,0.0,0.0,2.5228921670388904,-0.2748972350722654
2026-05-23 00:00:00+00:00,5771.196521655826,0.0,76752.01,5771.196521655826,0.0,0.0,2.5228921670388904,-0.2748972350722654
2026-05-24 00:00:00+00:00,5771.196521655826,0.0,77064.96,5771.196521655826,0.0,0.0,2.5228921670388904,-0.2748972350722654
2026-05-25 00:00:00+00:00,5771.196521655826,0.0,77322.01,5771.196521655826,0.0,0.0,2.5228921670388904,-0.2748972350722654
2026-05-26 00:00:00+00:00,5771.196521655826,0.0,75930.01,5771.196521655826,0.0,0.0,2.5228921670388904,-0.2748972350722654
2026-05-27 00:00:00+00:00,5831.196521655826,0.0,74449.3,5831.196521655826,60.0,0.0,2.5228921670388904,-0.2748972350722654
2026-05-28 00:00:00+00:00,5831.196521655826,0.0,73617.51,5831.196521655826,0.0,0.0,2.5228921670388904,-0.2748972350722654
2026-05-29 00:00:00+00:00,5831.196521655826,0.0,73460.78,5831.196521655826,0.0,0.0,2.5228921670388904,-0.2748972350722654
2026-05-30 00:00:00+00:00,5831.196521655826,0.0,73884.38,5831.196521655826,0.0,0.0,2.5228921670388904,-0.2748972350722654
2026-05-31 00:00:00+00:00,5831.196521655826,0.0,73674.39,5831.196521655826,0.0,0.0,2.5228921670388904,-0.2748972350722654
2026-06-01 00:00:00+00:00,5831.196521655826,0.0,71408.9,5831.196521655826,0.0,0.0,2.5228921670388904,-0.2748972350722654
2026-06-02 00:00:00+00:00,5831.196521655826,0.0,66760.83,5831.196521655826,0.0,0.0,2.5228921670388904,-0.2748972350722654
2026-06-03 00:00:00+00:00,5831.196521655826,0.0,64142.75,5831.196521655826,0.0,0.0,2.5228921670388904,-0.2748972350722654
2026-06-04 00:00:00+00:00,5831.196521655826,0.0,63885.99,5831.196521655826,0.0,0.0,2.5228921670388904,-0.2748972350722654
2026-06-05 00:00:00+00:00,5831.196521655826,0.0,61056.47,5831.196521655826,0.0,0.0,2.5228921670388904,-0.2748972350722654
2026-06-06 00:00:00+00:00,5831.196521655826,0.0,60884.62,5831.196521655826,0.0,0.0,2.5228921670388904,-0.2748972350722654
2026-06-07 00:00:00+00:00,5831.196521655826,0.0,63332.01,5831.196521655826,0.0,0.0,2.5228921670388904,-0.2748972350722654
2026-06-08 00:00:00+00:00,5831.196521655826,0.0,63085.99,5831.196521655826,0.0,0.0,2.5228921670388904,-0.2748972350722654
2026-06-09 00:00:00+00:00,5831.196521655826,0.0,61730.0,5831.196521655826,0.0,0.0,2.5228921670388904,-0.2748972350722654
2026-06-10 00:00:00+00:00,5831.196521655826,0.0,61510.99,5831.196521655826,0.0,0.0,2.5228921670388904,-0.2748972350722654
2026-06-11 00:00:00+00:00,5831.196521655826,0.0,63625.99,5831.196521655826,0.0,0.0,2.5228921670388904,-0.2748972350722654
2026-06-12 00:00:00+00:00,5831.196521655826,0.0,63580.01,5831.196521655826,0.0,0.0,2.5228921670388904,-0.2748972350722654
2026-06-13 00:00:00+00:00,5831.196521655826,0.0,64458.01,5831.196521655826,0.0,0.0,2.5228921670388904,-0.2748972350722654
2026-06-14 00:00:00+00:00,5831.196521655826,0.0,65746.45,5831.196521655826,0.0,0.0,2.5228921670388904,-0.2748972350722654
2026-06-15 00:00:00+00:00,5831.196521655826,0.0,66328.74,5831.196521655826,0.0,0.0,2.5228921670388904,-0.2748972350722654
2026-06-16 00:00:00+00:00,5831.196521655826,0.0,65675.01,5831.196521655826,0.0,0.0,2.5228921670388904,-0.2748972350722654
2026-06-17 00:00:00+00:00,5831.196521655826,0.0,64509.4,5831.196521655826,0.0,0.0,2.5228921670388904,-0.2748972350722654
2026-06-18 00:00:00+00:00,5831.196521655826,0.0,62958.01,5831.196521655826,0.0,0.0,2.5228921670388904,-0.2748972350722654
2026-06-19 00:00:00+00:00,5831.196521655826,0.0,63543.91,5831.196521655826,0.0,0.0,2.5228921670388904,-0.2748972350722654
2026-06-20 00:00:00+00:00,5831.196521655826,0.0,64298.01,5831.196521655826,0.0,0.0,2.5228921670388904,-0.2748972350722654
2026-06-21 00:00:00+00:00,5831.196521655826,0.0,63311.99,5831.196521655826,0.0,0.0,2.5228921670388904,-0.2748972350722654
2026-06-22 00:00:00+00:00,5831.196521655826,0.0,64020.01,5831.196521655826,0.0,0.0,2.5228921670388904,-0.2748972350722654
2026-06-23 00:00:00+00:00,5831.196521655826,0.0,62734.57,5831.196521655826,0.0,0.0,2.5228921670388904,-0.2748972350722654
2026-06-24 00:00:00+00:00,5831.196521655826,0.0,61077.99,5831.196521655826,0.0,0.0,2.5228921670388904,-0.2748972350722654
2026-06-25 00:00:00+00:00,5831.196521655826,0.0,59794.0,5831.196521655826,0.0,0.0,2.5228921670388904,-0.2748972350722654
2026-06-26 00:00:00+00:00,5831.196521655826,0.0,60097.27,5831.196521655826,0.0,0.0,2.5228921670388904,-0.2748972350722654
2026-06-27 00:00:00+00:00,5891.196521655826,0.0,60029.0,5891.196521655826,60.0,0.0,2.5228921670388904,-0.2748972350722654
2026-06-28 00:00:00+00:00,5891.196521655826,0.0,59577.01,5891.196521655826,0.0,0.0,2.5228921670388904,-0.2748972350722654
2026-06-29 00:00:00+00:00,5891.196521655826,0.0,60260.21,5891.196521655826,0.0,0.0,2.5228921670388904,-0.2748972350722654
2026-06-30 00:00:00+00:00,5891.196521655826,0.0,58624.71,5891.196521655826,0.0,0.0,2.5228921670388904,-0.2748972350722654
2026-07-01 00:00:00+00:00,5891.196521655826,0.0,60024.0,5891.196521655826,0.0,0.0,2.5228921670388904,-0.2748972350722654
2026-07-02 00:00:00+00:00,5891.196521655826,0.0,61560.0,5891.196521655826,0.0,0.0,2.5228921670388904,-0.2748972350722654
2026-07-03 00:00:00+00:00,5891.196521655826,0.0,62583.26,5891.196521655826,0.0,0.0,2.5228921670388904,-0.2748972350722654
2026-07-04 00:00:00+00:00,5891.196521655826,0.0,63144.01,5891.196521655826,0.0,0.0,2.5228921670388904,-0.2748972350722654
2026-07-05 00:00:00+00:00,5891.196521655826,0.0,63650.0,5891.196521655826,0.0,0.0,2.5228921670388904,-0.2748972350722654
2026-07-06 00:00:00+00:00,5891.196521655826,0.0,64042.02,5891.196521655826,0.0,0.0,2.5228921670388904,-0.2748972350722654
2026-07-07 00:00:00+00:00,5891.196521655826,0.0,63363.99,5891.196521655826,0.0,0.0,2.5228921670388904,-0.2748972350722654
2026-07-08 00:00:00+00:00,5891.196521655826,0.0,62290.0,5891.196521655826,0.0,0.0,2.5228921670388904,-0.2748972350722654
2026-07-09 00:00:00+00:00,5891.196521655826,0.0,63230.0,5891.196521655826,0.0,0.0,2.5228921670388904,-0.2748972350722654
2026-07-10 00:00:00+00:00,5891.196521655826,0.0,64161.72,5891.196521655826,0.0,0.0,2.5228921670388904,-0.2748972350722654
2026-07-11 00:00:00+00:00,5891.196521655826,0.0,63819.0,5891.196521655826,0.0,0.0,2.5228921670388904,-0.2748972350722654
2026-07-12 00:00:00+00:00,5891.196521655826,0.0,63780.0,5891.196521655826,0.0,0.0,2.5228921670388904,-0.2748972350722654
2026-07-13 00:00:00+00:00,5891.196521655826,0.0,62334.52,5891.196521655826,0.0,0.0,2.5228921670388904,-0.2748972350722654
2026-07-14 00:00:00+00:00,5891.196521655826,0.0,65043.98,5891.196521655826,0.0,0.0,2.5228921670388904,-0.2748972350722654
2026-07-15 00:00:00+00:00,5891.196521655826,0.0,64756.28,5891.196521655826,0.0,0.0,2.5228921670388904,-0.2748972350722654
2026-07-16 00:00:00+00:00,5891.196521655826,0.0,63830.2,5891.196521655826,0.0,0.0,2.5228921670388904,-0.2748972350722654
2026-07-17 00:00:00+00:00,5891.196521655826,0.0,63931.67,5891.196521655826,0.0,0.0,2.5228921670388904,-0.2748972350722654
2026-07-18 00:00:00+00:00,5891.196521655826,0.0,64834.22,5891.196521655826,0.0,0.0,2.5228921670388904,-0.2748972350722654
2026-07-19 00:00:00+00:00,5891.196521655826,0.0,64722.54,5891.196521655826,0.0,0.0,2.5228921670388904,-0.2748972350722654
2026-07-20 00:00:00+00:00,5891.196521655826,0.0,65255.51,5891.196521655826,0.0,0.0,2.5228921670388904,-0.2748972350722654
2026-07-21 00:00:00+00:00,5891.196521655826,0.0,66556.16,5891.196521655826,0.0,0.0,2.5228921670388904,-0.2748972350722654
2026-07-22 00:00:00+00:00,5891.196521655826,0.0,66114.49,5891.196521655826,0.0,0.0,2.5228921670388904,-0.2748972350722654
2026-07-23 00:00:00+00:00,5891.196521655826,0.0,65098.97,5891.196521655826,0.0,0.0,2.5228921670388904,-0.2748972350722654
2026-07-24 00:00:00+00:00,5891.196521655826,0.0,64139.99,5891.196521655826,0.0,0.0,2.5228921670388904,-0.2748972350722654
2026-07-25 00:00:00+00:00,5891.196521655826,0.0,64375.0,5891.196521655826,0.0,0.0,2.5228921670388904,-0.2748972350722654
2026-07-26 00:00:00+00:00,5891.196521655826,0.0,65399.99,5891.196521655826,0.0,0.0,2.5228921670388904,-0.2748972350722654
2026-07-27 00:00:00+00:00,5951.196521655826,0.0,63755.86,5951.196521655826,60.0,0.0,2.5228921670388904,-0.2748972350722654
2026-07-28 00:00:00+00:00,5951.196521655826,0.0,63915.0,5951.196521655826,0.0,0.0,2.5228921670388904,-0.2748972350722654
2026-07-29 00:00:00+00:00,5951.196521655826,0.0,63984.28,5951.196521655826,0.0,0.0,2.5228921670388904,-0.2748972350722654
2026-07-30 00:00:00+00:00,5951.196521655826,0.0,64780.02,5951.196521655826,0.0,0.0,2.5228921670388904,-0.2748972350722654
2026-07-31 00:00:00+00:00,5951.196521655826,0.0,62887.88,5951.196521655826,0.0,0.0,2.5228921670388904,-0.2748972350722654
2026-08-01 00:00:00+00:00,5951.196521655826,0.0,62823.64,5951.196521655826,0.0,0.0,2.5228921670388904,-0.2748972350722654
2026-08-02 00:00:00+00:00,5951.196521655826,0.0,63570.0,5951.196521655826,0.0,0.0,2.5228921670388904,-0.2748972350722654
2026-08-03 00:00:00+00:00,5951.196521655826,0.0,63520.0,5951.196521655826,0.0,0.0,2.5228921670388904,-0.2748972350722654
2026-08-04 00:00:00+00:00,5951.196521655826,0.0,64106.56,5951.196521655826,0.0,0.0,2.5228921670388904,-0.2748972350722654
2026-08-05 00:00:00+00:00,5951.196521655826,0.0,64665.23,5951.196521655826,0.0,0.0,2.5228921670388904,-0.2748972350722654
2026-08-06 00:00:00+00:00,5951.196521655826,0.0,64323.61,5951.196521655826,0.0,0.0,2.5228921670388904,-0.2748972350722654
2026-08-07 00:00:00+00:00,5951.196521655826,0.0,64923.19,5951.196521655826,0.0,0.0,2.5228921670388904,-0.2748972350722654
2026-08-08 00:00:00+00:00,5951.196521655826,0.0,64962.6,5951.196521655826,0.0,0.0,2.5228921670388904,-0.2748972350722654
2026-08-09 00:00:00+00:00,5951.196521655826,0.0,64901.59,5951.196521655826,0.0,0.0,2.5228921670388904,-0.2748972350722654
2026-08-10 00:00:00+00:00,5951.196521655826,0.0,63970.01,5951.196521655826,0.0,0.0,2.5228921670388904,-0.2748972350722654
2026-08-11 00:00:00+00:00,5951.196521655826,0.0,63600.0,5951.196521655826,0.0,0.0,2.5228921670388904,-0.2748972350722654
2026-08-12 00:00:00+00:00,5951.196521655826,0.0,63479.99,5951.196521655826,0.0,0.0,2.5228921670388904,-0.2748972350722654
2026-08-13 00:00:00+00:00,5951.196521655826,0.0,63490.86,5951.196521655826,0.0,0.0,2.5228921670388904,-0.2748972350722654
2026-08-14 00:00:00+00:00,5951.196521655826,0.0,63043.56,5951.196521655826,0.0,0.0,2.5228921670388904,-0.2748972350722654
2026-08-15 00:00:00+00:00,5951.196521655826,0.0,63086.01,5951.196521655826,0.0,0.0,2.5228921670388904,-0.2748972350722654
2026-08-16 00:00:00+00:00,5951.196521655826,0.0,62900.0,5951.196521655826,0.0,0.0,2.5228921670388904,-0.2748972350722654
2026-08-17 00:00:00+00:00,5951.196521655826,0.0,64532.1,5951.196521655826,0.0,0.0,2.5228921670388904,-0.2748972350722654
2026-08-18 00:00:00+00:00,5951.196521655826,0.0,64725.42,5951.196521655826,0.0,0.0,2.5228921670388904,-0.2748972350722654
2026-08-19 00:00:00+00:00,5951.196521655826,0.0,69334.79,5951.196521655826,0.0,0.0,2.5228921670388904,-0.2748972350722654
2026-08-20 00:00:00+00:00,9.094947017729282e-13,0.08570417516750295,73025.15,6258.560247233178,0.0,0.05164738291852511,2.6531929448520954,-0.23744757491676138
2026-08-21 00:00:00+00:00,9.094947017729282e-13,0.08570417516750295,78338.03,6713.896245397102,0.0,0.07275411279538635,2.846223643629788,-0.1819687497698601
2026-08-22 00:00:00+00:00,9.094947017729282e-13,0.08570417516750295,77074.93,6605.643301743028,0.0,-0.016123714114332555,2.8003319472944472,-0.195158451785161
2026-08-23 00:00:00+00:00,9.094947017729282e-13,0.08570417516750295,77734.0,6662.128352470675,0.0,0.008551029498178098,2.8242776683804527,-0.18827622796501653
2026-08-24 00:00:00+00:00,9.094947017729282e-13,0.08570417516750295,78992.75,6770.008482962769,0.0,0.01619304294131263,2.8700113179427276,-0.17513195006796978
2026-08-25 00:00:00+00:00,9.094947017729282e-13,0.08570417516750295,78539.14,6731.132212065038,0.0,-0.005742425728943457,2.853530491108214,-0.17986869358088287
2026-08-26 00:00:00+00:00,9.094947017729282e-13,0.08570417516750295,79023.75,6772.665312392962,0.0,0.00617029929281121,2.8711376282795142,-0.17480823796087275
2026-08-27 00:00:00+00:00,0.0,0.08646230300739434,80249.58,6938.563502176133,60.0,0.015636117377510583,2.91603107324228,-0.1619054427106742
2026-08-28 00:00:00+00:00,0.0,0.08646230300739434,77845.87,6730.733199814228,0.0,-0.02995292934866456,2.8286874005269436,-0.18700882977266164
2026-08-29 00:00:00+00:00,0.0,0.08646230300739434,78230.0,6763.945964268459,0.0,0.004934494276960466,2.842645542316154,-0.18299712949595548
2026-08-30 00:00:00+00:00,0.0,0.08646230300739434,77682.0,6716.564622220407,0.0,-0.007004985299757127,2.822732852079809,-0.1887202225936957
2026-08-31 00:00:00+00:00,0.0,0.08646230300739434,78581.29,6794.319306691927,0.0,0.011576555701449553,2.8554103761722227,-0.17932839706109194
2026-09-01 00:00:00+00:00,0.0,0.08646230300739434,77439.0,6695.55428258961,0.0,-0.014536411911792224,2.8139029547669776,-0.1912580175257228
2026-09-02 00:00:00+00:00,0.0,0.08646230300739434,77340.01,6686.995379214908,0.0,-0.0012782964656051776,2.810305952565343,-0.1922918295435061
2026-09-03 00:00:00+00:00,0.0,0.08646230300739434,81270.37,7026.82335646305,0.0,0.050819233149827614,2.95312354599111,-0.15124471971205677
2026-09-04 00:00:00+00:00,0.0,0.08646230300739434,79660.77,6887.653633542349,0.0,-0.01980549614822713,2.894635468975744,-0.16805473914658708
2026-09-05 00:00:00+00:00,0.0,0.08646230300739434,79831.75,6902.436958110553,0.0,0.0021463513345401086,2.9008483736775874,-0.1662690923256901
2026-09-06 00:00:00+00:00,0.0,0.08646230300739434,80341.83,6946.539649628565,0.0,0.006389437786344487,2.919383163888819,-0.1609420205605525
2026-09-07 00:00:00+00:00,0.0,0.08646230300739434,79112.01,6840.20658014401,0.0,-0.015307343634069714,2.874695162599655,-0.1737857693807403
2026-09-08 00:00:00+00:00,0.0,0.08646230300739434,78455.8,6783.469152287529,0.0,-0.008294695078534753,2.850850442782152,-0.18063896449327332
2026-09-09 00:00:00+00:00,0.0,0.08646230300739434,78306.43,6770.554278087314,0.0,-0.0019038745382752298,2.8454227812117088,-0.18219892510642932
2026-09-10 00:00:00+00:00,0.0,0.08646230300739434,76568.72,6620.307869528335,0.0,-0.022191153395704544,2.7822795677982075,-0.2003468742065646
2026-09-11 00:00:00+00:00,0.0,0.08646230300739434,77225.7,6677.1118733581325,0.0,0.008580266197475872,2.8061522671257144,-0.19348563752161319
2026-09-12 00:00:00+00:00,0.0,0.08646230300739434,77278.73,6681.696969286615,0.0,0.0006866884987770661,2.808079219613367,-0.1929318133848008
2026-09-13 00:00:00+00:00,0.0,0.08646230300739434,76842.01,6643.937152317226,0.0,-0.005651231587268546,2.7922101136279354,-0.19749274261408012
2026-09-14 00:00:00+00:00,0.0,0.08646230300739434,78189.21,6760.419166928788,0.0,0.01753207652949218,2.8411633550264823,-0.18342312396211735
2026-09-15 00:00:00+00:00,0.0,0.08646230300739434,75644.48,6540.3959505967805,0.0,-0.0325457950016379,2.7486954349076247,-0.20999926757272414
2026-09-16 00:00:00+00:00,0.0,0.08646230300739434,76206.01,6588.947127604522,0.0,0.007423277944405227,2.769099765105462,-0.2041348725596327
2026-09-17 00:00:00+00:00,0.0,0.08646230300739434,76417.01,6607.190673539083,0.0,0.002768810491456053,2.7767668775869745,-0.2019312728449918
2026-09-18 00:00:00+00:00,0.0,0.08646230300739434,80883.87,6993.405676350692,0.0,0.0584537395535365,2.9390792854503305,-0.15528117132205055
2026-09-19 00:00:00+00:00,0.0,0.08646230300739434,81249.99,7025.061254727761,0.0,0.004526489644968823,2.952382997401664,-0.15145756029112956
2026-09-20 00:00:00+00:00,0.0,0.08646230300739434,81178.0,7018.8368335342575,0.0,-0.0008860308782808746,2.9497670949014547,-0.15220939509424336
2026-09-21 00:00:00+00:00,0.0,0.08646230300739434,86620.0,7489.364686500498,0.0,0.06703786740249829,3.147513190277711,-0.09537532093748746
2026-09-22 00:00:00+00:00,0.0,0.08646230300739434,86208.56,7453.790636551135,0.0,-0.004749942276610519,3.1325626843090215,-0.09967223594503172
2026-09-23 00:00:00+00:00,0.0,0.08646230300739434,84397.6,7297.210864296865,0.0,-0.021006730654125172,3.0667577837425783,-0.11858517878496522
2026-09-24 00:00:00+00:00,0.0,0.08646230300739434,84410.24,7298.303747806878,0.0,0.00014976729196081173,3.067217083750949,-0.11845317167409775
2026-09-25 00:00:00+00:00,0.0,0.08646230300739434,84099.99,7271.478818298834,0.0,-0.003675501929623737,3.0559435214410477,-0.12169329874266333
2026-09-26 00:00:00+00:00,0.0,0.08646230300739434,84433.1,7300.280276053628,0.0,0.003960880375847964,3.0680477481648234,-0.1182144309656773
