date,equity,deposit,twr,drawdown,usdt,BTC_units,SOL_units,INJ_units
2021-01-27 00:00:00+00:00,96.69887339685508,100.0,1.0,0.0,49.99999999999999,0.0015378595375724314,0.0,0.0
2021-01-28 00:00:00+00:00,101.3104681707689,0.0,1.0476902637219743,0.0,49.99999999999999,0.0015378595375724314,0.0,0.0
2021-01-29 00:00:00+00:00,102.67507245283842,0.0,1.0618021580402166,0.0,49.99999999999999,0.0015378595375724314,0.0,0.0
2021-01-30 00:00:00+00:00,102.6914967926997,0.0,1.0619720084147277,0.0,49.99999999999999,0.0015378595375724314,0.0,0.0
2021-01-31 00:00:00+00:00,100.89235491969372,0.0,1.0433663948247716,-0.01751987193874338,49.99999999999999,0.0015378595375724314,0.0,0.0
2021-02-01 00:00:00+00:00,101.55884786468224,0.0,1.050258853046629,-0.011029627217372329,49.99999999999999,0.0015378595375724314,0.0,0.0
2021-02-02 00:00:00+00:00,104.54209544583286,0.0,1.0811097562304466,0.0,49.99999999999999,0.0015378595375724314,0.0,0.0
2021-02-03 00:00:00+00:00,107.85253802219741,0.0,1.11534430788627,0.0,49.99999999999999,0.0015378595375724314,0.0,0.0
2021-02-04 00:00:00+00:00,106.80339486707012,0.0,1.1044947176245348,-0.009727570387924933,49.99999999999999,0.0015378595375724314,0.0,0.0
2021-02-05 00:00:00+00:00,108.8850107799374,0.0,1.1260215031985947,0.0,49.99999999999999,0.0015378595375724314,0.0,0.0
2021-02-06 00:00:00+00:00,110.26400942727861,0.0,1.1402822551484313,0.0,49.99999999999999,0.0015378595375724314,0.0,0.0
2021-02-07 00:00:00+00:00,109.66232188320339,0.0,1.1340599743406097,-0.005456790000657907,49.99999999999999,0.0015378595375724314,0.0,0.0
2021-02-08 00:00:00+00:00,121.31803613318161,0.0,1.2545961692365193,0.0,49.99999999999999,0.0015378595375724314,0.0,0.0
2021-02-09 00:00:00+00:00,121.38808563511805,0.0,1.2553205779030914,0.0,49.99999999999999,0.0015378595375724314,0.0,0.0
2021-02-10 00:00:00+00:00,118.90776425853971,0.0,1.2296706267769906,-0.020432988654537132,49.99999999999999,0.0015378595375724314,0.0,0.0
2021-02-11 00:00:00+00:00,123.77036846617611,0.0,1.2799566749678533,0.0,49.99999999999999,0.0015378595375724314,0.0,0.0
2021-02-12 00:00:00+00:00,122.72168666891011,0.0,1.269111855784054,-0.008472801772037908,49.99999999999999,0.0015378595375724314,0.0,0.0
2021-02-13 00:00:00+00:00,122.51575189823379,0.0,1.2669822056294844,-0.010136647272607657,49.99999999999999,0.0015378595375724314,0.0,0.0
2021-02-14 00:00:00+00:00,124.70581766569069,0.0,1.2896305125902987,0.0,49.99999999999999,0.0015378595375724314,0.0,0.0
2021-02-15 00:00:00+00:00,123.6805420905865,0.0,1.2790277460937707,-0.008221553687677408,49.99999999999999,0.0015378595375724314,0.0,0.0
2021-02-16 00:00:00+00:00,125.56034469633818,0.0,1.2984675031428203,0.0,49.99999999999999,0.0015378595375724314,0.0,0.0
2021-02-17 00:00:00+00:00,130.15279311900923,0.0,1.3459597671304626,0.0,49.99999999999999,0.0015378595375724314,0.0,0.0
2021-02-18 00:00:00+00:00,129.2806575966565,0.0,1.3369406804367279,-0.006700859055366215,49.99999999999999,0.0015378595375724314,0.0,0.0
2021-02-19 00:00:00+00:00,135.97557530752434,0.0,1.4061753827211245,0.0,49.99999999999999,0.0015378595375724314,0.0,0.0
2021-02-20 00:00:00+00:00,135.87590663089426,0.0,1.40514467085108,-0.000732989556430752,49.99999999999999,0.0015378595375724314,0.0,0.0
2021-02-21 00:00:00+00:00,138.28631691289456,0.0,1.4300716446339896,0.0,49.99999999999999,0.0015378595375724314,0.0,0.0
2021-02-22 00:00:00+00:00,133.17923917457026,0.0,1.377257402244994,-0.03693118634102621,49.99999999999999,0.0015378595375724314,0.0,0.0
2021-02-23 00:00:00+00:00,125.18749065145374,0.0,1.294611676991111,-0.09472250439421037,49.99999999999999,0.0015378595375724314,0.0,0.0
2021-02-24 00:00:00+00:00,126.3950179603556,0.0,1.3070991783081751,-0.08599042347790053,49.99999999999999,0.0015378595375724314,0.0,0.0
2021-02-25 00:00:00+00:00,122.3927846496095,0.0,1.2657105543236866,-0.11493206716392823,49.99999999999999,0.0015378595375724314,0.0,0.0
2021-02-26 00:00:00+00:00,121.16732589849951,0.0,1.2530376171108542,-0.12379381703526138,49.99999999999999,0.0015378595375724314,0.0,0.0
2021-02-27 00:00:00+00:00,218.67663825778703,100.0,1.2272804644862252,-0.1418049095013464,44.23346825541897,0.002388333332957026,4.87625810134618,0.0
2021-02-28 00:00:00+00:00,215.8681317914635,0.0,1.2115182635123891,-0.15282687545177975,44.23346825541897,0.002388333332957026,4.877158331463734,0.0
2021-03-01 00:00:00+00:00,235.76397395186456,0.0,1.323179841093332,-0.07474576811710387,44.23346825541897,0.002388333332957026,4.878058727777222,0.0
2021-03-02 00:00:00+00:00,227.95711987285046,0.0,1.2793653779819418,-0.1053837178140955,44.23346825541897,0.002388333332957026,4.878959290317324,0.0
2021-03-03 00:00:00+00:00,233.16467280082998,0.0,1.3085917646101886,-0.0849467091244176,44.23346825541897,0.002388333332957026,4.879860019114729,0.0
2021-03-04 00:00:00+00:00,223.46475439292516,0.0,1.2541528429952593,-0.12301397786525214,44.23346825541897,0.002388333332957026,4.880760914200131,0.0
2021-03-05 00:00:00+00:00,221.8760564695943,0.0,1.2452365822515061,-0.1292488128661483,44.23346825541897,0.002388333332957026,4.88166197560423,0.0
2021-03-06 00:00:00+00:00,224.65933345820275,0.0,1.2608571876467034,-0.11832585984221422,44.23346825541897,0.002388333332957026,4.882563203357729,0.0
2021-03-07 00:00:00+00:00,233.44778154894811,0.0,1.310180657866728,-0.08383565062430576,44.23346825541897,0.002388333332957026,4.88346459749134,0.0
2021-03-08 00:00:00+00:00,235.7638885602389,0.0,1.3231793618492993,-0.07474610323600128,44.23346825541897,0.002388333332957026,4.884366158035778,0.0
2021-03-09 00:00:00+00:00,247.80843921393688,0.0,1.3907770798248815,-0.027477340003594808,44.23346825541897,0.002388333332957026,4.885267885021766,0.0
2021-03-10 00:00:00+00:00,247.03274682042138,0.0,1.3864236558441732,-0.030521539919762364,44.23346825541897,0.002388333332957026,4.886169778480031,0.0
2021-03-11 00:00:00+00:00,260.5596806757311,0.0,1.462340963688683,0.0,44.23346825541897,0.002388333332957026,4.887071838441307,0.0
2021-03-12 00:00:00+00:00,252.06544549380618,0.0,1.4146687066859083,-0.0325999600548178,44.23346825541897,0.002388333332957026,4.887974064936333,0.0
2021-03-13 00:00:00+00:00,265.1876827820413,0.0,1.488314733085942,0.0,44.23346825541897,0.002388333332957026,4.888876457995852,0.0
2021-03-14 00:00:00+00:00,255.77809810129884,0.0,1.435505253529235,-0.035482736535980886,44.23346825541897,0.002388333332957026,4.889779017650615,0.0
2021-03-15 00:00:00+00:00,246.2780258272183,0.0,1.3821879298037725,-0.07130669402305878,44.23346825541897,0.002388333332957026,4.890681743931379,0.0
2021-03-16 00:00:00+00:00,246.84872732985588,0.0,1.3853908819381215,-0.06915462761993452,44.23346825541897,0.002388333332957026,4.891584636868905,0.0
2021-03-17 00:00:00+00:00,254.4194100179842,0.0,1.4278798786594395,-0.040606232729547775,44.23346825541897,0.002388333332957026,4.89248769649396,0.0
2021-03-18 00:00:00+00:00,251.42221503504015,0.0,1.411058699771153,-0.05190839786595591,44.23346825541897,0.002388333332957026,4.893390922837318,0.0
2021-03-19 00:00:00+00:00,252.1081903510974,0.0,1.4149086039549021,-0.049321643802340276,44.23346825541897,0.002388333332957026,4.8942943159297565,0.0
2021-03-20 00:00:00+00:00,252.4610010391271,0.0,1.4168886859084686,-0.0479912249671649,44.23346825541897,0.002388333332957026,4.895197875802061,0.0
2021-03-21 00:00:00+00:00,251.40449859565206,0.0,1.4109592696713744,-0.051975205038906735,44.23346825541897,0.002388333332957026,4.89610160248502,0.0
2021-03-22 00:00:00+00:00,245.860349106221,0.0,1.3798437997483877,-0.07288171710337477,44.23346825541897,0.002388333332957026,4.897005496009431,0.0
2021-03-23 00:00:00+00:00,243.34851653780964,0.0,1.3657466238185225,-0.08235362221623721,44.23346825541897,0.002388333332957026,4.897909556406095,0.0
2021-03-24 00:00:00+00:00,235.76265964691987,0.0,1.3231724648102696,-0.11095923772336691,44.23346825541897,0.002388333332957026,4.898813783705818,0.0
2021-03-25 00:00:00+00:00,230.33208511880565,0.0,1.292694412456848,-0.1314374683528703,44.23346825541897,0.002388333332957026,4.899718177939413,0.0
2021-03-26 00:00:00+00:00,248.0174746332487,0.0,1.3919502508071642,-0.06474738181148776,44.23346825541897,0.002388333332957026,4.900622739137701,0.0
2021-03-27 00:00:00+00:00,362.35898276423177,100.0,1.4724391996983432,-0.01066678507890717,69.61469550012308,0.003161672365871139,7.064188869496025,0.0
2021-03-28 00:00:00+00:00,373.59988564292416,0.0,1.5181164060761905,0.0,69.61469550012308,0.003161672365871139,7.065493024330376,0.0
2021-03-29 00:00:00+00:00,385.75780611978223,0.0,1.5675198969469792,0.0,69.61469550012308,0.003161672365871139,7.0667974199311985,0.0
2021-03-30 00:00:00+00:00,390.13020652021294,0.0,1.5852870672190071,0.0,69.61469550012308,0.003161672365871139,7.068102056342942,0.0
2021-03-31 00:00:00+00:00,392.3812989468531,0.0,1.5944343407482677,0.0,69.61469550012308,0.003161672365871139,7.069406933610065,0.0
2021-04-01 00:00:00+00:00,389.92624948757464,0.0,1.5844582914905296,-0.006256795280172089,69.61469550012308,0.003161672365871139,7.070712051777031,0.0
2021-04-02 00:00:00+00:00,395.66836415173566,0.0,1.6077912710021058,0.0,69.61469550012308,0.003161672365871139,7.072017410888315,0.0
2021-04-03 00:00:00+00:00,409.1440053647003,0.0,1.6625492963494444,0.0,69.61469550012308,0.003161672365871139,7.073323010988399,0.0
2021-04-04 00:00:00+00:00,421.83322042889995,0.0,1.7141116932062845,0.0,69.61469550012308,0.003161672365871139,7.074628852121772,0.0
2021-04-05 00:00:00+00:00,419.1106054083757,0.0,1.7030483961097813,-0.006454245158207361,69.61469550012308,0.003161672365871139,7.075934934332933,0.0
2021-04-06 00:00:00+00:00,430.282576182791,0.0,1.7484454981234951,0.0,69.61469550012308,0.003161672365871139,7.077241257666389,0.0
2021-04-07 00:00:00+00:00,434.37521351884527,0.0,1.7650758562224862,0.0,69.61469550012308,0.003161672365871139,7.078547822166653,0.0
2021-04-08 00:00:00+00:00,443.95674147008697,0.0,1.8040102224710886,0.0,69.61469550012308,0.003161672365871139,7.079854627878251,0.0
2021-04-09 00:00:00+00:00,449.0042157062294,0.0,1.8245205431151863,0.0,69.61469550012308,0.003161672365871139,7.081161674845712,0.0
2021-04-10 00:00:00+00:00,448.41014354954905,0.0,1.8221065416068682,-0.001323088149063234,69.61469550012308,0.003161672365871139,7.082468963113576,0.0
2021-04-11 00:00:00+00:00,456.6179380587081,0.0,1.8554587667570808,0.0,69.61469550012308,0.003161672365871139,7.083776492726391,0.0
2021-04-12 00:00:00+00:00,461.09771241021986,0.0,1.8736622491453203,0.0,69.61469550012308,0.003161672365871139,7.085084263728712,0.0
2021-04-13 00:00:00+00:00,465.1444446157061,0.0,1.8901060725730854,0.0,69.61469550012308,0.003161672365871139,7.086392276165104,0.0
2021-04-14 00:00:00+00:00,455.83488325702524,0.0,1.852276837674726,-0.02001434493401777,69.61469550012308,0.003161672365871139,7.08770053008014,0.0
2021-04-15 00:00:00+00:00,466.24987203843875,0.0,1.8945979569945406,0.0,69.61469550012308,0.003161672365871139,7.089009025518398,0.0
2021-04-16 00:00:00+00:00,442.9174409911202,0.0,1.799787043694555,-0.05004276128872587,69.61469550012308,0.003161672365871139,7.090317762524469,0.0
2021-04-17 00:00:00+00:00,435.5630187077504,0.0,1.7699024812130049,-0.0658163254748485,69.61469550012308,0.003161672365871139,7.091626741142949,0.0
2021-04-18 00:00:00+00:00,476.49838912174573,0.0,1.9362426215675663,0.0,69.61469550012308,0.003161672365871139,7.092935961418445,0.0
2021-04-19 00:00:00+00:00,468.7721640089876,0.0,1.9048472449856622,-0.016214588105950667,69.61469550012308,0.003161672365871139,7.094245423395568,0.0
2021-04-20 00:00:00+00:00,472.96102382842844,0.0,1.9218686014127475,-0.007423666845625898,69.61469550012308,0.003161672365871139,7.095555127118941,0.0
2021-04-21 00:00:00+00:00,470.700646352282,0.0,1.9126835982520594,-0.012167392171355984,69.61469550012308,0.003161672365871139,7.096865072633195,0.0
2021-04-22 00:00:00+00:00,509.16359291081085,0.0,2.0689770888029186,0.0,69.61469550012308,0.003161672365871139,7.098175259982966,0.0
2021-04-23 00:00:00+00:00,496.7004381191042,0.0,2.0183332837915846,-0.02447770218694678,69.61469550012308,0.003161672365871139,7.099485689212902,0.0
2021-04-24 00:00:00+00:00,517.8468016367144,0.0,2.104261151059772,0.0,69.61469550012308,0.003161672365871139,7.100796360367657,0.0
2021-04-25 00:00:00+00:00,561.4231415915613,0.0,2.281332823574775,0.0,69.61469550012308,0.003161672365871139,7.102107273491894,0.0
2021-04-26 00:00:00+00:00,552.0331917931927,0.0,2.2431769316996912,-0.016725263179834804,69.61469550012308,0.003161672365871139,7.103418428630285,0.0
2021-04-27 00:00:00+00:00,654.5385192618157,100.0,2.2533572847428,-0.012262804682807493,130.25250813331493,0.006033807628057487,4.458116831020261,0.0
2021-04-28 00:00:00+00:00,661.0916997522829,0.0,2.275917694194458,-0.002373669165830705,130.25250813331493,0.006033807628057487,4.458939866010503,0.0
2021-04-29 00:00:00+00:00,642.8616491952619,0.0,2.2131577251246144,-0.029883889691874277,130.25250813331493,0.006033807628057487,4.459763052945305,0.0
2021-04-30 00:00:00+00:00,669.2192839163334,0.0,2.303898249111346,0.0,130.25250813331493,0.006033807628057487,4.460586391852716,0.0
2021-05-01 00:00:00+00:00,700.6070504205886,0.0,2.4119558350635617,0.0,130.25250813331493,0.006033807628057487,4.461409882760793,0.0
2021-05-02 00:00:00+00:00,680.8999088677936,0.0,2.344110735542863,-0.02812866576344697,130.25250813331493,0.006033807628057487,4.462233525697599,0.0
2021-05-03 00:00:00+00:00,680.1094973142826,0.0,2.3413896128287144,-0.029256846750258858,130.25250813331493,0.006033807628057487,4.463057320691199,0.0
2021-05-04 00:00:00+00:00,641.573176016677,0.0,2.208721942756246,-0.08426103386837502,130.25250813331493,0.006033807628057487,4.463881267769667,0.0
2021-05-05 00:00:00+00:00,677.6333941831731,0.0,2.332865217603583,-0.03279107200480491,130.25250813331493,0.006033807628057487,4.464705366961078,0.0
2021-05-06 00:00:00+00:00,664.7538009688426,0.0,2.2885250843036107,-0.05117454845797298,130.25250813331493,0.006033807628057487,4.465529618293515,0.0
2021-05-07 00:00:00+00:00,668.9447832526773,0.0,2.3029532351023714,-0.045192618528323014,130.25250813331493,0.006033807628057487,4.466354021795067,0.0
2021-05-08 00:00:00+00:00,689.1717437030645,0.0,2.372587897292288,-0.01632199777415755,130.25250813331493,0.006033807628057487,4.467178577493825,0.0
2021-05-09 00:00:00+00:00,679.7331184323655,0.0,2.3400938661760233,-0.029794064983633795,130.25250813331493,0.006033807628057487,4.468003285417887,0.0
2021-05-10 00:00:00+00:00,658.543520785383,0.0,2.2671451659643895,-0.0600386901758323,130.25250813331493,0.006033807628057487,4.4688281455953565,0.0
2021-05-11 00:00:00+00:00,671.2579194449095,0.0,2.310916589642983,-0.04189100146517233,130.25250813331493,0.006033807628057487,4.469653158054342,0.0
2021-05-12 00:00:00+00:00,625.1184823521456,0.0,2.152073933898037,-0.10774737140187984,130.25250813331493,0.006033807628057487,4.470478322822957,0.0
2021-05-13 00:00:00+00:00,613.5001289277882,0.0,2.1120758275145985,-0.124330637895391,130.25250813331493,0.006033807628057487,4.471303639929319,0.0
2021-05-14 00:00:00+00:00,621.9461423082071,0.0,2.1411526277604667,-0.11227535901210173,130.25250813331493,0.006033807628057487,4.472129109401553,0.0
2021-05-15 00:00:00+00:00,606.9223033500019,0.0,2.089430573267089,-0.13371938951277407,130.25250813331493,0.006033807628057487,4.472954731267788,0.0
2021-05-16 00:00:00+00:00,620.0078637007721,0.0,2.1344797825551907,-0.11504192924040779,130.25250813331493,0.006033807628057487,4.4737805055561575,0.0
2021-05-17 00:00:00+00:00,601.9525832356125,0.0,2.072321488479349,-0.1408128381319479,130.25250813331493,0.006033807628057487,4.474606432294801,0.0
2021-05-18 00:00:00+00:00,639.3211232547997,0.0,2.200968878043838,-0.0874754644975344,130.25250813331493,0.006033807628057487,4.475432511511864,0.0
2021-05-19 00:00:00+00:00,508.24879395775406,0.0,1.749730670729772,-0.2745594072274289,130.25250813331493,0.006033807628057487,4.476258743235494,0.0
2021-05-20 00:00:00+00:00,550.0599867134596,0.0,1.8936726283186243,-0.2148808859641823,351.1878653501828,0.0,4.477085127493849,0.0
2021-05-21 00:00:00+00:00,525.4905768836476,0.0,1.809088364761031,-0.2499496307264032,351.1878653501828,0.0,4.477911664315087,0.0
2021-05-22 00:00:00+00:00,491.0230342302589,0.0,1.6904281392134348,-0.29914631327862296,351.1878653501828,0.0,4.478738353727374,0.0
2021-05-23 00:00:00+00:00,461.0984769933227,0.0,1.587407893562192,-0.34185863999439303,351.1878653501828,0.0,4.479565195758882,0.0
2021-05-24 00:00:00+00:00,491.94386640497623,0.0,1.6935982565218326,-0.2978319785539516,351.1878653501828,0.0,4.480392190437785,0.0
2021-05-25 00:00:00+00:00,485.5034525618303,0.0,1.6714260649347301,-0.3070245977822047,351.1878653501828,0.0,4.481219337792264,0.0
2021-05-26 00:00:00+00:00,509.9867777292262,0.0,1.7557139677809956,-0.272078724553127,351.1878653501828,0.0,4.482046637850506,0.0
2021-05-27 00:00:00+00:00,599.3246408092285,100.0,1.719007795122589,-0.2872971510785195,305.0013228796554,0.0,5.164551245886941,11.210909408296116
2021-05-28 00:00:00+00:00,553.9337466985497,0.0,1.5888157497922224,-0.3412749409856617,305.0013228796554,0.0,5.165504699227304,11.215469029058573
2021-05-29 00:00:00+00:00,545.8279085867035,0.0,1.5655662486846904,-0.35091421413052803,404.32894788329696,0.0,5.166458328589402,0.0
2021-05-30 00:00:00+00:00,552.0549259702528,0.0,1.5834268382446857,-0.34350919066353547,404.32894788329696,0.0,5.167412134005732,0.0
2021-05-31 00:00:00+00:00,573.59293816621,0.0,1.6452030582350814,-0.3178966901805954,404.32894788329696,0.0,5.168366115508796,0.0
2021-06-01 00:00:00+00:00,564.257378493427,0.0,1.618426418736866,-0.3289983194513112,404.32894788329696,0.0,5.169320273131102,0.0
2021-06-02 00:00:00+00:00,580.0872628704311,0.0,1.6638303497402986,-0.3101737910982718,404.32894788329696,0.0,5.1702746069051635,0.0
2021-06-03 00:00:00+00:00,609.1199633693253,0.0,1.747103145605444,-0.275648782532785,404.32894788329696,0.0,5.171229116863501,0.0
2021-06-04 00:00:00+00:00,597.4479467211538,0.0,1.7136249832927515,-0.2895288718055682,404.32894788329696,0.0,5.172183803038642,0.0
2021-06-05 00:00:00+00:00,609.3559526115968,0.0,1.7477800197391056,-0.27536814964398104,404.32894788329696,0.0,5.173138665463118,0.0
2021-06-06 00:00:00+00:00,622.7015726677694,0.0,1.786058480768722,-0.2594978503320503,404.32894788329696,0.0,5.174093704169468,0.0
2021-06-07 00:00:00+00:00,602.1969433085355,0.0,1.72724625229597,-0.28388147610901326,404.32894788329696,0.0,5.1750489191902345,0.0
2021-06-08 00:00:00+00:00,617.8132456722603,0.0,1.7720375785094022,-0.2653109344920057,404.32894788329696,0.0,5.176004310557969,0.0
2021-06-09 00:00:00+00:00,621.9269254882223,0.0,1.7838366055955053,-0.2604190426444951,404.32894788329696,0.0,5.176959878305228,0.0
2021-06-10 00:00:00+00:00,617.1671695447033,0.0,1.770184476160709,-0.26607923311578385,404.32894788329696,0.0,5.177915622464573,0.0
2021-06-11 00:00:00+00:00,591.5814062660273,0.0,1.6967983286116628,-0.29650522453826467,404.32894788329696,0.0,5.178871543068572,0.0
2021-06-12 00:00:00+00:00,593.2683408854011,0.0,1.701636864462033,-0.29449916133427456,404.32894788329696,0.0,5.179827640149801,0.0
2021-06-13 00:00:00+00:00,604.8563700485499,0.0,1.734874130386331,-0.2807189480148121,404.32894788329696,0.0,5.180783913740839,0.0
2021-06-14 00:00:00+00:00,610.0129498869223,0.0,1.749664446576844,-0.2745868638466443,404.32894788329696,0.0,5.181740363874273,0.0
2021-06-15 00:00:00+00:00,609.2320561029744,0.0,1.7474246546337717,-0.2755154844749791,404.32894788329696,0.0,5.182696990582695,0.0
2021-06-16 00:00:00+00:00,610.2651458073046,0.0,1.7503878053769262,-0.27428695835518957,404.32894788329696,0.0,5.183653793898703,0.0
2021-06-17 00:00:00+00:00,607.9026899187097,0.0,1.7436117114011394,-0.27709633565691294,404.32894788329696,0.0,5.184610773854902,0.0
2021-06-18 00:00:00+00:00,595.2615590837142,0.0,1.7073538955783478,-0.2921288728599981,404.32894788329696,0.0,5.185567930483902,0.0
2021-06-19 00:00:00+00:00,586.8427719170636,0.0,1.683206781010507,-0.3021402977031916,404.32894788329696,0.0,5.186525263818321,0.0
2021-06-20 00:00:00+00:00,587.2240280423641,0.0,1.6843003156438316,-0.30168691683384585,404.32894788329696,0.0,5.187482773890779,0.0
2021-06-21 00:00:00+00:00,542.2895797342115,0.0,1.5554174670979224,-0.3551219120656358,404.32894788329696,0.0,5.188440460733906,0.0
2021-06-22 00:00:00+00:00,544.2247479119421,0.0,1.5609679967372516,-0.3528206553184603,404.32894788329696,0.0,5.1893983243803365,0.0
2021-06-23 00:00:00+00:00,564.3839671065683,0.0,1.6187895054480508,-0.32884778323256847,404.32894788329696,0.0,5.19035636486271,0.0
2021-06-24 00:00:00+00:00,565.991675288013,0.0,1.6234008007427914,-0.3269359342560224,404.32894788329696,0.0,5.191314582213674,0.0
2021-06-25 00:00:00+00:00,553.0408382022563,0.0,1.5862546726047613,-0.3423367668906926,404.32894788329696,0.0,5.192272976465881,0.0
2021-06-26 00:00:00+00:00,558.5575383854657,0.0,1.6020779009063486,-0.33577643602909113,404.32894788329696,0.0,5.193231547651989,0.0
2021-06-27 00:00:00+00:00,673.1586833804294,100.0,1.64395751064535,-0.3184130958177238,460.98475636922325,0.0,6.651845847923194,0.0
2021-06-28 00:00:00+00:00,680.5428474195302,0.0,1.6619907801130434,-0.31093647903828836,460.98475636922325,0.0,6.653073878073602,0.0
2021-06-29 00:00:00+00:00,687.031399893024,0.0,1.677836827761794,-0.304366687245922,460.98475636922325,0.0,6.654302134936729,0.0
2021-06-30 00:00:00+00:00,697.3226486340909,0.0,1.702969647228427,-0.29394658788039163,460.98475636922325,0.0,6.655530618554428,0.0
2021-07-01 00:00:00+00:00,682.4617960033363,0.0,1.6666771490402754,-0.3089935044368862,460.98475636922325,0.0,6.656759328968562,0.0
2021-07-02 00:00:00+00:00,687.3563574207373,0.0,1.6786304242517667,-0.3040376611176505,460.98475636922325,0.0,6.657988266221,0.0
2021-07-03 00:00:00+00:00,690.7144392815625,0.0,1.686831378993586,-0.30063753470463805,460.98475636922325,0.0,6.659217430353621,0.0
2021-07-04 00:00:00+00:00,689.3048734071001,0.0,1.6833890013443296,-0.3020647489177729,460.98475636922325,0.0,6.66044682140831,0.0
2021-07-05 00:00:00+00:00,680.2072046378856,0.0,1.6611710885820552,-0.31127632420422047,460.98475636922325,0.0,6.661676439426959,0.0
2021-07-06 00:00:00+00:00,689.0293868608593,0.0,1.6827162206345865,-0.30234368466774086,460.98475636922325,0.0,6.66290628445147,0.0
2021-07-07 00:00:00+00:00,705.3786289720188,0.0,1.722643595896283,-0.28578974338852825,460.98475636922325,0.0,6.664136356523752,0.0
2021-07-08 00:00:00+00:00,681.8883380719594,0.0,1.665276676170206,-0.3095741422950552,460.98475636922325,0.0,6.665366655685721,0.0
2021-07-09 00:00:00+00:00,683.0824414868637,0.0,1.6681928612033712,-0.3083650882192005,460.98475636922325,0.0,6.666597181979301,0.0
2021-07-10 00:00:00+00:00,672.3082271273267,0.0,1.641880565076228,-0.31927420012939,460.98475636922325,0.0,6.667827935446424,0.0
2021-07-11 00:00:00+00:00,675.6084104080877,0.0,1.649940122539958,-0.3159326972102383,460.98475636922325,0.0,6.66905891612903,0.0
2021-07-12 00:00:00+00:00,666.2295834868285,0.0,1.6270355781302805,-0.3254289508632716,460.98475636922325,0.0,6.670290124069067,0.0
2021-07-13 00:00:00+00:00,655.3662085212353,0.0,1.6005055380274618,-0.33642833970660824,460.98475636922325,0.0,6.671521559308488,0.0
2021-07-14 00:00:00+00:00,670.2756611737798,0.0,1.6369167249777308,-0.3213322146362628,460.98475636922325,0.0,6.672753221889257,0.0
2021-07-15 00:00:00+00:00,651.493661387077,0.0,1.5910481796011282,-0.34034937270764754,460.98475636922325,0.0,6.673985111853345,0.0
2021-07-16 00:00:00+00:00,636.349388198659,0.0,1.5540635246215015,-0.3556832583625862,460.98475636922325,0.0,6.6752172292427305,0.0
2021-07-17 00:00:00+00:00,639.9269578542353,0.0,1.5628005024698848,-0.35206089607826474,460.98475636922325,0.0,6.676449574099399,0.0
2021-07-18 00:00:00+00:00,639.0985722618934,0.0,1.5607774568643493,-0.35289965339551144,460.98475636922325,0.0,6.677682146465345,0.0
2021-07-19 00:00:00+00:00,624.6782827901136,0.0,1.5255608819792639,-0.3675004907628995,460.98475636922325,0.0,6.6789149463825686,0.0
2021-07-20 00:00:00+00:00,617.7945499083894,0.0,1.5087497427165897,-0.3744704107831104,460.98475636922325,0.0,6.680147973893081,0.0
2021-07-21 00:00:00+00:00,639.3776351845618,0.0,1.5614589716378937,-0.3526170964914269,460.98475636922325,0.0,6.681381229038898,0.0
2021-07-22 00:00:00+00:00,646.0865012730901,0.0,1.5778430591739334,-0.3458242326678619,460.98475636922325,0.0,6.682614711862045,0.0
2021-07-23 00:00:00+00:00,651.5813779825115,0.0,1.5912623970797604,-0.340260557864723,460.98475636922325,0.0,6.683848422404555,0.0
2021-07-24 00:00:00+00:00,652.2850732032567,0.0,1.5929809295326733,-0.33954805209329475,460.98475636922325,0.0,6.685082360708468,0.0
2021-07-25 00:00:00+00:00,649.8598256187169,0.0,1.5870581002203379,-0.3420036647650663,460.98475636922325,0.0,6.6863165268158316,0.0
2021-07-26 00:00:00+00:00,649.4666915201684,0.0,1.5860980060108212,-0.3424017210625985,460.98475636922325,0.0,6.687550920768703,0.0
2021-07-27 00:00:00+00:00,748.8022571133026,100.0,1.5844753545313617,-0.34307447445877204,524.6463595216038,0.0,7.976226651663483,0.0
2021-07-28 00:00:00+00:00,747.0247242282762,0.0,1.5807140717341501,-0.34463390715755216,524.6463595216038,0.0,7.977699182302147,0.0
2021-07-29 00:00:00+00:00,773.875796466581,0.0,1.6375312912339277,-0.32107741467381623,524.6463595216038,0.0,7.979171984791973,0.0
2021-07-30 00:00:00+00:00,782.8521497664154,0.0,1.6565253720370277,-0.3132024442755298,524.6463595216038,0.0,7.980645059183149,0.0
2021-07-31 00:00:00+00:00,817.9413182142464,0.0,1.730774510696041,-0.28241865562582724,524.6463595216038,0.0,7.982118405525871,0.0
2021-08-01 00:00:00+00:00,797.4057810171341,0.0,1.6873210458169108,-0.30043451820814737,524.6463595216038,0.0,7.983592023870346,0.0
2021-08-02 00:00:00+00:00,789.4870407000905,0.0,1.6705648878965815,-0.3073816428929108,524.6463595216038,0.0,7.98506591426679,0.0
2021-08-03 00:00:00+00:00,797.0273088396887,0.0,1.6865201937470333,-0.30076655250920514,524.6463595216038,0.0,7.986540076765427,0.0
2021-08-04 00:00:00+00:00,810.2977584498575,0.0,1.7146006384186647,-0.28912436393202856,524.6463595216038,0.0,7.988014511416491,0.0
2021-08-05 00:00:00+00:00,823.0777502916517,0.0,1.741643268047612,-0.27791245481005467,524.6463595216038,0.0,7.989489218270227,0.0
2021-08-06 00:00:00+00:00,840.4892194229252,0.0,1.7784861641027612,-0.2626373425880357,524.6463595216038,0.0,7.9909641973768855,0.0
2021-08-07 00:00:00+00:00,840.0999521257672,0.0,1.7776624694186003,-0.2629788474664363,524.6463595216038,0.0,7.99243944878673,0.0
2021-08-08 00:00:00+00:00,825.6172582381125,0.0,1.7470169000253195,-0.27568454006153853,524.6463595216038,0.0,7.993914972550031,0.0
2021-08-09 00:00:00+00:00,833.6362311694436,0.0,1.7639851514664016,-0.2686494811295267,524.6463595216038,0.0,7.995390768717069,0.0
2021-08-10 00:00:00+00:00,849.6390277910257,0.0,1.7978472780954322,-0.25461019975597776,524.6463595216038,0.0,7.996866837338135,0.0
2021-08-11 00:00:00+00:00,857.5454009524343,0.0,1.8145772669529374,-0.24767392479841233,524.6463595216038,0.0,7.998343178463527,0.0
2021-08-12 00:00:00+00:00,853.4549526182881,0.0,1.8059218248614242,-0.2512624822527759,524.6463595216038,0.0,7.999819792143553,0.0
2021-08-13 00:00:00+00:00,883.3444896155548,0.0,1.8691684754699525,-0.22504033933909295,524.6463595216038,0.0,8.001296678428531,0.0
2021-08-14 00:00:00+00:00,877.8887967030621,0.0,1.8576241580221644,-0.22982662824205036,524.6463595216038,0.0,8.002773837368789,0.0
2021-08-15 00:00:00+00:00,953.1219342032277,0.0,2.0168184594290905,-0.16382446556035646,524.6463595216038,0.0,8.004251269014663,0.0
2021-08-16 00:00:00+00:00,1021.1296475370013,0.0,2.160723668944362,-0.10416118009581177,524.6463595216038,0.0,8.005728973416497,0.0
2021-08-17 00:00:00+00:00,1038.092490816508,0.0,2.1966172668386448,-0.08927964811563072,524.6463595216038,0.0,8.007206950624647,0.0
2021-08-18 00:00:00+00:00,1106.5814522593032,0.0,2.3415408036371423,-0.029194162846088667,524.6463595216038,0.0,8.008685200689477,0.0
2021-08-19 00:00:00+00:00,1107.4979127100992,0.0,2.343480045918926,-0.028390150494953525,524.6463595216038,0.0,8.01016372366136,0.0
2021-08-20 00:00:00+00:00,1154.7059621897738,0.0,2.443372895099699,0.0,524.6463595216038,0.0,8.01164251959068,0.0
2021-08-21 00:00:00+00:00,1116.022745876546,0.0,2.3615187042234544,-0.03350049067025629,524.6463595216038,0.0,8.013121588527827,0.0
2021-08-22 00:00:00+00:00,1107.90894224043,0.0,2.3443497897726697,-0.040527217734806165,524.6463595216038,0.0,8.014600930523203,0.0
2021-08-23 00:00:00+00:00,1130.846418623571,0.0,2.3928857893359465,-0.020662873794256575,524.6463595216038,0.0,8.01608054562722,0.0
2021-08-24 00:00:00+00:00,1090.1008442425848,0.0,2.306667621856347,-0.05594941055355118,524.6463595216038,0.0,8.017560433890297,0.0
2021-08-25 00:00:00+00:00,1101.800768291655,0.0,2.331424813931471,-0.04581702669811283,524.6463595216038,0.0,8.019040595362863,0.0
2021-08-26 00:00:00+00:00,1125.543795096348,0.0,2.3816653687062956,-0.025255058905319205,524.6463595216038,0.0,8.020521030095358,0.0
2021-08-27 00:00:00+00:00,1317.5614647233037,100.0,2.5763759592798214,0.0,244.78109467761203,0.013062740669197118,4.907853963199091,0.0
2021-08-28 00:00:00+00:00,1355.8092613959961,0.0,2.6511661732328697,0.0,244.78109467761203,0.013062740669197118,4.90876002638492,0.0
2021-08-29 00:00:00+00:00,1344.4604623494715,0.0,2.628974591425865,-0.008370498247548097,244.78109467761203,0.013062740669197118,4.909666256843553,0.0
2021-08-30 00:00:00+00:00,1399.8972990621373,0.0,2.7373764665482736,0.0,244.78109467761203,0.013062740669197118,4.910572654605872,0.0
2021-08-31 00:00:00+00:00,1391.81366115321,0.0,2.721569621152672,-0.005774450678876941,244.78109467761203,0.013062740669197118,4.9114792197027635,0.0
2021-09-01 00:00:00+00:00,1426.2305081304717,0.0,2.7888687487611517,0.0,244.78109467761203,0.013062740669197118,4.91238595216512,0.0
2021-09-02 00:00:00+00:00,1518.1087242419385,0.0,2.9685285471909806,0.0,244.78109467761203,0.013062740669197118,4.913292852023839,0.0
2021-09-03 00:00:00+00:00,1617.3457623674508,0.0,3.1625778770644812,0.0,244.78109467761203,0.013062740669197118,4.914199919309826,0.0
2021-09-04 00:00:00+00:00,1579.4262368896325,0.0,3.088429568659859,-0.02344552807453615,244.78109467761203,0.013062740669197118,4.915107154053988,0.0
2021-09-05 00:00:00+00:00,1618.9418629571555,0.0,3.165698911868555,0.0,244.78109467761203,0.013062740669197118,4.916014556287243,0.0
2021-09-06 00:00:00+00:00,1740.1729145445147,0.0,3.4027556072793272,0.0,244.78109467761203,0.013062740669197118,4.916922126040509,0.0
2021-09-07 00:00:00+00:00,1709.9966145546596,0.0,3.3437484976184466,-0.017340977863543827,244.78109467761203,0.013062740669197118,4.917829863344716,0.0
2021-09-08 00:00:00+00:00,1785.8755149498547,0.0,3.4921230365139233,0.0,244.78109467761203,0.013062740669197118,4.918737768230794,0.0
2021-09-09 00:00:00+00:00,1775.2302302818134,0.0,3.471307115410621,-0.005960821221259738,244.78109467761203,0.013062740669197118,4.919645840729682,0.0
2021-09-10 00:00:00+00:00,1714.3884137097812,0.0,3.352336275922677,-0.04002916252652744,244.78109467761203,0.013062740669197118,4.920554080872324,0.0
2021-09-11 00:00:00+00:00,1710.8034181254418,0.0,3.3453261312843345,-0.04203657880740985,829.6647741504435,0.0,4.921462488689669,0.0
2021-09-12 00:00:00+00:00,1687.58482693207,0.0,3.2999242113279768,-0.05503781601515756,829.6647741504435,0.0,4.922371064212673,0.0
2021-09-13 00:00:00+00:00,1664.3083999112218,0.0,3.2544091984803307,-0.06807143836229057,829.6647741504435,0.0,4.923279807472296,0.0
2021-09-14 00:00:00+00:00,1612.0198777456449,0.0,3.152163576503254,-0.0973503672281949,829.6647741504435,0.0,4.924188718499505,0.0
2021-09-15 00:00:00+00:00,1611.7210533877237,0.0,3.1515792516634584,-0.09751769376099051,829.6647741504435,0.0,4.925097797325273,0.0
2021-09-16 00:00:00+00:00,1579.8463868782458,0.0,3.089251135136214,-0.11536589552121956,829.6647741504435,0.0,4.9260070439805785,0.0
2021-09-17 00:00:00+00:00,1556.7791050953429,0.0,3.044145087469675,-0.1282824071088431,829.6647741504435,0.0,4.926916458496404,0.0
2021-09-18 00:00:00+00:00,1663.5514967921742,0.0,3.2529291407740075,-0.06849526584226406,829.6647741504435,0.0,4.9278260409037395,0.0
2021-09-19 00:00:00+00:00,1582.578453619285,0.0,3.094593452181165,-0.11383607627112691,829.6647741504435,0.0,4.9287357912335805,0.0
2021-09-20 00:00:00+00:00,1484.173835003006,0.0,2.902171845695942,-0.16893768766146078,829.6647741504435,0.0,4.929645709516928,0.0
2021-09-21 00:00:00+00:00,1442.4835540085348,0.0,2.8206501553872987,-0.19228213728601462,829.6647741504435,0.0,4.930555795784788,0.0
2021-09-22 00:00:00+00:00,1559.6203788815346,0.0,3.0497009493193636,-0.1266914374346374,829.6647741504435,0.0,4.931466050068175,0.0
2021-09-23 00:00:00+00:00,1569.0773311276434,0.0,3.068193190529567,-0.12139602229122826,829.6647741504435,0.0,4.932376472398105,0.0
2021-09-24 00:00:00+00:00,1516.0330031985868,0.0,2.9644696566287965,-0.151098164173467,829.6647741504435,0.0,4.9332870628056025,0.0
2021-09-25 00:00:00+00:00,1501.0117297194738,0.0,2.935096872963268,-0.15950931789239509,829.6647741504435,0.0,4.934197821321698,0.0
2021-09-26 00:00:00+00:00,1499.0629247261013,0.0,2.931286155612557,-0.1606005501630985,829.6647741504435,0.0,4.935108747977425,0.0
2021-09-27 00:00:00+00:00,1601.4962481505413,100.0,2.936044306286914,-0.15923801206675847,1119.353002120858,0.0,3.5360707446254738,0.0
2021-09-28 00:00:00+00:00,1586.9078562410953,0.0,2.9092992139689797,-0.16689670336665985,1119.353002120858,0.0,3.5367235561288752,0.0
2021-09-29 00:00:00+00:00,1597.7831721432858,0.0,2.92923707481041,-0.16118732238753675,1119.353002120858,0.0,3.537376488151036,0.0
2021-09-30 00:00:00+00:00,1619.5242382916254,0.0,2.969095259649216,-0.14977358225809512,1119.353002120858,0.0,3.538029540714206,0.0
2021-10-01 00:00:00+00:00,1691.0625813689517,0.0,3.100247452553786,-0.11221700377181854,1119.353002120858,0.0,3.5386827138406387,0.0
2021-10-02 00:00:00+00:00,1717.430000677095,0.0,3.1485871919821835,-0.09837449624188521,1119.353002120858,0.0,3.5393360075525915,0.0
2021-10-03 00:00:00+00:00,1731.700372316333,0.0,3.1747492535220516,-0.09088276090887559,1119.353002120858,0.0,3.5399894218723262,0.0
2021-10-04 00:00:00+00:00,1711.1006594945372,0.0,3.1369835268702255,-0.10169730732002569,1119.353002120858,0.0,3.5406429568221096,0.0
2021-10-05 00:00:00+00:00,1702.3212504581315,0.0,3.1208881198758784,-0.10630636800490201,1119.353002120858,0.0,3.541296612424211,0.0
2021-10-06 00:00:00+00:00,1664.3529084302663,0.0,3.0512802550065072,-0.1262391894265832,1119.353002120858,0.0,3.5419503887009047,0.0
2021-10-07 00:00:00+00:00,1665.8351392290017,0.0,3.0539976483830173,-0.1254610400463647,1119.353002120858,0.0,3.5426042856744697,0.0
2021-10-08 00:00:00+00:00,1682.2350161937695,0.0,3.084063760271708,-0.1168513457216468,1119.353002120858,0.0,3.543258303367188,0.0
2021-10-09 00:00:00+00:00,1675.1802294929812,0.0,3.0711301262723536,-0.12055500503265015,1119.353002120858,0.0,3.5439124418013463,0.0
2021-10-10 00:00:00+00:00,1642.3538188532953,0.0,3.0109490323948074,-0.13778838806305538,1119.353002120858,0.0,3.544566700999235,0.0
2021-10-11 00:00:00+00:00,1632.5946580147886,0.0,2.9930574334309474,-0.14291180404146853,1119.353002120858,0.0,3.5452210809831493,0.0
2021-10-12 00:00:00+00:00,1659.460770736885,0.0,3.0423114341074196,-0.12880748980011214,1119.353002120858,0.0,3.5458755817753875,0.0
2021-10-13 00:00:00+00:00,1644.3813334319354,0.0,3.014666101755042,-0.1367239727141778,1119.353002120858,0.0,3.546530203398253,0.0
2021-10-14 00:00:00+00:00,1651.5016877008834,0.0,3.0277199416464766,-0.13298589139374817,1119.353002120858,0.0,3.547184945874053,0.0
2021-10-15 00:00:00+00:00,1698.2895021902095,0.0,3.113496662318557,-0.10842297657797795,1119.353002120858,0.0,3.5478398092250987,0.0
2021-10-16 00:00:00+00:00,1678.3828718847055,0.0,3.0770015730335647,-0.11887366485653994,1119.353002120858,0.0,3.5484947934737052,0.0
2021-10-17 00:00:00+00:00,1687.6428838914458,0.0,3.0939780758258353,-0.11401229467720686,1119.353002120858,0.0,3.5491498986421925,0.0
2021-10-18 00:00:00+00:00,1677.0983833220312,0.0,3.0746467031203286,-0.11954800246968056,1119.353002120858,0.0,3.549805124752884,0.0
2021-10-19 00:00:00+00:00,1672.4437344222406,0.0,3.0661132735754406,-0.12199162471771174,1119.353002120858,0.0,3.5504604718281074,0.0
2021-10-20 00:00:00+00:00,1746.906211018253,0.0,3.202626319231477,-0.08289991911952854,1119.353002120858,0.0,3.5511159398901944,0.0
2021-10-21 00:00:00+00:00,1795.96547838802,0.0,3.2925673245869085,-0.05714452493238187,1119.353002120858,0.0,3.5517715289614813,0.0
2021-10-22 00:00:00+00:00,1816.6589448767909,0.0,3.3305049310794987,-0.04628075922426911,1119.353002120858,0.0,3.552427239064308,0.0
2021-10-23 00:00:00+00:00,1821.9751792570646,0.0,3.340251254057848,-0.04348981432443577,1119.353002120858,0.0,3.5530830702210188,0.0
2021-10-24 00:00:00+00:00,1837.705808119702,0.0,3.369090424527211,-0.03523146541524258,1119.353002120858,0.0,3.553739022453962,0.0
2021-10-25 00:00:00+00:00,1864.7096537070752,0.0,3.418596932691822,-0.021054843444319182,1119.353002120858,0.0,3.55439509578549,0.0
2021-10-26 00:00:00+00:00,1829.8300024749142,0.0,3.354651605611772,-0.039366147602687196,1119.353002120858,0.0,3.5550512902379596,0.0
2021-10-27 00:00:00+00:00,1801.83460980062,100.0,3.1199959551059995,-0.10656184719637096,0.0,0.015971975966526736,2.8969314273760634,31.708863167253796
2021-10-28 00:00:00+00:00,1867.2687627579674,0.0,3.233299524391585,-0.07411637832231532,333.5292500834742,0.015971975966526736,2.89746624421004,0.0
2021-10-29 00:00:00+00:00,1908.6324224619482,0.0,3.3049234405173173,-0.05360624297575767,333.5292500834742,0.015971975966526736,2.8980011597791964,0.0
2021-10-30 00:00:00+00:00,1888.7862753439997,0.0,3.270558522452341,-0.06344693807889523,333.5292500834742,0.015971975966526736,2.8985361741017606,0.0
2021-10-31 00:00:00+00:00,1899.6411273806805,0.0,3.2893544176269076,-0.05806456896473877,333.5292500834742,0.015971975966526736,2.899071287195964,0.0
2021-11-01 00:00:00+00:00,1897.629800260361,0.0,3.2858716715159946,-0.05906188380001154,333.5292500834742,0.015971975966526736,2.8996064990800416,0.0
2021-11-02 00:00:00+00:00,1983.686725401439,0.0,3.4348849366007035,-0.01639063094705817,333.5292500834742,0.015971975966526736,2.9001418097722316,0.0
2021-11-03 00:00:00+00:00,2044.0481318813997,0.0,3.5394047094131627,0.0,333.5292500834742,0.015971975966526736,2.900677219290775,0.0
2021-11-04 00:00:00+00:00,2030.931502889596,0.0,3.516692397652439,-0.006416986365057276,333.5292500834742,0.015971975966526736,2.901212727653917,0.0
2021-11-05 00:00:00+00:00,1991.8021781245805,0.0,3.4489373804445127,-0.02556004085321162,333.5292500834742,0.015971975966526736,2.901748334879905,0.0
2021-11-06 00:00:00+00:00,2065.4026432038904,0.0,3.57638145999118,0.0,333.5292500834742,0.015971975966526736,2.902284040986992,0.0
2021-11-07 00:00:00+00:00,2068.9095680269807,0.0,3.582453932571842,0.0,333.5292500834742,0.015971975966526736,2.902819845993432,0.0
2021-11-08 00:00:00+00:00,2132.837282437759,0.0,3.693149003748697,0.0,333.5292500834742,0.015971975966526736,2.903355749917483,0.0
2021-11-09 00:00:00+00:00,2096.9619512025893,0.0,3.6310284918365614,-0.016820472677674392,333.5292500834742,0.015971975966526736,2.9038917527774073,0.0
2021-11-10 00:00:00+00:00,2046.822951320053,0.0,3.544209493036287,-0.040328595071910334,333.5292500834742,0.015971975966526736,2.9044278545914697,0.0
2021-11-11 00:00:00+00:00,2046.0336356565779,0.0,3.5428427406917877,-0.04069867284107476,333.5292500834742,0.015971975966526736,2.9049640553779383,0.0
2021-11-12 00:00:00+00:00,2021.5366877094077,0.0,3.5004246529872396,-0.052184287870820856,333.5292500834742,0.015971975966526736,2.9055003551550853,0.0
2021-11-13 00:00:00+00:00,2063.874482193117,0.0,3.5737353479970877,-0.032333831001781776,333.5292500834742,0.015971975966526736,2.9060367539411858,0.0
2021-11-14 00:00:00+00:00,2073.6233814306343,0.0,3.5906162126571113,-0.027762971650347912,333.5292500834742,0.015971975966526736,2.9065732517545184,0.0
2021-11-15 00:00:00+00:00,2041.9281386122925,0.0,3.5357338006691035,-0.0426235721655992,333.5292500834742,0.015971975966526736,2.907109848613365,0.0
2021-11-16 00:00:00+00:00,1929.6789774153956,0.0,3.3413669442476297,-0.09525260398212854,333.5292500834742,0.015971975966526736,2.9076465445360107,0.0
2021-11-17 00:00:00+00:00,1934.073723785705,0.0,3.3489767386341405,-0.09319208750180608,333.5292500834742,0.015971975966526736,2.908183339540744,0.0
2021-11-18 00:00:00+00:00,1809.4303701835245,0.0,3.1331485172455626,-0.151632248234423,333.5292500834742,0.015971975966526736,2.9087202336458575,0.0
2021-11-19 00:00:00+00:00,1886.9558502502075,0.0,3.2673890201807723,-0.11528372755492966,333.5292500834742,0.015971975966526736,2.9092572268696464,0.0
2021-11-20 00:00:00+00:00,1920.4347025187428,0.0,3.325359870053048,-0.09958686565917807,333.5292500834742,0.015971975966526736,2.909794319230409,0.0
2021-11-21 00:00:00+00:00,1940.6992611748876,0.0,3.3604492954061196,-0.09008564452852397,333.5292500834742,0.015971975966526736,2.910331510746448,0.0
2021-11-22 00:00:00+00:00,1859.4620621299796,0.0,3.2197817052479416,-0.12817443813403362,333.5292500834742,0.015971975966526736,2.910868801436069,0.0
2021-11-23 00:00:00+00:00,1898.1813545315733,0.0,3.2868267242638134,-0.11002054860836907,333.5292500834742,0.015971975966526736,2.9114061913175804,0.0
2021-11-24 00:00:00+00:00,1845.127459792101,0.0,3.1949603919770286,-0.13489534575127793,333.5292500834742,0.015971975966526736,2.911943680409295,0.0
2021-11-25 00:00:00+00:00,1886.7763949763776,0.0,3.267078281489537,-0.11536786677891431,333.5292500834742,0.015971975966526736,2.9124812687295285,0.0
2021-11-26 00:00:00+00:00,1752.1712035789435,0.0,3.034000478226154,-0.17847872502665885,333.5292500834742,0.015971975966526736,2.9130189562965993,0.0
2021-11-27 00:00:00+00:00,1859.5752863408618,100.0,3.0468211378709436,-0.17500725403218342,-5.684341886080802e-14,0.017235221786309426,2.8883154214767046,29.11323813062637
2021-11-28 00:00:00+00:00,1920.3702517086695,0.0,3.146430649203638,-0.14803582362642764,-5.684341886080802e-14,0.017235221786309426,2.888848647667232,29.12507885827907
2021-11-29 00:00:00+00:00,1945.5545612141245,0.0,3.1876938812478177,-0.136862910753891,-5.684341886080802e-14,0.017235221786309426,2.889381972299283,29.1369244017077
2021-11-30 00:00:00+00:00,1978.1352807756139,0.0,3.2410757613879455,-0.12240861170287975,-5.684341886080802e-14,0.017235221786309426,2.8899153953910313,29.148774762870893
2021-12-01 00:00:00+00:00,2021.428102073498,0.0,3.312008884675477,-0.10320193382025666,-5.684341886080802e-14,0.017235221786309426,2.8904489169606538,29.160629943728086
2021-12-02 00:00:00+00:00,2012.1280693959277,0.0,3.2967712460850715,-0.1073278541594953,-5.684341886080802e-14,0.017235221786309426,2.890982537026331,29.17248994623951
2021-12-03 00:00:00+00:00,1880.5701831540848,0.0,3.0812202266670847,-0.1656929564608629,-5.684341886080802e-14,0.017235221786309426,2.891516255606247,29.18435477236619
2021-12-04 00:00:00+00:00,1737.3901359244383,0.0,2.846626877516346,-0.22921418154888862,-5.684341886080802e-14,0.017235221786309426,2.892050072718589,29.19622442406996
2021-12-05 00:00:00+00:00,1706.721004234895,0.0,2.796377038535253,-0.2428204126893293,-5.684341886080802e-14,0.017235221786309426,2.8925839883815474,29.208098903313438
2021-12-06 00:00:00+00:00,1716.7839793950664,0.0,2.8128647202403645,-0.23835601613008517,287.41438028195574,0.017235221786309426,2.893118002613316,0.0
2021-12-07 00:00:00+00:00,1709.6698493025037,0.0,2.8012085737520795,-0.24151216999131675,287.41438028195574,0.017235221786309426,2.893652115432092,0.0
2021-12-08 00:00:00+00:00,1720.5341348203792,0.0,2.8190091624170663,-0.23669227546582683,287.41438028195574,0.017235221786309426,2.894186326856077,0.0
2021-12-09 00:00:00+00:00,1631.1360234424794,0.0,2.672534826350848,-0.2763533711642514,287.41438028195574,0.017235221786309426,2.8947206369034735,0.0
2021-12-10 00:00:00+00:00,1584.5287843900735,0.0,2.596171195275658,-0.2970304765281774,287.41438028195574,0.017235221786309426,2.89525504559249,0.0
2021-12-11 00:00:00+00:00,1637.1719834944115,0.0,2.6824244451302834,-0.2736755429018669,287.41438028195574,0.017235221786309426,2.895789552941337,0.0
2021-12-12 00:00:00+00:00,1650.589262721419,0.0,2.7044079863516792,-0.26772302346680443,287.41438028195574,0.017235221786309426,2.8963241589682283,0.0
2021-12-13 00:00:00+00:00,1541.9680987960578,0.0,2.526437639736053,-0.31591234548846636,287.41438028195574,0.017235221786309426,2.8968588636913815,0.0
2021-12-14 00:00:00+00:00,1558.3735135022255,0.0,2.5533170915492924,-0.30863415232974045,1091.1398107410002,0.0,2.897393667129017,0.0
2021-12-15 00:00:00+00:00,1608.478018932322,0.0,2.635410818739752,-0.2864054994627343,1091.1398107410002,0.0,2.8979285692993595,0.0
2021-12-16 00:00:00+00:00,1603.762077770222,0.0,2.627683984917436,-0.288497706902638,1091.1398107410002,0.0,2.8984635702206365,0.0
2021-12-17 00:00:00+00:00,1599.9430672970936,0.0,2.6214267271872718,-0.29019199481894264,1091.1398107410002,0.0,2.898998669911079,0.0
2021-12-18 00:00:00+00:00,1621.1166112051271,0.0,2.6561185203168614,-0.28079844121621067,1091.1398107410002,0.0,2.8995338683889207,0.0
2021-12-19 00:00:00+00:00,1612.949255720435,0.0,2.6427367166791975,-0.2844218540880121,1091.1398107410002,0.0,2.9000691656723996,0.0
2021-12-20 00:00:00+00:00,1595.5549440344998,0.0,2.614237006604158,-0.29213876722802123,1091.1398107410002,0.0,2.9006045617797565,0.0
2021-12-21 00:00:00+00:00,1612.271599131273,0.0,2.6416264102370532,-0.2847224935804933,1091.1398107410002,0.0,2.901140056729236,0.0
2021-12-22 00:00:00+00:00,1608.7987467971732,0.0,2.6359363153116355,-0.2862632098959309,1091.1398107410002,0.0,2.9016756505390857,0.0
2021-12-23 00:00:00+00:00,1642.647032294533,0.0,2.691395038866183,-0.2712465605546087,1091.1398107410002,0.0,2.902211343227557,0.0
2021-12-24 00:00:00+00:00,1643.7067553239847,0.0,2.693131342069468,-0.27077641889459925,1091.1398107410002,0.0,2.9027471348129037,0.0
2021-12-25 00:00:00+00:00,1651.7637629290148,0.0,2.7063323462231086,-0.2672019613949854,1091.1398107410002,0.0,2.9032830253133843,0.0
2021-12-26 00:00:00+00:00,1665.5442500481558,0.0,2.7289109854173175,-0.2610883063078794,1091.1398107410002,0.0,2.90381901474726,0.0
2021-12-27 00:00:00+00:00,1757.2540843622583,100.0,2.7153279634048304,-0.26476620340834833,353.0859709523439,0.017361932422676304,2.677432096885252,0.0
2021-12-28 00:00:00+00:00,1653.3870795813864,0.0,2.554831547396237,-0.30822408064148543,353.0859709523439,0.017361932422676304,2.6779263908625657,0.0
2021-12-29 00:00:00+00:00,1634.3183449026428,0.0,2.525366332911485,-0.3162024249906692,1177.2994078777347,0.0,2.6784207760939345,0.0
2021-12-30 00:00:00+00:00,1639.465867255632,0.0,2.533320339968123,-0.31404870548231356,1177.2994078777347,0.0,2.678915252596205,0.0
2021-12-31 00:00:00+00:00,1632.7722832451896,0.0,2.5229773417638817,-0.31684929603355927,1177.2994078777347,0.0,2.679409820386228,0.0
2022-01-01 00:00:00+00:00,1657.1631039735767,0.0,2.560666301012037,-0.3066441948557027,1177.2994078777347,0.0,2.6799044794808555,0.0
2022-01-02 00:00:00+00:00,1649.9878120700607,0.0,2.549578962576127,-0.30964633162967414,1177.2994078777347,0.0,2.680399229896944,0.0
2022-01-03 00:00:00+00:00,1633.4535341692124,0.0,2.524030018039075,-0.3165642611557017,1177.2994078777347,0.0,2.680894071651353,0.0
2022-01-04 00:00:00+00:00,1627.0219717562404,0.0,2.5140918984331875,-0.3192552220662417,1177.2994078777347,0.0,2.681389004760945,0.0
2022-01-05 00:00:00+00:00,1591.7041280762992,0.0,2.459518385470713,-0.33403218148680114,1177.2994078777347,0.0,2.681884029242586,0.0
2022-01-06 00:00:00+00:00,1580.3536982224355,0.0,2.4419795788444385,-0.3387811928612332,1177.2994078777347,0.0,2.6823791451131433,0.0
2022-01-07 00:00:00+00:00,1543.3776132612807,0.0,2.3848437335698525,-0.354251959195489,1177.2994078777347,0.0,2.68287435238949,0.0
2022-01-08 00:00:00+00:00,1558.713570083454,0.0,2.408541019452064,-0.347835406313881,1177.2994078777347,0.0,2.6833696510885003,0.0
2022-01-09 00:00:00+00:00,1555.2412829833281,0.0,2.4031756039758134,-0.3492882086434931,1177.2994078777347,0.0,2.6838650412270524,0.0
2022-01-10 00:00:00+00:00,1541.9966285083353,0.0,2.382709821035474,-0.3548297621848113,1177.2994078777347,0.0,2.6843605228220273,0.0
2022-01-11 00:00:00+00:00,1553.7162325215559,0.0,2.4008190795543856,-0.3499262886178012,1177.2994078777347,0.0,2.684856095890309,0.0
2022-01-12 00:00:00+00:00,1584.15705310333,0.0,2.4478565638261482,-0.33718987201938677,1177.2994078777347,0.0,2.685351760448785,0.0
2022-01-13 00:00:00+00:00,1569.8091639411412,0.0,2.425686050748602,-0.34319301812993963,1177.2994078777347,0.0,2.6858475165143463,0.0
2022-01-14 00:00:00+00:00,1569.9622174087995,0.0,2.4259225506175324,-0.3431289806733706,1177.2994078777347,0.0,2.6863433641038856,0.0
2022-01-15 00:00:00+00:00,1573.9843626072468,0.0,2.4321376127576113,-0.3414461181260511,1177.2994078777347,0.0,2.6868393032343003,0.0
2022-01-16 00:00:00+00:00,1574.9712905915846,0.0,2.433662624523176,-0.3410331881944354,1177.2994078777347,0.0,2.6873353339224897,0.0
2022-01-17 00:00:00+00:00,1553.0582454524476,0.0,2.3998023508387103,-0.3502015899161358,1177.2994078777347,0.0,2.687831456185357,0.0
2022-01-18 00:00:00+00:00,1556.9450414407563,0.0,2.4058082699195213,-0.34857535737726053,1177.2994078777347,0.0,2.688327670039808,0.0
2022-01-19 00:00:00+00:00,1540.9628505644819,0.0,2.381112416207182,-0.35526229410450116,1177.2994078777347,0.0,2.6888239755027525,0.0
2022-01-20 00:00:00+00:00,1540.4308685106482,0.0,2.380290391800092,-0.35548487499854453,1540.4308685106482,0.0,0.0,0.0
2022-01-21 00:00:00+00:00,1540.4308685106482,0.0,2.380290391800092,-0.35548487499854453,1540.4308685106482,0.0,0.0,0.0
2022-01-22 00:00:00+00:00,1540.4308685106482,0.0,2.380290391800092,-0.35548487499854453,1540.4308685106482,0.0,0.0,0.0
2022-01-23 00:00:00+00:00,1540.4308685106482,0.0,2.380290391800092,-0.35548487499854453,1540.4308685106482,0.0,0.0,0.0
2022-01-24 00:00:00+00:00,1540.4308685106482,0.0,2.380290391800092,-0.35548487499854453,1540.4308685106482,0.0,0.0,0.0
2022-01-25 00:00:00+00:00,1540.4308685106482,0.0,2.380290391800092,-0.35548487499854453,1540.4308685106482,0.0,0.0,0.0
2022-01-26 00:00:00+00:00,1540.4308685106482,0.0,2.380290391800092,-0.35548487499854453,1540.4308685106482,0.0,0.0,0.0
2022-01-27 00:00:00+00:00,1640.4308685106482,100.0,2.380290391800092,-0.35548487499854453,1640.4308685106482,0.0,0.0,0.0
2022-01-28 00:00:00+00:00,1640.4308685106482,0.0,2.380290391800092,-0.35548487499854453,1640.4308685106482,0.0,0.0,0.0
2022-01-29 00:00:00+00:00,1640.4308685106482,0.0,2.380290391800092,-0.35548487499854453,1640.4308685106482,0.0,0.0,0.0
2022-01-30 00:00:00+00:00,1640.4308685106482,0.0,2.380290391800092,-0.35548487499854453,1640.4308685106482,0.0,0.0,0.0
2022-01-31 00:00:00+00:00,1640.4308685106482,0.0,2.380290391800092,-0.35548487499854453,1640.4308685106482,0.0,0.0,0.0
2022-02-01 00:00:00+00:00,1640.4308685106482,0.0,2.380290391800092,-0.35548487499854453,1640.4308685106482,0.0,0.0,0.0
2022-02-02 00:00:00+00:00,1640.4308685106482,0.0,2.380290391800092,-0.35548487499854453,1640.4308685106482,0.0,0.0,0.0
2022-02-03 00:00:00+00:00,1640.4308685106482,0.0,2.380290391800092,-0.35548487499854453,1640.4308685106482,0.0,0.0,0.0
2022-02-04 00:00:00+00:00,1640.4308685106482,0.0,2.380290391800092,-0.35548487499854453,1640.4308685106482,0.0,0.0,0.0
2022-02-05 00:00:00+00:00,1640.4308685106482,0.0,2.380290391800092,-0.35548487499854453,1640.4308685106482,0.0,0.0,0.0
2022-02-06 00:00:00+00:00,1640.4308685106482,0.0,2.380290391800092,-0.35548487499854453,1640.4308685106482,0.0,0.0,0.0
2022-02-07 00:00:00+00:00,1640.4308685106482,0.0,2.380290391800092,-0.35548487499854453,1640.4308685106482,0.0,0.0,0.0
2022-02-08 00:00:00+00:00,1640.4308685106482,0.0,2.380290391800092,-0.35548487499854453,1640.4308685106482,0.0,0.0,0.0
2022-02-09 00:00:00+00:00,1640.4308685106482,0.0,2.380290391800092,-0.35548487499854453,1640.4308685106482,0.0,0.0,0.0
2022-02-10 00:00:00+00:00,1640.4308685106482,0.0,2.380290391800092,-0.35548487499854453,1640.4308685106482,0.0,0.0,0.0
2022-02-11 00:00:00+00:00,1640.4308685106482,0.0,2.380290391800092,-0.35548487499854453,1640.4308685106482,0.0,0.0,0.0
2022-02-12 00:00:00+00:00,1640.4308685106482,0.0,2.380290391800092,-0.35548487499854453,1640.4308685106482,0.0,0.0,0.0
2022-02-13 00:00:00+00:00,1640.4308685106482,0.0,2.380290391800092,-0.35548487499854453,1640.4308685106482,0.0,0.0,0.0
2022-02-14 00:00:00+00:00,1640.4308685106482,0.0,2.380290391800092,-0.35548487499854453,1640.4308685106482,0.0,0.0,0.0
2022-02-15 00:00:00+00:00,1640.4308685106482,0.0,2.380290391800092,-0.35548487499854453,1640.4308685106482,0.0,0.0,0.0
2022-02-16 00:00:00+00:00,1640.4308685106482,0.0,2.380290391800092,-0.35548487499854453,1640.4308685106482,0.0,0.0,0.0
2022-02-17 00:00:00+00:00,1640.4308685106482,0.0,2.380290391800092,-0.35548487499854453,1640.4308685106482,0.0,0.0,0.0
2022-02-18 00:00:00+00:00,1640.4308685106482,0.0,2.380290391800092,-0.35548487499854453,1640.4308685106482,0.0,0.0,0.0
2022-02-19 00:00:00+00:00,1640.4308685106482,0.0,2.380290391800092,-0.35548487499854453,1640.4308685106482,0.0,0.0,0.0
2022-02-20 00:00:00+00:00,1640.4308685106482,0.0,2.380290391800092,-0.35548487499854453,1640.4308685106482,0.0,0.0,0.0
2022-02-21 00:00:00+00:00,1640.4308685106482,0.0,2.380290391800092,-0.35548487499854453,1640.4308685106482,0.0,0.0,0.0
2022-02-22 00:00:00+00:00,1640.4308685106482,0.0,2.380290391800092,-0.35548487499854453,1640.4308685106482,0.0,0.0,0.0
2022-02-23 00:00:00+00:00,1640.4308685106482,0.0,2.380290391800092,-0.35548487499854453,1640.4308685106482,0.0,0.0,0.0
2022-02-24 00:00:00+00:00,1640.4308685106482,0.0,2.380290391800092,-0.35548487499854453,1640.4308685106482,0.0,0.0,0.0
2022-02-25 00:00:00+00:00,1640.4308685106482,0.0,2.380290391800092,-0.35548487499854453,1640.4308685106482,0.0,0.0,0.0
2022-02-26 00:00:00+00:00,1640.4308685106482,0.0,2.380290391800092,-0.35548487499854453,1640.4308685106482,0.0,0.0,0.0
2022-02-27 00:00:00+00:00,1740.4308685106482,100.0,2.380290391800092,-0.35548487499854453,1740.4308685106482,0.0,0.0,0.0
2022-02-28 00:00:00+00:00,1740.4308685106482,0.0,2.380290391800092,-0.35548487499854453,1740.4308685106482,0.0,0.0,0.0
2022-03-01 00:00:00+00:00,1740.4308685106482,0.0,2.380290391800092,-0.35548487499854453,1740.4308685106482,0.0,0.0,0.0
2022-03-02 00:00:00+00:00,1740.4308685106482,0.0,2.380290391800092,-0.35548487499854453,1740.4308685106482,0.0,0.0,0.0
2022-03-03 00:00:00+00:00,1740.4308685106482,0.0,2.380290391800092,-0.35548487499854453,1740.4308685106482,0.0,0.0,0.0
2022-03-04 00:00:00+00:00,1740.4308685106482,0.0,2.380290391800092,-0.35548487499854453,1740.4308685106482,0.0,0.0,0.0
2022-03-05 00:00:00+00:00,1740.4308685106482,0.0,2.380290391800092,-0.35548487499854453,1740.4308685106482,0.0,0.0,0.0
2022-03-06 00:00:00+00:00,1740.4308685106482,0.0,2.380290391800092,-0.35548487499854453,1740.4308685106482,0.0,0.0,0.0
2022-03-07 00:00:00+00:00,1740.4308685106482,0.0,2.380290391800092,-0.35548487499854453,1740.4308685106482,0.0,0.0,0.0
2022-03-08 00:00:00+00:00,1740.4308685106482,0.0,2.380290391800092,-0.35548487499854453,1740.4308685106482,0.0,0.0,0.0
2022-03-09 00:00:00+00:00,1740.4308685106482,0.0,2.380290391800092,-0.35548487499854453,1740.4308685106482,0.0,0.0,0.0
2022-03-10 00:00:00+00:00,1740.4308685106482,0.0,2.380290391800092,-0.35548487499854453,1740.4308685106482,0.0,0.0,0.0
2022-03-11 00:00:00+00:00,1740.4308685106482,0.0,2.380290391800092,-0.35548487499854453,1740.4308685106482,0.0,0.0,0.0
2022-03-12 00:00:00+00:00,1740.4308685106482,0.0,2.380290391800092,-0.35548487499854453,1740.4308685106482,0.0,0.0,0.0
2022-03-13 00:00:00+00:00,1740.4308685106482,0.0,2.380290391800092,-0.35548487499854453,1740.4308685106482,0.0,0.0,0.0
2022-03-14 00:00:00+00:00,1740.4308685106482,0.0,2.380290391800092,-0.35548487499854453,1740.4308685106482,0.0,0.0,0.0
2022-03-15 00:00:00+00:00,1740.4308685106482,0.0,2.380290391800092,-0.35548487499854453,1740.4308685106482,0.0,0.0,0.0
2022-03-16 00:00:00+00:00,1740.4308685106482,0.0,2.380290391800092,-0.35548487499854453,1740.4308685106482,0.0,0.0,0.0
2022-03-17 00:00:00+00:00,1740.4308685106482,0.0,2.380290391800092,-0.35548487499854453,1740.4308685106482,0.0,0.0,0.0
2022-03-18 00:00:00+00:00,1740.4308685106482,0.0,2.380290391800092,-0.35548487499854453,1740.4308685106482,0.0,0.0,0.0
2022-03-19 00:00:00+00:00,1740.4308685106482,0.0,2.380290391800092,-0.35548487499854453,1740.4308685106482,0.0,0.0,0.0
2022-03-20 00:00:00+00:00,1740.4308685106482,0.0,2.380290391800092,-0.35548487499854453,1740.4308685106482,0.0,0.0,0.0
2022-03-21 00:00:00+00:00,1740.4308685106482,0.0,2.380290391800092,-0.35548487499854453,1740.4308685106482,0.0,0.0,0.0
2022-03-22 00:00:00+00:00,1740.4308685106482,0.0,2.380290391800092,-0.35548487499854453,1740.4308685106482,0.0,0.0,0.0
2022-03-23 00:00:00+00:00,1740.4308685106482,0.0,2.380290391800092,-0.35548487499854453,1740.4308685106482,0.0,0.0,0.0
2022-03-24 00:00:00+00:00,1740.4308685106482,0.0,2.380290391800092,-0.35548487499854453,1740.4308685106482,0.0,0.0,0.0
2022-03-25 00:00:00+00:00,1740.4308685106482,0.0,2.380290391800092,-0.35548487499854453,1740.4308685106482,0.0,0.0,0.0
2022-03-26 00:00:00+00:00,1740.4308685106482,0.0,2.380290391800092,-0.35548487499854453,1740.4308685106482,0.0,0.0,0.0
2022-03-27 00:00:00+00:00,1840.4308685106482,100.0,2.380290391800092,-0.35548487499854453,1840.4308685106482,0.0,0.0,0.0
2022-03-28 00:00:00+00:00,1840.4308685106482,0.0,2.380290391800092,-0.35548487499854453,1840.4308685106482,0.0,0.0,0.0
2022-03-29 00:00:00+00:00,1840.4308685106482,0.0,2.380290391800092,-0.35548487499854453,1840.4308685106482,0.0,0.0,0.0
2022-03-30 00:00:00+00:00,1840.4308685106482,0.0,2.380290391800092,-0.35548487499854453,1840.4308685106482,0.0,0.0,0.0
2022-03-31 00:00:00+00:00,1840.4308685106482,0.0,2.380290391800092,-0.35548487499854453,1840.4308685106482,0.0,0.0,0.0
2022-04-01 00:00:00+00:00,1840.4308685106482,0.0,2.380290391800092,-0.35548487499854453,1840.4308685106482,0.0,0.0,0.0
2022-04-02 00:00:00+00:00,1840.4308685106482,0.0,2.380290391800092,-0.35548487499854453,1840.4308685106482,0.0,0.0,0.0
2022-04-03 00:00:00+00:00,1840.4308685106482,0.0,2.380290391800092,-0.35548487499854453,1840.4308685106482,0.0,0.0,0.0
2022-04-04 00:00:00+00:00,1840.4308685106482,0.0,2.380290391800092,-0.35548487499854453,1840.4308685106482,0.0,0.0,0.0
2022-04-05 00:00:00+00:00,1840.4308685106482,0.0,2.380290391800092,-0.35548487499854453,1840.4308685106482,0.0,0.0,0.0
2022-04-06 00:00:00+00:00,1840.4308685106482,0.0,2.380290391800092,-0.35548487499854453,1840.4308685106482,0.0,0.0,0.0
2022-04-07 00:00:00+00:00,1840.4308685106482,0.0,2.380290391800092,-0.35548487499854453,1840.4308685106482,0.0,0.0,0.0
2022-04-08 00:00:00+00:00,1840.4308685106482,0.0,2.380290391800092,-0.35548487499854453,1840.4308685106482,0.0,0.0,0.0
2022-04-09 00:00:00+00:00,1840.4308685106482,0.0,2.380290391800092,-0.35548487499854453,1840.4308685106482,0.0,0.0,0.0
2022-04-10 00:00:00+00:00,1840.4308685106482,0.0,2.380290391800092,-0.35548487499854453,1840.4308685106482,0.0,0.0,0.0
2022-04-11 00:00:00+00:00,1840.4308685106482,0.0,2.380290391800092,-0.35548487499854453,1840.4308685106482,0.0,0.0,0.0
2022-04-12 00:00:00+00:00,1840.4308685106482,0.0,2.380290391800092,-0.35548487499854453,1840.4308685106482,0.0,0.0,0.0
2022-04-13 00:00:00+00:00,1840.4308685106482,0.0,2.380290391800092,-0.35548487499854453,1840.4308685106482,0.0,0.0,0.0
2022-04-14 00:00:00+00:00,1840.4308685106482,0.0,2.380290391800092,-0.35548487499854453,1840.4308685106482,0.0,0.0,0.0
2022-04-15 00:00:00+00:00,1840.4308685106482,0.0,2.380290391800092,-0.35548487499854453,1840.4308685106482,0.0,0.0,0.0
2022-04-16 00:00:00+00:00,1840.4308685106482,0.0,2.380290391800092,-0.35548487499854453,1840.4308685106482,0.0,0.0,0.0
2022-04-17 00:00:00+00:00,1840.4308685106482,0.0,2.380290391800092,-0.35548487499854453,1840.4308685106482,0.0,0.0,0.0
2022-04-18 00:00:00+00:00,1840.4308685106482,0.0,2.380290391800092,-0.35548487499854453,1840.4308685106482,0.0,0.0,0.0
2022-04-19 00:00:00+00:00,1840.4308685106482,0.0,2.380290391800092,-0.35548487499854453,1840.4308685106482,0.0,0.0,0.0
2022-04-20 00:00:00+00:00,1840.4308685106482,0.0,2.380290391800092,-0.35548487499854453,1840.4308685106482,0.0,0.0,0.0
2022-04-21 00:00:00+00:00,1840.4308685106482,0.0,2.380290391800092,-0.35548487499854453,1840.4308685106482,0.0,0.0,0.0
2022-04-22 00:00:00+00:00,1840.4308685106482,0.0,2.380290391800092,-0.35548487499854453,1840.4308685106482,0.0,0.0,0.0
2022-04-23 00:00:00+00:00,1840.4308685106482,0.0,2.380290391800092,-0.35548487499854453,1840.4308685106482,0.0,0.0,0.0
2022-04-24 00:00:00+00:00,1840.4308685106482,0.0,2.380290391800092,-0.35548487499854453,1840.4308685106482,0.0,0.0,0.0
2022-04-25 00:00:00+00:00,1840.4308685106482,0.0,2.380290391800092,-0.35548487499854453,1840.4308685106482,0.0,0.0,0.0
2022-04-26 00:00:00+00:00,1840.4308685106482,0.0,2.380290391800092,-0.35548487499854453,1840.4308685106482,0.0,0.0,0.0
2022-04-27 00:00:00+00:00,1940.4308685106482,100.0,2.380290391800092,-0.35548487499854453,1940.4308685106482,0.0,0.0,0.0
2022-04-28 00:00:00+00:00,1940.4308685106482,0.0,2.380290391800092,-0.35548487499854453,1940.4308685106482,0.0,0.0,0.0
2022-04-29 00:00:00+00:00,1940.4308685106482,0.0,2.380290391800092,-0.35548487499854453,1940.4308685106482,0.0,0.0,0.0
2022-04-30 00:00:00+00:00,1940.4308685106482,0.0,2.380290391800092,-0.35548487499854453,1940.4308685106482,0.0,0.0,0.0
2022-05-01 00:00:00+00:00,1940.4308685106482,0.0,2.380290391800092,-0.35548487499854453,1940.4308685106482,0.0,0.0,0.0
2022-05-02 00:00:00+00:00,1940.4308685106482,0.0,2.380290391800092,-0.35548487499854453,1940.4308685106482,0.0,0.0,0.0
2022-05-03 00:00:00+00:00,1940.4308685106482,0.0,2.380290391800092,-0.35548487499854453,1940.4308685106482,0.0,0.0,0.0
2022-05-04 00:00:00+00:00,1940.4308685106482,0.0,2.380290391800092,-0.35548487499854453,1940.4308685106482,0.0,0.0,0.0
2022-05-05 00:00:00+00:00,1940.4308685106482,0.0,2.380290391800092,-0.35548487499854453,1940.4308685106482,0.0,0.0,0.0
2022-05-06 00:00:00+00:00,1940.4308685106482,0.0,2.380290391800092,-0.35548487499854453,1940.4308685106482,0.0,0.0,0.0
2022-05-07 00:00:00+00:00,1940.4308685106482,0.0,2.380290391800092,-0.35548487499854453,1940.4308685106482,0.0,0.0,0.0
2022-05-08 00:00:00+00:00,1940.4308685106482,0.0,2.380290391800092,-0.35548487499854453,1940.4308685106482,0.0,0.0,0.0
2022-05-09 00:00:00+00:00,1940.4308685106482,0.0,2.380290391800092,-0.35548487499854453,1940.4308685106482,0.0,0.0,0.0
2022-05-10 00:00:00+00:00,1940.4308685106482,0.0,2.380290391800092,-0.35548487499854453,1940.4308685106482,0.0,0.0,0.0
2022-05-11 00:00:00+00:00,1940.4308685106482,0.0,2.380290391800092,-0.35548487499854453,1940.4308685106482,0.0,0.0,0.0
2022-05-12 00:00:00+00:00,1940.4308685106482,0.0,2.380290391800092,-0.35548487499854453,1940.4308685106482,0.0,0.0,0.0
2022-05-13 00:00:00+00:00,1940.4308685106482,0.0,2.380290391800092,-0.35548487499854453,1940.4308685106482,0.0,0.0,0.0
2022-05-14 00:00:00+00:00,1940.4308685106482,0.0,2.380290391800092,-0.35548487499854453,1940.4308685106482,0.0,0.0,0.0
2022-05-15 00:00:00+00:00,1940.4308685106482,0.0,2.380290391800092,-0.35548487499854453,1940.4308685106482,0.0,0.0,0.0
2022-05-16 00:00:00+00:00,1940.4308685106482,0.0,2.380290391800092,-0.35548487499854453,1940.4308685106482,0.0,0.0,0.0
2022-05-17 00:00:00+00:00,1940.4308685106482,0.0,2.380290391800092,-0.35548487499854453,1940.4308685106482,0.0,0.0,0.0
2022-05-18 00:00:00+00:00,1940.4308685106482,0.0,2.380290391800092,-0.35548487499854453,1940.4308685106482,0.0,0.0,0.0
2022-05-19 00:00:00+00:00,1940.4308685106482,0.0,2.380290391800092,-0.35548487499854453,1940.4308685106482,0.0,0.0,0.0
2022-05-20 00:00:00+00:00,1940.4308685106482,0.0,2.380290391800092,-0.35548487499854453,1940.4308685106482,0.0,0.0,0.0
2022-05-21 00:00:00+00:00,1940.4308685106482,0.0,2.380290391800092,-0.35548487499854453,1940.4308685106482,0.0,0.0,0.0
2022-05-22 00:00:00+00:00,1940.4308685106482,0.0,2.380290391800092,-0.35548487499854453,1940.4308685106482,0.0,0.0,0.0
2022-05-23 00:00:00+00:00,1940.4308685106482,0.0,2.380290391800092,-0.35548487499854453,1940.4308685106482,0.0,0.0,0.0
2022-05-24 00:00:00+00:00,1940.4308685106482,0.0,2.380290391800092,-0.35548487499854453,1940.4308685106482,0.0,0.0,0.0
2022-05-25 00:00:00+00:00,1940.4308685106482,0.0,2.380290391800092,-0.35548487499854453,1940.4308685106482,0.0,0.0,0.0
2022-05-26 00:00:00+00:00,1940.4308685106482,0.0,2.380290391800092,-0.35548487499854453,1940.4308685106482,0.0,0.0,0.0
2022-05-27 00:00:00+00:00,2040.4308685106482,100.0,2.380290391800092,-0.35548487499854453,2040.4308685106482,0.0,0.0,0.0
2022-05-28 00:00:00+00:00,2040.4308685106482,0.0,2.380290391800092,-0.35548487499854453,2040.4308685106482,0.0,0.0,0.0
2022-05-29 00:00:00+00:00,2040.4308685106482,0.0,2.380290391800092,-0.35548487499854453,2040.4308685106482,0.0,0.0,0.0
2022-05-30 00:00:00+00:00,2040.4308685106482,0.0,2.380290391800092,-0.35548487499854453,2040.4308685106482,0.0,0.0,0.0
2022-05-31 00:00:00+00:00,2040.4308685106482,0.0,2.380290391800092,-0.35548487499854453,2040.4308685106482,0.0,0.0,0.0
2022-06-01 00:00:00+00:00,2040.4308685106482,0.0,2.380290391800092,-0.35548487499854453,2040.4308685106482,0.0,0.0,0.0
2022-06-02 00:00:00+00:00,2040.4308685106482,0.0,2.380290391800092,-0.35548487499854453,2040.4308685106482,0.0,0.0,0.0
2022-06-03 00:00:00+00:00,2040.4308685106482,0.0,2.380290391800092,-0.35548487499854453,2040.4308685106482,0.0,0.0,0.0
2022-06-04 00:00:00+00:00,2040.4308685106482,0.0,2.380290391800092,-0.35548487499854453,2040.4308685106482,0.0,0.0,0.0
2022-06-05 00:00:00+00:00,2040.4308685106482,0.0,2.380290391800092,-0.35548487499854453,2040.4308685106482,0.0,0.0,0.0
2022-06-06 00:00:00+00:00,2040.4308685106482,0.0,2.380290391800092,-0.35548487499854453,2040.4308685106482,0.0,0.0,0.0
2022-06-07 00:00:00+00:00,2040.4308685106482,0.0,2.380290391800092,-0.35548487499854453,2040.4308685106482,0.0,0.0,0.0
2022-06-08 00:00:00+00:00,2040.4308685106482,0.0,2.380290391800092,-0.35548487499854453,2040.4308685106482,0.0,0.0,0.0
2022-06-09 00:00:00+00:00,2040.4308685106482,0.0,2.380290391800092,-0.35548487499854453,2040.4308685106482,0.0,0.0,0.0
2022-06-10 00:00:00+00:00,2040.4308685106482,0.0,2.380290391800092,-0.35548487499854453,2040.4308685106482,0.0,0.0,0.0
2022-06-11 00:00:00+00:00,2040.4308685106482,0.0,2.380290391800092,-0.35548487499854453,2040.4308685106482,0.0,0.0,0.0
2022-06-12 00:00:00+00:00,2040.4308685106482,0.0,2.380290391800092,-0.35548487499854453,2040.4308685106482,0.0,0.0,0.0
2022-06-13 00:00:00+00:00,2040.4308685106482,0.0,2.380290391800092,-0.35548487499854453,2040.4308685106482,0.0,0.0,0.0
2022-06-14 00:00:00+00:00,2040.4308685106482,0.0,2.380290391800092,-0.35548487499854453,2040.4308685106482,0.0,0.0,0.0
2022-06-15 00:00:00+00:00,2040.4308685106482,0.0,2.380290391800092,-0.35548487499854453,2040.4308685106482,0.0,0.0,0.0
2022-06-16 00:00:00+00:00,2040.4308685106482,0.0,2.380290391800092,-0.35548487499854453,2040.4308685106482,0.0,0.0,0.0
2022-06-17 00:00:00+00:00,2040.4308685106482,0.0,2.380290391800092,-0.35548487499854453,2040.4308685106482,0.0,0.0,0.0
2022-06-18 00:00:00+00:00,2040.4308685106482,0.0,2.380290391800092,-0.35548487499854453,2040.4308685106482,0.0,0.0,0.0
2022-06-19 00:00:00+00:00,2040.4308685106482,0.0,2.380290391800092,-0.35548487499854453,2040.4308685106482,0.0,0.0,0.0
2022-06-20 00:00:00+00:00,2040.4308685106482,0.0,2.380290391800092,-0.35548487499854453,2040.4308685106482,0.0,0.0,0.0
2022-06-21 00:00:00+00:00,2040.4308685106482,0.0,2.380290391800092,-0.35548487499854453,2040.4308685106482,0.0,0.0,0.0
2022-06-22 00:00:00+00:00,2040.4308685106482,0.0,2.380290391800092,-0.35548487499854453,2040.4308685106482,0.0,0.0,0.0
2022-06-23 00:00:00+00:00,2040.4308685106482,0.0,2.380290391800092,-0.35548487499854453,2040.4308685106482,0.0,0.0,0.0
2022-06-24 00:00:00+00:00,2040.4308685106482,0.0,2.380290391800092,-0.35548487499854453,2040.4308685106482,0.0,0.0,0.0
2022-06-25 00:00:00+00:00,2040.4308685106482,0.0,2.380290391800092,-0.35548487499854453,2040.4308685106482,0.0,0.0,0.0
2022-06-26 00:00:00+00:00,2040.4308685106482,0.0,2.380290391800092,-0.35548487499854453,2040.4308685106482,0.0,0.0,0.0
2022-06-27 00:00:00+00:00,2140.430868510648,100.0,2.3802903918000915,-0.35548487499854475,2140.430868510648,0.0,0.0,0.0
2022-06-28 00:00:00+00:00,2140.430868510648,0.0,2.3802903918000915,-0.35548487499854475,2140.430868510648,0.0,0.0,0.0
2022-06-29 00:00:00+00:00,2140.430868510648,0.0,2.3802903918000915,-0.35548487499854475,2140.430868510648,0.0,0.0,0.0
2022-06-30 00:00:00+00:00,2140.430868510648,0.0,2.3802903918000915,-0.35548487499854475,2140.430868510648,0.0,0.0,0.0
2022-07-01 00:00:00+00:00,2140.430868510648,0.0,2.3802903918000915,-0.35548487499854475,2140.430868510648,0.0,0.0,0.0
2022-07-02 00:00:00+00:00,2140.430868510648,0.0,2.3802903918000915,-0.35548487499854475,2140.430868510648,0.0,0.0,0.0
2022-07-03 00:00:00+00:00,2140.430868510648,0.0,2.3802903918000915,-0.35548487499854475,2140.430868510648,0.0,0.0,0.0
2022-07-04 00:00:00+00:00,2140.430868510648,0.0,2.3802903918000915,-0.35548487499854475,2140.430868510648,0.0,0.0,0.0
2022-07-05 00:00:00+00:00,2140.430868510648,0.0,2.3802903918000915,-0.35548487499854475,2140.430868510648,0.0,0.0,0.0
2022-07-06 00:00:00+00:00,2140.430868510648,0.0,2.3802903918000915,-0.35548487499854475,2140.430868510648,0.0,0.0,0.0
2022-07-07 00:00:00+00:00,2140.430868510648,0.0,2.3802903918000915,-0.35548487499854475,2140.430868510648,0.0,0.0,0.0
2022-07-08 00:00:00+00:00,2140.430868510648,0.0,2.3802903918000915,-0.35548487499854475,2140.430868510648,0.0,0.0,0.0
2022-07-09 00:00:00+00:00,2140.430868510648,0.0,2.3802903918000915,-0.35548487499854475,2140.430868510648,0.0,0.0,0.0
2022-07-10 00:00:00+00:00,2140.430868510648,0.0,2.3802903918000915,-0.35548487499854475,2140.430868510648,0.0,0.0,0.0
2022-07-11 00:00:00+00:00,2140.430868510648,0.0,2.3802903918000915,-0.35548487499854475,2140.430868510648,0.0,0.0,0.0
2022-07-12 00:00:00+00:00,2140.430868510648,0.0,2.3802903918000915,-0.35548487499854475,2140.430868510648,0.0,0.0,0.0
2022-07-13 00:00:00+00:00,2140.430868510648,0.0,2.3802903918000915,-0.35548487499854475,2140.430868510648,0.0,0.0,0.0
2022-07-14 00:00:00+00:00,2140.430868510648,0.0,2.3802903918000915,-0.35548487499854475,2140.430868510648,0.0,0.0,0.0
2022-07-15 00:00:00+00:00,2140.430868510648,0.0,2.3802903918000915,-0.35548487499854475,2140.430868510648,0.0,0.0,0.0
2022-07-16 00:00:00+00:00,2140.430868510648,0.0,2.3802903918000915,-0.35548487499854475,2140.430868510648,0.0,0.0,0.0
2022-07-17 00:00:00+00:00,2140.430868510648,0.0,2.3802903918000915,-0.35548487499854475,2140.430868510648,0.0,0.0,0.0
2022-07-18 00:00:00+00:00,2140.430868510648,0.0,2.3802903918000915,-0.35548487499854475,2140.430868510648,0.0,0.0,0.0
2022-07-19 00:00:00+00:00,2140.430868510648,0.0,2.3802903918000915,-0.35548487499854475,2140.430868510648,0.0,0.0,0.0
2022-07-20 00:00:00+00:00,2140.430868510648,0.0,2.3802903918000915,-0.35548487499854475,2140.430868510648,0.0,0.0,0.0
2022-07-21 00:00:00+00:00,2140.430868510648,0.0,2.3802903918000915,-0.35548487499854475,2140.430868510648,0.0,0.0,0.0
2022-07-22 00:00:00+00:00,2140.430868510648,0.0,2.3802903918000915,-0.35548487499854475,2140.430868510648,0.0,0.0,0.0
2022-07-23 00:00:00+00:00,2140.430868510648,0.0,2.3802903918000915,-0.35548487499854475,2140.430868510648,0.0,0.0,0.0
2022-07-24 00:00:00+00:00,2140.430868510648,0.0,2.3802903918000915,-0.35548487499854475,2140.430868510648,0.0,0.0,0.0
2022-07-25 00:00:00+00:00,2140.430868510648,0.0,2.3802903918000915,-0.35548487499854475,2140.430868510648,0.0,0.0,0.0
2022-07-26 00:00:00+00:00,2140.430868510648,0.0,2.3802903918000915,-0.35548487499854475,2140.430868510648,0.0,0.0,0.0
2022-07-27 00:00:00+00:00,2240.430868510648,100.0,2.3802903918000915,-0.35548487499854475,2240.430868510648,0.0,0.0,0.0
2022-07-28 00:00:00+00:00,2240.430868510648,0.0,2.3802903918000915,-0.35548487499854475,2240.430868510648,0.0,0.0,0.0
2022-07-29 00:00:00+00:00,2240.430868510648,0.0,2.3802903918000915,-0.35548487499854475,2240.430868510648,0.0,0.0,0.0
2022-07-30 00:00:00+00:00,2240.430868510648,0.0,2.3802903918000915,-0.35548487499854475,2240.430868510648,0.0,0.0,0.0
2022-07-31 00:00:00+00:00,2240.430868510648,0.0,2.3802903918000915,-0.35548487499854475,2240.430868510648,0.0,0.0,0.0
2022-08-01 00:00:00+00:00,2240.430868510648,0.0,2.3802903918000915,-0.35548487499854475,2240.430868510648,0.0,0.0,0.0
2022-08-02 00:00:00+00:00,2240.430868510648,0.0,2.3802903918000915,-0.35548487499854475,2240.430868510648,0.0,0.0,0.0
2022-08-03 00:00:00+00:00,2240.430868510648,0.0,2.3802903918000915,-0.35548487499854475,2240.430868510648,0.0,0.0,0.0
2022-08-04 00:00:00+00:00,2240.430868510648,0.0,2.3802903918000915,-0.35548487499854475,2240.430868510648,0.0,0.0,0.0
2022-08-05 00:00:00+00:00,2240.430868510648,0.0,2.3802903918000915,-0.35548487499854475,2240.430868510648,0.0,0.0,0.0
2022-08-06 00:00:00+00:00,2240.430868510648,0.0,2.3802903918000915,-0.35548487499854475,2240.430868510648,0.0,0.0,0.0
2022-08-07 00:00:00+00:00,2240.430868510648,0.0,2.3802903918000915,-0.35548487499854475,2240.430868510648,0.0,0.0,0.0
2022-08-08 00:00:00+00:00,2240.430868510648,0.0,2.3802903918000915,-0.35548487499854475,2240.430868510648,0.0,0.0,0.0
2022-08-09 00:00:00+00:00,2240.430868510648,0.0,2.3802903918000915,-0.35548487499854475,2240.430868510648,0.0,0.0,0.0
2022-08-10 00:00:00+00:00,2240.430868510648,0.0,2.3802903918000915,-0.35548487499854475,2240.430868510648,0.0,0.0,0.0
2022-08-11 00:00:00+00:00,2240.430868510648,0.0,2.3802903918000915,-0.35548487499854475,2240.430868510648,0.0,0.0,0.0
2022-08-12 00:00:00+00:00,2240.430868510648,0.0,2.3802903918000915,-0.35548487499854475,2240.430868510648,0.0,0.0,0.0
2022-08-13 00:00:00+00:00,2240.430868510648,0.0,2.3802903918000915,-0.35548487499854475,2240.430868510648,0.0,0.0,0.0
2022-08-14 00:00:00+00:00,2240.430868510648,0.0,2.3802903918000915,-0.35548487499854475,2240.430868510648,0.0,0.0,0.0
2022-08-15 00:00:00+00:00,2240.430868510648,0.0,2.3802903918000915,-0.35548487499854475,2240.430868510648,0.0,0.0,0.0
2022-08-16 00:00:00+00:00,2240.430868510648,0.0,2.3802903918000915,-0.35548487499854475,2240.430868510648,0.0,0.0,0.0
2022-08-17 00:00:00+00:00,2240.430868510648,0.0,2.3802903918000915,-0.35548487499854475,2240.430868510648,0.0,0.0,0.0
2022-08-18 00:00:00+00:00,2240.430868510648,0.0,2.3802903918000915,-0.35548487499854475,2240.430868510648,0.0,0.0,0.0
2022-08-19 00:00:00+00:00,2240.430868510648,0.0,2.3802903918000915,-0.35548487499854475,2240.430868510648,0.0,0.0,0.0
2022-08-20 00:00:00+00:00,2240.430868510648,0.0,2.3802903918000915,-0.35548487499854475,2240.430868510648,0.0,0.0,0.0
2022-08-21 00:00:00+00:00,2240.430868510648,0.0,2.3802903918000915,-0.35548487499854475,2240.430868510648,0.0,0.0,0.0
2022-08-22 00:00:00+00:00,2240.430868510648,0.0,2.3802903918000915,-0.35548487499854475,2240.430868510648,0.0,0.0,0.0
2022-08-23 00:00:00+00:00,2240.430868510648,0.0,2.3802903918000915,-0.35548487499854475,2240.430868510648,0.0,0.0,0.0
2022-08-24 00:00:00+00:00,2240.430868510648,0.0,2.3802903918000915,-0.35548487499854475,2240.430868510648,0.0,0.0,0.0
2022-08-25 00:00:00+00:00,2240.430868510648,0.0,2.3802903918000915,-0.35548487499854475,2240.430868510648,0.0,0.0,0.0
2022-08-26 00:00:00+00:00,2240.430868510648,0.0,2.3802903918000915,-0.35548487499854475,2240.430868510648,0.0,0.0,0.0
2022-08-27 00:00:00+00:00,2340.430868510648,100.0,2.3802903918000915,-0.35548487499854475,2340.430868510648,0.0,0.0,0.0
2022-08-28 00:00:00+00:00,2340.430868510648,0.0,2.3802903918000915,-0.35548487499854475,2340.430868510648,0.0,0.0,0.0
2022-08-29 00:00:00+00:00,2340.430868510648,0.0,2.3802903918000915,-0.35548487499854475,2340.430868510648,0.0,0.0,0.0
2022-08-30 00:00:00+00:00,2340.430868510648,0.0,2.3802903918000915,-0.35548487499854475,2340.430868510648,0.0,0.0,0.0
2022-08-31 00:00:00+00:00,2340.430868510648,0.0,2.3802903918000915,-0.35548487499854475,2340.430868510648,0.0,0.0,0.0
2022-09-01 00:00:00+00:00,2340.430868510648,0.0,2.3802903918000915,-0.35548487499854475,2340.430868510648,0.0,0.0,0.0
2022-09-02 00:00:00+00:00,2340.430868510648,0.0,2.3802903918000915,-0.35548487499854475,2340.430868510648,0.0,0.0,0.0
2022-09-03 00:00:00+00:00,2340.430868510648,0.0,2.3802903918000915,-0.35548487499854475,2340.430868510648,0.0,0.0,0.0
2022-09-04 00:00:00+00:00,2340.430868510648,0.0,2.3802903918000915,-0.35548487499854475,2340.430868510648,0.0,0.0,0.0
2022-09-05 00:00:00+00:00,2340.430868510648,0.0,2.3802903918000915,-0.35548487499854475,2340.430868510648,0.0,0.0,0.0
2022-09-06 00:00:00+00:00,2340.430868510648,0.0,2.3802903918000915,-0.35548487499854475,2340.430868510648,0.0,0.0,0.0
2022-09-07 00:00:00+00:00,2340.430868510648,0.0,2.3802903918000915,-0.35548487499854475,2340.430868510648,0.0,0.0,0.0
2022-09-08 00:00:00+00:00,2340.430868510648,0.0,2.3802903918000915,-0.35548487499854475,2340.430868510648,0.0,0.0,0.0
2022-09-09 00:00:00+00:00,2340.430868510648,0.0,2.3802903918000915,-0.35548487499854475,2340.430868510648,0.0,0.0,0.0
2022-09-10 00:00:00+00:00,2340.430868510648,0.0,2.3802903918000915,-0.35548487499854475,2340.430868510648,0.0,0.0,0.0
2022-09-11 00:00:00+00:00,2340.430868510648,0.0,2.3802903918000915,-0.35548487499854475,2340.430868510648,0.0,0.0,0.0
2022-09-12 00:00:00+00:00,2340.430868510648,0.0,2.3802903918000915,-0.35548487499854475,2340.430868510648,0.0,0.0,0.0
2022-09-13 00:00:00+00:00,2340.430868510648,0.0,2.3802903918000915,-0.35548487499854475,2340.430868510648,0.0,0.0,0.0
2022-09-14 00:00:00+00:00,2340.430868510648,0.0,2.3802903918000915,-0.35548487499854475,2340.430868510648,0.0,0.0,0.0
2022-09-15 00:00:00+00:00,2340.430868510648,0.0,2.3802903918000915,-0.35548487499854475,2340.430868510648,0.0,0.0,0.0
2022-09-16 00:00:00+00:00,2340.430868510648,0.0,2.3802903918000915,-0.35548487499854475,2340.430868510648,0.0,0.0,0.0
2022-09-17 00:00:00+00:00,2340.430868510648,0.0,2.3802903918000915,-0.35548487499854475,2340.430868510648,0.0,0.0,0.0
2022-09-18 00:00:00+00:00,2340.430868510648,0.0,2.3802903918000915,-0.35548487499854475,2340.430868510648,0.0,0.0,0.0
2022-09-19 00:00:00+00:00,2340.430868510648,0.0,2.3802903918000915,-0.35548487499854475,2340.430868510648,0.0,0.0,0.0
2022-09-20 00:00:00+00:00,2340.430868510648,0.0,2.3802903918000915,-0.35548487499854475,2340.430868510648,0.0,0.0,0.0
2022-09-21 00:00:00+00:00,2340.430868510648,0.0,2.3802903918000915,-0.35548487499854475,2340.430868510648,0.0,0.0,0.0
2022-09-22 00:00:00+00:00,2340.430868510648,0.0,2.3802903918000915,-0.35548487499854475,2340.430868510648,0.0,0.0,0.0
2022-09-23 00:00:00+00:00,2340.430868510648,0.0,2.3802903918000915,-0.35548487499854475,2340.430868510648,0.0,0.0,0.0
2022-09-24 00:00:00+00:00,2340.430868510648,0.0,2.3802903918000915,-0.35548487499854475,2340.430868510648,0.0,0.0,0.0
2022-09-25 00:00:00+00:00,2340.430868510648,0.0,2.3802903918000915,-0.35548487499854475,2340.430868510648,0.0,0.0,0.0
2022-09-26 00:00:00+00:00,2340.430868510648,0.0,2.3802903918000915,-0.35548487499854475,2340.430868510648,0.0,0.0,0.0
2022-09-27 00:00:00+00:00,2440.430868510648,100.0,2.3802903918000915,-0.35548487499854475,2440.430868510648,0.0,0.0,0.0
2022-09-28 00:00:00+00:00,2440.430868510648,0.0,2.3802903918000915,-0.35548487499854475,2440.430868510648,0.0,0.0,0.0
2022-09-29 00:00:00+00:00,2440.430868510648,0.0,2.3802903918000915,-0.35548487499854475,2440.430868510648,0.0,0.0,0.0
2022-09-30 00:00:00+00:00,2440.430868510648,0.0,2.3802903918000915,-0.35548487499854475,2440.430868510648,0.0,0.0,0.0
2022-10-01 00:00:00+00:00,2440.430868510648,0.0,2.3802903918000915,-0.35548487499854475,2440.430868510648,0.0,0.0,0.0
2022-10-02 00:00:00+00:00,2440.430868510648,0.0,2.3802903918000915,-0.35548487499854475,2440.430868510648,0.0,0.0,0.0
2022-10-03 00:00:00+00:00,2440.430868510648,0.0,2.3802903918000915,-0.35548487499854475,2440.430868510648,0.0,0.0,0.0
2022-10-04 00:00:00+00:00,2440.430868510648,0.0,2.3802903918000915,-0.35548487499854475,2440.430868510648,0.0,0.0,0.0
2022-10-05 00:00:00+00:00,2440.430868510648,0.0,2.3802903918000915,-0.35548487499854475,2440.430868510648,0.0,0.0,0.0
2022-10-06 00:00:00+00:00,2440.430868510648,0.0,2.3802903918000915,-0.35548487499854475,2440.430868510648,0.0,0.0,0.0
2022-10-07 00:00:00+00:00,2440.430868510648,0.0,2.3802903918000915,-0.35548487499854475,2440.430868510648,0.0,0.0,0.0
2022-10-08 00:00:00+00:00,2440.430868510648,0.0,2.3802903918000915,-0.35548487499854475,2440.430868510648,0.0,0.0,0.0
2022-10-09 00:00:00+00:00,2440.430868510648,0.0,2.3802903918000915,-0.35548487499854475,2440.430868510648,0.0,0.0,0.0
2022-10-10 00:00:00+00:00,2440.430868510648,0.0,2.3802903918000915,-0.35548487499854475,2440.430868510648,0.0,0.0,0.0
2022-10-11 00:00:00+00:00,2440.430868510648,0.0,2.3802903918000915,-0.35548487499854475,2440.430868510648,0.0,0.0,0.0
2022-10-12 00:00:00+00:00,2440.430868510648,0.0,2.3802903918000915,-0.35548487499854475,2440.430868510648,0.0,0.0,0.0
2022-10-13 00:00:00+00:00,2440.430868510648,0.0,2.3802903918000915,-0.35548487499854475,2440.430868510648,0.0,0.0,0.0
2022-10-14 00:00:00+00:00,2440.430868510648,0.0,2.3802903918000915,-0.35548487499854475,2440.430868510648,0.0,0.0,0.0
2022-10-15 00:00:00+00:00,2440.430868510648,0.0,2.3802903918000915,-0.35548487499854475,2440.430868510648,0.0,0.0,0.0
2022-10-16 00:00:00+00:00,2440.430868510648,0.0,2.3802903918000915,-0.35548487499854475,2440.430868510648,0.0,0.0,0.0
2022-10-17 00:00:00+00:00,2440.430868510648,0.0,2.3802903918000915,-0.35548487499854475,2440.430868510648,0.0,0.0,0.0
2022-10-18 00:00:00+00:00,2440.430868510648,0.0,2.3802903918000915,-0.35548487499854475,2440.430868510648,0.0,0.0,0.0
2022-10-19 00:00:00+00:00,2440.430868510648,0.0,2.3802903918000915,-0.35548487499854475,2440.430868510648,0.0,0.0,0.0
2022-10-20 00:00:00+00:00,2440.430868510648,0.0,2.3802903918000915,-0.35548487499854475,2440.430868510648,0.0,0.0,0.0
2022-10-21 00:00:00+00:00,2440.430868510648,0.0,2.3802903918000915,-0.35548487499854475,2440.430868510648,0.0,0.0,0.0
2022-10-22 00:00:00+00:00,2440.430868510648,0.0,2.3802903918000915,-0.35548487499854475,2440.430868510648,0.0,0.0,0.0
2022-10-23 00:00:00+00:00,2440.430868510648,0.0,2.3802903918000915,-0.35548487499854475,2440.430868510648,0.0,0.0,0.0
2022-10-24 00:00:00+00:00,2440.430868510648,0.0,2.3802903918000915,-0.35548487499854475,2440.430868510648,0.0,0.0,0.0
2022-10-25 00:00:00+00:00,2440.430868510648,0.0,2.3802903918000915,-0.35548487499854475,2440.430868510648,0.0,0.0,0.0
2022-10-26 00:00:00+00:00,2440.430868510648,0.0,2.3802903918000915,-0.35548487499854475,2440.430868510648,0.0,0.0,0.0
2022-10-27 00:00:00+00:00,2540.430868510648,100.0,2.3802903918000915,-0.35548487499854475,2540.430868510648,0.0,0.0,0.0
2022-10-28 00:00:00+00:00,2540.430868510648,0.0,2.3802903918000915,-0.35548487499854475,2540.430868510648,0.0,0.0,0.0
2022-10-29 00:00:00+00:00,2540.430868510648,0.0,2.3802903918000915,-0.35548487499854475,2540.430868510648,0.0,0.0,0.0
2022-10-30 00:00:00+00:00,2540.430868510648,0.0,2.3802903918000915,-0.35548487499854475,2540.430868510648,0.0,0.0,0.0
2022-10-31 00:00:00+00:00,2540.430868510648,0.0,2.3802903918000915,-0.35548487499854475,2540.430868510648,0.0,0.0,0.0
2022-11-01 00:00:00+00:00,2540.430868510648,0.0,2.3802903918000915,-0.35548487499854475,2540.430868510648,0.0,0.0,0.0
2022-11-02 00:00:00+00:00,2540.430868510648,0.0,2.3802903918000915,-0.35548487499854475,2540.430868510648,0.0,0.0,0.0
2022-11-03 00:00:00+00:00,2540.430868510648,0.0,2.3802903918000915,-0.35548487499854475,2540.430868510648,0.0,0.0,0.0
2022-11-04 00:00:00+00:00,2540.430868510648,0.0,2.3802903918000915,-0.35548487499854475,2540.430868510648,0.0,0.0,0.0
2022-11-05 00:00:00+00:00,2540.430868510648,0.0,2.3802903918000915,-0.35548487499854475,2540.430868510648,0.0,0.0,0.0
2022-11-06 00:00:00+00:00,2540.430868510648,0.0,2.3802903918000915,-0.35548487499854475,2540.430868510648,0.0,0.0,0.0
2022-11-07 00:00:00+00:00,2540.430868510648,0.0,2.3802903918000915,-0.35548487499854475,2540.430868510648,0.0,0.0,0.0
2022-11-08 00:00:00+00:00,2540.430868510648,0.0,2.3802903918000915,-0.35548487499854475,2540.430868510648,0.0,0.0,0.0
2022-11-09 00:00:00+00:00,2540.430868510648,0.0,2.3802903918000915,-0.35548487499854475,2540.430868510648,0.0,0.0,0.0
2022-11-10 00:00:00+00:00,2540.430868510648,0.0,2.3802903918000915,-0.35548487499854475,2540.430868510648,0.0,0.0,0.0
2022-11-11 00:00:00+00:00,2540.430868510648,0.0,2.3802903918000915,-0.35548487499854475,2540.430868510648,0.0,0.0,0.0
2022-11-12 00:00:00+00:00,2540.430868510648,0.0,2.3802903918000915,-0.35548487499854475,2540.430868510648,0.0,0.0,0.0
2022-11-13 00:00:00+00:00,2540.430868510648,0.0,2.3802903918000915,-0.35548487499854475,2540.430868510648,0.0,0.0,0.0
2022-11-14 00:00:00+00:00,2540.430868510648,0.0,2.3802903918000915,-0.35548487499854475,2540.430868510648,0.0,0.0,0.0
2022-11-15 00:00:00+00:00,2540.430868510648,0.0,2.3802903918000915,-0.35548487499854475,2540.430868510648,0.0,0.0,0.0
2022-11-16 00:00:00+00:00,2540.430868510648,0.0,2.3802903918000915,-0.35548487499854475,2540.430868510648,0.0,0.0,0.0
2022-11-17 00:00:00+00:00,2540.430868510648,0.0,2.3802903918000915,-0.35548487499854475,2540.430868510648,0.0,0.0,0.0
2022-11-18 00:00:00+00:00,2540.430868510648,0.0,2.3802903918000915,-0.35548487499854475,2540.430868510648,0.0,0.0,0.0
2022-11-19 00:00:00+00:00,2540.430868510648,0.0,2.3802903918000915,-0.35548487499854475,2540.430868510648,0.0,0.0,0.0
2022-11-20 00:00:00+00:00,2540.430868510648,0.0,2.3802903918000915,-0.35548487499854475,2540.430868510648,0.0,0.0,0.0
2022-11-21 00:00:00+00:00,2540.430868510648,0.0,2.3802903918000915,-0.35548487499854475,2540.430868510648,0.0,0.0,0.0
2022-11-22 00:00:00+00:00,2540.430868510648,0.0,2.3802903918000915,-0.35548487499854475,2540.430868510648,0.0,0.0,0.0
2022-11-23 00:00:00+00:00,2540.430868510648,0.0,2.3802903918000915,-0.35548487499854475,2540.430868510648,0.0,0.0,0.0
2022-11-24 00:00:00+00:00,2540.430868510648,0.0,2.3802903918000915,-0.35548487499854475,2540.430868510648,0.0,0.0,0.0
2022-11-25 00:00:00+00:00,2540.430868510648,0.0,2.3802903918000915,-0.35548487499854475,2540.430868510648,0.0,0.0,0.0
2022-11-26 00:00:00+00:00,2540.430868510648,0.0,2.3802903918000915,-0.35548487499854475,2540.430868510648,0.0,0.0,0.0
2022-11-27 00:00:00+00:00,2640.430868510648,100.0,2.3802903918000915,-0.35548487499854475,2640.430868510648,0.0,0.0,0.0
2022-11-28 00:00:00+00:00,2640.430868510648,0.0,2.3802903918000915,-0.35548487499854475,2640.430868510648,0.0,0.0,0.0
2022-11-29 00:00:00+00:00,2640.430868510648,0.0,2.3802903918000915,-0.35548487499854475,2640.430868510648,0.0,0.0,0.0
2022-11-30 00:00:00+00:00,2640.430868510648,0.0,2.3802903918000915,-0.35548487499854475,2640.430868510648,0.0,0.0,0.0
2022-12-01 00:00:00+00:00,2640.430868510648,0.0,2.3802903918000915,-0.35548487499854475,2640.430868510648,0.0,0.0,0.0
2022-12-02 00:00:00+00:00,2640.430868510648,0.0,2.3802903918000915,-0.35548487499854475,2640.430868510648,0.0,0.0,0.0
2022-12-03 00:00:00+00:00,2640.430868510648,0.0,2.3802903918000915,-0.35548487499854475,2640.430868510648,0.0,0.0,0.0
2022-12-04 00:00:00+00:00,2640.430868510648,0.0,2.3802903918000915,-0.35548487499854475,2640.430868510648,0.0,0.0,0.0
2022-12-05 00:00:00+00:00,2640.430868510648,0.0,2.3802903918000915,-0.35548487499854475,2640.430868510648,0.0,0.0,0.0
2022-12-06 00:00:00+00:00,2640.430868510648,0.0,2.3802903918000915,-0.35548487499854475,2640.430868510648,0.0,0.0,0.0
2022-12-07 00:00:00+00:00,2640.430868510648,0.0,2.3802903918000915,-0.35548487499854475,2640.430868510648,0.0,0.0,0.0
2022-12-08 00:00:00+00:00,2640.430868510648,0.0,2.3802903918000915,-0.35548487499854475,2640.430868510648,0.0,0.0,0.0
2022-12-09 00:00:00+00:00,2640.430868510648,0.0,2.3802903918000915,-0.35548487499854475,2640.430868510648,0.0,0.0,0.0
2022-12-10 00:00:00+00:00,2640.430868510648,0.0,2.3802903918000915,-0.35548487499854475,2640.430868510648,0.0,0.0,0.0
2022-12-11 00:00:00+00:00,2640.430868510648,0.0,2.3802903918000915,-0.35548487499854475,2640.430868510648,0.0,0.0,0.0
2022-12-12 00:00:00+00:00,2640.430868510648,0.0,2.3802903918000915,-0.35548487499854475,2640.430868510648,0.0,0.0,0.0
2022-12-13 00:00:00+00:00,2640.430868510648,0.0,2.3802903918000915,-0.35548487499854475,2640.430868510648,0.0,0.0,0.0
2022-12-14 00:00:00+00:00,2640.430868510648,0.0,2.3802903918000915,-0.35548487499854475,2640.430868510648,0.0,0.0,0.0
2022-12-15 00:00:00+00:00,2640.430868510648,0.0,2.3802903918000915,-0.35548487499854475,2640.430868510648,0.0,0.0,0.0
2022-12-16 00:00:00+00:00,2640.430868510648,0.0,2.3802903918000915,-0.35548487499854475,2640.430868510648,0.0,0.0,0.0
2022-12-17 00:00:00+00:00,2640.430868510648,0.0,2.3802903918000915,-0.35548487499854475,2640.430868510648,0.0,0.0,0.0
2022-12-18 00:00:00+00:00,2640.430868510648,0.0,2.3802903918000915,-0.35548487499854475,2640.430868510648,0.0,0.0,0.0
2022-12-19 00:00:00+00:00,2640.430868510648,0.0,2.3802903918000915,-0.35548487499854475,2640.430868510648,0.0,0.0,0.0
2022-12-20 00:00:00+00:00,2640.430868510648,0.0,2.3802903918000915,-0.35548487499854475,2640.430868510648,0.0,0.0,0.0
2022-12-21 00:00:00+00:00,2640.430868510648,0.0,2.3802903918000915,-0.35548487499854475,2640.430868510648,0.0,0.0,0.0
2022-12-22 00:00:00+00:00,2640.430868510648,0.0,2.3802903918000915,-0.35548487499854475,2640.430868510648,0.0,0.0,0.0
2022-12-23 00:00:00+00:00,2640.430868510648,0.0,2.3802903918000915,-0.35548487499854475,2640.430868510648,0.0,0.0,0.0
2022-12-24 00:00:00+00:00,2640.430868510648,0.0,2.3802903918000915,-0.35548487499854475,2640.430868510648,0.0,0.0,0.0
2022-12-25 00:00:00+00:00,2640.430868510648,0.0,2.3802903918000915,-0.35548487499854475,2640.430868510648,0.0,0.0,0.0
2022-12-26 00:00:00+00:00,2640.430868510648,0.0,2.3802903918000915,-0.35548487499854475,2640.430868510648,0.0,0.0,0.0
2022-12-27 00:00:00+00:00,2740.430868510648,100.0,2.3802903918000915,-0.35548487499854475,2740.430868510648,0.0,0.0,0.0
2022-12-28 00:00:00+00:00,2740.430868510648,0.0,2.3802903918000915,-0.35548487499854475,2740.430868510648,0.0,0.0,0.0
2022-12-29 00:00:00+00:00,2740.430868510648,0.0,2.3802903918000915,-0.35548487499854475,2740.430868510648,0.0,0.0,0.0
2022-12-30 00:00:00+00:00,2740.430868510648,0.0,2.3802903918000915,-0.35548487499854475,2740.430868510648,0.0,0.0,0.0
2022-12-31 00:00:00+00:00,2740.430868510648,0.0,2.3802903918000915,-0.35548487499854475,2740.430868510648,0.0,0.0,0.0
2023-01-01 00:00:00+00:00,2740.430868510648,0.0,2.3802903918000915,-0.35548487499854475,2740.430868510648,0.0,0.0,0.0
2023-01-02 00:00:00+00:00,2740.430868510648,0.0,2.3802903918000915,-0.35548487499854475,2740.430868510648,0.0,0.0,0.0
2023-01-03 00:00:00+00:00,2740.430868510648,0.0,2.3802903918000915,-0.35548487499854475,2740.430868510648,0.0,0.0,0.0
2023-01-04 00:00:00+00:00,2740.430868510648,0.0,2.3802903918000915,-0.35548487499854475,2740.430868510648,0.0,0.0,0.0
2023-01-05 00:00:00+00:00,2740.430868510648,0.0,2.3802903918000915,-0.35548487499854475,2740.430868510648,0.0,0.0,0.0
2023-01-06 00:00:00+00:00,2740.430868510648,0.0,2.3802903918000915,-0.35548487499854475,2740.430868510648,0.0,0.0,0.0
2023-01-07 00:00:00+00:00,2740.430868510648,0.0,2.3802903918000915,-0.35548487499854475,2740.430868510648,0.0,0.0,0.0
2023-01-08 00:00:00+00:00,2740.430868510648,0.0,2.3802903918000915,-0.35548487499854475,2740.430868510648,0.0,0.0,0.0
2023-01-09 00:00:00+00:00,2740.430868510648,0.0,2.3802903918000915,-0.35548487499854475,2740.430868510648,0.0,0.0,0.0
2023-01-10 00:00:00+00:00,2740.430868510648,0.0,2.3802903918000915,-0.35548487499854475,2740.430868510648,0.0,0.0,0.0
2023-01-11 00:00:00+00:00,2740.430868510648,0.0,2.3802903918000915,-0.35548487499854475,2740.430868510648,0.0,0.0,0.0
2023-01-12 00:00:00+00:00,2740.430868510648,0.0,2.3802903918000915,-0.35548487499854475,2740.430868510648,0.0,0.0,0.0
2023-01-13 00:00:00+00:00,2740.430868510648,0.0,2.3802903918000915,-0.35548487499854475,2740.430868510648,0.0,0.0,0.0
2023-01-14 00:00:00+00:00,2740.430868510648,0.0,2.3802903918000915,-0.35548487499854475,2740.430868510648,0.0,0.0,0.0
2023-01-15 00:00:00+00:00,2740.430868510648,0.0,2.3802903918000915,-0.35548487499854475,2740.430868510648,0.0,0.0,0.0
2023-01-16 00:00:00+00:00,2740.430868510648,0.0,2.3802903918000915,-0.35548487499854475,2740.430868510648,0.0,0.0,0.0
2023-01-17 00:00:00+00:00,2740.430868510648,0.0,2.3802903918000915,-0.35548487499854475,2740.430868510648,0.0,0.0,0.0
2023-01-18 00:00:00+00:00,2740.430868510648,0.0,2.3802903918000915,-0.35548487499854475,2740.430868510648,0.0,0.0,0.0
2023-01-19 00:00:00+00:00,2740.430868510648,0.0,2.3802903918000915,-0.35548487499854475,2740.430868510648,0.0,0.0,0.0
2023-01-20 00:00:00+00:00,2740.430868510648,0.0,2.3802903918000915,-0.35548487499854475,2740.430868510648,0.0,0.0,0.0
2023-01-21 00:00:00+00:00,2740.430868510648,0.0,2.3802903918000915,-0.35548487499854475,2740.430868510648,0.0,0.0,0.0
2023-01-22 00:00:00+00:00,2740.430868510648,0.0,2.3802903918000915,-0.35548487499854475,2740.430868510648,0.0,0.0,0.0
2023-01-23 00:00:00+00:00,2740.430868510648,0.0,2.3802903918000915,-0.35548487499854475,2740.430868510648,0.0,0.0,0.0
2023-01-24 00:00:00+00:00,2740.430868510648,0.0,2.3802903918000915,-0.35548487499854475,2740.430868510648,0.0,0.0,0.0
2023-01-25 00:00:00+00:00,2740.430868510648,0.0,2.3802903918000915,-0.35548487499854475,2740.430868510648,0.0,0.0,0.0
2023-01-26 00:00:00+00:00,2740.430868510648,0.0,2.3802903918000915,-0.35548487499854475,2740.430868510648,0.0,0.0,0.0
2023-01-27 00:00:00+00:00,2836.3728639940105,100.0,2.3767656799484533,-0.35643926699520134,852.1292605531942,0.06163012448345785,0.0,219.77335820547015
2023-01-28 00:00:00+00:00,2821.111547100052,0.0,2.3639773139741362,-0.3599019937796707,852.1292605531942,0.06163012448345785,0.0,219.86274285131938
2023-01-29 00:00:00+00:00,2870.529426636849,0.0,2.4053874972225735,-0.3486892906890551,852.1292605531942,0.06163012448345785,0.0,219.95216385105144
2023-01-30 00:00:00+00:00,2878.5449318852525,0.0,2.4121041662556513,-0.34687060722238205,852.1292605531942,0.06163012448345785,0.0,220.04162121945194
2023-01-31 00:00:00+00:00,2969.205995504175,0.0,2.488074468768577,-0.3263000040769869,852.1292605531942,0.06163012448345785,0.0,220.13111497131246
2023-02-01 00:00:00+00:00,3163.7266376198904,0.0,2.651074895155093,-0.2821641118557242,852.1292605531942,0.06163012448345785,0.0,220.2206451214306
2023-02-02 00:00:00+00:00,3098.820694517747,0.0,2.5966863413975196,-0.2968909895696662,852.1292605531942,0.06163012448345785,0.0,220.31021168461007
2023-02-03 00:00:00+00:00,3122.519079656181,0.0,2.616544629136148,-0.2915139284983497,852.1292605531942,0.06163012448345785,0.0,220.39981467566045
2023-02-04 00:00:00+00:00,3144.3824376869225,0.0,2.6348652384169458,-0.28655322713964426,852.1292605531942,0.06163012448345785,0.0,220.48945410939746
2023-02-05 00:00:00+00:00,3060.233964013446,0.0,2.564352222732,-0.30564615179916166,852.1292605531942,0.06163012448345785,0.0,220.5791300006428
2023-02-06 00:00:00+00:00,3021.589760083708,0.0,2.5319699436617524,-0.31441435450026534,852.1292605531942,0.06163012448345785,0.0,220.66884236422422
2023-02-07 00:00:00+00:00,3199.265305400875,0.0,2.680854860605049,-0.2741005418725667,852.1292605531942,0.06163012448345785,0.0,220.7585912149755
2023-02-08 00:00:00+00:00,3091.9896471707643,0.0,2.5909622001541326,-0.29844092466234096,852.1292605531942,0.06163012448345785,0.0,220.8483765677364
2023-02-09 00:00:00+00:00,2921.002068006477,0.0,2.4476815282036606,-0.33723726670135323,852.1292605531942,0.06163012448345785,0.0,220.93819843735278
2023-02-10 00:00:00+00:00,2876.2681740230023,0.0,2.41019633530111,-0.34738719373232374,852.1292605531942,0.06163012448345785,0.0,221.02805683867652
2023-02-11 00:00:00+00:00,2951.1008567015515,0.0,2.4729030951163193,-0.33040798175047315,852.1292605531942,0.06163012448345785,0.0,221.11795178656553
2023-02-12 00:00:00+00:00,2935.034327834901,0.0,2.459439994093563,-0.3340534076482884,852.1292605531942,0.06163012448345785,0.0,221.20788329588373
2023-02-13 00:00:00+00:00,2915.050141953202,0.0,2.4426940550288205,-0.3385877329754672,852.1292605531942,0.06163012448345785,0.0,221.29785138150118
2023-02-14 00:00:00+00:00,2992.2876173413124,0.0,2.5074159338194053,-0.3210628839306847,852.1292605531942,0.06163012448345785,0.0,221.3878560582939
2023-02-15 00:00:00+00:00,3224.9537950058602,0.0,2.702380775352685,-0.2682719347067616,852.1292605531942,0.06163012448345785,0.0,221.47789734114397
2023-02-16 00:00:00+00:00,3109.1445414881055,0.0,2.6053373073814616,-0.29454855335191243,852.1292605531942,0.06163012448345785,0.0,221.5679752449396
2023-02-17 00:00:00+00:00,3254.3418778850264,0.0,2.727006799551889,-0.2616039058310765,852.1292605531942,0.06163012448345785,0.0,221.65808978457494
2023-02-18 00:00:00+00:00,3350.5483786737595,0.0,2.80762395400478,-0.23977506698079953,852.1292605531942,0.06163012448345785,0.0,221.7482409749503
2023-02-19 00:00:00+00:00,3271.292391580312,0.0,2.7412106440886475,-0.25775790759966444,852.1292605531942,0.06163012448345785,0.0,221.838428830972
2023-02-20 00:00:00+00:00,3312.8162679528277,0.0,2.776005972133651,-0.24833631967843928,852.1292605531942,0.06163012448345785,0.0,221.92865336755239
2023-02-21 00:00:00+00:00,3234.3174865942856,0.0,2.71022716998137,-0.26614735359164254,852.1292605531942,0.06163012448345785,0.0,222.01891459960996
2023-02-22 00:00:00+00:00,3189.3843005612234,0.0,2.672574978406057,-0.27634249912654907,852.1292605531942,0.06163012448345785,0.0,222.10921254206923
2023-02-23 00:00:00+00:00,3197.033594944257,0.0,2.678984777553485,-0.27460690732104065,852.1292605531942,0.06163012448345785,0.0,222.19954720986078
2023-02-24 00:00:00+00:00,3091.0660328819704,0.0,2.590188248756211,-0.2986504887490149,852.1292605531942,0.06163012448345785,0.0,222.2899186179213
2023-02-25 00:00:00+00:00,3040.954986550929,0.0,2.5481972197847194,-0.3100204683866816,852.1292605531942,0.06163012448345785,0.0,222.3803267811935
2023-02-26 00:00:00+00:00,3144.5346445519435,0.0,2.6349927816104475,-0.2865186920604009,852.1292605531942,0.06163012448345785,0.0,222.4707717146262
2023-02-27 00:00:00+00:00,3216.256812657446,100.0,2.611297102807643,-0.2929348097904878,973.1084416475853,0.06886358211369442,0.0,171.76569686145604
2023-02-28 00:00:00+00:00,3169.6908142011625,0.0,2.5734899052046107,-0.30317192656120473,973.1084416475853,0.06886358211369442,0.0,171.83555617519804
2023-03-01 00:00:00+00:00,3253.008927999057,0.0,2.6411363531858814,-0.2848551871302728,973.1084416475853,0.06886358211369442,0.0,171.90544390161966
2023-03-02 00:00:00+00:00,3233.9220324877388,0.0,2.625639594732344,-0.2890512697789305,973.1084416475853,0.06886358211369442,0.0,171.97536005227673
2023-03-03 00:00:00+00:00,3133.0757836669272,0.0,2.5437619547570653,-0.31122141235703105,973.1084416475853,0.06886358211369442,0.0,172.04530463872973
2023-03-04 00:00:00+00:00,3072.7248744591534,0.0,2.4947627101240304,-0.32448901801910934,973.1084416475853,0.06886358211369442,0.0,172.11527767254387
2023-03-05 00:00:00+00:00,3093.522689246185,0.0,2.5116485736173852,-0.3199168051253931,973.1084416475853,0.06886358211369442,0.0,172.18527916528905
2023-03-06 00:00:00+00:00,3088.7457090496155,0.0,2.5077701163690773,-0.32096698134205026,973.1084416475853,0.06886358211369442,0.0,172.2553091285399
2023-03-07 00:00:00+00:00,3049.0448502787185,0.0,2.4755367645175004,-0.32969485877641824,973.1084416475853,0.06886358211369442,0.0,172.3253675738757
2023-03-08 00:00:00+00:00,2961.218582217317,0.0,2.404230120583911,-0.3490026754556831,973.1084416475853,0.06886358211369442,0.0,172.39545451288052
2023-03-09 00:00:00+00:00,2832.012679881211,0.0,2.2993271174691983,-0.37740743329465254,973.1084416475853,0.06886358211369442,0.0,172.4655699571431
2023-03-10 00:00:00+00:00,2883.7128859964228,0.0,2.341302807318313,-0.3660416070562561,973.1084416475853,0.06886358211369442,0.0,172.53571391825685
2023-03-11 00:00:00+00:00,2919.4306203585065,0.0,2.3703022379270577,-0.3581893837694866,973.1084416475853,0.06886358211369442,0.0,172.60588640781998
2023-03-12 00:00:00+00:00,3126.119051565315,0.0,2.5381137446046744,-0.31275078746392704,973.1084416475853,0.06886358211369442,0.0,172.67608743743537
2023-03-13 00:00:00+00:00,3347.9550725468816,0.0,2.718223665120912,-0.26398212951554234,973.1084416475853,0.06886358211369442,0.0,172.7463170187106
2023-03-14 00:00:00+00:00,3409.0639395323888,0.0,2.7678382999619853,-0.2505478936396781,973.1084416475853,0.06886358211369442,0.0,172.81657516325805
2023-03-15 00:00:00+00:00,3341.894262906344,0.0,2.7133028594835267,-0.26531454411143074,973.1084416475853,0.06886358211369442,0.0,172.88686188269475
2023-03-16 00:00:00+00:00,3397.8578633687875,0.0,2.7587400233241577,-0.25301144889525873,973.1084416475853,0.06886358211369442,0.0,172.95717718864245
2023-03-17 00:00:00+00:00,3695.877235359071,0.0,3.0007036375467964,-0.18749456507144457,973.1084416475853,0.06886358211369442,0.0,173.02752109272765
2023-03-18 00:00:00+00:00,3594.7823342428255,0.0,2.918624115366055,-0.20971937162472132,973.1084416475853,0.06886358211369442,0.0,173.0978936065816
2023-03-19 00:00:00+00:00,3640.580773343361,0.0,2.955808127185536,-0.1996509958885303,973.1084416475853,0.06886358211369442,0.0,173.16829474184027
2023-03-20 00:00:00+00:00,3571.8108754525792,0.0,2.899973458008668,-0.21476944064128567,973.1084416475853,0.06886358211369442,0.0,173.23872451014432
2023-03-21 00:00:00+00:00,3641.649626601439,0.0,2.9566759351930187,-0.1994160180940785,973.1084416475853,0.06886358211369442,0.0,173.3091829231392
2023-03-22 00:00:00+00:00,3561.778156579504,0.0,2.8918278367935204,-0.21697504382893917,973.1084416475853,0.06886358211369442,0.0,173.37966999247504
2023-03-23 00:00:00+00:00,3655.6729176317776,0.0,2.968061524520102,-0.19633312343818288,973.1084416475853,0.06886358211369442,0.0,173.4501857298068
2023-03-24 00:00:00+00:00,3587.3030355926767,0.0,2.9125516304763828,-0.21136362829660438,973.1084416475853,0.06886358211369442,0.0,173.52073014679408
2023-03-25 00:00:00+00:00,3528.2922890076316,0.0,2.8646404714589773,-0.22433661123576376,973.1084416475853,0.06886358211369442,0.0,173.59130325510128
2023-03-26 00:00:00+00:00,3604.67686966727,0.0,2.9266575446574583,-0.2075441468278747,973.1084416475853,0.06886358211369442,0.0,173.66190506639754
2023-03-27 00:00:00+00:00,3599.1721880469904,100.0,2.8409976967362836,-0.23073840404149548,1111.2744418835916,0.06622943638228367,0.0,182.43542082934792
2023-03-28 00:00:00+00:00,3680.37999180557,0.0,2.9050988765023806,-0.21338162268741745,1111.2744418835916,0.06622943638228367,0.0,182.50961965678698
2023-03-29 00:00:00+00:00,3781.5653130001147,0.0,2.984969260423415,-0.1917549881162257,1111.2744418835916,0.06622943638228367,0.0,182.58384866184159
2023-03-30 00:00:00+00:00,3826.6292676579824,0.0,3.0205403819757572,-0.18212333731734476,1111.2744418835916,0.06622943638228367,0.0,182.65810785678536
2023-03-31 00:00:00+00:00,3859.7470357298034,0.0,3.0466818105869136,-0.175044979908905,1111.2744418835916,0.06622943638228367,0.0,182.73239725389695
2023-04-01 00:00:00+00:00,3943.5355402682953,0.0,3.1128200601536844,-0.15713661783100408,1111.2744418835916,0.06622943638228367,0.0,182.80671686545992
2023-04-02 00:00:00+00:00,3920.1991748098626,0.0,3.0943995575898495,-0.16212436745744407,1111.2744418835916,0.06622943638228367,0.0,182.8810667037629
2023-04-03 00:00:00+00:00,4027.316023150037,0.0,3.1789519778454687,-0.13922997024525607,1111.2744418835916,0.06622943638228367,0.0,182.9554467810995
2023-04-04 00:00:00+00:00,3978.013993673253,0.0,3.140035542379242,-0.149767437167583,1111.2744418835916,0.06622943638228367,0.0,183.02985710976833
2023-04-05 00:00:00+00:00,3988.6095718708393,0.0,3.1483991359174732,-0.14750281325727188,1111.2744418835916,0.06622943638228367,0.0,183.10429770207296
2023-04-06 00:00:00+00:00,3998.3191133340442,0.0,3.1560633385429937,-0.1454275645690275,1111.2744418835916,0.06622943638228367,0.0,183.178768570322
2023-04-07 00:00:00+00:00,3980.3989149297704,0.0,3.1419180740956083,-0.149257700973767,1111.2744418835916,0.06622943638228367,0.0,183.2532697268291
2023-04-08 00:00:00+00:00,3953.6043349238107,0.0,3.1207678384012016,-0.15498458490748812,1111.2744418835916,0.06622943638228367,0.0,183.32780118391287
2023-04-09 00:00:00+00:00,4032.7179741108293,0.0,3.183215994523654,-0.13807539547075964,1111.2744418835916,0.06622943638228367,0.0,183.40236295389695
2023-04-10 00:00:00+00:00,4231.511398403489,0.0,3.3401330940770997,-0.09558669561213795,1111.2744418835916,0.06622943638228367,0.0,183.47695504910996
2023-04-11 00:00:00+00:00,4328.561747274222,0.0,3.416739547784673,-0.07484384076663497,1111.2744418835916,0.06622943638228367,0.0,183.55157748188557
2023-04-12 00:00:00+00:00,4299.005067678654,0.0,3.3934090555862024,-0.08116107632219716,1111.2744418835916,0.06622943638228367,0.0,183.62623026456248
2023-04-13 00:00:00+00:00,4358.672790354856,0.0,3.440507625433891,-0.06840811948241587,1111.2744418835916,0.06622943638228367,0.0,183.70091340948437
2023-04-14 00:00:00+00:00,4615.643090310762,0.0,3.6433464984194335,-0.013485105875422843,1111.2744418835916,0.06622943638228367,0.0,183.77562692899994
2023-04-15 00:00:00+00:00,4625.090368214111,0.0,3.650803683950311,-0.011465911544701779,1111.2744418835916,0.06622943638228367,0.0,183.85037083546294
2023-04-16 00:00:00+00:00,4830.4935072656945,0.0,3.8129381455595515,0.0,1111.2744418835916,0.06622943638228367,0.0,183.92514514123212
2023-04-17 00:00:00+00:00,4727.096182381868,0.0,3.731321721977705,-0.021405126562804244,1111.2744418835916,0.06622943638228367,0.0,183.9999498586713
2023-04-18 00:00:00+00:00,4710.786327313021,0.0,3.7184475780735644,-0.02478156316173874,1111.2744418835916,0.06622943638228367,0.0,184.07478500014926
2023-04-19 00:00:00+00:00,4553.193332245237,0.0,3.5940519357933067,-0.057406179017394754,1111.2744418835916,0.06622943638228367,0.0,184.14965057803988
2023-04-20 00:00:00+00:00,4438.31472821901,0.0,3.5033727928151857,-0.08118813915323475,1111.2744418835916,0.06622943638228367,0.0,184.224546604722
2023-04-21 00:00:00+00:00,4258.392833904857,0.0,3.3613518889427576,-0.1184352432107244,1111.2744418835916,0.06622943638228367,0.0,184.29947309257957
2023-04-22 00:00:00+00:00,4356.473777595016,0.0,3.4387718401312184,-0.0981307042350208,1111.2744418835916,0.06622943638228367,0.0,184.37443005400152
2023-04-23 00:00:00+00:00,4207.965220577137,0.0,3.321546976637715,-0.12887467621107307,1111.2744418835916,0.06622943638228367,0.0,184.44941750138184
2023-04-24 00:00:00+00:00,4223.318158346864,0.0,3.333665780230048,-0.12569633889488907,1111.2744418835916,0.06622943638228367,0.0,184.52443544711957
2023-04-25 00:00:00+00:00,4512.995942575503,0.0,3.562322225321051,-0.06572776968080662,1111.2744418835916,0.06622943638228367,0.0,184.5994839036188
2023-04-26 00:00:00+00:00,4535.6050324239595,0.0,3.5801686546744693,-0.06104727692898959,1111.2744418835916,0.06622943638228367,0.0,184.67456288328862
2023-04-27 00:00:00+00:00,4849.544055023131,100.0,3.7490408949259324,-0.016758008704660488,-2.2737367544323206e-13,0.08156013509613916,65.2217560475478,111.01202195062288
2023-04-28 00:00:00+00:00,4847.213849131722,0.0,3.7472394807968166,-0.017230456475997635,-2.2737367544323206e-13,0.08156013509613916,65.23379695840475,111.05717196492893
2023-04-29 00:00:00+00:00,4795.019597305589,0.0,3.7068896288610347,-0.027812808036767667,-2.2737367544323206e-13,0.08156013509613916,65.24584009219379,111.10234034232535
2023-04-30 00:00:00+00:00,4730.955977286221,0.0,3.6573639149785446,-0.040801666494953426,-2.2737367544323206e-13,0.08156013509613916,65.2578854493253,111.14752709028065
2023-05-01 00:00:00+00:00,4595.664140219088,0.0,3.552773746467967,-0.06823200092940529,-2.2737367544323206e-13,0.08156013509613916,65.26993303020974,111.19273221626636
2023-05-02 00:00:00+00:00,4664.504677157684,0.0,3.6059923553275217,-0.05427462558579221,-2.2737367544323206e-13,0.08156013509613916,65.28198283525766,111.23795572775708
2023-05-03 00:00:00+00:00,4702.7716059240865,0.0,3.6355754005046994,-0.046516029970589456,-2.2737367544323206e-13,0.08156013509613916,65.29403486487966,111.28319763223043
2023-05-04 00:00:00+00:00,4594.070593305628,0.0,3.5515418218831485,-0.0685550915586759,-2.2737367544323206e-13,0.08156013509613916,65.30608911948644,111.32845793716706
2023-05-05 00:00:00+00:00,4766.981877247874,0.0,3.685214486228196,-0.0334974380531452,-2.2737367544323206e-13,0.08156013509613916,65.31814559948877,111.37373665005069
2023-05-06 00:00:00+00:00,4589.584641759554,0.0,3.5480738637394404,-0.06946461539864346,-2.2737367544323206e-13,0.08156013509613916,65.33020430529749,111.41903377836805
2023-05-07 00:00:00+00:00,4547.097225847339,0.0,3.5152280831944362,-0.07807891211448592,-2.2737367544323206e-13,0.08156013509613916,65.34226523732349,111.46434932960894
2023-05-08 00:00:00+00:00,4347.265521774732,0.0,3.3607440281635417,-0.1185946637824753,-2.2737367544323206e-13,0.08156013509613916,65.35432839597779,111.5096833112662
2023-05-09 00:00:00+00:00,4303.970199725234,0.0,3.3272736789758834,-0.12737276295689726,-2.2737367544323206e-13,0.08156013509613916,65.36639378167145,111.55503573083573
2023-05-10 00:00:00+00:00,4360.164110112344,0.0,3.3707155501490846,-0.11597948315145568,-2.2737367544323206e-13,0.08156013509613916,65.37846139481562,111.60040659581645
2023-05-11 00:00:00+00:00,4164.362234943775,0.0,3.2193468381668096,-0.1556781895567918,-2.2737367544323206e-13,0.08156013509613916,65.39053123582151,111.64579591371034
2023-05-12 00:00:00+00:00,4237.7679616369405,0.0,3.2760946619151854,-0.1407952248765325,-2.2737367544323206e-13,0.08156013509613916,65.40260330510044,111.69120369202246
2023-05-13 00:00:00+00:00,4219.691847513132,0.0,3.2621205459359084,-0.1444601455874942,-2.2737367544323206e-13,0.08156013509613916,65.41467760306377,111.73662993826088
2023-05-14 00:00:00+00:00,4244.868829841065,0.0,3.2815841357677153,-0.13935552833728426,-2.2737367544323206e-13,0.08156013509613916,65.42675413012293,111.78207465993674
2023-05-15 00:00:00+00:00,4303.598704684287,0.0,3.3269864870079435,-0.12744808334159174,-2.2737367544323206e-13,0.08156013509613916,65.43883288668947,111.82753786456425
2023-05-16 00:00:00+00:00,4245.88497563741,0.0,3.282369688409877,-0.13914950541947824,-2.2737367544323206e-13,0.08156013509613916,65.45091387317497,111.87301955966066
2023-05-17 00:00:00+00:00,4353.413551233462,0.0,3.365496890206338,-0.1173481546964752,-2.2737367544323206e-13,0.08156013509613916,65.46299708999112,111.91851975274629
2023-05-18 00:00:00+00:00,4262.303758228258,0.0,3.295062569777606,-0.13582060762906678,-2.2737367544323206e-13,0.08156013509613916,65.47508253754967,111.96403845134449
2023-05-19 00:00:00+00:00,4311.0875671712765,0.0,3.332775907910537,-0.12592972120678092,-2.2737367544323206e-13,0.08156013509613916,65.48717021626244,112.0095756629817
2023-05-20 00:00:00+00:00,4347.504730878981,0.0,3.3609289537367686,-0.11854616428781595,-2.2737367544323206e-13,0.08156013509613916,65.49926012654136,112.05513139518742
2023-05-21 00:00:00+00:00,4221.452622314009,0.0,3.2634817495171817,-0.14410314960977066,-2.2737367544323206e-13,0.08156013509613916,65.51135226879838,112.10070565549418
2023-05-22 00:00:00+00:00,4218.191689841006,0.0,3.2609608178464575,-0.14476430160712472,-2.2737367544323206e-13,0.08156013509613916,65.52344664344557,112.14629845143762
2023-05-23 00:00:00+00:00,4295.746974691458,0.0,3.320916543832863,-0.1290400166338087,-2.2737367544323206e-13,0.08156013509613916,65.53554325089506,112.19190979055641
2023-05-24 00:00:00+00:00,4122.176421311463,0.0,3.1867342175371554,-0.16423133660105582,-2.2737367544323206e-13,0.08156013509613916,65.54764209155906,112.23753968039229
2023-05-25 00:00:00+00:00,4124.534214021343,0.0,3.1885569582300546,-0.16375329561971386,1258.1688062812943,0.08156013509613916,0.0,112.28318812849008
2023-05-26 00:00:00+00:00,4155.773566535036,0.0,3.2127071894221046,-0.15741953664694508,1258.1688062812943,0.08156013509613916,0.0,112.32885514239767
2023-05-27 00:00:00+00:00,4334.185070357656,100.0,3.2733248332930067,-0.14152165381831971,0.0,0.07968603551465107,65.88841153714854,132.83860762939423
2023-05-28 00:00:00+00:00,4549.456773509747,0.0,3.435905387744244,-0.09888247420283758,0.0,0.07968603551465107,65.90057552257154,132.89263479626746
2023-05-29 00:00:00+00:00,4551.296727975866,0.0,3.437294984300068,-0.09851803174330209,0.0,0.07968603551465107,65.91274175364804,132.94668393668297
2023-05-30 00:00:00+00:00,4617.370016018549,0.0,3.487195791731346,-0.0854307993974559,0.0,0.07968603551465107,65.92491023079259,133.00075505957767
2023-05-31 00:00:00+00:00,4506.2807140218465,0.0,3.403297350608945,-0.1074344191572223,0.0,0.07968603551465107,65.93708095441988,133.05484817389214
2023-06-01 00:00:00+00:00,4457.081770145759,0.0,3.3661406251468047,-0.11717932558991961,0.0,0.07968603551465107,65.94925392494464,133.10896328857055
2023-06-02 00:00:00+00:00,4622.386045977182,0.0,3.4909840691495004,-0.08443726704168819,0.0,0.07968603551465107,65.96142914278167,133.16310041256074
2023-06-03 00:00:00+00:00,4610.6331150171,0.0,3.482107853632372,-0.08676518718575488,0.0,0.07968603551465107,65.97360660834586,133.21725955481418
2023-06-04 00:00:00+00:00,4641.23012521035,0.0,3.5052157624235902,-0.08070479283654963,0.0,0.07968603551465107,65.98578632205218,133.27144072428595
2023-06-05 00:00:00+00:00,4314.349834926158,0.0,3.258344584951472,-0.14545044777449245,0.0,0.07968603551465107,65.99796828431566,133.32564392993484
2023-06-06 00:00:00+00:00,4499.354084490685,0.0,3.3980661230339075,-0.10880638675159027,0.0,0.07968603551465107,66.01015249555142,133.37986918072323
2023-06-07 00:00:00+00:00,4250.229384566324,0.0,3.209918627342916,-0.1581508787177407,0.0,0.07968603551465107,66.02233895617466,133.43411648561718
2023-06-08 00:00:00+00:00,4267.149949512307,0.0,3.2226976168258137,-0.1547993977875347,1229.0378857536762,0.07968603551465107,0.0,133.48838585358635
2023-06-09 00:00:00+00:00,4261.328865830783,0.0,3.2183013352960455,-0.15595238830611624,1229.0378857536762,0.07968603551465107,0.0,133.5426772936041
2023-06-10 00:00:00+00:00,4047.9875503181324,0.0,3.057178675626755,-0.19820921323177887,1229.0378857536762,0.07968603551465107,0.0,133.5969908146474
2023-06-11 00:00:00+00:00,4059.4277709455246,0.0,3.0658187216031267,-0.19594323207852204,1229.0378857536762,0.07968603551465107,0.0,133.65132642569688
2023-06-12 00:00:00+00:00,4049.692831263323,0.0,3.0584665621325273,-0.19787144575257853,1229.0378857536762,0.07968603551465107,0.0,133.70568413573685
2023-06-13 00:00:00+00:00,4101.8073577487985,0.0,3.097825235320457,-0.18754904562821095,1229.0378857536762,0.07968603551465107,0.0,133.76006395375524
2023-06-14 00:00:00+00:00,4022.279891189612,0.0,3.0377633720194552,-0.20330116669813925,1229.0378857536762,0.07968603551465107,0.0,133.81446588874365
2023-06-15 00:00:00+00:00,4054.82432190979,0.0,3.062342039411928,-0.19685504393029507,1229.0378857536762,0.07968603551465107,0.0,133.86888994969735
2023-06-16 00:00:00+00:00,4141.281141791043,0.0,3.1276371873880375,-0.1797304157607691,1229.0378857536762,0.07968603551465107,0.0,133.92333614561522
2023-06-17 00:00:00+00:00,4187.203683329857,0.0,3.1623194617226047,-0.17063447110849161,1229.0378857536762,0.07968603551465107,0.0,133.97780448549986
2023-06-18 00:00:00+00:00,4129.076697714163,0.0,3.118419973719289,-0.18214776776514985,1229.0378857536762,0.07968603551465107,0.0,134.0322949783575
2023-06-19 00:00:00+00:00,4195.607403125865,0.0,3.168666238395443,-0.16896993409515726,1229.0378857536762,0.07968603551465107,0.0,134.08680763319805
2023-06-20 00:00:00+00:00,4389.438595785796,0.0,3.3150541858644686,-0.13057750760392106,1229.0378857536762,0.07968603551465107,0.0,134.14134245903506
2023-06-21 00:00:00+00:00,4578.901142489077,0.0,3.458142782460001,-0.09305038517677922,1229.0378857536762,0.07968603551465107,0.0,134.19589946488574
2023-06-22 00:00:00+00:00,4544.966264176848,0.0,3.4325140014801825,-0.09977191592326273,1229.0378857536762,0.07968603551465107,0.0,134.25047865977103
2023-06-23 00:00:00+00:00,4635.032719182067,0.0,3.500535269383937,-0.08193232207016798,1229.0378857536762,0.07968603551465107,0.0,134.30508005271545
2023-06-24 00:00:00+00:00,4588.998431515962,0.0,3.465768600551316,-0.09105040044054746,1229.0378857536762,0.07968603551465107,0.0,134.35970365274727
2023-06-25 00:00:00+00:00,4592.01036468795,0.0,3.468043315518038,-0.09045382245268496,1229.0378857536762,0.07968603551465107,0.0,134.4143494688984
2023-06-26 00:00:00+00:00,4632.5485469710275,0.0,3.4986591375491,-0.08242436567623124,1229.0378857536762,0.07968603551465107,0.0,134.4690175102044
2023-06-27 00:00:00+00:00,4793.852810856379,100.0,3.544958214793189,-0.07028174088752137,1419.709027249508,0.07818188966883462,0.0,128.38240361738178
2023-06-28 00:00:00+00:00,4721.890822708318,0.0,3.491743764724843,-0.08423802552600101,1419.709027249508,0.07818188966883462,0.0,128.43461838888237
2023-06-29 00:00:00+00:00,4809.915447086771,0.0,3.5568362128258384,-0.0671665584273804,1419.709027249508,0.07818188966883462,0.0,128.48685439680077
2023-06-30 00:00:00+00:00,4833.208322892724,0.0,3.5740608283266466,-0.0626491456492928,1419.709027249508,0.07818188966883462,0.0,128.5391116497741
2023-07-01 00:00:00+00:00,4950.677977428071,0.0,3.6609272869486014,-0.039867118953392455,1419.709027249508,0.07818188966883462,0.0,128.591390156443
2023-07-02 00:00:00+00:00,4935.565195916622,0.0,3.6497516874712743,-0.04279808689745457,1419.709027249508,0.07818188966883462,0.0,128.6436899254516
2023-07-03 00:00:00+00:00,4965.305320704708,0.0,3.6717439145663042,-0.03703029674312408,1419.709027249508,0.07818188966883462,0.0,128.6960109654476
2023-07-04 00:00:00+00:00,4927.178821684908,0.0,3.643550131562483,-0.04442453759558973,1419.709027249508,0.07818188966883462,0.0,128.7483532850822
2023-07-05 00:00:00+00:00,4871.4890550630735,0.0,3.6023686636586487,-0.055224992869639555,1419.709027249508,0.07818188966883462,0.0,128.80071689301005
2023-07-06 00:00:00+00:00,4768.873645530702,0.0,3.526486621940066,-0.07512619210806748,1419.709027249508,0.07818188966883462,0.0,128.8531017978894
2023-07-07 00:00:00+00:00,4817.816141906089,0.0,3.5626786185290102,-0.06563430023694117,1419.709027249508,0.07818188966883462,0.0,128.905508008382
2023-07-08 00:00:00+00:00,4828.367084194599,0.0,3.5704808291965464,-0.06358805391201128,1419.709027249508,0.07818188966883462,0.0,128.9579355331531
2023-07-09 00:00:00+00:00,4836.647563801418,0.0,3.5766040781494857,-0.061982140383078144,1419.709027249508,0.07818188966883462,0.0,129.0103843808715
2023-07-10 00:00:00+00:00,4846.107793801811,0.0,3.5835997289082613,-0.06014742644550153,1419.709027249508,0.07818188966883462,0.0,129.0628545602095
2023-07-11 00:00:00+00:00,4847.758362284911,0.0,3.584820291268873,-0.05982731572929878,1419.709027249508,0.07818188966883462,0.0,129.11534607984296
2023-07-12 00:00:00+00:00,4824.084335489963,0.0,3.5673138222396354,-0.06441864880655457,1419.709027249508,0.07818188966883462,0.0,129.16785894845125
2023-07-13 00:00:00+00:00,5011.993794476752,0.0,3.706269106549577,-0.027975549284532275,1419.709027249508,0.07818188966883462,0.0,129.2203931747173
2023-07-14 00:00:00+00:00,5010.671522766294,0.0,3.7052913130821685,-0.028231990231141202,1419.709027249508,0.07818188966883462,0.0,129.27294876732748
2023-07-15 00:00:00+00:00,4993.114837861405,0.0,3.692308495954956,-0.03163692800657614,1419.709027249508,0.07818188966883462,0.0,129.3255257349718
2023-07-16 00:00:00+00:00,4931.145850792861,0.0,3.6464836701961096,-0.0436551732572138,1419.709027249508,0.07818188966883462,0.0,129.37812408634375
2023-07-17 00:00:00+00:00,4963.0936004988935,0.0,3.6701083917370125,-0.03745923704240384,1419.709027249508,0.07818188966883462,0.0,129.4307438301404
2023-07-18 00:00:00+00:00,4908.755578339527,0.0,3.6299265118108646,-0.04799753543387986,1419.709027249508,0.07818188966883462,0.0,129.48338497506225
2023-07-19 00:00:00+00:00,4918.321961276053,0.0,3.6370006605414833,-0.046142234230303614,1419.709027249508,0.07818188966883462,0.0,129.5360475298135
2023-07-20 00:00:00+00:00,4954.834131091129,0.0,3.6640006794057998,-0.03906107586014751,1419.709027249508,0.07818188966883462,0.0,129.5887315031017
2023-07-21 00:00:00+00:00,4923.99565045683,0.0,3.641196240143767,-0.045041880791009015,1419.709027249508,0.07818188966883462,0.0,129.64143690363815
2023-07-22 00:00:00+00:00,4866.5051628277915,0.0,3.5986831750927317,-0.05619156731307995,1419.709027249508,0.07818188966883462,0.0,129.69416374013753
2023-07-23 00:00:00+00:00,4901.160319719886,0.0,3.624309970064693,-0.04947055742683115,1419.709027249508,0.07818188966883462,0.0,129.7469120213181
2023-07-24 00:00:00+00:00,4759.429135573396,0.0,3.519502595838551,-0.07695785730558669,1419.709027249508,0.07818188966883462,0.0,129.79968175590176
2023-07-25 00:00:00+00:00,4742.7912603200475,0.0,3.5071992200606195,-0.08018460143524431,1419.709027249508,0.07818188966883462,0.0,129.85247295261382
2023-07-26 00:00:00+00:00,4757.510263778006,0.0,3.5180836285480255,-0.0773300026791428,1419.709027249508,0.07818188966883462,0.0,129.90528562018324
2023-07-27 00:00:00+00:00,4834.433993300772,100.0,3.5010191883529065,-0.08180540709004092,-2.2737367544323206e-13,0.08274410840248075,57.78595064309771,121.02151791746097
2023-07-28 00:00:00+00:00,4832.40356061627,0.0,3.499548781724343,-0.08219104319858261,-2.2737367544323206e-13,0.08274410840248075,57.79661879315442,121.07073892226117
2023-07-29 00:00:00+00:00,4853.960040826581,0.0,3.5151596372979697,-0.07809686307352426,-2.2737367544323206e-13,0.08274410840248075,57.807288912711066,121.11997994587584
2023-07-30 00:00:00+00:00,4781.312058589433,0.0,3.4625491393245103,-0.09189475225112032,-2.2737367544323206e-13,0.08274410840248075,57.817961002131234,121.16924099644689
2023-07-31 00:00:00+00:00,4744.696086084458,0.0,3.4360324421231914,-0.09884915229356517,-2.2737367544323206e-13,0.08274410840248075,57.8286350617786,121.21852208211953
2023-08-01 00:00:00+00:00,4821.235227208941,0.0,3.491460854654667,-0.08431222291902862,-2.2737367544323206e-13,0.08274410840248075,57.839311092016885,121.2678232110423
2023-08-02 00:00:00+00:00,4718.183652117499,0.0,3.4168325647069544,-0.10388460702251134,-2.2737367544323206e-13,0.08274410840248075,57.8499890932099,121.31714439136704
2023-08-03 00:00:00+00:00,4712.005829944225,0.0,3.4123586854481136,-0.10505794870497498,-2.2737367544323206e-13,0.08274410840248075,57.86066906572151,121.36648563124892
2023-08-04 00:00:00+00:00,4700.290386513345,0.0,3.4038745501163636,-0.10728303996212807,-2.2737367544323206e-13,0.08274410840248075,57.87135100991565,121.41584693884641
2023-08-05 00:00:00+00:00,4681.738271537619,0.0,3.3904394074286053,-0.11080660687427546,-2.2737367544323206e-13,0.08274410840248075,57.88203492615632,121.46522832232132
2023-08-06 00:00:00+00:00,4709.242988201413,0.0,3.4103578799827017,-0.10558268983347774,-2.2737367544323206e-13,0.08274410840248075,57.892720814807596,121.51462978983876
2023-08-07 00:00:00+00:00,4719.16503073121,0.0,3.417543263283541,-0.10369821570184057,-2.2737367544323206e-13,0.08274410840248075,57.90340867623361,121.56405134956718
2023-08-08 00:00:00+00:00,4852.5349808934325,0.0,3.514127631860018,-0.07836752191942076,-2.2737367544323206e-13,0.08274410840248075,57.91409851079856,121.61349300967832
2023-08-09 00:00:00+00:00,4819.010847812784,0.0,3.4898499949430826,-0.08473469494718366,-2.2737367544323206e-13,0.08274410840248075,57.92479031886673,121.66295477834728
2023-08-10 00:00:00+00:00,4801.09057682235,0.0,3.476872423486955,-0.08813825696699795,-2.2737367544323206e-13,0.08274410840248075,57.93548410080244,121.71243666375246
2023-08-11 00:00:00+00:00,4791.483251845844,0.0,3.4699149535663607,-0.0899629574092794,-2.2737367544323206e-13,0.08274410840248075,57.94617985697011,121.7619386740756
2023-08-12 00:00:00+00:00,4812.320221738411,0.0,3.4850047513631863,-0.08600543247161452,-2.2737367544323206e-13,0.08274410840248075,57.95687758773421,121.81146081750175
2023-08-13 00:00:00+00:00,4766.873069257945,0.0,3.4520926559429985,-0.094637121254323,-2.2737367544323206e-13,0.08274410840248075,57.96757729345928,121.86100310221931
2023-08-14 00:00:00+00:00,4817.748286863609,0.0,3.488935668650563,-0.08497449067887797,-2.2737367544323206e-13,0.08274410840248075,57.97827897450992,121.91056553642001
2023-08-15 00:00:00+00:00,4678.592234837417,0.0,3.3881610983504524,-0.11140412747156236,-2.2737367544323206e-13,0.08274410840248075,57.98898263125081,121.9601481282989
2023-08-16 00:00:00+00:00,4561.49010283433,0.0,3.3033576215198743,-0.13364510636846316,-2.2737367544323206e-13,0.08274410840248075,57.9996882640467,122.00975088605435
2023-08-17 00:00:00+00:00,4330.817367384457,0.0,3.1363081439266414,-0.1774563278507142,-2.2737367544323206e-13,0.08274410840248075,58.01039587326239,122.0593738178881
2023-08-18 00:00:00+00:00,4401.6038902092105,0.0,3.1875706029921003,-0.1640119820185748,2199.627029064226,0.0,58.021105459262756,122.1090169320052
2023-08-19 00:00:00+00:00,4383.265272933583,0.0,3.1742900718981186,-0.1674949997301125,3436.1690250591146,0.0,0.0,122.15868023661405
2023-08-20 00:00:00+00:00,4380.473051677525,0.0,3.1722679902626814,-0.16802532085210398,3436.1690250591146,0.0,0.0,122.20836373992636
2023-08-21 00:00:00+00:00,4349.0700147094385,0.0,3.149526416967818,-0.17398963824375846,3436.1690250591146,0.0,0.0,122.25806745015721
2023-08-22 00:00:00+00:00,4335.865138417476,0.0,3.1399636583611126,-0.17649761457110635,3436.1690250591146,0.0,0.0,122.30779137552504
2023-08-23 00:00:00+00:00,4381.258629448434,0.0,3.17283689302435,-0.1678761176025494,3436.1690250591146,0.0,0.0,122.35753552425157
2023-08-24 00:00:00+00:00,4349.3274823471465,0.0,3.149712870881812,-0.17394073791889708,3436.1690250591146,0.0,0.0,122.40729990456192
2023-08-25 00:00:00+00:00,4325.942201215473,0.0,3.1327776271530796,-0.1783822586260858,3436.1690250591146,0.0,0.0,122.45708452468453
2023-08-26 00:00:00+00:00,4319.4436975815715,0.0,3.1280715155484127,-0.17961650671116092,3436.1690250591146,0.0,0.0,122.50688939285119
2023-08-27 00:00:00+00:00,4387.7960949490325,100.0,3.105152831740665,-0.18562727398113044,3535.6462586398334,0.0,0.0,122.62913171811758
2023-08-28 00:00:00+00:00,4381.640687878188,0.0,3.100796777064708,-0.18676971440624723,3535.6462586398334,0.0,0.0,122.67900656008625
2023-08-29 00:00:00+00:00,4425.921711475832,0.0,3.132133544508136,-0.17855117892333572,3535.6462586398334,0.0,0.0,122.72890168679336
2023-08-30 00:00:00+00:00,4408.97198471829,0.0,3.12013857233999,-0.1816970395982893,3535.6462586398334,0.0,0.0,122.77881710648897
2023-08-31 00:00:00+00:00,4394.464898409199,0.0,3.109872206456481,-0.18438954744698466,3535.6462586398334,0.0,0.0,122.8287528274265
2023-09-01 00:00:00+00:00,4370.729964037869,0.0,3.0930754827529445,-0.1887947392078574,3535.6462586398334,0.0,0.0,122.87870885786272
2023-09-02 00:00:00+00:00,4368.119314855257,0.0,3.0912279801510345,-0.1892792743698195,3535.6462586398334,0.0,0.0,122.92868520605776
2023-09-03 00:00:00+00:00,4373.622996972028,0.0,3.0951228225138245,-0.18825779376507223,3535.6462586398334,0.0,0.0,122.97868188027513
2023-09-04 00:00:00+00:00,4376.793472942434,0.0,3.097366502991321,-0.18766935503571347,3535.6462586398334,0.0,0.0,123.02869888878168
2023-09-05 00:00:00+00:00,4379.597153036469,0.0,3.0993506095894623,-0.18714899343465996,3535.6462586398334,0.0,0.0,123.07873623984761
2023-09-06 00:00:00+00:00,4384.7424216621175,0.0,3.1029918101141156,-0.18619403419177438,3535.6462586398334,0.0,0.0,123.12879394174652
2023-09-07 00:00:00+00:00,4393.4639232670215,0.0,3.1091638369858003,-0.184575327924831,3535.6462586398334,0.0,0.0,123.17887200275534
2023-09-08 00:00:00+00:00,4363.375253025897,0.0,3.0878707054043013,-0.19015976983514538,3535.6462586398334,0.0,0.0,123.2289704311544
2023-09-09 00:00:00+00:00,4359.397132909622,0.0,3.085055471816242,-0.19089810690765663,3535.6462586398334,0.0,0.0,123.27908923522735
2023-09-10 00:00:00+00:00,4354.922323055558,0.0,3.0818887411411677,-0.19172862934316015,3535.6462586398334,0.0,0.0,123.32922842326126
2023-09-11 00:00:00+00:00,4354.026529040269,0.0,3.0812548061854317,-0.19189488825729295,4354.026529040269,0.0,0.0,0.0
2023-09-12 00:00:00+00:00,4354.026529040269,0.0,3.0812548061854317,-0.19189488825729295,4354.026529040269,0.0,0.0,0.0
2023-09-13 00:00:00+00:00,4354.026529040269,0.0,3.0812548061854317,-0.19189488825729295,4354.026529040269,0.0,0.0,0.0
2023-09-14 00:00:00+00:00,4354.026529040269,0.0,3.0812548061854317,-0.19189488825729295,4354.026529040269,0.0,0.0,0.0
2023-09-15 00:00:00+00:00,4354.026529040269,0.0,3.0812548061854317,-0.19189488825729295,4354.026529040269,0.0,0.0,0.0
2023-09-16 00:00:00+00:00,4354.026529040269,0.0,3.0812548061854317,-0.19189488825729295,4354.026529040269,0.0,0.0,0.0
2023-09-17 00:00:00+00:00,4354.026529040269,0.0,3.0812548061854317,-0.19189488825729295,4354.026529040269,0.0,0.0,0.0
2023-09-18 00:00:00+00:00,4354.026529040269,0.0,3.0812548061854317,-0.19189488825729295,4354.026529040269,0.0,0.0,0.0
2023-09-19 00:00:00+00:00,4354.026529040269,0.0,3.0812548061854317,-0.19189488825729295,4354.026529040269,0.0,0.0,0.0
2023-09-20 00:00:00+00:00,4354.026529040269,0.0,3.0812548061854317,-0.19189488825729295,4354.026529040269,0.0,0.0,0.0
2023-09-21 00:00:00+00:00,4354.026529040269,0.0,3.0812548061854317,-0.19189488825729295,4354.026529040269,0.0,0.0,0.0
2023-09-22 00:00:00+00:00,4354.026529040269,0.0,3.0812548061854317,-0.19189488825729295,4354.026529040269,0.0,0.0,0.0
2023-09-23 00:00:00+00:00,4354.026529040269,0.0,3.0812548061854317,-0.19189488825729295,4354.026529040269,0.0,0.0,0.0
2023-09-24 00:00:00+00:00,4354.026529040269,0.0,3.0812548061854317,-0.19189488825729295,4354.026529040269,0.0,0.0,0.0
2023-09-25 00:00:00+00:00,4354.026529040269,0.0,3.0812548061854317,-0.19189488825729295,4354.026529040269,0.0,0.0,0.0
2023-09-26 00:00:00+00:00,4354.026529040269,0.0,3.0812548061854317,-0.19189488825729295,4354.026529040269,0.0,0.0,0.0
2023-09-27 00:00:00+00:00,4452.317784397553,100.0,3.080045562831539,-0.19221203039485968,3563.2212232322154,0.0,0.0,124.69797491799964
2023-09-28 00:00:00+00:00,4470.144208147557,0.0,3.092377610998623,-0.188977766502736,3563.2212232322154,0.0,0.0,124.74869118505391
2023-09-29 00:00:00+00:00,4505.956102941473,0.0,3.1171517338258674,-0.18248038262670974,3563.2212232322154,0.0,0.0,124.79942807906501
2023-09-30 00:00:00+00:00,4519.698495178338,0.0,3.126658511257653,-0.17998708819893183,3563.2212232322154,0.0,0.0,124.85018560842217
2023-10-01 00:00:00+00:00,4555.809182403939,0.0,3.1516393341337228,-0.17343549414667536,3563.2212232322154,0.0,0.0,124.90096378151804
2023-10-02 00:00:00+00:00,4507.731596776629,0.0,3.1183799933916987,-0.18215825320342982,3563.2212232322154,0.0,0.0,124.95176260674873
2023-10-03 00:00:00+00:00,4485.365271328689,0.0,3.102907310445709,-0.18621619549237267,3563.2212232322154,0.0,0.0,125.00258209251369
2023-10-04 00:00:00+00:00,4512.876911777573,0.0,3.1219394438634427,-0.18122473413339468,3563.2212232322154,0.0,0.0,125.05342224721585
2023-10-05 00:00:00+00:00,4490.494169415701,0.0,3.106455403946689,-0.18528565495761162,3563.2212232322154,0.0,0.0,125.10428307926152
2023-10-06 00:00:00+00:00,4543.5616275209895,0.0,3.143166662392959,-0.17565757890580802,3563.2212232322154,0.0,0.0,125.15516459706045
2023-10-07 00:00:00+00:00,4537.700041206863,0.0,3.139111706347088,-0.17672105171629493,3563.2212232322154,0.0,0.0,125.2060668090258
2023-10-08 00:00:00+00:00,4531.958781754338,0.0,3.1351399905895603,-0.17776269351742235,3563.2212232322154,0.0,0.0,125.25698972357415
2023-10-09 00:00:00+00:00,4501.652336083816,0.0,3.1141744535293356,-0.1832612188697521,3563.2212232322154,0.0,0.0,125.3079333491255
2023-10-10 00:00:00+00:00,4482.728737818463,0.0,3.1010833967601488,-0.18669454410856634,3563.2212232322154,0.0,0.0,125.35889769410329
2023-10-11 00:00:00+00:00,4488.620748169424,0.0,3.1051593996908533,-0.18562555143805803,3563.2212232322154,0.0,0.0,125.40988276693437
2023-10-12 00:00:00+00:00,4481.594927608894,0.0,3.1002990441433353,-0.1869002523017944,3563.2212232322154,0.0,0.0,125.46088857604904
2023-10-13 00:00:00+00:00,4512.593349274635,0.0,3.1217432796471285,-0.18127618113012678,3563.2212232322154,0.0,0.0,125.511915129881
2023-10-14 00:00:00+00:00,4518.504241451902,0.0,3.125832344737398,-0.18020376271310323,3563.2212232322154,0.0,0.0,125.5629624368674
2023-10-15 00:00:00+00:00,4543.889959388254,0.0,3.143393797372957,-0.17559800936354775,3563.2212232322154,0.0,0.0,125.6140305054488
2023-10-16 00:00:00+00:00,4543.534819235299,0.0,3.14314811682964,-0.17566244275688858,3563.2212232322154,0.0,0.0,125.66511934406921
2023-10-17 00:00:00+00:00,4556.002283338623,0.0,3.1517729184163032,-0.1734004596726081,3563.2212232322154,0.0,0.0,125.71622896117607
2023-10-18 00:00:00+00:00,4584.326413918438,0.0,3.171367120119322,-0.16826158750762488,3563.2212232322154,0.0,0.0,125.76735936522027
2023-10-19 00:00:00+00:00,4626.890911545818,0.0,3.2008125906360014,-0.16053907290272085,3563.2212232322154,0.0,0.0,125.81851056465612
2023-10-20 00:00:00+00:00,4624.680256327665,0.0,3.19928329305992,-0.16094015404217288,3563.2212232322154,0.0,0.0,125.86968256794137
2023-10-21 00:00:00+00:00,4672.710056236561,0.0,3.2325095763704903,-0.15222606479074752,3563.2212232322154,0.0,0.0,125.92087538353721
2023-10-22 00:00:00+00:00,4725.691660707929,0.0,3.269161442581746,-0.14261356523999047,3563.2212232322154,0.0,0.0,125.97208901990828
2023-10-23 00:00:00+00:00,4948.217548338109,0.0,3.4231014589957414,-0.10224049582808048,3563.2212232322154,0.0,0.0,126.02332348552265
2023-10-24 00:00:00+00:00,5050.396954625512,0.0,3.4937876144294697,-0.08370199540261525,3563.2212232322154,0.0,0.0,126.07457878885185
2023-10-25 00:00:00+00:00,5090.4792006809475,0.0,3.521515901153296,-0.07642983790482893,3563.2212232322154,0.0,0.0,126.12585493837084
2023-10-26 00:00:00+00:00,5093.750076295444,0.0,3.5237786430353575,-0.07583640003731551,3563.2212232322154,0.0,0.0,126.17715194255803
2023-10-27 00:00:00+00:00,5240.398622413277,100.0,3.5560493960319826,-0.06737291288785652,0.0,0.07594758730673962,47.4528244721327,85.61021935099143
2023-10-28 00:00:00+00:00,5235.595910852338,0.0,3.552790353967407,-0.06822764536453496,0.0,0.07594758730673962,47.46158497267737,85.64503812611616
2023-10-29 00:00:00+00:00,5373.101985548009,0.0,3.646099743024357,-0.04375586389448516,0.0,0.07594758730673962,47.47034709054137,85.67987106248368
2023-10-30 00:00:00+00:00,5409.14126691079,0.0,3.6705554140443852,-0.03734199876307498,0.0,0.07594758730673962,47.479110826023266,85.71471816585355
2023-10-31 00:00:00+00:00,5667.526451595414,0.0,3.8458914039462817,0.0,0.0,0.07594758730673962,47.487876179421704,85.74957944198766
2023-11-01 00:00:00+00:00,5918.558168334927,0.0,4.016237449928052,0.0,0.0,0.07594758730673962,47.49664315103537,85.78445489665026
2023-11-02 00:00:00+00:00,5795.60739149344,0.0,3.932805049602848,-0.020773771811399944,0.0,0.07594758730673962,47.50541174116301,85.81934453560794
2023-11-03 00:00:00+00:00,5775.208110911259,0.0,3.9189624291038094,-0.024220435678170782,0.0,0.07594758730673962,47.51418195010343,85.85424836462964
2023-11-04 00:00:00+00:00,5982.125638003997,0.0,4.059373302448347,0.0,0.0,0.07594758730673962,47.52295377815548,85.88916638948665
2023-11-05 00:00:00+00:00,6000.008933997814,0.0,4.071508616667743,0.0,0.0,0.07594758730673962,47.531727225618084,85.92409861595257
2023-11-06 00:00:00+00:00,6122.033820797508,0.0,4.154312723047935,0.0,0.0,0.07594758730673962,47.5405022927902,85.95904504980341
2023-11-07 00:00:00+00:00,6186.076789867505,0.0,4.1977712417391295,0.0,0.0,0.07594758730673962,47.54927897997085,85.99400569681747
2023-11-08 00:00:00+00:00,6214.293531980806,0.0,4.2169186646700565,0.0,0.0,0.07594758730673962,47.558057287459114,86.02898056277543
2023-11-09 00:00:00+00:00,6355.434124017347,0.0,4.312694378166448,0.0,0.0,0.07594758730673962,47.56683721555412,86.06396965346032
2023-11-10 00:00:00+00:00,7082.046292039931,0.0,4.8057615945028065,0.0,0.0,0.07594758730673962,47.575618764555074,86.09897297465753
2023-11-11 00:00:00+00:00,7026.272094028149,0.0,4.767914129558884,-0.007875435391388463,0.0,0.07594758730673962,47.5844019347612,86.13399053215477
2023-11-12 00:00:00+00:00,6983.25202518267,0.0,4.738721409527832,-0.013949960616369328,0.0,0.07594758730673962,47.59318672647181,86.16902233174214
2023-11-13 00:00:00+00:00,6553.938067381484,0.0,4.447395930237488,-0.07457000461180685,0.0,0.07594758730673962,47.60197313998624,86.20406837921209
2023-11-14 00:00:00+00:00,6745.985378006497,0.0,4.577716116193713,-0.04745251586552879,0.0,0.07594758730673962,47.61076117560392,86.2391286803594
2023-11-15 00:00:00+00:00,7455.922131851909,0.0,5.059467667294283,0.0,0.0,0.07594758730673962,47.6195508336243,86.27420324098122
2023-11-16 00:00:00+00:00,6871.680941823682,0.0,4.6630110843826325,-0.07835934706618419,0.0,0.07594758730673962,47.628342114346914,86.30929206687708
2023-11-17 00:00:00+00:00,6966.335135427865,0.0,4.727241882886858,-0.06566417778593958,0.0,0.07594758730673962,47.637135018071326,86.34439516384884
2023-11-18 00:00:00+00:00,6946.021621654179,0.0,4.713457462351129,-0.06838865819419182,0.0,0.07594758730673962,47.64592954509717,86.37951253770073
2023-11-19 00:00:00+00:00,7194.984795784327,0.0,4.882399828913314,-0.0349973258106937,0.0,0.07594758730673962,47.654725695724125,86.41464419423934
2023-11-20 00:00:00+00:00,6913.46557828498,0.0,4.6913654600623955,-0.07275512592192168,0.0,0.07594758730673962,47.66352347025194,86.44979013927363
2023-11-21 00:00:00+00:00,6405.026825321857,0.0,4.346347179838296,-0.14094773093734414,0.0,0.07594758730673962,47.67232286898041,86.48495037861491
2023-11-22 00:00:00+00:00,6974.93882532025,0.0,4.733080207115592,-0.06451023736914929,0.0,0.07594758730673962,47.681123892209385,86.52012491807685
2023-11-23 00:00:00+00:00,6833.488019821731,0.0,4.637093987802069,-0.08348184181955498,0.0,0.07594758730673962,47.68992654023877,86.5553137634755
2023-11-24 00:00:00+00:00,6927.129957716867,0.0,4.700637886022146,-0.0709224378666764,0.0,0.07594758730673962,47.698730813368535,86.59051692062926
2023-11-25 00:00:00+00:00,7157.414481027404,0.0,4.856905223497483,-0.040036315501374986,0.0,0.07594758730673962,47.70753671189869,86.62573439535892
2023-11-26 00:00:00+00:00,7070.894555731979,0.0,4.798194207359203,-0.05164050392574282,0.0,0.07594758730673962,47.716344236129316,86.66096619348761
2023-11-27 00:00:00+00:00,7023.441125669759,100.0,4.698134704505176,-0.07141718982114609,-1.1368683772161603e-13,0.09570908317279232,37.37500203513582,83.98926038459587
2023-11-28 00:00:00+00:00,7187.428688817213,0.0,4.807829603023573,-0.04973607517987777,-1.1368683772161603e-13,0.09570908317279232,37.38190201905308,84.02341989490192
2023-11-29 00:00:00+00:00,7247.266634431115,0.0,4.847856524856446,-0.04182478401942291,-1.1368683772161603e-13,0.09570908317279232,37.388803276810485,84.0575932983193
2023-11-30 00:00:00+00:00,7377.229761922016,0.0,4.934791727792715,-0.024642106185894908,-1.1368683772161603e-13,0.09570908317279232,37.39570580864321,84.09178060049851
2023-12-01 00:00:00+00:00,7447.892955770265,0.0,4.982059896972103,-0.015299587903795375,-1.1368683772161603e-13,0.09570908317279232,37.402609614786456,84.12598180709234
2023-12-02 00:00:00+00:00,7652.268273013337,0.0,5.1187710551499075,0.0,-1.1368683772161603e-13,0.09570908317279232,37.409514695475494,84.16019692375592
2023-12-03 00:00:00+00:00,7650.124371278451,0.0,5.117336951985448,-0.00028016552195997413,-1.1368683772161603e-13,0.09570908317279232,37.416421050945615,84.19442595614663
2023-12-04 00:00:00+00:00,7745.79902016184,0.0,5.181335835184962,0.0,-1.1368683772161603e-13,0.09570908317279232,37.42332868143217,84.2286689099242
2023-12-05 00:00:00+00:00,7951.148406794903,0.0,5.318698569865484,0.0,-1.1368683772161603e-13,0.09570908317279232,37.43023758717054,84.26292579075061
2023-12-06 00:00:00+00:00,7935.59381648109,0.0,5.308293761273781,-0.001956269650371656,-1.1368683772161603e-13,0.09570908317279232,37.43714776839615,84.29719660429019
2023-12-07 00:00:00+00:00,8218.238971341178,0.0,5.497361340448767,0.0,-1.1368683772161603e-13,0.09570908317279232,37.44405922534449,84.33148135620955
2023-12-08 00:00:00+00:00,8659.363181211062,0.0,5.792439055532411,0.0,-1.1368683772161603e-13,0.09570908317279232,37.45097195825107,84.3657800521776
2023-12-09 00:00:00+00:00,8463.18585928515,0.0,5.661211717268203,-0.022654936375872792,-1.1368683772161603e-13,0.09570908317279232,37.457885967351444,84.40009269786556
2023-12-10 00:00:00+00:00,8792.554663912735,0.0,5.88153377648596,0.0,-1.1368683772161603e-13,0.09570908317279232,37.46480125288123,84.43441929894698
2023-12-11 00:00:00+00:00,8606.612004778131,0.0,5.757152629937237,-0.021147739905191365,-1.1368683772161603e-13,0.09570908317279232,37.47171781507606,84.46875986109768
2023-12-12 00:00:00+00:00,8708.977367497993,0.0,5.825627079217623,-0.009505462247254126,-1.1368683772161603e-13,0.09570908317279232,37.47863565417164,84.50311438999582
2023-12-13 00:00:00+00:00,9222.906810264001,0.0,6.169405820652682,0.0,-1.1368683772161603e-13,0.09570908317279232,37.485554770403695,84.53748289132183
2023-12-14 00:00:00+00:00,9525.190569650975,0.0,6.371610095618938,0.0,-1.1368683772161603e-13,0.09570908317279232,37.49247516400801,84.5718653707585
2023-12-15 00:00:00+00:00,9249.67757750392,0.0,6.187313377416619,-0.028924669814469617,-1.1368683772161603e-13,0.09570908317279232,37.49939683522041,84.6062618339909
2023-12-16 00:00:00+00:00,9314.520626355747,0.0,6.230688323216801,-0.022117136844113205,-1.1368683772161603e-13,0.09570908317279232,37.50631978427675,84.64067228670642
2023-12-17 00:00:00+00:00,9213.192410422194,0.0,6.162907644301005,-0.03275505691433234,-1.1368683772161603e-13,0.09570908317279232,37.513244011412944,84.67509673459476
2023-12-18 00:00:00+00:00,9999.162310710486,0.0,6.688660248924535,0.0,-1.1368683772161603e-13,0.09570908317279232,37.52016951686495,84.70953518334794
2023-12-19 00:00:00+00:00,9868.575799392376,0.0,6.601308050794538,-0.013059745132673162,-1.1368683772161603e-13,0.09570908317279232,37.52709630086875,84.74398763866029
2023-12-20 00:00:00+00:00,10865.811120718994,0.0,7.268380756018671,0.0,-1.1368683772161603e-13,0.09570908317279232,37.53402436366039,84.77845410622844
2023-12-21 00:00:00+00:00,11139.201088750786,0.0,7.4512573365568535,0.0,-1.1368683772161603e-13,0.09570908317279232,37.540953705475964,84.81293459175137
2023-12-22 00:00:00+00:00,11158.012433816632,0.0,7.4638406602454745,0.0,-1.1368683772161603e-13,0.09570908317279232,37.54788432655159,84.84742910093037
2023-12-23 00:00:00+00:00,11810.098391665946,0.0,7.900035342321665,0.0,-1.1368683772161603e-13,0.09570908317279232,37.55481622712344,84.88193763946903
2023-12-24 00:00:00+00:00,11784.745391375714,0.0,7.883076161145998,-0.0021467221905723255,-1.1368683772161603e-13,0.09570908317279232,37.561749407427726,84.91646021307328
2023-12-25 00:00:00+00:00,12395.686729432118,0.0,8.291748299401576,0.0,-1.1368683772161603e-13,0.09570908317279232,37.568683867700706,84.95099682745135
2023-12-26 00:00:00+00:00,11592.301495942073,0.0,7.754346194221026,-0.06481167611169947,-1.1368683772161603e-13,0.09570908317279232,37.575619608178684,84.98554748831381
2023-12-27 00:00:00+00:00,11667.31946341322,100.0,7.737635161564411,-0.06682705719337334,-2.2737367544323206e-13,0.13742432038194666,31.189216427221815,60.29014682982591
2023-12-28 00:00:00+00:00,11167.140236506466,0.0,7.405921918832512,-0.10683228054968763,-2.2737367544323206e-13,0.13742432038194666,31.19497442267389,60.314667606441354
2023-12-29 00:00:00+00:00,11251.333621193287,0.0,7.461758025469236,-0.10009834403587003,-2.2737367544323206e-13,0.13742432038194666,31.200733481137977,60.339198355971405
2023-12-30 00:00:00+00:00,11218.383043871749,0.0,7.439905572857778,-0.10273378976123482,-2.2737367544323206e-13,0.13742432038194666,31.20649360281032,60.36373908247217
2023-12-31 00:00:00+00:00,11144.88610328106,0.0,7.391163227748839,-0.10861220566930774,-2.2737367544323206e-13,0.13742432038194666,31.212254787887204,60.388289790001416
2024-01-01 00:00:00+00:00,11902.900674244967,0.0,7.8938699733437385,-0.047984853337450284,-2.2737367544323206e-13,0.13742432038194666,31.21801703656495,60.41285048261855
2024-01-02 00:00:00+00:00,11749.244339865978,0.0,7.791966819031708,-0.06027455999911835,-2.2737367544323206e-13,0.13742432038194666,31.223780349039917,60.437421164384645
2024-01-03 00:00:00+00:00,11030.637501564463,0.0,7.315394838910766,-0.11775001184747425,-2.2737367544323206e-13,0.13742432038194666,31.229544725508493,60.46200183936241
2024-01-04 00:00:00+00:00,11666.35110107639,0.0,7.7369929545441884,-0.06690450853379426,-2.2737367544323206e-13,0.13742432038194666,31.23531016616711,60.48659251161621
2024-01-05 00:00:00+00:00,11519.009969633375,0.0,7.63927797185487,-0.07868911404290879,-2.2737367544323206e-13,0.13742432038194666,31.241076671212234,60.511193185212065
2024-01-06 00:00:00+00:00,11393.76523336826,0.0,7.5562170701486355,-0.08870641060173334,-2.2737367544323206e-13,0.13742432038194666,31.246844240840364,60.535803864217655
2024-01-07 00:00:00+00:00,11040.545855845969,0.0,7.321965948129318,-0.11695752406549154,-2.2737367544323206e-13,0.13742432038194666,31.25261287524804,60.5604245527023
2024-01-08 00:00:00+00:00,12071.56441919845,0.0,8.005725873709343,-0.03449482731077058,-2.2737367544323206e-13,0.13742432038194666,31.258382574631835,60.58505525473699
2024-01-09 00:00:00+00:00,11855.489417462135,0.0,7.862427360609326,-0.051776889901884116,-2.2737367544323206e-13,0.13742432038194666,31.26415333918836,60.60969597439437
2024-01-10 00:00:00+00:00,12088.146138385804,0.0,8.016722683544334,-0.03316859194545141,-2.2737367544323206e-13,0.13742432038194666,31.269925169114263,60.63434671574873
2024-01-11 00:00:00+00:00,11830.974545189321,0.0,7.8461693727935105,-0.05373763294771294,-2.2737367544323206e-13,0.13742432038194666,31.275698064606225,60.659007482876014
2024-01-12 00:00:00+00:00,10991.526076210941,0.0,7.289456581114423,-0.1208782131458922,-2.2737367544323206e-13,0.13742432038194666,31.281472025860968,60.683678279853844
2024-01-13 00:00:00+00:00,11246.001120409235,0.0,7.458221570870976,-0.10052484692411079,-2.2737367544323206e-13,0.13742432038194666,31.287247053075244,60.708359110761485
2024-01-14 00:00:00+00:00,10912.2952128096,0.0,7.2369115628299925,-0.12721523838919613,-2.2737367544323206e-13,0.13742432038194666,31.293023146445847,60.73304997967987
2024-01-15 00:00:00+00:00,11288.24358437332,0.0,7.486236298290122,-0.0971462195939532,-2.2737367544323206e-13,0.13742432038194666,31.298800306169607,60.757750890691575
2024-01-16 00:00:00+00:00,11461.093387044428,0.0,7.600868345094998,-0.0833213852326462,-2.2737367544323206e-13,0.13742432038194666,31.304578532443387,60.78246184788086
2024-01-17 00:00:00+00:00,11456.838128782068,0.0,7.598046305632067,-0.0836617283498069,-2.2737367544323206e-13,0.13742432038194666,31.310357825464088,60.80718285533363
2024-01-18 00:00:00+00:00,10824.744299511472,0.0,7.178848780947058,-0.1342177160074718,-2.2737367544323206e-13,0.13742432038194666,31.31613818542865,60.831913917137456
2024-01-19 00:00:00+00:00,10857.290079247909,0.0,7.200432776348818,-0.13161464671226442,-2.2737367544323206e-13,0.13742432038194666,31.321919612534042,60.85665503738157
2024-01-20 00:00:00+00:00,10796.795153694671,0.0,7.160313221508068,-0.13645313835384565,-2.2737367544323206e-13,0.13742432038194666,31.327702106977277,60.881406220156876
2024-01-21 00:00:00+00:00,10757.89252162275,0.0,7.1345134330698565,-0.13956463999458812,-2.2737367544323206e-13,0.13742432038194666,31.3334856689554,60.906167469555925
2024-01-22 00:00:00+00:00,10129.432885393508,0.0,6.717726064372164,-0.18982995843506367,-2.2737367544323206e-13,0.13742432038194666,31.339270298665497,60.93093878967294
2024-01-23 00:00:00+00:00,10136.566132645443,0.0,6.722456753792796,-0.18925942864450396,-2.2737367544323206e-13,0.13742432038194666,31.345055996304684,60.95572018460383
2024-01-24 00:00:00+00:00,10307.057613892495,0.0,6.83552478832988,-0.1756232170212877,-2.2737367544323206e-13,0.13742432038194666,31.35084276207012,60.98051165844613
2024-01-25 00:00:00+00:00,10158.019466594798,0.0,6.736684363795236,-0.1875435528739543,-2.2737367544323206e-13,0.13742432038194666,31.356630596158993,61.005313215299076
2024-01-26 00:00:00+00:00,10699.627319338277,0.0,7.095872605645378,-0.14422479440704983,-2.2737367544323206e-13,0.13742432038194666,31.362419498768535,61.03012485926355
2024-01-27 00:00:00+00:00,10994.08385410894,100.0,7.22483399438216,-0.12867181521856086,-1.4210854715202004e-14,0.12914427062469394,35.10935029671124,64.01415483549353
2024-01-28 00:00:00+00:00,11129.55106714708,0.0,7.3138571580099665,-0.11793545897457891,-1.4210854715202004e-14,0.12914427062469394,35.115832007459105,64.0401902139672
2024-01-29 00:00:00+00:00,11560.250483664417,0.0,7.596894091974412,-0.08380068742285773,-1.4210854715202004e-14,0.12914427062469394,35.12231491482764,64.06623618136348
2024-01-30 00:00:00+00:00,11377.806268773726,0.0,7.4769996848266995,-0.09826017205969428,-1.4210854715202004e-14,0.12914427062469394,35.12879901903776,64.09229274198904
2024-01-31 00:00:00+00:00,11077.369060714924,0.0,7.279565411742704,-0.12207110625052642,-1.4210854715202004e-14,0.12914427062469394,35.13528432031041,64.11835990015229
2024-02-01 00:00:00+00:00,11171.779236880722,0.0,7.3416076754937984,-0.11458869584552511,-1.4210854715202004e-14,0.12914427062469394,35.1417708188666,64.14443766016335
2024-02-02 00:00:00+00:00,11335.186238189597,0.0,7.448991653426182,-0.10163799183776678,-1.4210854715202004e-14,0.12914427062469394,35.148258514927356,64.17052602633416
2024-02-03 00:00:00+00:00,11120.735325579131,0.0,7.30806383587317,-0.11863414421291574,-1.4210854715202004e-14,0.12914427062469394,35.15474740871376,64.19662500297837
2024-02-04 00:00:00+00:00,10934.487011745752,0.0,7.185669540265097,-0.13339511996719744,-1.4210854715202004e-14,0.12914427062469394,35.16123750044693,64.22273459441138
2024-02-05 00:00:00+00:00,10934.40722357587,0.0,7.185617106948255,-0.13340144352104255,-1.4210854715202004e-14,0.12914427062469394,35.16772879034802,64.24885480495038
2024-02-06 00:00:00+00:00,10979.040571848751,0.0,7.214948203214589,-0.12986405970194492,-1.4210854715202004e-14,0.12914427062469394,35.174221278638235,64.2749856389143
2024-02-07 00:00:00+00:00,11403.75338280607,0.0,7.494051000243667,-0.0962037522551763,-1.4210854715202004e-14,0.12914427062469394,35.18071496553881,64.30112710062382
2024-02-08 00:00:00+00:00,11570.039204176413,0.0,7.603326813577691,-0.08302488944021236,-1.4210854715202004e-14,0.12914427062469394,35.187209851271035,64.32727919440137
2024-02-09 00:00:00+00:00,12093.259568044614,0.0,7.947164492241126,-0.041557436950337534,-1.4210854715202004e-14,0.12914427062469394,35.193705936056226,64.35344192457116
2024-02-10 00:00:00+00:00,12254.021397185232,0.0,8.052810178010578,-0.02881637415456062,-1.4210854715202004e-14,0.12914427062469394,35.200203220115746,64.37961529545913
2024-02-11 00:00:00+00:00,12285.487048595074,0.0,8.073488036300358,-0.02632258665123377,-1.4210854715202004e-14,0.12914427062469394,35.206701703671,64.40579931139301
2024-02-12 00:00:00+00:00,12745.60700720809,0.0,8.375858871614534,0.0,-1.4210854715202004e-14,0.12914427062469394,35.21320138694344,64.43199397670227
2024-02-13 00:00:00+00:00,12612.761435846991,0.0,8.288558536933708,-0.010422851676343714,-1.4210854715202004e-14,0.12914427062469394,35.219702270154535,64.45819929571816
2024-02-14 00:00:00+00:00,13093.496563725588,0.0,8.604476765344605,0.0,-1.4210854715202004e-14,0.12914427062469394,35.22620435352582,64.48441527277367
2024-02-15 00:00:00+00:00,12900.665285303781,0.0,8.477756431571514,-0.014727256198014294,-1.4210854715202004e-14,0.12914427062469394,35.23270763727887,64.51064191220357
2024-02-16 00:00:00+00:00,12845.349405532033,0.0,8.441405239975435,-0.0189519397653507,-1.4210854715202004e-14,0.12914427062469394,35.23921212163529,64.53687921834437
2024-02-17 00:00:00+00:00,12946.2183423555,0.0,8.507691920467416,-0.011248196435023283,-1.4210854715202004e-14,0.12914427062469394,35.24571780681673,64.56312719553436
2024-02-18 00:00:00+00:00,13201.226385543,0.0,8.675272121210869,0.0,-1.4210854715202004e-14,0.12914427062469394,35.25222469304487,64.58938584811361
2024-02-19 00:00:00+00:00,13047.718687886385,0.0,8.574393535314478,-0.011628290673412423,-1.4210854715202004e-14,0.12914427062469394,35.25873278054145,64.61565518042393
2024-02-20 00:00:00+00:00,12923.41126037752,0.0,8.492704097618894,-0.021044645175521293,-1.4210854715202004e-14,0.12914427062469394,35.26524206952824,64.64193519680889
2024-02-21 00:00:00+00:00,12669.20518991456,0.0,8.325650918488131,-0.040300891757380164,-1.4210854715202004e-14,0.12914427062469394,35.27175256022706,64.66822590161385
2024-02-22 00:00:00+00:00,12422.839870031174,0.0,8.163750339799613,-0.05896319726508581,-1.4210854715202004e-14,0.12914427062469394,35.27826425285975,64.69452729918594
2024-02-23 00:00:00+00:00,12209.522718510392,0.0,8.02356758074997,-0.07512208624182437,-1.4210854715202004e-14,0.12914427062469394,35.284777147648214,64.72083939387403
2024-02-24 00:00:00+00:00,12573.876531571397,0.0,8.263005068176636,-0.047522088906727045,-1.4210854715202004e-14,0.12914427062469394,35.29129124481439,64.74716219002877
2024-02-25 00:00:00+00:00,12652.93526235945,0.0,8.314959029355197,-0.041533347521712116,-1.4210854715202004e-14,0.12914427062469394,35.29780654458025,64.7734956920026
2024-02-26 00:00:00+00:00,13290.831218127892,0.0,8.734156522049624,0.0,-1.4210854715202004e-14,0.12914427062469394,35.304323047167806,64.7998399041497
2024-02-27 00:00:00+00:00,13890.979364921252,100.0,9.062832142604346,0.0,-5.684341886080802e-14,0.1229142073339093,36.554639726273045,73.05353277396462
2024-02-28 00:00:00+00:00,15185.082791509627,0.0,9.907138495830726,0.0,-5.684341886080802e-14,0.1229142073339093,36.561388259048385,73.08324458347764
2024-02-29 00:00:00+00:00,15100.069949539715,0.0,9.851673931634144,-0.005598444416611614,-5.684341886080802e-14,0.1229142073339093,36.568138037703726,73.11296847716497
2024-03-01 00:00:00+00:00,15701.71456527053,0.0,10.244202350158721,0.0,-5.684341886080802e-14,0.1229142073339093,36.574889062469076,73.14270445994141
2024-03-02 00:00:00+00:00,15502.853013596017,0.0,10.114459960144439,-0.012664957756547301,-5.684341886080802e-14,0.1229142073339093,36.58164133357449,73.17245253672374
2024-03-03 00:00:00+00:00,15498.547103353645,0.0,10.111650673576332,-0.012939189607118151,-5.684341886080802e-14,0.1229142073339093,36.58839485125005,73.20221271243075
2024-03-04 00:00:00+00:00,16238.62152855216,0.0,10.594494259504195,0.0,-5.684341886080802e-14,0.1229142073339093,36.5951496157259,73.23198499198324
2024-03-05 00:00:00+00:00,15182.604912461646,0.0,9.905521863821448,-0.06503117362725241,-5.684341886080802e-14,0.1229142073339093,36.60190562723222,73.26176938030397
2024-03-06 00:00:00+00:00,15757.595520995723,0.0,10.280660522646158,-0.029622342432863213,-5.684341886080802e-14,0.1229142073339093,36.60866288599923,73.29156588231777
2024-03-07 00:00:00+00:00,16621.367774174963,0.0,10.844207752424005,0.0,-5.684341886080802e-14,0.1229142073339093,36.61542139225719,73.3213745029514
2024-03-08 00:00:00+00:00,16714.896441366946,0.0,10.905228259978927,0.0,-5.684341886080802e-14,0.1229142073339093,36.62218114623641,73.35119524713367
2024-03-09 00:00:00+00:00,16680.944114252412,0.0,10.883076888689235,-0.00203126158954281,-5.684341886080802e-14,0.1229142073339093,36.628942148167226,73.3810281197954
2024-03-10 00:00:00+00:00,16709.996810358447,0.0,10.902031614715538,-0.0002931296060184607,-5.684341886080802e-14,0.1229142073339093,36.63570439828004,73.41087312586939
2024-03-11 00:00:00+00:00,17440.76172692745,0.0,11.37880143782057,0.0,-5.684341886080802e-14,0.1229142073339093,36.64246789680528,73.44073027029043
2024-03-12 00:00:00+00:00,18127.784349518806,0.0,11.82703266350655,0.0,-5.684341886080802e-14,0.1229142073339093,36.64923264397342,73.47059955799537
2024-03-13 00:00:00+00:00,18543.30378628306,0.0,12.098128229085868,0.0,-5.684341886080802e-14,0.1229142073339093,36.655998640014985,73.50048099392302
2024-03-14 00:00:00+00:00,18773.297508648,0.0,12.248182047818755,0.0,-5.684341886080802e-14,0.1229142073339093,36.66276588516053,73.53037458301424
2024-03-15 00:00:00+00:00,18559.84109079832,0.0,12.108917591806497,-0.011370214409660795,-5.684341886080802e-14,0.1229142073339093,36.669534379640666,73.56028033021185
2024-03-16 00:00:00+00:00,17699.889212923503,0.0,11.547862873117765,-0.05717739758984952,-5.684341886080802e-14,0.1229142073339093,36.67630412368603,73.59019824046074
2024-03-17 00:00:00+00:00,18965.99842268827,0.0,12.373905079420371,0.0,-5.684341886080802e-14,0.1229142073339093,36.683075117527316,73.62012831870776
2024-03-18 00:00:00+00:00,18328.875435749418,0.0,11.958229659197455,-0.03359290519483993,-5.684341886080802e-14,0.1229142073339093,36.68984736139525,73.65007056990179
2024-03-19 00:00:00+00:00,16489.91947647166,0.0,10.758447502824582,-0.13055357756724129,-5.684341886080802e-14,0.1229142073339093,36.69662085552061,73.68002499899372
2024-03-20 00:00:00+00:00,18262.18175766794,0.0,11.91471698859687,-0.037109391730117514,-5.684341886080802e-14,0.1229142073339093,36.70339560013421,73.70999161093647
2024-03-21 00:00:00+00:00,17377.009177285596,0.0,11.337207635044779,-0.08378094366504985,-5.684341886080802e-14,0.1229142073339093,36.7101715954669,73.73997041068496
2024-03-22 00:00:00+00:00,16877.29428103448,0.0,11.011180786619718,-0.11012887880213862,-5.684341886080802e-14,0.1229142073339093,36.7169488417496,73.76996140319612
2024-03-23 00:00:00+00:00,16790.107641615978,0.0,10.954297981068727,-0.11472587588478111,-5.684341886080802e-14,0.1229142073339093,36.72372733921324,73.79996459342891
2024-03-24 00:00:00+00:00,17711.339158229035,0.0,11.555333111869118,-0.066153082822064,-5.684341886080802e-14,0.1229142073339093,36.730507088088814,73.82997998634428
2024-03-25 00:00:00+00:00,18328.56600074179,0.0,11.958027775841394,-0.03360922044493797,-5.684341886080802e-14,0.1229142073339093,36.73728808860735,73.86000758690525
2024-03-26 00:00:00+00:00,18484.723730057485,0.0,12.059909094024924,-0.025375658159659586,-5.684341886080802e-14,0.1229142073339093,36.74407034099992,73.89004740007681
2024-03-27 00:00:00+00:00,18287.455151400918,100.0,11.86596342908222,-0.041049421914746476,0.0,0.13277361307226804,29.277308754503075,95.15908857542269
2024-03-28 00:00:00+00:00,18611.984053928292,0.0,12.076536636627447,-0.024031899459734163,0.0,0.13277361307226804,29.282713783226733,95.19779099823272
2024-03-29 00:00:00+00:00,18390.24324649233,0.0,11.932658317310352,-0.035659459101870516,0.0,0.13277361307226804,29.288119809799465,95.23650916181491
2024-03-30 00:00:00+00:00,18338.334057284505,0.0,11.898976619355446,-0.038381453309739744,0.0,0.13277361307226804,29.293526834405494,95.27524307257123
2024-03-31 00:00:00+00:00,18901.322482236832,0.0,12.264276219883472,-0.008859681631082528,0.0,0.13277361307226804,29.298934857229067,95.31399273690624
2024-04-01 00:00:00+00:00,18143.140519650522,0.0,11.772323711119574,-0.04861693737260975,0.0,0.13277361307226804,29.304343878454475,95.35275816122714
2024-04-02 00:00:00+00:00,17117.484709484823,0.0,11.106818629439603,-0.10239988442194536,0.0,0.13277361307226804,29.30975389826603,95.39153935194372
2024-04-03 00:00:00+00:00,17322.612348339324,0.0,11.239917359732594,-0.09164347975917209,0.0,0.13277361307226804,29.315164916848094,95.43033631546837
2024-04-04 00:00:00+00:00,17617.83619168992,0.0,11.431475742218794,-0.07616264478777812,0.0,0.13277361307226804,29.320576934385052,95.46914905821609
2024-04-05 00:00:00+00:00,17388.554778533224,0.0,11.282704639790294,-0.0881856158283374,0.0,0.13277361307226804,29.325989951061324,95.5079775866045
2024-04-06 00:00:00+00:00,17714.490977646048,0.0,11.494190983126074,-0.07109429809328272,0.0,0.13277361307226804,29.33140396706137,95.54682190705381
2024-04-07 00:00:00+00:00,17843.258905928036,0.0,11.577743096593087,-0.06434201472511847,0.0,0.13277361307226804,29.336818982569678,95.58568202598687
2024-04-08 00:00:00+00:00,18217.904187385473,0.0,11.82083472262021,-0.044696508761813525,0.0,0.13277361307226804,29.34223499777077,95.62455794982911
2024-04-09 00:00:00+00:00,17409.25986311799,0.0,11.296139301663414,-0.08709989052279388,0.0,0.13277361307226804,29.34765201284921,95.6634496850086
2024-04-10 00:00:00+00:00,17648.184655081703,0.0,11.451167588555773,-0.07457124367304602,0.0,0.13277361307226804,29.353070027989585,95.70235723795602
2024-04-11 00:00:00+00:00,17414.436766727606,0.0,11.299498377510712,-0.08682842603153273,0.0,0.13277361307226804,29.358489043376522,95.74128061510464
2024-04-12 00:00:00+00:00,15968.884444609259,0.0,10.361540042298218,-0.1626297457598097,0.0,0.13277361307226804,29.363909059194683,95.78021982289039
2024-04-13 00:00:00+00:00,15111.6652471686,0.0,9.805326421358243,-0.20758027813984548,2557.4059550219545,0.13277361307226804,29.369330075628763,0.0
2024-04-14 00:00:00+00:00,15718.496946840729,0.0,10.199074085880373,-0.175759469591945,2557.4059550219545,0.13277361307226804,29.37475209286349,0.0
2024-04-15 00:00:00+00:00,15047.355222965256,0.0,9.7635983411523,-0.21095254258975993,2557.4059550219545,0.13277361307226804,29.380175111083624,0.0
2024-04-16 00:00:00+00:00,15030.391149003412,0.0,9.752591064329309,-0.21184209821123445,2557.4059550219545,0.13277361307226804,29.385599130473967,0.0
2024-04-17 00:00:00+00:00,14568.33639358492,0.0,9.452783092982932,-0.2360711487350664,2557.4059550219545,0.13277361307226804,29.391024151219348,0.0
2024-04-18 00:00:00+00:00,15160.911474757653,0.0,9.837280235093077,-0.20499792329473054,2557.4059550219545,0.13277361307226804,29.39645017350463,0.0
2024-04-19 00:00:00+00:00,15220.521222449934,0.0,9.87595850280597,-0.20187213014659822,2557.4059550219545,0.13277361307226804,29.401877197514715,0.0
2024-04-20 00:00:00+00:00,15626.775420254522,0.0,10.139559830281604,-0.1805691279186239,2557.4059550219545,0.13277361307226804,29.407305223434534,0.0
2024-04-21 00:00:00+00:00,15556.491934205693,0.0,10.093955820963778,-0.18425462647587987,2557.4059550219545,0.13277361307226804,29.412734251449056,0.0
2024-04-22 00:00:00+00:00,16046.429378473622,0.0,10.411855700859089,-0.15856347417958294,2557.4059550219545,0.13277361307226804,29.41816428174328,0.0
2024-04-23 00:00:00+00:00,15928.734068522786,0.0,10.33548814550002,-0.16473513582309096,2557.4059550219545,0.13277361307226804,29.423595314502247,0.0
2024-04-24 00:00:00+00:00,15442.388764026557,0.0,10.019919054596958,-0.1902379248680709,2557.4059550219545,0.13277361307226804,29.429027349911024,0.0
2024-04-25 00:00:00+00:00,15384.37083660587,0.0,9.98227365236327,-0.1932802467536895,2557.4059550219545,0.13277361307226804,29.434460388154715,0.0
2024-04-26 00:00:00+00:00,15123.297089784552,0.0,9.812873836673884,-0.2069703320260522,2557.4059550219545,0.13277361307226804,29.43989442941846,0.0
2024-04-27 00:00:00+00:00,15253.523188472436,100.0,9.832486285681409,-0.2053853474248576,3043.5285035355373,0.11936688476783625,32.798357024542995,0.0
2024-04-28 00:00:00+00:00,15104.482368272218,0.0,9.736413935541814,-0.21314945661455686,3043.5285035355373,0.11936688476783625,32.80441209139674,0.0
2024-04-29 00:00:00+00:00,15187.312180517336,0.0,9.789806386773092,-0.20883453332327695,3043.5285035355373,0.11936688476783625,32.81046827610632,0.0
2024-04-30 00:00:00+00:00,14445.907083804075,0.0,9.311893490487163,-0.24745717453625737,3043.5285035355373,0.11936688476783625,32.8165255788781,0.0
2024-05-01 00:00:00+00:00,14429.605861752781,0.0,9.301385653033563,-0.2483063678496178,3043.5285035355373,0.11936688476783625,32.82258399991849,0.0
2024-05-02 00:00:00+00:00,14609.974309878977,0.0,9.417651926120604,-0.23891028210782483,3043.5285035355373,0.11936688476783625,32.82864353943395,0.0
2024-05-03 00:00:00+00:00,15267.576791333056,0.0,9.84154529819177,-0.2046532412342721,3043.5285035355373,0.11936688476783625,32.834704197630955,0.0
2024-05-04 00:00:00+00:00,15466.516150404801,0.0,9.969782459900971,-0.19428972536065525,3043.5285035355373,0.11936688476783625,32.84076597471604,0.0
2024-05-05 00:00:00+00:00,15471.209902649909,0.0,9.97280807267306,-0.19404520976491813,3043.5285035355373,0.11936688476783625,32.84682887089576,0.0
2024-05-06 00:00:00+00:00,15603.93955050011,0.0,10.05836617135394,-0.18713081223788552,3043.5285035355373,0.11936688476783625,32.85289288637672,0.0
2024-05-07 00:00:00+00:00,15345.638932442476,0.0,9.891864488217937,-0.20058668425786086,3043.5285035355373,0.11936688476783625,32.85895802136557,0.0
2024-05-08 00:00:00+00:00,15020.699015711769,0.0,9.682406828145037,-0.21751405348596797,3043.5285035355373,0.11936688476783625,32.865024276068965,0.0
2024-05-09 00:00:00+00:00,15587.619040197216,0.0,10.047845900610863,-0.1879810103504097,3043.5285035355373,0.11936688476783625,32.871091650693636,0.0
2024-05-10 00:00:00+00:00,15101.428056587753,0.0,9.7344451131669,-0.2133085674500026,3043.5285035355373,0.11936688476783625,32.87716014544634,0.0
2024-05-11 00:00:00+00:00,15086.016714531932,0.0,9.724510896164345,-0.2141114034939835,3043.5285035355373,0.11936688476783625,32.883229760533865,0.0
2024-05-12 00:00:00+00:00,15099.993223096997,0.0,9.733520213362064,-0.21338331344157924,3043.5285035355373,0.11936688476783625,32.88930049616304,0.0
2024-05-13 00:00:00+00:00,15409.873017067792,0.0,9.933270053892693,-0.1972404838943539,3043.5285035355373,0.11936688476783625,32.89537235254073,0.0
2024-05-14 00:00:00+00:00,15066.833936860108,0.0,9.712145595633514,-0.21511070811539978,3043.5285035355373,0.11936688476783625,32.90144532987385,0.0
2024-05-15 00:00:00+00:00,16162.892139702395,0.0,10.418669400960004,-0.15801282343051204,3043.5285035355373,0.11936688476783625,32.90751942836934,0.0
2024-05-16 00:00:00+00:00,16075.89187750022,0.0,10.362588659849646,-0.16254500148993722,3043.5285035355373,0.11936688476783625,32.91359464823419,0.0
2024-05-17 00:00:00+00:00,16621.883640705593,0.0,10.714537285585434,-0.13410219192603234,3043.5285035355373,0.11936688476783625,32.91967098967541,0.0
2024-05-18 00:00:00+00:00,16707.386504432227,0.0,10.769652797234176,-0.12964801910872126,3043.5285035355373,0.11936688476783625,32.92574845290007,0.0
2024-05-19 00:00:00+00:00,16550.55598689489,0.0,10.668559174875014,-0.13781792357382783,3043.5285035355373,0.11936688476783625,32.931827038115266,0.0
2024-05-20 00:00:00+00:00,17721.396149517022,0.0,11.42328775131349,-0.07682435916595953,3043.5285035355373,0.11936688476783625,32.93790674552813,0.0
2024-05-21 00:00:00+00:00,17285.888707518396,0.0,11.142557791562302,-0.09951161577164358,3043.5285035355373,0.11936688476783625,32.943987575345844,0.0
2024-05-22 00:00:00+00:00,17130.247265796148,0.0,11.04223065255915,-0.10761957670711342,3043.5285035355373,0.11936688476783625,32.95006952777561,0.0
2024-05-23 00:00:00+00:00,16962.40972534453,0.0,10.93404185615307,-0.11636287930331757,3043.5285035355373,0.11936688476783625,32.95615260302469,0.0
2024-05-24 00:00:00+00:00,16753.894372279934,0.0,10.799631967760135,-0.1272252455110945,3043.5285035355373,0.11936688476783625,32.962236801300364,0.0
2024-05-25 00:00:00+00:00,16864.74501759829,0.0,10.871086767833821,-0.12145060932186702,3043.5285035355373,0.11936688476783625,32.968322122809965,0.0
2024-05-26 00:00:00+00:00,16609.423758196288,0.0,10.706505592029774,-0.1347512750977643,3043.5285035355373,0.11936688476783625,32.974408567760854,0.0
2024-05-27 00:00:00+00:00,17029.64356331307,100.0,10.912920647968708,-0.1180697946262329,3341.585182504418,0.1219587199026299,30.676933666765116,0.0
2024-05-28 00:00:00+00:00,16858.905746968074,0.0,10.80350859630402,-0.12691195487899387,3341.585182504418,0.1219587199026299,30.682597087163927,0.0
2024-05-29 00:00:00+00:00,16757.835908639776,0.0,10.738741114737003,-0.13214615387691042,3341.585182504418,0.1219587199026299,30.68826155311478,0.0
2024-05-30 00:00:00+00:00,16799.93088684697,0.0,10.76571638025828,-0.12996614155677877,3341.585182504418,0.1219587199026299,30.6939270648107,0.0
2024-05-31 00:00:00+00:00,16664.06602787321,0.0,10.678651585313172,-0.13700230309077244,3341.585182504418,0.1219587199026299,30.699593622444745,0.0
2024-06-01 00:00:00+00:00,16707.715560460485,0.0,10.706623038953696,-0.13474178359745226,3341.585182504418,0.1219587199026299,30.705261226210013,0.0
2024-06-02 00:00:00+00:00,16616.682880017957,0.0,10.648287559743705,-0.13945617883772377,3341.585182504418,0.1219587199026299,30.710929876299634,0.0
2024-06-03 00:00:00+00:00,16798.41260670899,0.0,10.764743437365754,-0.1300447701615952,3341.585182504418,0.1219587199026299,30.716599572906773,0.0
2024-06-04 00:00:00+00:00,17221.76144852201,0.0,11.036033455852563,-0.10812040459182826,3341.585182504418,0.1219587199026299,30.722270316224638,0.0
2024-06-05 00:00:00+00:00,17346.352910493344,0.0,11.115874042818028,-0.10166806909603943,3341.585182504418,0.1219587199026299,30.727942106446463,0.0
2024-06-06 00:00:00+00:00,17205.47249309561,0.0,11.02559518230058,-0.10896397608239528,3341.585182504418,0.1219587199026299,30.733614943765524,0.0
2024-06-07 00:00:00+00:00,16795.239811194217,0.0,10.762710249439287,-0.1302090827139719,3341.585182504418,0.1219587199026299,30.73928882837513,0.0
2024-06-08 00:00:00+00:00,16647.077790281615,0.0,10.667765198402215,-0.1378820889660548,3341.585182504418,0.1219587199026299,30.74496376046863,0.0
2024-06-09 00:00:00+00:00,16821.076895191185,0.0,10.779267146028786,-0.12887103328792326,3341.585182504418,0.1219587199026299,30.750639740239397,0.0
2024-06-10 00:00:00+00:00,16714.386746464752,0.0,10.71089806228121,-0.1343962965987987,3341.585182504418,0.1219587199026299,30.756316767880854,0.0
2024-06-11 00:00:00+00:00,16144.217174218717,0.0,10.345522517298475,-0.16392420574612254,3341.585182504418,0.1219587199026299,30.761994843586454,0.0
2024-06-12 00:00:00+00:00,16442.732371593407,0.0,10.536816753672317,-0.14846471780387283,3341.585182504418,0.1219587199026299,30.767673967549683,0.0
2024-06-13 00:00:00+00:00,16017.743337425229,0.0,10.264475668617223,-0.17047402556137592,3341.585182504418,0.1219587199026299,30.773354139964066,0.0
2024-06-14 00:00:00+00:00,15799.16666856087,0.0,10.124407567136066,-0.18179366156812948,3341.585182504418,0.1219587199026299,30.779035361023162,0.0
2024-06-15 00:00:00+00:00,15898.489883547327,0.0,10.188055779127032,-0.17664991659979112,3341.585182504418,0.1219587199026299,30.784717630920568,0.0
2024-06-16 00:00:00+00:00,16131.998558530775,0.0,10.337692595143334,-0.16455698271546937,3341.585182504418,0.1219587199026299,30.790400949849914,0.0
2024-06-17 00:00:00+00:00,15864.52328079704,0.0,10.166289331748562,-0.1784089770773658,3341.585182504418,0.1219587199026299,30.796085318004867,0.0
2024-06-18 00:00:00+00:00,15522.755095724619,0.0,9.947277755268447,-0.19610844826891094,3341.585182504418,0.1219587199026299,30.80177073557913,0.0
2024-06-19 00:00:00+00:00,15443.88352002344,0.0,9.896735344101282,-0.20019304491344347,3341.585182504418,0.1219587199026299,30.807457202766443,0.0
2024-06-20 00:00:00+00:00,15368.141600324845,0.0,9.848198476237748,-0.2041155631121857,3341.585182504418,0.1219587199026299,30.81314471976058,0.0
2024-06-21 00:00:00+00:00,15312.66661049922,0.0,9.812649043880977,-0.20698849870758584,3341.585182504418,0.1219587199026299,30.818833286755346,0.0
2024-06-22 00:00:00+00:00,15299.828127502771,0.0,9.804421898922854,-0.20765337732959877,3341.585182504418,0.1219587199026299,30.824522903944594,0.0
2024-06-23 00:00:00+00:00,15018.137271656045,0.0,9.623909021734034,-0.22224156723652144,3341.585182504418,0.1219587199026299,30.8302135715222,0.0
2024-06-24 00:00:00+00:00,14656.893199429076,0.0,9.392416925020118,-0.2409496545564187,7303.59951272384,0.1219587199026299,0.0,0.0
2024-06-25 00:00:00+00:00,14841.381374612982,0.0,9.510640469088168,-0.23139539150774924,7303.59951272384,0.1219587199026299,0.0,0.0
2024-06-26 00:00:00+00:00,14726.615780010208,0.0,9.437096485483302,-0.23733886554709516,7303.59951272384,0.1219587199026299,0.0,0.0
2024-06-27 00:00:00+00:00,15341.206718537193,100.0,9.766856181124062,-0.21068925949918715,2965.308355287254,0.12179922313638328,32.463417639178395,0.0
2024-06-28 00:00:00+00:00,14872.063927393325,0.0,9.468180186883227,-0.23482682903150698,2965.308355287254,0.12179922313638328,32.46941087121619,0.0
2024-06-29 00:00:00+00:00,14949.088443770357,0.0,9.517217227298444,-0.23086388927235435,2965.308355287254,0.12179922313638328,32.47540520969418,0.0
2024-06-30 00:00:00+00:00,15372.988557999202,0.0,9.78708983424484,-0.20905407214394967,2965.308355287254,0.12179922313638328,32.48140065481663,0.0
2024-07-01 00:00:00+00:00,15391.404820893104,0.0,9.798814400270091,-0.20810654862974787,2965.308355287254,0.12179922313638328,32.487397206787854,0.0
2024-07-02 00:00:00+00:00,15538.317941682353,0.0,9.892345459996632,-0.2005478144123587,2965.308355287254,0.12179922313638328,32.493394865812185,0.0
2024-07-03 00:00:00+00:00,14875.881224576156,0.0,9.470610438510061,-0.23463042768437892,2965.308355287254,0.12179922313638328,32.499393632094,0.0
2024-07-04 00:00:00+00:00,14070.094866866562,0.0,8.957613018368928,-0.2760884328047126,2965.308355287254,0.12179922313638328,32.505393505837716,0.0
2024-07-05 00:00:00+00:00,14053.885964160298,0.0,8.947293750498387,-0.27692238682361836,14053.885964160298,0.0,0.0,0.0
2024-07-06 00:00:00+00:00,14053.885964160298,0.0,8.947293750498387,-0.27692238682361836,14053.885964160298,0.0,0.0,0.0
2024-07-07 00:00:00+00:00,14053.885964160298,0.0,8.947293750498387,-0.27692238682361836,14053.885964160298,0.0,0.0,0.0
2024-07-08 00:00:00+00:00,14053.885964160298,0.0,8.947293750498387,-0.27692238682361836,14053.885964160298,0.0,0.0,0.0
2024-07-09 00:00:00+00:00,14053.885964160298,0.0,8.947293750498387,-0.27692238682361836,14053.885964160298,0.0,0.0,0.0
2024-07-10 00:00:00+00:00,14053.885964160298,0.0,8.947293750498387,-0.27692238682361836,14053.885964160298,0.0,0.0,0.0
2024-07-11 00:00:00+00:00,14053.885964160298,0.0,8.947293750498387,-0.27692238682361836,14053.885964160298,0.0,0.0,0.0
2024-07-12 00:00:00+00:00,14053.885964160298,0.0,8.947293750498387,-0.27692238682361836,14053.885964160298,0.0,0.0,0.0
2024-07-13 00:00:00+00:00,14053.885964160298,0.0,8.947293750498387,-0.27692238682361836,14053.885964160298,0.0,0.0,0.0
2024-07-14 00:00:00+00:00,14053.885964160298,0.0,8.947293750498387,-0.27692238682361836,14053.885964160298,0.0,0.0,0.0
2024-07-15 00:00:00+00:00,14053.885964160298,0.0,8.947293750498387,-0.27692238682361836,14053.885964160298,0.0,0.0,0.0
2024-07-16 00:00:00+00:00,14053.885964160298,0.0,8.947293750498387,-0.27692238682361836,14053.885964160298,0.0,0.0,0.0
2024-07-17 00:00:00+00:00,14053.885964160298,0.0,8.947293750498387,-0.27692238682361836,14053.885964160298,0.0,0.0,0.0
2024-07-18 00:00:00+00:00,14053.885964160298,0.0,8.947293750498387,-0.27692238682361836,14053.885964160298,0.0,0.0,0.0
2024-07-19 00:00:00+00:00,14053.885964160298,0.0,8.947293750498387,-0.27692238682361836,14053.885964160298,0.0,0.0,0.0
2024-07-20 00:00:00+00:00,14053.885964160298,0.0,8.947293750498387,-0.27692238682361836,14053.885964160298,0.0,0.0,0.0
2024-07-21 00:00:00+00:00,14053.885964160298,0.0,8.947293750498387,-0.27692238682361836,14053.885964160298,0.0,0.0,0.0
2024-07-22 00:00:00+00:00,14053.885964160298,0.0,8.947293750498387,-0.27692238682361836,14053.885964160298,0.0,0.0,0.0
2024-07-23 00:00:00+00:00,14053.885964160298,0.0,8.947293750498387,-0.27692238682361836,14053.885964160298,0.0,0.0,0.0
2024-07-24 00:00:00+00:00,14053.885964160298,0.0,8.947293750498387,-0.27692238682361836,14053.885964160298,0.0,0.0,0.0
2024-07-25 00:00:00+00:00,14053.885964160298,0.0,8.947293750498387,-0.27692238682361836,14053.885964160298,0.0,0.0,0.0
2024-07-26 00:00:00+00:00,14053.885964160298,0.0,8.947293750498387,-0.27692238682361836,14053.885964160298,0.0,0.0,0.0
2024-07-27 00:00:00+00:00,14155.409981965211,100.0,8.948264004207314,-0.2768439755457963,2830.777192832058,0.10405754754965067,23.159468855634493,0.0
2024-07-28 00:00:00+00:00,14215.668673088,0.0,8.986356201989057,-0.2737655457746566,2830.777192832058,0.10405754754965067,23.16374443968626,0.0
2024-07-29 00:00:00+00:00,14010.013807938793,0.0,8.856352618239145,-0.2842718154539132,2830.777192832058,0.10405754754965067,23.168020813074733,0.0
2024-07-30 00:00:00+00:00,13869.687055418759,0.0,8.767645838993461,-0.29144067432880594,2830.777192832058,0.10405754754965067,23.172297975945643,0.0
2024-07-31 00:00:00+00:00,13535.458228544128,0.0,8.556364937592434,-0.30851538922640265,2830.777192832058,0.10405754754965067,23.176575928444738,0.0
2024-08-01 00:00:00+00:00,13511.135882780916,0.0,8.540989701455288,-0.3097579424897793,2830.777192832058,0.10405754754965067,23.180854670717796,0.0
2024-08-02 00:00:00+00:00,12772.135543209823,0.0,8.073834730592132,-0.347511179472347,2830.777192832058,0.10405754754965067,23.18513420291062,0.0
2024-08-03 00:00:00+00:00,12451.816531552371,0.0,7.871346841825261,-0.3638752850208564,2830.777192832058,0.10405754754965067,23.189414525169042,0.0
2024-08-04 00:00:00+00:00,12438.230601468926,0.0,7.862758571384188,-0.3645693480822707,12438.230601468926,0.0,0.0,0.0
2024-08-05 00:00:00+00:00,12438.230601468926,0.0,7.862758571384188,-0.3645693480822707,12438.230601468926,0.0,0.0,0.0
2024-08-06 00:00:00+00:00,12438.230601468926,0.0,7.862758571384188,-0.3645693480822707,12438.230601468926,0.0,0.0,0.0
2024-08-07 00:00:00+00:00,12438.230601468926,0.0,7.862758571384188,-0.3645693480822707,12438.230601468926,0.0,0.0,0.0
2024-08-08 00:00:00+00:00,12438.230601468926,0.0,7.862758571384188,-0.3645693480822707,12438.230601468926,0.0,0.0,0.0
2024-08-09 00:00:00+00:00,12438.230601468926,0.0,7.862758571384188,-0.3645693480822707,12438.230601468926,0.0,0.0,0.0
2024-08-10 00:00:00+00:00,12438.230601468926,0.0,7.862758571384188,-0.3645693480822707,12438.230601468926,0.0,0.0,0.0
2024-08-11 00:00:00+00:00,12438.230601468926,0.0,7.862758571384188,-0.3645693480822707,12438.230601468926,0.0,0.0,0.0
2024-08-12 00:00:00+00:00,12438.230601468926,0.0,7.862758571384188,-0.3645693480822707,12438.230601468926,0.0,0.0,0.0
2024-08-13 00:00:00+00:00,12438.230601468926,0.0,7.862758571384188,-0.3645693480822707,12438.230601468926,0.0,0.0,0.0
2024-08-14 00:00:00+00:00,12438.230601468926,0.0,7.862758571384188,-0.3645693480822707,12438.230601468926,0.0,0.0,0.0
2024-08-15 00:00:00+00:00,12438.230601468926,0.0,7.862758571384188,-0.3645693480822707,12438.230601468926,0.0,0.0,0.0
2024-08-16 00:00:00+00:00,12438.230601468926,0.0,7.862758571384188,-0.3645693480822707,12438.230601468926,0.0,0.0,0.0
2024-08-17 00:00:00+00:00,12438.230601468926,0.0,7.862758571384188,-0.3645693480822707,12438.230601468926,0.0,0.0,0.0
2024-08-18 00:00:00+00:00,12438.230601468926,0.0,7.862758571384188,-0.3645693480822707,12438.230601468926,0.0,0.0,0.0
2024-08-19 00:00:00+00:00,12438.230601468926,0.0,7.862758571384188,-0.3645693480822707,12438.230601468926,0.0,0.0,0.0
2024-08-20 00:00:00+00:00,12438.230601468926,0.0,7.862758571384188,-0.3645693480822707,12438.230601468926,0.0,0.0,0.0
2024-08-21 00:00:00+00:00,12438.230601468926,0.0,7.862758571384188,-0.3645693480822707,12438.230601468926,0.0,0.0,0.0
2024-08-22 00:00:00+00:00,12438.230601468926,0.0,7.862758571384188,-0.3645693480822707,12438.230601468926,0.0,0.0,0.0
2024-08-23 00:00:00+00:00,12438.230601468926,0.0,7.862758571384188,-0.3645693480822707,12438.230601468926,0.0,0.0,0.0
2024-08-24 00:00:00+00:00,12438.230601468926,0.0,7.862758571384188,-0.3645693480822707,12438.230601468926,0.0,0.0,0.0
2024-08-25 00:00:00+00:00,12438.230601468926,0.0,7.862758571384188,-0.3645693480822707,12438.230601468926,0.0,0.0,0.0
2024-08-26 00:00:00+00:00,12438.230601468926,0.0,7.862758571384188,-0.3645693480822707,12438.230601468926,0.0,0.0,0.0
2024-08-27 00:00:00+00:00,12285.664215878001,100.0,7.703100129860035,-0.37747218194913856,8776.761421028248,0.0,23.904235948291806,0.0
2024-08-28 00:00:00+00:00,12280.810712680968,0.0,7.70005698783284,-0.37771811417568,12280.810712680968,0.0,0.0,0.0
2024-08-29 00:00:00+00:00,12280.810712680968,0.0,7.70005698783284,-0.37771811417568,12280.810712680968,0.0,0.0,0.0
2024-08-30 00:00:00+00:00,12280.810712680968,0.0,7.70005698783284,-0.37771811417568,12280.810712680968,0.0,0.0,0.0
2024-08-31 00:00:00+00:00,12280.810712680968,0.0,7.70005698783284,-0.37771811417568,12280.810712680968,0.0,0.0,0.0
2024-09-01 00:00:00+00:00,12280.810712680968,0.0,7.70005698783284,-0.37771811417568,12280.810712680968,0.0,0.0,0.0
2024-09-02 00:00:00+00:00,12280.810712680968,0.0,7.70005698783284,-0.37771811417568,12280.810712680968,0.0,0.0,0.0
2024-09-03 00:00:00+00:00,12280.810712680968,0.0,7.70005698783284,-0.37771811417568,12280.810712680968,0.0,0.0,0.0
2024-09-04 00:00:00+00:00,12280.810712680968,0.0,7.70005698783284,-0.37771811417568,12280.810712680968,0.0,0.0,0.0
2024-09-05 00:00:00+00:00,12280.810712680968,0.0,7.70005698783284,-0.37771811417568,12280.810712680968,0.0,0.0,0.0
2024-09-06 00:00:00+00:00,12280.810712680968,0.0,7.70005698783284,-0.37771811417568,12280.810712680968,0.0,0.0,0.0
2024-09-07 00:00:00+00:00,12280.810712680968,0.0,7.70005698783284,-0.37771811417568,12280.810712680968,0.0,0.0,0.0
2024-09-08 00:00:00+00:00,12280.810712680968,0.0,7.70005698783284,-0.37771811417568,12280.810712680968,0.0,0.0,0.0
2024-09-09 00:00:00+00:00,12280.810712680968,0.0,7.70005698783284,-0.37771811417568,12280.810712680968,0.0,0.0,0.0
2024-09-10 00:00:00+00:00,12280.810712680968,0.0,7.70005698783284,-0.37771811417568,12280.810712680968,0.0,0.0,0.0
2024-09-11 00:00:00+00:00,12280.810712680968,0.0,7.70005698783284,-0.37771811417568,12280.810712680968,0.0,0.0,0.0
2024-09-12 00:00:00+00:00,12280.810712680968,0.0,7.70005698783284,-0.37771811417568,12280.810712680968,0.0,0.0,0.0
2024-09-13 00:00:00+00:00,12280.810712680968,0.0,7.70005698783284,-0.37771811417568,12280.810712680968,0.0,0.0,0.0
2024-09-14 00:00:00+00:00,12280.810712680968,0.0,7.70005698783284,-0.37771811417568,12280.810712680968,0.0,0.0,0.0
2024-09-15 00:00:00+00:00,12280.810712680968,0.0,7.70005698783284,-0.37771811417568,12280.810712680968,0.0,0.0,0.0
2024-09-16 00:00:00+00:00,12280.810712680968,0.0,7.70005698783284,-0.37771811417568,12280.810712680968,0.0,0.0,0.0
2024-09-17 00:00:00+00:00,12280.810712680968,0.0,7.70005698783284,-0.37771811417568,12280.810712680968,0.0,0.0,0.0
2024-09-18 00:00:00+00:00,12280.810712680968,0.0,7.70005698783284,-0.37771811417568,12280.810712680968,0.0,0.0,0.0
2024-09-19 00:00:00+00:00,12280.810712680968,0.0,7.70005698783284,-0.37771811417568,12280.810712680968,0.0,0.0,0.0
2024-09-20 00:00:00+00:00,12280.810712680968,0.0,7.70005698783284,-0.37771811417568,12280.810712680968,0.0,0.0,0.0
2024-09-21 00:00:00+00:00,12280.810712680968,0.0,7.70005698783284,-0.37771811417568,12280.810712680968,0.0,0.0,0.0
2024-09-22 00:00:00+00:00,12280.810712680968,0.0,7.70005698783284,-0.37771811417568,12280.810712680968,0.0,0.0,0.0
2024-09-23 00:00:00+00:00,12280.810712680968,0.0,7.70005698783284,-0.37771811417568,12280.810712680968,0.0,0.0,0.0
2024-09-24 00:00:00+00:00,12280.810712680968,0.0,7.70005698783284,-0.37771811417568,12280.810712680968,0.0,0.0,0.0
2024-09-25 00:00:00+00:00,12280.810712680968,0.0,7.70005698783284,-0.37771811417568,12280.810712680968,0.0,0.0,0.0
2024-09-26 00:00:00+00:00,12280.810712680968,0.0,7.70005698783284,-0.37771811417568,12280.810712680968,0.0,0.0,0.0
2024-09-27 00:00:00+00:00,12472.564334098095,100.0,7.757586423818885,-0.3730688595049194,2476.162142536193,0.09484045046068715,23.843888015637084,0.0
2024-09-28 00:00:00+00:00,12460.38397921765,0.0,7.750010583508363,-0.37368110279124633,2476.162142536193,0.09484045046068715,23.84828995369392,0.0
2024-09-29 00:00:00+00:00,12477.584008004187,0.0,7.7607085206951005,-0.37281654652399887,2476.162142536193,0.09484045046068715,23.852692704414306,0.0
2024-09-30 00:00:00+00:00,12120.147914625331,0.0,7.538393260488493,-0.3907830056797549,2476.162142536193,0.09484045046068715,23.85709626794827,0.0
2024-10-01 00:00:00+00:00,12106.834835621812,0.0,7.5301128974315885,-0.39145218513472546,12106.834835621812,0.0,0.0,0.0
2024-10-02 00:00:00+00:00,12106.834835621812,0.0,7.5301128974315885,-0.39145218513472546,12106.834835621812,0.0,0.0,0.0
2024-10-03 00:00:00+00:00,12106.834835621812,0.0,7.5301128974315885,-0.39145218513472546,12106.834835621812,0.0,0.0,0.0
2024-10-04 00:00:00+00:00,12106.834835621812,0.0,7.5301128974315885,-0.39145218513472546,12106.834835621812,0.0,0.0,0.0
2024-10-05 00:00:00+00:00,12106.834835621812,0.0,7.5301128974315885,-0.39145218513472546,12106.834835621812,0.0,0.0,0.0
2024-10-06 00:00:00+00:00,12106.834835621812,0.0,7.5301128974315885,-0.39145218513472546,12106.834835621812,0.0,0.0,0.0
2024-10-07 00:00:00+00:00,12106.834835621812,0.0,7.5301128974315885,-0.39145218513472546,12106.834835621812,0.0,0.0,0.0
2024-10-08 00:00:00+00:00,12106.834835621812,0.0,7.5301128974315885,-0.39145218513472546,12106.834835621812,0.0,0.0,0.0
2024-10-09 00:00:00+00:00,12106.834835621812,0.0,7.5301128974315885,-0.39145218513472546,12106.834835621812,0.0,0.0,0.0
2024-10-10 00:00:00+00:00,12106.834835621812,0.0,7.5301128974315885,-0.39145218513472546,12106.834835621812,0.0,0.0,0.0
2024-10-11 00:00:00+00:00,12106.834835621812,0.0,7.5301128974315885,-0.39145218513472546,12106.834835621812,0.0,0.0,0.0
2024-10-12 00:00:00+00:00,12106.834835621812,0.0,7.5301128974315885,-0.39145218513472546,12106.834835621812,0.0,0.0,0.0
2024-10-13 00:00:00+00:00,12106.834835621812,0.0,7.5301128974315885,-0.39145218513472546,12106.834835621812,0.0,0.0,0.0
2024-10-14 00:00:00+00:00,12106.834835621812,0.0,7.5301128974315885,-0.39145218513472546,12106.834835621812,0.0,0.0,0.0
2024-10-15 00:00:00+00:00,12106.834835621812,0.0,7.5301128974315885,-0.39145218513472546,12106.834835621812,0.0,0.0,0.0
2024-10-16 00:00:00+00:00,12106.834835621812,0.0,7.5301128974315885,-0.39145218513472546,12106.834835621812,0.0,0.0,0.0
2024-10-17 00:00:00+00:00,12106.834835621812,0.0,7.5301128974315885,-0.39145218513472546,12106.834835621812,0.0,0.0,0.0
2024-10-18 00:00:00+00:00,12106.834835621812,0.0,7.5301128974315885,-0.39145218513472546,12106.834835621812,0.0,0.0,0.0
2024-10-19 00:00:00+00:00,12106.834835621812,0.0,7.5301128974315885,-0.39145218513472546,12106.834835621812,0.0,0.0,0.0
2024-10-20 00:00:00+00:00,12106.834835621812,0.0,7.5301128974315885,-0.39145218513472546,12106.834835621812,0.0,0.0,0.0
2024-10-21 00:00:00+00:00,12106.834835621812,0.0,7.5301128974315885,-0.39145218513472546,12106.834835621812,0.0,0.0,0.0
2024-10-22 00:00:00+00:00,12106.834835621812,0.0,7.5301128974315885,-0.39145218513472546,12106.834835621812,0.0,0.0,0.0
2024-10-23 00:00:00+00:00,12106.834835621812,0.0,7.5301128974315885,-0.39145218513472546,12106.834835621812,0.0,0.0,0.0
2024-10-24 00:00:00+00:00,12106.834835621812,0.0,7.5301128974315885,-0.39145218513472546,12106.834835621812,0.0,0.0,0.0
2024-10-25 00:00:00+00:00,12106.834835621812,0.0,7.5301128974315885,-0.39145218513472546,12106.834835621812,0.0,0.0,0.0
2024-10-26 00:00:00+00:00,12106.834835621812,0.0,7.5301128974315885,-0.39145218513472546,12106.834835621812,0.0,0.0,0.0
2024-10-27 00:00:00+00:00,12399.844786746053,100.0,7.650159692653161,-0.3817505756225248,2441.3669671243615,0.09083354092502048,21.39968266365978,0.0
2024-10-28 00:00:00+00:00,12612.336024989017,0.0,7.781257455069176,-0.37115587964137897,2441.3669671243615,0.09083354092502048,21.403633364881813,0.0
2024-10-29 00:00:00+00:00,12889.222413935691,0.0,7.9520841975481025,-0.35735047695059574,2441.3669671243615,0.09083354092502048,21.40758479546233,0.0
2024-10-30 00:00:00+00:00,12756.931336038906,0.0,7.870466412065385,-0.3639464371554675,2441.3669671243615,0.09083354092502048,21.411536955535986,0.0
2024-10-31 00:00:00+00:00,12438.818116154416,0.0,7.674204525379378,-0.3798073869062798,2441.3669671243615,0.09083354092502048,21.415489845237452,0.0
2024-11-01 00:00:00+00:00,12311.705195071903,0.0,7.595781435251649,-0.38614516706738333,2441.3669671243615,0.09083354092502048,21.41944346470143,0.0
2024-11-02 00:00:00+00:00,12302.846266839806,0.0,7.590315865573411,-0.3865868683446404,2441.3669671243615,0.09083354092502048,21.423397814062646,0.0
2024-11-03 00:00:00+00:00,12171.121335221542,0.0,7.509047367482155,-0.3931546008082115,2441.3669671243615,0.09083354092502048,21.427352893455847,0.0
2024-11-04 00:00:00+00:00,11989.498836863757,0.0,7.3969942619706375,-0.4022101984382497,2441.3669671243615,0.09083354092502048,21.43130870301581,0.0
2024-11-05 00:00:00+00:00,12314.216171278513,0.0,7.597330597301285,-0.3860199711781557,2441.3669671243615,0.09083354092502048,21.435265242877332,0.0
2024-11-06 00:00:00+00:00,13306.182942307969,0.0,8.209330532678884,-0.3365610548983271,2441.3669671243615,0.09083354092502048,21.439222513175242,0.0
2024-11-07 00:00:00+00:00,13542.176216857679,0.0,8.354928019401232,-0.32479456034484144,2441.3669671243615,0.09083354092502048,21.44318051404439,0.0
2024-11-08 00:00:00+00:00,13677.23197815576,0.0,8.438251493131123,-0.31806075454989713,2441.3669671243615,0.09083354092502048,21.447139245619645,0.0
2024-11-09 00:00:00+00:00,13694.11228881028,0.0,8.448665903503962,-0.31721911156767,2441.3669671243615,0.09083354092502048,21.45109870803591,0.0
2024-11-10 00:00:00+00:00,14248.723783026668,0.0,8.790836839600795,-0.2895664882526655,2441.3669671243615,0.09083354092502048,21.45505890142811,0.0
2024-11-11 00:00:00+00:00,15260.269868644264,0.0,9.414916352251174,-0.2391313581425828,2441.3669671243615,0.09083354092502048,21.45901982593119,0.0
2024-11-12 00:00:00+00:00,14972.784867679955,0.0,9.237550731596768,-0.25346520178499055,2441.3669671243615,0.09083354092502048,21.462981481680128,0.0
2024-11-13 00:00:00+00:00,15268.65002942835,0.0,9.420086543439124,-0.23871352794631362,2441.3669671243615,0.09083354092502048,21.46694386880992,0.0
2024-11-14 00:00:00+00:00,14873.11749755199,0.0,9.176060341133116,-0.2584345619076829,2441.3669671243615,0.09083354092502048,21.470906987455592,0.0
2024-11-15 00:00:00+00:00,15401.317757465658,0.0,9.501936705517904,-0.2320987881731026,2441.3669671243615,0.09083354092502048,21.474870837752192,0.0
2024-11-16 00:00:00+00:00,15302.89726062848,0.0,9.441215581118067,-0.23700597988098349,2441.3669671243615,0.09083354092502048,21.47883541983479,0.0
2024-11-17 00:00:00+00:00,15704.825402412222,0.0,9.689187593872902,-0.21696606433587007,2441.3669671243615,0.09083354092502048,21.48280073383849,0.0
2024-11-18 00:00:00+00:00,15810.851486200529,0.0,9.754601031421261,-0.2116796622559679,2441.3669671243615,0.09083354092502048,21.486766779898417,0.0
2024-11-19 00:00:00+00:00,15933.12590383345,0.0,9.83003897740409,-0.2055831272091383,2441.3669671243615,0.09083354092502048,21.490733558149714,0.0
2024-11-20 00:00:00+00:00,16067.321281227727,0.0,9.912831632049203,-0.1988922196812627,2441.3669671243615,0.09083354092502048,21.494701068727554,0.0
2024-11-21 00:00:00+00:00,16883.472961732255,0.0,10.416361377515102,-0.15819934687885662,2441.3669671243615,0.09083354092502048,21.49866931176714,0.0
2024-11-22 00:00:00+00:00,16948.105272315497,0.0,10.45623667480878,-0.15497681550838438,2441.3669671243615,0.09083354092502048,21.502638287403695,0.0
2024-11-23 00:00:00+00:00,16795.116221811775,0.0,10.361849149181696,-0.162604765215552,2441.3669671243615,0.09083354092502048,21.506607995772466,0.0
2024-11-24 00:00:00+00:00,16770.34274541072,0.0,10.346565002172627,-0.1638399570899821,2441.3669671243615,0.09083354092502048,21.510578437008725,0.0
2024-11-25 00:00:00+00:00,15928.072744857931,0.0,9.826921400226317,-0.2058350749295842,2441.3669671243615,0.09083354092502048,21.514549611247773,0.0
2024-11-26 00:00:00+00:00,15758.995820792003,0.0,9.722608363112375,-0.21426515714246863,2441.3669671243615,0.09083354092502048,21.51852151862493,0.0
2024-11-27 00:00:00+00:00,16317.913279708195,100.0,10.005740281844783,-0.19138378566635328,0.0,0.08622782948055381,20.624967188777617,102.80148811806545
2024-11-28 00:00:00+00:00,16170.927970497805,0.0,9.915612530581718,-0.1986674807233778,0.0,0.08622782948055381,20.62877486594544,102.84329880286928
2024-11-29 00:00:00+00:00,16543.767777696445,0.0,10.144228666334916,-0.18019181485348035,0.0,0.08622782948055381,20.632583246067373,102.88512649261531
2024-11-30 00:00:00+00:00,16424.492231842072,0.0,10.07109185568167,-0.18610238311659744,0.0,0.08622782948055381,20.63639232927319,102.92697119421967
2024-12-01 00:00:00+00:00,16355.702289181849,0.0,10.028911566544021,-0.18951119293588403,0.0,0.08622782948055381,20.640202115692688,102.96883291460131
2024-12-02 00:00:00+00:00,16201.696009016914,0.0,9.934478729778087,-0.1971428044732143,0.0,0.08622782948055381,20.644012605455693,103.01071166068196
2024-12-03 00:00:00+00:00,16530.62360010313,0.0,10.13616898217293,-0.18084316009253432,0.0,0.08622782948055381,20.647823798692055,103.05260743938622
2024-12-04 00:00:00+00:00,16514.7915173366,0.0,10.126461141129335,-0.18162770151105068,0.0,0.08622782948055381,20.651635695531642,103.09452025764146
2024-12-05 00:00:00+00:00,16556.9426951248,0.0,10.152307199402426,-0.1795389463357684,0.0,0.08622782948055381,20.655448296104353,103.1364501223779
2024-12-06 00:00:00+00:00,17004.124506405915,0.0,10.42650801085102,-0.15737934435978174,0.0,0.08622782948055381,20.659261600540106,103.17839704052854
2024-12-07 00:00:00+00:00,16932.175938741588,0.0,10.38239093108965,-0.1609446763611354,0.0,0.08622782948055381,20.663075608968843,103.22036101902923
2024-12-08 00:00:00+00:00,17052.46494987202,0.0,10.456149173549962,-0.15498388694284715,0.0,0.08622782948055381,20.666890321520533,103.26234206481864
2024-12-09 00:00:00+00:00,15758.35537689906,0.0,9.662633234258976,-0.21911206104778025,0.0,0.08622782948055381,20.67070573832517,103.30434018483825
2024-12-10 00:00:00+00:00,15541.634978953098,0.0,9.52974565369303,-0.22985140159654183,0.0,0.08622782948055381,20.67452185951277,103.34635538603237
2024-12-11 00:00:00+00:00,16399.422188786684,0.0,10.055719526182973,-0.1873447014793158,0.0,0.08622782948055381,20.678338685213365,103.38838767534814
2024-12-12 00:00:00+00:00,16325.96645419438,0.0,10.010678288988958,-0.1909847194772658,0.0,0.08622782948055381,20.682156215557026,103.43043705973551
2024-12-13 00:00:00+00:00,16421.129134649378,0.0,10.069029687776016,-0.18626903769269276,0.0,0.08622782948055381,20.68597445067384,103.47250354614727
2024-12-14 00:00:00+00:00,16134.937851625496,0.0,9.893544281046601,-0.20045093141202253,0.0,0.08622782948055381,20.689793390693918,103.51458714153902
2024-12-15 00:00:00+00:00,16609.345417818877,0.0,10.184439251114608,-0.17694218714730314,0.0,0.08622782948055381,20.693613035747394,103.55668785286922
2024-12-16 00:00:00+00:00,16569.244171039394,0.0,10.159850159765984,-0.17892936024995754,0.0,0.08622782948055381,20.697433385964427,103.59880568709913
2024-12-17 00:00:00+00:00,16557.03544817269,0.0,10.152364073274205,-0.17953435006067053,0.0,0.08622782948055381,20.701254441475204,103.64094065119286
2024-12-18 00:00:00+00:00,15454.755786203265,0.0,9.476473484411915,-0.2341566042742086,0.0,0.08622782948055381,20.70507620240993,103.68309275211735
2024-12-19 00:00:00+00:00,14682.876017967928,0.0,9.003175927464032,-0.2724062557714588,0.0,0.08622782948055381,20.70889866889884,103.72526199684235
2024-12-20 00:00:00+00:00,14725.67984915321,0.0,9.029422176636126,-0.27028515907614425,2263.918902910954,0.08622782948055381,20.712721841072188,0.0
2024-12-21 00:00:00+00:00,14412.213247178184,0.0,8.837212219846197,-0.2858186511755465,2263.918902910954,0.08622782948055381,20.716545719060253,0.0
2024-12-22 00:00:00+00:00,14212.065608457266,0.0,8.714486644784076,-0.29573674689992957,2263.918902910954,0.08622782948055381,20.720370302993338,0.0
2024-12-23 00:00:00+00:00,14385.218943120803,0.0,8.82065998115872,-0.2871563241721663,2263.918902910954,0.08622782948055381,20.724195593001774,0.0
2024-12-24 00:00:00+00:00,14856.751030110496,0.0,9.10979177859523,-0.26379007111132946,2263.918902910954,0.08622782948055381,20.72802158921591,0.0
2024-12-25 00:00:00+00:00,14930.81362375693,0.0,9.155205126731326,-0.2601199808815584,2263.918902910954,0.08622782948055381,20.731848291766124,0.0
2024-12-26 00:00:00+00:00,14431.666095949902,0.0,8.849140224929657,-0.2848546866868179,2263.918902910954,0.08622782948055381,20.735675700782817,0.0
2024-12-27 00:00:00+00:00,14318.933548899082,100.0,8.718697895766606,-0.2953964136780808,2904.9874434089384,0.07585418524494025,23.129790551796575,0.0
2024-12-28 00:00:00+00:00,14656.600155654176,0.0,8.92430071693569,-0.278780574147274,2904.9874434089384,0.07585418524494025,23.13406065678993,0.0
2024-12-29 00:00:00+00:00,14410.3169253638,0.0,8.774340590759925,-0.2908996364168861,2904.9874434089384,0.07585418524494025,23.138331550108482,0.0
2024-12-30 00:00:00+00:00,14372.684199887291,0.0,8.751426288985739,-0.29275146101284943,2904.9874434089384,0.07585418524494025,23.142603231897766,0.0
2024-12-31 00:00:00+00:00,14385.053721092512,0.0,8.758958003420707,-0.29214278376935787,2904.9874434089384,0.07585418524494025,23.146875702303344,0.0
2025-01-01 00:00:00+00:00,14577.975824953974,0.0,8.876426915140959,-0.2826495065083564,2904.9874434089384,0.07585418524494025,23.15114896147081,0.0
2025-01-02 00:00:00+00:00,15085.195837129048,0.0,9.185269611961878,-0.2576903125563541,2904.9874434089384,0.07585418524494025,23.15542300954578,0.0
2025-01-03 00:00:00+00:00,15400.492412995487,0.0,9.377251478709246,-0.24217525360647885,2904.9874434089384,0.07585418524494025,23.159697846673893,0.0
2025-01-04 00:00:00+00:00,15374.361577654681,0.0,9.361340596916095,-0.24346109519739367,2904.9874434089384,0.07585418524494025,23.163973473000826,0.0
2025-01-05 00:00:00+00:00,15310.615146451544,0.0,9.322525843450315,-0.246597918473203,2904.9874434089384,0.07585418524494025,23.168249888672275,0.0
2025-01-06 00:00:00+00:00,15716.694446853,0.0,9.569784672456946,-0.22661563903759785,2904.9874434089384,0.07585418524494025,23.172527093833963,0.0
2025-01-07 00:00:00+00:00,14945.055075468534,0.0,9.099938888159855,-0.26458633472997983,2904.9874434089384,0.07585418524494025,23.176805088631646,0.0
2025-01-08 00:00:00+00:00,14693.533007127686,0.0,8.946788870353478,-0.27696318882926396,2904.9874434089384,0.07585418524494025,23.181083873211097,0.0
2025-01-09 00:00:00+00:00,14213.614134404886,0.0,8.6545696452654,-0.30057895306961535,2904.9874434089384,0.07585418524494025,23.185363447718128,0.0
2025-01-10 00:00:00+00:00,14442.59168957372,0.0,8.79399246761531,-0.2893114654450505,2904.9874434089384,0.07585418524494025,23.189643812298566,0.0
2025-01-11 00:00:00+00:00,14443.337956099947,0.0,8.794446864052704,-0.28927474329190017,2904.9874434089384,0.07585418524494025,23.193924967098273,0.0
2025-01-12 00:00:00+00:00,14449.71992367365,0.0,8.798332799207419,-0.28896070054389345,2904.9874434089384,0.07585418524494025,23.198206912263135,0.0
2025-01-13 00:00:00+00:00,14318.98556706175,0.0,8.718729569259878,-0.2953938539773987,2904.9874434089384,0.07585418524494025,23.202489647939064,0.0
2025-01-14 00:00:00+00:00,14582.427249557879,0.0,8.879137356263877,-0.28243046158231877,2904.9874434089384,0.07585418524494025,23.206773174272,0.0
2025-01-15 00:00:00+00:00,15306.360342115768,0.0,9.319935123025326,-0.2468072881433564,2904.9874434089384,0.07585418524494025,23.211057491407914,0.0
2025-01-16 00:00:00+00:00,15391.130056207261,0.0,9.37155080553061,-0.24263595482747957,2904.9874434089384,0.07585418524494025,23.215342599492796,0.0
2025-01-17 00:00:00+00:00,15896.64054289914,0.0,9.679352584312335,-0.2177608829074884,2904.9874434089384,0.07585418524494025,23.21962849867267,0.0
2025-01-18 00:00:00+00:00,16919.984144428363,0.0,10.302459303456587,-0.16740436932952596,2904.9874434089384,0.07585418524494025,23.223915189093578,0.0
2025-01-19 00:00:00+00:00,16454.67404353855,0.0,10.019135256756275,-0.1903012676717899,2904.9874434089384,0.07585418524494025,23.228202670901602,0.0
2025-01-20 00:00:00+00:00,16288.514166884554,0.0,9.917961676894565,-0.19847763392095208,2904.9874434089384,0.07585418524494025,23.23249094424284,0.0
2025-01-21 00:00:00+00:00,16773.303568013445,0.0,10.213146532462066,-0.17462220156771413,2904.9874434089384,0.07585418524494025,23.236780009263423,0.0
2025-01-22 00:00:00+00:00,16752.893382924918,0.0,10.200718914359374,-0.17562654239810893,2904.9874434089384,0.07585418524494025,23.241069866109505,0.0
2025-01-23 00:00:00+00:00,16670.654822566907,0.0,10.150644433554245,-0.17967332314224205,2904.9874434089384,0.07585418524494025,23.24536051492727,0.0
2025-01-24 00:00:00+00:00,16750.618093195437,0.0,10.1993335064511,-0.17573850445854022,2904.9874434089384,0.07585418524494025,23.249651955862927,0.0
2025-01-25 00:00:00+00:00,16813.01823665048,0.0,10.237328514778998,-0.1726679290755847,2904.9874434089384,0.07585418524494025,23.25394418906271,0.0
2025-01-26 00:00:00+00:00,16282.749983373536,0.0,9.914451906109143,-0.19876127685848033,2904.9874434089384,0.07585418524494025,23.25823721467289,0.0
2025-01-27 00:00:00+00:00,16224.59231601793,100.0,9.818150815188954,-0.2065438717872512,3275.6914843640766,0.07982034571320944,20.43771148056991,0.0
2025-01-28 00:00:00+00:00,16005.77121423776,0.0,9.685733399886477,-0.21724521582153722,3275.6914843640766,0.07982034571320944,20.4414845875356,0.0
2025-01-29 00:00:00+00:00,16220.504717622669,0.0,9.815677245638797,-0.2067437738823683,3275.6914843640766,0.07982034571320944,20.445258391073224,0.0
2025-01-30 00:00:00+00:00,16507.92178759618,0.0,9.98960482945079,-0.1926877759822987,3275.6914843640766,0.07982034571320944,20.449032891311376,0.0
2025-01-31 00:00:00+00:00,16192.001705459532,0.0,9.798428931064596,-0.2081377004127155,3275.6914843640766,0.07982034571320944,20.452808088378678,0.0
2025-02-01 00:00:00+00:00,15666.329944209097,0.0,9.480323888379031,-0.23384543298734306,3275.6914843640766,0.07982034571320944,20.456583982403778,0.0
2025-02-02 00:00:00+00:00,15238.074334864716,0.0,9.221169261988656,-0.2547890740389773,3275.6914843640766,0.07982034571320944,20.46036057351534,0.0
2025-02-03 00:00:00+00:00,15789.752718131136,0.0,9.555011953557667,-0.22780949973108644,3275.6914843640766,0.07982034571320944,20.464137861842065,0.0
2025-02-04 00:00:00+00:00,15308.66844969953,0.0,9.263888589082544,-0.2513367017426248,3275.6914843640766,0.07982034571320944,20.46791584751266,0.0
2025-02-05 00:00:00+00:00,15002.237778509552,0.0,9.07845511343382,-0.26632255095179047,3275.6914843640766,0.07982034571320944,20.47169453065587,0.0
2025-02-06 00:00:00+00:00,14863.614406645143,0.0,8.994568557459708,-0.27310186236849343,3275.6914843640766,0.07982034571320944,20.47547391140046,0.0
2025-02-07 00:00:00+00:00,14910.70959755578,0.0,9.023067744251245,-0.2707986939985553,3275.6914843640766,0.07982034571320944,20.479253989875215,0.0
2025-02-08 00:00:00+00:00,15056.622462985444,0.0,9.111365464820189,-0.26366289329520287,3275.6914843640766,0.07982034571320944,20.483034766208945,0.0
2025-02-09 00:00:00+00:00,15082.373589550116,0.0,9.12694850317015,-0.26240354644795116,3275.6914843640766,0.07982034571320944,20.486816240530487,0.0
2025-02-10 00:00:00+00:00,15160.403483733393,0.0,9.174167518246929,-0.25858753082687513,3275.6914843640766,0.07982034571320944,20.4905984129687,0.0
2025-02-11 00:00:00+00:00,14977.808239064836,0.0,9.0636718203968,-0.2675172661966655,3275.6914843640766,0.07982034571320944,20.49438128365247,0.0
2025-02-12 00:00:00+00:00,15121.33680082884,0.0,9.150526703295455,-0.2604980687532402,3275.6914843640766,0.07982034571320944,20.498164852710698,0.0
2025-02-13 00:00:00+00:00,14969.490234487112,0.0,9.058638262583154,-0.26792405433519895,3275.6914843640766,0.07982034571320944,20.501949120272315,0.0
2025-02-14 00:00:00+00:00,15146.851824668449,0.0,9.165966866427512,-0.25925026839975795,3275.6914843640766,0.07982034571320944,20.505734086466276,0.0
2025-02-15 00:00:00+00:00,15052.426877940845,0.0,9.108826548222257,-0.263868076427095,3275.6914843640766,0.07982034571320944,20.50951975142156,0.0
2025-02-16 00:00:00+00:00,14809.913194389177,0.0,8.962071802495515,-0.27572809513459395,3275.6914843640766,0.07982034571320944,20.51330611526717,0.0
2025-02-17 00:00:00+00:00,14563.283748689075,0.0,8.812826444203248,-0.2877893932724377,3275.6914843640766,0.07982034571320944,20.517093178132132,0.0
2025-02-18 00:00:00+00:00,14549.852052998434,0.0,8.804698387027708,-0.2884462640923907,6913.300691214146,0.07982034571320944,0.0,0.0
2025-02-19 00:00:00+00:00,14627.487715849473,0.0,8.851678836931285,-0.28464952817094646,6913.300691214146,0.07982034571320944,0.0,0.0
2025-02-20 00:00:00+00:00,14760.039776551199,0.0,8.931891399286322,-0.27816713139804394,6913.300691214146,0.07982034571320944,0.0,0.0
2025-02-21 00:00:00+00:00,14590.579586195141,0.0,8.829344249029498,-0.2864545030562745,6913.300691214146,0.07982034571320944,0.0,0.0
2025-02-22 00:00:00+00:00,14620.035688373688,0.0,8.847169316555606,-0.2850139661027663,6913.300691214146,0.07982034571320944,0.0,0.0
2025-02-23 00:00:00+00:00,14596.64752887626,0.0,8.833016204245428,-0.2861577531464956,6913.300691214146,0.07982034571320944,0.0,0.0
2025-02-24 00:00:00+00:00,14221.083223854124,0.0,8.605747197068677,-0.30452455050901406,6913.300691214146,0.07982034571320944,0.0,0.0
2025-02-25 00:00:00+00:00,13991.800877199843,0.0,8.466999263384714,-0.3157374968499974,6913.300691214146,0.07982034571320944,0.0,0.0
2025-02-26 00:00:00+00:00,13638.172001383155,0.0,8.253004263217825,-0.3330315522668921,6913.300691214146,0.07982034571320944,0.0,0.0
2025-02-27 00:00:00+00:00,13775.33640397892,100.0,8.27549393214352,-0.33121404447276004,6869.086000691578,0.08152952632764403,0.0,0.0
2025-02-28 00:00:00+00:00,13746.096654656772,0.0,8.257928236395943,-0.3326336202360163,6869.086000691578,0.08152952632764403,0.0,0.0
2025-03-01 00:00:00+00:00,13885.886365202889,0.0,8.341906505054872,-0.3258468970374847,6869.086000691578,0.08152952632764403,0.0,0.0
2025-03-02 00:00:00+00:00,14554.87444759858,0.0,8.743799181515591,-0.2933678474665352,6869.086000691578,0.08152952632764403,0.0,0.0
2025-03-03 00:00:00+00:00,13898.611493672106,0.0,8.349551089574952,-0.3252290981719679,6869.086000691578,0.08152952632764403,0.0,0.0
2025-03-04 00:00:00+00:00,13985.144487030477,0.0,8.401535537755873,-0.32102796297275105,6869.086000691578,0.08152952632764403,0.0,0.0
2025-03-05 00:00:00+00:00,14256.151078429357,0.0,8.564341972163133,-0.3078707233331782,6869.086000691578,0.08152952632764403,0.0,0.0
2025-03-06 00:00:00+00:00,14201.190394141366,0.0,8.531324498324864,-0.31053903811548433,6869.086000691578,0.08152952632764403,0.0,0.0
2025-03-07 00:00:00+00:00,13945.991562602154,0.0,8.378014530425796,-0.32292881861849176,6869.086000691578,0.08152952632764403,0.0,0.0
2025-03-08 00:00:00+00:00,13898.761508000549,0.0,8.349641210253557,-0.32522181504848935,6869.086000691578,0.08152952632764403,0.0,0.0
2025-03-09 00:00:00+00:00,13451.320945152333,0.0,8.080842572292472,-0.3469448391250306,6869.086000691578,0.08152952632764403,0.0,0.0
2025-03-10 00:00:00+00:00,13441.459838653122,0.0,8.074918540776633,-0.34742359110169574,13441.459838653122,0.0,0.0,0.0
2025-03-11 00:00:00+00:00,13441.459838653122,0.0,8.074918540776633,-0.34742359110169574,13441.459838653122,0.0,0.0,0.0
2025-03-12 00:00:00+00:00,13441.459838653122,0.0,8.074918540776633,-0.34742359110169574,13441.459838653122,0.0,0.0,0.0
2025-03-13 00:00:00+00:00,13441.459838653122,0.0,8.074918540776633,-0.34742359110169574,13441.459838653122,0.0,0.0,0.0
2025-03-14 00:00:00+00:00,13441.459838653122,0.0,8.074918540776633,-0.34742359110169574,13441.459838653122,0.0,0.0,0.0
2025-03-15 00:00:00+00:00,13441.459838653122,0.0,8.074918540776633,-0.34742359110169574,13441.459838653122,0.0,0.0,0.0
2025-03-16 00:00:00+00:00,13441.459838653122,0.0,8.074918540776633,-0.34742359110169574,13441.459838653122,0.0,0.0,0.0
2025-03-17 00:00:00+00:00,13441.459838653122,0.0,8.074918540776633,-0.34742359110169574,13441.459838653122,0.0,0.0,0.0
2025-03-18 00:00:00+00:00,13441.459838653122,0.0,8.074918540776633,-0.34742359110169574,13441.459838653122,0.0,0.0,0.0
2025-03-19 00:00:00+00:00,13441.459838653122,0.0,8.074918540776633,-0.34742359110169574,13441.459838653122,0.0,0.0,0.0
2025-03-20 00:00:00+00:00,13441.459838653122,0.0,8.074918540776633,-0.34742359110169574,13441.459838653122,0.0,0.0,0.0
2025-03-21 00:00:00+00:00,13441.459838653122,0.0,8.074918540776633,-0.34742359110169574,13441.459838653122,0.0,0.0,0.0
2025-03-22 00:00:00+00:00,13441.459838653122,0.0,8.074918540776633,-0.34742359110169574,13441.459838653122,0.0,0.0,0.0
2025-03-23 00:00:00+00:00,13441.459838653122,0.0,8.074918540776633,-0.34742359110169574,13441.459838653122,0.0,0.0,0.0
2025-03-24 00:00:00+00:00,13441.459838653122,0.0,8.074918540776633,-0.34742359110169574,13441.459838653122,0.0,0.0,0.0
2025-03-25 00:00:00+00:00,13441.459838653122,0.0,8.074918540776633,-0.34742359110169574,13441.459838653122,0.0,0.0,0.0
2025-03-26 00:00:00+00:00,13441.459838653122,0.0,8.074918540776633,-0.34742359110169574,13441.459838653122,0.0,0.0,0.0
2025-03-27 00:00:00+00:00,13556.429011221422,100.0,8.083911228368814,-0.3466968449747081,6770.729919326559,0.07778909475884901,0.0,0.0
2025-03-28 00:00:00+00:00,13338.026015103638,0.0,7.953674096513184,-0.3572219888981275,6770.729919326559,0.07778909475884901,0.0,0.0
2025-03-29 00:00:00+00:00,13328.178354608019,0.0,7.947801782116243,-0.3576965613438712,13328.178354608019,0.0,0.0,0.0
2025-03-30 00:00:00+00:00,13328.178354608019,0.0,7.947801782116243,-0.3576965613438712,13328.178354608019,0.0,0.0,0.0
2025-03-31 00:00:00+00:00,13328.178354608019,0.0,7.947801782116243,-0.3576965613438712,13328.178354608019,0.0,0.0,0.0
2025-04-01 00:00:00+00:00,13328.178354608019,0.0,7.947801782116243,-0.3576965613438712,13328.178354608019,0.0,0.0,0.0
2025-04-02 00:00:00+00:00,13328.178354608019,0.0,7.947801782116243,-0.3576965613438712,13328.178354608019,0.0,0.0,0.0
2025-04-03 00:00:00+00:00,13328.178354608019,0.0,7.947801782116243,-0.3576965613438712,13328.178354608019,0.0,0.0,0.0
2025-04-04 00:00:00+00:00,13328.178354608019,0.0,7.947801782116243,-0.3576965613438712,13328.178354608019,0.0,0.0,0.0
2025-04-05 00:00:00+00:00,13328.178354608019,0.0,7.947801782116243,-0.3576965613438712,13328.178354608019,0.0,0.0,0.0
2025-04-06 00:00:00+00:00,13328.178354608019,0.0,7.947801782116243,-0.3576965613438712,13328.178354608019,0.0,0.0,0.0
2025-04-07 00:00:00+00:00,13328.178354608019,0.0,7.947801782116243,-0.3576965613438712,13328.178354608019,0.0,0.0,0.0
2025-04-08 00:00:00+00:00,13328.178354608019,0.0,7.947801782116243,-0.3576965613438712,13328.178354608019,0.0,0.0,0.0
2025-04-09 00:00:00+00:00,13328.178354608019,0.0,7.947801782116243,-0.3576965613438712,13328.178354608019,0.0,0.0,0.0
2025-04-10 00:00:00+00:00,13328.178354608019,0.0,7.947801782116243,-0.3576965613438712,13328.178354608019,0.0,0.0,0.0
2025-04-11 00:00:00+00:00,13328.178354608019,0.0,7.947801782116243,-0.3576965613438712,13328.178354608019,0.0,0.0,0.0
2025-04-12 00:00:00+00:00,13328.178354608019,0.0,7.947801782116243,-0.3576965613438712,13328.178354608019,0.0,0.0,0.0
2025-04-13 00:00:00+00:00,13328.178354608019,0.0,7.947801782116243,-0.3576965613438712,13328.178354608019,0.0,0.0,0.0
2025-04-14 00:00:00+00:00,13328.178354608019,0.0,7.947801782116243,-0.3576965613438712,13328.178354608019,0.0,0.0,0.0
2025-04-15 00:00:00+00:00,13328.178354608019,0.0,7.947801782116243,-0.3576965613438712,13328.178354608019,0.0,0.0,0.0
2025-04-16 00:00:00+00:00,13328.178354608019,0.0,7.947801782116243,-0.3576965613438712,13328.178354608019,0.0,0.0,0.0
2025-04-17 00:00:00+00:00,13328.178354608019,0.0,7.947801782116243,-0.3576965613438712,13328.178354608019,0.0,0.0,0.0
2025-04-18 00:00:00+00:00,13328.178354608019,0.0,7.947801782116243,-0.3576965613438712,13328.178354608019,0.0,0.0,0.0
2025-04-19 00:00:00+00:00,13328.178354608019,0.0,7.947801782116243,-0.3576965613438712,13328.178354608019,0.0,0.0,0.0
2025-04-20 00:00:00+00:00,13328.178354608019,0.0,7.947801782116243,-0.3576965613438712,13328.178354608019,0.0,0.0,0.0
2025-04-21 00:00:00+00:00,13328.178354608019,0.0,7.947801782116243,-0.3576965613438712,13328.178354608019,0.0,0.0,0.0
2025-04-22 00:00:00+00:00,13328.178354608019,0.0,7.947801782116243,-0.3576965613438712,13328.178354608019,0.0,0.0,0.0
2025-04-23 00:00:00+00:00,13328.178354608019,0.0,7.947801782116243,-0.3576965613438712,13328.178354608019,0.0,0.0,0.0
2025-04-24 00:00:00+00:00,13328.178354608019,0.0,7.947801782116243,-0.3576965613438712,13328.178354608019,0.0,0.0,0.0
2025-04-25 00:00:00+00:00,13328.178354608019,0.0,7.947801782116243,-0.3576965613438712,13328.178354608019,0.0,0.0,0.0
2025-04-26 00:00:00+00:00,13328.178354608019,0.0,7.947801782116243,-0.3576965613438712,13328.178354608019,0.0,0.0,0.0
2025-04-27 00:00:00+00:00,13355.86644314614,100.0,7.904681055225141,-0.3611813728576445,6714.089177304008,0.07084615315359294,0.0,0.0
2025-04-28 00:00:00+00:00,13445.265786887594,0.0,7.9575921338010485,-0.3569053518088079,6714.089177304008,0.07084615315359294,0.0,0.0
2025-04-29 00:00:00+00:00,13391.822282794652,0.0,7.925961549882989,-0.3594615847615453,6714.089177304008,0.07084615315359294,0.0,0.0
2025-04-30 00:00:00+00:00,13385.813112084163,0.0,7.922405017023438,-0.35974900678690624,6714.089177304008,0.07084615315359294,0.0,0.0
2025-05-01 00:00:00+00:00,13550.028118940409,0.0,8.019595810238233,-0.3518945103614862,6714.089177304008,0.07084615315359294,0.0,0.0
2025-05-02 00:00:00+00:00,13578.170336357609,0.0,8.036251805850103,-0.3505484522250316,6714.089177304008,0.07084615315359294,0.0,0.0
2025-05-03 00:00:00+00:00,13505.147789379138,0.0,7.993033348540565,-0.35404116184516743,6714.089177304008,0.07084615315359294,0.0,0.0
2025-05-04 00:00:00+00:00,13393.295882780245,0.0,7.926833701303391,-0.35939110164285293,6714.089177304008,0.07084615315359294,0.0,0.0
2025-05-05 00:00:00+00:00,13425.605979387472,0.0,7.945956459802875,-0.3578456914932884,6714.089177304008,0.07084615315359294,0.0,0.0
2025-05-06 00:00:00+00:00,13574.40698870209,0.0,8.034024465299533,-0.3507284552666159,6714.089177304008,0.07084615315359294,0.0,0.0
2025-05-07 00:00:00+00:00,13588.32684087371,0.0,8.042262941793807,-0.35006266088388893,6714.089177304008,0.07084615315359294,0.0,0.0
2025-05-08 00:00:00+00:00,14029.776305789062,0.0,8.303535187739811,-0.3289478839182455,6714.089177304008,0.07084615315359294,0.0,0.0
2025-05-09 00:00:00+00:00,14009.258551374249,0.0,8.291391737121392,-0.3299292596876956,6714.089177304008,0.07084615315359294,0.0,0.0
2025-05-10 00:00:00+00:00,14139.441191640102,0.0,8.368440444864106,-0.32370255055681196,6714.089177304008,0.07084615315359294,0.0,0.0
2025-05-11 00:00:00+00:00,14090.448951349797,0.0,8.339444345260658,-0.32604587705053734,6714.089177304008,0.07084615315359294,0.0,0.0
2025-05-12 00:00:00+00:00,13996.45877688399,0.0,8.283816179567339,-0.3305414801229931,6714.089177304008,0.07084615315359294,0.0,0.0
2025-05-13 00:00:00+00:00,14089.437268282765,0.0,8.338845579766266,-0.3260942664224089,6714.089177304008,0.07084615315359294,0.0,0.0
2025-05-14 00:00:00+00:00,14047.220045618538,0.0,8.313859280178837,-0.328113540000722,6714.089177304008,0.07084615315359294,0.0,0.0
2025-05-15 00:00:00+00:00,14065.348867749013,0.0,8.32458883916764,-0.3272464282102293,6714.089177304008,0.07084615315359294,0.0,0.0
2025-05-16 00:00:00+00:00,14044.108482572032,0.0,8.31201769891037,-0.32826236781673057,6714.089177304008,0.07084615315359294,0.0,0.0
2025-05-17 00:00:00+00:00,14020.215617420983,0.0,8.297876686096375,-0.32940517703687844,6714.089177304008,0.07084615315359294,0.0,0.0
2025-05-18 00:00:00+00:00,14255.96398511641,0.0,8.437404560521818,-0.3181291996045399,6714.089177304008,0.07084615315359294,0.0,0.0
2025-05-19 00:00:00+00:00,14193.58253034161,0.0,8.400484042796156,-0.3211129397810397,6714.089177304008,0.07084615315359294,0.0,0.0
2025-05-20 00:00:00+00:00,14283.999933303883,0.0,8.453997660598565,-0.3167882243852985,6714.089177304008,0.07084615315359294,0.0,0.0
2025-05-21 00:00:00+00:00,14481.944085215022,0.0,8.57115107735855,-0.3073204439224576,6714.089177304008,0.07084615315359294,0.0,0.0
2025-05-22 00:00:00+00:00,14627.335977639888,0.0,8.657201394088391,-0.3003662676799911,6714.089177304008,0.07084615315359294,0.0,0.0
2025-05-23 00:00:00+00:00,14317.177895287241,0.0,8.47363406596824,-0.31520130374515787,6714.089177304008,0.07084615315359294,0.0,0.0
2025-05-24 00:00:00+00:00,14348.605957287707,0.0,8.492234791526183,-0.3136980818084647,6714.089177304008,0.07084615315359294,0.0,0.0
2025-05-25 00:00:00+00:00,14436.616716427354,0.0,8.54432403510979,-0.30948847754454967,6714.089177304008,0.07084615315359294,0.0,0.0
2025-05-26 00:00:00+00:00,14467.123069975289,0.0,8.562379246726413,-0.3080293414431542,6714.089177304008,0.07084615315359294,0.0,0.0
2025-05-27 00:00:00+00:00,14533.365922493056,100.0,8.54240004992049,-0.30964396485247325,7282.857207487702,0.06655618241985664,0.0,0.0
2025-05-28 00:00:00+00:00,14456.401018704557,0.0,8.497161734070515,-0.3132999098075717,7282.857207487702,0.06655618241985664,0.0,0.0
2025-05-29 00:00:00+00:00,14310.50787015476,0.0,8.411408877774095,-0.3202300467163347,7282.857207487702,0.06655618241985664,0.0,0.0
2025-05-30 00:00:00+00:00,14203.733783384056,0.0,8.348649365007088,-0.32530197125141014,7282.857207487702,0.06655618241985664,0.0,0.0
2025-05-31 00:00:00+00:00,14244.093452403456,0.0,8.372371910801693,-0.32338482822806025,7282.857207487702,0.06655618241985664,0.0,0.0
2025-06-01 00:00:00+00:00,14314.047327935848,0.0,8.413489294966306,-0.32006191731992684,7282.857207487702,0.06655618241985664,0.0,0.0
2025-06-02 00:00:00+00:00,14328.360900527063,0.0,8.421902505221233,-0.3193820017879321,7282.857207487702,0.06655618241985664,0.0,0.0
2025-06-03 00:00:00+00:00,14296.34072116487,0.0,8.4030817321642,-0.320903006914142,7282.857207487702,0.06655618241985664,0.0,0.0
2025-06-04 00:00:00+00:00,14251.080520433894,0.0,8.376478759181506,-0.3230529323266893,7282.857207487702,0.06655618241985664,0.0,0.0
2025-06-05 00:00:00+00:00,14038.887430766554,0.0,8.251756222816981,-0.33313241294044926,7282.857207487702,0.06655618241985664,0.0,0.0
2025-06-06 00:00:00+00:00,14223.897644409975,0.0,8.360501249034021,-0.3243441585034649,7282.857207487702,0.06655618241985664,0.0,0.0
2025-06-07 00:00:00+00:00,14308.005357695773,0.0,8.409937954749887,-0.3203489197006324,7282.857207487702,0.06655618241985664,0.0,0.0
2025-06-08 00:00:00+00:00,14320.108599468824,0.0,8.417051980067745,-0.3197739980997152,7282.857207487702,0.06655618241985664,0.0,0.0
2025-06-09 00:00:00+00:00,14621.542880772004,0.0,8.594228570362413,-0.3054554309895361,7282.857207487702,0.06655618241985664,0.0,0.0
2025-06-10 00:00:00+00:00,14622.299624566116,0.0,8.59467336809606,-0.3054194845578483,7282.857207487702,0.06655618241985664,0.0,0.0
2025-06-11 00:00:00+00:00,14513.861633234916,0.0,8.530935847999132,-0.31057044698141933,7282.857207487702,0.06655618241985664,0.0,0.0
2025-06-12 00:00:00+00:00,14315.96414598954,0.0,8.414615959410373,-0.3199708656723802,7282.857207487702,0.06655618241985664,0.0,0.0
2025-06-13 00:00:00+00:00,14342.244520179844,0.0,8.430062998382104,-0.31872250964632487,7282.857207487702,0.06655618241985664,0.0,0.0
2025-06-14 00:00:00+00:00,14298.853217051219,0.0,8.40455852323238,-0.32078365970251377,7282.857207487702,0.06655618241985664,0.0,0.0
2025-06-15 00:00:00+00:00,14310.791399491867,0.0,8.411575530223109,-0.3202165786601354,7282.857207487702,0.06655618241985664,0.0,0.0
2025-06-16 00:00:00+00:00,14390.693427610555,0.0,8.458540224611864,-0.31642111602426437,7282.857207487702,0.06655618241985664,0.0,0.0
2025-06-17 00:00:00+00:00,14241.383950217145,0.0,8.370779323665644,-0.3235135335256867,7282.857207487702,0.06655618241985664,0.0,0.0
2025-06-18 00:00:00+00:00,14263.720870599074,0.0,8.38390848526546,-0.32245249729536585,7282.857207487702,0.06655618241985664,0.0,0.0
2025-06-19 00:00:00+00:00,14248.533415332686,0.0,8.374981625560856,-0.3231739235263986,7282.857207487702,0.06655618241985664,0.0,0.0
2025-06-20 00:00:00+00:00,14157.977073532229,0.0,8.321754554637142,-0.3274754815698848,7282.857207487702,0.06655618241985664,0.0,0.0
2025-06-21 00:00:00+00:00,14079.575221765286,0.0,8.275671631657046,-0.33119968364548813,7282.857207487702,0.06655618241985664,0.0,0.0
2025-06-22 00:00:00+00:00,14002.626957022392,0.0,8.230443095880371,-0.3348548382217016,7282.857207487702,0.06655618241985664,0.0,0.0
2025-06-23 00:00:00+00:00,14293.481467568112,0.0,8.401401124368457,-0.32103882562173314,7282.857207487702,0.06655618241985664,0.0,0.0
2025-06-24 00:00:00+00:00,14343.336707133354,0.0,8.430704962393465,-0.3186706291763164,7282.857207487702,0.06655618241985664,0.0,0.0
2025-06-25 00:00:00+00:00,14427.036431020919,0.0,8.479901860712035,-0.31469477046374295,7282.857207487702,0.06655618241985664,0.0,0.0
2025-06-26 00:00:00+00:00,14400.845242115054,0.0,8.464507242933186,-0.315938890058975,7282.857207487702,0.06655618241985664,0.0,0.0
2025-06-27 00:00:00+00:00,14507.462016470345,100.0,8.468396440651347,-0.3156245836461491,7250.422621057528,0.06779264619981465,0.0,0.0
2025-06-28 00:00:00+00:00,14524.355943903338,0.0,8.478257881252036,-0.31482762904391204,7250.422621057528,0.06779264619981465,0.0,0.0
2025-06-29 00:00:00+00:00,14596.225639845608,0.0,8.520210159094793,-0.3114372460101412,7250.422621057528,0.06779264619981465,0.0,0.0
2025-06-30 00:00:00+00:00,14514.167387105968,0.0,8.472310546148192,-0.3153082643054299,7250.422621057528,0.06779264619981465,0.0,0.0
2025-07-01 00:00:00+00:00,14414.826755070608,0.0,8.414322742782915,-0.31999456204192367,7250.422621057528,0.06779264619981465,0.0,0.0
2025-07-02 00:00:00+00:00,14629.625042848873,0.0,8.539706290478188,-0.3098616616446348,7250.422621057528,0.06779264619981465,0.0,0.0
2025-07-03 00:00:00+00:00,14679.464840482051,0.0,8.568799123145984,-0.3075105176459483,7250.422621057528,0.06779264619981465,0.0,0.0
2025-07-04 00:00:00+00:00,14570.959998533403,0.0,8.50546192355117,-0.31262912807558163,7250.422621057528,0.06779264619981465,0.0,0.0
2025-07-05 00:00:00+00:00,14585.459489702618,0.0,8.513925667193528,-0.3119451286761977,7250.422621057528,0.06779264619981465,0.0,0.0
2025-07-06 00:00:00+00:00,14653.639909838694,0.0,8.553724415351335,-0.30872878364184,7250.422621057528,0.06779264619981465,0.0,0.0
2025-07-07 00:00:00+00:00,14589.85380902929,0.0,8.51649074977674,-0.3117378309341552,7250.422621057528,0.06779264619981465,0.0,0.0
2025-07-08 00:00:00+00:00,14634.599667227016,0.0,8.542610112754586,-0.3096269885759665,7250.422621057528,0.06779264619981465,0.0,0.0
2025-07-09 00:00:00+00:00,14791.26915052125,0.0,8.634062311159884,-0.3022362580169131,7250.422621057528,0.06779264619981465,0.0,0.0
2025-07-10 00:00:00+00:00,15115.047506698025,0.0,8.823060460932359,-0.2869623288442378,7250.422621057528,0.06779264619981465,0.0,0.0
2025-07-11 00:00:00+00:00,15217.933694129635,0.0,8.88311790050717,-0.2821087729789439,7250.422621057528,0.06779264619981465,0.0,0.0
2025-07-12 00:00:00+00:00,15210.635137839763,0.0,8.878857536562265,-0.28245307527620245,7250.422621057528,0.06779264619981465,0.0,0.0
2025-07-13 00:00:00+00:00,15323.621073702223,0.0,8.944810471404695,-0.27712307359774124,7250.422621057528,0.06779264619981465,0.0,0.0
2025-07-14 00:00:00+00:00,15374.77333696583,0.0,8.974669425621569,-0.2747100153089288,7250.422621057528,0.06779264619981465,0.0,0.0
2025-07-15 00:00:00+00:00,15233.55515359346,0.0,8.892236567271285,-0.28137184581604835,7250.422621057528,0.06779264619981465,0.0,0.0
2025-07-16 00:00:00+00:00,15292.693390579405,0.0,8.926757149508868,-0.27858205698091376,7250.422621057528,0.06779264619981465,0.0,0.0
2025-07-17 00:00:00+00:00,15329.78478109471,0.0,8.948408393472974,-0.27683230669390724,7250.422621057528,0.06779264619981465,0.0,0.0
2025-07-18 00:00:00+00:00,15244.859577347277,0.0,8.898835263981416,-0.28083857061571516,7250.422621057528,0.06779264619981465,0.0,0.0
2025-07-19 00:00:00+00:00,15239.108049243685,0.0,8.895477942069046,-0.2811098933623195,7250.422621057528,0.06779264619981465,0.0,0.0
2025-07-20 00:00:00+00:00,15200.135412796337,0.0,8.872728564169671,-0.2829483895972075,7250.422621057528,0.06779264619981465,0.0,0.0
2025-07-21 00:00:00+00:00,15207.947837344404,0.0,8.87728888686158,-0.2825798460644554,7250.422621057528,0.06779264619981465,0.0,0.0
2025-07-22 00:00:00+00:00,15382.450176221499,0.0,8.979150603525351,-0.27434786788052845,7250.422621057528,0.06779264619981465,0.0,0.0
2025-07-23 00:00:00+00:00,15301.205435236254,0.0,8.931725859307514,-0.2781805095497062,7250.422621057528,0.06779264619981465,0.0,0.0
2025-07-24 00:00:00+00:00,15273.071487063331,0.0,8.915303315771052,-0.2795077012027096,7250.422621057528,0.06779264619981465,0.0,0.0
2025-07-25 00:00:00+00:00,15223.807926922851,0.0,8.886546848452797,-0.281831661757901,7250.422621057528,0.06779264619981465,0.0,0.0
2025-07-26 00:00:00+00:00,15244.53078301321,0.0,8.898643337870208,-0.2808540811687683,7250.422621057528,0.06779264619981465,0.0,0.0
2025-07-27 00:00:00+00:00,15613.079198883872,100.0,9.055402283474876,-0.2681855707350346,-4.547473508864641e-13,0.06506331446862067,24.860523788781872,204.52778918772793
2025-07-28 00:00:00+00:00,15217.804760311632,0.0,8.826147758595365,-0.28671282816977883,-4.547473508864641e-13,0.06506331446862067,24.865113412995296,204.61097326496161
2025-07-29 00:00:00+00:00,15071.762404300705,0.0,8.741444909960617,-0.29355810846658836,-4.547473508864641e-13,0.06506331446862067,24.869703884521936,204.69419117422729
2025-07-30 00:00:00+00:00,14894.434922437238,0.0,8.638597056328766,-0.30186978153759825,-4.547473508864641e-13,0.06506331446862067,24.874295203518223,204.77744292928486
2025-07-31 00:00:00+00:00,14520.798340875654,0.0,8.421892233995937,-0.3193828318593792,-4.547473508864641e-13,0.06506331446862067,24.87888737014061,204.86072854389985
2025-08-01 00:00:00+00:00,13992.377744402818,0.0,8.115414503691634,-0.3441509004955303,-4.547473508864641e-13,0.06506331446862067,24.88348038454558,204.9440480318434
2025-08-02 00:00:00+00:00,13764.134318128465,0.0,7.983036001210159,-0.35484909978118995,-4.547473508864641e-13,0.06506331446862067,24.88807424688965,205.0274014068922
2025-08-03 00:00:00+00:00,13866.677599918788,0.0,8.042509898463269,-0.3500427030235468,6435.874530434983,0.06506331446862067,0.0,0.0
2025-08-04 00:00:00+00:00,13921.736128521568,0.0,8.07444319741624,-0.34746200608527134,6435.874530434983,0.06506331446862067,0.0,0.0
2025-08-05 00:00:00+00:00,13861.534344910044,0.0,8.039526871056733,-0.3502837770731204,6435.874530434983,0.06506331446862067,0.0,0.0
2025-08-06 00:00:00+00:00,13917.652754905517,0.0,8.072074888750407,-0.3476534014976842,6435.874530434983,0.06506331446862067,0.0,0.0
2025-08-07 00:00:00+00:00,14078.992858325935,0.0,8.165650250939933,-0.3400910869665056,6435.874530434983,0.06506331446862067,0.0,0.0
2025-08-08 00:00:00+00:00,14027.119829599538,0.0,8.135564504445203,-0.3425224735256903,6435.874530434983,0.06506331446862067,0.0,0.0
2025-08-09 00:00:00+00:00,14013.2945259081,0.0,8.12754599092699,-0.3431704915496485,6435.874530434983,0.06506331446862067,0.0,0.0
2025-08-10 00:00:00+00:00,14197.538217287762,0.0,8.234405164724974,-0.33453464271194355,6435.874530434983,0.06506331446862067,0.0,0.0
2025-08-11 00:00:00+00:00,14157.979071457696,0.0,8.211461325465676,-0.3363888543865956,6435.874530434983,0.06506331446862067,0.0,0.0
2025-08-12 00:00:00+00:00,14252.195955873416,0.0,8.266106010182384,-0.3319727315566582,6435.874530434983,0.06506331446862067,0.0,0.0
2025-08-13 00:00:00+00:00,14458.599561527944,0.0,8.385817673599494,-0.3222982057987219,6435.874530434983,0.06506331446862067,0.0,0.0
2025-08-14 00:00:00+00:00,14132.545171198766,0.0,8.19670996248669,-0.33758098919644797,6435.874530434983,0.06506331446862067,0.0,0.0
2025-08-15 00:00:00+00:00,14070.537229977592,0.0,8.160746085958866,-0.3404874181933567,6435.874530434983,0.06506331446862067,0.0,0.0
2025-08-16 00:00:00+00:00,14073.049324549225,0.0,8.162203071261414,-0.34036967158925746,6435.874530434983,0.06506331446862067,0.0,0.0
2025-08-17 00:00:00+00:00,14074.633616256537,0.0,8.163121941816115,-0.34029541285292464,6435.874530434983,0.06506331446862067,0.0,0.0
2025-08-18 00:00:00+00:00,13997.991634345082,0.0,8.118670493823675,-0.3438877669001824,6435.874530434983,0.06506331446862067,0.0,0.0
2025-08-19 00:00:00+00:00,13779.762120652736,0.0,7.992099942849173,-0.35411659524193273,6435.874530434983,0.06506331446862067,0.0,0.0
2025-08-20 00:00:00+00:00,13870.740153274208,0.0,8.04486613162284,-0.34985228349596453,6435.874530434983,0.06506331446862067,0.0,0.0
2025-08-21 00:00:00+00:00,13755.497408154808,0.0,7.978026695018769,-0.3552539280192635,6435.874530434983,0.06506331446862067,0.0,0.0
2025-08-22 00:00:00+00:00,14044.117620504465,0.0,8.145423023230242,-0.3417257550506605,6435.874530434983,0.06506331446862067,0.0,0.0
2025-08-23 00:00:00+00:00,13946.65667922934,0.0,8.088896823693927,-0.34629393293577504,6435.874530434983,0.06506331446862067,0.0,0.0
2025-08-24 00:00:00+00:00,13820.143666777685,0.0,8.015520764605858,-0.3522238361164697,6435.874530434983,0.06506331446862067,0.0,0.0
2025-08-25 00:00:00+00:00,13600.124911937452,0.0,7.887912474811877,-0.3625365295608548,6435.874530434983,0.06506331446862067,0.0,0.0
2025-08-26 00:00:00+00:00,13707.560059320618,0.0,7.950223596567318,-0.35750084184905284,6435.874530434983,0.06506331446862067,0.0,0.0
2025-08-27 00:00:00+00:00,13878.888956404791,100.0,7.991593517856127,-0.35415752209483764,-4.547473508864641e-13,0.06177148465890933,21.118518544701498,204.20916470894943
2025-08-28 00:00:00+00:00,14346.881399564505,0.0,8.26106792513099,-0.3323798855649569,-4.547473508864641e-13,0.06177148465890933,21.122417338825382,204.29221919751765
2025-08-29 00:00:00+00:00,13677.965699455708,0.0,7.875900035267965,-0.3635073176400272,-4.547473508864641e-13,0.06177148465890933,21.126316852724926,204.3753074654125
2025-08-30 00:00:00+00:00,13646.444172154788,0.0,7.857749646282057,-0.3649741455225276,-4.547473508864641e-13,0.06177148465890933,21.130217086533012,204.45842952637244
2025-08-31 00:00:00+00:00,13526.188060029017,0.0,7.788505056951772,-0.37057016301949786,-4.547473508864641e-13,0.06177148465890933,21.134118040382543,204.54158539414155
2025-09-01 00:00:00+00:00,13470.382609033912,0.0,7.756371758541908,-0.3731670229601245,-4.547473508864641e-13,0.06177148465890933,21.13801971440645,204.62477508246948
2025-09-02 00:00:00+00:00,13963.021443149177,0.0,8.04003778726555,-0.3502424872615745,-4.547473508864641e-13,0.06177148465890933,21.141922108737692,204.7079986051115
2025-09-03 00:00:00+00:00,14066.52145049683,0.0,8.099634055411775,-0.3454262010719106,-4.547473508864641e-13,0.06177148465890933,21.145825223509245,204.79125597582845
2025-09-04 00:00:00+00:00,13667.662787932379,0.0,7.86996752285984,-0.3639867550019633,-4.547473508864641e-13,0.06177148465890933,21.149729058854113,204.8745472083868
2025-09-05 00:00:00+00:00,13803.936725405634,0.0,7.948435325202291,-0.35764536141288894,-4.547473508864641e-13,0.06177148465890933,21.153633614905328,204.95787231655856
2025-09-06 00:00:00+00:00,13690.500191611685,0.0,7.8831175125875115,-0.3629240355416741,-4.547473508864641e-13,0.06177148465890933,21.15753889179594,205.0412313141214
2025-09-07 00:00:00+00:00,13904.556499342738,0.0,8.006373128126553,-0.35296310447359647,-4.547473508864641e-13,0.06177148465890933,21.161444889659027,205.12462421485858
2025-09-08 00:00:00+00:00,14238.822321177246,0.0,8.198846501420656,-0.3374083243085042,-4.547473508864641e-13,0.06177148465890933,21.16535160862769,205.20805103255896
2025-09-09 00:00:00+00:00,14366.747871809039,0.0,8.272507224869663,-0.33145541591166217,-4.547473508864641e-13,0.06177148465890933,21.169259048835062,205.29151178101696
2025-09-10 00:00:00+00:00,14644.623808750111,0.0,8.432510777272299,-0.3185246918293557,-4.547473508864641e-13,0.06177148465890933,21.173167210414288,205.3750064740327
2025-09-11 00:00:00+00:00,14896.935612702606,0.0,8.57779426381643,-0.3067835732728734,-4.547473508864641e-13,0.06177148465890933,21.177076093498545,205.45853512541183
2025-09-12 00:00:00+00:00,15271.114808334853,0.0,8.793250129464187,-0.28937145767437167,-4.547473508864641e-13,0.06177148465890933,21.180985698221036,205.54209774896566
2025-09-13 00:00:00+00:00,15282.981309921586,0.0,8.800082971592838,-0.28881925995790336,-4.547473508864641e-13,0.06177148465890933,21.184896024714984,205.62569435851114
2025-09-14 00:00:00+00:00,15096.891790775353,0.0,8.692930893381007,-0.29747877993353666,-4.547473508864641e-13,0.06177148465890933,21.18880707311364,205.7093249678708
2025-09-15 00:00:00+00:00,14873.310013175505,0.0,8.564190423578982,-0.3078829707670464,-4.547473508864641e-13,0.06177148465890933,21.192718843550278,205.79298959087276
2025-09-16 00:00:00+00:00,15076.02074323425,0.0,8.680913149830767,-0.29844999665720684,-4.547473508864641e-13,0.06177148465890933,21.196631336158198,205.87668824135085
2025-09-17 00:00:00+00:00,15351.77151278273,0.0,8.839693011056657,-0.2856181654602823,-4.547473508864641e-13,0.06177148465890933,21.200544551070724,205.96042093314446
2025-09-18 00:00:00+00:00,15512.87968089466,0.0,8.932460594686816,-0.27812113174014763,-4.547473508864641e-13,0.06177148465890933,21.2044584884212,206.04418768009864
2025-09-19 00:00:00+00:00,15056.489674987919,0.0,8.669666978837942,-0.299358858566252,-4.547473508864641e-13,0.06177148465890933,21.208373148343004,206.12798849606406
2025-09-20 00:00:00+00:00,15082.025730217169,0.0,8.68437087726113,-0.2981705596154507,-4.547473508864641e-13,0.06177148465890933,21.21228853096953,206.21182339489704
2025-09-21 00:00:00+00:00,14927.921066624827,0.0,8.595635976758334,-0.3053416911162391,-4.547473508864641e-13,0.06177148465890933,21.216204636434203,206.2956923904595
2025-09-22 00:00:00+00:00,14190.088661272246,0.0,8.170785206181428,-0.33967610437139617,-4.547473508864641e-13,0.06177148465890933,21.220121464870466,206.379595496619
2025-09-23 00:00:00+00:00,13953.951600852964,0.0,8.034815287602212,-0.3506645447793765,-4.547473508864641e-13,0.06177148465890933,21.224039016411794,206.46353272724878
2025-09-24 00:00:00+00:00,14052.166425856423,0.0,8.091368298532732,-0.34609420012524017,-4.547473508864641e-13,0.06177148465890933,21.22795729119168,206.5475040962277
2025-09-25 00:00:00+00:00,13172.317252202862,0.0,7.5847429501386845,-0.3870372447940278,-4.547473508864641e-13,0.06177148465890933,21.231876289343646,206.63150961744026
2025-09-26 00:00:00+00:00,13472.490900409906,0.0,7.757585732351134,-0.3730689153860455,2342.703325493042,0.06177148465890933,21.235796011001238,0.0
2025-09-27 00:00:00+00:00,13532.064746753416,100.0,7.734307976579195,-0.3749501126008725,0.0,0.06189626723994069,19.84755731283908,229.08890568571283
2025-09-28 00:00:00+00:00,13832.632977077019,0.0,7.906099000698841,-0.36106678126634006,2704.8701309803378,0.06189626723994069,19.851221468525992,0.0
2025-09-29 00:00:00+00:00,14004.480816329462,0.0,8.004319349090757,-0.35312908110123453,2704.8701309803378,0.06189626723994069,19.854886300670803,0.0
2025-09-30 00:00:00+00:00,13908.155772274884,0.0,7.94926436889977,-0.35757836205479154,2704.8701309803378,0.06189626723994069,19.858551809398396,0.0
2025-10-01 00:00:00+00:00,14455.664208911303,0.0,8.262195096617239,-0.33228879294067903,2704.8701309803378,0.06189626723994069,19.862217994833678,0.0
2025-10-02 00:00:00+00:00,14828.504800192708,0.0,8.47529368970756,-0.31506718086893826,2704.8701309803378,0.06189626723994069,19.86588485710158,0.0
2025-10-03 00:00:00+00:00,14897.00124821356,0.0,8.514443119909785,-0.31190331061529153,2704.8701309803378,0.06189626723994069,19.869552396327055,0.0
2025-10-04 00:00:00+00:00,14808.728223538948,0.0,8.463990304937745,-0.31598066652259926,2704.8701309803378,0.06189626723994069,19.87322061263508,0.0
2025-10-05 00:00:00+00:00,14891.026055671331,0.0,8.511027973721394,-0.3121793064441323,2704.8701309803378,0.06189626723994069,19.876889506150654,0.0
2025-10-06 00:00:00+00:00,15040.016338101845,0.0,8.596183990293925,-0.3052974032756526,2704.8701309803378,0.06189626723994069,19.8805590769988,0.0
2025-10-07 00:00:00+00:00,14588.860753877945,0.0,8.338324136750266,-0.3261364069603113,2704.8701309803378,0.06189626723994069,19.884229325304563,0.0
2025-10-08 00:00:00+00:00,14891.77817479669,0.0,8.511457850540598,-0.31214456584959527,2704.8701309803378,0.06189626723994069,19.887900251193013,0.0
2025-10-09 00:00:00+00:00,14629.963524311484,0.0,8.361816596413519,-0.3242378584008655,2704.8701309803378,0.06189626723994069,19.89157185478924,0.0
2025-10-10 00:00:00+00:00,13434.051573418656,0.0,7.678288139065875,-0.3794773687220213,2704.8701309803378,0.06189626723994069,19.895244136218363,0.0
2025-10-11 00:00:00+00:00,13087.791136504684,0.0,7.480381543929308,-0.3954712359665433,2704.8701309803378,0.06189626723994069,19.898917095605515,0.0
2025-10-12 00:00:00+00:00,13741.201111779177,0.0,7.853840737209802,-0.3652900449129922,2704.8701309803378,0.06189626723994069,19.90259073307586,0.0
2025-10-13 00:00:00+00:00,13987.454096959942,0.0,7.994587656706841,-0.3539155500713337,2704.8701309803378,0.06189626723994069,19.906265048754584,0.0
2025-10-14 00:00:00+00:00,13731.458352311498,0.0,7.848272222450601,-0.36574006572076956,2704.8701309803378,0.06189626723994069,19.90994004276689,0.0
2025-10-15 00:00:00+00:00,13420.758980474453,0.0,7.670690702195613,-0.380091357339317,2704.8701309803378,0.06189626723994069,19.913615715238013,0.0
2025-10-16 00:00:00+00:00,13083.403638147607,0.0,7.477873850966304,-0.3956738957531595,2704.8701309803378,0.06189626723994069,19.917292066293204,0.0
2025-10-17 00:00:00+00:00,12917.413375774855,0.0,7.383001425040907,-0.4033410327900505,2704.8701309803378,0.06189626723994069,19.92096909605774,0.0
2025-10-18 00:00:00+00:00,13019.78230203738,0.0,7.441510811284868,-0.39861258321261916,9282.715547355929,0.0,19.92464680465692,0.0
2025-10-19 00:00:00+00:00,13026.45071796564,0.0,7.44532217218731,-0.3983045672000525,9282.715547355929,0.0,19.928325192216068,0.0
2025-10-20 00:00:00+00:00,13064.01607530436,0.0,7.466792808660404,-0.3965694127491909,9282.715547355929,0.0,19.93200425886053,0.0
2025-10-21 00:00:00+00:00,12983.3765691513,0.0,7.420702962998333,-0.4002941742829387,9282.715547355929,0.0,19.935684004715675,0.0
2025-10-22 00:00:00+00:00,12874.193868470758,0.0,7.358299135601588,-0.4053373540225773,9282.715547355929,0.0,19.939364429906895,0.0
2025-10-23 00:00:00+00:00,13098.81731039391,0.0,7.48668359954747,-0.39496193388464496,9282.715547355929,0.0,19.94304553455961,0.0
2025-10-24 00:00:00+00:00,13144.202489002277,0.0,7.512623687442288,-0.39286557968374203,9282.715547355929,0.0,19.94672731879925,0.0
2025-10-25 00:00:00+00:00,13149.902979644437,0.0,7.515881826615369,-0.3926022724131456,9282.715547355929,0.0,19.950409782751287,0.0
2025-10-26 00:00:00+00:00,13274.132755451965,0.0,7.5868858724826,-0.38686406402933304,9282.715547355929,0.0,19.9540929265412,0.0
2025-10-27 00:00:00+00:00,13311.808989414474,100.0,7.5512644643815285,-0.3897428163611506,2674.9739261434665,0.05828779454800406,20.059143451008822,0.0
2025-10-28 00:00:00+00:00,13150.777265251689,0.0,7.4599175154224895,-0.39712504116186953,2674.9739261434665,0.05828779454800406,20.06284666865884,0.0
2025-10-29 00:00:00+00:00,12978.375098077207,0.0,7.36212056238611,-0.405028524533423,2674.9739261434665,0.05828779454800406,20.066550569978176,0.0
2025-10-30 00:00:00+00:00,12695.651125025699,0.0,7.201742397958548,-0.41798952297313907,2674.9739261434665,0.05828779454800406,20.070255155093047,0.0
2025-10-31 00:00:00+00:00,12737.45355371842,0.0,7.225455267829442,-0.416073161911801,8979.4074227171,0.0,20.073960424129695,0.0
2025-11-01 00:00:00+00:00,12720.880552111,0.0,7.216054057354912,-0.4168329229099814,8979.4074227171,0.0,20.077666377214378,0.0
2025-11-02 00:00:00+00:00,12748.881951263898,0.0,7.231938147229126,-0.4155492465141901,8979.4074227171,0.0,20.08137301447338,0.0
2025-11-03 00:00:00+00:00,12314.735863318743,0.0,6.985664186352926,-0.43545193360412027,8979.4074227171,0.0,20.085080336033016,0.0
2025-11-04 00:00:00+00:00,12310.349366476861,0.0,6.983175899618075,-0.43565302507192116,12310.349366476861,0.0,0.0,0.0
2025-11-05 00:00:00+00:00,12310.349366476861,0.0,6.983175899618075,-0.43565302507192116,12310.349366476861,0.0,0.0,0.0
2025-11-06 00:00:00+00:00,12310.349366476861,0.0,6.983175899618075,-0.43565302507192116,12310.349366476861,0.0,0.0,0.0
2025-11-07 00:00:00+00:00,12310.349366476861,0.0,6.983175899618075,-0.43565302507192116,12310.349366476861,0.0,0.0,0.0
2025-11-08 00:00:00+00:00,12310.349366476861,0.0,6.983175899618075,-0.43565302507192116,12310.349366476861,0.0,0.0,0.0
2025-11-09 00:00:00+00:00,12310.349366476861,0.0,6.983175899618075,-0.43565302507192116,12310.349366476861,0.0,0.0,0.0
2025-11-10 00:00:00+00:00,12310.349366476861,0.0,6.983175899618075,-0.43565302507192116,12310.349366476861,0.0,0.0,0.0
2025-11-11 00:00:00+00:00,12310.349366476861,0.0,6.983175899618075,-0.43565302507192116,12310.349366476861,0.0,0.0,0.0
2025-11-12 00:00:00+00:00,12310.349366476861,0.0,6.983175899618075,-0.43565302507192116,12310.349366476861,0.0,0.0,0.0
2025-11-13 00:00:00+00:00,12310.349366476861,0.0,6.983175899618075,-0.43565302507192116,12310.349366476861,0.0,0.0,0.0
2025-11-14 00:00:00+00:00,12310.349366476861,0.0,6.983175899618075,-0.43565302507192116,12310.349366476861,0.0,0.0,0.0
2025-11-15 00:00:00+00:00,12310.349366476861,0.0,6.983175899618075,-0.43565302507192116,12310.349366476861,0.0,0.0,0.0
2025-11-16 00:00:00+00:00,12310.349366476861,0.0,6.983175899618075,-0.43565302507192116,12310.349366476861,0.0,0.0,0.0
2025-11-17 00:00:00+00:00,12310.349366476861,0.0,6.983175899618075,-0.43565302507192116,12310.349366476861,0.0,0.0,0.0
2025-11-18 00:00:00+00:00,12310.349366476861,0.0,6.983175899618075,-0.43565302507192116,12310.349366476861,0.0,0.0,0.0
2025-11-19 00:00:00+00:00,12310.349366476861,0.0,6.983175899618075,-0.43565302507192116,12310.349366476861,0.0,0.0,0.0
2025-11-20 00:00:00+00:00,12310.349366476861,0.0,6.983175899618075,-0.43565302507192116,12310.349366476861,0.0,0.0,0.0
2025-11-21 00:00:00+00:00,12310.349366476861,0.0,6.983175899618075,-0.43565302507192116,12310.349366476861,0.0,0.0,0.0
2025-11-22 00:00:00+00:00,12310.349366476861,0.0,6.983175899618075,-0.43565302507192116,12310.349366476861,0.0,0.0,0.0
2025-11-23 00:00:00+00:00,12310.349366476861,0.0,6.983175899618075,-0.43565302507192116,12310.349366476861,0.0,0.0,0.0
2025-11-24 00:00:00+00:00,12310.349366476861,0.0,6.983175899618075,-0.43565302507192116,12310.349366476861,0.0,0.0,0.0
2025-11-25 00:00:00+00:00,12310.349366476861,0.0,6.983175899618075,-0.43565302507192116,12310.349366476861,0.0,0.0,0.0
2025-11-26 00:00:00+00:00,12310.349366476861,0.0,6.983175899618075,-0.43565302507192116,12310.349366476861,0.0,0.0,0.0
2025-11-27 00:00:00+00:00,12410.349366476861,100.0,6.983175899618075,-0.43565302507192116,12410.349366476861,0.0,0.0,0.0
2025-11-28 00:00:00+00:00,12410.349366476861,0.0,6.983175899618075,-0.43565302507192116,12410.349366476861,0.0,0.0,0.0
2025-11-29 00:00:00+00:00,12410.349366476861,0.0,6.983175899618075,-0.43565302507192116,12410.349366476861,0.0,0.0,0.0
2025-11-30 00:00:00+00:00,12410.349366476861,0.0,6.983175899618075,-0.43565302507192116,12410.349366476861,0.0,0.0,0.0
2025-12-01 00:00:00+00:00,12410.349366476861,0.0,6.983175899618075,-0.43565302507192116,12410.349366476861,0.0,0.0,0.0
2025-12-02 00:00:00+00:00,12410.349366476861,0.0,6.983175899618075,-0.43565302507192116,12410.349366476861,0.0,0.0,0.0
2025-12-03 00:00:00+00:00,12410.349366476861,0.0,6.983175899618075,-0.43565302507192116,12410.349366476861,0.0,0.0,0.0
2025-12-04 00:00:00+00:00,12410.349366476861,0.0,6.983175899618075,-0.43565302507192116,12410.349366476861,0.0,0.0,0.0
2025-12-05 00:00:00+00:00,12410.349366476861,0.0,6.983175899618075,-0.43565302507192116,12410.349366476861,0.0,0.0,0.0
2025-12-06 00:00:00+00:00,12410.349366476861,0.0,6.983175899618075,-0.43565302507192116,12410.349366476861,0.0,0.0,0.0
2025-12-07 00:00:00+00:00,12410.349366476861,0.0,6.983175899618075,-0.43565302507192116,12410.349366476861,0.0,0.0,0.0
2025-12-08 00:00:00+00:00,12410.349366476861,0.0,6.983175899618075,-0.43565302507192116,12410.349366476861,0.0,0.0,0.0
2025-12-09 00:00:00+00:00,12410.349366476861,0.0,6.983175899618075,-0.43565302507192116,12410.349366476861,0.0,0.0,0.0
2025-12-10 00:00:00+00:00,12410.349366476861,0.0,6.983175899618075,-0.43565302507192116,12410.349366476861,0.0,0.0,0.0
2025-12-11 00:00:00+00:00,12410.349366476861,0.0,6.983175899618075,-0.43565302507192116,12410.349366476861,0.0,0.0,0.0
2025-12-12 00:00:00+00:00,12410.349366476861,0.0,6.983175899618075,-0.43565302507192116,12410.349366476861,0.0,0.0,0.0
2025-12-13 00:00:00+00:00,12410.349366476861,0.0,6.983175899618075,-0.43565302507192116,12410.349366476861,0.0,0.0,0.0
2025-12-14 00:00:00+00:00,12410.349366476861,0.0,6.983175899618075,-0.43565302507192116,12410.349366476861,0.0,0.0,0.0
2025-12-15 00:00:00+00:00,12410.349366476861,0.0,6.983175899618075,-0.43565302507192116,12410.349366476861,0.0,0.0,0.0
2025-12-16 00:00:00+00:00,12410.349366476861,0.0,6.983175899618075,-0.43565302507192116,12410.349366476861,0.0,0.0,0.0
2025-12-17 00:00:00+00:00,12410.349366476861,0.0,6.983175899618075,-0.43565302507192116,12410.349366476861,0.0,0.0,0.0
2025-12-18 00:00:00+00:00,12410.349366476861,0.0,6.983175899618075,-0.43565302507192116,12410.349366476861,0.0,0.0,0.0
2025-12-19 00:00:00+00:00,12410.349366476861,0.0,6.983175899618075,-0.43565302507192116,12410.349366476861,0.0,0.0,0.0
2025-12-20 00:00:00+00:00,12410.349366476861,0.0,6.983175899618075,-0.43565302507192116,12410.349366476861,0.0,0.0,0.0
2025-12-21 00:00:00+00:00,12410.349366476861,0.0,6.983175899618075,-0.43565302507192116,12410.349366476861,0.0,0.0,0.0
2025-12-22 00:00:00+00:00,12410.349366476861,0.0,6.983175899618075,-0.43565302507192116,12410.349366476861,0.0,0.0,0.0
2025-12-23 00:00:00+00:00,12410.349366476861,0.0,6.983175899618075,-0.43565302507192116,12410.349366476861,0.0,0.0,0.0
2025-12-24 00:00:00+00:00,12410.349366476861,0.0,6.983175899618075,-0.43565302507192116,12410.349366476861,0.0,0.0,0.0
2025-12-25 00:00:00+00:00,12410.349366476861,0.0,6.983175899618075,-0.43565302507192116,12410.349366476861,0.0,0.0,0.0
2025-12-26 00:00:00+00:00,12410.349366476861,0.0,6.983175899618075,-0.43565302507192116,12410.349366476861,0.0,0.0,0.0
2025-12-27 00:00:00+00:00,12510.349366476861,100.0,6.983175899618075,-0.43565302507192116,12510.349366476861,0.0,0.0,0.0
2025-12-28 00:00:00+00:00,12510.349366476861,0.0,6.983175899618075,-0.43565302507192116,12510.349366476861,0.0,0.0,0.0
2025-12-29 00:00:00+00:00,12510.349366476861,0.0,6.983175899618075,-0.43565302507192116,12510.349366476861,0.0,0.0,0.0
2025-12-30 00:00:00+00:00,12510.349366476861,0.0,6.983175899618075,-0.43565302507192116,12510.349366476861,0.0,0.0,0.0
2025-12-31 00:00:00+00:00,12510.349366476861,0.0,6.983175899618075,-0.43565302507192116,12510.349366476861,0.0,0.0,0.0
2026-01-01 00:00:00+00:00,12510.349366476861,0.0,6.983175899618075,-0.43565302507192116,12510.349366476861,0.0,0.0,0.0
2026-01-02 00:00:00+00:00,12510.349366476861,0.0,6.983175899618075,-0.43565302507192116,12510.349366476861,0.0,0.0,0.0
2026-01-03 00:00:00+00:00,12510.349366476861,0.0,6.983175899618075,-0.43565302507192116,12510.349366476861,0.0,0.0,0.0
2026-01-04 00:00:00+00:00,12510.349366476861,0.0,6.983175899618075,-0.43565302507192116,12510.349366476861,0.0,0.0,0.0
2026-01-05 00:00:00+00:00,12510.349366476861,0.0,6.983175899618075,-0.43565302507192116,12510.349366476861,0.0,0.0,0.0
2026-01-06 00:00:00+00:00,12510.349366476861,0.0,6.983175899618075,-0.43565302507192116,12510.349366476861,0.0,0.0,0.0
2026-01-07 00:00:00+00:00,12510.349366476861,0.0,6.983175899618075,-0.43565302507192116,12510.349366476861,0.0,0.0,0.0
2026-01-08 00:00:00+00:00,12510.349366476861,0.0,6.983175899618075,-0.43565302507192116,12510.349366476861,0.0,0.0,0.0
2026-01-09 00:00:00+00:00,12510.349366476861,0.0,6.983175899618075,-0.43565302507192116,12510.349366476861,0.0,0.0,0.0
2026-01-10 00:00:00+00:00,12510.349366476861,0.0,6.983175899618075,-0.43565302507192116,12510.349366476861,0.0,0.0,0.0
2026-01-11 00:00:00+00:00,12510.349366476861,0.0,6.983175899618075,-0.43565302507192116,12510.349366476861,0.0,0.0,0.0
2026-01-12 00:00:00+00:00,12510.349366476861,0.0,6.983175899618075,-0.43565302507192116,12510.349366476861,0.0,0.0,0.0
2026-01-13 00:00:00+00:00,12510.349366476861,0.0,6.983175899618075,-0.43565302507192116,12510.349366476861,0.0,0.0,0.0
2026-01-14 00:00:00+00:00,12510.349366476861,0.0,6.983175899618075,-0.43565302507192116,12510.349366476861,0.0,0.0,0.0
2026-01-15 00:00:00+00:00,12510.349366476861,0.0,6.983175899618075,-0.43565302507192116,12510.349366476861,0.0,0.0,0.0
2026-01-16 00:00:00+00:00,12510.349366476861,0.0,6.983175899618075,-0.43565302507192116,12510.349366476861,0.0,0.0,0.0
2026-01-17 00:00:00+00:00,12510.349366476861,0.0,6.983175899618075,-0.43565302507192116,12510.349366476861,0.0,0.0,0.0
2026-01-18 00:00:00+00:00,12510.349366476861,0.0,6.983175899618075,-0.43565302507192116,12510.349366476861,0.0,0.0,0.0
2026-01-19 00:00:00+00:00,12510.349366476861,0.0,6.983175899618075,-0.43565302507192116,12510.349366476861,0.0,0.0,0.0
2026-01-20 00:00:00+00:00,12510.349366476861,0.0,6.983175899618075,-0.43565302507192116,12510.349366476861,0.0,0.0,0.0
2026-01-21 00:00:00+00:00,12510.349366476861,0.0,6.983175899618075,-0.43565302507192116,12510.349366476861,0.0,0.0,0.0
2026-01-22 00:00:00+00:00,12510.349366476861,0.0,6.983175899618075,-0.43565302507192116,12510.349366476861,0.0,0.0,0.0
2026-01-23 00:00:00+00:00,12510.349366476861,0.0,6.983175899618075,-0.43565302507192116,12510.349366476861,0.0,0.0,0.0
2026-01-24 00:00:00+00:00,12510.349366476861,0.0,6.983175899618075,-0.43565302507192116,12510.349366476861,0.0,0.0,0.0
2026-01-25 00:00:00+00:00,12510.349366476861,0.0,6.983175899618075,-0.43565302507192116,12510.349366476861,0.0,0.0,0.0
2026-01-26 00:00:00+00:00,12510.349366476861,0.0,6.983175899618075,-0.43565302507192116,12510.349366476861,0.0,0.0,0.0
2026-01-27 00:00:00+00:00,12610.349366476861,100.0,6.983175899618075,-0.43565302507192116,12610.349366476861,0.0,0.0,0.0
2026-01-28 00:00:00+00:00,12610.349366476861,0.0,6.983175899618075,-0.43565302507192116,12610.349366476861,0.0,0.0,0.0
2026-01-29 00:00:00+00:00,12610.349366476861,0.0,6.983175899618075,-0.43565302507192116,12610.349366476861,0.0,0.0,0.0
2026-01-30 00:00:00+00:00,12610.349366476861,0.0,6.983175899618075,-0.43565302507192116,12610.349366476861,0.0,0.0,0.0
2026-01-31 00:00:00+00:00,12610.349366476861,0.0,6.983175899618075,-0.43565302507192116,12610.349366476861,0.0,0.0,0.0
2026-02-01 00:00:00+00:00,12610.349366476861,0.0,6.983175899618075,-0.43565302507192116,12610.349366476861,0.0,0.0,0.0
2026-02-02 00:00:00+00:00,12610.349366476861,0.0,6.983175899618075,-0.43565302507192116,12610.349366476861,0.0,0.0,0.0
2026-02-03 00:00:00+00:00,12610.349366476861,0.0,6.983175899618075,-0.43565302507192116,12610.349366476861,0.0,0.0,0.0
2026-02-04 00:00:00+00:00,12610.349366476861,0.0,6.983175899618075,-0.43565302507192116,12610.349366476861,0.0,0.0,0.0
2026-02-05 00:00:00+00:00,12610.349366476861,0.0,6.983175899618075,-0.43565302507192116,12610.349366476861,0.0,0.0,0.0
2026-02-06 00:00:00+00:00,12610.349366476861,0.0,6.983175899618075,-0.43565302507192116,12610.349366476861,0.0,0.0,0.0
2026-02-07 00:00:00+00:00,12610.349366476861,0.0,6.983175899618075,-0.43565302507192116,12610.349366476861,0.0,0.0,0.0
2026-02-08 00:00:00+00:00,12610.349366476861,0.0,6.983175899618075,-0.43565302507192116,12610.349366476861,0.0,0.0,0.0
2026-02-09 00:00:00+00:00,12610.349366476861,0.0,6.983175899618075,-0.43565302507192116,12610.349366476861,0.0,0.0,0.0
2026-02-10 00:00:00+00:00,12610.349366476861,0.0,6.983175899618075,-0.43565302507192116,12610.349366476861,0.0,0.0,0.0
2026-02-11 00:00:00+00:00,12610.349366476861,0.0,6.983175899618075,-0.43565302507192116,12610.349366476861,0.0,0.0,0.0
2026-02-12 00:00:00+00:00,12610.349366476861,0.0,6.983175899618075,-0.43565302507192116,12610.349366476861,0.0,0.0,0.0
2026-02-13 00:00:00+00:00,12610.349366476861,0.0,6.983175899618075,-0.43565302507192116,12610.349366476861,0.0,0.0,0.0
2026-02-14 00:00:00+00:00,12610.349366476861,0.0,6.983175899618075,-0.43565302507192116,12610.349366476861,0.0,0.0,0.0
2026-02-15 00:00:00+00:00,12610.349366476861,0.0,6.983175899618075,-0.43565302507192116,12610.349366476861,0.0,0.0,0.0
2026-02-16 00:00:00+00:00,12610.349366476861,0.0,6.983175899618075,-0.43565302507192116,12610.349366476861,0.0,0.0,0.0
2026-02-17 00:00:00+00:00,12610.349366476861,0.0,6.983175899618075,-0.43565302507192116,12610.349366476861,0.0,0.0,0.0
2026-02-18 00:00:00+00:00,12610.349366476861,0.0,6.983175899618075,-0.43565302507192116,12610.349366476861,0.0,0.0,0.0
2026-02-19 00:00:00+00:00,12610.349366476861,0.0,6.983175899618075,-0.43565302507192116,12610.349366476861,0.0,0.0,0.0
2026-02-20 00:00:00+00:00,12610.349366476861,0.0,6.983175899618075,-0.43565302507192116,12610.349366476861,0.0,0.0,0.0
2026-02-21 00:00:00+00:00,12610.349366476861,0.0,6.983175899618075,-0.43565302507192116,12610.349366476861,0.0,0.0,0.0
2026-02-22 00:00:00+00:00,12610.349366476861,0.0,6.983175899618075,-0.43565302507192116,12610.349366476861,0.0,0.0,0.0
2026-02-23 00:00:00+00:00,12610.349366476861,0.0,6.983175899618075,-0.43565302507192116,12610.349366476861,0.0,0.0,0.0
2026-02-24 00:00:00+00:00,12610.349366476861,0.0,6.983175899618075,-0.43565302507192116,12610.349366476861,0.0,0.0,0.0
2026-02-25 00:00:00+00:00,12610.349366476861,0.0,6.983175899618075,-0.43565302507192116,12610.349366476861,0.0,0.0,0.0
2026-02-26 00:00:00+00:00,12610.349366476861,0.0,6.983175899618075,-0.43565302507192116,12610.349366476861,0.0,0.0,0.0
2026-02-27 00:00:00+00:00,12710.349366476861,100.0,6.983175899618075,-0.43565302507192116,12710.349366476861,0.0,0.0,0.0
2026-02-28 00:00:00+00:00,12710.349366476861,0.0,6.983175899618075,-0.43565302507192116,12710.349366476861,0.0,0.0,0.0
2026-03-01 00:00:00+00:00,12710.349366476861,0.0,6.983175899618075,-0.43565302507192116,12710.349366476861,0.0,0.0,0.0
2026-03-02 00:00:00+00:00,12710.349366476861,0.0,6.983175899618075,-0.43565302507192116,12710.349366476861,0.0,0.0,0.0
2026-03-03 00:00:00+00:00,12710.349366476861,0.0,6.983175899618075,-0.43565302507192116,12710.349366476861,0.0,0.0,0.0
2026-03-04 00:00:00+00:00,12710.349366476861,0.0,6.983175899618075,-0.43565302507192116,12710.349366476861,0.0,0.0,0.0
2026-03-05 00:00:00+00:00,12710.349366476861,0.0,6.983175899618075,-0.43565302507192116,12710.349366476861,0.0,0.0,0.0
2026-03-06 00:00:00+00:00,12710.349366476861,0.0,6.983175899618075,-0.43565302507192116,12710.349366476861,0.0,0.0,0.0
2026-03-07 00:00:00+00:00,12710.349366476861,0.0,6.983175899618075,-0.43565302507192116,12710.349366476861,0.0,0.0,0.0
2026-03-08 00:00:00+00:00,12710.349366476861,0.0,6.983175899618075,-0.43565302507192116,12710.349366476861,0.0,0.0,0.0
2026-03-09 00:00:00+00:00,12710.349366476861,0.0,6.983175899618075,-0.43565302507192116,12710.349366476861,0.0,0.0,0.0
2026-03-10 00:00:00+00:00,12710.349366476861,0.0,6.983175899618075,-0.43565302507192116,12710.349366476861,0.0,0.0,0.0
2026-03-11 00:00:00+00:00,12710.349366476861,0.0,6.983175899618075,-0.43565302507192116,12710.349366476861,0.0,0.0,0.0
2026-03-12 00:00:00+00:00,12710.349366476861,0.0,6.983175899618075,-0.43565302507192116,12710.349366476861,0.0,0.0,0.0
2026-03-13 00:00:00+00:00,12710.349366476861,0.0,6.983175899618075,-0.43565302507192116,12710.349366476861,0.0,0.0,0.0
2026-03-14 00:00:00+00:00,12710.349366476861,0.0,6.983175899618075,-0.43565302507192116,12710.349366476861,0.0,0.0,0.0
2026-03-15 00:00:00+00:00,12710.349366476861,0.0,6.983175899618075,-0.43565302507192116,12710.349366476861,0.0,0.0,0.0
2026-03-16 00:00:00+00:00,12710.349366476861,0.0,6.983175899618075,-0.43565302507192116,12710.349366476861,0.0,0.0,0.0
2026-03-17 00:00:00+00:00,12710.349366476861,0.0,6.983175899618075,-0.43565302507192116,12710.349366476861,0.0,0.0,0.0
2026-03-18 00:00:00+00:00,12710.349366476861,0.0,6.983175899618075,-0.43565302507192116,12710.349366476861,0.0,0.0,0.0
2026-03-19 00:00:00+00:00,12710.349366476861,0.0,6.983175899618075,-0.43565302507192116,12710.349366476861,0.0,0.0,0.0
2026-03-20 00:00:00+00:00,12710.349366476861,0.0,6.983175899618075,-0.43565302507192116,12710.349366476861,0.0,0.0,0.0
2026-03-21 00:00:00+00:00,12710.349366476861,0.0,6.983175899618075,-0.43565302507192116,12710.349366476861,0.0,0.0,0.0
2026-03-22 00:00:00+00:00,12710.349366476861,0.0,6.983175899618075,-0.43565302507192116,12710.349366476861,0.0,0.0,0.0
2026-03-23 00:00:00+00:00,12710.349366476861,0.0,6.983175899618075,-0.43565302507192116,12710.349366476861,0.0,0.0,0.0
2026-03-24 00:00:00+00:00,12710.349366476861,0.0,6.983175899618075,-0.43565302507192116,12710.349366476861,0.0,0.0,0.0
2026-03-25 00:00:00+00:00,12710.349366476861,0.0,6.983175899618075,-0.43565302507192116,12710.349366476861,0.0,0.0,0.0
2026-03-26 00:00:00+00:00,12710.349366476861,0.0,6.983175899618075,-0.43565302507192116,12710.349366476861,0.0,0.0,0.0
2026-03-27 00:00:00+00:00,12810.349366476861,100.0,6.983175899618075,-0.43565302507192116,12810.349366476861,0.0,0.0,0.0
2026-03-28 00:00:00+00:00,12810.349366476861,0.0,6.983175899618075,-0.43565302507192116,12810.349366476861,0.0,0.0,0.0
2026-03-29 00:00:00+00:00,12810.349366476861,0.0,6.983175899618075,-0.43565302507192116,12810.349366476861,0.0,0.0,0.0
2026-03-30 00:00:00+00:00,12810.349366476861,0.0,6.983175899618075,-0.43565302507192116,12810.349366476861,0.0,0.0,0.0
2026-03-31 00:00:00+00:00,12810.349366476861,0.0,6.983175899618075,-0.43565302507192116,12810.349366476861,0.0,0.0,0.0
2026-04-01 00:00:00+00:00,12810.349366476861,0.0,6.983175899618075,-0.43565302507192116,12810.349366476861,0.0,0.0,0.0
2026-04-02 00:00:00+00:00,12810.349366476861,0.0,6.983175899618075,-0.43565302507192116,12810.349366476861,0.0,0.0,0.0
2026-04-03 00:00:00+00:00,12810.349366476861,0.0,6.983175899618075,-0.43565302507192116,12810.349366476861,0.0,0.0,0.0
2026-04-04 00:00:00+00:00,12810.349366476861,0.0,6.983175899618075,-0.43565302507192116,12810.349366476861,0.0,0.0,0.0
2026-04-05 00:00:00+00:00,12810.349366476861,0.0,6.983175899618075,-0.43565302507192116,12810.349366476861,0.0,0.0,0.0
2026-04-06 00:00:00+00:00,12810.349366476861,0.0,6.983175899618075,-0.43565302507192116,12810.349366476861,0.0,0.0,0.0
2026-04-07 00:00:00+00:00,12810.349366476861,0.0,6.983175899618075,-0.43565302507192116,12810.349366476861,0.0,0.0,0.0
2026-04-08 00:00:00+00:00,12810.349366476861,0.0,6.983175899618075,-0.43565302507192116,12810.349366476861,0.0,0.0,0.0
2026-04-09 00:00:00+00:00,12810.349366476861,0.0,6.983175899618075,-0.43565302507192116,12810.349366476861,0.0,0.0,0.0
2026-04-10 00:00:00+00:00,12810.349366476861,0.0,6.983175899618075,-0.43565302507192116,12810.349366476861,0.0,0.0,0.0
2026-04-11 00:00:00+00:00,12810.349366476861,0.0,6.983175899618075,-0.43565302507192116,12810.349366476861,0.0,0.0,0.0
2026-04-12 00:00:00+00:00,12810.349366476861,0.0,6.983175899618075,-0.43565302507192116,12810.349366476861,0.0,0.0,0.0
2026-04-13 00:00:00+00:00,12810.349366476861,0.0,6.983175899618075,-0.43565302507192116,12810.349366476861,0.0,0.0,0.0
2026-04-14 00:00:00+00:00,12810.349366476861,0.0,6.983175899618075,-0.43565302507192116,12810.349366476861,0.0,0.0,0.0
2026-04-15 00:00:00+00:00,12810.349366476861,0.0,6.983175899618075,-0.43565302507192116,12810.349366476861,0.0,0.0,0.0
2026-04-16 00:00:00+00:00,12810.349366476861,0.0,6.983175899618075,-0.43565302507192116,12810.349366476861,0.0,0.0,0.0
2026-04-17 00:00:00+00:00,12810.349366476861,0.0,6.983175899618075,-0.43565302507192116,12810.349366476861,0.0,0.0,0.0
2026-04-18 00:00:00+00:00,12810.349366476861,0.0,6.983175899618075,-0.43565302507192116,12810.349366476861,0.0,0.0,0.0
2026-04-19 00:00:00+00:00,12810.349366476861,0.0,6.983175899618075,-0.43565302507192116,12810.349366476861,0.0,0.0,0.0
2026-04-20 00:00:00+00:00,12810.349366476861,0.0,6.983175899618075,-0.43565302507192116,12810.349366476861,0.0,0.0,0.0
2026-04-21 00:00:00+00:00,12810.349366476861,0.0,6.983175899618075,-0.43565302507192116,12810.349366476861,0.0,0.0,0.0
2026-04-22 00:00:00+00:00,12810.349366476861,0.0,6.983175899618075,-0.43565302507192116,12810.349366476861,0.0,0.0,0.0
2026-04-23 00:00:00+00:00,12810.349366476861,0.0,6.983175899618075,-0.43565302507192116,12810.349366476861,0.0,0.0,0.0
2026-04-24 00:00:00+00:00,12810.349366476861,0.0,6.983175899618075,-0.43565302507192116,12810.349366476861,0.0,0.0,0.0
2026-04-25 00:00:00+00:00,12810.349366476861,0.0,6.983175899618075,-0.43565302507192116,12810.349366476861,0.0,0.0,0.0
2026-04-26 00:00:00+00:00,12810.349366476861,0.0,6.983175899618075,-0.43565302507192116,12810.349366476861,0.0,0.0,0.0
2026-04-27 00:00:00+00:00,12910.349366476861,100.0,6.983175899618075,-0.43565302507192116,12910.349366476861,0.0,0.0,0.0
2026-04-28 00:00:00+00:00,12910.349366476861,0.0,6.983175899618075,-0.43565302507192116,12910.349366476861,0.0,0.0,0.0
2026-04-29 00:00:00+00:00,12910.349366476861,0.0,6.983175899618075,-0.43565302507192116,12910.349366476861,0.0,0.0,0.0
2026-04-30 00:00:00+00:00,12910.349366476861,0.0,6.983175899618075,-0.43565302507192116,12910.349366476861,0.0,0.0,0.0
2026-05-01 00:00:00+00:00,12910.349366476861,0.0,6.983175899618075,-0.43565302507192116,12910.349366476861,0.0,0.0,0.0
2026-05-02 00:00:00+00:00,12910.349366476861,0.0,6.983175899618075,-0.43565302507192116,12910.349366476861,0.0,0.0,0.0
2026-05-03 00:00:00+00:00,12910.349366476861,0.0,6.983175899618075,-0.43565302507192116,12910.349366476861,0.0,0.0,0.0
2026-05-04 00:00:00+00:00,12910.349366476861,0.0,6.983175899618075,-0.43565302507192116,12910.349366476861,0.0,0.0,0.0
2026-05-05 00:00:00+00:00,12910.349366476861,0.0,6.983175899618075,-0.43565302507192116,12910.349366476861,0.0,0.0,0.0
2026-05-06 00:00:00+00:00,12910.349366476861,0.0,6.983175899618075,-0.43565302507192116,12910.349366476861,0.0,0.0,0.0
2026-05-07 00:00:00+00:00,12910.349366476861,0.0,6.983175899618075,-0.43565302507192116,12910.349366476861,0.0,0.0,0.0
2026-05-08 00:00:00+00:00,12910.349366476861,0.0,6.983175899618075,-0.43565302507192116,12910.349366476861,0.0,0.0,0.0
2026-05-09 00:00:00+00:00,12910.349366476861,0.0,6.983175899618075,-0.43565302507192116,12910.349366476861,0.0,0.0,0.0
2026-05-10 00:00:00+00:00,12910.349366476861,0.0,6.983175899618075,-0.43565302507192116,12910.349366476861,0.0,0.0,0.0
2026-05-11 00:00:00+00:00,12910.349366476861,0.0,6.983175899618075,-0.43565302507192116,12910.349366476861,0.0,0.0,0.0
2026-05-12 00:00:00+00:00,12910.349366476861,0.0,6.983175899618075,-0.43565302507192116,12910.349366476861,0.0,0.0,0.0
2026-05-13 00:00:00+00:00,12910.349366476861,0.0,6.983175899618075,-0.43565302507192116,12910.349366476861,0.0,0.0,0.0
2026-05-14 00:00:00+00:00,12910.349366476861,0.0,6.983175899618075,-0.43565302507192116,12910.349366476861,0.0,0.0,0.0
2026-05-15 00:00:00+00:00,12910.349366476861,0.0,6.983175899618075,-0.43565302507192116,12910.349366476861,0.0,0.0,0.0
2026-05-16 00:00:00+00:00,12910.349366476861,0.0,6.983175899618075,-0.43565302507192116,12910.349366476861,0.0,0.0,0.0
2026-05-17 00:00:00+00:00,12910.349366476861,0.0,6.983175899618075,-0.43565302507192116,12910.349366476861,0.0,0.0,0.0
2026-05-18 00:00:00+00:00,12910.349366476861,0.0,6.983175899618075,-0.43565302507192116,12910.349366476861,0.0,0.0,0.0
2026-05-19 00:00:00+00:00,12910.349366476861,0.0,6.983175899618075,-0.43565302507192116,12910.349366476861,0.0,0.0,0.0
2026-05-20 00:00:00+00:00,12910.349366476861,0.0,6.983175899618075,-0.43565302507192116,12910.349366476861,0.0,0.0,0.0
2026-05-21 00:00:00+00:00,12910.349366476861,0.0,6.983175899618075,-0.43565302507192116,12910.349366476861,0.0,0.0,0.0
2026-05-22 00:00:00+00:00,12910.349366476861,0.0,6.983175899618075,-0.43565302507192116,12910.349366476861,0.0,0.0,0.0
2026-05-23 00:00:00+00:00,12910.349366476861,0.0,6.983175899618075,-0.43565302507192116,12910.349366476861,0.0,0.0,0.0
2026-05-24 00:00:00+00:00,12910.349366476861,0.0,6.983175899618075,-0.43565302507192116,12910.349366476861,0.0,0.0,0.0
2026-05-25 00:00:00+00:00,12910.349366476861,0.0,6.983175899618075,-0.43565302507192116,12910.349366476861,0.0,0.0,0.0
2026-05-26 00:00:00+00:00,12910.349366476861,0.0,6.983175899618075,-0.43565302507192116,12910.349366476861,0.0,0.0,0.0
2026-05-27 00:00:00+00:00,12914.034785396645,100.0,6.931079581982581,-0.43986320102697507,10408.279493181488,0.0,0.0,457.5050743500376
2026-05-28 00:00:00+00:00,12912.307761353286,0.0,6.93015267251676,-0.43993810942976874,10408.279493181488,0.0,0.0,457.691147536428
2026-05-29 00:00:00+00:00,13353.804140930226,0.0,7.167107783204963,-0.42078852737242023,10408.279493181488,0.0,0.0,457.87729640117175
2026-05-30 00:00:00+00:00,13430.582604574856,0.0,7.208315480918853,-0.4174583177539204,10408.279493181488,0.0,0.0,458.0635209750483
2026-05-31 00:00:00+00:00,13406.60807387443,0.0,7.19544813287568,-0.41849819546112643,10408.279493181488,0.0,0.0,458.24982128884943
2026-06-01 00:00:00+00:00,13612.74851282141,0.0,7.306085575870802,-0.40955700492467007,10408.279493181488,0.0,0.0,458.43619737337957
2026-06-02 00:00:00+00:00,13429.226883853522,0.0,7.207587853313178,-0.4175171211471099,10408.279493181488,0.0,0.0,458.62264925945567
2026-06-03 00:00:00+00:00,13398.33889954651,0.0,7.191009992023767,-0.4188568648402292,10408.279493181488,0.0,0.0,458.8091769779072
2026-06-04 00:00:00+00:00,12889.151687105998,0.0,6.91772459747427,-0.4409424871878591,10408.279493181488,0.0,0.0,458.99578055957613
2026-06-05 00:00:00+00:00,12777.660986963723,0.0,6.857886527639511,-0.44577831463688955,10408.279493181488,0.0,0.0,459.18246003531704
2026-06-06 00:00:00+00:00,12782.29959855472,0.0,6.860376112546272,-0.4455771182570255,10408.279493181488,0.0,0.0,459.369215435997
2026-06-07 00:00:00+00:00,12905.047495405117,0.0,6.926256021941682,-0.4402530181469497,10408.279493181488,0.0,0.0,459.55604679249564
2026-06-08 00:00:00+00:00,13010.42461358958,0.0,6.982812876897842,-0.43568236283699235,10408.279493181488,0.0,0.0,459.7429541357052
2026-06-09 00:00:00+00:00,12958.590996599749,0.0,6.954993304599278,-0.4379306080045452,10408.279493181488,0.0,0.0,459.9299374965304
2026-06-10 00:00:00+00:00,12681.717574893482,0.0,6.806392828305686,-0.44993978985456085,10408.279493181488,0.0,0.0,460.1169969058886
2026-06-11 00:00:00+00:00,12895.302720510104,0.0,6.921025912883728,-0.440675690619737,10408.279493181488,0.0,0.0,460.3041323947097
2026-06-12 00:00:00+00:00,12748.956994702667,0.0,6.842480834686992,-0.44702332927484256,10408.279493181488,0.0,0.0,460.4913439939363
2026-06-13 00:00:00+00:00,12838.359275581099,0.0,6.890463849591046,-0.44314557083107875,10408.279493181488,0.0,0.0,460.6786317345234
2026-06-14 00:00:00+00:00,12819.530382408888,0.0,6.880358211873172,-0.4439622602798027,10408.279493181488,0.0,0.0,460.86599564743864
2026-06-15 00:00:00+00:00,12980.035557871197,0.0,6.966502795106549,-0.4370004658680573,10408.279493181488,0.0,0.0,461.0534357636623
2026-06-16 00:00:00+00:00,12965.860572654656,0.0,6.958894951993073,-0.43761529546830447,10408.279493181488,0.0,0.0,461.2409521141873
2026-06-17 00:00:00+00:00,12921.680776325902,0.0,6.935183254653009,-0.43953156177129227,10408.279493181488,0.0,0.0,461.42854473001904
2026-06-18 00:00:00+00:00,12903.77674413109,0.0,6.9255739982089315,-0.44030813605260455,10408.279493181488,0.0,0.0,461.61621364217564
2026-06-19 00:00:00+00:00,12778.25741016231,0.0,6.858206633378937,-0.4457524452175453,10408.279493181488,0.0,0.0,461.8039588816878
2026-06-20 00:00:00+00:00,12744.109935286338,0.0,6.839879373942037,-0.44723356692643734,10408.279493181488,0.0,0.0,461.9917804795988
2026-06-21 00:00:00+00:00,12635.52336371379,0.0,6.781599976247131,-0.4519434299261006,10408.279493181488,0.0,0.0,462.17967846696456
2026-06-22 00:00:00+00:00,12636.891580038282,0.0,6.78233431035634,-0.4518840845452773,10408.279493181488,0.0,0.0,462.3676528748537
2026-06-23 00:00:00+00:00,12511.520278061565,0.0,6.715046395638933,-0.4573219729309993,10408.279493181488,0.0,0.0,462.55570373434745
2026-06-24 00:00:00+00:00,12381.419188891852,0.0,6.645219961242334,-0.46296501237153387,10408.279493181488,0.0,0.0,462.7438310765396
2026-06-25 00:00:00+00:00,12388.70273862288,0.0,6.649129108434826,-0.4626490937373273,10408.279493181488,0.0,0.0,462.9320349325367
2026-06-26 00:00:00+00:00,12665.991030432095,0.0,6.797952249274975,-0.4506219172004986,10408.279493181488,0.0,0.0,463.1203153334578
2026-06-27 00:00:00+00:00,12641.308126014661,100.0,6.731033803770461,-0.4560299468463547,10213.527416555886,0.0,0.0,523.6800494949903
2026-06-28 00:00:00+00:00,12599.860199604462,0.0,6.708964300283784,-0.45781349887338463,10213.527416555886,0.0,0.0,523.893036893211
2026-06-29 00:00:00+00:00,12693.073427300147,0.0,6.758596931679506,-0.4538024262914341,10213.527416555886,0.0,0.0,524.1061109161407
2026-06-30 00:00:00+00:00,12600.228740874581,0.0,6.7091605350185555,-0.4577976401179221,10213.527416555886,0.0,0.0,524.3192715990104
2026-07-01 00:00:00+00:00,12571.825621876775,0.0,6.694036913934332,-0.4590198590526201,10213.527416555886,0.0,0.0,524.5325189770662
2026-07-02 00:00:00+00:00,12640.476987076636,0.0,6.730591252712319,-0.4560657117124419,10213.527416555886,0.0,0.0,524.7458530855678
2026-07-03 00:00:00+00:00,12766.404365822344,0.0,6.797642971941696,-0.4506469115196965,10213.527416555886,0.0,0.0,524.9592739597897
2026-07-04 00:00:00+00:00,12739.083323438701,0.0,6.783095517041827,-0.4518225674509889,10213.527416555886,0.0,0.0,525.1727816350208
2026-07-05 00:00:00+00:00,12742.737431325444,0.0,6.785041195721842,-0.4516653269785974,10213.527416555886,0.0,0.0,525.386376146564
2026-07-06 00:00:00+00:00,12745.868493734157,0.0,6.786708371832469,-0.45153059375574445,10213.527416555886,0.0,0.0,525.6000575297368
2026-07-07 00:00:00+00:00,12697.471929728956,0.0,6.760938973202356,-0.4536131536642547,10213.527416555886,0.0,0.0,525.813825819871
2026-07-08 00:00:00+00:00,12706.898624743848,0.0,6.765958343205093,-0.45320751211694044,10213.527416555886,0.0,0.0,526.0276810523128
2026-07-09 00:00:00+00:00,12756.853181783175,0.0,6.792557316090829,-0.45105790997315365,10213.527416555886,0.0,0.0,526.2416232624228
2026-07-10 00:00:00+00:00,12854.75542507602,0.0,6.844686676636433,-0.4468450636476793,10213.527416555886,0.0,0.0,526.4556524855758
2026-07-11 00:00:00+00:00,12811.062716066204,0.0,6.8214219085925185,-0.4487252112562631,10213.527416555886,0.0,0.0,526.6697687571611
2026-07-12 00:00:00+00:00,12781.0330126605,0.0,6.805432190857134,-0.45001742399207734,10213.527416555886,0.0,0.0,526.8839721125826
2026-07-13 00:00:00+00:00,12678.765990676493,0.0,6.7509787454444155,-0.45441809177344594,10213.527416555886,0.0,0.0,527.0982625872583
2026-07-14 00:00:00+00:00,12879.092812850904,0.0,6.8576454446828405,-0.4457977978117744,10213.527416555886,0.0,0.0,527.3126402166207
2026-07-15 00:00:00+00:00,12901.805543819937,0.0,6.869739142455613,-0.44482044283004873,10213.527416555886,0.0,0.0,527.5271050361168
2026-07-16 00:00:00+00:00,12777.824128313474,0.0,6.803723577413263,-0.45015550598259735,10213.527416555886,0.0,0.0,527.7416570812079
2026-07-17 00:00:00+00:00,12931.446430358064,0.0,6.885521829442831,-0.4435449613320157,10213.527416555886,0.0,0.0,527.9562963873698
2026-07-18 00:00:00+00:00,12942.058921322705,0.0,6.89117259237916,-0.4430882936187869,10213.527416555886,0.0,0.0,528.1710229900926
2026-07-19 00:00:00+00:00,12913.579043242029,0.0,6.876008099893308,-0.4443138155852574,10213.527416555886,0.0,0.0,528.3858369248811
2026-07-20 00:00:00+00:00,13040.484164595242,0.0,6.943580431267955,-0.43885294200161973,10213.527416555886,0.0,0.0,528.6007382272543
2026-07-21 00:00:00+00:00,13018.366032207168,0.0,6.931803335472464,-0.43980471072134897,10213.527416555886,0.0,0.0,528.8157269327456
2026-07-22 00:00:00+00:00,12949.67473006963,0.0,6.895227731737177,-0.44276057659396817,10213.527416555886,0.0,0.0,529.0308030769032
2026-07-23 00:00:00+00:00,12952.904540170704,0.0,6.896947487379028,-0.44262159414414226,10213.527416555886,0.0,0.0,529.2459666952894
2026-07-24 00:00:00+00:00,12950.312451485459,0.0,6.895567295045384,-0.44273313470670395,10213.527416555886,0.0,0.0,529.4612178234811
2026-07-25 00:00:00+00:00,12904.284323561,0.0,6.871059001924498,-0.44471377808190227,10213.527416555886,0.0,0.0,529.6765564970696
2026-07-26 00:00:00+00:00,12867.756358158955,0.0,6.851609197564604,-0.44628561851829296,10213.527416555886,0.0,0.0,529.8919827516607
2026-07-27 00:00:00+00:00,12824.271427602596,100.0,6.775208724743363,-0.4524599403941174,10374.976412566797,0.0,0.0,517.8213562443549
2026-07-28 00:00:00+00:00,12775.018487123816,0.0,6.749187835062812,-0.45456282461001685,10374.976412566797,0.0,0.0,518.0319608368269
2026-07-29 00:00:00+00:00,12762.0020634638,0.0,6.742311110124155,-0.45511856872592205,10374.976412566797,0.0,0.0,518.2426510848901
2026-07-30 00:00:00+00:00,12976.575709370127,0.0,6.855672812272431,-0.44595721655611975,10374.976412566797,0.0,0.0,518.4534270233817
2026-07-31 00:00:00+00:00,12900.352834184545,0.0,6.815403398770247,-0.4492115985191072,10374.976412566797,0.0,0.0,518.664288687153
2026-08-01 00:00:00+00:00,12902.417687663818,0.0,6.8164942843918634,-0.4491234383453694,10374.976412566797,0.0,0.0,518.8752361110696
2026-08-02 00:00:00+00:00,13009.339229416604,0.0,6.872982153245551,-0.44455835816323386,10374.976412566797,0.0,0.0,519.0862693300113
2026-08-03 00:00:00+00:00,12948.094971984108,0.0,6.84062611418013,-0.4471732189414399,10374.976412566797,0.0,0.0,519.297388378872
2026-08-04 00:00:00+00:00,12913.295399394245,0.0,6.822241103448003,-0.44865900783460866,10374.976412566797,0.0,0.0,519.5085932925599
2026-08-05 00:00:00+00:00,12900.815049321944,0.0,6.815647592294168,-0.4491918639630108,10374.976412566797,0.0,0.0,519.7198841059973
2026-08-06 00:00:00+00:00,12757.301449800378,0.0,6.739827722363389,-0.45531926428199976,10374.976412566797,0.0,0.0,519.9312608541206
2026-08-07 00:00:00+00:00,12722.380524046695,0.0,6.721378599372025,-0.45681023442222224,10374.976412566797,0.0,0.0,520.1427235718808
2026-08-08 00:00:00+00:00,12670.779461928996,0.0,6.694117170273342,-0.4590133731180267,10374.976412566797,0.0,0.0,520.3542722942426
2026-08-09 00:00:00+00:00,12612.889247001338,0.0,6.663533110081748,-0.4614850310138401,10374.976412566797,0.0,0.0,520.5659070561853
2026-08-10 00:00:00+00:00,12659.10708850419,0.0,6.687950522389082,-0.4595117321926019,10374.976412566797,0.0,0.0,520.7776278927023
2026-08-11 00:00:00+00:00,12805.392126089806,0.0,6.76523457462898,-0.4532660036417636,10374.976412566797,0.0,0.0,520.9894348388012
2026-08-12 00:00:00+00:00,12785.532554240752,0.0,6.754742536525999,-0.45411392012695073,10374.976412566797,0.0,0.0,521.2013279295039
2026-08-13 00:00:00+00:00,12779.213172065289,0.0,6.751403934914836,-0.45438372998808463,10374.976412566797,0.0,0.0,521.4133071998465
2026-08-14 00:00:00+00:00,12605.44650616734,0.0,6.659601025290875,-0.4618028033553633,10374.976412566797,0.0,0.0,521.6253726848793
2026-08-15 00:00:00+00:00,12552.604401970068,0.0,6.631683939520172,-0.4640589290967134,10374.976412566797,0.0,0.0,521.837524419667
2026-08-16 00:00:00+00:00,12505.983542843973,0.0,6.6070536084101885,-0.4660494350002172,10374.976412566797,0.0,0.0,522.0497624392885
2026-08-17 00:00:00+00:00,12504.174984932362,0.0,6.606098126657395,-0.466126652478989,12504.174984932362,0.0,0.0,0.0
2026-08-18 00:00:00+00:00,12504.174984932362,0.0,6.606098126657395,-0.466126652478989,12504.174984932362,0.0,0.0,0.0
2026-08-19 00:00:00+00:00,12504.174984932362,0.0,6.606098126657395,-0.466126652478989,12504.174984932362,0.0,0.0,0.0
2026-08-20 00:00:00+00:00,12504.174984932362,0.0,6.606098126657395,-0.466126652478989,12504.174984932362,0.0,0.0,0.0
2026-08-21 00:00:00+00:00,12504.174984932362,0.0,6.606098126657395,-0.466126652478989,12504.174984932362,0.0,0.0,0.0
2026-08-22 00:00:00+00:00,12504.174984932362,0.0,6.606098126657395,-0.466126652478989,12504.174984932362,0.0,0.0,0.0
2026-08-23 00:00:00+00:00,12504.174984932362,0.0,6.606098126657395,-0.466126652478989,12504.174984932362,0.0,0.0,0.0
2026-08-24 00:00:00+00:00,12504.174984932362,0.0,6.606098126657395,-0.466126652478989,12504.174984932362,0.0,0.0,0.0
2026-08-25 00:00:00+00:00,12504.174984932362,0.0,6.606098126657395,-0.466126652478989,12504.174984932362,0.0,0.0,0.0
2026-08-26 00:00:00+00:00,12504.174984932362,0.0,6.606098126657395,-0.466126652478989,12504.174984932362,0.0,0.0,0.0
2026-08-27 00:00:00+00:00,12916.84635698655,100.0,6.771285975329984,-0.45277695829495,-4.547473508864641e-13,0.07962979962449743,36.98655198712605,453.0342244835403
2026-08-28 00:00:00+00:00,12385.333533506524,0.0,6.4926556326076925,-0.4752945338649852,-4.547473508864641e-13,0.07962979962449743,36.99338025735935,453.21847931790103
2026-08-29 00:00:00+00:00,12478.856889310902,0.0,6.541682567667693,-0.4713324107724508,-4.547473508864641e-13,0.07962979962449743,37.000209788193374,453.40280909106804
2026-08-30 00:00:00+00:00,12213.307908818815,0.0,6.402476136184774,-0.4825824107190675,-4.547473508864641e-13,0.07962979962449743,37.007040579860856,453.58721383351985
2026-08-31 00:00:00+00:00,12309.61031147173,0.0,6.452959906793499,-0.4785025531248237,-4.547473508864641e-13,0.07962979962449743,37.01387263259456,453.7716935757475
2026-09-01 00:00:00+00:00,12050.690333594246,0.0,6.317228539671813,-0.48947171494160757,-4.547473508864641e-13,0.07962979962449743,37.0207059466273,453.95624834825435
2026-09-02 00:00:00+00:00,12043.043241948204,0.0,6.313219771356094,-0.4897956844799215,-4.547473508864641e-13,0.07962979962449743,37.02754052219193,454.14087818155616
2026-09-03 00:00:00+00:00,12580.71180768756,0.0,6.595077085281446,-0.4670173204859934,-4.547473508864641e-13,0.07962979962449743,37.03437635952134,454.3255831061811
2026-09-04 00:00:00+00:00,12308.812970563165,0.0,6.452541923706724,-0.4785363325246246,-4.547473508864641e-13,0.07962979962449743,37.04121345884848,454.51036315266987
2026-09-05 00:00:00+00:00,12428.526792969391,0.0,6.515298459188309,-0.47346464859955883,-4.547473508864641e-13,0.07962979962449743,37.048051820406336,454.6952183515754
2026-09-06 00:00:00+00:00,12762.125857841389,0.0,6.690178194297115,-0.4593317023722877,-4.547473508864641e-13,0.07962979962449743,37.05489144442792,454.8801487334632
2026-09-07 00:00:00+00:00,12960.349169379882,0.0,6.794091076149895,-0.45093395879935505,-4.547473508864641e-13,0.07962979962449743,37.061732331146324,455.06515432891115
2026-09-08 00:00:00+00:00,12994.165433243354,0.0,6.811818281917342,-0.4495013305665,-4.547473508864641e-13,0.07962979962449743,37.068574480794645,455.2502351685095
2026-09-09 00:00:00+00:00,12795.37165118365,0.0,6.707606347266931,-0.4579232421604179,-4.547473508864641e-13,0.07962979962449743,37.07541789360604,455.4353912828611
2026-09-10 00:00:00+00:00,12464.26766021191,0.0,6.534034583039042,-0.47195048441852805,-4.547473508864641e-13,0.07962979962449743,37.08226256981371,455.62062270258104
2026-09-11 00:00:00+00:00,12565.487303921547,0.0,6.587096076141671,-0.46766230758493677,-4.547473508864641e-13,0.07962979962449743,37.08910850965089,455.8059294582971
2026-09-12 00:00:00+00:00,12659.506203582732,0.0,6.636382785845963,-0.4636791907444606,-4.547473508864641e-13,0.07962979962449743,37.095955713350875,455.9913115806494
2026-09-13 00:00:00+00:00,12496.489958999638,0.0,6.550926198364033,-0.4705853846204793,-4.547473508864641e-13,0.07962979962449743,37.10280418114699,456.1767691002904
2026-09-14 00:00:00+00:00,12899.281009196551,0.0,6.762077845895365,-0.4535211154042471,-4.547473508864641e-13,0.07962979962449743,37.10965391327261,456.36230204788524
2026-09-15 00:00:00+00:00,12101.652769915341,0.0,6.3439441342366605,-0.48731268798985905,-4.547473508864641e-13,0.07962979962449743,37.11650490996114,456.54791045411145
2026-09-16 00:00:00+00:00,12201.788470448968,0.0,6.396437401239595,-0.4830704324798957,-4.547473508864641e-13,0.07962979962449743,37.12335717144604,456.733594349659
2026-09-17 00:00:00+00:00,12473.021432434834,0.0,6.538623496884274,-0.4715796302851095,-4.547473508864641e-13,0.07962979962449743,37.13021069796081,456.9193537652303
2026-09-18 00:00:00+00:00,13678.947728117773,0.0,7.17079574602021,-0.42049048380480136,-4.547473508864641e-13,0.07962979962449743,37.137065489739,457.1051887315404
2026-09-19 00:00:00+00:00,14221.4427674888,0.0,7.455183200222003,-0.39750764593943166,-4.547473508864641e-13,0.07962979962449743,37.143921547014195,457.2910992793167
2026-09-20 00:00:00+00:00,14155.699071042522,0.0,7.420718954274521,-0.40029288194425616,-4.547473508864641e-13,0.07962979962449743,37.15077887002002,457.4770854392992
2026-09-21 00:00:00+00:00,14909.605032641208,0.0,7.815932516734345,-0.36835360651558635,-4.547473508864641e-13,0.07962979962449743,37.157637458990145,457.6631472422403
2026-09-22 00:00:00+00:00,14889.747702389719,0.0,7.805522881276641,-0.36919486361194287,-4.547473508864641e-13,0.07962979962449743,37.1644973141583,457.84928471890504
2026-09-23 00:00:00+00:00,14568.949473430575,0.0,7.637353616997451,-0.3827855015875711,-4.547473508864641e-13,0.07962979962449743,37.17135843575822,458.0354979000708
2026-09-24 00:00:00+00:00,14759.761959425257,0.0,7.737381586257517,-0.3747017181240606,-4.547473508864641e-13,0.07962979962449743,37.17822082402373,458.22178681652764
2026-09-25 00:00:00+00:00,14992.010957578086,0.0,7.859131457744227,-0.3648624741097197,-4.547473508864641e-13,0.07962979962449743,37.18508447918867,458.40815149907803
2026-09-26 00:00:00+00:00,14804.896958734786,0.0,7.761042314222732,-0.372789570922886,-4.547473508864641e-13,0.07962979962449743,37.19194940148692,458.59459197853704
