date,cash,units,price,equity,deposit,return,twr_index,drawdown
2021-09-27 00:00:00+00:00,60.0,0.0,42147.35,60.0,60.0,0.0,1.0,0.0
2021-09-28 00:00:00+00:00,60.0,0.0,41026.54,60.0,0.0,0.0,1.0,0.0
2021-09-29 00:00:00+00:00,60.0,0.0,41524.28,60.0,0.0,0.0,1.0,0.0
2021-09-30 00:00:00+00:00,60.0,0.0,43824.1,60.0,0.0,0.0,1.0,0.0
2021-10-01 00:00:00+00:00,60.0,0.0,48141.61,60.0,0.0,0.0,1.0,0.0
2021-10-02 00:00:00+00:00,60.0,0.0,47634.9,60.0,0.0,0.0,1.0,0.0
2021-10-03 00:00:00+00:00,60.0,0.0,48200.01,60.0,0.0,0.0,1.0,0.0
2021-10-04 00:00:00+00:00,60.0,0.0,49224.94,60.0,0.0,0.0,1.0,0.0
2021-10-05 00:00:00+00:00,60.0,0.0,51471.99,60.0,0.0,0.0,1.0,0.0
2021-10-06 00:00:00+00:00,0.0,0.0011639360531352323,55315.0,64.38312277917538,0.0,0.07305204631958961,1.0730520463195896,0.0
2021-10-07 00:00:00+00:00,0.0,0.0011639360531352323,53785.22,62.60255668381016,0.0,-0.02765578956883319,1.0433759447301691,-0.02765578956883319
2021-10-08 00:00:00+00:00,0.0,0.0011639360531352323,53951.43,62.79601449520177,0.0,0.003090254162760653,1.046600241586696,-0.024650998824912063
2021-10-09 00:00:00+00:00,0.0,0.0011639360531352323,54949.72,63.957960217686136,0.0,0.01850349471737811,1.065966003628102,-0.006603633734068803
2021-10-10 00:00:00+00:00,0.0,0.0011639360531352323,54659.0,63.61958072831866,0.0,-0.005290654802244665,1.0603263454719773,-0.011859350989786188
2021-10-11 00:00:00+00:00,0.0,0.0011639360531352323,57471.35,66.89297628735353,0.0,0.051452642748678334,1.1148829381225587,0.0
2021-10-12 00:00:00+00:00,0.0,0.0011639360531352323,55996.93,65.17684569188988,0.0,-0.025654869774244138,1.0862807615314978,-0.025654869774244138
2021-10-13 00:00:00+00:00,0.0,0.0011639360531352323,57367.0,66.77151956020887,0.0,0.02446687702343686,1.1128586593368144,-0.0018156872946258895
2021-10-14 00:00:00+00:00,0.0,0.0011639360531352323,57347.94,66.74933493903612,0.0,-0.00033224676207577186,1.1124889156506017,-0.002147330800477132
2021-10-15 00:00:00+00:00,0.0,0.0011639360531352323,61672.42,71.78275312209836,0.0,0.0754077653007239,1.196379218701639,0.0
2021-10-16 00:00:00+00:00,0.0,0.0011639360531352323,60875.57,70.85527067815755,0.0,-0.012920686426768913,1.1809211779692925,-0.012920686426768802
2021-10-17 00:00:00+00:00,0.0,0.0011639360531352323,61528.33,71.6150415762021,0.0,0.01072285647592297,1.1935840262700352,-0.0023363766169703926
2021-10-18 00:00:00+00:00,0.0,0.0011639360531352323,62009.84,72.17548842514725,0.0,0.007825825924415719,1.2029248070857879,0.0
2021-10-19 00:00:00+00:00,0.0,0.0011639360531352323,64280.59,74.81849621780408,0.0,0.03661918818045651,1.2469749369634016,0.0
2021-10-20 00:00:00+00:00,0.0,0.0011639360531352323,66001.41,76.82142065676025,0.0,0.026770445013027944,1.2803570109460043,0.0
2021-10-21 00:00:00+00:00,0.0,0.0011639360531352323,62193.15,72.38884954304747,0.0,-0.05769967641600393,1.2064808257174577,-0.05769967641600404
2021-10-22 00:00:00+00:00,0.0,0.0011639360531352323,60688.22,70.63720725860267,0.0,-0.02419768093431507,1.1772867876433777,-0.08050115899039145
2021-10-23 00:00:00+00:00,0.0,0.0011639360531352323,61286.75,71.3338579044857,0.0,0.009862375268214985,1.188897631741428,-0.07143271636166593
2021-10-24 00:00:00+00:00,0.0,0.0011639360531352323,60852.22,70.82809277131685,0.0,-0.007090113278971355,1.1804682128552804,-0.07801636358980857
2021-10-25 00:00:00+00:00,0.0,0.0011639360531352323,63078.78,73.41966622978563,0.0,0.036589626475418635,1.22366110382976,-0.04428132671711149
2021-10-26 00:00:00+00:00,0.0,0.0011639360531352323,60328.81,70.21887700174533,0.0,-0.043595801947976964,1.170314616695755,-0.08594664871553548
2021-10-27 00:00:00+00:00,0.0,0.002156995669056981,58413.44,125.99753709471982,60.0,-0.060116881489297946,1.0999589515786632,-0.14089668570959923
2021-10-28 00:00:00+00:00,125.8086037878463,0.0,60575.89,125.8086037878463,0.0,-0.001499499999999876,1.098309563130771,-0.1421849111293776
2021-10-29 00:00:00+00:00,125.8086037878463,0.0,62253.71,125.8086037878463,0.0,0.0,1.098309563130771,-0.1421849111293776
2021-10-30 00:00:00+00:00,125.8086037878463,0.0,61859.19,125.8086037878463,0.0,0.0,1.098309563130771,-0.1421849111293776
2021-10-31 00:00:00+00:00,125.8086037878463,0.0,61299.8,125.8086037878463,0.0,0.0,1.098309563130771,-0.1421849111293776
2021-11-01 00:00:00+00:00,125.8086037878463,0.0,60911.11,125.8086037878463,0.0,0.0,1.098309563130771,-0.1421849111293776
2021-11-02 00:00:00+00:00,125.8086037878463,0.0,63219.99,125.8086037878463,0.0,0.0,1.098309563130771,-0.1421849111293776
2021-11-03 00:00:00+00:00,125.8086037878463,0.0,62896.48,125.8086037878463,0.0,0.0,1.098309563130771,-0.1421849111293776
2021-11-04 00:00:00+00:00,125.8086037878463,0.0,61395.01,125.8086037878463,0.0,0.0,1.098309563130771,-0.1421849111293776
2021-11-05 00:00:00+00:00,125.8086037878463,0.0,60937.12,125.8086037878463,0.0,0.0,1.098309563130771,-0.1421849111293776
2021-11-06 00:00:00+00:00,125.8086037878463,0.0,61470.61,125.8086037878463,0.0,0.0,1.098309563130771,-0.1421849111293776
2021-11-07 00:00:00+00:00,125.8086037878463,0.0,63273.59,125.8086037878463,0.0,0.0,1.098309563130771,-0.1421849111293776
2021-11-08 00:00:00+00:00,125.8086037878463,0.0,67525.83,125.8086037878463,0.0,0.0,1.098309563130771,-0.1421849111293776
2021-11-09 00:00:00+00:00,0.0,0.001860327069135533,66947.66,124.54454411328216,0.0,-0.010047481940867464,1.0872743176297326,-0.15080379274340883
2021-11-10 00:00:00+00:00,0.0,0.001860327069135533,64882.43,120.70254084029138,0.0,-0.030848426965184417,1.0537336152512111,-0.1770001599220754
2021-11-11 00:00:00+00:00,0.0,0.001860327069135533,64774.26,120.50130926122299,0.0,-0.0016671693708142366,1.051976862842867,-0.1783722400476383
2021-11-12 00:00:00+00:00,0.0,0.001860327069135533,64122.23,119.28832020233455,0.0,-0.010066189872335096,1.0413874640001872,-0.18664290108370019
2021-11-13 00:00:00+00:00,0.0,0.001860327069135533,64380.0,119.76785671094561,0.0,0.004019978718768691,1.0455738194434605,-0.1833732228552971
2021-11-14 00:00:00+00:00,0.0,0.001860327069135533,65519.1,121.8869552753979,0.0,0.017693383038210664,1.0640735575255986,-0.16892433248801642
2021-11-15 00:00:00+00:00,0.0,0.001860327069135533,63606.74,118.32934020146587,0.0,-0.029187824619080538,1.0330155651467403,-0.19318162331654143
2021-11-16 00:00:00+00:00,0.0,0.001860327069135533,60058.87,111.729141602692,0.0,-0.05577820840998915,0.9753958076632228,-0.23818450688020054
2021-11-17 00:00:00+00:00,0.0,0.001860327069135533,60344.87,112.26119514446475,0.0,0.004761994356537125,0.980040636994705,-0.23455674580124153
2021-11-18 00:00:00+00:00,0.0,0.001860327069135533,56891.62,105.83702069297247,0.0,-0.05722524549311314,0.9239575709494561,-0.27835942393381286
2021-11-19 00:00:00+00:00,105.67831808044336,0.0,58052.24,105.67831808044336,0.0,-0.001499499999999987,0.9225720965718174,-0.279441523977624
2021-11-20 00:00:00+00:00,105.67831808044336,0.0,59707.51,105.67831808044336,0.0,0.0,0.9225720965718174,-0.279441523977624
2021-11-21 00:00:00+00:00,105.67831808044336,0.0,58622.02,105.67831808044336,0.0,0.0,0.9225720965718174,-0.279441523977624
2021-11-22 00:00:00+00:00,105.67831808044336,0.0,56247.18,105.67831808044336,0.0,0.0,0.9225720965718174,-0.279441523977624
2021-11-23 00:00:00+00:00,105.67831808044336,0.0,57541.27,105.67831808044336,0.0,0.0,0.9225720965718174,-0.279441523977624
2021-11-24 00:00:00+00:00,105.67831808044336,0.0,57138.29,105.67831808044336,0.0,0.0,0.9225720965718174,-0.279441523977624
2021-11-25 00:00:00+00:00,105.67831808044336,0.0,58960.36,105.67831808044336,0.0,0.0,0.9225720965718174,-0.279441523977624
2021-11-26 00:00:00+00:00,105.67831808044336,0.0,53726.53,105.67831808044336,0.0,0.0,0.9225720965718174,-0.279441523977624
2021-11-27 00:00:00+00:00,165.67831808044338,0.0,54721.03,165.67831808044338,60.0,2.220446049250313e-16,0.9225720965718176,-0.2794415239776239
2021-11-28 00:00:00+00:00,165.67831808044338,0.0,57274.88,165.67831808044338,0.0,0.0,0.9225720965718176,-0.2794415239776239
2021-11-29 00:00:00+00:00,165.67831808044338,0.0,57776.25,165.67831808044338,0.0,0.0,0.9225720965718176,-0.2794415239776239
2021-11-30 00:00:00+00:00,165.67831808044338,0.0,56950.56,165.67831808044338,0.0,0.0,0.9225720965718176,-0.2794415239776239
2021-12-01 00:00:00+00:00,165.67831808044338,0.0,57184.07,165.67831808044338,0.0,0.0,0.9225720965718176,-0.2794415239776239
2021-12-02 00:00:00+00:00,165.67831808044338,0.0,56480.34,165.67831808044338,0.0,0.0,0.9225720965718176,-0.2794415239776239
2021-12-03 00:00:00+00:00,165.67831808044338,0.0,53601.05,165.67831808044338,0.0,0.0,0.9225720965718176,-0.2794415239776239
2021-12-04 00:00:00+00:00,165.67831808044338,0.0,49152.47,165.67831808044338,0.0,0.0,0.9225720965718176,-0.2794415239776239
2021-12-05 00:00:00+00:00,165.67831808044338,0.0,49396.33,165.67831808044338,0.0,0.0,0.9225720965718176,-0.2794415239776239
2021-12-06 00:00:00+00:00,165.67831808044338,0.0,50441.92,165.67831808044338,0.0,0.0,0.9225720965718176,-0.2794415239776239
2021-12-07 00:00:00+00:00,165.67831808044338,0.0,50588.95,165.67831808044338,0.0,0.0,0.9225720965718176,-0.2794415239776239
2021-12-08 00:00:00+00:00,165.67831808044338,0.0,50471.19,165.67831808044338,0.0,0.0,0.9225720965718176,-0.2794415239776239
2021-12-09 00:00:00+00:00,165.67831808044338,0.0,47545.59,165.67831808044338,0.0,0.0,0.9225720965718176,-0.2794415239776239
2021-12-10 00:00:00+00:00,165.67831808044338,0.0,47140.54,165.67831808044338,0.0,0.0,0.9225720965718176,-0.2794415239776239
2021-12-11 00:00:00+00:00,165.67831808044338,0.0,49389.99,165.67831808044338,0.0,0.0,0.9225720965718176,-0.2794415239776239
2021-12-12 00:00:00+00:00,165.67831808044338,0.0,50053.9,165.67831808044338,0.0,0.0,0.9225720965718176,-0.2794415239776239
2021-12-13 00:00:00+00:00,165.67831808044338,0.0,46702.75,165.67831808044338,0.0,0.0,0.9225720965718176,-0.2794415239776239
2021-12-14 00:00:00+00:00,165.67831808044338,0.0,48343.28,165.67831808044338,0.0,0.0,0.9225720965718176,-0.2794415239776239
2021-12-15 00:00:00+00:00,165.67831808044338,0.0,48864.98,165.67831808044338,0.0,0.0,0.9225720965718176,-0.2794415239776239
2021-12-16 00:00:00+00:00,165.67831808044338,0.0,47632.38,165.67831808044338,0.0,0.0,0.9225720965718176,-0.2794415239776239
2021-12-17 00:00:00+00:00,165.67831808044338,0.0,46131.2,165.67831808044338,0.0,0.0,0.9225720965718176,-0.2794415239776239
2021-12-18 00:00:00+00:00,165.67831808044338,0.0,46834.48,165.67831808044338,0.0,0.0,0.9225720965718176,-0.2794415239776239
2021-12-19 00:00:00+00:00,165.67831808044338,0.0,46681.23,165.67831808044338,0.0,0.0,0.9225720965718176,-0.2794415239776239
2021-12-20 00:00:00+00:00,165.67831808044338,0.0,46914.16,165.67831808044338,0.0,0.0,0.9225720965718176,-0.2794415239776239
2021-12-21 00:00:00+00:00,165.67831808044338,0.0,48889.88,165.67831808044338,0.0,0.0,0.9225720965718176,-0.2794415239776239
2021-12-22 00:00:00+00:00,165.67831808044338,0.0,48588.16,165.67831808044338,0.0,0.0,0.9225720965718176,-0.2794415239776239
2021-12-23 00:00:00+00:00,165.67831808044338,0.0,50838.81,165.67831808044338,0.0,0.0,0.9225720965718176,-0.2794415239776239
2021-12-24 00:00:00+00:00,165.67831808044338,0.0,50820.0,165.67831808044338,0.0,0.0,0.9225720965718176,-0.2794415239776239
2021-12-25 00:00:00+00:00,165.67831808044338,0.0,50399.66,165.67831808044338,0.0,0.0,0.9225720965718176,-0.2794415239776239
2021-12-26 00:00:00+00:00,165.67831808044338,0.0,50775.49,165.67831808044338,0.0,0.0,0.9225720965718176,-0.2794415239776239
2021-12-27 00:00:00+00:00,225.67831808044338,0.0,50701.44,225.67831808044338,60.0,0.0,0.9225720965718176,-0.2794415239776239
2021-12-28 00:00:00+00:00,225.67831808044338,0.0,47543.74,225.67831808044338,0.0,0.0,0.9225720965718176,-0.2794415239776239
2021-12-29 00:00:00+00:00,225.67831808044338,0.0,46464.66,225.67831808044338,0.0,0.0,0.9225720965718176,-0.2794415239776239
2021-12-30 00:00:00+00:00,225.67831808044338,0.0,47120.87,225.67831808044338,0.0,0.0,0.9225720965718176,-0.2794415239776239
2021-12-31 00:00:00+00:00,225.67831808044338,0.0,46216.93,225.67831808044338,0.0,0.0,0.9225720965718176,-0.2794415239776239
2022-01-01 00:00:00+00:00,225.67831808044338,0.0,47722.65,225.67831808044338,0.0,0.0,0.9225720965718176,-0.2794415239776239
2022-01-02 00:00:00+00:00,225.67831808044338,0.0,47286.18,225.67831808044338,0.0,0.0,0.9225720965718176,-0.2794415239776239
2022-01-03 00:00:00+00:00,225.67831808044338,0.0,46446.1,225.67831808044338,0.0,0.0,0.9225720965718176,-0.2794415239776239
2022-01-04 00:00:00+00:00,225.67831808044338,0.0,45832.01,225.67831808044338,0.0,0.0,0.9225720965718176,-0.2794415239776239
2022-01-05 00:00:00+00:00,225.67831808044338,0.0,43451.13,225.67831808044338,0.0,0.0,0.9225720965718176,-0.2794415239776239
2022-01-06 00:00:00+00:00,225.67831808044338,0.0,43082.31,225.67831808044338,0.0,0.0,0.9225720965718176,-0.2794415239776239
2022-01-07 00:00:00+00:00,225.67831808044338,0.0,41566.48,225.67831808044338,0.0,0.0,0.9225720965718176,-0.2794415239776239
2022-01-08 00:00:00+00:00,225.67831808044338,0.0,41679.74,225.67831808044338,0.0,0.0,0.9225720965718176,-0.2794415239776239
2022-01-09 00:00:00+00:00,225.67831808044338,0.0,41864.62,225.67831808044338,0.0,0.0,0.9225720965718176,-0.2794415239776239
2022-01-10 00:00:00+00:00,225.67831808044338,0.0,41822.49,225.67831808044338,0.0,0.0,0.9225720965718176,-0.2794415239776239
2022-01-11 00:00:00+00:00,225.67831808044338,0.0,42729.29,225.67831808044338,0.0,0.0,0.9225720965718176,-0.2794415239776239
2022-01-12 00:00:00+00:00,225.67831808044338,0.0,43902.66,225.67831808044338,0.0,0.0,0.9225720965718176,-0.2794415239776239
2022-01-13 00:00:00+00:00,225.67831808044338,0.0,42560.11,225.67831808044338,0.0,0.0,0.9225720965718176,-0.2794415239776239
2022-01-14 00:00:00+00:00,225.67831808044338,0.0,43059.96,225.67831808044338,0.0,0.0,0.9225720965718176,-0.2794415239776239
2022-01-15 00:00:00+00:00,225.67831808044338,0.0,43084.29,225.67831808044338,0.0,0.0,0.9225720965718176,-0.2794415239776239
2022-01-16 00:00:00+00:00,225.67831808044338,0.0,43071.66,225.67831808044338,0.0,0.0,0.9225720965718176,-0.2794415239776239
2022-01-17 00:00:00+00:00,225.67831808044338,0.0,42201.62,225.67831808044338,0.0,0.0,0.9225720965718176,-0.2794415239776239
2022-01-18 00:00:00+00:00,225.67831808044338,0.0,42352.12,225.67831808044338,0.0,0.0,0.9225720965718176,-0.2794415239776239
2022-01-19 00:00:00+00:00,225.67831808044338,0.0,41660.01,225.67831808044338,0.0,0.0,0.9225720965718176,-0.2794415239776239
2022-01-20 00:00:00+00:00,225.67831808044338,0.0,40680.91,225.67831808044338,0.0,0.0,0.9225720965718176,-0.2794415239776239
2022-01-21 00:00:00+00:00,225.67831808044338,0.0,36445.31,225.67831808044338,0.0,0.0,0.9225720965718176,-0.2794415239776239
2022-01-22 00:00:00+00:00,225.67831808044338,0.0,35071.42,225.67831808044338,0.0,0.0,0.9225720965718176,-0.2794415239776239
2022-01-23 00:00:00+00:00,225.67831808044338,0.0,36244.55,225.67831808044338,0.0,0.0,0.9225720965718176,-0.2794415239776239
2022-01-24 00:00:00+00:00,225.67831808044338,0.0,36660.35,225.67831808044338,0.0,0.0,0.9225720965718176,-0.2794415239776239
2022-01-25 00:00:00+00:00,225.67831808044338,0.0,36958.32,225.67831808044338,0.0,0.0,0.9225720965718176,-0.2794415239776239
2022-01-26 00:00:00+00:00,225.67831808044338,0.0,36809.34,225.67831808044338,0.0,0.0,0.9225720965718176,-0.2794415239776239
2022-01-27 00:00:00+00:00,285.6783180804434,0.0,37160.1,285.6783180804434,60.0,0.0,0.9225720965718176,-0.2794415239776239
2022-01-28 00:00:00+00:00,285.6783180804434,0.0,37716.56,285.6783180804434,0.0,0.0,0.9225720965718176,-0.2794415239776239
2022-01-29 00:00:00+00:00,285.6783180804434,0.0,38166.84,285.6783180804434,0.0,0.0,0.9225720965718176,-0.2794415239776239
2022-01-30 00:00:00+00:00,285.6783180804434,0.0,37881.76,285.6783180804434,0.0,0.0,0.9225720965718176,-0.2794415239776239
2022-01-31 00:00:00+00:00,285.6783180804434,0.0,38466.9,285.6783180804434,0.0,0.0,0.9225720965718176,-0.2794415239776239
2022-02-01 00:00:00+00:00,285.6783180804434,0.0,38694.59,285.6783180804434,0.0,0.0,0.9225720965718176,-0.2794415239776239
2022-02-02 00:00:00+00:00,285.6783180804434,0.0,36896.36,285.6783180804434,0.0,0.0,0.9225720965718176,-0.2794415239776239
2022-02-03 00:00:00+00:00,285.6783180804434,0.0,37311.61,285.6783180804434,0.0,0.0,0.9225720965718176,-0.2794415239776239
2022-02-04 00:00:00+00:00,285.6783180804434,0.0,41574.25,285.6783180804434,0.0,0.0,0.9225720965718176,-0.2794415239776239
2022-02-05 00:00:00+00:00,285.6783180804434,0.0,41382.59,285.6783180804434,0.0,0.0,0.9225720965718176,-0.2794415239776239
2022-02-06 00:00:00+00:00,285.6783180804434,0.0,42380.87,285.6783180804434,0.0,0.0,0.9225720965718176,-0.2794415239776239
2022-02-07 00:00:00+00:00,285.6783180804434,0.0,43839.99,285.6783180804434,0.0,0.0,0.9225720965718176,-0.2794415239776239
2022-02-08 00:00:00+00:00,0.0,0.006506623290864928,44042.99,286.5711445333311,0.0,0.003125286017108042,0.9254553982450076,-0.2771895726480025
2022-02-09 00:00:00+00:00,0.0,0.006506623290864928,44372.72,288.716573431028,0.0,0.007486548937753801,0.9323838653736772,-0.271778217010913
2022-02-10 00:00:00+00:00,0.0,0.006506623290864928,43495.44,283.00844295041804,0.0,-0.019770705965286628,0.9139499781245969,-0.286175675759907
2022-02-11 00:00:00+00:00,0.0,0.006506623290864928,42373.73,275.70989853882196,0.0,-0.025789140194926174,0.8903799940075919,-0.3045845913322832
2022-02-12 00:00:00+00:00,0.0,0.006506623290864928,42217.87,274.6957762327077,0.0,-0.003678222332563208,0.8871049784291657,-0.30714248381885334
2022-02-13 00:00:00+00:00,0.0,0.006506623290864928,42053.66,273.62732362211483,0.0,-0.0038895851448685903,0.8836545080831286,-0.3098374121213021
2022-02-14 00:00:00+00:00,0.0,0.006506623290864928,42535.94,276.76533790283315,0.0,0.01146820514552127,0.8937884392595906,-0.30192248597974536
2022-02-15 00:00:00+00:00,0.0,0.006506623290864928,44544.86,289.8366235643175,0.0,0.04722876701443535,0.9360009652175776,-0.2689531457120665
2022-02-16 00:00:00+00:00,0.0,0.006506623290864928,43873.56,285.46872734915985,0.0,-0.015070201141052064,0.9218952424035298,-0.27997016884971915
2022-02-17 00:00:00+00:00,0.0,0.006506623290864928,40515.7,263.62039726569617,0.0,-0.07653493356818997,0.8513380512693453,-0.33507760414392096
2022-02-18 00:00:00+00:00,263.2251634486624,0.0,39974.44,263.2251634486624,0.0,-0.0014992535522030392,0.8500616796718541,-0.3360744914078475
2022-02-19 00:00:00+00:00,263.2251634486624,0.0,40079.17,263.2251634486624,0.0,0.0,0.8500616796718541,-0.3360744914078475
2022-02-20 00:00:00+00:00,263.2251634486624,0.0,38386.89,263.2251634486624,0.0,0.0,0.8500616796718541,-0.3360744914078475
2022-02-21 00:00:00+00:00,263.2251634486624,0.0,37008.16,263.2251634486624,0.0,0.0,0.8500616796718541,-0.3360744914078475
2022-02-22 00:00:00+00:00,263.2251634486624,0.0,38230.33,263.2251634486624,0.0,0.0,0.8500616796718541,-0.3360744914078475
2022-02-23 00:00:00+00:00,263.2251634486624,0.0,37250.01,263.2251634486624,0.0,0.0,0.8500616796718541,-0.3360744914078475
2022-02-24 00:00:00+00:00,263.2251634486624,0.0,38327.21,263.2251634486624,0.0,0.0,0.8500616796718541,-0.3360744914078475
2022-02-25 00:00:00+00:00,263.2251634486624,0.0,39219.17,263.2251634486624,0.0,0.0,0.8500616796718541,-0.3360744914078475
2022-02-26 00:00:00+00:00,263.2251634486624,0.0,39116.72,263.2251634486624,0.0,0.0,0.8500616796718541,-0.3360744914078475
2022-02-27 00:00:00+00:00,323.2251634486624,0.0,37699.07,323.2251634486624,60.0,0.0,0.8500616796718541,-0.3360744914078475
2022-02-28 00:00:00+00:00,323.2251634486624,0.0,43160.0,323.2251634486624,0.0,0.0,0.8500616796718541,-0.3360744914078475
2022-03-01 00:00:00+00:00,323.2251634486624,0.0,44421.2,323.2251634486624,0.0,0.0,0.8500616796718541,-0.3360744914078475
2022-03-02 00:00:00+00:00,323.2251634486624,0.0,43892.98,323.2251634486624,0.0,0.0,0.8500616796718541,-0.3360744914078475
2022-03-03 00:00:00+00:00,323.2251634486624,0.0,42454.0,323.2251634486624,0.0,0.0,0.8500616796718541,-0.3360744914078475
2022-03-04 00:00:00+00:00,323.2251634486624,0.0,39148.66,323.2251634486624,0.0,0.0,0.8500616796718541,-0.3360744914078475
2022-03-05 00:00:00+00:00,323.2251634486624,0.0,39397.96,323.2251634486624,0.0,0.0,0.8500616796718541,-0.3360744914078475
2022-03-06 00:00:00+00:00,323.2251634486624,0.0,38420.81,323.2251634486624,0.0,0.0,0.8500616796718541,-0.3360744914078475
2022-03-07 00:00:00+00:00,323.2251634486624,0.0,37988.0,323.2251634486624,0.0,0.0,0.8500616796718541,-0.3360744914078475
2022-03-08 00:00:00+00:00,323.2251634486624,0.0,38730.63,323.2251634486624,0.0,0.0,0.8500616796718541,-0.3360744914078475
2022-03-09 00:00:00+00:00,323.2251634486624,0.0,41941.71,323.2251634486624,0.0,0.0,0.8500616796718541,-0.3360744914078475
2022-03-10 00:00:00+00:00,323.2251634486624,0.0,39422.0,323.2251634486624,0.0,0.0,0.8500616796718541,-0.3360744914078475
2022-03-11 00:00:00+00:00,323.2251634486624,0.0,38729.57,323.2251634486624,0.0,0.0,0.8500616796718541,-0.3360744914078475
2022-03-12 00:00:00+00:00,323.2251634486624,0.0,38807.36,323.2251634486624,0.0,0.0,0.8500616796718541,-0.3360744914078475
2022-03-13 00:00:00+00:00,323.2251634486624,0.0,37777.34,323.2251634486624,0.0,0.0,0.8500616796718541,-0.3360744914078475
2022-03-14 00:00:00+00:00,323.2251634486624,0.0,39671.37,323.2251634486624,0.0,0.0,0.8500616796718541,-0.3360744914078475
2022-03-15 00:00:00+00:00,323.2251634486624,0.0,39280.33,323.2251634486624,0.0,0.0,0.8500616796718541,-0.3360744914078475
2022-03-16 00:00:00+00:00,323.2251634486624,0.0,41114.0,323.2251634486624,0.0,0.0,0.8500616796718541,-0.3360744914078475
2022-03-17 00:00:00+00:00,323.2251634486624,0.0,40917.9,323.2251634486624,0.0,0.0,0.8500616796718541,-0.3360744914078475
2022-03-18 00:00:00+00:00,323.2251634486624,0.0,41757.51,323.2251634486624,0.0,0.0,0.8500616796718541,-0.3360744914078475
2022-03-19 00:00:00+00:00,323.2251634486624,0.0,42201.13,323.2251634486624,0.0,0.0,0.8500616796718541,-0.3360744914078475
2022-03-20 00:00:00+00:00,323.2251634486624,0.0,41262.11,323.2251634486624,0.0,0.0,0.8500616796718541,-0.3360744914078475
2022-03-21 00:00:00+00:00,323.2251634486624,0.0,41002.25,323.2251634486624,0.0,0.0,0.8500616796718541,-0.3360744914078475
2022-03-22 00:00:00+00:00,323.2251634486624,0.0,42364.13,323.2251634486624,0.0,0.0,0.8500616796718541,-0.3360744914078475
2022-03-23 00:00:00+00:00,323.2251634486624,0.0,42882.76,323.2251634486624,0.0,0.0,0.8500616796718541,-0.3360744914078475
2022-03-24 00:00:00+00:00,323.2251634486624,0.0,43991.46,323.2251634486624,0.0,0.0,0.8500616796718541,-0.3360744914078475
2022-03-25 00:00:00+00:00,0.0,0.007336444181259361,44313.16,325.10102483521507,0.0,0.005803574717197391,0.854995076144056,-0.33222135011207965
2022-03-26 00:00:00+00:00,0.0,0.007336444181259361,44511.27,326.5544477919643,0.0,0.004470680944441696,0.8588174863385647,-0.32923592482692077
2022-03-27 00:00:00+00:00,0.0,0.0086823977990199,46827.76,406.57724035703217,60.0,0.061315326434701056,0.9114761608612432,-0.28810780659701307
2022-03-28 00:00:00+00:00,0.0,0.0086823977990199,47122.21,409.1337723889535,0.0,0.00628793689896745,0.9172074654456518,-0.28363147340602757
2022-03-29 00:00:00+00:00,0.0,0.0086823977990199,47434.8,411.8478031169492,0.0,0.006633602286480356,0.923291854985609,-0.2788793695100511
2022-03-30 00:00:00+00:00,0.0,0.0086823977990199,47067.99,408.66301278029067,0.0,-0.007732930253737891,0.9161521034671609,-0.28445574505016147
2022-03-31 00:00:00+00:00,0.0,0.0086823977990199,45510.34,395.1388758486473,0.0,-0.03309361627721952,0.8858333173034512,-0.3081356920528403
2022-04-01 00:00:00+00:00,0.0,0.0086823977990199,46283.49,401.85167170695956,0.0,0.016988447021050845,0.9008822496839426,-0.29638199191152403
2022-04-02 00:00:00+00:00,0.0,0.0086823977990199,45811.0,397.7493255709006,0.0,-0.010208607864273023,0.8916854960650351,-0.30356495224234015
2022-04-03 00:00:00+00:00,0.0,0.0086823977990199,46407.35,402.92707349834615,0.0,0.013017615856453668,0.903293115317581,-0.29449902832166
2022-04-04 00:00:00+00:00,0.0,0.0086823977990199,46580.51,404.4305175012245,0.0,0.003731305493634096,0.9066635778811274,-0.2918665886702724
2022-04-05 00:00:00+00:00,0.0,0.0086823977990199,45497.55,395.0278279807979,0.0,-0.023249208735584892,0.8855843671060168,-0.308330130162919
2022-04-06 00:00:00+00:00,0.0,0.0086823977990199,43170.47,374.82319371065466,0.0,-0.05114736947374088,0.8402890562814764,-0.34370722454933045
2022-04-07 00:00:00+00:00,374.26114633168555,0.0,43444.19,374.26114633168555,0.0,-0.001499499999999987,0.8390290428415824,-0.34469133556611875
2022-04-08 00:00:00+00:00,374.26114633168555,0.0,42252.01,374.26114633168555,0.0,0.0,0.8390290428415824,-0.34469133556611875
2022-04-09 00:00:00+00:00,374.26114633168555,0.0,42753.97,374.26114633168555,0.0,0.0,0.8390290428415824,-0.34469133556611875
2022-04-10 00:00:00+00:00,374.26114633168555,0.0,42158.85,374.26114633168555,0.0,0.0,0.8390290428415824,-0.34469133556611875
2022-04-11 00:00:00+00:00,374.26114633168555,0.0,39530.45,374.26114633168555,0.0,0.0,0.8390290428415824,-0.34469133556611875
2022-04-12 00:00:00+00:00,374.26114633168555,0.0,40074.94,374.26114633168555,0.0,0.0,0.8390290428415824,-0.34469133556611875
2022-04-13 00:00:00+00:00,374.26114633168555,0.0,41147.79,374.26114633168555,0.0,0.0,0.8390290428415824,-0.34469133556611875
2022-04-14 00:00:00+00:00,374.26114633168555,0.0,39942.38,374.26114633168555,0.0,0.0,0.8390290428415824,-0.34469133556611875
2022-04-15 00:00:00+00:00,374.26114633168555,0.0,40551.9,374.26114633168555,0.0,0.0,0.8390290428415824,-0.34469133556611875
2022-04-16 00:00:00+00:00,374.26114633168555,0.0,40378.71,374.26114633168555,0.0,0.0,0.8390290428415824,-0.34469133556611875
2022-04-17 00:00:00+00:00,374.26114633168555,0.0,39678.12,374.26114633168555,0.0,0.0,0.8390290428415824,-0.34469133556611875
2022-04-18 00:00:00+00:00,374.26114633168555,0.0,40801.13,374.26114633168555,0.0,0.0,0.8390290428415824,-0.34469133556611875
2022-04-19 00:00:00+00:00,374.26114633168555,0.0,41493.18,374.26114633168555,0.0,0.0,0.8390290428415824,-0.34469133556611875
2022-04-20 00:00:00+00:00,374.26114633168555,0.0,41358.19,374.26114633168555,0.0,0.0,0.8390290428415824,-0.34469133556611875
2022-04-21 00:00:00+00:00,374.26114633168555,0.0,40480.01,374.26114633168555,0.0,0.0,0.8390290428415824,-0.34469133556611875
2022-04-22 00:00:00+00:00,374.26114633168555,0.0,39709.18,374.26114633168555,0.0,0.0,0.8390290428415824,-0.34469133556611875
2022-04-23 00:00:00+00:00,374.26114633168555,0.0,39441.6,374.26114633168555,0.0,0.0,0.8390290428415824,-0.34469133556611875
2022-04-24 00:00:00+00:00,374.26114633168555,0.0,39450.13,374.26114633168555,0.0,0.0,0.8390290428415824,-0.34469133556611875
2022-04-25 00:00:00+00:00,374.26114633168555,0.0,40426.08,374.26114633168555,0.0,0.0,0.8390290428415824,-0.34469133556611875
2022-04-26 00:00:00+00:00,374.26114633168555,0.0,38112.65,374.26114633168555,0.0,0.0,0.8390290428415824,-0.34469133556611875
2022-04-27 00:00:00+00:00,434.26114633168555,0.0,39235.72,434.26114633168555,60.0,0.0,0.8390290428415824,-0.34469133556611875
2022-04-28 00:00:00+00:00,434.26114633168555,0.0,39742.07,434.26114633168555,0.0,0.0,0.8390290428415824,-0.34469133556611875
2022-04-29 00:00:00+00:00,434.26114633168555,0.0,38596.11,434.26114633168555,0.0,0.0,0.8390290428415824,-0.34469133556611875
2022-04-30 00:00:00+00:00,434.26114633168555,0.0,37630.8,434.26114633168555,0.0,0.0,0.8390290428415824,-0.34469133556611875
2022-05-01 00:00:00+00:00,434.26114633168555,0.0,38468.35,434.26114633168555,0.0,0.0,0.8390290428415824,-0.34469133556611875
2022-05-02 00:00:00+00:00,434.26114633168555,0.0,38525.16,434.26114633168555,0.0,0.0,0.8390290428415824,-0.34469133556611875
2022-05-03 00:00:00+00:00,434.26114633168555,0.0,37728.95,434.26114633168555,0.0,0.0,0.8390290428415824,-0.34469133556611875
2022-05-04 00:00:00+00:00,434.26114633168555,0.0,39690.0,434.26114633168555,0.0,0.0,0.8390290428415824,-0.34469133556611875
2022-05-05 00:00:00+00:00,434.26114633168555,0.0,36552.97,434.26114633168555,0.0,0.0,0.8390290428415824,-0.34469133556611875
2022-05-06 00:00:00+00:00,434.26114633168555,0.0,36013.77,434.26114633168555,0.0,0.0,0.8390290428415824,-0.34469133556611875
2022-05-07 00:00:00+00:00,434.26114633168555,0.0,35472.39,434.26114633168555,0.0,0.0,0.8390290428415824,-0.34469133556611875
2022-05-08 00:00:00+00:00,434.26114633168555,0.0,34038.4,434.26114633168555,0.0,0.0,0.8390290428415824,-0.34469133556611875
2022-05-09 00:00:00+00:00,434.26114633168555,0.0,30076.31,434.26114633168555,0.0,0.0,0.8390290428415824,-0.34469133556611875
2022-05-10 00:00:00+00:00,434.26114633168555,0.0,31017.1,434.26114633168555,0.0,0.0,0.8390290428415824,-0.34469133556611875
2022-05-11 00:00:00+00:00,434.26114633168555,0.0,29103.94,434.26114633168555,0.0,0.0,0.8390290428415824,-0.34469133556611875
2022-05-12 00:00:00+00:00,434.26114633168555,0.0,29029.75,434.26114633168555,0.0,0.0,0.8390290428415824,-0.34469133556611875
2022-05-13 00:00:00+00:00,434.26114633168555,0.0,29287.05,434.26114633168555,0.0,0.0,0.8390290428415824,-0.34469133556611875
2022-05-14 00:00:00+00:00,434.26114633168555,0.0,30086.74,434.26114633168555,0.0,0.0,0.8390290428415824,-0.34469133556611875
2022-05-15 00:00:00+00:00,434.26114633168555,0.0,31328.89,434.26114633168555,0.0,0.0,0.8390290428415824,-0.34469133556611875
2022-05-16 00:00:00+00:00,434.26114633168555,0.0,29874.01,434.26114633168555,0.0,0.0,0.8390290428415824,-0.34469133556611875
2022-05-17 00:00:00+00:00,434.26114633168555,0.0,30444.93,434.26114633168555,0.0,0.0,0.8390290428415824,-0.34469133556611875
2022-05-18 00:00:00+00:00,434.26114633168555,0.0,28715.32,434.26114633168555,0.0,0.0,0.8390290428415824,-0.34469133556611875
2022-05-19 00:00:00+00:00,434.26114633168555,0.0,30319.23,434.26114633168555,0.0,0.0,0.8390290428415824,-0.34469133556611875
2022-05-20 00:00:00+00:00,434.26114633168555,0.0,29201.01,434.26114633168555,0.0,0.0,0.8390290428415824,-0.34469133556611875
2022-05-21 00:00:00+00:00,434.26114633168555,0.0,29445.06,434.26114633168555,0.0,0.0,0.8390290428415824,-0.34469133556611875
2022-05-22 00:00:00+00:00,434.26114633168555,0.0,30293.94,434.26114633168555,0.0,0.0,0.8390290428415824,-0.34469133556611875
2022-05-23 00:00:00+00:00,434.26114633168555,0.0,29109.15,434.26114633168555,0.0,0.0,0.8390290428415824,-0.34469133556611875
2022-05-24 00:00:00+00:00,434.26114633168555,0.0,29654.58,434.26114633168555,0.0,0.0,0.8390290428415824,-0.34469133556611875
2022-05-25 00:00:00+00:00,434.26114633168555,0.0,29542.15,434.26114633168555,0.0,0.0,0.8390290428415824,-0.34469133556611875
2022-05-26 00:00:00+00:00,434.26114633168555,0.0,29201.35,434.26114633168555,0.0,0.0,0.8390290428415824,-0.34469133556611875
2022-05-27 00:00:00+00:00,494.26114633168555,0.0,28629.8,494.26114633168555,60.0,0.0,0.8390290428415824,-0.34469133556611875
2022-05-28 00:00:00+00:00,494.26114633168555,0.0,29031.33,494.26114633168555,0.0,0.0,0.8390290428415824,-0.34469133556611875
2022-05-29 00:00:00+00:00,494.26114633168555,0.0,29468.1,494.26114633168555,0.0,0.0,0.8390290428415824,-0.34469133556611875
2022-05-30 00:00:00+00:00,494.26114633168555,0.0,31734.22,494.26114633168555,0.0,0.0,0.8390290428415824,-0.34469133556611875
2022-05-31 00:00:00+00:00,494.26114633168555,0.0,31801.04,494.26114633168555,0.0,0.0,0.8390290428415824,-0.34469133556611875
2022-06-01 00:00:00+00:00,494.26114633168555,0.0,29805.83,494.26114633168555,0.0,0.0,0.8390290428415824,-0.34469133556611875
2022-06-02 00:00:00+00:00,494.26114633168555,0.0,30452.62,494.26114633168555,0.0,0.0,0.8390290428415824,-0.34469133556611875
2022-06-03 00:00:00+00:00,494.26114633168555,0.0,29700.21,494.26114633168555,0.0,0.0,0.8390290428415824,-0.34469133556611875
2022-06-04 00:00:00+00:00,494.26114633168555,0.0,29864.04,494.26114633168555,0.0,0.0,0.8390290428415824,-0.34469133556611875
2022-06-05 00:00:00+00:00,494.26114633168555,0.0,29919.21,494.26114633168555,0.0,0.0,0.8390290428415824,-0.34469133556611875
2022-06-06 00:00:00+00:00,494.26114633168555,0.0,31373.1,494.26114633168555,0.0,0.0,0.8390290428415824,-0.34469133556611875
2022-06-07 00:00:00+00:00,494.26114633168555,0.0,31125.33,494.26114633168555,0.0,0.0,0.8390290428415824,-0.34469133556611875
2022-06-08 00:00:00+00:00,494.26114633168555,0.0,30204.77,494.26114633168555,0.0,0.0,0.8390290428415824,-0.34469133556611875
2022-06-09 00:00:00+00:00,494.26114633168555,0.0,30109.93,494.26114633168555,0.0,0.0,0.8390290428415824,-0.34469133556611875
2022-06-10 00:00:00+00:00,494.26114633168555,0.0,29091.88,494.26114633168555,0.0,0.0,0.8390290428415824,-0.34469133556611875
2022-06-11 00:00:00+00:00,494.26114633168555,0.0,28424.7,494.26114633168555,0.0,0.0,0.8390290428415824,-0.34469133556611875
2022-06-12 00:00:00+00:00,494.26114633168555,0.0,26574.53,494.26114633168555,0.0,0.0,0.8390290428415824,-0.34469133556611875
2022-06-13 00:00:00+00:00,494.26114633168555,0.0,22487.41,494.26114633168555,0.0,0.0,0.8390290428415824,-0.34469133556611875
2022-06-14 00:00:00+00:00,494.26114633168555,0.0,22136.41,494.26114633168555,0.0,0.0,0.8390290428415824,-0.34469133556611875
2022-06-15 00:00:00+00:00,494.26114633168555,0.0,22583.72,494.26114633168555,0.0,0.0,0.8390290428415824,-0.34469133556611875
2022-06-16 00:00:00+00:00,494.26114633168555,0.0,20401.31,494.26114633168555,0.0,0.0,0.8390290428415824,-0.34469133556611875
2022-06-17 00:00:00+00:00,494.26114633168555,0.0,20468.81,494.26114633168555,0.0,0.0,0.8390290428415824,-0.34469133556611875
2022-06-18 00:00:00+00:00,494.26114633168555,0.0,18970.79,494.26114633168555,0.0,0.0,0.8390290428415824,-0.34469133556611875
2022-06-19 00:00:00+00:00,494.26114633168555,0.0,20574.0,494.26114633168555,0.0,0.0,0.8390290428415824,-0.34469133556611875
2022-06-20 00:00:00+00:00,494.26114633168555,0.0,20573.89,494.26114633168555,0.0,0.0,0.8390290428415824,-0.34469133556611875
2022-06-21 00:00:00+00:00,494.26114633168555,0.0,20723.52,494.26114633168555,0.0,0.0,0.8390290428415824,-0.34469133556611875
2022-06-22 00:00:00+00:00,494.26114633168555,0.0,19987.99,494.26114633168555,0.0,0.0,0.8390290428415824,-0.34469133556611875
2022-06-23 00:00:00+00:00,494.26114633168555,0.0,21110.13,494.26114633168555,0.0,0.0,0.8390290428415824,-0.34469133556611875
2022-06-24 00:00:00+00:00,494.26114633168555,0.0,21237.69,494.26114633168555,0.0,0.0,0.8390290428415824,-0.34469133556611875
2022-06-25 00:00:00+00:00,494.26114633168555,0.0,21491.19,494.26114633168555,0.0,0.0,0.8390290428415824,-0.34469133556611875
2022-06-26 00:00:00+00:00,494.26114633168555,0.0,21038.07,494.26114633168555,0.0,0.0,0.8390290428415824,-0.34469133556611875
2022-06-27 00:00:00+00:00,554.2611463316855,0.0,20742.56,554.2611463316855,60.0,-1.1102230246251565e-16,0.8390290428415823,-0.34469133556611875
2022-06-28 00:00:00+00:00,554.2611463316855,0.0,20281.29,554.2611463316855,0.0,0.0,0.8390290428415823,-0.34469133556611875
2022-06-29 00:00:00+00:00,554.2611463316855,0.0,20123.01,554.2611463316855,0.0,0.0,0.8390290428415823,-0.34469133556611875
2022-06-30 00:00:00+00:00,554.2611463316855,0.0,19942.21,554.2611463316855,0.0,0.0,0.8390290428415823,-0.34469133556611875
2022-07-01 00:00:00+00:00,554.2611463316855,0.0,19279.8,554.2611463316855,0.0,0.0,0.8390290428415823,-0.34469133556611875
2022-07-02 00:00:00+00:00,554.2611463316855,0.0,19252.81,554.2611463316855,0.0,0.0,0.8390290428415823,-0.34469133556611875
2022-07-03 00:00:00+00:00,554.2611463316855,0.0,19315.83,554.2611463316855,0.0,0.0,0.8390290428415823,-0.34469133556611875
2022-07-04 00:00:00+00:00,554.2611463316855,0.0,20236.71,554.2611463316855,0.0,0.0,0.8390290428415823,-0.34469133556611875
2022-07-05 00:00:00+00:00,554.2611463316855,0.0,20175.83,554.2611463316855,0.0,0.0,0.8390290428415823,-0.34469133556611875
2022-07-06 00:00:00+00:00,554.2611463316855,0.0,20564.51,554.2611463316855,0.0,0.0,0.8390290428415823,-0.34469133556611875
2022-07-07 00:00:00+00:00,554.2611463316855,0.0,21624.98,554.2611463316855,0.0,0.0,0.8390290428415823,-0.34469133556611875
2022-07-08 00:00:00+00:00,554.2611463316855,0.0,21594.75,554.2611463316855,0.0,0.0,0.8390290428415823,-0.34469133556611875
2022-07-09 00:00:00+00:00,554.2611463316855,0.0,21591.83,554.2611463316855,0.0,0.0,0.8390290428415823,-0.34469133556611875
2022-07-10 00:00:00+00:00,554.2611463316855,0.0,20862.47,554.2611463316855,0.0,0.0,0.8390290428415823,-0.34469133556611875
2022-07-11 00:00:00+00:00,554.2611463316855,0.0,19963.61,554.2611463316855,0.0,0.0,0.8390290428415823,-0.34469133556611875
2022-07-12 00:00:00+00:00,554.2611463316855,0.0,19328.75,554.2611463316855,0.0,0.0,0.8390290428415823,-0.34469133556611875
2022-07-13 00:00:00+00:00,554.2611463316855,0.0,20234.87,554.2611463316855,0.0,0.0,0.8390290428415823,-0.34469133556611875
2022-07-14 00:00:00+00:00,554.2611463316855,0.0,20588.84,554.2611463316855,0.0,0.0,0.8390290428415823,-0.34469133556611875
2022-07-15 00:00:00+00:00,554.2611463316855,0.0,20830.04,554.2611463316855,0.0,0.0,0.8390290428415823,-0.34469133556611875
2022-07-16 00:00:00+00:00,554.2611463316855,0.0,21195.6,554.2611463316855,0.0,0.0,0.8390290428415823,-0.34469133556611875
2022-07-17 00:00:00+00:00,554.2611463316855,0.0,20798.16,554.2611463316855,0.0,0.0,0.8390290428415823,-0.34469133556611875
2022-07-18 00:00:00+00:00,554.2611463316855,0.0,22432.58,554.2611463316855,0.0,0.0,0.8390290428415823,-0.34469133556611875
2022-07-19 00:00:00+00:00,554.2611463316855,0.0,23396.62,554.2611463316855,0.0,0.0,0.8390290428415823,-0.34469133556611875
2022-07-20 00:00:00+00:00,0.0,0.023652422017627954,23223.3,549.2872922419792,0.0,-0.008973845853394447,0.8314997255446008,-0.3505719745071423
2022-07-21 00:00:00+00:00,0.0,0.023652422017627954,23152.19,547.6053685123057,0.0,-0.003062010997575637,0.8289536642405021,-0.3525605302633352
2022-07-22 00:00:00+00:00,0.0,0.023652422017627954,22684.83,536.5511725581472,0.0,-0.020186427288304,0.8122200513719381,-0.36563002004275247
2022-07-23 00:00:00+00:00,0.0,0.023652422017627954,22451.07,531.0221823873064,0.0,-0.010304683790885893,0.8038503805739332,-0.37216700209264253
2022-07-24 00:00:00+00:00,0.0,0.023652422017627954,22579.68,534.0641203829936,0.0,0.00572845748554518,0.8084552033037903,-0.3685704874561079
2022-07-25 00:00:00+00:00,0.0,0.023652422017627954,21310.9,504.0544003754676,0.0,-0.056191230345159826,0.763027110751204,-0.40405128864219364
2022-07-26 00:00:00+00:00,0.0,0.023652422017627954,21254.67,502.7244246854163,0.0,-0.0026385558563929434,0.7610138210995449,-0.40562373260465656
2022-07-27 00:00:00+00:00,7.105427357601002e-15,0.02647110162486797,22952.45,607.5766364897008,60.0,0.08921828660374143,0.8289101702998124,-0.35259450042971685
2022-07-28 00:00:00+00:00,7.105427357601002e-15,0.02647110162486797,23842.93,631.1486230646133,0.0,0.038796729760875115,0.8610691741729752,-0.32747728421718414
2022-07-29 00:00:00+00:00,7.105427357601002e-15,0.02647110162486797,23773.75,629.3173522542049,0.0,-0.002901489036791993,0.8585707914041928,-0.32942860150402165
2022-07-30 00:00:00+00:00,7.105427357601002e-15,0.02647110162486797,23643.51,625.869755978582,0.0,-0.005478311162521843,0.853867273453828,-0.33310220028167004
2022-07-31 00:00:00+00:00,7.105427357601002e-15,0.02647110162486797,23293.32,616.5998409005696,0.0,-0.014811252643960104,0.8412204295422939,-0.3429797920809994
2022-08-01 00:00:00+00:00,7.105427357601002e-15,0.02647110162486797,23268.01,615.9298573184442,0.0,-0.0010865776110918768,0.8403063782575602,-0.3436936955289591
2022-08-02 00:00:00+00:00,7.105427357601002e-15,0.02647110162486797,22987.79,608.5121252211237,0.0,-0.012043144213879864,0.8301864473603613,-0.3515976870021824
2022-08-03 00:00:00+00:00,7.105427357601002e-15,0.02647110162486797,22818.37,604.0273911838385,0.0,-0.007369999464933441,0.8240679736875204,-0.35637641170203793
2022-08-04 00:00:00+00:00,7.105427357601002e-15,0.02647110162486797,22622.98,598.8552026373555,0.0,-0.008562837748708585,0.8170116133349271,-0.36188765605987494
2022-08-05 00:00:00+00:00,7.105427357601002e-15,0.02647110162486797,23312.42,617.1054389416046,0.0,0.030475207068211274,0.8419102114284424,-0.3424410502455181
2022-08-06 00:00:00+00:00,7.105427357601002e-15,0.02647110162486797,22954.21,607.6232256285606,0.0,-0.015365629136743442,0.8289737313531956,-0.3525448572029919
2022-08-07 00:00:00+00:00,7.105427357601002e-15,0.02647110162486797,23174.39,613.451632784324,0.0,0.009592140178207087,0.8369253635883869,-0.346334376714182
2022-08-08 00:00:00+00:00,7.105427357601002e-15,0.02647110162486797,23810.0,630.2769296881064,0.0,0.02742725914252775,0.8598799324184798,-0.32840612027175986
2022-08-09 00:00:00+00:00,7.105427357601002e-15,0.02647110162486797,23149.95,612.8046790606123,0.0,-0.027721545569088568,0.8360427316879961,-0.34702374061256724
2022-08-10 00:00:00+00:00,7.105427357601002e-15,0.02647110162486797,23954.05,634.0900918771686,0.0,0.034734416273037194,0.8650821879524941,-0.3243429914025935
2022-08-11 00:00:00+00:00,7.105427357601002e-15,0.02647110162486797,23934.39,633.5696700192237,0.0,-0.0008207380380351736,0.8643721820948148,-0.3248975288102145
2022-08-12 00:00:00+00:00,7.105427357601002e-15,0.02647110162486797,24403.68,645.992293300758,0.0,0.019607351597429323,0.881320231380185,-0.311660557293303
2022-08-13 00:00:00+00:00,7.105427357601002e-15,0.02647110162486797,24441.38,646.9902538320156,0.0,0.0015448489735976345,0.8826817380350435,-0.3105971768117508
2022-08-14 00:00:00+00:00,7.105427357601002e-15,0.02647110162486797,24305.24,643.386478056806,0.0,-0.005570061919580649,0.8777651460989052,-0.3144371932244431
2022-08-15 00:00:00+00:00,7.105427357601002e-15,0.02647110162486797,24094.82,637.8164288529013,0.0,-0.008657392397688812,0.8701659887961123,-0.32037237945596
2022-08-16 00:00:00+00:00,7.105427357601002e-15,0.02647110162486797,23854.74,631.461246774803,0.0,-0.009963967358959214,0.8614956832868713,-0.32714416688330794
2022-08-17 00:00:00+00:00,7.105427357601002e-15,0.02647110162486797,23342.66,617.9059250547406,0.0,-0.021466593222143837,0.8430023058911192,-0.34158808934997065
2022-08-18 00:00:00+00:00,7.105427357601002e-15,0.02647110162486797,23191.2,613.8966120026381,0.0,-0.006488549291297496,0.8375324438766673,-0.3458602274862007
2022-08-19 00:00:00+00:00,7.105427357601002e-15,0.02647110162486797,20834.39,551.509254982133,0.0,-0.10162518541515742,0.752418053976491,-0.41233730315534456
2022-08-20 00:00:00+00:00,550.6822668542873,0.0,21140.07,550.6822668542873,0.0,-0.001499500000000098,0.7512898031045532,-0.41321850336926313
2022-08-21 00:00:00+00:00,550.6822668542873,0.0,21515.61,550.6822668542873,0.0,0.0,0.7512898031045532,-0.41321850336926313
2022-08-22 00:00:00+00:00,550.6822668542873,0.0,21399.83,550.6822668542873,0.0,0.0,0.7512898031045532,-0.41321850336926313
2022-08-23 00:00:00+00:00,550.6822668542873,0.0,21529.12,550.6822668542873,0.0,0.0,0.7512898031045532,-0.41321850336926313
2022-08-24 00:00:00+00:00,550.6822668542873,0.0,21368.08,550.6822668542873,0.0,0.0,0.7512898031045532,-0.41321850336926313
2022-08-25 00:00:00+00:00,550.6822668542873,0.0,21559.04,550.6822668542873,0.0,0.0,0.7512898031045532,-0.41321850336926313
2022-08-26 00:00:00+00:00,550.6822668542873,0.0,20241.05,550.6822668542873,0.0,0.0,0.7512898031045532,-0.41321850336926313
2022-08-27 00:00:00+00:00,610.6822668542873,0.0,20037.6,610.6822668542873,60.0,0.0,0.7512898031045532,-0.41321850336926313
2022-08-28 00:00:00+00:00,610.6822668542873,0.0,19555.61,610.6822668542873,0.0,0.0,0.7512898031045532,-0.41321850336926313
2022-08-29 00:00:00+00:00,610.6822668542873,0.0,20285.73,610.6822668542873,0.0,0.0,0.7512898031045532,-0.41321850336926313
2022-08-30 00:00:00+00:00,610.6822668542873,0.0,19811.66,610.6822668542873,0.0,0.0,0.7512898031045532,-0.41321850336926313
2022-08-31 00:00:00+00:00,610.6822668542873,0.0,20050.02,610.6822668542873,0.0,0.0,0.7512898031045532,-0.41321850336926313
2022-09-01 00:00:00+00:00,610.6822668542873,0.0,20131.46,610.6822668542873,0.0,0.0,0.7512898031045532,-0.41321850336926313
2022-09-02 00:00:00+00:00,610.6822668542873,0.0,19951.86,610.6822668542873,0.0,0.0,0.7512898031045532,-0.41321850336926313
2022-09-03 00:00:00+00:00,610.6822668542873,0.0,19831.9,610.6822668542873,0.0,0.0,0.7512898031045532,-0.41321850336926313
2022-09-04 00:00:00+00:00,610.6822668542873,0.0,20000.3,610.6822668542873,0.0,0.0,0.7512898031045532,-0.41321850336926313
2022-09-05 00:00:00+00:00,610.6822668542873,0.0,19796.84,610.6822668542873,0.0,0.0,0.7512898031045532,-0.41321850336926313
2022-09-06 00:00:00+00:00,610.6822668542873,0.0,18790.61,610.6822668542873,0.0,0.0,0.7512898031045532,-0.41321850336926313
2022-09-07 00:00:00+00:00,610.6822668542873,0.0,19292.84,610.6822668542873,0.0,0.0,0.7512898031045532,-0.41321850336926313
2022-09-08 00:00:00+00:00,610.6822668542873,0.0,19319.77,610.6822668542873,0.0,0.0,0.7512898031045532,-0.41321850336926313
2022-09-09 00:00:00+00:00,610.6822668542873,0.0,21360.11,610.6822668542873,0.0,0.0,0.7512898031045532,-0.41321850336926313
2022-09-10 00:00:00+00:00,610.6822668542873,0.0,21648.34,610.6822668542873,0.0,0.0,0.7512898031045532,-0.41321850336926313
2022-09-11 00:00:00+00:00,610.6822668542873,0.0,21826.87,610.6822668542873,0.0,0.0,0.7512898031045532,-0.41321850336926313
2022-09-12 00:00:00+00:00,610.6822668542873,0.0,22395.74,610.6822668542873,0.0,0.0,0.7512898031045532,-0.41321850336926313
2022-09-13 00:00:00+00:00,0.0,0.02722729765542118,20173.57,549.2717951624751,0.0,-0.10056043056260078,0.6757397770270678,-0.4722255033166173
2022-09-14 00:00:00+00:00,0.0,0.02722729765542118,20226.71,550.7186537598841,0.0,0.0026341396193136912,0.677519769946081,-0.4708352716048402
2022-09-15 00:00:00+00:00,0.0,0.02722729765542118,19701.88,536.4289511313895,0.0,-0.02594737354715615,0.6599399113897068,-0.4845657064804888
2022-09-16 00:00:00+00:00,0.0,0.02722729765542118,19803.3,539.1903436596023,0.0,0.005147732094602064,0.6633371052520763,-0.4819123888250799
2022-09-17 00:00:00+00:00,0.0,0.02722729765542118,20113.62,547.6395186680326,0.0,0.015670115586796207,0.6737316743643872,-0.4737938960738818
2022-09-18 00:00:00+00:00,0.0,0.02722729765542118,19416.18,528.6501121912356,0.0,-0.03467501126102612,0.6503700209688921,-0.4920400986531407
2022-09-19 00:00:00+00:00,0.0,0.02722729765542118,19537.02,531.9402588399167,0.0,0.006223675305853105,0.6544177128080634,-0.48887872115876463
2022-09-20 00:00:00+00:00,0.0,0.02722729765542118,18875.0,513.9152432460747,0.0,-0.03388541343562135,0.6322424980499685,-0.5061982770080433
2022-09-21 00:00:00+00:00,0.0,0.02722729765542118,18461.36,502.65294384388636,0.0,-0.021914701986754936,0.618387092121842,-0.5170197946079581
2022-09-22 00:00:00+00:00,0.0,0.02722729765542118,19401.63,528.2539550103493,0.0,0.050931784007245406,0.6498826499306601,-0.49242075110715566
2022-09-23 00:00:00+00:00,0.0,0.02722729765542118,19289.91,525.2121213162856,0.0,-0.00575827907242854,0.64614044426803,-0.4953435340736544
2022-09-24 00:00:00+00:00,0.0,0.02722729765542118,18920.5,515.1540852893964,0.0,-0.019150426310957314,0.6337665793035459,-0.505007920536725
2022-09-25 00:00:00+00:00,0.0,0.02722729765542118,18807.38,512.0741333786152,0.0,-0.005978700351470634,0.6299774788331134,-0.5079673298561873
2022-09-26 00:00:00+00:00,0.0,0.02722729765542118,19227.82,523.5215784048605,0.0,0.022355054239346472,0.6440606595419944,-0.4969679128275918
2022-09-27 00:00:00+00:00,-7.105427357601002e-15,0.03034328569327359,19079.13,578.923492369107,60.0,-0.008782992383549293,0.6384038796746934,-0.501386039817908
2022-09-28 00:00:00+00:00,-7.105427357601002e-15,0.03034328569327359,19412.82,589.0487433720954,0.0,0.017489791201171112,0.6495694302322214,-0.49266538576433405
2022-09-29 00:00:00+00:00,-7.105427357601002e-15,0.03034328569327359,19591.51,594.4707850926264,0.0,0.009204742020994416,0.6555485492622333,-0.48799550152197413
2022-09-30 00:00:00+00:00,-7.105427357601002e-15,0.03034328569327359,19422.61,589.3458041390326,0.0,-0.008621081274490794,0.649897011939669,-0.4924095339162581
2022-10-01 00:00:00+00:00,-7.105427357601002e-15,0.03034328569327359,19310.95,585.9576728585216,0.0,-0.005748969886127608,0.6461607735889435,-0.495327656220259
2022-10-02 00:00:00+00:00,-7.105427357601002e-15,0.03034328569327359,19056.8,578.2459267995761,0.0,-0.01316092683166814,0.6376566989262453,-0.5019696120107107
2022-10-03 00:00:00+00:00,-7.105427357601002e-15,0.03034328569327359,19629.08,595.6107823361228,0.0,0.030030225431342483,0.6568056733428062,-0.4870136471877333
2022-10-04 00:00:00+00:00,-7.105427357601002e-15,0.03034328569327359,20337.82,617.1162826383735,0.0,0.03610663362725086,0.6805207151544946,-0.4684914368909612
2022-10-05 00:00:00+00:00,-7.105427357601002e-15,0.03034328569327359,20158.26,611.6678422592892,0.0,-0.008828871530970561,0.6745124851862314,-0.4731840577122616
2022-10-06 00:00:00+00:00,-7.105427357601002e-15,0.03034328569327359,19960.67,605.6723124391552,0.0,-0.00980193727037948,0.6679009561183482,-0.4783478745316019
2022-10-07 00:00:00+00:00,-7.105427357601002e-15,0.03034328569327359,19530.09,592.6071004853455,0.0,-0.02157142019781888,0.6534933839433943,-0.48960065172716605
2022-10-08 00:00:00+00:00,-7.105427357601002e-15,0.03034328569327359,19417.96,589.2047078605588,0.0,-0.005741396993050207,0.6497414189938435,-0.4925310570105945
2022-10-09 00:00:00+00:00,-7.105427357601002e-15,0.03034328569327359,19439.02,589.8437374572592,0.0,0.0010845629510001231,0.6504461044646145,-0.491980674996245
2022-10-10 00:00:00+00:00,-7.105427357601002e-15,0.03034328569327359,19131.87,580.5237972565701,0.0,-0.015800693656367604,0.6401686048279914,-0.5000077327221439
2022-10-11 00:00:00+00:00,-7.105427357601002e-15,0.03034328569327359,19060.0,578.3430253137946,0.0,-0.003756559081783406,0.6377637736416523,-0.5018859832146081
2022-10-12 00:00:00+00:00,-7.105427357601002e-15,0.03034328569327359,19155.53,581.241719396073,0.0,0.005012067156348499,0.6409602885050305,-0.4993894023109611
2022-10-13 00:00:00+00:00,-7.105427357601002e-15,0.03034328569327359,19375.13,587.9051049343159,0.0,0.011464052417239357,0.648308290849821,-0.49365037617842844
2022-10-14 00:00:00+00:00,-7.105427357601002e-15,0.03034328569327359,19176.93,581.8910657099091,0.0,-0.01022960878197976,0.6416763506643134,-0.49883013473702575
2022-10-15 00:00:00+00:00,-7.105427357601002e-15,0.03034328569327359,19069.39,578.6279487664544,0.0,-0.005607779764539966,0.6380779710096742,-0.5016405849660447
2022-10-16 00:00:00+00:00,-7.105427357601002e-15,0.03034328569327359,19262.98,584.5021054438153,0.0,0.010151871664484169,0.6445556566832988,-0.49658130414183266
2022-10-17 00:00:00+00:00,-7.105427357601002e-15,0.03034328569327359,19549.86,593.2069872435017,0.0,0.01489281513036933,0.654154904919517,-0.4890839825712453
2022-10-18 00:00:00+00:00,-7.105427357601002e-15,0.03034328569327359,19327.44,586.4580336396036,0.0,-0.011377063569764867,0.6467125429817742,-0.49489670658034335
2022-10-19 00:00:00+00:00,-7.105427357601002e-15,0.03034328569327359,19123.97,580.2840852995934,0.0,-0.01052751942316188,0.6399042641243311,-0.5002141913125218
2022-10-20 00:00:00+00:00,-7.105427357601002e-15,0.03034328569327359,19041.92,577.7944187084602,0.0,-0.004290427144573172,0.6371588014996039,-0.5023584859125871
2022-10-21 00:00:00+00:00,-7.105427357601002e-15,0.03034328569327359,19164.37,581.5099540416015,0.0,0.006430549020266962,0.6412560824063417,-0.4991583777617281
2022-10-22 00:00:00+00:00,-7.105427357601002e-15,0.03034328569327359,19204.35,582.7230786036187,0.0,0.002086163020229792,0.6425938471319552,-0.49811354049042267
2022-10-23 00:00:00+00:00,-7.105427357601002e-15,0.03034328569327359,19570.4,593.8302383316415,0.0,0.01906078570740477,0.6548421907490343,-0.4885471902362625
2022-10-24 00:00:00+00:00,-7.105427357601002e-15,0.03034328569327359,19329.72,586.5272163309844,0.0,-0.01229816457507249,0.6467888337165016,-0.49483712106312017
2022-10-25 00:00:00+00:00,-7.105427357601002e-15,0.03034328569327359,20080.07,609.2953007509321,0.0,0.03881846193323013,0.671896181436964,-0.475227475077028
2022-10-26 00:00:00+00:00,-7.105427357601002e-15,0.03034328569327359,20771.59,630.2782896735448,0.0,0.03443812695872084,0.6950350274363698,-0.4571552922392822
2022-10-27 00:00:00+00:00,7.105427357601002e-15,0.03322751589438059,20295.11,674.3560901032025,60.0,-0.025262173600473004,0.6774769319148627,-0.4708687294848315
2022-10-28 00:00:00+00:00,7.105427357601002e-15,0.03322751589438059,20591.84,684.215690894542,0.0,0.014620763326732344,0.6873821617957107,-0.4631324264098561
2022-10-29 00:00:00+00:00,7.105427357601002e-15,0.03322751589438059,20809.67,691.4536406818148,0.0,0.010578462148112866,0.6946536079755545,-0.4574531931040836
2022-10-30 00:00:00+00:00,7.105427357601002e-15,0.03322751589438059,20627.48,685.3999195610177,0.0,-0.008755064352293784,0.6885718709351755,-0.46220322531258884
2022-10-31 00:00:00+00:00,7.105427357601002e-15,0.03322751589438059,20490.74,680.8563890376201,0.0,-0.006629021092251608,0.6840073134792151,-0.4657682914753366
2022-11-01 00:00:00+00:00,7.105427357601002e-15,0.03322751589438059,20483.62,680.6198091244521,0.0,-0.000347474029732564,0.6837696387016339,-0.4659539231199086
2022-11-02 00:00:00+00:00,7.105427357601002e-15,0.03322751589438059,20151.84,669.5955839010145,0.0,-0.016197332307473,0.6726943946418228,-0.4746040448946377
2022-11-03 00:00:00+00:00,7.105427357601002e-15,0.03322751589438059,20207.82,671.455660240782,0.0,0.0027779101064717704,0.6745630791992652,-0.4731445421610512
2022-11-04 00:00:00+00:00,7.105427357601002e-15,0.03322751589438059,21148.52,702.7127844426258,0.0,0.04655128559141941,0.7059648577484975,-0.44861874327779216
2022-11-05 00:00:00+00:00,7.105427357601002e-15,0.03322751589438059,21299.37,707.7251552152931,0.0,0.007132886840308439,0.711000425192052,-0.44468580316772555
2022-11-06 00:00:00+00:00,7.105427357601002e-15,0.03322751589438059,20905.58,694.640491731245,0.0,-0.0184883402654632,0.6978552074022123,-0.45495264099300303
2022-11-07 00:00:00+00:00,7.105427357601002e-15,0.03322751589438059,20591.13,684.192099358257,0.0,-0.015041438697228182,0.6873584610805304,-0.463150937430593
2022-11-08 00:00:00+00:00,7.105427357601002e-15,0.03322751589438059,18547.23,616.2783796217325,0.0,-0.09926118673428808,0.6191304445218231,-0.5164392124784223
2022-11-09 00:00:00+00:00,615.2928914627063,0.0,15922.81,615.2928914627063,0.0,-0.0015990957846534481,0.6181403956378376,-0.5172124724953717
2022-11-10 00:00:00+00:00,615.2928914627063,0.0,17601.15,615.2928914627063,0.0,0.0,0.6181403956378376,-0.5172124724953717
2022-11-11 00:00:00+00:00,615.2928914627063,0.0,17070.31,615.2928914627063,0.0,0.0,0.6181403956378376,-0.5172124724953717
2022-11-12 00:00:00+00:00,615.2928914627063,0.0,16812.08,615.2928914627063,0.0,0.0,0.6181403956378376,-0.5172124724953717
2022-11-13 00:00:00+00:00,615.2928914627063,0.0,16329.85,615.2928914627063,0.0,0.0,0.6181403956378376,-0.5172124724953717
2022-11-14 00:00:00+00:00,615.2928914627063,0.0,16619.46,615.2928914627063,0.0,0.0,0.6181403956378376,-0.5172124724953717
2022-11-15 00:00:00+00:00,615.2928914627063,0.0,16900.57,615.2928914627063,0.0,0.0,0.6181403956378376,-0.5172124724953717
2022-11-16 00:00:00+00:00,615.2928914627063,0.0,16662.76,615.2928914627063,0.0,0.0,0.6181403956378376,-0.5172124724953717
2022-11-17 00:00:00+00:00,615.2928914627063,0.0,16692.56,615.2928914627063,0.0,0.0,0.6181403956378376,-0.5172124724953717
2022-11-18 00:00:00+00:00,615.2928914627063,0.0,16700.45,615.2928914627063,0.0,0.0,0.6181403956378376,-0.5172124724953717
2022-11-19 00:00:00+00:00,615.2928914627063,0.0,16700.68,615.2928914627063,0.0,0.0,0.6181403956378376,-0.5172124724953717
2022-11-20 00:00:00+00:00,615.2928914627063,0.0,16280.23,615.2928914627063,0.0,0.0,0.6181403956378376,-0.5172124724953717
2022-11-21 00:00:00+00:00,615.2928914627063,0.0,15781.29,615.2928914627063,0.0,0.0,0.6181403956378376,-0.5172124724953717
2022-11-22 00:00:00+00:00,615.2928914627063,0.0,16226.94,615.2928914627063,0.0,0.0,0.6181403956378376,-0.5172124724953717
2022-11-23 00:00:00+00:00,615.2928914627063,0.0,16603.11,615.2928914627063,0.0,0.0,0.6181403956378376,-0.5172124724953717
2022-11-24 00:00:00+00:00,615.2928914627063,0.0,16598.95,615.2928914627063,0.0,0.0,0.6181403956378376,-0.5172124724953717
2022-11-25 00:00:00+00:00,615.2928914627063,0.0,16522.14,615.2928914627063,0.0,0.0,0.6181403956378376,-0.5172124724953717
2022-11-26 00:00:00+00:00,615.2928914627063,0.0,16458.57,615.2928914627063,0.0,0.0,0.6181403956378376,-0.5172124724953717
2022-11-27 00:00:00+00:00,675.2928914627063,0.0,16428.78,675.2928914627063,60.0,0.0,0.6181403956378376,-0.5172124724953717
2022-11-28 00:00:00+00:00,675.2928914627063,0.0,16212.91,675.2928914627063,0.0,0.0,0.6181403956378376,-0.5172124724953717
2022-11-29 00:00:00+00:00,675.2928914627063,0.0,16442.53,675.2928914627063,0.0,0.0,0.6181403956378376,-0.5172124724953717
2022-11-30 00:00:00+00:00,675.2928914627063,0.0,17163.64,675.2928914627063,0.0,0.0,0.6181403956378376,-0.5172124724953717
2022-12-01 00:00:00+00:00,675.2928914627063,0.0,16977.37,675.2928914627063,0.0,0.0,0.6181403956378376,-0.5172124724953717
2022-12-02 00:00:00+00:00,675.2928914627063,0.0,17092.74,675.2928914627063,0.0,0.0,0.6181403956378376,-0.5172124724953717
2022-12-03 00:00:00+00:00,675.2928914627063,0.0,16885.2,675.2928914627063,0.0,0.0,0.6181403956378376,-0.5172124724953717
2022-12-04 00:00:00+00:00,675.2928914627063,0.0,17105.7,675.2928914627063,0.0,0.0,0.6181403956378376,-0.5172124724953717
2022-12-05 00:00:00+00:00,675.2928914627063,0.0,16966.35,675.2928914627063,0.0,0.0,0.6181403956378376,-0.5172124724953717
2022-12-06 00:00:00+00:00,675.2928914627063,0.0,17088.96,675.2928914627063,0.0,0.0,0.6181403956378376,-0.5172124724953717
2022-12-07 00:00:00+00:00,675.2928914627063,0.0,16836.64,675.2928914627063,0.0,0.0,0.6181403956378376,-0.5172124724953717
2022-12-08 00:00:00+00:00,675.2928914627063,0.0,17224.1,675.2928914627063,0.0,0.0,0.6181403956378376,-0.5172124724953717
2022-12-09 00:00:00+00:00,675.2928914627063,0.0,17128.56,675.2928914627063,0.0,0.0,0.6181403956378376,-0.5172124724953717
2022-12-10 00:00:00+00:00,675.2928914627063,0.0,17127.49,675.2928914627063,0.0,0.0,0.6181403956378376,-0.5172124724953717
2022-12-11 00:00:00+00:00,675.2928914627063,0.0,17085.05,675.2928914627063,0.0,0.0,0.6181403956378376,-0.5172124724953717
2022-12-12 00:00:00+00:00,675.2928914627063,0.0,17209.83,675.2928914627063,0.0,0.0,0.6181403956378376,-0.5172124724953717
2022-12-13 00:00:00+00:00,675.2928914627063,0.0,17774.7,675.2928914627063,0.0,0.0,0.6181403956378376,-0.5172124724953717
2022-12-14 00:00:00+00:00,0.0,0.0379324910256295,17803.15,675.3178276029358,0.0,3.6926407111392834e-05,0.618163221341739,-0.5171946448865828
2022-12-15 00:00:00+00:00,0.0,0.0379324910256295,17356.34,658.3692112877743,0.0,-0.025097244027040166,0.6026490281271841,-0.529311728701426
2022-12-16 00:00:00+00:00,0.0,0.0379324910256295,16632.12,630.8977426371929,0.0,-0.041726539120575,0.5775025698790587,-0.5489519212673617
2022-12-17 00:00:00+00:00,629.9282285931301,0.0,16776.52,629.9282285931301,0.0,-0.0015367213710578698,0.5766151093380847,-0.5496450564893248
2022-12-18 00:00:00+00:00,629.9282285931301,0.0,16738.21,629.9282285931301,0.0,0.0,0.5766151093380847,-0.5496450564893248
2022-12-19 00:00:00+00:00,629.9282285931301,0.0,16438.88,629.9282285931301,0.0,0.0,0.5766151093380847,-0.5496450564893248
2022-12-20 00:00:00+00:00,629.9282285931301,0.0,16895.56,629.9282285931301,0.0,0.0,0.5766151093380847,-0.5496450564893248
2022-12-21 00:00:00+00:00,629.9282285931301,0.0,16824.67,629.9282285931301,0.0,0.0,0.5766151093380847,-0.5496450564893248
2022-12-22 00:00:00+00:00,629.9282285931301,0.0,16821.43,629.9282285931301,0.0,0.0,0.5766151093380847,-0.5496450564893248
2022-12-23 00:00:00+00:00,629.9282285931301,0.0,16778.5,629.9282285931301,0.0,0.0,0.5766151093380847,-0.5496450564893248
2022-12-24 00:00:00+00:00,629.9282285931301,0.0,16836.12,629.9282285931301,0.0,0.0,0.5766151093380847,-0.5496450564893248
2022-12-25 00:00:00+00:00,629.9282285931301,0.0,16832.11,629.9282285931301,0.0,0.0,0.5766151093380847,-0.5496450564893248
2022-12-26 00:00:00+00:00,629.9282285931301,0.0,16919.39,629.9282285931301,0.0,0.0,0.5766151093380847,-0.5496450564893248
2022-12-27 00:00:00+00:00,689.9282285931301,0.0,16706.36,689.9282285931301,60.0,0.0,0.5766151093380847,-0.5496450564893248
2022-12-28 00:00:00+00:00,689.9282285931301,0.0,16547.31,689.9282285931301,0.0,0.0,0.5766151093380847,-0.5496450564893248
2022-12-29 00:00:00+00:00,689.9282285931301,0.0,16633.47,689.9282285931301,0.0,0.0,0.5766151093380847,-0.5496450564893248
2022-12-30 00:00:00+00:00,689.9282285931301,0.0,16607.48,689.9282285931301,0.0,0.0,0.5766151093380847,-0.5496450564893248
2022-12-31 00:00:00+00:00,689.9282285931301,0.0,16542.4,689.9282285931301,0.0,0.0,0.5766151093380847,-0.5496450564893248
2023-01-01 00:00:00+00:00,689.9282285931301,0.0,16616.75,689.9282285931301,0.0,0.0,0.5766151093380847,-0.5496450564893248
2023-01-02 00:00:00+00:00,689.9282285931301,0.0,16672.87,689.9282285931301,0.0,0.0,0.5766151093380847,-0.5496450564893248
2023-01-03 00:00:00+00:00,689.9282285931301,0.0,16675.18,689.9282285931301,0.0,0.0,0.5766151093380847,-0.5496450564893248
2023-01-04 00:00:00+00:00,689.9282285931301,0.0,16850.36,689.9282285931301,0.0,0.0,0.5766151093380847,-0.5496450564893248
2023-01-05 00:00:00+00:00,689.9282285931301,0.0,16831.85,689.9282285931301,0.0,0.0,0.5766151093380847,-0.5496450564893248
2023-01-06 00:00:00+00:00,689.9282285931301,0.0,16950.65,689.9282285931301,0.0,0.0,0.5766151093380847,-0.5496450564893248
2023-01-07 00:00:00+00:00,689.9282285931301,0.0,16943.57,689.9282285931301,0.0,0.0,0.5766151093380847,-0.5496450564893248
2023-01-08 00:00:00+00:00,689.9282285931301,0.0,17127.83,689.9282285931301,0.0,0.0,0.5766151093380847,-0.5496450564893248
2023-01-09 00:00:00+00:00,1.1368683772161603e-13,0.04022077182762559,17178.26,690.9228758556276,0.0,0.0014416677290125524,0.5774463967332785,-0.5489957943006643
2023-01-10 00:00:00+00:00,1.1368683772161603e-13,0.04022077182762559,17440.66,701.4768063831966,0.0,0.015275120995956737,0.5862669603120585,-0.5421066504889215
2023-01-11 00:00:00+00:00,1.1368683772161603e-13,0.04022077182762559,17943.26,721.6917663037611,0.0,0.02881771676071887,0.603161835520499,-0.5289112096360944
2023-01-12 00:00:00+00:00,1.1368683772161603e-13,0.04022077182762559,18846.62,758.025602741965,0.0,0.05034536644957499,0.6335282391581768,-0.5051940718549366
2023-01-13 00:00:00+00:00,1.1368683772161603e-13,0.04022077182762559,19930.01,801.6003847322963,0.0,0.05748457813655716,0.6699463427237805,-0.4767503618160499
2023-01-14 00:00:00+00:00,1.1368683772161603e-13,0.04022077182762559,20954.92,842.823055986148,0.0,0.0514254634092004,0.7043986438576499,-0.44984200669374386
2023-01-15 00:00:00+00:00,1.1368683772161603e-13,0.04022077182762559,20871.5,839.4678392002876,0.0,-0.003980926674976404,0.7015944845064999,-0.4520321453247482
2023-01-16 00:00:00+00:00,1.1368683772161603e-13,0.04022077182762559,21185.65,852.1031946699362,0.0,0.0150516254222266,0.7121546218855919,-0.4437843384327552
2023-01-17 00:00:00+00:00,1.1368683772161603e-13,0.04022077182762559,21134.81,850.0583706302198,0.0,-0.0023997375582056613,0.7104456376922033,-0.44511911004628035
2023-01-18 00:00:00+00:00,1.1368683772161603e-13,0.04022077182762559,20677.47,831.6638028425734,0.0,-0.02163918199406578,0.6950721752412915,-0.4571262786090181
2023-01-19 00:00:00+00:00,1.1368683772161603e-13,0.04022077182762559,21071.59,847.5156134352771,0.0,0.019060358931725974,0.7083205003848461,-0.4467789106247042
2023-01-20 00:00:00+00:00,1.1368683772161603e-13,0.04022077182762559,22667.21,911.6926813788731,0.0,0.07572375886205074,0.7619571911530353,-0.4048869302554482
2023-01-21 00:00:00+00:00,1.1368683772161603e-13,0.04022077182762559,22783.55,916.3719659732991,0.0,0.0051325240292035,0.7658679547458527,-0.4018324981248912
2023-01-22 00:00:00+00:00,1.1368683772161603e-13,0.04022077182762559,22707.88,913.3284601691028,0.0,-0.003321255906125198,0.763324311277841,-0.4038191654733462
2023-01-23 00:00:00+00:00,1.1368683772161603e-13,0.04022077182762559,22916.45,921.7173065491905,0.0,0.009184917306239049,0.7703353819547698,-0.3983432938086542
2023-01-24 00:00:00+00:00,1.1368683772161603e-13,0.04022077182762559,22632.89,910.312304489749,0.0,-0.0123736442599095,0.76080352597764,-0.4057879798576548
2023-01-25 00:00:00+00:00,1.1368683772161603e-13,0.04022077182762559,23060.94,927.5288058705642,0.0,0.018912741589783844,0.7751924064650515,-0.39454980147115915
2023-01-26 00:00:00+00:00,1.1368683772161603e-13,0.04022077182762559,23009.65,925.4658824835253,0.0,-0.002224107083232396,0.7734682955429646,-0.39589638754625167
2023-01-27 00:00:00+00:00,-7.105427357601002e-15,0.04282446657689888,23074.16,988.1385937100171,60.0,0.0028879630001263923,0.7757020433622634,-0.39415175866524255
2023-01-28 00:00:00+00:00,-7.105427357601002e-15,0.04282446657689888,23022.6,985.9305642133121,0.0,-0.0022345342148967218,0.7739687106058052,-0.3955055472895401
2023-01-29 00:00:00+00:00,-7.105427357601002e-15,0.04282446657689888,23742.3,1016.7513328087063,0.0,0.03126058742279336,0.7981634271462046,-0.37660869560399113
2023-01-30 00:00:00+00:00,-7.105427357601002e-15,0.04282446657689888,22826.15,977.5176977542804,0.0,-0.03858724723383988,0.767364497649905,-0.4006636499901459
2023-01-31 00:00:00+00:00,-7.105427357601002e-15,0.04282446657689888,23125.13,990.3213567714416,0.0,0.01309813525276926,0.7774155416282968,-0.39281346141581575
2023-02-01 00:00:00+00:00,-7.105427357601002e-15,0.04282446657689888,23732.66,1016.338504950905,0.0,0.026271419879585478,0.7978393517433292,-0.3768618089154385
2023-02-02 00:00:00+00:00,-7.105427357601002e-15,0.04282446657689888,23488.94,1005.9013259567831,0.0,-0.010269392474337113,0.7896460263088063,-0.3832610595654343
2023-02-03 00:00:00+00:00,-7.105427357601002e-15,0.04282446657689888,23431.9,1003.458618383237,0.0,-0.002428376929737852,0.7877284681158588,-0.38475873418005657
2023-02-04 00:00:00+00:00,-7.105427357601002e-15,0.04282446657689888,23326.84,998.9594799246679,0.0,-0.004483631288969336,0.7841965841090027,-0.38751724916975194
2023-02-05 00:00:00+00:00,-7.105427357601002e-15,0.04282446657689888,22932.91,982.0896378060302,0.0,-0.016887413811729313,0.7709535318834094,-0.3978604988355686
2023-02-06 00:00:00+00:00,-7.105427357601002e-15,0.04282446657689888,22762.52,974.7927769459924,0.0,-0.007429933663019583,0.7652253982842451,-0.402334355385104
2023-02-07 00:00:00+00:00,-7.105427357601002e-15,0.04282446657689888,23240.46,995.2603025017553,0.0,0.020996796488262026,0.7812926802396686,-0.38978529147709917
2023-02-08 00:00:00+00:00,-7.105427357601002e-15,0.04282446657689888,22963.0,983.378226005329,0.0,-0.011938662143520351,0.7719650908950817,-0.39707043871716086
2023-02-09 00:00:00+00:00,-7.105427357601002e-15,0.04282446657689888,21796.35,933.4170620733898,0.0,-0.05080564386186481,0.732744907413274,-0.4277026632814872
2023-02-10 00:00:00+00:00,932.0806883607191,0.0,21625.19,932.0806883607191,0.0,-0.0014317005409160144,0.731695836132977,-0.4285220216880319
2023-02-11 00:00:00+00:00,932.0806883607191,0.0,21862.55,932.0806883607191,0.0,0.0,0.731695836132977,-0.4285220216880319
2023-02-12 00:00:00+00:00,932.0806883607191,0.0,21783.54,932.0806883607191,0.0,0.0,0.731695836132977,-0.4285220216880319
2023-02-13 00:00:00+00:00,932.0806883607191,0.0,21773.97,932.0806883607191,0.0,0.0,0.731695836132977,-0.4285220216880319
2023-02-14 00:00:00+00:00,932.0806883607191,0.0,22199.84,932.0806883607191,0.0,0.0,0.731695836132977,-0.4285220216880319
2023-02-15 00:00:00+00:00,932.0806883607191,0.0,24324.05,932.0806883607191,0.0,0.0,0.731695836132977,-0.4285220216880319
2023-02-16 00:00:00+00:00,1.1368683772161603e-13,0.038263749167903933,23517.72,899.8761390809979,0.0,-0.03455124613337979,0.7064148332039774,-0.448267297976495
2023-02-17 00:00:00+00:00,1.1368683772161603e-13,0.038263749167903933,24569.97,940.1391691429247,0.0,0.04474285772600406,0.7380218515815617,-0.42358120018707357
2023-02-18 00:00:00+00:00,1.1368683772161603e-13,0.038263749167903933,24631.95,942.5107563163515,0.0,0.002522591602676094,0.7398835793069528,-0.4221271309630409
2023-02-19 00:00:00+00:00,1.1368683772161603e-13,0.038263749167903933,24271.76,928.728536503564,0.0,-0.014622878010064344,0.7290643519850974,-0.43057729543229417
2023-02-20 00:00:00+00:00,1.1368683772161603e-13,0.038263749167903933,24842.2,950.5557095789032,0.0,0.02350220997570851,0.746198975471255,-0.41719460346460824
2023-02-21 00:00:00+00:00,1.1368683772161603e-13,0.038263749167903933,24452.16,935.631316853454,0.0,-0.01570070283630276,0.7344831271006272,-0.42634505780700405
2023-02-22 00:00:00+00:00,1.1368683772161603e-13,0.038263749167903933,24182.21,925.3020177655783,0.0,-0.011039924489288477,0.7263744888387799,-0.43267816505172185
2023-02-23 00:00:00+00:00,1.1368683772161603e-13,0.038263749167903933,23940.2,916.0418078294539,0.0,-0.01000777017485166,0.719105099893606,-0.4383557915910593
2023-02-24 00:00:00+00:00,1.1368683772161603e-13,0.038263749167903933,23185.29,887.1561209451115,0.0,-0.031533153440656325,0.6964294484387025,-0.45606620459387437
2023-02-25 00:00:00+00:00,1.1368683772161603e-13,0.038263749167903933,23157.07,886.0763179435933,0.0,-0.0012171510470647684,0.6955817886063286,-0.45672825418248686
2023-02-26 00:00:00+00:00,1.1368683772161603e-13,0.038263749167903933,23554.85,901.2968720876021,0.0,0.017177475388725716,0.7075301276609596,-0.44739621713931643
2023-02-27 00:00:00+00:00,-7.105427357601002e-15,0.04080717886020154,23492.09,958.6459184299521,60.0,-0.0029412657912700757,0.7054490935001775,-0.449021571741971
2023-02-28 00:00:00+00:00,-7.105427357601002e-15,0.04080717886020154,23141.57,944.3421860958741,0.0,-0.014920766947513098,0.694923251982727,-0.45724259246311605
2023-03-01 00:00:00+00:00,-7.105427357601002e-15,0.04080717886020154,23628.97,964.2316050723365,0.0,0.021061665219775705,0.709559492869425,-0.44581121765002085
2023-03-02 00:00:00+00:00,-7.105427357601002e-15,0.04080717886020154,23465.32,957.5535102518644,0.0,-0.00692582029601807,0.7046452113324776,-0.449649429566646
2023-03-03 00:00:00+00:00,-7.105427357601002e-15,0.04080717886020154,22354.34,912.2175506817578,0.0,-0.04734561471993559,0.6712833506424826,-0.4757061156352803
2023-03-04 00:00:00+00:00,910.8496804645105,0.0,22346.57,910.8496804645105,0.0,-0.001499499999999987,0.6702767612581941,-0.47649229431488516
2023-03-05 00:00:00+00:00,910.8496804645105,0.0,22430.24,910.8496804645105,0.0,0.0,0.6702767612581941,-0.47649229431488516
2023-03-06 00:00:00+00:00,910.8496804645105,0.0,22410.0,910.8496804645105,0.0,0.0,0.6702767612581941,-0.47649229431488516
2023-03-07 00:00:00+00:00,910.8496804645105,0.0,22197.96,910.8496804645105,0.0,0.0,0.6702767612581941,-0.47649229431488516
2023-03-08 00:00:00+00:00,910.8496804645105,0.0,21705.44,910.8496804645105,0.0,0.0,0.6702767612581941,-0.47649229431488516
2023-03-09 00:00:00+00:00,910.8496804645105,0.0,20362.22,910.8496804645105,0.0,0.0,0.6702767612581941,-0.47649229431488516
2023-03-10 00:00:00+00:00,910.8496804645105,0.0,20150.69,910.8496804645105,0.0,0.0,0.6702767612581941,-0.47649229431488516
2023-03-11 00:00:00+00:00,910.8496804645105,0.0,20455.73,910.8496804645105,0.0,0.0,0.6702767612581941,-0.47649229431488516
2023-03-12 00:00:00+00:00,910.8496804645105,0.0,21997.11,910.8496804645105,0.0,0.0,0.6702767612581941,-0.47649229431488516
2023-03-13 00:00:00+00:00,910.8496804645105,0.0,24113.48,910.8496804645105,0.0,0.0,0.6702767612581941,-0.47649229431488516
2023-03-14 00:00:00+00:00,910.8496804645105,0.0,24670.41,910.8496804645105,0.0,0.0,0.6702767612581941,-0.47649229431488516
2023-03-15 00:00:00+00:00,1.1368683772161603e-13,0.0368654188651374,24285.66,895.3010283163129,0.0,-0.01707049196116328,0.6588348071933816,-0.4854288283963899
2023-03-16 00:00:00+00:00,1.1368683772161603e-13,0.0368654188651374,24998.78,921.5904958174197,0.0,0.02936383034267953,0.67818072069566,-0.47031904781418776
2023-03-17 00:00:00+00:00,1.1368683772161603e-13,0.0368654188651374,27395.13,1009.9329423148918,0.0,0.09585867790348179,0.7431902279611765,-0.4195445320269984
2023-03-18 00:00:00+00:00,1.1368683772161603e-13,0.0368654188651374,26907.49,991.9558894594962,0.0,-0.017800244057976644,0.7299612605219643,-0.4298767810217048
2023-03-19 00:00:00+00:00,1.1368683772161603e-13,0.0368654188651374,27972.87,1031.2315694100362,0.0,0.039594179910500626,0.7588634779987667,-0.4073032197183245
2023-03-20 00:00:00+00:00,1.1368683772161603e-13,0.0368654188651374,27717.01,1021.7991833392022,0.0,-0.009146719660871327,0.7519223665046382,-0.41272445101146205
2023-03-21 00:00:00+00:00,1.1368683772161603e-13,0.0368654188651374,28105.47,1036.1199239515536,0.0,0.014015220256441863,0.7624607240869457,-0.40449365484116484
2023-03-22 00:00:00+00:00,1.1368683772161603e-13,0.0368654188651374,27250.97,1004.6184235312936,0.0,-0.030403334297558482,0.7392793758037718,-0.4225990333293461
2023-03-23 00:00:00+00:00,1.1368683772161603e-13,0.0368654188651374,28295.41,1043.1221416107978,0.0,0.038326709104299805,0.7676135213870113,-0.4004691544432185
2023-03-24 00:00:00+00:00,1.1368683772161603e-13,0.0368654188651374,27454.47,1012.120536270349,0.0,-0.029720014659621596,0.7448000362784656,-0.4182872199620614
2023-03-25 00:00:00+00:00,1.1368683772161603e-13,0.0368654188651374,27462.95,1012.4331550223254,0.0,0.00030887502108045695,0.7450300864053718,-0.41810754341486434
2023-03-26 00:00:00+00:00,1.1368683772161603e-13,0.0368654188651374,27968.05,1031.053878091106,0.0,0.018392051837111234,0.7587327183747469,-0.40740534718972654
2023-03-27 00:00:00+00:00,-7.105427357601002e-15,0.03900750974696922,27124.91,1058.0751912106628,60.0,-0.0319854156811864,0.7344643369866141,-0.42635973349031153
2023-03-28 00:00:00+00:00,-7.105427357601002e-15,0.03900750974696922,27261.07,1063.3864537378101,0.0,0.005019740157663266,0.7381511571133573,-0.4234802084084601
2023-03-29 00:00:00+00:00,-7.105427357601002e-15,0.03900750974696922,28348.6,1105.8082908129315,0.0,0.03989315166279228,0.767598333174146,-0.40048101692589744
2023-03-30 00:00:00+00:00,-7.105427357601002e-15,0.03900750974696922,28028.53,1093.323157168219,0.0,-0.011290504645732113,0.7589317606273871,-0.4072498887895002
2023-03-31 00:00:00+00:00,-7.105427357601002e-15,0.03900750974696922,28465.36,1110.3628076509876,0.0,0.015585191231934026,0.7707598572487533,-0.3980117649535344
2023-04-01 00:00:00+00:00,-7.105427357601002e-15,0.03900750974696922,28452.73,1109.8701428028835,0.0,-0.00044369718141623604,0.7704178732725432,-0.39827886543667035
2023-04-02 00:00:00+00:00,-7.105427357601002e-15,0.03900750974696922,28171.87,1098.9144936153498,0.0,-0.00987110902890509,0.7628129944476527,-0.4042185203609414
2023-04-03 00:00:00+00:00,-7.105427357601002e-15,0.03900750974696922,27800.0,1084.4087709657442,0.0,-0.013200046713264135,0.7527438272874588,-0.4120828637230747
2023-04-04 00:00:00+00:00,-7.105427357601002e-15,0.03900750974696922,28165.47,1098.6648455529692,0.0,0.013146402877697971,0.76263970090468,-0.4043538681908757
2023-04-05 00:00:00+00:00,-7.105427357601002e-15,0.03900750974696922,28170.01,1098.8419396472202,0.0,0.00016119028015504355,0.7627626310117263,-0.4042578558240161
2023-04-06 00:00:00+00:00,-7.105427357601002e-15,0.03900750974696922,28033.82,1093.5295068947805,0.0,-0.004834574073633635,0.7590749985715004,-0.4071380153488202
2023-04-07 00:00:00+00:00,-7.105427357601002e-15,0.03900750974696922,27906.33,1088.5564394771395,0.0,-0.004547721288072681,0.755622937041253,-0.4098341864173074
2023-04-08 00:00:00+00:00,-7.105427357601002e-15,0.03900750974696922,27938.38,1089.80663016453,0.0,0.0011484849494720617,0.7564907586119208,-0.40915638986271474
2023-04-09 00:00:00+00:00,-7.105427357601002e-15,0.03900750974696922,28323.76,1104.8393442708168,0.0,0.013793927922807203,0.7669257376104834,-0.4010063356908298
2023-04-10 00:00:00+00:00,-7.105427357601002e-15,0.03900750974696922,29637.34,1156.0788289242407,0.0,0.046377317135860574,0.8024936957632987,-0.3732266165587922
2023-04-11 00:00:00+00:00,-7.105427357601002e-15,0.03900750974696922,30200.42,1178.043177512564,0.0,0.01899900598366777,0.8177402782909612,-0.36131854529638907
2023-04-12 00:00:00+00:00,-7.105427357601002e-15,0.03900750974696922,29888.07,1165.8591818430982,0.0,-0.010342571394702404,0.8092827410804131,-0.36792415384013355
2023-04-13 00:00:00+00:00,-7.105427357601002e-15,0.03900750974696922,30373.84,1184.8078598528834,0.0,0.01625297317625396,0.8224359917631984,-0.35765104206713916
2023-04-14 00:00:00+00:00,-7.105427357601002e-15,0.03900750974696922,30466.93,1188.439068935229,0.0,0.003064808400913499,0.8249566004999679,-0.35568236558454847
2023-04-15 00:00:00+00:00,-7.105427357601002e-15,0.03900750974696922,30295.09,1181.7360184603097,0.0,-0.005640213831849983,0.820303668871152,-0.35931645481828334
2023-04-16 00:00:00+00:00,-7.105427357601002e-15,0.03900750974696922,30304.65,1182.1089302534908,0.0,0.0003155626868909245,0.8205625261009675,-0.35911427899731907
2023-04-17 00:00:00+00:00,-7.105427357601002e-15,0.03900750974696922,29430.27,1148.0015438809357,0.0,-0.028852997807267355,0.7968868373346505,-0.37760575330011836
2023-04-18 00:00:00+00:00,-7.105427357601002e-15,0.03900750974696922,30380.01,1185.0485361880224,0.0,0.03227085582293343,0.8226030575694704,-0.3575205582998432
2023-04-19 00:00:00+00:00,-7.105427357601002e-15,0.03900750974696922,28797.1,1123.3031589344473,0.0,-0.05210366948529643,0.7797424197402765,-0.39099609478128594
2023-04-20 00:00:00+00:00,-7.105427357601002e-15,0.03900750974696922,28243.65,1101.7144526649872,0.0,-0.019218949130294316,0.7647565898405555,-0.40270050985583494
2023-04-21 00:00:00+00:00,-7.105427357601002e-15,0.03900750974696922,27262.84,1063.4554970300624,0.0,-0.03472674388756414,0.7381990836088356,-0.4234427762742441
2023-04-22 00:00:00+00:00,1061.8608455122658,0.0,27816.85,1061.8608455122658,0.0,-0.001499499999999987,0.7370921540829641,-0.42430732383122083
2023-04-23 00:00:00+00:00,1061.8608455122658,0.0,27590.6,1061.8608455122658,0.0,0.0,0.7370921540829641,-0.42430732383122083
2023-04-24 00:00:00+00:00,1061.8608455122658,0.0,27510.93,1061.8608455122658,0.0,0.0,0.7370921540829641,-0.42430732383122083
2023-04-25 00:00:00+00:00,1061.8608455122658,0.0,28300.79,1061.8608455122658,0.0,0.0,0.7370921540829641,-0.42430732383122083
2023-04-26 00:00:00+00:00,1061.8608455122658,0.0,28415.29,1061.8608455122658,0.0,0.0,0.7370921540829641,-0.42430732383122083
2023-04-27 00:00:00+00:00,1121.8608455122658,0.0,29472.77,1121.8608455122658,60.0,0.0,0.7370921540829641,-0.42430732383122083
2023-04-28 00:00:00+00:00,1121.8608455122658,0.0,29311.7,1121.8608455122658,0.0,0.0,0.7370921540829641,-0.42430732383122083
2023-04-29 00:00:00+00:00,1121.8608455122658,0.0,29230.45,1121.8608455122658,0.0,0.0,0.7370921540829641,-0.42430732383122083
2023-04-30 00:00:00+00:00,1121.8608455122658,0.0,29233.21,1121.8608455122658,0.0,0.0,0.7370921540829641,-0.42430732383122083
2023-05-01 00:00:00+00:00,1121.8608455122658,0.0,28068.26,1121.8608455122658,0.0,0.0,0.7370921540829641,-0.42430732383122083
2023-05-02 00:00:00+00:00,1121.8608455122658,0.0,28669.86,1121.8608455122658,0.0,0.0,0.7370921540829641,-0.42430732383122083
2023-05-03 00:00:00+00:00,1121.8608455122658,0.0,29026.16,1121.8608455122658,0.0,0.0,0.7370921540829641,-0.42430732383122083
2023-05-04 00:00:00+00:00,1121.8608455122658,0.0,28838.16,1121.8608455122658,0.0,0.0,0.7370921540829641,-0.42430732383122083
2023-05-05 00:00:00+00:00,1121.8608455122658,0.0,29505.61,1121.8608455122658,0.0,0.0,0.7370921540829641,-0.42430732383122083
2023-05-06 00:00:00+00:00,1121.8608455122658,0.0,28848.2,1121.8608455122658,0.0,0.0,0.7370921540829641,-0.42430732383122083
2023-05-07 00:00:00+00:00,1121.8608455122658,0.0,28430.1,1121.8608455122658,0.0,0.0,0.7370921540829641,-0.42430732383122083
2023-05-08 00:00:00+00:00,1121.8608455122658,0.0,27668.79,1121.8608455122658,0.0,0.0,0.7370921540829641,-0.42430732383122083
2023-05-09 00:00:00+00:00,1121.8608455122658,0.0,27628.27,1121.8608455122658,0.0,0.0,0.7370921540829641,-0.42430732383122083
2023-05-10 00:00:00+00:00,1121.8608455122658,0.0,27598.75,1121.8608455122658,0.0,0.0,0.7370921540829641,-0.42430732383122083
2023-05-11 00:00:00+00:00,1121.8608455122658,0.0,26968.62,1121.8608455122658,0.0,0.0,0.7370921540829641,-0.42430732383122083
2023-05-12 00:00:00+00:00,1121.8608455122658,0.0,26795.01,1121.8608455122658,0.0,0.0,0.7370921540829641,-0.42430732383122083
2023-05-13 00:00:00+00:00,1121.8608455122658,0.0,26775.28,1121.8608455122658,0.0,0.0,0.7370921540829641,-0.42430732383122083
2023-05-14 00:00:00+00:00,1121.8608455122658,0.0,26917.62,1121.8608455122658,0.0,0.0,0.7370921540829641,-0.42430732383122083
2023-05-15 00:00:00+00:00,1121.8608455122658,0.0,27162.14,1121.8608455122658,0.0,0.0,0.7370921540829641,-0.42430732383122083
2023-05-16 00:00:00+00:00,1121.8608455122658,0.0,27033.84,1121.8608455122658,0.0,0.0,0.7370921540829641,-0.42430732383122083
2023-05-17 00:00:00+00:00,1121.8608455122658,0.0,27405.61,1121.8608455122658,0.0,0.0,0.7370921540829641,-0.42430732383122083
2023-05-18 00:00:00+00:00,1121.8608455122658,0.0,26821.28,1121.8608455122658,0.0,0.0,0.7370921540829641,-0.42430732383122083
2023-05-19 00:00:00+00:00,1121.8608455122658,0.0,26880.26,1121.8608455122658,0.0,0.0,0.7370921540829641,-0.42430732383122083
2023-05-20 00:00:00+00:00,1121.8608455122658,0.0,27102.43,1121.8608455122658,0.0,0.0,0.7370921540829641,-0.42430732383122083
2023-05-21 00:00:00+00:00,1121.8608455122658,0.0,26747.78,1121.8608455122658,0.0,0.0,0.7370921540829641,-0.42430732383122083
2023-05-22 00:00:00+00:00,1121.8608455122658,0.0,26849.27,1121.8608455122658,0.0,0.0,0.7370921540829641,-0.42430732383122083
2023-05-23 00:00:00+00:00,1121.8608455122658,0.0,27219.61,1121.8608455122658,0.0,0.0,0.7370921540829641,-0.42430732383122083
2023-05-24 00:00:00+00:00,1121.8608455122658,0.0,26329.01,1121.8608455122658,0.0,0.0,0.7370921540829641,-0.42430732383122083
2023-05-25 00:00:00+00:00,1121.8608455122658,0.0,26473.79,1121.8608455122658,0.0,0.0,0.7370921540829641,-0.42430732383122083
2023-05-26 00:00:00+00:00,1121.8608455122658,0.0,26705.92,1121.8608455122658,0.0,0.0,0.7370921540829641,-0.42430732383122083
2023-05-27 00:00:00+00:00,1181.8608455122658,0.0,26854.27,1181.8608455122658,60.0,0.0,0.7370921540829641,-0.42430732383122083
2023-05-28 00:00:00+00:00,1181.8608455122658,0.0,28065.0,1181.8608455122658,0.0,0.0,0.7370921540829641,-0.42430732383122083
2023-05-29 00:00:00+00:00,1181.8608455122658,0.0,27736.4,1181.8608455122658,0.0,0.0,0.7370921540829641,-0.42430732383122083
2023-05-30 00:00:00+00:00,1181.8608455122658,0.0,27694.4,1181.8608455122658,0.0,0.0,0.7370921540829641,-0.42430732383122083
2023-05-31 00:00:00+00:00,1181.8608455122658,0.0,27210.35,1181.8608455122658,0.0,0.0,0.7370921540829641,-0.42430732383122083
2023-06-01 00:00:00+00:00,1181.8608455122658,0.0,26817.93,1181.8608455122658,0.0,0.0,0.7370921540829641,-0.42430732383122083
2023-06-02 00:00:00+00:00,1181.8608455122658,0.0,27242.59,1181.8608455122658,0.0,0.0,0.7370921540829641,-0.42430732383122083
2023-06-03 00:00:00+00:00,1181.8608455122658,0.0,27069.22,1181.8608455122658,0.0,0.0,0.7370921540829641,-0.42430732383122083
2023-06-04 00:00:00+00:00,1181.8608455122658,0.0,27115.21,1181.8608455122658,0.0,0.0,0.7370921540829641,-0.42430732383122083
2023-06-05 00:00:00+00:00,1181.8608455122658,0.0,25728.2,1181.8608455122658,0.0,0.0,0.7370921540829641,-0.42430732383122083
2023-06-06 00:00:00+00:00,1181.8608455122658,0.0,27230.08,1181.8608455122658,0.0,0.0,0.7370921540829641,-0.42430732383122083
2023-06-07 00:00:00+00:00,1181.8608455122658,0.0,26339.34,1181.8608455122658,0.0,0.0,0.7370921540829641,-0.42430732383122083
2023-06-08 00:00:00+00:00,1181.8608455122658,0.0,26498.61,1181.8608455122658,0.0,0.0,0.7370921540829641,-0.42430732383122083
2023-06-09 00:00:00+00:00,1181.8608455122658,0.0,26477.81,1181.8608455122658,0.0,0.0,0.7370921540829641,-0.42430732383122083
2023-06-10 00:00:00+00:00,1181.8608455122658,0.0,25841.21,1181.8608455122658,0.0,0.0,0.7370921540829641,-0.42430732383122083
2023-06-11 00:00:00+00:00,1181.8608455122658,0.0,25925.55,1181.8608455122658,0.0,0.0,0.7370921540829641,-0.42430732383122083
2023-06-12 00:00:00+00:00,1181.8608455122658,0.0,25905.19,1181.8608455122658,0.0,0.0,0.7370921540829641,-0.42430732383122083
2023-06-13 00:00:00+00:00,1181.8608455122658,0.0,25934.25,1181.8608455122658,0.0,0.0,0.7370921540829641,-0.42430732383122083
2023-06-14 00:00:00+00:00,1181.8608455122658,0.0,25128.6,1181.8608455122658,0.0,0.0,0.7370921540829641,-0.42430732383122083
2023-06-15 00:00:00+00:00,1181.8608455122658,0.0,25598.49,1181.8608455122658,0.0,0.0,0.7370921540829641,-0.42430732383122083
2023-06-16 00:00:00+00:00,1181.8608455122658,0.0,26345.0,1181.8608455122658,0.0,0.0,0.7370921540829641,-0.42430732383122083
2023-06-17 00:00:00+00:00,1181.8608455122658,0.0,26516.99,1181.8608455122658,0.0,0.0,0.7370921540829641,-0.42430732383122083
2023-06-18 00:00:00+00:00,1181.8608455122658,0.0,26339.97,1181.8608455122658,0.0,0.0,0.7370921540829641,-0.42430732383122083
2023-06-19 00:00:00+00:00,1181.8608455122658,0.0,26844.35,1181.8608455122658,0.0,0.0,0.7370921540829641,-0.42430732383122083
2023-06-20 00:00:00+00:00,1181.8608455122658,0.0,28307.99,1181.8608455122658,0.0,0.0,0.7370921540829641,-0.42430732383122083
2023-06-21 00:00:00+00:00,0.0,0.041687513080640656,29993.89,1250.370681714297,0.0,0.057967768762435146,0.7798197416274506,-0.39093570390084154
2023-06-22 00:00:00+00:00,0.0,0.041687513080640656,29884.92,1245.8279934138995,0.0,-0.003633073269255882,0.7769865993693059,-0.39314847911425754
2023-06-23 00:00:00+00:00,0.0,0.041687513080640656,30688.5,1279.3272451752407,0.0,0.02688914676699805,0.7978791060757379,-0.37683075950338485
2023-06-24 00:00:00+00:00,0.0,0.041687513080640656,30527.43,1272.612637443342,0.0,-0.005248545872232224,0.7936914009870037,-0.38010149184829545
2023-06-25 00:00:00+00:00,0.0,0.041687513080640656,30462.66,1269.9125372211088,0.0,-0.002121698420076701,0.7920074271955012,-0.3814167295336488
2023-06-26 00:00:00+00:00,0.0,0.041687513080640656,30267.99,1261.7972290497007,0.0,-0.006390446533559246,0.7869461460778265,-0.3853697528501182
2023-06-27 00:00:00+00:00,-7.105427357601002e-15,0.04366683529158417,30692.44,1340.2417221768294,60.0,0.014617636417714852,0.7984494387215141,-0.376385311365951
2023-06-28 00:00:00+00:00,-7.105427357601002e-15,0.04366683529158417,30077.41,1313.3853084674465,0.0,-0.020038485047132015,0.7824497215828021,-0.38888160497931623
2023-06-29 00:00:00+00:00,-7.105427357601002e-15,0.04366683529158417,30447.31,1329.5376708418037,0.0,0.012298266373334865,0.7920724966825692,-0.381365908171707
2023-06-30 00:00:00+00:00,-7.105427357601002e-15,0.04366683529158417,30472.0,1330.6158050051527,0.0,0.0008109090753827264,0.7927147954584901,-0.38086425217230224
2023-07-01 00:00:00+00:00,-7.105427357601002e-15,0.04366683529158417,30585.9,1335.5894575448642,0.0,0.003737857705434555,0.7956778505649066,-0.3785500108465746
2023-07-02 00:00:00+00:00,-7.105427357601002e-15,0.04366683529158417,30617.03,1336.9488061274913,0.0,0.00101778924275564,0.7964876829219105,-0.37791750573270355
2023-07-03 00:00:00+00:00,-7.105427357601002e-15,0.04366683529158417,31156.2,1360.4926537116546,0.0,0.017610133967925545,0.810513937721968,-0.3669625496695552
2023-07-04 00:00:00+00:00,-7.105427357601002e-15,0.04366683529158417,30766.51,1343.4761246668772,0.0,-0.012507622880839064,0.8003763350492777,-0.37488034336773624
2023-07-05 00:00:00+00:00,-7.105427357601002e-15,0.04366683529158417,30504.81,1332.0485138710696,0.0,-0.008506002143239488,0.7935683322279504,-0.3801976125068315
2023-07-06 00:00:00+00:00,-7.105427357601002e-15,0.04366683529158417,29895.43,1305.438817781084,0.0,-0.019976521735424746,0.777715597190654,-0.39257910837225685
2023-07-07 00:00:00+00:00,-7.105427357601002e-15,0.04366683529158417,30344.7,1325.0570168725342,0.0,0.015028049437656676,0.7894031456336718,-0.3834507571834097
2023-07-08 00:00:00+00:00,-7.105427357601002e-15,0.04366683529158417,30284.63,1322.4339500765686,0.0,-0.001979587868721766,0.7878404527430445,-0.3846712705849591
2023-07-09 00:00:00+00:00,-7.105427357601002e-15,0.04366683529158417,30160.71,1317.0227558472354,0.0,-0.004091844608965056,0.7846167320337633,-0.3871891001291573
2023-07-10 00:00:00+00:00,-7.105427357601002e-15,0.04366683529158417,30411.57,1327.9770181484823,0.0,0.008317443455409412,0.7911427373366222,-0.382092080120623
2023-07-11 00:00:00+00:00,-7.105427357601002e-15,0.04366683529158417,30622.1,1337.1701969824194,0.0,0.006922694224599235,0.7966195765952161,-0.3778144925323399
2023-07-12 00:00:00+00:00,-7.105427357601002e-15,0.04366683529158417,30380.0,1326.598456158327,0.0,-0.007906054777431892,0.7903214585858798,-0.3827335252361035
2023-07-13 00:00:00+00:00,-7.105427357601002e-15,0.04366683529158417,31454.23,1373.5066806336054,0.0,0.03535977616853181,0.8182670484626641,-0.3609071208521134
2023-07-14 00:00:00+00:00,-7.105427357601002e-15,0.04366683529158417,30312.01,1323.629548026852,0.0,-0.036313716787853334,0.7885527306079583,-0.3841149586666235
2023-07-15 00:00:00+00:00,-7.105427357601002e-15,0.04366683529158417,30289.52,1322.6474809011445,0.0,-0.0007419501379154481,0.7879676638007301,-0.3845719146579808
2023-07-16 00:00:00+00:00,-7.105427357601002e-15,0.04366683529158417,30231.99,1320.1353278668198,0.0,-0.0018993368003189515,0.786471047819412,-0.3857408198684208
2023-07-17 00:00:00+00:00,-7.105427357601002e-15,0.04366683529158417,30138.0,1316.0310820177635,0.0,-0.0031089584245035384,0.7840259420296657,-0.38765052612131956
2023-07-18 00:00:00+00:00,-7.105427357601002e-15,0.04366683529158417,29859.13,1303.8537116599996,0.0,-0.009253102395646584,0.7767712697072219,-0.3933166585050393
2023-07-19 00:00:00+00:00,-7.105427357601002e-15,0.04366683529158417,29909.21,1306.040546771402,0.0,0.0016772089474810237,0.778074077430921,-0.3922991237763962
2023-07-20 00:00:00+00:00,-7.105427357601002e-15,0.04366683529158417,29800.0,1301.2716916892082,0.0,-0.003651383637347738,0.7752330304759454,-0.39451807281224094
2023-07-21 00:00:00+00:00,-7.105427357601002e-15,0.04366683529158417,29901.72,1305.7134821750683,0.0,0.003413422818792089,0.7778792285920533,-0.39245130698561204
2023-07-22 00:00:00+00:00,-7.105427357601002e-15,0.04366683529158417,29794.0,1301.0096906774586,0.0,-0.0036024683529912727,0.7750769432886011,-0.39463998192509764
2023-07-23 00:00:00+00:00,-7.105427357601002e-15,0.04366683529158417,30083.75,1313.6621562031953,0.0,0.009725112438746297,0.7826146537107626,-0.3887527876833977
2023-07-24 00:00:00+00:00,-7.105427357601002e-15,0.04366683529158417,29176.5,1274.0454198849054,0.0,-0.030157477043254333,0.7590129702577658,-0.4071864614565889
2023-07-25 00:00:00+00:00,1272.134988777788,0.0,29228.91,1272.134988777788,0.0,-0.001499499999999987,0.7578748303088643,-0.40807538535763466
2023-07-26 00:00:00+00:00,1272.134988777788,0.0,29351.96,1272.134988777788,0.0,0.0,0.7578748303088643,-0.40807538535763466
2023-07-27 00:00:00+00:00,1332.134988777788,0.0,29222.78,1332.134988777788,60.0,0.0,0.7578748303088643,-0.40807538535763466
2023-07-28 00:00:00+00:00,1332.134988777788,0.0,29314.14,1332.134988777788,0.0,0.0,0.7578748303088643,-0.40807538535763466
2023-07-29 00:00:00+00:00,1332.134988777788,0.0,29352.9,1332.134988777788,0.0,0.0,0.7578748303088643,-0.40807538535763466
2023-07-30 00:00:00+00:00,1332.134988777788,0.0,29281.09,1332.134988777788,0.0,0.0,0.7578748303088643,-0.40807538535763466
2023-07-31 00:00:00+00:00,1332.134988777788,0.0,29232.25,1332.134988777788,0.0,0.0,0.7578748303088643,-0.40807538535763466
2023-08-01 00:00:00+00:00,1332.134988777788,0.0,29705.99,1332.134988777788,0.0,0.0,0.7578748303088643,-0.40807538535763466
2023-08-02 00:00:00+00:00,1332.134988777788,0.0,29186.01,1332.134988777788,0.0,0.0,0.7578748303088643,-0.40807538535763466
2023-08-03 00:00:00+00:00,1332.134988777788,0.0,29193.64,1332.134988777788,0.0,0.0,0.7578748303088643,-0.40807538535763466
2023-08-04 00:00:00+00:00,1332.134988777788,0.0,29113.99,1332.134988777788,0.0,0.0,0.7578748303088643,-0.40807538535763466
2023-08-05 00:00:00+00:00,1332.134988777788,0.0,29072.13,1332.134988777788,0.0,0.0,0.7578748303088643,-0.40807538535763466
2023-08-06 00:00:00+00:00,1332.134988777788,0.0,29088.42,1332.134988777788,0.0,0.0,0.7578748303088643,-0.40807538535763466
2023-08-07 00:00:00+00:00,1332.134988777788,0.0,29211.06,1332.134988777788,0.0,0.0,0.7578748303088643,-0.40807538535763466
2023-08-08 00:00:00+00:00,1332.134988777788,0.0,29770.42,1332.134988777788,0.0,0.0,0.7578748303088643,-0.40807538535763466
2023-08-09 00:00:00+00:00,1332.134988777788,0.0,29581.99,1332.134988777788,0.0,0.0,0.7578748303088643,-0.40807538535763466
2023-08-10 00:00:00+00:00,1332.134988777788,0.0,29455.75,1332.134988777788,0.0,0.0,0.7578748303088643,-0.40807538535763466
2023-08-11 00:00:00+00:00,1332.134988777788,0.0,29426.03,1332.134988777788,0.0,0.0,0.7578748303088643,-0.40807538535763466
2023-08-12 00:00:00+00:00,1332.134988777788,0.0,29430.17,1332.134988777788,0.0,0.0,0.7578748303088643,-0.40807538535763466
2023-08-13 00:00:00+00:00,1332.134988777788,0.0,29303.84,1332.134988777788,0.0,0.0,0.7578748303088643,-0.40807538535763466
2023-08-14 00:00:00+00:00,1332.134988777788,0.0,29430.93,1332.134988777788,0.0,0.0,0.7578748303088643,-0.40807538535763466
2023-08-15 00:00:00+00:00,1332.134988777788,0.0,29200.0,1332.134988777788,0.0,0.0,0.7578748303088643,-0.40807538535763466
2023-08-16 00:00:00+00:00,1332.134988777788,0.0,28730.51,1332.134988777788,0.0,0.0,0.7578748303088643,-0.40807538535763466
2023-08-17 00:00:00+00:00,1332.134988777788,0.0,26623.41,1332.134988777788,0.0,0.0,0.7578748303088643,-0.40807538535763466
2023-08-18 00:00:00+00:00,1332.134988777788,0.0,26054.0,1332.134988777788,0.0,0.0,0.7578748303088643,-0.40807538535763466
2023-08-19 00:00:00+00:00,1332.134988777788,0.0,26100.01,1332.134988777788,0.0,0.0,0.7578748303088643,-0.40807538535763466
2023-08-20 00:00:00+00:00,1332.134988777788,0.0,26189.99,1332.134988777788,0.0,0.0,0.7578748303088643,-0.40807538535763466
2023-08-21 00:00:00+00:00,1332.134988777788,0.0,26126.92,1332.134988777788,0.0,0.0,0.7578748303088643,-0.40807538535763466
2023-08-22 00:00:00+00:00,1332.134988777788,0.0,26056.0,1332.134988777788,0.0,0.0,0.7578748303088643,-0.40807538535763466
2023-08-23 00:00:00+00:00,1332.134988777788,0.0,26432.72,1332.134988777788,0.0,0.0,0.7578748303088643,-0.40807538535763466
2023-08-24 00:00:00+00:00,1332.134988777788,0.0,26180.05,1332.134988777788,0.0,0.0,0.7578748303088643,-0.40807538535763466
2023-08-25 00:00:00+00:00,1332.134988777788,0.0,26060.01,1332.134988777788,0.0,0.0,0.7578748303088643,-0.40807538535763466
2023-08-26 00:00:00+00:00,1332.134988777788,0.0,26017.37,1332.134988777788,0.0,0.0,0.7578748303088643,-0.40807538535763466
2023-08-27 00:00:00+00:00,1392.134988777788,0.0,26101.77,1392.134988777788,60.0,0.0,0.7578748303088643,-0.40807538535763466
2023-08-28 00:00:00+00:00,1392.134988777788,0.0,26120.0,1392.134988777788,0.0,0.0,0.7578748303088643,-0.40807538535763466
2023-08-29 00:00:00+00:00,1392.134988777788,0.0,27716.34,1392.134988777788,0.0,0.0,0.7578748303088643,-0.40807538535763466
2023-08-30 00:00:00+00:00,1392.134988777788,0.0,27299.99,1392.134988777788,0.0,0.0,0.7578748303088643,-0.40807538535763466
2023-08-31 00:00:00+00:00,1392.134988777788,0.0,25940.78,1392.134988777788,0.0,0.0,0.7578748303088643,-0.40807538535763466
2023-09-01 00:00:00+00:00,1392.134988777788,0.0,25805.05,1392.134988777788,0.0,0.0,0.7578748303088643,-0.40807538535763466
2023-09-02 00:00:00+00:00,1392.134988777788,0.0,25869.51,1392.134988777788,0.0,0.0,0.7578748303088643,-0.40807538535763466
2023-09-03 00:00:00+00:00,1392.134988777788,0.0,25971.21,1392.134988777788,0.0,0.0,0.7578748303088643,-0.40807538535763466
2023-09-04 00:00:00+00:00,1392.134988777788,0.0,25826.02,1392.134988777788,0.0,0.0,0.7578748303088643,-0.40807538535763466
2023-09-05 00:00:00+00:00,1392.134988777788,0.0,25792.1,1392.134988777788,0.0,0.0,0.7578748303088643,-0.40807538535763466
2023-09-06 00:00:00+00:00,1392.134988777788,0.0,25759.95,1392.134988777788,0.0,0.0,0.7578748303088643,-0.40807538535763466
2023-09-07 00:00:00+00:00,1392.134988777788,0.0,26255.0,1392.134988777788,0.0,0.0,0.7578748303088643,-0.40807538535763466
2023-09-08 00:00:00+00:00,1392.134988777788,0.0,25910.5,1392.134988777788,0.0,0.0,0.7578748303088643,-0.40807538535763466
2023-09-09 00:00:00+00:00,1392.134988777788,0.0,25901.61,1392.134988777788,0.0,0.0,0.7578748303088643,-0.40807538535763466
2023-09-10 00:00:00+00:00,1392.134988777788,0.0,25841.61,1392.134988777788,0.0,0.0,0.7578748303088643,-0.40807538535763466
2023-09-11 00:00:00+00:00,1392.134988777788,0.0,25162.52,1392.134988777788,0.0,0.0,0.7578748303088643,-0.40807538535763466
2023-09-12 00:00:00+00:00,1392.134988777788,0.0,25840.1,1392.134988777788,0.0,0.0,0.7578748303088643,-0.40807538535763466
2023-09-13 00:00:00+00:00,1392.134988777788,0.0,26222.0,1392.134988777788,0.0,0.0,0.7578748303088643,-0.40807538535763466
2023-09-14 00:00:00+00:00,1392.134988777788,0.0,26522.73,1392.134988777788,0.0,0.0,0.7578748303088643,-0.40807538535763466
2023-09-15 00:00:00+00:00,1392.134988777788,0.0,26600.0,1392.134988777788,0.0,0.0,0.7578748303088643,-0.40807538535763466
2023-09-16 00:00:00+00:00,1392.134988777788,0.0,26559.67,1392.134988777788,0.0,0.0,0.7578748303088643,-0.40807538535763466
2023-09-17 00:00:00+00:00,1392.134988777788,0.0,26527.51,1392.134988777788,0.0,0.0,0.7578748303088643,-0.40807538535763466
2023-09-18 00:00:00+00:00,1392.134988777788,0.0,26762.51,1392.134988777788,0.0,0.0,0.7578748303088643,-0.40807538535763466
2023-09-19 00:00:00+00:00,1392.134988777788,0.0,27210.26,1392.134988777788,0.0,0.0,0.7578748303088643,-0.40807538535763466
2023-09-20 00:00:00+00:00,1392.134988777788,0.0,27125.0,1392.134988777788,0.0,0.0,0.7578748303088643,-0.40807538535763466
2023-09-21 00:00:00+00:00,1392.134988777788,0.0,26568.08,1392.134988777788,0.0,0.0,0.7578748303088643,-0.40807538535763466
2023-09-22 00:00:00+00:00,1392.134988777788,0.0,26580.14,1392.134988777788,0.0,0.0,0.7578748303088643,-0.40807538535763466
2023-09-23 00:00:00+00:00,1392.134988777788,0.0,26575.96,1392.134988777788,0.0,0.0,0.7578748303088643,-0.40807538535763466
2023-09-24 00:00:00+00:00,1392.134988777788,0.0,26248.38,1392.134988777788,0.0,0.0,0.7578748303088643,-0.40807538535763466
2023-09-25 00:00:00+00:00,1392.134988777788,0.0,26304.81,1392.134988777788,0.0,0.0,0.7578748303088643,-0.40807538535763466
2023-09-26 00:00:00+00:00,1392.134988777788,0.0,26221.67,1392.134988777788,0.0,0.0,0.7578748303088643,-0.40807538535763466
2023-09-27 00:00:00+00:00,1452.134988777788,0.0,26372.99,1452.134988777788,60.0,0.0,0.7578748303088643,-0.40807538535763466
2023-09-28 00:00:00+00:00,1452.134988777788,0.0,27021.39,1452.134988777788,0.0,0.0,0.7578748303088643,-0.40807538535763466
2023-09-29 00:00:00+00:00,1452.134988777788,0.0,26906.96,1452.134988777788,0.0,0.0,0.7578748303088643,-0.40807538535763466
2023-09-30 00:00:00+00:00,1452.134988777788,0.0,26962.56,1452.134988777788,0.0,0.0,0.7578748303088643,-0.40807538535763466
2023-10-01 00:00:00+00:00,1452.134988777788,0.0,27992.57,1452.134988777788,0.0,0.0,0.7578748303088643,-0.40807538535763466
2023-10-02 00:00:00+00:00,2.2737367544323206e-13,0.051797988067227435,27494.51,1424.1603008942654,0.0,-0.019264522995254052,0.7432747332128549,-0.41947853070786945
2023-10-03 00:00:00+00:00,2.2737367544323206e-13,0.051797988067227435,27426.46,1420.6354478062908,0.0,-0.0024750395624434374,0.7414350988423885,-0.42091534431121524
2023-10-04 00:00:00+00:00,2.2737367544323206e-13,0.051797988067227435,27778.57,1438.8740373846422,0.0,0.01283833203410123,0.7509538888230637,-0.4134808632256295
2023-10-05 00:00:00+00:00,2.2737367544323206e-13,0.051797988067227435,27410.39,1419.8030541380504,0.0,-0.013254101993011136,0.7410006693885545,-0.42125464768528986
2023-10-06 00:00:00+00:00,2.2737367544323206e-13,0.051797988067227435,27931.09,1446.7742665246558,0.0,0.01899644623808716,0.7550770487669808,-0.41026054271450063
2023-10-07 00:00:00+00:00,2.2737367544323206e-13,0.051797988067227435,27956.67,1448.0992590594153,0.0,0.0009158253401495564,0.7557685674620069,-0.40972044437543254
2023-10-08 00:00:00+00:00,2.2737367544323206e-13,0.051797988067227435,27917.05,1446.047022772192,0.0,-0.0014171931063319265,0.7546974974582175,-0.41055698449247224
2023-10-09 00:00:00+00:00,2.2737367544323206e-13,0.051797988067227435,27590.12,1429.1127065333733,0.0,-0.01171076456860587,0.7458594127449683,-0.41745981287369005
2023-10-10 00:00:00+00:00,2.2737367544323206e-13,0.051797988067227435,27390.12,1418.7531089199276,0.0,-0.007248971733359699,0.7404526989449197,-0.42168263022371466
2023-10-11 00:00:00+00:00,2.2737367544323206e-13,0.051797988067227435,26875.52,1392.0978642605326,0.0,-0.018787796475517315,0.7265412243373951,-0.432547939265328
2023-10-12 00:00:00+00:00,1390.010413513074,0.0,26759.63,1390.010413513074,0.0,-0.001499499999999987,0.7254517757715012,-0.43339883363039966
2023-10-13 00:00:00+00:00,1390.010413513074,0.0,26862.0,1390.010413513074,0.0,0.0,0.7254517757715012,-0.43339883363039966
2023-10-14 00:00:00+00:00,1390.010413513074,0.0,26852.48,1390.010413513074,0.0,0.0,0.7254517757715012,-0.43339883363039966
2023-10-15 00:00:00+00:00,1390.010413513074,0.0,27154.15,1390.010413513074,0.0,0.0,0.7254517757715012,-0.43339883363039966
2023-10-16 00:00:00+00:00,1390.010413513074,0.0,28500.78,1390.010413513074,0.0,0.0,0.7254517757715012,-0.43339883363039966
2023-10-17 00:00:00+00:00,1390.010413513074,0.0,28395.91,1390.010413513074,0.0,0.0,0.7254517757715012,-0.43339883363039966
2023-10-18 00:00:00+00:00,1390.010413513074,0.0,28320.0,1390.010413513074,0.0,0.0,0.7254517757715012,-0.43339883363039966
2023-10-19 00:00:00+00:00,1390.010413513074,0.0,28713.71,1390.010413513074,0.0,0.0,0.7254517757715012,-0.43339883363039966
2023-10-20 00:00:00+00:00,1390.010413513074,0.0,29669.04,1390.010413513074,0.0,0.0,0.7254517757715012,-0.43339883363039966
2023-10-21 00:00:00+00:00,1390.010413513074,0.0,29909.8,1390.010413513074,0.0,0.0,0.7254517757715012,-0.43339883363039966
2023-10-22 00:00:00+00:00,1390.010413513074,0.0,29992.46,1390.010413513074,0.0,0.0,0.7254517757715012,-0.43339883363039966
2023-10-23 00:00:00+00:00,1390.010413513074,0.0,33069.99,1390.010413513074,0.0,0.0,0.7254517757715012,-0.43339883363039966
2023-10-24 00:00:00+00:00,0.0,0.04196940573031468,33922.73,1423.7168188499177,0.0,0.024249030805211902,0.74304327822988,-0.4196593044928342
2023-10-25 00:00:00+00:00,0.0,0.04196940573031468,34496.05,1447.7787185432219,0.0,0.01690076240915772,0.7556012761349649,-0.40985110428170224
2023-10-26 00:00:00+00:00,0.0,0.04196940573031468,34151.66,1433.3248749037587,0.0,-0.009983461874620514,0.7480577596022568,-0.4157428332824553
2023-10-27 00:00:00+00:00,7.105427357601002e-15,0.04372364270994074,33892.02,1481.8825731981656,60.0,-0.007983048299752271,0.7420859783763476,-0.4204069864638378
2023-10-28 00:00:00+00:00,7.105427357601002e-15,0.04372364270994074,34081.0,1490.1454671974902,0.0,0.005575943835746555,0.7462238081130691,-0.4171752083727691
2023-10-29 00:00:00+00:00,7.105427357601002e-15,0.04372364270994074,34525.89,1509.5976786027159,0.0,0.013053901000557477,0.7559649398284362,-0.4095670712421967
2023-10-30 00:00:00+00:00,7.105427357601002e-15,0.04372364270994074,34474.73,1507.3607770416754,0.0,-0.0014817865665446295,0.7548447611358197,-0.41044196682447565
2023-10-31 00:00:00+00:00,7.105427357601002e-15,0.04372364270994074,34639.77,1514.5769270345238,0.0,0.004787274621149917,0.7584584103037132,-0.4076195906145593
2023-11-01 00:00:00+00:00,7.105427357601002e-15,0.04372364270994074,35421.43,1548.7539495951762,0.0,0.022565392322177802,0.7755733218922718,-0.3942522942728045
2023-11-02 00:00:00+00:00,7.105427357601002e-15,0.04372364270994074,34941.59,1527.773596877238,0.0,-0.013546601591183705,0.7650669390958463,-0.4024581171070645
2023-11-03 00:00:00+00:00,7.105427357601002e-15,0.04372364270994074,34716.78,1517.9440847596163,0.0,-0.00643388008387713,0.7601445901535647,-0.40630262992669175
2023-11-04 00:00:00+00:00,7.105427357601002e-15,0.04372364270994074,35062.07,1533.0414213509318,0.0,0.009945910882288134,0.7677049205048855,-0.4003977687928938
2023-11-05 00:00:00+00:00,7.105427357601002e-15,0.04372364270994074,35011.88,1530.8469317233198,0.0,-0.0014314614054447006,0.7666059805404127,-0.4012560762454853
2023-11-06 00:00:00+00:00,7.105427357601002e-15,0.04372364270994074,35046.09,1532.3427175404267,0.0,0.00097709691681791,0.767355028880413,-0.4006710454036213
2023-11-07 00:00:00+00:00,7.105427357601002e-15,0.04372364270994074,35399.12,1547.7784751263175,0.0,0.010073306323187703,0.775084831144964,-0.3946338212556161
2023-11-08 00:00:00+00:00,7.105427357601002e-15,0.04372364270994074,35624.72,1557.64252892168,0.0,0.006373039781779832,0.7800244776081049,-0.39077579851593414
2023-11-09 00:00:00+00:00,7.105427357601002e-15,0.04372364270994074,36701.09,1604.7053462253787,0.0,0.030214132209319677,0.8035922403010617,-0.37236861794717735
2023-11-10 00:00:00+00:00,7.105427357601002e-15,0.04372364270994074,37301.63,1630.9631426184067,0.0,0.016363001752809136,0.8167414215376518,-0.3620986845425289
2023-11-11 00:00:00+00:00,7.105427357601002e-15,0.04372364270994074,37130.0,1623.4588538200996,0.0,-0.004601139414014854,0.8129834803919564,-0.36503375742733224
2023-11-12 00:00:00+00:00,7.105427357601002e-15,0.04372364270994074,37064.13,1620.5787774747957,0.0,-0.0017740371667116506,0.8115412174818185,-0.3661602111412634
2023-11-13 00:00:00+00:00,7.105427357601002e-15,0.04372364270994074,36462.93,1594.2921234775795,0.0,-0.016220534516795504,0.7983775851518524,-0.37644143131456487
2023-11-14 00:00:00+00:00,7.105427357601002e-15,0.04372364270994074,35551.19,1554.427529473218,0.0,-0.025004573137704544,0.778414494432419,-0.39203324715090226
2023-11-15 00:00:00+00:00,7.105427357601002e-15,0.04372364270994074,37858.2,1655.2984104414784,0.0,0.06489262384747163,0.8289278534170417,-0.352580689346497
2023-11-16 00:00:00+00:00,7.105427357601002e-15,0.04372364270994074,36163.51,1581.200390377369,0.0,-0.044764146208747246,0.7918216057901782,-0.38156186202695674
2023-11-17 00:00:00+00:00,7.105427357601002e-15,0.04372364270994074,36613.92,1600.8939562903533,0.0,0.012454819789339933,0.8016836011956007,-0.3738593264676475
2023-11-18 00:00:00+00:00,7.105427357601002e-15,0.04372364270994074,36568.1,1598.8905389813838,0.0,-0.0012514366120863762,0.8006803449857552,-0.3746429018308224
2023-11-19 00:00:00+00:00,7.105427357601002e-15,0.04372364270994074,37359.86,1633.5091703334067,0.0,0.021651658139197894,0.8180164020941618,-0.3611028837263426
2023-11-20 00:00:00+00:00,7.105427357601002e-15,0.04372364270994074,37448.78,1637.3970766431744,0.0,0.0023800945720886535,0.8199633584926657,-0.3595822481677765
2023-11-21 00:00:00+00:00,7.105427357601002e-15,0.04372364270994074,35741.65,1562.7551344637534,0.0,-0.0455857306967008,0.7825847296512567,-0.3887761593361868
2023-11-22 00:00:00+00:00,7.105427357601002e-15,0.04372364270994074,37408.34,1635.6288925319843,0.0,0.046631590875071405,0.8190779005894324,-0.36027381926526203
2023-11-23 00:00:00+00:00,7.105427357601002e-15,0.04372364270994074,37294.28,1630.6417738444886,0.0,-0.003049052697874255,0.8165804889068711,-0.36222437810253205
2023-11-24 00:00:00+00:00,7.105427357601002e-15,0.04372364270994074,37713.57,1648.9746599963398,0.0,0.01124274285493665,0.8257610933640095,-0.35505403078639153
2023-11-25 00:00:00+00:00,7.105427357601002e-15,0.04372364270994074,37780.67,1651.9085164221767,0.0,0.001779200431038408,0.8272302878572575,-0.3539065426399701
2023-11-26 00:00:00+00:00,7.105427357601002e-15,0.04372364270994074,37447.43,1637.3380497255162,0.0,-0.008820383545342092,0.8199337994380327,-0.35960533474002176
2023-11-27 00:00:00+00:00,0.0,0.04532348870434078,37242.7,1687.9690927691522,60.0,-0.005722066349056365,0.8152420838358144,-0.36326971550422105
2023-11-28 00:00:00+00:00,0.0,0.04532348870434078,37818.87,1714.0831272559326,0.0,0.0154706828452289,0.8278544355569218,-0.3534190632148345
2023-11-29 00:00:00+00:00,0.0,0.04532348870434078,37854.64,1715.7043484468868,0.0,0.0009458241348829777,0.8286374402622415,-0.3528075113596678
2023-11-30 00:00:00+00:00,0.0,0.04532348870434078,37723.96,1709.7814749430036,0.0,-0.0034521527611938163,0.8257768572348116,-0.3550417186963515
2023-12-01 00:00:00+00:00,0.0,0.04532348870434078,38682.52,1753.2267582754362,0.0,0.025409845625962824,0.846759719698641,-0.3386534283332394
2023-12-02 00:00:00+00:00,0.0,0.04532348870434078,39450.35,1788.0274926072902,0.0,0.019849534104810163,0.8635675056333786,-0.3255260070038408
2023-12-03 00:00:00+00:00,0.0,0.04532348870434078,39972.26,1811.682274596973,0.0,0.013229540422328379,0.8749921068565647,-0.31660302604968893
2023-12-04 00:00:00+00:00,0.0,0.04532348870434078,41991.1,1903.1831465328441,0.0,0.05050602592898157,0.9191844808931166,-0.282087360763567
2023-12-05 00:00:00+00:00,0.0,0.04532348870434078,44073.32,1997.5566211827966,0.0,0.04958717442505667,0.9647642420759687,-0.24648810149979716
2023-12-06 00:00:00+00:00,0.0,0.04532348870434078,43762.69,1983.4777858865675,0.0,-0.007048028149456265,0.9579645565402284,-0.25179887457137684
2023-12-07 00:00:00+00:00,0.0,0.04532348870434078,43273.14,1961.2896719913572,0.0,-0.011186469570312219,0.9472483151790535,-0.2601686036934575
2023-12-08 00:00:00+00:00,0.0,0.04532348870434078,44170.99,2001.9833663245495,0.0,0.02074843655902936,0.9669022367521936,-0.24481825890281306
2023-12-09 00:00:00+00:00,0.0,0.04532348870434078,43713.6,1981.2528558260713,0.0,-0.010354986383596887,0.9568899772563553,-0.25263815554901536
2023-12-10 00:00:00+00:00,0.0,0.04532348870434078,43789.51,1984.6933618536177,0.0,0.0017365305076679771,0.9585516458943426,-0.2513403389058593
2023-12-11 00:00:00+00:00,0.0,0.04532348870434078,41253.4,1869.748008915652,0.0,-0.05791592552645597,0.9030362401574641,-0.2946996560824493
2023-12-12 00:00:00+00:00,0.0,0.04532348870434078,41492.39,1880.5798694811024,0.0,0.005793219467971067,0.9082677272842277,-0.29061369639929946
2023-12-13 00:00:00+00:00,0.0,0.04532348870434078,42869.03,1942.973996971046,0.0,0.033178132182793085,0.9384023539974289,-0.2670775838497724
2023-12-14 00:00:00+00:00,0.0,0.04532348870434078,43022.26,1949.9189151452124,0.0,0.0035743752541170792,0.9417565561499626,-0.2644578441022972
2023-12-15 00:00:00+00:00,0.0,0.04532348870434078,41940.3,1900.880713306664,0.0,-0.02514884155318664,0.9180724697376724,-0.28295587723665794
2023-12-16 00:00:00+00:00,0.0,0.04532348870434078,42278.03,1916.1878151467806,0.0,0.008052636724105389,0.9254653738228721,-0.2771817814008899
2023-12-17 00:00:00+00:00,0.0,0.04532348870434078,41374.65,1875.2434819210534,0.0,-0.02136759919986797,0.905690400641669,-0.2926266713902783
2023-12-18 00:00:00+00:00,0.0,0.04532348870434078,42657.8,1933.4003164520284,0.0,0.03101295116695857,0.9337785328091521,-0.2706889368932961
2023-12-19 00:00:00+00:00,0.0,0.04532348870434078,42275.99,1916.0953552298238,0.0,-0.00895053190741213,0.9254207182567873,-0.2772166588340613
2023-12-20 00:00:00+00:00,0.0,0.04532348870434078,43668.93,1979.2282555856484,0.0,0.03294872574243679,0.955912151698999,-0.25340186875478277
2023-12-21 00:00:00+00:00,0.0,0.04532348870434078,43861.8,1987.9697968520547,0.0,0.004416641305385882,0.9601340727925131,-0.2501044126098012
2023-12-22 00:00:00+00:00,0.0,0.04532348870434078,43969.04,1992.830287780708,0.0,0.0024449520995488694,0.9624815546096355,-0.24827095381896913
2023-12-23 00:00:00+00:00,0.0,0.04532348870434078,43702.16,1980.7343551152937,0.0,-0.006069725424980743,0.9566395558465464,-0.25283374272327075
2023-12-24 00:00:00+00:00,0.0,0.04532348870434078,42991.5,1948.5247646326668,0.0,-0.016261438793871985,0.9410832202613508,-0.2649837410848227
2023-12-25 00:00:00+00:00,0.0,0.04532348870434078,43576.13,1975.0222358338854,0.0,0.013598734633590182,0.9538807612418094,-0.25498845002846093
2023-12-26 00:00:00+00:00,0.0,0.04532348870434078,42508.93,1926.653008688613,0.0,-0.024490472192000512,0.9305197709841326,-0.2732341346757581
2023-12-27 00:00:00+00:00,0.0,0.04673284210108862,43428.85,2029.5535896818624,60.0,0.02226689538789861,0.9512395573810077,-0.2570513151810876
2023-12-28 00:00:00+00:00,0.0,0.04673284210108862,42563.76,1989.1254753086318,0.0,-0.01991970775187446,0.9322911433959556,-0.27185063585731983
2023-12-29 00:00:00+00:00,0.0,0.04673284210108862,42066.95,1965.9081320243897,0.0,-0.011672136108276332,0.9214093142776975,-0.28034969434274803
2023-12-30 00:00:00+00:00,0.0,0.04673284210108862,42140.28,1969.3350513356627,0.0,0.0017431736790995966,0.9230154907420235,-0.27909521887177036
2023-12-31 00:00:00+00:00,0.0,0.04673284210108862,42283.58,1976.0318676087488,0.0,0.0034005469351414686,0.9261542482401544,-0.27664374832777594
2024-01-01 00:00:00+00:00,0.0,0.04673284210108862,44179.55,2064.63593424715,0.0,0.04483939155577654,0.9676824412180405,-0.24420889412472635
2024-01-02 00:00:00+00:00,0.0,0.04673284210108862,44946.91,2100.4968479618415,0.0,0.017369122139089255,0.9844902357314087,-0.23108146609514135
2024-01-03 00:00:00+00:00,0.0,0.04673284210108862,42845.23,2002.2793683748253,0.0,-0.04675916542427516,0.9384562939402601,-0.26703545501978976
2024-01-04 00:00:00+00:00,0.0,0.04673284210108862,44151.1,2063.306384889374,0.0,0.030478772082680017,0.9670592894328218,-0.24469559570865274
2024-01-05 00:00:00+00:00,0.0,0.04673284210108862,44145.11,2063.0264551651885,0.0,-0.00013567045894657959,0.9669280880551959,-0.2447980682038272
2024-01-06 00:00:00+00:00,0.0,0.04673284210108862,43968.32,2054.764556010137,0.0,-0.004004747071646331,0.9630557856260643,-0.24782246092868965
2024-01-07 00:00:00+00:00,0.0,0.04673284210108862,43929.02,2052.927955315564,0.0,-0.0008938253724500855,0.9621949819297869,-0.24849477629769856
2024-01-08 00:00:00+00:00,0.0,0.04673284210108862,46951.04,2194.155538801896,0.0,0.06879324874536263,1.0283875006632224,-0.19679629051010683
2024-01-09 00:00:00+00:00,0.0,0.04673284210108862,46110.0,2154.8513492811962,0.0,-0.01791312822889557,1.0099658634948487,-0.21118418155212382
2024-01-10 00:00:00+00:00,0.0,0.04673284210108862,46653.99,2180.2735480557676,0.0,0.011797657774886172,1.0218810951166784,-0.20187800247865906
2024-01-11 00:00:00+00:00,0.0,0.04673284210108862,46339.16,2165.5606473770818,0.0,-0.006748190240534635,1.0149852470836251,-0.2072638815530886
2024-01-12 00:00:00+00:00,0.0,0.04673284210108862,42782.73,1999.3585657435074,0.0,-0.07674783056058843,0.937087331318954,-0.2681046588509107
2024-01-13 00:00:00+00:00,0.0,0.04673284210108862,42847.99,2002.4083510190242,0.0,0.0015253818538460973,0.9385167473296171,-0.26698823897860735
2024-01-14 00:00:00+00:00,0.0,0.04673284210108862,41732.35,1950.2713230573656,0.0,-0.0260371606696137,0.9140804359882726,-0.28607378397303784
2024-01-15 00:00:00+00:00,0.0,0.04673284210108862,42511.1,1986.6645238435883,0.0,0.018660583456239443,0.9311377102497475,-0.27275150423726957
2024-01-16 00:00:00+00:00,0.0,0.04673284210108862,43137.95,2015.9590059146558,0.0,0.014745560571238991,0.9448678577563999,-0.2620278174926577
2024-01-17 00:00:00+00:00,0.0,0.04673284210108862,42776.1,1999.0487270003769,0.0,-0.008388205744593757,0.9369421117640857,-0.26821807999331615
2024-01-18 00:00:00+00:00,0.0,0.04673284210108862,41327.5,1931.35153193274,0.0,-0.0338647048234878,0.9052128437124997,-0.2929996587095076
2024-01-19 00:00:00+00:00,1928.4559369382694,0.0,41659.03,1928.4559369382694,0.0,-0.00149925839320042,0.9038556957589309,-0.29405963490518305
2024-01-20 00:00:00+00:00,1928.4559369382694,0.0,41696.04,1928.4559369382694,0.0,0.0,0.9038556957589309,-0.29405963490518305
2024-01-21 00:00:00+00:00,1928.4559369382694,0.0,41580.33,1928.4559369382694,0.0,0.0,0.9038556957589309,-0.29405963490518305
2024-01-22 00:00:00+00:00,1928.4559369382694,0.0,39568.02,1928.4559369382694,0.0,0.0,0.9038556957589309,-0.29405963490518305
2024-01-23 00:00:00+00:00,1928.4559369382694,0.0,39897.6,1928.4559369382694,0.0,0.0,0.9038556957589309,-0.29405963490518305
2024-01-24 00:00:00+00:00,1928.4559369382694,0.0,40084.88,1928.4559369382694,0.0,0.0,0.9038556957589309,-0.29405963490518305
2024-01-25 00:00:00+00:00,1928.4559369382694,0.0,39961.09,1928.4559369382694,0.0,0.0,0.9038556957589309,-0.29405963490518305
2024-01-26 00:00:00+00:00,1928.4559369382694,0.0,41823.51,1928.4559369382694,0.0,0.0,0.9038556957589309,-0.29405963490518305
2024-01-27 00:00:00+00:00,1988.4559369382694,0.0,42120.63,1988.4559369382694,60.0,0.0,0.9038556957589309,-0.29405963490518305
2024-01-28 00:00:00+00:00,1988.4559369382694,0.0,42031.06,1988.4559369382694,0.0,0.0,0.9038556957589309,-0.29405963490518305
2024-01-29 00:00:00+00:00,1988.4559369382694,0.0,43302.7,1988.4559369382694,0.0,0.0,0.9038556957589309,-0.29405963490518305
2024-01-30 00:00:00+00:00,1988.4559369382694,0.0,42941.1,1988.4559369382694,0.0,0.0,0.9038556957589309,-0.29405963490518305
2024-01-31 00:00:00+00:00,1988.4559369382694,0.0,42580.0,1988.4559369382694,0.0,0.0,0.9038556957589309,-0.29405963490518305
2024-02-01 00:00:00+00:00,1988.4559369382694,0.0,43082.94,1988.4559369382694,0.0,0.0,0.9038556957589309,-0.29405963490518305
2024-02-02 00:00:00+00:00,1988.4559369382694,0.0,43200.0,1988.4559369382694,0.0,0.0,0.9038556957589309,-0.29405963490518305
2024-02-03 00:00:00+00:00,1988.4559369382694,0.0,43011.09,1988.4559369382694,0.0,0.0,0.9038556957589309,-0.29405963490518305
2024-02-04 00:00:00+00:00,1988.4559369382694,0.0,42582.88,1988.4559369382694,0.0,0.0,0.9038556957589309,-0.29405963490518305
2024-02-05 00:00:00+00:00,1988.4559369382694,0.0,42708.7,1988.4559369382694,0.0,0.0,0.9038556957589309,-0.29405963490518305
2024-02-06 00:00:00+00:00,1988.4559369382694,0.0,43098.95,1988.4559369382694,0.0,0.0,0.9038556957589309,-0.29405963490518305
2024-02-07 00:00:00+00:00,1988.4559369382694,0.0,44349.6,1988.4559369382694,0.0,0.0,0.9038556957589309,-0.29405963490518305
2024-02-08 00:00:00+00:00,0.0,0.04476876294501519,45288.65,2027.5168359497623,0.0,0.01964383433692629,0.9216108873109066,-0.28019225932151115
2024-02-09 00:00:00+00:00,0.0,0.04476876294501519,47132.77,2110.0758070719235,0.0,0.04071925305788526,0.9591381942522216,-0.2508822257757991
2024-02-10 00:00:00+00:00,0.0,0.04476876294501519,47751.09,2137.7572285760853,0.0,0.013118685789101692,0.9717208268509429,-0.24105478507672062
2024-02-11 00:00:00+00:00,0.0,0.04476876294501519,48299.99,2162.330802556604,0.0,0.011495025558578842,0.9828907825913978,-0.23233069043361632
2024-02-12 00:00:00+00:00,0.0,0.04476876294501519,49917.27,2234.734427492318,0.0,0.03348406490353306,1.0158019613487725,-0.2066260014476452
2024-02-13 00:00:00+00:00,0.0,0.04476876294501519,49699.59,2224.989163174447,0.0,-0.004360815405169305,1.0113722365071216,-0.21008575900259308
2024-02-14 00:00:00+00:00,0.0,0.04476876294501519,51795.17,2318.8056874267622,0.0,0.04216493536465804,1.054016681489054,-0.17677907608731458
2024-02-15 00:00:00+00:00,0.0,0.04476876294501519,51880.0,2322.603421587388,0.0,0.001637797501195637,1.0557429473762152,-0.1754308069151984
2024-02-16 00:00:00+00:00,0.0,0.04476876294501519,52124.11,2333.5319243098957,0.0,0.004705281418658558,1.0607105150493843,-0.17155097681257825
2024-02-17 00:00:00+00:00,0.0,0.04476876294501519,51642.64,2311.9771080147593,0.0,-0.00923699224792518,1.0509127402445804,-0.1792033540175617
2024-02-18 00:00:00+00:00,0.0,0.04476876294501519,52137.67,2334.13898873543,0.0,0.009585683458475325,1.0609864571150438,-0.17133545718539578
2024-02-19 00:00:00+00:00,0.0,0.04476876294501519,51774.73,2317.8906139121664,0.0,-0.0069611856456184285,1.053600733419579,-0.1771039449058699
2024-02-20 00:00:00+00:00,0.0,0.04476876294501519,52258.82,2339.5627243662184,0.0,0.009349928044047662,1.063451824464208,-0.16940992600300897
2024-02-21 00:00:00+00:00,0.0,0.04476876294501519,51849.39,2321.233049753641,0.0,-0.007834658340926892,1.0551200427574956,-0.17591731545414058
2024-02-22 00:00:00+00:00,0.0,0.04476876294501519,51288.42,2296.1191168043756,0.0,-0.010819220824005882,1.0437044660190677,-0.18483324799548173
2024-02-23 00:00:00+00:00,0.0,0.04476876294501519,50744.15,2271.7528221962925,0.0,-0.010611947102289188,1.0326287294352505,-0.19348375444729848
2024-02-24 00:00:00+00:00,0.0,0.04476876294501519,51568.22,2308.645416676391,0.0,0.016239704478250072,1.0493983148370298,-0.18038616896261483
2024-02-25 00:00:00+00:00,0.0,0.04476876294501519,51728.85,2315.8366230682486,0.0,0.0031149029382824267,1.0526670887313443,-0.17783315143205958
2024-02-26 00:00:00+00:00,0.0,0.04476876294501519,54476.47,2438.8441715112317,0.0,0.05311581448263425,1.108580358528373,-0.13416308962975276
2024-02-27 00:00:00+00:00,7.105427357601002e-15,0.04586850552911049,57037.34,2616.2175451557546,60.0,0.048126639256247605,1.1619326055298298,-0.09249326898961996
2024-02-28 00:00:00+00:00,7.105427357601002e-15,0.04586850552911049,62432.1,2863.6671240439787,0.0,0.09458295215029322,1.2718316215605232,-0.006658603274396158
2024-02-29 00:00:00+00:00,7.105427357601002e-15,0.04586850552911049,61130.98,2803.986694129943,0.0,-0.020840561185672013,1.2453259368335188,-0.027360395431116902
2024-03-01 00:00:00+00:00,7.105427357601002e-15,0.04586850552911049,62387.9,2861.6397360995925,0.0,0.02056109684484042,1.2709312040241443,-0.007361858326448867
2024-03-02 00:00:00+00:00,7.105427357601002e-15,0.04586850552911049,61987.28,2843.26389541452,0.0,-0.006421437490282678,1.2627699987430536,-0.01373602210367586
2024-03-03 00:00:00+00:00,7.105427357601002e-15,0.04586850552911049,63113.97,2894.9434819091134,0.0,0.018176148396896963,1.2857222936313568,0.0
2024-03-04 00:00:00+00:00,7.105427357601002e-15,0.04586850552911049,68245.71,3130.328726473071,0.0,0.08130909844524137,1.3902632141774702,0.0
2024-03-05 00:00:00+00:00,7.105427357601002e-15,0.04586850552911049,63724.01,2922.9251050220923,0.0,-0.0662561793261437,1.298149685348387,-0.06625617932614358
2024-03-06 00:00:00+00:00,7.105427357601002e-15,0.04586850552911049,66074.04,3030.7174690706674,0.0,0.03687825044280779,1.346023174556917,-0.031821340857908886
2024-03-07 00:00:00+00:00,7.105427357601002e-15,0.04586850552911049,66823.17,3065.0789426176902,0.0,0.011337735667442228,1.3612840295122948,-0.02084438714169723
2024-03-08 00:00:00+00:00,7.105427357601002e-15,0.04586850552911049,68124.19,3124.7547856811734,0.0,0.019469594154243097,1.3877876770955517,-0.0017806247454968949
2024-03-09 00:00:00+00:00,7.105427357601002e-15,0.04586850552911049,68313.27,3133.427602706618,0.0,0.002775519239201385,1.3916395084932571,0.0
2024-03-10 00:00:00+00:00,7.105427357601002e-15,0.04586850552911049,68955.88,3162.90316304468,0.0,0.009406810711886537,1.404730397928836,0.0
2024-03-11 00:00:00+00:00,7.105427357601002e-15,0.04586850552911049,72078.1,3306.114728377779,0.0,0.04527851721999632,1.468334507440909,0.0
2024-03-12 00:00:00+00:00,7.105427357601002e-15,0.04586850552911049,71452.01,3277.396915751058,0.0,-0.008686272251904659,1.455580154152411,-0.00868627225190477
2024-03-13 00:00:00+00:00,7.105427357601002e-15,0.04586850552911049,73072.41,3351.722242110429,0.0,0.02267815838910625,1.488590031436319,0.0
2024-03-14 00:00:00+00:00,7.105427357601002e-15,0.04586850552911049,71388.94,3274.503989107337,0.0,-0.023038380696626892,1.4542953275908852,-0.023038380696626892
2024-03-15 00:00:00+00:00,7.105427357601002e-15,0.04586850552911049,69499.85,3187.85425399735,0.0,-0.02646194214397901,1.4158118487719162,-0.0488906825435208
2024-03-16 00:00:00+00:00,7.105427357601002e-15,0.04586850552911049,65300.63,2995.2423082093983,0.0,-0.06042056205876711,1.3302677010996549,-0.10635724208357167
2024-03-17 00:00:00+00:00,7.105427357601002e-15,0.04586850552911049,68393.48,3137.1067155351075,0.0,0.04736324902225286,1.3932735014930977,-0.064031417603443
2024-03-18 00:00:00+00:00,7.105427357601002e-15,0.04586850552911049,67609.99,3101.169200138105,0.0,-0.011455624132592601,1.3773126839460916,-0.07475352188329343
2024-03-19 00:00:00+00:00,7.105427357601002e-15,0.04586850552911049,61937.4,2840.975974358728,0.0,-0.08390165417862083,1.2617538714418186,-0.15238323192022818
2024-03-20 00:00:00+00:00,2836.7163888824343,0.0,67840.51,2836.7163888824343,0.0,-0.0014993387887607401,1.259862074920497,-0.15365409661861418
2024-03-21 00:00:00+00:00,2836.7163888824343,0.0,65501.27,2836.7163888824343,0.0,0.0,1.259862074920497,-0.15365409661861418
2024-03-22 00:00:00+00:00,2836.7163888824343,0.0,63796.64,2836.7163888824343,0.0,0.0,1.259862074920497,-0.15365409661861418
2024-03-23 00:00:00+00:00,2836.7163888824343,0.0,63990.01,2836.7163888824343,0.0,0.0,1.259862074920497,-0.15365409661861418
2024-03-24 00:00:00+00:00,2836.7163888824343,0.0,67209.99,2836.7163888824343,0.0,0.0,1.259862074920497,-0.15365409661861418
2024-03-25 00:00:00+00:00,2836.7163888824343,0.0,69880.01,2836.7163888824343,0.0,0.0,1.259862074920497,-0.15365409661861418
2024-03-26 00:00:00+00:00,2836.7163888824343,0.0,69988.0,2836.7163888824343,0.0,0.0,1.259862074920497,-0.15365409661861418
2024-03-27 00:00:00+00:00,2896.7163888824343,0.0,69469.99,2896.7163888824343,60.0,0.0,1.259862074920497,-0.15365409661861418
2024-03-28 00:00:00+00:00,2896.7163888824343,0.0,70780.6,2896.7163888824343,0.0,0.0,1.259862074920497,-0.15365409661861418
2024-03-29 00:00:00+00:00,2896.7163888824343,0.0,69850.54,2896.7163888824343,0.0,0.0,1.259862074920497,-0.15365409661861418
2024-03-30 00:00:00+00:00,2896.7163888824343,0.0,69582.18,2896.7163888824343,0.0,0.0,1.259862074920497,-0.15365409661861418
2024-03-31 00:00:00+00:00,2896.7163888824343,0.0,71280.01,2896.7163888824343,0.0,0.0,1.259862074920497,-0.15365409661861418
2024-04-01 00:00:00+00:00,2896.7163888824343,0.0,69649.8,2896.7163888824343,0.0,0.0,1.259862074920497,-0.15365409661861418
2024-04-02 00:00:00+00:00,2896.7163888824343,0.0,65463.99,2896.7163888824343,0.0,0.0,1.259862074920497,-0.15365409661861418
2024-04-03 00:00:00+00:00,2896.7163888824343,0.0,65963.28,2896.7163888824343,0.0,0.0,1.259862074920497,-0.15365409661861418
2024-04-04 00:00:00+00:00,2896.7163888824343,0.0,68487.79,2896.7163888824343,0.0,0.0,1.259862074920497,-0.15365409661861418
2024-04-05 00:00:00+00:00,2896.7163888824343,0.0,67820.62,2896.7163888824343,0.0,0.0,1.259862074920497,-0.15365409661861418
2024-04-06 00:00:00+00:00,2896.7163888824343,0.0,68896.0,2896.7163888824343,0.0,0.0,1.259862074920497,-0.15365409661861418
2024-04-07 00:00:00+00:00,2896.7163888824343,0.0,69360.39,2896.7163888824343,0.0,0.0,1.259862074920497,-0.15365409661861418
2024-04-08 00:00:00+00:00,2896.7163888824343,0.0,71620.0,2896.7163888824343,0.0,0.0,1.259862074920497,-0.15365409661861418
2024-04-09 00:00:00+00:00,2896.7163888824343,0.0,69146.0,2896.7163888824343,0.0,0.0,1.259862074920497,-0.15365409661861418
2024-04-10 00:00:00+00:00,2896.7163888824343,0.0,70631.08,2896.7163888824343,0.0,0.0,1.259862074920497,-0.15365409661861418
2024-04-11 00:00:00+00:00,2896.7163888824343,0.0,70006.23,2896.7163888824343,0.0,0.0,1.259862074920497,-0.15365409661861418
2024-04-12 00:00:00+00:00,2896.7163888824343,0.0,67116.52,2896.7163888824343,0.0,0.0,1.259862074920497,-0.15365409661861418
2024-04-13 00:00:00+00:00,2896.7163888824343,0.0,63924.51,2896.7163888824343,0.0,0.0,1.259862074920497,-0.15365409661861418
2024-04-14 00:00:00+00:00,2896.7163888824343,0.0,65661.84,2896.7163888824343,0.0,0.0,1.259862074920497,-0.15365409661861418
2024-04-15 00:00:00+00:00,2896.7163888824343,0.0,63419.99,2896.7163888824343,0.0,0.0,1.259862074920497,-0.15365409661861418
2024-04-16 00:00:00+00:00,2896.7163888824343,0.0,63793.39,2896.7163888824343,0.0,0.0,1.259862074920497,-0.15365409661861418
2024-04-17 00:00:00+00:00,2896.7163888824343,0.0,61277.37,2896.7163888824343,0.0,0.0,1.259862074920497,-0.15365409661861418
2024-04-18 00:00:00+00:00,2896.7163888824343,0.0,63470.08,2896.7163888824343,0.0,0.0,1.259862074920497,-0.15365409661861418
2024-04-19 00:00:00+00:00,2896.7163888824343,0.0,63818.01,2896.7163888824343,0.0,0.0,1.259862074920497,-0.15365409661861418
2024-04-20 00:00:00+00:00,2896.7163888824343,0.0,64940.59,2896.7163888824343,0.0,0.0,1.259862074920497,-0.15365409661861418
2024-04-21 00:00:00+00:00,2896.7163888824343,0.0,64941.15,2896.7163888824343,0.0,0.0,1.259862074920497,-0.15365409661861418
2024-04-22 00:00:00+00:00,2896.7163888824343,0.0,66819.32,2896.7163888824343,0.0,0.0,1.259862074920497,-0.15365409661861418
2024-04-23 00:00:00+00:00,2896.7163888824343,0.0,66414.0,2896.7163888824343,0.0,0.0,1.259862074920497,-0.15365409661861418
2024-04-24 00:00:00+00:00,2896.7163888824343,0.0,64289.59,2896.7163888824343,0.0,0.0,1.259862074920497,-0.15365409661861418
2024-04-25 00:00:00+00:00,2896.7163888824343,0.0,64498.34,2896.7163888824343,0.0,0.0,1.259862074920497,-0.15365409661861418
2024-04-26 00:00:00+00:00,2896.7163888824343,0.0,63770.01,2896.7163888824343,0.0,0.0,1.259862074920497,-0.15365409661861418
2024-04-27 00:00:00+00:00,2956.7163888824343,0.0,63461.98,2956.7163888824343,60.0,0.0,1.259862074920497,-0.15365409661861418
2024-04-28 00:00:00+00:00,2956.7163888824343,0.0,63118.62,2956.7163888824343,0.0,0.0,1.259862074920497,-0.15365409661861418
2024-04-29 00:00:00+00:00,2956.7163888824343,0.0,63866.0,2956.7163888824343,0.0,0.0,1.259862074920497,-0.15365409661861418
2024-04-30 00:00:00+00:00,2956.7163888824343,0.0,60672.0,2956.7163888824343,0.0,0.0,1.259862074920497,-0.15365409661861418
2024-05-01 00:00:00+00:00,2956.7163888824343,0.0,58364.97,2956.7163888824343,0.0,0.0,1.259862074920497,-0.15365409661861418
2024-05-02 00:00:00+00:00,2956.7163888824343,0.0,59060.61,2956.7163888824343,0.0,0.0,1.259862074920497,-0.15365409661861418
2024-05-03 00:00:00+00:00,2956.7163888824343,0.0,62882.01,2956.7163888824343,0.0,0.0,1.259862074920497,-0.15365409661861418
2024-05-04 00:00:00+00:00,2956.7163888824343,0.0,63892.04,2956.7163888824343,0.0,0.0,1.259862074920497,-0.15365409661861418
2024-05-05 00:00:00+00:00,2956.7163888824343,0.0,64012.0,2956.7163888824343,0.0,0.0,1.259862074920497,-0.15365409661861418
2024-05-06 00:00:00+00:00,2956.7163888824343,0.0,63165.19,2956.7163888824343,0.0,0.0,1.259862074920497,-0.15365409661861418
2024-05-07 00:00:00+00:00,2956.7163888824343,0.0,62312.08,2956.7163888824343,0.0,0.0,1.259862074920497,-0.15365409661861418
2024-05-08 00:00:00+00:00,2956.7163888824343,0.0,61193.03,2956.7163888824343,0.0,0.0,1.259862074920497,-0.15365409661861418
2024-05-09 00:00:00+00:00,2956.7163888824343,0.0,63074.01,2956.7163888824343,0.0,0.0,1.259862074920497,-0.15365409661861418
2024-05-10 00:00:00+00:00,2956.7163888824343,0.0,60799.99,2956.7163888824343,0.0,0.0,1.259862074920497,-0.15365409661861418
2024-05-11 00:00:00+00:00,2956.7163888824343,0.0,60825.99,2956.7163888824343,0.0,0.0,1.259862074920497,-0.15365409661861418
2024-05-12 00:00:00+00:00,2956.7163888824343,0.0,61483.99,2956.7163888824343,0.0,0.0,1.259862074920497,-0.15365409661861418
2024-05-13 00:00:00+00:00,2956.7163888824343,0.0,62940.08,2956.7163888824343,0.0,0.0,1.259862074920497,-0.15365409661861418
2024-05-14 00:00:00+00:00,2956.7163888824343,0.0,61577.49,2956.7163888824343,0.0,0.0,1.259862074920497,-0.15365409661861418
2024-05-15 00:00:00+00:00,2956.7163888824343,0.0,66206.5,2956.7163888824343,0.0,0.0,1.259862074920497,-0.15365409661861418
2024-05-16 00:00:00+00:00,0.0,0.04459208743996129,65235.21,2908.9741884842374,0.0,-0.01614703411450369,1.2395190390171862,-0.16732007279318384
2024-05-17 00:00:00+00:00,0.0,0.04459208743996129,67024.0,2988.740068575966,0.0,0.027420621471134998,1.2735074213923414,-0.14448747170263354
2024-05-18 00:00:00+00:00,0.0,0.04459208743996129,66915.2,2983.8884494624976,0.0,-0.0016232991167344224,1.2714401379200404,-0.14587622443417403
2024-05-19 00:00:00+00:00,0.0,0.04459208743996129,66274.01,2955.296448916869,0.0,-0.009582127827459153,1.2592570359935282,-0.15406054763211774
2024-05-20 00:00:00+00:00,0.0,0.04459208743996129,71446.62,3185.953926329687,0.0,0.07804884599558704,1.3575405944646466,-0.0880359495926657
2024-05-21 00:00:00+00:00,0.0,0.04459208743996129,70148.34,3128.060911048134,0.0,-0.018171328468722492,1.3328722784130047,-0.10460754790428395
2024-05-22 00:00:00+00:00,0.0,0.04459208743996129,69166.62,3084.2839669665755,0.0,-0.013994914206095221,1.314218845228932,-0.11713848845214869
2024-05-23 00:00:00+00:00,0.0,0.04459208743996129,67969.65,3030.908576063565,0.0,-0.017305602037514634,1.291475496903198,-0.1324169384252345
2024-05-24 00:00:00+00:00,0.0,0.04459208743996129,68549.99,3056.7871480884723,0.0,0.008538222574340226,1.3025024021450642,-0.1250093211437816
2024-05-25 00:00:00+00:00,0.0,0.04459208743996129,69290.57,3089.811156204759,0.0,0.010803502670095222,1.3165739903244438,-0.11555635700845002
2024-05-26 00:00:00+00:00,0.0,0.04459208743996129,68507.67,3054.900010948013,0.0,-0.011298795781301885,1.3016982896767941,-0.1255495051106823
2024-05-27 00:00:00+00:00,0.0,0.04546658959260517,69436.43,3157.037665585657,60.0,0.013793464429812108,1.3196532187337982,-0.11348780331379493
2024-05-28 00:00:00+00:00,0.0,0.04546658959260517,68398.39,3109.8415269249494,0.0,-0.014949501292045086,1.2999250612352857,-0.12674071854356916
2024-05-29 00:00:00+00:00,0.0,0.04546658959260517,67652.42,3075.9248150865537,0.0,-0.010906250863507161,1.2857477524136938,-0.13626470333601903
2024-05-30 00:00:00+00:00,0.0,0.04546658959260517,68352.17,3107.7400611539792,0.0,0.01034331070492378,1.299046640905066,-0.12733082079581393
2024-05-31 00:00:00+00:00,0.0,0.04546658959260517,67540.01,3070.813915750449,0.0,-0.011881992919902995,1.2836113779152083,-0.13769986980453564
2024-06-01 00:00:00+00:00,0.0,0.04546658959260517,67766.85,3081.127556933636,0.0,0.0033586018124664996,1.2879225174155768,-0.13480374702437103
2024-06-02 00:00:00+00:00,0.0,0.04546658959260517,67765.63,3081.072087694333,0.0,-1.8002902599123516e-05,1.2878993310719407,-0.1348193230682425
2024-06-03 00:00:00+00:00,0.0,0.04546658959260517,68809.9,3128.551483208202,0.0,0.015410024226145236,1.3077458909645956,-0.12148686787673124
2024-06-04 00:00:00+00:00,0.0,0.04546658959260517,70537.84,3207.115022028848,0.0,0.025111793506457536,1.340585735737417,-0.09942582751014051
2024-06-05 00:00:00+00:00,0.0,0.04546658959260517,71108.0,3233.0382527509682,0.0,0.008083037416513061,1.3514217403994262,-0.09214645277755962
2024-06-06 00:00:00+00:00,0.0,0.04546658959260517,70799.06,3218.991804562229,0.0,-0.004344658828823733,1.3455502740035354,-0.09609076670677863
2024-06-07 00:00:00+00:00,0.0,0.04546658959260517,69355.6,3153.3626011488873,0.0,-0.020388123797123847,1.3181170284418975,-0.11451978005652408
2024-06-08 00:00:00+00:00,0.0,0.04546658959260517,69310.46,3151.310239294677,0.0,-0.0006508486697541782,1.3172591337273558,-0.11509609367976781
2024-06-09 00:00:00+00:00,0.0,0.04546658959260517,69648.14,3166.6633972683076,0.0,0.004871991904252138,1.3236768095626776,-0.11078484901213459
2024-06-10 00:00:00+00:00,0.0,0.04546658959260517,69540.0,3161.7466402697632,0.0,-0.0015526617078359672,1.3216215872669193,-0.11216549932710096
2024-06-11 00:00:00+00:00,0.0,0.04546658959260517,67314.24,3060.5489238181267,0.0,-0.032006902502156875,1.2793205739785212,-0.14058233162818956
2024-06-12 00:00:00+00:00,0.0,0.04546658959260517,68263.99,3103.7308172837033,0.0,0.014109198885703833,1.297370762395357,-0.1284566368192438
2024-06-13 00:00:00+00:00,0.0,0.04546658959260517,66773.01,3035.9410415329207,0.0,-0.021841383722223107,1.269034389743887,-0.14749234984503157
2024-06-14 00:00:00+00:00,0.0,0.04546658959260517,66043.99,3002.79498838812,0.0,-0.010917884336799966,1.2551792190572417,-0.1567999297656606
2024-06-15 00:00:00+00:00,2998.292297303032,0.0,66228.25,2998.292297303032,0.0,-0.001499500000000098,1.2532970778182653,-0.15806430827097706
2024-06-16 00:00:00+00:00,2998.292297303032,0.0,66676.87,2998.292297303032,0.0,0.0,1.2532970778182653,-0.15806430827097706
2024-06-17 00:00:00+00:00,2998.292297303032,0.0,66504.33,2998.292297303032,0.0,0.0,1.2532970778182653,-0.15806430827097706
2024-06-18 00:00:00+00:00,2998.292297303032,0.0,65175.32,2998.292297303032,0.0,0.0,1.2532970778182653,-0.15806430827097706
2024-06-19 00:00:00+00:00,2998.292297303032,0.0,64974.37,2998.292297303032,0.0,0.0,1.2532970778182653,-0.15806430827097706
2024-06-20 00:00:00+00:00,2998.292297303032,0.0,64869.99,2998.292297303032,0.0,0.0,1.2532970778182653,-0.15806430827097706
2024-06-21 00:00:00+00:00,2998.292297303032,0.0,64143.56,2998.292297303032,0.0,0.0,1.2532970778182653,-0.15806430827097706
2024-06-22 00:00:00+00:00,2998.292297303032,0.0,64262.01,2998.292297303032,0.0,0.0,1.2532970778182653,-0.15806430827097706
2024-06-23 00:00:00+00:00,2998.292297303032,0.0,63210.01,2998.292297303032,0.0,0.0,1.2532970778182653,-0.15806430827097706
2024-06-24 00:00:00+00:00,2998.292297303032,0.0,60293.3,2998.292297303032,0.0,0.0,1.2532970778182653,-0.15806430827097706
2024-06-25 00:00:00+00:00,2998.292297303032,0.0,61806.01,2998.292297303032,0.0,0.0,1.2532970778182653,-0.15806430827097706
2024-06-26 00:00:00+00:00,2998.292297303032,0.0,60864.99,2998.292297303032,0.0,0.0,1.2532970778182653,-0.15806430827097706
2024-06-27 00:00:00+00:00,3058.292297303032,0.0,61706.47,3058.292297303032,60.0,0.0,1.2532970778182653,-0.15806430827097706
2024-06-28 00:00:00+00:00,3058.292297303032,0.0,60427.84,3058.292297303032,0.0,0.0,1.2532970778182653,-0.15806430827097706
2024-06-29 00:00:00+00:00,3058.292297303032,0.0,60986.68,3058.292297303032,0.0,0.0,1.2532970778182653,-0.15806430827097706
2024-06-30 00:00:00+00:00,3058.292297303032,0.0,62772.01,3058.292297303032,0.0,0.0,1.2532970778182653,-0.15806430827097706
2024-07-01 00:00:00+00:00,3058.292297303032,0.0,62899.99,3058.292297303032,0.0,0.0,1.2532970778182653,-0.15806430827097706
2024-07-02 00:00:00+00:00,3058.292297303032,0.0,62135.47,3058.292297303032,0.0,0.0,1.2532970778182653,-0.15806430827097706
2024-07-03 00:00:00+00:00,3058.292297303032,0.0,60208.58,3058.292297303032,0.0,0.0,1.2532970778182653,-0.15806430827097706
2024-07-04 00:00:00+00:00,3058.292297303032,0.0,57050.01,3058.292297303032,0.0,0.0,1.2532970778182653,-0.15806430827097706
2024-07-05 00:00:00+00:00,3058.292297303032,0.0,56628.79,3058.292297303032,0.0,0.0,1.2532970778182653,-0.15806430827097706
2024-07-06 00:00:00+00:00,3058.292297303032,0.0,58230.13,3058.292297303032,0.0,0.0,1.2532970778182653,-0.15806430827097706
2024-07-07 00:00:00+00:00,3058.292297303032,0.0,55857.81,3058.292297303032,0.0,0.0,1.2532970778182653,-0.15806430827097706
2024-07-08 00:00:00+00:00,3058.292297303032,0.0,56714.62,3058.292297303032,0.0,0.0,1.2532970778182653,-0.15806430827097706
2024-07-09 00:00:00+00:00,3058.292297303032,0.0,58050.0,3058.292297303032,0.0,0.0,1.2532970778182653,-0.15806430827097706
2024-07-10 00:00:00+00:00,3058.292297303032,0.0,57725.85,3058.292297303032,0.0,0.0,1.2532970778182653,-0.15806430827097706
2024-07-11 00:00:00+00:00,3058.292297303032,0.0,57339.89,3058.292297303032,0.0,0.0,1.2532970778182653,-0.15806430827097706
2024-07-12 00:00:00+00:00,3058.292297303032,0.0,57889.1,3058.292297303032,0.0,0.0,1.2532970778182653,-0.15806430827097706
2024-07-13 00:00:00+00:00,3058.292297303032,0.0,59204.02,3058.292297303032,0.0,0.0,1.2532970778182653,-0.15806430827097706
2024-07-14 00:00:00+00:00,3058.292297303032,0.0,60797.91,3058.292297303032,0.0,0.0,1.2532970778182653,-0.15806430827097706
2024-07-15 00:00:00+00:00,3058.292297303032,0.0,64724.14,3058.292297303032,0.0,0.0,1.2532970778182653,-0.15806430827097706
2024-07-16 00:00:00+00:00,0.0,0.047180448895514586,65043.99,3068.8046461553618,0.0,0.0034373263999651904,1.2576050689508491,-0.155170300490724
2024-07-17 00:00:00+00:00,0.0,0.047180448895514586,64087.99,3023.70013701125,0.0,-0.014697745325894074,1.239121109926856,-0.167587392257863
2024-07-18 00:00:00+00:00,0.0,0.047180448895514586,63987.92,3018.9787894902756,0.0,-0.001561447004345129,1.23718628798174,-0.16888716043060104
2024-07-19 00:00:00+00:00,0.0,0.047180448895514586,66660.0,3145.0487233750023,0.0,0.041759132036171875,1.2888501135349106,-0.13418060962606482
2024-07-20 00:00:00+00:00,0.0,0.047180448895514586,67139.96,3167.693451626894,0.0,0.007200120012001321,1.2981299890298434,-0.12794660610665476
2024-07-21 00:00:00+00:00,0.0,0.047180448895514586,68165.34,3216.071340315376,0.0,0.015272276003738927,1.3179553885110378,-0.11462836598511839
2024-07-22 00:00:00+00:00,0.0,0.047180448895514586,67532.01,3186.19054661638,0.0,-0.009291085469536164,1.305710152351346,-0.12285442950905356
2024-07-23 00:00:00+00:00,0.0,0.047180448895514586,65936.01,3110.8905501791382,0.0,-0.023633237038257926,1.2748519948175667,-0.143584218693524
2024-07-24 00:00:00+00:00,0.0,0.047180448895514586,65376.0,3084.4690269931616,0.0,-0.00849323457697837,1.2640243777746523,-0.1508579588195862
2024-07-25 00:00:00+00:00,0.0,0.047180448895514586,65799.95,3104.471178302415,0.0,0.006484795643661334,1.272221317553127,-0.14535144621008977
2024-07-26 00:00:00+00:00,0.0,0.047180448895514586,67907.99,3203.9294517921157,0.0,0.032037106411175076,1.3129796072821418,-0.1179709795481656
2024-07-27 00:00:00+00:00,7.105427357601002e-15,0.048062673447667736,67896.5,3263.2873077395725,60.0,-0.0002004239051468515,1.3127164547818722,-0.11814775924889742
2024-07-28 00:00:00+00:00,7.105427357601002e-15,0.048062673447667736,68249.88,3280.2716952825094,0.0,0.005204686544961756,1.3195487324514252,-0.11355799475681572
2024-07-29 00:00:00+00:00,7.105427357601002e-15,0.048062673447667736,66784.69,3209.8507467737213,0.0,-0.02146802309396001,1.2912206297895523,-0.13258815219683273
2024-07-30 00:00:00+00:00,7.105427357601002e-15,0.048062673447667736,66188.0,3181.1722301542322,0.0,-0.008934532749946156,1.2796841767852916,-0.14033807175872137
2024-07-31 00:00:00+00:00,7.105427357601002e-15,0.048062673447667736,64628.0,3106.1944595758705,0.0,-0.023569227050220576,1.2495230098700645,-0.16059963893187046
2024-08-01 00:00:00+00:00,7.105427357601002e-15,0.048062673447667736,65354.02,3141.088921752346,0.0,0.011233830537847211,1.2635599396160855,-0.1511699575222234
2024-08-02 00:00:00+00:00,7.105427357601002e-15,0.048062673447667736,61498.33,2955.7741523669083,0.0,-0.05899698289408961,1.1890137154728984,-0.20124836901827414
2024-08-03 00:00:00+00:00,2951.3424489314684,0.0,60697.99,2951.3424489314684,0.0,-0.0014993376377864243,1.1872309824574456,-0.20244596740184828
2024-08-04 00:00:00+00:00,2951.3424489314684,0.0,58161.0,2951.3424489314684,0.0,0.0,1.1872309824574456,-0.20244596740184828
2024-08-05 00:00:00+00:00,2951.3424489314684,0.0,54018.81,2951.3424489314684,0.0,0.0,1.1872309824574456,-0.20244596740184828
2024-08-06 00:00:00+00:00,2951.3424489314684,0.0,56022.01,2951.3424489314684,0.0,0.0,1.1872309824574456,-0.20244596740184828
2024-08-07 00:00:00+00:00,2951.3424489314684,0.0,55134.16,2951.3424489314684,0.0,0.0,1.1872309824574456,-0.20244596740184828
2024-08-08 00:00:00+00:00,2951.3424489314684,0.0,61685.99,2951.3424489314684,0.0,0.0,1.1872309824574456,-0.20244596740184828
2024-08-09 00:00:00+00:00,2951.3424489314684,0.0,60837.99,2951.3424489314684,0.0,0.0,1.1872309824574456,-0.20244596740184828
2024-08-10 00:00:00+00:00,2951.3424489314684,0.0,60923.51,2951.3424489314684,0.0,0.0,1.1872309824574456,-0.20244596740184828
2024-08-11 00:00:00+00:00,2951.3424489314684,0.0,58712.59,2951.3424489314684,0.0,0.0,1.1872309824574456,-0.20244596740184828
2024-08-12 00:00:00+00:00,2951.3424489314684,0.0,59346.64,2951.3424489314684,0.0,0.0,1.1872309824574456,-0.20244596740184828
2024-08-13 00:00:00+00:00,2951.3424489314684,0.0,60587.15,2951.3424489314684,0.0,0.0,1.1872309824574456,-0.20244596740184828
2024-08-14 00:00:00+00:00,2951.3424489314684,0.0,58683.39,2951.3424489314684,0.0,0.0,1.1872309824574456,-0.20244596740184828
2024-08-15 00:00:00+00:00,2951.3424489314684,0.0,57541.06,2951.3424489314684,0.0,0.0,1.1872309824574456,-0.20244596740184828
2024-08-16 00:00:00+00:00,2951.3424489314684,0.0,58874.6,2951.3424489314684,0.0,0.0,1.1872309824574456,-0.20244596740184828
2024-08-17 00:00:00+00:00,2951.3424489314684,0.0,59491.99,2951.3424489314684,0.0,0.0,1.1872309824574456,-0.20244596740184828
2024-08-18 00:00:00+00:00,2951.3424489314684,0.0,58427.35,2951.3424489314684,0.0,0.0,1.1872309824574456,-0.20244596740184828
2024-08-19 00:00:00+00:00,2951.3424489314684,0.0,59438.5,2951.3424489314684,0.0,0.0,1.1872309824574456,-0.20244596740184828
2024-08-20 00:00:00+00:00,2951.3424489314684,0.0,59013.8,2951.3424489314684,0.0,0.0,1.1872309824574456,-0.20244596740184828
2024-08-21 00:00:00+00:00,2951.3424489314684,0.0,61156.03,2951.3424489314684,0.0,0.0,1.1872309824574456,-0.20244596740184828
2024-08-22 00:00:00+00:00,2951.3424489314684,0.0,60375.84,2951.3424489314684,0.0,0.0,1.1872309824574456,-0.20244596740184828
2024-08-23 00:00:00+00:00,2951.3424489314684,0.0,64037.24,2951.3424489314684,0.0,0.0,1.1872309824574456,-0.20244596740184828
2024-08-24 00:00:00+00:00,0.0,0.046018857067845254,64157.01,2952.4322730903186,0.0,0.00036926387828861706,1.1876693839744523,-0.20215145950662627
2024-08-25 00:00:00+00:00,0.0,0.046018857067845254,64220.0,2955.331000897022,0.0,0.0009818100937060148,1.188835449763624,-0.2013681237563214
2024-08-26 00:00:00+00:00,0.0,0.046018857067845254,62834.0,2891.548865000989,0.0,-0.021582061663033225,1.1631779297796256,-0.21860424615547636
2024-08-27 00:00:00+00:00,0.0,0.0469723234218513,59415.0,2790.860596109295,60.0,-0.055571694062185206,1.0985381617260264,-0.2620277319296148
2024-08-28 00:00:00+00:00,0.0,0.0469723234218513,59034.9,2773.0064159766494,0.0,-0.006397374400403888,1.0915104018123336,-0.26674881682557616
2024-08-29 00:00:00+00:00,0.0,0.0469723234218513,59359.01,2788.2306157209055,0.0,0.0054901422717748005,1.0975029492094055,-0.2627231635090014
2024-08-30 00:00:00+00:00,0.0,0.0469723234218513,59123.99,2777.191180270302,0.0,-0.003959297838693643,1.0931576081546408,-0.265642262094239
2024-08-31 00:00:00+00:00,0.0,0.0469723234218513,58973.99,2770.1453317570245,0.0,-0.0025370412247210927,1.090384222237635,-0.2675053579489989
2024-09-01 00:00:00+00:00,0.0,0.0469723234218513,57301.86,2691.6015005936442,0.0,-0.028353686091105557,1.0594678102816149,-0.2882742810931297
2024-09-02 00:00:00+00:00,2687.561222973546,0.0,59132.13,2687.561222973546,0.0,-0.0015010682744852621,1.0578774767637626,-0.289342629989916
2024-09-03 00:00:00+00:00,2687.561222973546,0.0,57487.73,2687.561222973546,0.0,0.0,1.0578774767637626,-0.289342629989916
2024-09-04 00:00:00+00:00,2687.561222973546,0.0,57970.9,2687.561222973546,0.0,0.0,1.0578774767637626,-0.289342629989916
2024-09-05 00:00:00+00:00,2687.561222973546,0.0,56180.0,2687.561222973546,0.0,0.0,1.0578774767637626,-0.289342629989916
2024-09-06 00:00:00+00:00,2687.561222973546,0.0,53962.97,2687.561222973546,0.0,0.0,1.0578774767637626,-0.289342629989916
2024-09-07 00:00:00+00:00,2687.561222973546,0.0,54160.86,2687.561222973546,0.0,0.0,1.0578774767637626,-0.289342629989916
2024-09-08 00:00:00+00:00,2687.561222973546,0.0,54869.95,2687.561222973546,0.0,0.0,1.0578774767637626,-0.289342629989916
2024-09-09 00:00:00+00:00,2687.561222973546,0.0,57042.0,2687.561222973546,0.0,0.0,1.0578774767637626,-0.289342629989916
2024-09-10 00:00:00+00:00,2687.561222973546,0.0,57635.99,2687.561222973546,0.0,0.0,1.0578774767637626,-0.289342629989916
2024-09-11 00:00:00+00:00,2687.561222973546,0.0,57338.0,2687.561222973546,0.0,0.0,1.0578774767637626,-0.289342629989916
2024-09-12 00:00:00+00:00,2687.561222973546,0.0,58132.32,2687.561222973546,0.0,0.0,1.0578774767637626,-0.289342629989916
2024-09-13 00:00:00+00:00,2687.561222973546,0.0,60498.0,2687.561222973546,0.0,0.0,1.0578774767637626,-0.289342629989916
2024-09-14 00:00:00+00:00,2687.561222973546,0.0,59993.03,2687.561222973546,0.0,0.0,1.0578774767637626,-0.289342629989916
2024-09-15 00:00:00+00:00,2687.561222973546,0.0,59132.0,2687.561222973546,0.0,0.0,1.0578774767637626,-0.289342629989916
2024-09-16 00:00:00+00:00,2687.561222973546,0.0,58213.99,2687.561222973546,0.0,0.0,1.0578774767637626,-0.289342629989916
2024-09-17 00:00:00+00:00,2687.561222973546,0.0,60313.99,2687.561222973546,0.0,0.0,1.0578774767637626,-0.289342629989916
2024-09-18 00:00:00+00:00,2687.561222973546,0.0,61759.99,2687.561222973546,0.0,0.0,1.0578774767637626,-0.289342629989916
2024-09-19 00:00:00+00:00,4.547473508864641e-13,0.04345102733739957,62947.99,2735.1548343243553,0.0,0.01770884731628586,1.07661126747911,-0.2767577071302141
2024-09-20 00:00:00+00:00,4.547473508864641e-13,0.04345102733739957,63201.05,2746.1505513023576,0.0,0.004020144249244462,1.0809394000747379,-0.2738501687857233
2024-09-21 00:00:00+00:00,4.547473508864641e-13,0.04345102733739957,63348.96,2752.577392755832,0.0,0.0023403092195459774,1.0834691325185033,-0.27215075364096075
2024-09-22 00:00:00+00:00,4.547473508864641e-13,0.04345102733739957,63578.76,2762.562438837967,0.0,0.003627526008319837,1.0873994449759259,-0.2695104615696573
2024-09-23 00:00:00+00:00,4.547473508864641e-13,0.04345102733739957,63339.99,2752.1876370406158,0.0,-0.0037554994781276996,1.0833157169278025,-0.2722538146500102
2024-09-24 00:00:00+00:00,4.547473508864641e-13,0.04345102733739957,64262.7,2792.280334475108,0.0,0.014567574134444872,1.0990969989451576,-0.2616523181438648
2024-09-25 00:00:00+00:00,4.547473508864641e-13,0.04345102733739957,63152.01,2744.0197129217318,0.0,-0.017283587524333566,1.0801006597661567,-0.274413614926614
2024-09-26 00:00:00+00:00,4.547473508864641e-13,0.04345102733739957,65173.99,2831.8768211774063,0.0,0.03201766657941674,1.1146829625627575,-0.25118203197477007
2024-09-27 00:00:00+00:00,-7.105427357601002e-15,0.04437026068321155,65769.95,2918.2298266217895,60.0,0.009305844536495966,1.1250560289198472,-0.24421364837819248
2024-09-28 00:00:00+00:00,-7.105427357601002e-15,0.04437026068321155,65858.0,2922.136628074946,0.0,0.0013387572896133015,1.126562205879787,-0.2432018338905686
2024-09-29 00:00:00+00:00,-7.105427357601002e-15,0.04437026068321155,65602.01,2910.7782850426506,0.0,-0.0038869993015275828,1.122183259372405,-0.24614350783363326
2024-09-30 00:00:00+00:00,-7.105427357601002e-15,0.04437026068321155,63327.59,2809.861676739541,0.0,-0.0346699742888974,1.0832771946225326,-0.27227969303455957
2024-10-01 00:00:00+00:00,-7.105427357601002e-15,0.04437026068321155,60805.78,2697.968309646011,0.0,-0.03982166382772501,1.040139294346033,-0.3012587264591462
2024-10-02 00:00:00+00:00,2693.8846049600666,0.0,60649.28,2693.8846049600666,0.0,-0.001513622184272645,1.0385649164353772,-0.30231635675184465
2024-10-03 00:00:00+00:00,2693.8846049600666,0.0,60752.71,2693.8846049600666,0.0,0.0,1.0385649164353772,-0.30231635675184465
2024-10-04 00:00:00+00:00,2693.8846049600666,0.0,62086.0,2693.8846049600666,0.0,0.0,1.0385649164353772,-0.30231635675184465
2024-10-05 00:00:00+00:00,2693.8846049600666,0.0,62058.0,2693.8846049600666,0.0,0.0,1.0385649164353772,-0.30231635675184465
2024-10-06 00:00:00+00:00,2693.8846049600666,0.0,62819.91,2693.8846049600666,0.0,0.0,1.0385649164353772,-0.30231635675184465
2024-10-07 00:00:00+00:00,2693.8846049600666,0.0,62224.0,2693.8846049600666,0.0,0.0,1.0385649164353772,-0.30231635675184465
2024-10-08 00:00:00+00:00,2693.8846049600666,0.0,62160.49,2693.8846049600666,0.0,0.0,1.0385649164353772,-0.30231635675184465
2024-10-09 00:00:00+00:00,2693.8846049600666,0.0,60636.02,2693.8846049600666,0.0,0.0,1.0385649164353772,-0.30231635675184465
2024-10-10 00:00:00+00:00,2693.8846049600666,0.0,60326.39,2693.8846049600666,0.0,0.0,1.0385649164353772,-0.30231635675184465
2024-10-11 00:00:00+00:00,2693.8846049600666,0.0,62540.0,2693.8846049600666,0.0,0.0,1.0385649164353772,-0.30231635675184465
2024-10-12 00:00:00+00:00,2693.8846049600666,0.0,63206.22,2693.8846049600666,0.0,0.0,1.0385649164353772,-0.30231635675184465
2024-10-13 00:00:00+00:00,2693.8846049600666,0.0,62870.02,2693.8846049600666,0.0,0.0,1.0385649164353772,-0.30231635675184465
2024-10-14 00:00:00+00:00,2693.8846049600666,0.0,66083.99,2693.8846049600666,0.0,0.0,1.0385649164353772,-0.30231635675184465
2024-10-15 00:00:00+00:00,2693.8846049600666,0.0,67074.14,2693.8846049600666,0.0,0.0,1.0385649164353772,-0.30231635675184465
2024-10-16 00:00:00+00:00,0.0,0.04010261610964921,67620.01,2711.73930236064,0.0,0.006627862740556489,1.0454483821486684,-0.2976922053280644
2024-10-17 00:00:00+00:00,0.0,0.04010261610964921,67421.78,2703.789760769225,0.0,-0.0029315286998624623,1.0423836202121748,-0.2997510407842824
2024-10-18 00:00:00+00:00,0.0,0.04010261610964921,68428.0,2744.141815151076,0.0,0.014924257413553965,1.0579404216838935,-0.28930034506337376
2024-10-19 00:00:00+00:00,0.0,0.04010261610964921,68378.0,2742.1366843455935,0.0,-0.0007306950371194221,1.057167389868201,-0.28981964977411845
2024-10-20 00:00:00+00:00,0.0,0.04010261610964921,69031.99,2768.3633942551432,0.0,0.00956433355757702,1.0672784914110935,-0.2830272480185213
2024-10-21 00:00:00+00:00,0.0,0.04010261610964921,67377.5,2702.0140169278893,0.0,-0.023967004283086846,1.0416990232361973,-0.300210937036118
2024-10-22 00:00:00+00:00,0.0,0.04010261610964921,67426.0,2703.9589938092076,0.0,0.0007198248673518926,1.042448864097419,-0.29970721146669566
2024-10-23 00:00:00+00:00,0.0,0.04010261610964921,66668.65,2673.587277498564,0.0,-0.01123231394417612,1.030739751185127,-0.3075731199203442
2024-10-24 00:00:00+00:00,0.0,0.04010261610964921,68198.28,2734.9294421783675,0.0,0.02294376742291937,1.0543888043098764,-0.29168623862641896
2024-10-25 00:00:00+00:00,0.0,0.04010261610964921,66698.33,2674.777523144699,0.0,-0.02199395644582247,1.031198622870922,-0.30726486064404623
2024-10-26 00:00:00+00:00,0.0,0.04010261610964921,67092.76,2690.595198016828,0.0,0.005913641316056983,1.0372967616521926,-0.30316827350286635
2024-10-27 00:00:00+00:00,7.105427357601002e-15,0.04099556051807146,68021.7,2788.5877188921013,60.0,0.014120489363571576,1.0519438995419697,-0.2933286685206643
2024-10-28 00:00:00+00:00,7.105427357601002e-15,0.04099556051807146,69962.21,2868.1400140330247,0.0,0.028527808037729363,1.0819535531745634,-0.2731688844304553
2024-10-29 00:00:00+00:00,7.105427357601002e-15,0.04099556051807146,72736.42,2981.8703079778634,0.0,0.03965297837218107,1.1248562340182988,-0.24434786592454782
2024-10-30 00:00:00+00:00,7.105427357601002e-15,0.04099556051807146,72344.74,2965.8131668341452,0.0,-0.005384922711345941,1.1187989701367347,-0.24841699426320774
2024-10-31 00:00:00+00:00,7.105427357601002e-15,0.04099556051807146,70292.01,2881.660349891884,0.0,-0.028374281253896405,1.0870538534915053,-0.2697426218536323
2024-11-01 00:00:00+00:00,7.105427357601002e-15,0.04099556051807146,69496.01,2849.027883719499,0.0,-0.011324188908525934,1.0747438503008264,-0.27801219435560665
2024-11-02 00:00:00+00:00,7.105427357601002e-15,0.04099556051807146,69374.74,2844.056352095473,0.0,-0.0017449922664624085,1.0728684305936234,-0.2792720574929364
2024-11-03 00:00:00+00:00,7.105427357601002e-15,0.04099556051807146,68775.99,2819.5102602352777,0.0,-0.008630662976178316,1.0636088647513884,-0.2854924174622293
2024-11-04 00:00:00+00:00,7.105427357601002e-15,0.04099556051807146,67850.01,2781.549191106754,0.0,-0.013463710227944348,1.049288743200503,-0.2951123405091868
2024-11-05 00:00:00+00:00,7.105427357601002e-15,0.04099556051807146,69372.01,2843.9444342152583,0.0,0.022431831623900944,1.0728262116128313,-0.2793004192177232
2024-11-06 00:00:00+00:00,7.105427357601002e-15,0.04099556051807146,75571.99,3098.1160895160915,0.0,0.0893729329739763,1.1687078367160297,-0.21488938389009604
2024-11-07 00:00:00+00:00,7.105427357601002e-15,0.04099556051807146,75857.89,3109.836720268208,0.0,0.0037831476979763856,1.173129231078109,-0.211919194470103
2024-11-08 00:00:00+00:00,7.105427357601002e-15,0.04099556051807146,76509.78,3136.5613162143336,0.0,0.008593568843003663,1.1832105978871186,-0.20514676781393204
2024-11-09 00:00:00+00:00,7.105427357601002e-15,0.04099556051807146,76677.46,3143.435451802004,0.0,0.0021916152418686163,1.1858037402677886,-0.2034047553552245
2024-11-10 00:00:00+00:00,7.105427357601002e-15,0.04099556051807146,80370.01,3294.8136087930084,0.0,0.04815691599591321,1.2429083913755041,-0.16504318507612215
2024-11-11 00:00:00+00:00,7.105427357601002e-15,0.04099556051807146,88647.99,3634.174038850394,0.0,0.10299836966550102,1.3709259293307516,-0.07904399439786314
2024-11-12 00:00:00+00:00,7.105427357601002e-15,0.04099556051807146,87952.01,3605.641948641026,0.0,-0.007851052234799871,1.3601627182495344,-0.08627446810379813
2024-11-13 00:00:00+00:00,7.105427357601002e-15,0.04099556051807146,90375.2,3704.981980932812,0.0,0.027551274837266382,1.3976369351234306,-0.06110016484869851
2024-11-14 00:00:00+00:00,7.105427357601002e-15,0.04099556051807146,87325.59,3579.961509621296,0.0,-0.03374388106471682,1.35047524061297,-0.09278228921772635
2024-11-15 00:00:00+00:00,7.105427357601002e-15,0.04099556051807146,91032.07,3731.910734770318,0.0,0.04244437398018164,1.4077953167765227,-0.05427600141983924
2024-11-16 00:00:00+00:00,7.105427357601002e-15,0.04099556051807146,90586.92,3713.661561005698,0.0,-0.004890034907478413,1.4009111485349008,-0.05890062478573632
2024-11-17 00:00:00+00:00,7.105427357601002e-15,0.04099556051807146,89855.99,3683.696675956224,0.0,-0.008068824947354392,1.3896074417105755,-0.06649419090240483
2024-11-18 00:00:00+00:00,7.105427357601002e-15,0.04099556051807146,90464.08,3708.6256663516583,0.0,0.006767384122082554,1.3990114490475354,-0.06017679851204605
2024-11-19 00:00:00+00:00,7.105427357601002e-15,0.04099556051807146,92310.79,3784.3325779159854,0.0,0.020413737695668566,1.427570501801629,-0.040991494196567446
2024-11-20 00:00:00+00:00,7.105427357601002e-15,0.04099556051807146,94286.56,3865.3303765207756,0.0,0.02140345673566446,1.4581254452740509,-0.02046539713346951
2024-11-21 00:00:00+00:00,7.105427357601002e-15,0.04099556051807146,98317.12,4030.5654429224937,0.0,0.04274798019993509,1.5204573629376474,0.0
2024-11-22 00:00:00+00:00,7.105427357601002e-15,0.04099556051807146,98892.0,4054.132970753123,0.0,0.0058472013826280644,1.5293477833324434,0.0
2024-11-23 00:00:00+00:00,7.105427357601002e-15,0.04099556051807146,97672.4,4004.134785145283,0.0,-0.012332645714516866,1.5104868789463226,-0.012332645714516866
2024-11-24 00:00:00+00:00,7.105427357601002e-15,0.04099556051807146,97900.04,4013.4670145416167,0.0,0.002330648166728677,1.5140072924216066,-0.01003074060591369
2024-11-25 00:00:00+00:00,7.105427357601002e-15,0.04099556051807146,93010.01,3812.9974937414318,0.0,-0.04994921350389636,1.4383838189259837,-0.059478926505683094
2024-11-26 00:00:00+00:00,7.105427357601002e-15,0.04099556051807146,91965.16,3770.163282334125,0.0,-0.011233737099909935,1.4222253932554048,-0.07004449298224324
2024-11-27 00:00:00+00:00,-7.105427357601002e-15,0.041647004009145866,95863.11,3992.411326499191,60.0,0.04303475261278811,1.4834305112137764,-0.030024087796834076
2024-11-28 00:00:00+00:00,-7.105427357601002e-15,0.041647004009145866,95643.98,3983.2852185106667,0.0,-0.002285863665387078,1.4800395913080664,-0.03224132049083994
2024-11-29 00:00:00+00:00,-7.105427357601002e-15,0.041647004009145866,97460.0,4058.917010731356,0.0,0.018987290156683212,1.5081415324716114,-0.013866205641350993
2024-11-30 00:00:00+00:00,-7.105427357601002e-15,0.041647004009145866,96407.99,4015.1039460436946,0.0,-0.010794274574184248,1.4918622386733817,-0.02451080458454047
2024-12-01 00:00:00+00:00,-7.105427357601002e-15,0.041647004009145866,97185.18,4047.4715810895623,0.0,0.008061468764155144,1.5038888395108698,-0.016646928905927894
2024-12-02 00:00:00+00:00,-7.105427357601002e-15,0.041647004009145866,95840.62,3991.4746853790252,0.0,-0.01383503122595442,1.4830824904558726,-0.0302516493506525
2024-12-03 00:00:00+00:00,-7.105427357601002e-15,0.041647004009145866,95849.69,3991.8524237053884,0.0,9.463628261174861e-05,1.4832228438695758,-0.03015987597167824
2024-12-04 00:00:00+00:00,-7.105427357601002e-15,0.041647004009145866,98587.32,4105.866511290947,0.0,0.028561699051921963,1.5255862083631144,-0.0024595942207026322
2024-12-05 00:00:00+00:00,-7.105427357601002e-15,0.041647004009145866,96945.63,4037.495041279172,0.0,-0.016652141472148774,1.5001819309934927,-0.019070778181924264
2024-12-06 00:00:00+00:00,-7.105427357601002e-15,0.041647004009145866,99740.84,4153.907163355576,0.0,0.028832759145512643,1.5434363152842783,0.0
2024-12-07 00:00:00+00:00,-7.105427357601002e-15,0.041647004009145866,99831.99,4157.70328777101,0.0,0.0009138683812970338,1.5448468129313622,0.0
2024-12-08 00:00:00+00:00,-7.105427357601002e-15,0.041647004009145866,101109.59,4210.911500093094,0.0,0.012797501081567075,1.5646169916907067,0.0
2024-12-09 00:00:00+00:00,-7.105427357601002e-15,0.041647004009145866,97276.47,4051.2735360855577,0.0,-0.03791054834660079,1.505301503583303,-0.03791054834660079
2024-12-10 00:00:00+00:00,-7.105427357601002e-15,0.041647004009145866,96593.0,4022.8090582554264,0.0,-0.007026056763778654,1.4947251697725255,-0.04467024344575021
2024-12-11 00:00:00+00:00,-7.105427357601002e-15,0.041647004009145866,101125.0,4211.553280424876,0.0,0.04691851376393741,1.5648554532238013,0.0
2024-12-12 00:00:00+00:00,-7.105427357601002e-15,0.041647004009145866,100004.29,4164.879066561785,0.0,-0.01108242274412874,1.54751306355772,-0.01108242274412874
2024-12-13 00:00:00+00:00,-7.105427357601002e-15,0.041647004009145866,101424.25,4224.016146374613,0.0,0.014198990863292016,1.569486187408001,0.0
2024-12-14 00:00:00+00:00,-7.105427357601002e-15,0.041647004009145866,101420.0,4223.839146607574,0.0,-4.19031937628489e-05,1.569420420924182,-4.19031937628489e-05
2024-12-15 00:00:00+00:00,-7.105427357601002e-15,0.041647004009145866,104463.99,4350.612210341374,0.0,0.030013705383553635,1.6165245430607331,0.0
2024-12-16 00:00:00+00:00,-7.105427357601002e-15,0.041647004009145866,106058.66,4417.0254382246385,0.0,0.01526526030644626,1.6412012110023142,0.0
2024-12-17 00:00:00+00:00,-7.105427357601002e-15,0.041647004009145866,106133.74,4420.152295285645,0.0,0.0007079101319966696,1.642363033968228,0.0
2024-12-18 00:00:00+00:00,-7.105427357601002e-15,0.041647004009145866,100204.01,4173.196806202493,0.0,-0.05587035753192149,1.5506036240632117,-0.05587035753192149
2024-12-19 00:00:00+00:00,-7.105427357601002e-15,0.041647004009145866,97461.86,4058.9944741588133,0.0,-0.027365671293993143,1.5081703149798233,-0.08170709898661821
2024-12-20 00:00:00+00:00,-7.105427357601002e-15,0.041647004009145866,97805.44,4073.3035517962758,0.0,0.0035252764517319513,1.513487032276423,-0.07846986264688316
2024-12-21 00:00:00+00:00,-7.105427357601002e-15,0.041647004009145866,97291.99,4051.91989758778,0.0,-0.005249707991702768,1.5055416673077429,-0.08330762677354075
2024-12-22 00:00:00+00:00,-7.105427357601002e-15,0.041647004009145866,95186.27,3964.222968305641,0.0,-0.02164330280426996,1.472956773117756,-0.10314787738564579
2024-12-23 00:00:00+00:00,-7.105427357601002e-15,0.041647004009145866,94881.47,3951.5289614836533,0.0,-0.003202142493870186,1.4682401556429217,-0.10601972567818696
2024-12-24 00:00:00+00:00,-7.105427357601002e-15,0.041647004009145866,98663.58,4109.042511816684,0.0,0.03986141867321402,1.526766291199829,-0.07038440367785048
2024-12-25 00:00:00+00:00,-7.105427357601002e-15,0.041647004009145866,99429.6,4140.94494982777,0.0,0.0077639591022340415,1.538620042243374,-0.06316690620720644
2024-12-26 00:00:00+00:00,-7.105427357601002e-15,0.041647004009145866,95791.6,3989.433149242497,0.0,-0.03658870195595676,1.4823239320942696,-0.09744441305846785
2024-12-27 00:00:00+00:00,0.0,0.04227242528708272,94299.03,3986.248700319372,60.0,-0.01583795154836032,1.4588469574787857,-0.11173904471414964
2024-12-28 00:00:00+00:00,0.0,0.04227242528708272,95300.0,4028.562129858983,0.0,0.010614849378620228,1.4743323981988814,-0.102310288464881
2024-12-29 00:00:00+00:00,0.0,0.04227242528708272,93738.2,3962.5410560456176,0.0,-0.01638824763903457,1.4501706737549465,-0.11702184976053209
2024-12-30 00:00:00+00:00,0.0,0.04227242528708272,92792.05,3922.5450008602443,0.0,-0.010093537106537154,1.4355333222485889,-0.1259342224842357
2024-12-31 00:00:00+00:00,0.0,0.04227242528708272,93576.0,3955.684468664053,0.0,0.008448460832582105,1.4476613692954725,-0.1185497119977933
2025-01-01 00:00:00+00:00,0.0,0.04227242528708272,94591.79,3998.6243755464184,0.0,0.010855240659998211,1.4633760818533574,-0.10898135699170464
2025-01-02 00:00:00+00:00,0.0,0.04227242528708272,96984.79,4099.782289258407,0.0,0.025298178626284473,1.500396831369516,-0.0864402082015312
2025-01-03 00:00:00+00:00,0.0,0.04227242528708272,98174.18,4150.06068917061,0.0,0.012263675572221189,1.5187972113390205,-0.07523660729908876
2025-01-04 00:00:00+00:00,0.0,0.04227242528708272,98220.5,4152.018747909909,0.0,0.0004718144831972193,1.5195138018603698,-0.07480029053688186
2025-01-05 00:00:00+00:00,0.0,0.04227242528708272,98363.61,4158.068354692743,0.0,0.0014570278098766654,1.5217277757271717,-0.07345224883050439
2025-01-06 00:00:00+00:00,0.0,0.04227242528708272,102235.6,4321.746762680074,0.0,0.039364049367443865,1.5816291430147067,-0.03697957741217417
2025-01-07 00:00:00+00:00,0.0,0.04227242528708272,96954.61,4098.506507463243,0.0,-0.05165509861535522,1.4999299336593623,-0.08672449230954937
2025-01-08 00:00:00+00:00,0.0,0.04227242528708272,95060.61,4018.4425339695085,0.0,-0.01953491432743626,1.4706289309081695,-0.10456525110962822
2025-01-09 00:00:00+00:00,0.0,0.04227242528708272,92552.49,3912.418218658471,0.0,-0.026384429891623817,1.4318272249840291,-0.12819078646424997
2025-01-10 00:00:00+00:00,0.0,0.04227242528708272,94726.11,4004.3024077109794,0.0,0.02348526765730452,1.4654540706017947,-0.10771611373825873
2025-01-11 00:00:00+00:00,0.0,0.04227242528708272,94599.99,3998.971009433773,0.0,-0.0013314174940783907,1.463502939415427,-0.10890411611411188
2025-01-12 00:00:00+00:00,0.0,0.04227242528708272,94545.06,3996.648985112753,0.0,-0.0005806554525006336,1.4626531484539047,-0.10942153579779113
2025-01-13 00:00:00+00:00,0.0,0.04227242528708272,94536.1,3996.270224182181,0.0,-9.476962625010188e-05,1.4625145333616922,-0.10950593558598998
2025-01-14 00:00:00+00:00,0.0,0.04227242528708272,96560.86,4081.8617400064545,0.0,0.021417849900725594,1.4938384501148627,-0.09043346737688363
2025-01-15 00:00:00+00:00,0.0,0.04227242528708272,100497.35,4248.266719424803,0.0,0.04076693186038338,1.554737660421116,-0.0533532305189518
2025-01-16 00:00:00+00:00,0.0,0.04227242528708272,99987.3,4226.705668907126,0.0,-0.005075258203325994,1.546846965356044,-0.058157707301412565
2025-01-17 00:00:00+00:00,0.0,0.04227242528708272,104077.48,4399.607497367846,0.0,0.04090699518838892,1.6101238267250377,-0.019629769165770194
2025-01-18 00:00:00+00:00,0.0,0.04227242528708272,104556.23,4419.845420974037,0.0,0.0045999384304846735,1.6175302971934293,-0.015120126464852612
2025-01-19 00:00:00+00:00,0.0,0.04227242528708272,101331.57,4283.531222047794,0.0,-0.030841395103859193,1.567643406205224,-0.045495195774388986
2025-01-20 00:00:00+00:00,0.0,0.04227242528708272,102260.01,4322.778632581331,0.0,0.009162396279855933,1.5820067763183794,-0.03674964450704765
2025-01-21 00:00:00+00:00,0.0,0.04227242528708272,106143.82,4486.956700635557,0.0,0.03797975376689311,1.6420910041405077,-0.0001656331895530938
2025-01-22 00:00:00+00:00,0.0,0.04227242528708272,103706.66,4383.93203662289,0.0,-0.022960922265658157,1.604387080241301,-0.023122752364421406
2025-01-23 00:00:00+00:00,0.0,0.04227242528708272,103910.34,4392.542084205363,0.0,0.0019640011547954472,1.6075380983196337,-0.021204164321971697
2025-01-24 00:00:00+00:00,0.0,0.04227242528708272,104870.5,4433.130376069009,0.0,0.009240273874573157,1.6223921906119176,-0.01215982273301508
2025-01-25 00:00:00+00:00,0.0,0.04227242528708272,104746.85,4427.903390682261,0.0,-0.0011790732379459712,1.6204792713985146,-0.0133245586493983
2025-01-26 00:00:00+00:00,0.0,0.04227242528708272,102620.0,4337.996282960429,0.0,-0.020304667873067173,1.5875759779975778,-0.03335867578453433
2025-01-27 00:00:00+00:00,0.0,0.042856230578931905,102082.83,4374.885300629907,60.0,-0.005327570800671699,1.57911805457335,-0.03850852587814724
2025-01-28 00:00:00+00:00,0.0,0.042856230578931905,101335.52,4342.858410955966,0.0,-0.0073206238502594445,1.567557925280665,-0.04554724329542481
2025-01-29 00:00:00+00:00,0.0,0.042856230578931905,103733.24,4445.615652139682,0.0,0.023661199942527578,1.6046482267722246,-0.02296374578334126
2025-01-30 00:00:00+00:00,0.0,0.042856230578931905,104722.94,4488.030463543651,0.0,0.00954081835292131,1.6199578840241957,-0.013642020357641393
2025-01-31 00:00:00+00:00,0.0,0.042856230578931905,102429.56,4389.744841458541,0.0,-0.021899499765762886,1.584481616722462,-0.03524276670177762
2025-02-01 00:00:00+00:00,0.0,0.042856230578931905,100635.65,4312.864620860688,0.0,-0.01751359666096408,1.5567316447704724,-0.05213913576151041
2025-02-02 00:00:00+00:00,0.0,0.042856230578931905,97700.59,4187.079012737689,0.0,-0.029165211334154284,1.511329237360176,-0.07978369818240005
2025-02-03 00:00:00+00:00,4180.800487758089,0.0,101328.52,4180.800487758089,0.0,-0.001499499999999876,1.5090629991687547,-0.08116356252697543
2025-02-04 00:00:00+00:00,4180.800487758089,0.0,97763.13,4180.800487758089,0.0,0.0,1.5090629991687547,-0.08116356252697543
2025-02-05 00:00:00+00:00,4180.800487758089,0.0,96612.43,4180.800487758089,0.0,0.0,1.5090629991687547,-0.08116356252697543
2025-02-06 00:00:00+00:00,4180.800487758089,0.0,96554.35,4180.800487758089,0.0,0.0,1.5090629991687547,-0.08116356252697543
2025-02-07 00:00:00+00:00,4180.800487758089,0.0,96506.8,4180.800487758089,0.0,0.0,1.5090629991687547,-0.08116356252697543
2025-02-08 00:00:00+00:00,4180.800487758089,0.0,96444.74,4180.800487758089,0.0,0.0,1.5090629991687547,-0.08116356252697543
2025-02-09 00:00:00+00:00,4180.800487758089,0.0,96462.75,4180.800487758089,0.0,0.0,1.5090629991687547,-0.08116356252697543
2025-02-10 00:00:00+00:00,4180.800487758089,0.0,97430.82,4180.800487758089,0.0,0.0,1.5090629991687547,-0.08116356252697543
2025-02-11 00:00:00+00:00,4180.800487758089,0.0,95778.2,4180.800487758089,0.0,0.0,1.5090629991687547,-0.08116356252697543
2025-02-12 00:00:00+00:00,4180.800487758089,0.0,97869.99,4180.800487758089,0.0,0.0,1.5090629991687547,-0.08116356252697543
2025-02-13 00:00:00+00:00,4180.800487758089,0.0,96608.14,4180.800487758089,0.0,0.0,1.5090629991687547,-0.08116356252697543
2025-02-14 00:00:00+00:00,4180.800487758089,0.0,97500.48,4180.800487758089,0.0,0.0,1.5090629991687547,-0.08116356252697543
2025-02-15 00:00:00+00:00,4180.800487758089,0.0,97569.66,4180.800487758089,0.0,0.0,1.5090629991687547,-0.08116356252697543
2025-02-16 00:00:00+00:00,4180.800487758089,0.0,96118.12,4180.800487758089,0.0,0.0,1.5090629991687547,-0.08116356252697543
2025-02-17 00:00:00+00:00,4180.800487758089,0.0,95780.0,4180.800487758089,0.0,0.0,1.5090629991687547,-0.08116356252697543
2025-02-18 00:00:00+00:00,4180.800487758089,0.0,95671.74,4180.800487758089,0.0,0.0,1.5090629991687547,-0.08116356252697543
2025-02-19 00:00:00+00:00,4180.800487758089,0.0,96644.37,4180.800487758089,0.0,0.0,1.5090629991687547,-0.08116356252697543
2025-02-20 00:00:00+00:00,4180.800487758089,0.0,98305.0,4180.800487758089,0.0,0.0,1.5090629991687547,-0.08116356252697543
2025-02-21 00:00:00+00:00,4180.800487758089,0.0,96181.98,4180.800487758089,0.0,0.0,1.5090629991687547,-0.08116356252697543
2025-02-22 00:00:00+00:00,4180.800487758089,0.0,96551.01,4180.800487758089,0.0,0.0,1.5090629991687547,-0.08116356252697543
2025-02-23 00:00:00+00:00,4180.800487758089,0.0,96258.0,4180.800487758089,0.0,0.0,1.5090629991687547,-0.08116356252697543
2025-02-24 00:00:00+00:00,4180.800487758089,0.0,91552.88,4180.800487758089,0.0,0.0,1.5090629991687547,-0.08116356252697543
2025-02-25 00:00:00+00:00,4180.800487758089,0.0,88680.4,4180.800487758089,0.0,0.0,1.5090629991687547,-0.08116356252697543
2025-02-26 00:00:00+00:00,4180.800487758089,0.0,84250.09,4180.800487758089,0.0,0.0,1.5090629991687547,-0.08116356252697543
2025-02-27 00:00:00+00:00,4240.800487758089,0.0,84708.58,4240.800487758089,60.0,0.0,1.5090629991687547,-0.08116356252697543
2025-02-28 00:00:00+00:00,4240.800487758089,0.0,84349.94,4240.800487758089,0.0,0.0,1.5090629991687547,-0.08116356252697543
2025-03-01 00:00:00+00:00,4240.800487758089,0.0,86064.53,4240.800487758089,0.0,0.0,1.5090629991687547,-0.08116356252697543
2025-03-02 00:00:00+00:00,4240.800487758089,0.0,94270.0,4240.800487758089,0.0,0.0,1.5090629991687547,-0.08116356252697543
2025-03-03 00:00:00+00:00,4240.800487758089,0.0,86220.61,4240.800487758089,0.0,0.0,1.5090629991687547,-0.08116356252697543
2025-03-04 00:00:00+00:00,4240.800487758089,0.0,87281.98,4240.800487758089,0.0,0.0,1.5090629991687547,-0.08116356252697543
2025-03-05 00:00:00+00:00,4240.800487758089,0.0,90606.01,4240.800487758089,0.0,0.0,1.5090629991687547,-0.08116356252697543
2025-03-06 00:00:00+00:00,4240.800487758089,0.0,89931.89,4240.800487758089,0.0,0.0,1.5090629991687547,-0.08116356252697543
2025-03-07 00:00:00+00:00,4240.800487758089,0.0,86801.75,4240.800487758089,0.0,0.0,1.5090629991687547,-0.08116356252697543
2025-03-08 00:00:00+00:00,4240.800487758089,0.0,86222.45,4240.800487758089,0.0,0.0,1.5090629991687547,-0.08116356252697543
2025-03-09 00:00:00+00:00,4240.800487758089,0.0,80734.37,4240.800487758089,0.0,0.0,1.5090629991687547,-0.08116356252697543
2025-03-10 00:00:00+00:00,4240.800487758089,0.0,78595.86,4240.800487758089,0.0,0.0,1.5090629991687547,-0.08116356252697543
2025-03-11 00:00:00+00:00,4240.800487758089,0.0,82932.99,4240.800487758089,0.0,0.0,1.5090629991687547,-0.08116356252697543
2025-03-12 00:00:00+00:00,4240.800487758089,0.0,83680.12,4240.800487758089,0.0,0.0,1.5090629991687547,-0.08116356252697543
2025-03-13 00:00:00+00:00,4240.800487758089,0.0,81115.78,4240.800487758089,0.0,0.0,1.5090629991687547,-0.08116356252697543
2025-03-14 00:00:00+00:00,4240.800487758089,0.0,83983.2,4240.800487758089,0.0,0.0,1.5090629991687547,-0.08116356252697543
2025-03-15 00:00:00+00:00,4240.800487758089,0.0,84338.44,4240.800487758089,0.0,0.0,1.5090629991687547,-0.08116356252697543
2025-03-16 00:00:00+00:00,4240.800487758089,0.0,82574.53,4240.800487758089,0.0,0.0,1.5090629991687547,-0.08116356252697543
2025-03-17 00:00:00+00:00,4240.800487758089,0.0,84010.03,4240.800487758089,0.0,0.0,1.5090629991687547,-0.08116356252697543
2025-03-18 00:00:00+00:00,4240.800487758089,0.0,82715.03,4240.800487758089,0.0,0.0,1.5090629991687547,-0.08116356252697543
2025-03-19 00:00:00+00:00,4240.800487758089,0.0,86845.94,4240.800487758089,0.0,0.0,1.5090629991687547,-0.08116356252697543
2025-03-20 00:00:00+00:00,4240.800487758089,0.0,84223.39,4240.800487758089,0.0,0.0,1.5090629991687547,-0.08116356252697543
2025-03-21 00:00:00+00:00,4240.800487758089,0.0,84088.79,4240.800487758089,0.0,0.0,1.5090629991687547,-0.08116356252697543
2025-03-22 00:00:00+00:00,4240.800487758089,0.0,83840.59,4240.800487758089,0.0,0.0,1.5090629991687547,-0.08116356252697543
2025-03-23 00:00:00+00:00,4240.800487758089,0.0,86082.5,4240.800487758089,0.0,0.0,1.5090629991687547,-0.08116356252697543
2025-03-24 00:00:00+00:00,4240.800487758089,0.0,87498.16,4240.800487758089,0.0,0.0,1.5090629991687547,-0.08116356252697543
2025-03-25 00:00:00+00:00,4240.800487758089,0.0,87392.87,4240.800487758089,0.0,0.0,1.5090629991687547,-0.08116356252697543
2025-03-26 00:00:00+00:00,4240.800487758089,0.0,86909.17,4240.800487758089,0.0,0.0,1.5090629991687547,-0.08116356252697543
2025-03-27 00:00:00+00:00,4300.800487758089,0.0,87232.01,4300.800487758089,60.0,0.0,1.5090629991687547,-0.08116356252697543
2025-03-28 00:00:00+00:00,4300.800487758089,0.0,84424.38,4300.800487758089,0.0,0.0,1.5090629991687547,-0.08116356252697543
2025-03-29 00:00:00+00:00,4300.800487758089,0.0,82648.54,4300.800487758089,0.0,0.0,1.5090629991687547,-0.08116356252697543
2025-03-30 00:00:00+00:00,4300.800487758089,0.0,82389.99,4300.800487758089,0.0,0.0,1.5090629991687547,-0.08116356252697543
2025-03-31 00:00:00+00:00,4300.800487758089,0.0,82550.01,4300.800487758089,0.0,0.0,1.5090629991687547,-0.08116356252697543
2025-04-01 00:00:00+00:00,4300.800487758089,0.0,85158.34,4300.800487758089,0.0,0.0,1.5090629991687547,-0.08116356252697543
2025-04-02 00:00:00+00:00,4300.800487758089,0.0,82516.29,4300.800487758089,0.0,0.0,1.5090629991687547,-0.08116356252697543
2025-04-03 00:00:00+00:00,4300.800487758089,0.0,83213.09,4300.800487758089,0.0,0.0,1.5090629991687547,-0.08116356252697543
2025-04-04 00:00:00+00:00,4300.800487758089,0.0,83889.87,4300.800487758089,0.0,0.0,1.5090629991687547,-0.08116356252697543
2025-04-05 00:00:00+00:00,4300.800487758089,0.0,83537.99,4300.800487758089,0.0,0.0,1.5090629991687547,-0.08116356252697543
2025-04-06 00:00:00+00:00,4300.800487758089,0.0,78430.0,4300.800487758089,0.0,0.0,1.5090629991687547,-0.08116356252697543
2025-04-07 00:00:00+00:00,4300.800487758089,0.0,79163.24,4300.800487758089,0.0,0.0,1.5090629991687547,-0.08116356252697543
2025-04-08 00:00:00+00:00,4300.800487758089,0.0,76322.42,4300.800487758089,0.0,0.0,1.5090629991687547,-0.08116356252697543
2025-04-09 00:00:00+00:00,4300.800487758089,0.0,82615.22,4300.800487758089,0.0,0.0,1.5090629991687547,-0.08116356252697543
2025-04-10 00:00:00+00:00,4300.800487758089,0.0,79607.3,4300.800487758089,0.0,0.0,1.5090629991687547,-0.08116356252697543
2025-04-11 00:00:00+00:00,4300.800487758089,0.0,83423.84,4300.800487758089,0.0,0.0,1.5090629991687547,-0.08116356252697543
2025-04-12 00:00:00+00:00,4300.800487758089,0.0,85276.9,4300.800487758089,0.0,0.0,1.5090629991687547,-0.08116356252697543
2025-04-13 00:00:00+00:00,4300.800487758089,0.0,83760.0,4300.800487758089,0.0,0.0,1.5090629991687547,-0.08116356252697543
2025-04-14 00:00:00+00:00,4300.800487758089,0.0,84591.58,4300.800487758089,0.0,0.0,1.5090629991687547,-0.08116356252697543
2025-04-15 00:00:00+00:00,4300.800487758089,0.0,83643.99,4300.800487758089,0.0,0.0,1.5090629991687547,-0.08116356252697543
2025-04-16 00:00:00+00:00,4300.800487758089,0.0,84030.38,4300.800487758089,0.0,0.0,1.5090629991687547,-0.08116356252697543
2025-04-17 00:00:00+00:00,4300.800487758089,0.0,84947.91,4300.800487758089,0.0,0.0,1.5090629991687547,-0.08116356252697543
2025-04-18 00:00:00+00:00,4300.800487758089,0.0,84474.69,4300.800487758089,0.0,0.0,1.5090629991687547,-0.08116356252697543
2025-04-19 00:00:00+00:00,4300.800487758089,0.0,85077.01,4300.800487758089,0.0,0.0,1.5090629991687547,-0.08116356252697543
2025-04-20 00:00:00+00:00,4300.800487758089,0.0,85179.24,4300.800487758089,0.0,0.0,1.5090629991687547,-0.08116356252697543
2025-04-21 00:00:00+00:00,4300.800487758089,0.0,87516.23,4300.800487758089,0.0,0.0,1.5090629991687547,-0.08116356252697543
2025-04-22 00:00:00+00:00,4300.800487758089,0.0,93442.99,4300.800487758089,0.0,0.0,1.5090629991687547,-0.08116356252697543
2025-04-23 00:00:00+00:00,0.0,0.045956971254575964,93691.08,4305.758270370177,0.0,0.001152758103102114,1.5108025837691381,-0.08010436637825291
2025-04-24 00:00:00+00:00,0.0,0.045956971254575964,93980.47,4319.057758281539,0.0,0.0030887678955136,1.5154691022863431,-0.07726302227789894
2025-04-25 00:00:00+00:00,0.0,0.045956971254575964,94638.68,4349.307096331013,0.0,0.007003689170739458,1.5260829768266162,-0.07080045929958578
2025-04-26 00:00:00+00:00,0.0,0.045956971254575964,94628.0,4348.8162758780145,0.0,-0.0001128502637609552,1.5259107579601603,-0.07090531971284042
2025-04-27 00:00:00+00:00,0.0,0.046590083070186736,93749.3,4367.787674771857,60.0,-0.009434429624846308,1.5115146603003893,-0.07967079808882871
2025-04-28 00:00:00+00:00,0.0,0.046590083070186736,95011.18,4426.578768796464,0.0,0.013460153835815225,1.5318598801531225,-0.06728302545151132
2025-04-29 00:00:00+00:00,0.0,0.046590083070186736,94256.82,4391.433073731639,0.0,-0.007939697201950202,1.519697376548891,-0.07468851580454527
2025-04-30 00:00:00+00:00,0.0,0.046590083070186736,94172.0,4387.481302885625,0.0,-0.0008998818334843284,1.518329828487341,-0.07552118679948716
2025-05-01 00:00:00+00:00,0.0,0.046590083070186736,96489.91,4495.472922334842,0.0,0.024613579407892106,1.5557013602881853,-0.05276645411986258
2025-05-02 00:00:00+00:00,0.0,0.046590083070186736,96887.14,4513.979901032812,0.0,0.004116803508263267,1.5621058771060297,-0.04886687973503856
2025-05-03 00:00:00+00:00,0.0,0.046590083070186736,95856.42,4465.958570610709,0.0,-0.010638357164841628,1.5454876368560775,-0.05898537357972744
2025-05-04 00:00:00+00:00,0.0,0.046590083070186736,94277.62,4392.402147459498,0.0,-0.016470466975503584,1.5200327337721904,-0.07448432390764836
2025-05-05 00:00:00+00:00,0.0,0.046590083070186736,94733.68,4413.650020744488,0.0,0.0048374152847727725,1.527385763351895,-0.07000722022982242
2025-05-06 00:00:00+00:00,0.0,0.046590083070186736,96834.02,4511.505035820124,0.0,0.022170995574118946,1.5612494263511423,-0.0493883544255751
2025-05-07 00:00:00+00:00,0.0,0.046590083070186736,97030.5,4520.659055341754,0.0,0.0020290389679162857,1.5644172622758457,-0.0474595263533496
2025-05-08 00:00:00+00:00,0.0,0.046590083070186736,103261.6,4810.966521960395,0.0,0.06421795208723036,1.664880935069112,0.0
2025-05-09 00:00:00+00:00,0.0,0.046590083070186736,102971.99,4797.473568002438,0.0,-0.002804624371499198,1.6602115694229729,-0.002804624371499198
2025-05-10 00:00:00+00:00,0.0,0.046590083070186736,104809.53,4883.084709247229,0.0,0.017845046988020696,1.6898381228893815,0.0
2025-05-11 00:00:00+00:00,0.0,0.046590083070186736,104118.0,4850.8662691017025,0.0,-0.006597968715249425,1.6786886238207215,-0.006597968715249425
2025-05-12 00:00:00+00:00,0.0,0.046590083070186736,102791.32,4789.056137694148,0.0,-0.01274208110028996,1.6572986372338636,-0.019255977963072546
2025-05-13 00:00:00+00:00,0.0,0.046590083070186736,104103.72,4850.20096271546,0.0,0.01276761500873791,1.6784583881885715,-0.006734215867583937
2025-05-14 00:00:00+00:00,0.0,0.046590083070186736,103507.82,4822.437932213937,0.0,-0.005724099004339012,1.6688507261999168,-0.012419767553580319
2025-05-15 00:00:00+00:00,0.0,0.046590083070186736,103763.71,4834.359868570767,0.0,0.0024721803627976158,1.6729764261936688,-0.009978291096239156
2025-05-16 00:00:00+00:00,0.0,0.046590083070186736,103463.9,4820.391695765493,0.0,-0.002889353127408678,1.6681426065245653,-0.012838813417062722
2025-05-17 00:00:00+00:00,0.0,0.046590083070186736,103126.65,4804.679190250073,0.0,-0.003259591026435249,1.6627051438535234,-0.016056555162493713
2025-05-18 00:00:00+00:00,0.0,0.046590083070186736,106454.26,4959.7128165752565,0.0,0.0322672170578604,1.716356011633466,0.0
2025-05-19 00:00:00+00:00,0.0,0.046590083070186736,105573.74,4918.689316630296,0.0,-0.008271345834351629,1.702159437486377,-0.008271345834351629
2025-05-20 00:00:00+00:00,0.0,0.046590083070186736,106849.99,4978.149910148622,0.0,0.012088706907607882,1.7227363440361687,0.0
2025-05-21 00:00:00+00:00,0.0,0.046590083070186736,109643.99,5108.322602246724,0.0,0.02614880918566298,1.7677838479735772,0.0
2025-05-22 00:00:00+00:00,0.0,0.046590083070186736,111696.21,5203.935702525023,0.0,0.018717122570968137,1.8008716749350764,0.0
2025-05-23 00:00:00+00:00,0.0,0.046590083070186736,107318.3,4999.968511951221,0.0,-0.03919479452346686,1.7302868796728645,-0.03919479452346686
2025-05-24 00:00:00+00:00,0.0,0.046590083070186736,107761.91,5020.6363387019865,0.0,0.004133591381898505,1.7374391786068923,-0.03522321840642584
2025-05-25 00:00:00+00:00,0.0,0.046590083070186736,109004.19,5078.514267098419,0.0,0.01152800650990704,1.7574683887684401,-0.02410126538760793
2025-05-26 00:00:00+00:00,0.0,0.046590083070186736,109434.79,5098.575956868441,0.0,0.003950306864350717,1.7644109282084715,-0.020246165917357395
2025-05-27 00:00:00+00:00,7.105427357601002e-15,0.047137533386143106,108938.17,5135.076625400333,60.0,-0.00460899899636702,1.7562787600111796,-0.024761850355331072
2025-05-28 00:00:00+00:00,7.105427357601002e-15,0.047137533386143106,107781.78,5080.567253167931,0.0,-0.010615103962183237,1.7376356783870865,-0.035114104701696514
2025-05-29 00:00:00+00:00,7.105427357601002e-15,0.047137533386143106,105589.75,4977.240365859504,0.0,-0.02033766746104948,1.702296221791595,-0.05473763317813041
2025-05-30 00:00:00+00:00,7.105427357601002e-15,0.047137533386143106,103985.48,4901.619035174116,0.0,-0.015193425498213675,1.6764325109699136,-0.06909940652470359
2025-05-31 00:00:00+00:00,4894.268586762366,0.0,104591.88,4894.268586762366,0.0,-0.0014995960230698158,1.6739185394435183,-0.0704953813525524
2025-06-01 00:00:00+00:00,4894.268586762366,0.0,105642.93,4894.268586762366,0.0,0.0,1.6739185394435183,-0.0704953813525524
2025-06-02 00:00:00+00:00,4894.268586762366,0.0,105857.99,4894.268586762366,0.0,0.0,1.6739185394435183,-0.0704953813525524
2025-06-03 00:00:00+00:00,4894.268586762366,0.0,105376.89,4894.268586762366,0.0,0.0,1.6739185394435183,-0.0704953813525524
2025-06-04 00:00:00+00:00,4894.268586762366,0.0,104696.86,4894.268586762366,0.0,0.0,1.6739185394435183,-0.0704953813525524
2025-06-05 00:00:00+00:00,4894.268586762366,0.0,101508.68,4894.268586762366,0.0,0.0,1.6739185394435183,-0.0704953813525524
2025-06-06 00:00:00+00:00,4894.268586762366,0.0,104288.44,4894.268586762366,0.0,0.0,1.6739185394435183,-0.0704953813525524
2025-06-07 00:00:00+00:00,4894.268586762366,0.0,105552.15,4894.268586762366,0.0,0.0,1.6739185394435183,-0.0704953813525524
2025-06-08 00:00:00+00:00,4894.268586762366,0.0,105734.0,4894.268586762366,0.0,0.0,1.6739185394435183,-0.0704953813525524
2025-06-09 00:00:00+00:00,4894.268586762366,0.0,110263.02,4894.268586762366,0.0,0.0,1.6739185394435183,-0.0704953813525524
2025-06-10 00:00:00+00:00,4894.268586762366,0.0,110274.39,4894.268586762366,0.0,0.0,1.6739185394435183,-0.0704953813525524
2025-06-11 00:00:00+00:00,4894.268586762366,0.0,108645.12,4894.268586762366,0.0,0.0,1.6739185394435183,-0.0704953813525524
2025-06-12 00:00:00+00:00,4894.268586762366,0.0,105671.73,4894.268586762366,0.0,0.0,1.6739185394435183,-0.0704953813525524
2025-06-13 00:00:00+00:00,4894.268586762366,0.0,106066.59,4894.268586762366,0.0,0.0,1.6739185394435183,-0.0704953813525524
2025-06-14 00:00:00+00:00,4894.268586762366,0.0,105414.64,4894.268586762366,0.0,0.0,1.6739185394435183,-0.0704953813525524
2025-06-15 00:00:00+00:00,4894.268586762366,0.0,105594.01,4894.268586762366,0.0,0.0,1.6739185394435183,-0.0704953813525524
2025-06-16 00:00:00+00:00,4894.268586762366,0.0,106794.53,4894.268586762366,0.0,0.0,1.6739185394435183,-0.0704953813525524
2025-06-17 00:00:00+00:00,4894.268586762366,0.0,104551.17,4894.268586762366,0.0,0.0,1.6739185394435183,-0.0704953813525524
2025-06-18 00:00:00+00:00,4894.268586762366,0.0,104886.78,4894.268586762366,0.0,0.0,1.6739185394435183,-0.0704953813525524
2025-06-19 00:00:00+00:00,4894.268586762366,0.0,104658.59,4894.268586762366,0.0,0.0,1.6739185394435183,-0.0704953813525524
2025-06-20 00:00:00+00:00,4894.268586762366,0.0,103297.99,4894.268586762366,0.0,0.0,1.6739185394435183,-0.0704953813525524
2025-06-21 00:00:00+00:00,4894.268586762366,0.0,102120.01,4894.268586762366,0.0,0.0,1.6739185394435183,-0.0704953813525524
2025-06-22 00:00:00+00:00,4894.268586762366,0.0,100963.87,4894.268586762366,0.0,0.0,1.6739185394435183,-0.0704953813525524
2025-06-23 00:00:00+00:00,4894.268586762366,0.0,105333.93,4894.268586762366,0.0,0.0,1.6739185394435183,-0.0704953813525524
2025-06-24 00:00:00+00:00,4894.268586762366,0.0,106083.0,4894.268586762366,0.0,0.0,1.6739185394435183,-0.0704953813525524
2025-06-25 00:00:00+00:00,4894.268586762366,0.0,107340.58,4894.268586762366,0.0,0.0,1.6739185394435183,-0.0704953813525524
2025-06-26 00:00:00+00:00,4894.268586762366,0.0,106947.06,4894.268586762366,0.0,0.0,1.6739185394435183,-0.0704953813525524
2025-06-27 00:00:00+00:00,4954.268586762366,0.0,107047.59,4954.268586762366,60.0,0.0,1.6739185394435183,-0.0704953813525524
2025-06-28 00:00:00+00:00,4954.268586762366,0.0,107296.79,4954.268586762366,0.0,0.0,1.6739185394435183,-0.0704953813525524
2025-06-29 00:00:00+00:00,4954.268586762366,0.0,108356.93,4954.268586762366,0.0,0.0,1.6739185394435183,-0.0704953813525524
2025-06-30 00:00:00+00:00,4954.268586762366,0.0,107146.5,4954.268586762366,0.0,0.0,1.6739185394435183,-0.0704953813525524
2025-07-01 00:00:00+00:00,4954.268586762366,0.0,105681.14,4954.268586762366,0.0,0.0,1.6739185394435183,-0.0704953813525524
2025-07-02 00:00:00+00:00,4954.268586762366,0.0,108849.6,4954.268586762366,0.0,0.0,1.6739185394435183,-0.0704953813525524
2025-07-03 00:00:00+00:00,4954.268586762366,0.0,109584.78,4954.268586762366,0.0,0.0,1.6739185394435183,-0.0704953813525524
2025-07-04 00:00:00+00:00,4954.268586762366,0.0,107984.24,4954.268586762366,0.0,0.0,1.6739185394435183,-0.0704953813525524
2025-07-05 00:00:00+00:00,4954.268586762366,0.0,108198.12,4954.268586762366,0.0,0.0,1.6739185394435183,-0.0704953813525524
2025-07-06 00:00:00+00:00,4954.268586762366,0.0,109203.84,4954.268586762366,0.0,0.0,1.6739185394435183,-0.0704953813525524
2025-07-07 00:00:00+00:00,4954.268586762366,0.0,108262.94,4954.268586762366,0.0,0.0,1.6739185394435183,-0.0704953813525524
2025-07-08 00:00:00+00:00,4954.268586762366,0.0,108922.98,4954.268586762366,0.0,0.0,1.6739185394435183,-0.0704953813525524
2025-07-09 00:00:00+00:00,4954.268586762366,0.0,111233.99,4954.268586762366,0.0,0.0,1.6739185394435183,-0.0704953813525524
2025-07-10 00:00:00+00:00,0.0,0.044472426097889005,116010.0,5159.246151616104,0.0,0.04137393063457062,1.7431751289823763,-0.03203812173611986
2025-07-11 00:00:00+00:00,0.0,0.044472426097889005,117527.66,5226.740173807826,0.0,0.013082148090681756,1.765979604167717,-0.01937510109853735
2025-07-12 00:00:00+00:00,0.0,0.044472426097889005,117420.0,5221.952272414127,0.0,-0.000916039679510372,1.7643618967770933,-0.02027339241664694
2025-07-13 00:00:00+00:00,0.0,0.044472426097889005,119086.64,5296.071796645912,0.0,0.014193834099812674,1.789404956831978,-0.006367315485436564
2025-07-14 00:00:00+00:00,0.0,0.044472426097889005,119841.18,5329.628021033814,0.0,0.00633605919186242,1.8007427325566776,-7.15999813831747e-05
2025-07-15 00:00:00+00:00,0.0,0.044472426097889005,117758.09,5236.987954953562,0.0,-0.017382088527499562,1.7694420629641259,-0.017452443951667784
2025-07-16 00:00:00+00:00,0.0,0.044472426097889005,118630.43,5275.783031135795,0.0,0.007407898684498093,1.7825499104946534,-0.010173831203760586
2025-07-17 00:00:00+00:00,0.0,0.044472426097889005,119177.56,5300.115229626733,0.0,0.004612054428193568,1.7907711277028262,-0.005608699038821996
2025-07-18 00:00:00+00:00,0.0,0.044472426097889005,117924.84,5244.403732005385,0.0,-0.010511374792368744,1.771947661212189,-0.016061118693496135
2025-07-19 00:00:00+00:00,0.0,0.044472426097889005,117840.0,5240.6306913752405,0.0,-0.0007194412983726473,1.770672848886158,-0.01676900495978262
2025-07-20 00:00:00+00:00,0.0,0.044472426097889005,117265.12,5215.064383060086,0.0,-0.004878479293958016,1.7620346580564932,-0.021565677010264128
2025-07-21 00:00:00+00:00,0.0,0.044472426097889005,117380.36,5220.189385443607,0.0,0.00098273041463659,1.7637662631066091,-0.020604139842337665
2025-07-22 00:00:00+00:00,0.0,0.044472426097889005,119954.42,5334.664078565139,0.0,0.021929222231044543,1.802444285453893,0.0
2025-07-23 00:00:00+00:00,0.0,0.044472426097889005,118755.99,5281.366988956646,0.0,-0.009990711471907332,1.784436584653735,-0.009990711471907332
2025-07-24 00:00:00+00:00,0.0,0.044472426097889005,118340.99,5262.910932126022,0.0,-0.0034945605691132364,1.7782007629269208,-0.013450358894653514
2025-07-25 00:00:00+00:00,0.0,0.044472426097889005,117614.31,5230.593709529207,0.0,-0.006140560426273423,1.7672816136921226,-0.019508326579379176
2025-07-26 00:00:00+00:00,0.0,0.044472426097889005,117919.99,5244.188040738811,0.0,0.0025990034716014687,1.7718747847414058,-0.016960025316282712
2025-07-27 00:00:00+00:00,-7.105427357601002e-15,0.044980483339817336,119415.55,5371.369157290124,60.0,0.012810584980825546,1.7945735372467175,-0.00436670818104834
2025-07-28 00:00:00+00:00,-7.105427357601002e-15,0.044980483339817336,118062.32,5310.500217820183,0.0,-0.011332108758030368,1.7742372347483544,-0.015649332927056503
2025-07-29 00:00:00+00:00,-7.105427357601002e-15,0.044980483339817336,117950.76,5305.4821950987925,0.0,-0.0009449246804570377,1.7725607141962547,-0.01657947016659822
2025-07-30 00:00:00+00:00,-7.105427357601002e-15,0.044980483339817336,117840.3,5300.513650909077,0.0,-0.0009364924821169129,1.7709007244133141,-0.017500436099546546
2025-07-31 00:00:00+00:00,-7.105427357601002e-15,0.044980483339817336,115764.08,5207.124271789281,0.0,-0.01761893002648507,1.7396993484660241,-0.03481102716696083
2025-08-01 00:00:00+00:00,-7.105427357601002e-15,0.044980483339817336,113297.93,5096.19565280079,0.0,-0.021303240176054672,1.7026381154115267,-0.05537267967050252
2025-08-02 00:00:00+00:00,5088.553458289065,0.0,112546.35,5088.553458289065,0.0,-0.00149958813051565,1.700084859503092,-0.05678923158782945
2025-08-03 00:00:00+00:00,5088.553458289065,0.0,114208.8,5088.553458289065,0.0,0.0,1.700084859503092,-0.05678923158782945
2025-08-04 00:00:00+00:00,5088.553458289065,0.0,115055.03,5088.553458289065,0.0,0.0,1.700084859503092,-0.05678923158782945
2025-08-05 00:00:00+00:00,5088.553458289065,0.0,114129.75,5088.553458289065,0.0,0.0,1.700084859503092,-0.05678923158782945
2025-08-06 00:00:00+00:00,5088.553458289065,0.0,114992.27,5088.553458289065,0.0,0.0,1.700084859503092,-0.05678923158782945
2025-08-07 00:00:00+00:00,5088.553458289065,0.0,117472.01,5088.553458289065,0.0,0.0,1.700084859503092,-0.05678923158782945
2025-08-08 00:00:00+00:00,5088.553458289065,0.0,116674.74,5088.553458289065,0.0,0.0,1.700084859503092,-0.05678923158782945
2025-08-09 00:00:00+00:00,5088.553458289065,0.0,116462.25,5088.553458289065,0.0,0.0,1.700084859503092,-0.05678923158782945
2025-08-10 00:00:00+00:00,5088.553458289065,0.0,119294.01,5088.553458289065,0.0,0.0,1.700084859503092,-0.05678923158782945
2025-08-11 00:00:00+00:00,5088.553458289065,0.0,118686.0,5088.553458289065,0.0,0.0,1.700084859503092,-0.05678923158782945
2025-08-12 00:00:00+00:00,5088.553458289065,0.0,120134.08,5088.553458289065,0.0,0.0,1.700084859503092,-0.05678923158782945
2025-08-13 00:00:00+00:00,5088.553458289065,0.0,123306.43,5088.553458289065,0.0,0.0,1.700084859503092,-0.05678923158782945
2025-08-14 00:00:00+00:00,9.094947017729282e-13,0.04120571093885279,118295.09,4874.433284025576,0.0,-0.042078790371101515,1.6285473450869778,-0.09647839978761075
2025-08-15 00:00:00+00:00,9.094947017729282e-13,0.04120571093885279,117342.05,4835.162593272412,0.0,-0.008056462867562675,1.6154270138732167,-0.10375758800976276
2025-08-16 00:00:00+00:00,9.094947017729282e-13,0.04120571093885279,117380.66,4836.75354577176,0.0,0.000329038055837394,1.6159585508372087,-0.10346269014896248
2025-08-17 00:00:00+00:00,9.094947017729282e-13,0.04120571093885279,117405.01,4837.756904833122,0.0,0.00020744473578537814,1.6162937729318272,-0.10327670820359869
2025-08-18 00:00:00+00:00,9.094947017729282e-13,0.04120571093885279,116227.05,4789.218225575591,0.0,-0.010033302667407429,1.6000770083085563,-0.11227380439910595
2025-08-19 00:00:00+00:00,9.094947017729282e-13,0.04120571093885279,112872.94,4651.009738458475,0.0,-0.028858256318128994,1.5539015758740429,-0.1378920344920741
2025-08-20 00:00:00+00:00,4644.035960794887,0.0,114271.24,4644.035960794887,0.0,-0.001499411537654538,1.5515716379227977,-0.13918468912226056
2025-08-21 00:00:00+00:00,4644.035960794887,0.0,112500.0,4644.035960794887,0.0,0.0,1.5515716379227977,-0.13918468912226056
2025-08-22 00:00:00+00:00,4644.035960794887,0.0,116935.99,4644.035960794887,0.0,0.0,1.5515716379227977,-0.13918468912226056
2025-08-23 00:00:00+00:00,4644.035960794887,0.0,115438.05,4644.035960794887,0.0,0.0,1.5515716379227977,-0.13918468912226056
2025-08-24 00:00:00+00:00,4644.035960794887,0.0,113493.59,4644.035960794887,0.0,0.0,1.5515716379227977,-0.13918468912226056
2025-08-25 00:00:00+00:00,4644.035960794887,0.0,110111.98,4644.035960794887,0.0,0.0,1.5515716379227977,-0.13918468912226056
2025-08-26 00:00:00+00:00,4644.035960794887,0.0,111763.22,4644.035960794887,0.0,0.0,1.5515716379227977,-0.13918468912226056
2025-08-27 00:00:00+00:00,4704.035960794887,0.0,111262.01,4704.035960794887,60.0,0.0,1.5515716379227977,-0.13918468912226056
2025-08-28 00:00:00+00:00,4704.035960794887,0.0,112566.9,4704.035960794887,0.0,0.0,1.5515716379227977,-0.13918468912226056
2025-08-29 00:00:00+00:00,4704.035960794887,0.0,108377.4,4704.035960794887,0.0,0.0,1.5515716379227977,-0.13918468912226056
2025-08-30 00:00:00+00:00,4704.035960794887,0.0,108816.33,4704.035960794887,0.0,0.0,1.5515716379227977,-0.13918468912226056
2025-08-31 00:00:00+00:00,4704.035960794887,0.0,108246.35,4704.035960794887,0.0,0.0,1.5515716379227977,-0.13918468912226056
2025-09-01 00:00:00+00:00,4704.035960794887,0.0,109237.42,4704.035960794887,0.0,0.0,1.5515716379227977,-0.13918468912226056
2025-09-02 00:00:00+00:00,4704.035960794887,0.0,111240.01,4704.035960794887,0.0,0.0,1.5515716379227977,-0.13918468912226056
2025-09-03 00:00:00+00:00,4704.035960794887,0.0,111705.71,4704.035960794887,0.0,0.0,1.5515716379227977,-0.13918468912226056
2025-09-04 00:00:00+00:00,4704.035960794887,0.0,110730.87,4704.035960794887,0.0,0.0,1.5515716379227977,-0.13918468912226056
2025-09-05 00:00:00+00:00,4704.035960794887,0.0,110659.99,4704.035960794887,0.0,0.0,1.5515716379227977,-0.13918468912226056
2025-09-06 00:00:00+00:00,4704.035960794887,0.0,110187.97,4704.035960794887,0.0,0.0,1.5515716379227977,-0.13918468912226056
2025-09-07 00:00:00+00:00,4704.035960794887,0.0,111137.34,4704.035960794887,0.0,0.0,1.5515716379227977,-0.13918468912226056
2025-09-08 00:00:00+00:00,4704.035960794887,0.0,112065.23,4704.035960794887,0.0,0.0,1.5515716379227977,-0.13918468912226056
2025-09-09 00:00:00+00:00,4704.035960794887,0.0,111546.39,4704.035960794887,0.0,0.0,1.5515716379227977,-0.13918468912226056
2025-09-10 00:00:00+00:00,4704.035960794887,0.0,113960.0,4704.035960794887,0.0,0.0,1.5515716379227977,-0.13918468912226056
2025-09-11 00:00:00+00:00,4704.035960794887,0.0,115482.69,4704.035960794887,0.0,0.0,1.5515716379227977,-0.13918468912226056
2025-09-12 00:00:00+00:00,4704.035960794887,0.0,116029.42,4704.035960794887,0.0,0.0,1.5515716379227977,-0.13918468912226056
2025-09-13 00:00:00+00:00,4704.035960794887,0.0,115918.29,4704.035960794887,0.0,0.0,1.5515716379227977,-0.13918468912226056
2025-09-14 00:00:00+00:00,4704.035960794887,0.0,115268.01,4704.035960794887,0.0,0.0,1.5515716379227977,-0.13918468912226056
2025-09-15 00:00:00+00:00,4704.035960794887,0.0,115349.71,4704.035960794887,0.0,0.0,1.5515716379227977,-0.13918468912226056
2025-09-16 00:00:00+00:00,4704.035960794887,0.0,116788.96,4704.035960794887,0.0,0.0,1.5515716379227977,-0.13918468912226056
2025-09-17 00:00:00+00:00,0.0,0.04021774087298717,116447.59,4683.258999903852,0.0,-0.004416837172206423,1.544718598637079,-0.1429867701857498
2025-09-18 00:00:00+00:00,0.0,0.04021774087298717,117073.53,4708.4328926258895,0.0,0.005375293726559649,1.553021914829633,-0.1383800723479507
2025-09-19 00:00:00+00:00,0.0,0.04021774087298717,115632.38,4650.473095366784,0.0,-0.012309785141013552,1.5339045487387948,-0.148986428530563
2025-09-20 00:00:00+00:00,0.0,0.04021774087298717,115685.63,4652.614690068271,0.0,0.0004605111474831336,1.5346109288826641,-0.14859452729424183
2025-09-21 00:00:00+00:00,0.0,0.04021774087298717,115232.29,4634.38237942091,0.0,-0.003918723526854739,1.5285972129310832,-0.15193094995102685
2025-09-22 00:00:00+00:00,0.0,0.04021774087298717,112650.99,4530.568324905469,0.0,-0.022400839209217982,1.4943553525485553,-0.17092840837948808
2025-09-23 00:00:00+00:00,4523.774737702274,0.0,111998.8,4523.774737702274,0.0,-0.001499499999999765,1.4921145666974092,-0.17217160123112285
2025-09-24 00:00:00+00:00,4523.774737702274,0.0,113307.0,4523.774737702274,0.0,0.0,1.4921145666974092,-0.17217160123112285
2025-09-25 00:00:00+00:00,4523.774737702274,0.0,108994.49,4523.774737702274,0.0,0.0,1.4921145666974092,-0.17217160123112285
2025-09-26 00:00:00+00:00,4523.774737702274,0.0,109643.46,4523.774737702274,0.0,0.0,1.4921145666974092,-0.17217160123112285
2025-09-27 00:00:00+00:00,4583.774737702274,0.0,109635.85,4583.774737702274,60.0,0.0,1.4921145666974092,-0.17217160123112285
2025-09-28 00:00:00+00:00,4583.774737702274,0.0,112163.95,4583.774737702274,0.0,0.0,1.4921145666974092,-0.17217160123112285
2025-09-29 00:00:00+00:00,4583.774737702274,0.0,114311.96,4583.774737702274,0.0,0.0,1.4921145666974092,-0.17217160123112285
2025-09-30 00:00:00+00:00,4583.774737702274,0.0,114048.93,4583.774737702274,0.0,0.0,1.4921145666974092,-0.17217160123112285
2025-10-01 00:00:00+00:00,4583.774737702274,0.0,118594.99,4583.774737702274,0.0,0.0,1.4921145666974092,-0.17217160123112285
2025-10-02 00:00:00+00:00,-9.094947017729282e-13,0.03859275243090629,120529.35,4651.559365208054,0.0,0.014787949099732245,1.5141798809606994,-0.1599297170068158
2025-10-03 00:00:00+00:00,-9.094947017729282e-13,0.03859275243090629,122232.0,4717.269315134537,0.0,0.014126434764644369,1.5355698442710277,-0.14806251895639633
2025-10-04 00:00:00+00:00,-9.094947017729282e-13,0.03859275243090629,122391.0,4723.405562771051,0.0,0.0013008050265070903,1.537567321243008,-0.14695431439878504
2025-10-05 00:00:00+00:00,-9.094947017729282e-13,0.03859275243090629,123482.31,4765.522219426423,0.0,0.008916587003946264,1.551277174037296,-0.1393480583247808
2025-10-06 00:00:00+00:00,-9.094947017729282e-13,0.03859275243090629,124658.54,4810.916172618228,0.0,0.009525493975614863,1.566053855413097,-0.13114992343925236
2025-10-07 00:00:00+00:00,-9.094947017729282e-13,0.03859275243090629,121332.95,4682.572501061531,0.0,-0.02667759465175834,1.524275305455563,-0.15432875359488918
2025-10-08 00:00:00+00:00,-9.094947017729282e-13,0.03859275243090629,123306.0,4758.71793124533,0.0,0.016261452474368943,1.5490622358930828,-0.1405769108125321
2025-10-09 00:00:00+00:00,-9.094947017729282e-13,0.03859275243090629,121662.4,4695.286883349892,0.0,-0.013329440578722873,1.5284141028670024,-0.15203253981183895
2025-10-10 00:00:00+00:00,-9.094947017729282e-13,0.03859275243090629,112774.5,4352.27835901924,0.0,-0.07305379476321361,1.416757652682955,-0.21397978061430833
2025-10-11 00:00:00+00:00,-9.094947017729282e-13,0.03859275243090629,110644.4,4270.071937066167,0.0,-0.01888813517240151,1.3899977426325452,-0.22882623676630598
2025-10-12 00:00:00+00:00,-9.094947017729282e-13,0.03859275243090629,114958.8,4436.576508154069,0.0,0.03899338782622519,1.4441984636885936,-0.198755559135125
2025-10-13 00:00:00+00:00,-9.094947017729282e-13,0.03859275243090629,115166.0,4444.572926457753,0.0,0.0018023848543999854,1.4468014651262937,-0.19731140829023797
2025-10-14 00:00:00+00:00,-9.094947017729282e-13,0.03859275243090629,113028.14,4362.067024745816,0.0,-0.018563291249153457,1.4199440681494524,-0.212211950400519
2025-10-15 00:00:00+00:00,-9.094947017729282e-13,0.03859275243090629,110763.28,4274.659843475153,0.0,-0.020038018850880857,1.3914912021446773,-0.22799766218889206
2025-10-16 00:00:00+00:00,-9.094947017729282e-13,0.03859275243090629,108194.28,4175.5150624801545,0.0,-0.023193607123227267,1.3592175018867063,-0.24590318111029597
2025-10-17 00:00:00+00:00,-9.094947017729282e-13,0.03859275243090629,106431.68,4107.491477045439,0.0,-0.016291064555353674,1.3370744018187035,-0.2581882210678149
2025-10-18 00:00:00+00:00,-9.094947017729282e-13,0.03859275243090629,107185.01,4136.564555234214,0.0,0.007078061719969275,1.3465382969589672,-0.2529376315119327
2025-10-19 00:00:00+00:00,-9.094947017729282e-13,0.03859275243090629,108642.78,4192.8239119454165,0.0,0.01360050253295686,1.364851894477481,-0.24277720787703405
2025-10-20 00:00:00+00:00,-9.094947017729282e-13,0.03859275243090629,110532.09,4265.7375850406515,0.0,0.017390110967337113,1.3885868203764247,-0.22960901949501888
2025-10-21 00:00:00+00:00,-9.094947017729282e-13,0.03859275243090629,108297.67,4179.505167153986,0.0,-0.02021512485650101,1.3605163644284235,-0.2451825693542493
2025-10-22 00:00:00+00:00,-9.094947017729282e-13,0.03859275243090629,107567.44,4151.323581546366,0.0,-0.006742804346575371,1.3513426687727685,-0.2502721556064783
2025-10-23 00:00:00+00:00,-9.094947017729282e-13,0.03859275243090629,110078.18,4248.219948784739,0.0,0.02334107793213258,1.3828844633176098,-0.23277269956259938
2025-10-24 00:00:00+00:00,-9.094947017729282e-13,0.03859275243090629,111004.89,4283.984238389984,0.0,0.008418652997351339,1.3945264877497092,-0.22631367915012224
2025-10-25 00:00:00+00:00,-9.094947017729282e-13,0.03859275243090629,111646.27,4308.736857944119,0.0,0.005777943656356088,1.4025839832232232,-0.2218433631805582
2025-10-26 00:00:00+00:00,-9.094947017729282e-13,0.03859275243090629,114559.4,4421.162562833165,0.0,0.026092497313165985,1.4391809020369648,-0.20153931322512464
2025-10-27 00:00:00+00:00,-7.105427357601002e-15,0.03911571344203244,114107.65,4463.402138943733,60.0,-0.004017138849119917,1.4333995125244807,-0.20474684066946292
2025-10-28 00:00:00+00:00,-7.105427357601002e-15,0.03911571344203244,112898.45,4416.103418249628,0.0,-0.010597010805147522,1.4182097624021657,-0.21317414699171633
2025-10-29 00:00:00+00:00,-7.105427357601002e-15,0.03911571344203244,110021.29,4303.561252162749,0.0,-0.025484495137001573,1.3820674026089794,-0.23322600661637305
2025-10-30 00:00:00+00:00,-7.105427357601002e-15,0.03911571344203244,108322.88,4237.126733295668,0.0,-0.015437103127948881,1.3607322855851283,-0.24506277582806524
2025-10-31 00:00:00+00:00,-7.105427357601002e-15,0.03911571344203244,109608.01,4287.395510111426,0.0,0.011863883235009753,1.3768758545354183,-0.23610628875072703
2025-11-01 00:00:00+00:00,-7.105427357601002e-15,0.03911571344203244,110098.1,4306.565730112232,0.0,0.004471297307560018,1.383032275836647,-0.23269069285635613
2025-11-02 00:00:00+00:00,-7.105427357601002e-15,0.03911571344203244,110540.68,4323.877562567406,0.0,0.004019869552698729,1.3885918851726822,-0.22960620953506705
2025-11-03 00:00:00+00:00,-7.105427357601002e-15,0.03911571344203244,106583.04,4169.071650420681,0.0,-0.03580256607793608,1.3388767324485014,-0.25718828412421946
2025-11-04 00:00:00+00:00,-7.105427357601002e-15,0.03911571344203244,101497.22,3970.136172682924,0.0,-0.04771697260652341,1.2749895880827447,-0.2926330104224687
2025-11-05 00:00:00+00:00,3964.1833440625805,0.0,103885.16,3964.1833440625805,0.0,-0.0014994016228719875,1.2730778666252285,-0.2936936376346073
2025-11-06 00:00:00+00:00,3964.1833440625805,0.0,101346.04,3964.1833440625805,0.0,0.0,1.2730778666252285,-0.2936936376346073
2025-11-07 00:00:00+00:00,3964.1833440625805,0.0,103339.08,3964.1833440625805,0.0,0.0,1.2730778666252285,-0.2936936376346073
2025-11-08 00:00:00+00:00,3964.1833440625805,0.0,102312.94,3964.1833440625805,0.0,0.0,1.2730778666252285,-0.2936936376346073
2025-11-09 00:00:00+00:00,3964.1833440625805,0.0,104722.96,3964.1833440625805,0.0,0.0,1.2730778666252285,-0.2936936376346073
2025-11-10 00:00:00+00:00,3964.1833440625805,0.0,106011.13,3964.1833440625805,0.0,0.0,1.2730778666252285,-0.2936936376346073
2025-11-11 00:00:00+00:00,3964.1833440625805,0.0,103058.99,3964.1833440625805,0.0,0.0,1.2730778666252285,-0.2936936376346073
2025-11-12 00:00:00+00:00,3964.1833440625805,0.0,101654.37,3964.1833440625805,0.0,0.0,1.2730778666252285,-0.2936936376346073
2025-11-13 00:00:00+00:00,3964.1833440625805,0.0,99692.02,3964.1833440625805,0.0,0.0,1.2730778666252285,-0.2936936376346073
2025-11-14 00:00:00+00:00,3964.1833440625805,0.0,94594.0,3964.1833440625805,0.0,0.0,1.2730778666252285,-0.2936936376346073
2025-11-15 00:00:00+00:00,3964.1833440625805,0.0,95596.24,3964.1833440625805,0.0,0.0,1.2730778666252285,-0.2936936376346073
2025-11-16 00:00:00+00:00,3964.1833440625805,0.0,94261.44,3964.1833440625805,0.0,0.0,1.2730778666252285,-0.2936936376346073
2025-11-17 00:00:00+00:00,3964.1833440625805,0.0,92215.14,3964.1833440625805,0.0,0.0,1.2730778666252285,-0.2936936376346073
2025-11-18 00:00:00+00:00,3964.1833440625805,0.0,92960.83,3964.1833440625805,0.0,0.0,1.2730778666252285,-0.2936936376346073
2025-11-19 00:00:00+00:00,3964.1833440625805,0.0,91554.96,3964.1833440625805,0.0,0.0,1.2730778666252285,-0.2936936376346073
2025-11-20 00:00:00+00:00,3964.1833440625805,0.0,86637.23,3964.1833440625805,0.0,0.0,1.2730778666252285,-0.2936936376346073
2025-11-21 00:00:00+00:00,3964.1833440625805,0.0,85129.43,3964.1833440625805,0.0,0.0,1.2730778666252285,-0.2936936376346073
2025-11-22 00:00:00+00:00,3964.1833440625805,0.0,84739.74,3964.1833440625805,0.0,0.0,1.2730778666252285,-0.2936936376346073
2025-11-23 00:00:00+00:00,3964.1833440625805,0.0,86830.0,3964.1833440625805,0.0,0.0,1.2730778666252285,-0.2936936376346073
2025-11-24 00:00:00+00:00,3964.1833440625805,0.0,88300.01,3964.1833440625805,0.0,0.0,1.2730778666252285,-0.2936936376346073
2025-11-25 00:00:00+00:00,3964.1833440625805,0.0,87369.96,3964.1833440625805,0.0,0.0,1.2730778666252285,-0.2936936376346073
2025-11-26 00:00:00+00:00,3964.1833440625805,0.0,90484.02,3964.1833440625805,0.0,0.0,1.2730778666252285,-0.2936936376346073
2025-11-27 00:00:00+00:00,4024.1833440625805,0.0,91333.95,4024.1833440625805,60.0,0.0,1.2730778666252285,-0.2936936376346073
2025-11-28 00:00:00+00:00,4024.1833440625805,0.0,90890.7,4024.1833440625805,0.0,0.0,1.2730778666252285,-0.2936936376346073
2025-11-29 00:00:00+00:00,4024.1833440625805,0.0,90802.44,4024.1833440625805,0.0,0.0,1.2730778666252285,-0.2936936376346073
2025-11-30 00:00:00+00:00,4024.1833440625805,0.0,90360.0,4024.1833440625805,0.0,0.0,1.2730778666252285,-0.2936936376346073
2025-12-01 00:00:00+00:00,4024.1833440625805,0.0,86286.01,4024.1833440625805,0.0,0.0,1.2730778666252285,-0.2936936376346073
2025-12-02 00:00:00+00:00,4024.1833440625805,0.0,91277.88,4024.1833440625805,0.0,0.0,1.2730778666252285,-0.2936936376346073
2025-12-03 00:00:00+00:00,4024.1833440625805,0.0,93429.95,4024.1833440625805,0.0,0.0,1.2730778666252285,-0.2936936376346073
2025-12-04 00:00:00+00:00,4024.1833440625805,0.0,92078.06,4024.1833440625805,0.0,0.0,1.2730778666252285,-0.2936936376346073
2025-12-05 00:00:00+00:00,4024.1833440625805,0.0,89330.04,4024.1833440625805,0.0,0.0,1.2730778666252285,-0.2936936376346073
2025-12-06 00:00:00+00:00,4024.1833440625805,0.0,89236.79,4024.1833440625805,0.0,0.0,1.2730778666252285,-0.2936936376346073
2025-12-07 00:00:00+00:00,4024.1833440625805,0.0,90395.31,4024.1833440625805,0.0,0.0,1.2730778666252285,-0.2936936376346073
2025-12-08 00:00:00+00:00,4024.1833440625805,0.0,90634.34,4024.1833440625805,0.0,0.0,1.2730778666252285,-0.2936936376346073
2025-12-09 00:00:00+00:00,4024.1833440625805,0.0,92678.8,4024.1833440625805,0.0,0.0,1.2730778666252285,-0.2936936376346073
2025-12-10 00:00:00+00:00,4024.1833440625805,0.0,92015.37,4024.1833440625805,0.0,0.0,1.2730778666252285,-0.2936936376346073
2025-12-11 00:00:00+00:00,4024.1833440625805,0.0,92513.38,4024.1833440625805,0.0,0.0,1.2730778666252285,-0.2936936376346073
2025-12-12 00:00:00+00:00,4024.1833440625805,0.0,90268.42,4024.1833440625805,0.0,0.0,1.2730778666252285,-0.2936936376346073
2025-12-13 00:00:00+00:00,4024.1833440625805,0.0,90240.01,4024.1833440625805,0.0,0.0,1.2730778666252285,-0.2936936376346073
2025-12-14 00:00:00+00:00,4024.1833440625805,0.0,88172.17,4024.1833440625805,0.0,0.0,1.2730778666252285,-0.2936936376346073
2025-12-15 00:00:00+00:00,4024.1833440625805,0.0,86432.08,4024.1833440625805,0.0,0.0,1.2730778666252285,-0.2936936376346073
2025-12-16 00:00:00+00:00,4024.1833440625805,0.0,87863.42,4024.1833440625805,0.0,0.0,1.2730778666252285,-0.2936936376346073
2025-12-17 00:00:00+00:00,4024.1833440625805,0.0,86243.22,4024.1833440625805,0.0,0.0,1.2730778666252285,-0.2936936376346073
2025-12-18 00:00:00+00:00,4024.1833440625805,0.0,85516.41,4024.1833440625805,0.0,0.0,1.2730778666252285,-0.2936936376346073
2025-12-19 00:00:00+00:00,4024.1833440625805,0.0,88136.94,4024.1833440625805,0.0,0.0,1.2730778666252285,-0.2936936376346073
2025-12-20 00:00:00+00:00,4024.1833440625805,0.0,88360.9,4024.1833440625805,0.0,0.0,1.2730778666252285,-0.2936936376346073
2025-12-21 00:00:00+00:00,4024.1833440625805,0.0,88658.86,4024.1833440625805,0.0,0.0,1.2730778666252285,-0.2936936376346073
2025-12-22 00:00:00+00:00,4024.1833440625805,0.0,88620.79,4024.1833440625805,0.0,0.0,1.2730778666252285,-0.2936936376346073
2025-12-23 00:00:00+00:00,4024.1833440625805,0.0,87486.0,4024.1833440625805,0.0,0.0,1.2730778666252285,-0.2936936376346073
2025-12-24 00:00:00+00:00,4024.1833440625805,0.0,87669.45,4024.1833440625805,0.0,0.0,1.2730778666252285,-0.2936936376346073
2025-12-25 00:00:00+00:00,4024.1833440625805,0.0,87225.27,4024.1833440625805,0.0,0.0,1.2730778666252285,-0.2936936376346073
2025-12-26 00:00:00+00:00,4024.1833440625805,0.0,87369.56,4024.1833440625805,0.0,0.0,1.2730778666252285,-0.2936936376346073
2025-12-27 00:00:00+00:00,4084.1833440625805,0.0,87877.01,4084.1833440625805,60.0,0.0,1.2730778666252285,-0.2936936376346073
2025-12-28 00:00:00+00:00,4084.1833440625805,0.0,87952.71,4084.1833440625805,0.0,0.0,1.2730778666252285,-0.2936936376346073
2025-12-29 00:00:00+00:00,4084.1833440625805,0.0,87237.13,4084.1833440625805,0.0,0.0,1.2730778666252285,-0.2936936376346073
2025-12-30 00:00:00+00:00,4084.1833440625805,0.0,88485.49,4084.1833440625805,0.0,0.0,1.2730778666252285,-0.2936936376346073
2025-12-31 00:00:00+00:00,4084.1833440625805,0.0,87648.22,4084.1833440625805,0.0,0.0,1.2730778666252285,-0.2936936376346073
2026-01-01 00:00:00+00:00,4084.1833440625805,0.0,88839.04,4084.1833440625805,0.0,0.0,1.2730778666252285,-0.2936936376346073
2026-01-02 00:00:00+00:00,4084.1833440625805,0.0,89995.13,4084.1833440625805,0.0,0.0,1.2730778666252285,-0.2936936376346073
2026-01-03 00:00:00+00:00,4084.1833440625805,0.0,90628.01,4084.1833440625805,0.0,0.0,1.2730778666252285,-0.2936936376346073
2026-01-04 00:00:00+00:00,4084.1833440625805,0.0,91529.73,4084.1833440625805,0.0,0.0,1.2730778666252285,-0.2936936376346073
2026-01-05 00:00:00+00:00,0.0,0.04455452630715875,93859.71,4181.874918377292,0.0,0.02391948795754506,1.3035292373249878,-0.2767991511056709
2026-01-06 00:00:00+00:00,0.0,0.04455452630715875,93747.97,4176.896395607729,0.0,-0.0011905001624235023,1.3019773855562287,-0.27766012183374433
2026-01-07 00:00:00+00:00,0.0,0.04455452630715875,91364.16,4070.686870251461,0.0,-0.02542785726453578,1.2688708904346515,-0.296027677152238
2026-01-08 00:00:00+00:00,0.0,0.04455452630715875,91099.99,4058.916901036899,0.0,-0.0028913963637382523,1.2652020817559955,-0.29806314016669244
2026-01-09 00:00:00+00:00,0.0,0.04455452630715875,90641.28,4038.479294274542,0.0,-0.0050352365571061375,1.258831489981811,-0.3015975583041054
2026-01-10 00:00:00+00:00,0.0,0.04455452630715875,90504.7,4032.39403707151,0.0,-0.00150681896813476,1.256934658815021,-0.3026499243506444
2026-01-11 00:00:00+00:00,0.0,0.04455452630715875,91013.65,4055.0700632355383,0.0,0.005623464858730998,1.2640029866985882,-0.2987284007059968
2026-01-12 00:00:00+00:00,0.0,0.04455452630715875,91296.2,4067.6589446436265,0.0,0.003104479383037706,1.267927057910892,-0.2965513174840787
2026-01-13 00:00:00+00:00,0.0,0.04455452630715875,95414.0,4251.125573071245,0.0,0.04510373925749378,1.3251153093284262,-0.2648231515268531
2026-01-14 00:00:00+00:00,0.0,0.04455452630715875,96951.78,4319.640632535868,0.0,0.01611692204498305,1.3464720894694862,-0.252974363570735
2026-01-15 00:00:00+00:00,0.0,0.04455452630715875,95604.8,4259.626576690651,0.0,-0.013893298297359746,1.3277651510814172,-0.2633530135734218
2026-01-16 00:00:00+00:00,0.0,0.04455452630715875,95550.94,4257.226869903747,0.0,-0.0005633608354392861,1.3270171401966369,-0.263768011635119
2026-01-17 00:00:00+00:00,0.0,0.04455452630715875,95147.77,4239.26382153249,0.0,-0.00421942473825998,1.321417891247196,-0.2668744870999241
2026-01-18 00:00:00+00:00,0.0,0.04455452630715875,93673.14,4173.562380404164,0.0,-0.015498313833314126,1.300938142063691,-0.2782366963780588
2026-01-19 00:00:00+00:00,0.0,0.04455452630715875,92631.0,4127.130326358422,0.0,-0.011125280950334271,1.2864648397342264,-0.28626651591049435
2026-01-20 00:00:00+00:00,0.0,0.04455452630715875,88427.66,3939.852503750489,0.0,-0.045377249516900475,1.228088603706887,-0.3186537783065906
2026-01-21 00:00:00+00:00,3933.9446949211156,0.0,89454.73,3933.9446949211156,0.0,-0.001499499999999987,1.2262470848456286,-0.31967545696601984
2026-01-22 00:00:00+00:00,3933.9446949211156,0.0,89559.67,3933.9446949211156,0.0,0.0,1.2262470848456286,-0.31967545696601984
2026-01-23 00:00:00+00:00,3933.9446949211156,0.0,89600.26,3933.9446949211156,0.0,0.0,1.2262470848456286,-0.31967545696601984
2026-01-24 00:00:00+00:00,3933.9446949211156,0.0,89225.34,3933.9446949211156,0.0,0.0,1.2262470848456286,-0.31967545696601984
2026-01-25 00:00:00+00:00,3933.9446949211156,0.0,86670.36,3933.9446949211156,0.0,0.0,1.2262470848456286,-0.31967545696601984
2026-01-26 00:00:00+00:00,3933.9446949211156,0.0,88347.08,3933.9446949211156,0.0,0.0,1.2262470848456286,-0.31967545696601984
2026-01-27 00:00:00+00:00,3993.9446949211156,0.0,89250.0,3993.9446949211156,60.0,0.0,1.2262470848456286,-0.31967545696601984
2026-01-28 00:00:00+00:00,3993.9446949211156,0.0,89299.99,3993.9446949211156,0.0,0.0,1.2262470848456286,-0.31967545696601984
2026-01-29 00:00:00+00:00,3993.9446949211156,0.0,84650.16,3993.9446949211156,0.0,0.0,1.2262470848456286,-0.31967545696601984
2026-01-30 00:00:00+00:00,3993.9446949211156,0.0,84260.49,3993.9446949211156,0.0,0.0,1.2262470848456286,-0.31967545696601984
2026-01-31 00:00:00+00:00,3993.9446949211156,0.0,78741.09,3993.9446949211156,0.0,0.0,1.2262470848456286,-0.31967545696601984
2026-02-01 00:00:00+00:00,3993.9446949211156,0.0,76968.21,3993.9446949211156,0.0,0.0,1.2262470848456286,-0.31967545696601984
2026-02-02 00:00:00+00:00,3993.9446949211156,0.0,78738.61,3993.9446949211156,0.0,0.0,1.2262470848456286,-0.31967545696601984
2026-02-03 00:00:00+00:00,3993.9446949211156,0.0,75770.21,3993.9446949211156,0.0,0.0,1.2262470848456286,-0.31967545696601984
2026-02-04 00:00:00+00:00,3993.9446949211156,0.0,73165.83,3993.9446949211156,0.0,0.0,1.2262470848456286,-0.31967545696601984
2026-02-05 00:00:00+00:00,3993.9446949211156,0.0,62909.86,3993.9446949211156,0.0,0.0,1.2262470848456286,-0.31967545696601984
2026-02-06 00:00:00+00:00,3993.9446949211156,0.0,70580.26,3993.9446949211156,0.0,0.0,1.2262470848456286,-0.31967545696601984
2026-02-07 00:00:00+00:00,3993.9446949211156,0.0,69289.38,3993.9446949211156,0.0,0.0,1.2262470848456286,-0.31967545696601984
2026-02-08 00:00:00+00:00,3993.9446949211156,0.0,70330.38,3993.9446949211156,0.0,0.0,1.2262470848456286,-0.31967545696601984
2026-02-09 00:00:00+00:00,3993.9446949211156,0.0,70138.0,3993.9446949211156,0.0,0.0,1.2262470848456286,-0.31967545696601984
2026-02-10 00:00:00+00:00,3993.9446949211156,0.0,68841.29,3993.9446949211156,0.0,0.0,1.2262470848456286,-0.31967545696601984
2026-02-11 00:00:00+00:00,3993.9446949211156,0.0,67082.52,3993.9446949211156,0.0,0.0,1.2262470848456286,-0.31967545696601984
2026-02-12 00:00:00+00:00,3993.9446949211156,0.0,66272.17,3993.9446949211156,0.0,0.0,1.2262470848456286,-0.31967545696601984
2026-02-13 00:00:00+00:00,3993.9446949211156,0.0,68853.96,3993.9446949211156,0.0,0.0,1.2262470848456286,-0.31967545696601984
2026-02-14 00:00:00+00:00,3993.9446949211156,0.0,69822.95,3993.9446949211156,0.0,0.0,1.2262470848456286,-0.31967545696601984
2026-02-15 00:00:00+00:00,3993.9446949211156,0.0,68832.58,3993.9446949211156,0.0,0.0,1.2262470848456286,-0.31967545696601984
2026-02-16 00:00:00+00:00,3993.9446949211156,0.0,68892.43,3993.9446949211156,0.0,0.0,1.2262470848456286,-0.31967545696601984
2026-02-17 00:00:00+00:00,3993.9446949211156,0.0,67503.52,3993.9446949211156,0.0,0.0,1.2262470848456286,-0.31967545696601984
2026-02-18 00:00:00+00:00,3993.9446949211156,0.0,66461.0,3993.9446949211156,0.0,0.0,1.2262470848456286,-0.31967545696601984
2026-02-19 00:00:00+00:00,3993.9446949211156,0.0,67003.73,3993.9446949211156,0.0,0.0,1.2262470848456286,-0.31967545696601984
2026-02-20 00:00:00+00:00,3993.9446949211156,0.0,68020.01,3993.9446949211156,0.0,0.0,1.2262470848456286,-0.31967545696601984
2026-02-21 00:00:00+00:00,3993.9446949211156,0.0,67975.93,3993.9446949211156,0.0,0.0,1.2262470848456286,-0.31967545696601984
2026-02-22 00:00:00+00:00,3993.9446949211156,0.0,67643.4,3993.9446949211156,0.0,0.0,1.2262470848456286,-0.31967545696601984
2026-02-23 00:00:00+00:00,3993.9446949211156,0.0,64656.02,3993.9446949211156,0.0,0.0,1.2262470848456286,-0.31967545696601984
2026-02-24 00:00:00+00:00,3993.9446949211156,0.0,64058.15,3993.9446949211156,0.0,0.0,1.2262470848456286,-0.31967545696601984
2026-02-25 00:00:00+00:00,3993.9446949211156,0.0,67988.04,3993.9446949211156,0.0,0.0,1.2262470848456286,-0.31967545696601984
2026-02-26 00:00:00+00:00,3993.9446949211156,0.0,67485.18,3993.9446949211156,0.0,0.0,1.2262470848456286,-0.31967545696601984
2026-02-27 00:00:00+00:00,4053.9446949211156,0.0,65872.1,4053.9446949211156,60.0,0.0,1.2262470848456286,-0.31967545696601984
2026-02-28 00:00:00+00:00,4053.9446949211156,0.0,66973.26,4053.9446949211156,0.0,0.0,1.2262470848456286,-0.31967545696601984
2026-03-01 00:00:00+00:00,4053.9446949211156,0.0,65776.47,4053.9446949211156,0.0,0.0,1.2262470848456286,-0.31967545696601984
2026-03-02 00:00:00+00:00,4053.9446949211156,0.0,68830.06,4053.9446949211156,0.0,0.0,1.2262470848456286,-0.31967545696601984
2026-03-03 00:00:00+00:00,4053.9446949211156,0.0,68338.0,4053.9446949211156,0.0,0.0,1.2262470848456286,-0.31967545696601984
2026-03-04 00:00:00+00:00,4053.9446949211156,0.0,72666.77,4053.9446949211156,0.0,0.0,1.2262470848456286,-0.31967545696601984
2026-03-05 00:00:00+00:00,0.0,0.055704565713993494,70890.72,3948.936770752313,0.0,-0.02590265335892694,1.1944840316744776,-0.3372976677757994
2026-03-06 00:00:00+00:00,0.0,0.055704565713993494,68114.02,3794.2619031342674,0.0,-0.0391687374595715,1.1476976002381696,-0.36325488144053475
2026-03-07 00:00:00+00:00,0.0,0.055704565713993494,67262.91,3746.85119020943,0.0,-0.012495371731106264,1.1333566920882951,-0.3712112483949026
2026-03-08 00:00:00+00:00,0.0,0.055704565713993494,65971.2,3674.8970456310076,0.0,-0.01920389706600567,1.1115918268343628,-0.3832864428569891
2026-03-09 00:00:00+00:00,0.0,0.055704565713993494,68432.16,3811.983753670517,0.0,0.03730355064027946,1.1530581488379992,-0.3602808374475579
2026-03-10 00:00:00+00:00,0.0,0.055704565713993494,69948.63,3896.458056438817,0.0,0.022160194855752158,1.178610142096262,-0.3461045361524373
2026-03-11 00:00:00+00:00,0.0,0.055704565713993494,70191.86,3910.007077957431,0.0,0.0034772661022808293,1.1827084831911778,-0.34383076762156495
2026-03-12 00:00:00+00:00,0.0,0.055704565713993494,70541.34,3929.4747095831576,0.0,0.0049789249066771735,1.1885970999154767,-0.34056375028748076
2026-03-13 00:00:00+00:00,0.0,0.055704565713993494,70930.0,3951.1248460935585,0.0,0.005509677020595349,1.1951458860436273,-0.3369304695358921
2026-03-14 00:00:00+00:00,0.0,0.055704565713993494,71211.95,3966.8307483966187,0.0,0.0039750458198222205,1.1998966457020228,-0.3342947377705692
2026-03-15 00:00:00+00:00,0.0,0.055704565713993494,72815.24,4056.141321560208,0.0,0.022514339236602954,1.22691152583222,-0.31930682366514407
2026-03-16 00:00:00+00:00,0.0,0.055704565713993494,74884.67,4171.418020985717,0.0,0.028420286742170786,1.261780703203646,-0.29996132841026846
2026-03-17 00:00:00+00:00,0.0,0.055704565713993494,73909.36,4117.088800999202,0.0,-0.013024161019872138,1.2453470681533543,-0.3090787447891905
2026-03-18 00:00:00+00:00,0.0,0.055704565713993494,71246.54,3968.757569324666,0.0,-0.03602818371042593,1.200479475198685,-0.3339713827013636
2026-03-19 00:00:00+00:00,0.0,0.055704565713993494,69930.0,3895.420280379565,0.0,-0.018478651735228002,1.1782962330611992,-0.3462786935661205
2026-03-20 00:00:00+00:00,0.0,0.055704565713993494,70510.73,3927.769592826652,0.0,0.008304447304447127,1.1880813320376846,-0.34084989942504595
2026-03-21 00:00:00+00:00,0.0,0.055704565713993494,68918.12,3839.053944424889,0.0,-0.022586775090826627,1.1612464062013397,-0.3557379744978283
2026-03-22 00:00:00+00:00,0.0,0.055704565713993494,67859.0,3780.0561247858845,0.0,-0.015367801675379322,1.1434006017345906,-0.36563886553272373
2026-03-23 00:00:00+00:00,3774.387930626768,0.0,70906.45,3774.387930626768,0.0,-0.001499499999999987,1.1416860725322895,-0.36659009005385745
2026-03-24 00:00:00+00:00,3774.387930626768,0.0,70556.74,3774.387930626768,0.0,0.0,1.1416860725322895,-0.36659009005385745
2026-03-25 00:00:00+00:00,3774.387930626768,0.0,71336.53,3774.387930626768,0.0,0.0,1.1416860725322895,-0.36659009005385745
2026-03-26 00:00:00+00:00,3774.387930626768,0.0,68820.31,3774.387930626768,0.0,0.0,1.1416860725322895,-0.36659009005385745
2026-03-27 00:00:00+00:00,3834.387930626768,0.0,66407.28,3834.387930626768,60.0,0.0,1.1416860725322895,-0.36659009005385745
2026-03-28 00:00:00+00:00,3834.387930626768,0.0,66377.03,3834.387930626768,0.0,0.0,1.1416860725322895,-0.36659009005385745
2026-03-29 00:00:00+00:00,3834.387930626768,0.0,66010.93,3834.387930626768,0.0,0.0,1.1416860725322895,-0.36659009005385745
2026-03-30 00:00:00+00:00,3834.387930626768,0.0,66797.37,3834.387930626768,0.0,0.0,1.1416860725322895,-0.36659009005385745
2026-03-31 00:00:00+00:00,3834.387930626768,0.0,68284.48,3834.387930626768,0.0,0.0,1.1416860725322895,-0.36659009005385745
2026-04-01 00:00:00+00:00,3834.387930626768,0.0,68113.92,3834.387930626768,0.0,0.0,1.1416860725322895,-0.36659009005385745
2026-04-02 00:00:00+00:00,3834.387930626768,0.0,66901.99,3834.387930626768,0.0,0.0,1.1416860725322895,-0.36659009005385745
2026-04-03 00:00:00+00:00,3834.387930626768,0.0,66964.3,3834.387930626768,0.0,0.0,1.1416860725322895,-0.36659009005385745
2026-04-04 00:00:00+00:00,3834.387930626768,0.0,67300.42,3834.387930626768,0.0,0.0,1.1416860725322895,-0.36659009005385745
2026-04-05 00:00:00+00:00,3834.387930626768,0.0,69034.18,3834.387930626768,0.0,0.0,1.1416860725322895,-0.36659009005385745
2026-04-06 00:00:00+00:00,3834.387930626768,0.0,68853.66,3834.387930626768,0.0,0.0,1.1416860725322895,-0.36659009005385745
2026-04-07 00:00:00+00:00,3834.387930626768,0.0,71924.22,3834.387930626768,0.0,0.0,1.1416860725322895,-0.36659009005385745
2026-04-08 00:00:00+00:00,3834.387930626768,0.0,71069.93,3834.387930626768,0.0,0.0,1.1416860725322895,-0.36659009005385745
2026-04-09 00:00:00+00:00,3834.387930626768,0.0,71787.97,3834.387930626768,0.0,0.0,1.1416860725322895,-0.36659009005385745
2026-04-10 00:00:00+00:00,3834.387930626768,0.0,72962.7,3834.387930626768,0.0,0.0,1.1416860725322895,-0.36659009005385745
2026-04-11 00:00:00+00:00,3834.387930626768,0.0,73043.16,3834.387930626768,0.0,0.0,1.1416860725322895,-0.36659009005385745
2026-04-12 00:00:00+00:00,3834.387930626768,0.0,70740.98,3834.387930626768,0.0,0.0,1.1416860725322895,-0.36659009005385745
2026-04-13 00:00:00+00:00,3834.387930626768,0.0,74417.99,3834.387930626768,0.0,0.0,1.1416860725322895,-0.36659009005385745
2026-04-14 00:00:00+00:00,0.0,0.051447809021038605,74131.55,3813.905826833575,0.0,-0.0053416879470109535,1.1355875417993735,-0.3699735681353341
2026-04-15 00:00:00+00:00,0.0,0.051447809021038605,74809.99,3848.810078385808,0.0,0.009151838859432937,1.1459802559927008,-0.36420766775372526
2026-04-16 00:00:00+00:00,0.0,0.051447809021038605,75154.29,3866.523559031751,0.0,0.004602326507462395,1.1512544313018847,-0.36128154384978683
2026-04-17 00:00:00+00:00,0.0,0.051447809021038605,77072.0,3965.1855368694874,0.0,0.02551697314950352,1.1806309597136617,-0.3449833821541095
2026-04-18 00:00:00+00:00,0.0,0.051447809021038605,75691.76,3894.175212946289,0.0,-0.017908449242266977,1.1594876900977806,-0.35671371400764407
2026-04-19 00:00:00+00:00,0.0,0.051447809021038605,73801.79,3796.9403973307963,0.0,-0.024969296525804152,1.1305360981457095,-0.3727761200335704
2026-04-20 00:00:00+00:00,0.0,0.051447809021038605,75840.97,3901.8517405303182,0.0,0.027630495141107048,1.1617733703123707,-0.35544561366577165
2026-04-21 00:00:00+00:00,0.0,0.051447809021038605,76336.15,3927.3276666013558,0.0,0.006529188643024986,1.1693588078075832,-0.35123719648670615
2026-04-22 00:00:00+00:00,0.0,0.051447809021038605,78178.23,4022.0986466428308,0.0,0.02413116197240761,1.1975767946026494,-0.33558179619345363
2026-04-23 00:00:00+00:00,0.0,0.051447809021038605,78257.48,4026.1758855077483,0.0,0.001013709315240252,1.1987907893550538,-0.33490826927103967
2026-04-24 00:00:00+00:00,0.0,0.051447809021038605,77437.13,3983.9706753773394,0.0,-0.010482704017558464,1.1862242203312694,-0.3418802290287971
2026-04-25 00:00:00+00:00,0.0,0.051447809021038605,77625.0,3993.636175258122,0.0,0.0024260971448708535,1.1891021155253918,-0.34028356653146086
2026-04-26 00:00:00+00:00,0.0,0.051447809021038605,78657.55,4046.7586104627953,0.0,0.01330177133655397,1.204919279961923,-0.3315081693864954
2026-04-27 00:00:00+00:00,7.105427357601002e-15,0.05220946641931272,77371.32,4039.515333357899,60.0,-0.016616577260388232,1.1848976456539044,-0.34261621553782307
2026-04-28 00:00:00+00:00,7.105427357601002e-15,0.05220946641931272,76342.77,3985.815286672315,0.0,-0.013293685567210223,1.1691459889232538,-0.3513552688654459
2026-04-29 00:00:00+00:00,7.105427357601002e-15,0.05220946641931272,75780.0,3956.433365255518,0.0,-0.007371621438415299,1.16052748728667,-0.3561368322713925
2026-04-30 00:00:00+00:00,7.105427357601002e-15,0.05220946641931272,76346.57,3986.0136826447083,0.0,0.007476510952758142,1.1692041837563456,-0.35132298224579206
2026-05-01 00:00:00+00:00,7.105427357601002e-15,0.05220946641931272,78231.13,4084.405554679888,0.0,0.024684278547156602,1.1980651455066882,-0.33531085805240823
2026-05-02 00:00:00+00:00,7.105427357601002e-15,0.05220946641931272,78686.85,4108.198452716498,0.0,0.005825302536215604,1.2050442374373598,-0.33143884270802604
2026-05-03 00:00:00+00:00,7.105427357601002e-15,0.05220946641931272,78568.57,4102.023117028421,0.0,-0.0015031736560809916,1.2032328466852318,-0.3324438062271463
2026-05-04 00:00:00+00:00,7.105427357601002e-15,0.05220946641931272,79861.01,4169.500719807397,0.0,0.01644983483853646,1.223025828285506,-0.3214626170941407
2026-05-05 00:00:00+00:00,7.105427357601002e-15,0.05220946641931272,80905.52,4224.034029577034,0.0,0.013079098298406366,1.239021903315142,-0.3125879599639716
2026-05-06 00:00:00+00:00,7.105427357601002e-15,0.05220946641931272,81447.01,4252.304933548427,0.0,0.006692868422327525,1.247314513886412,-0.3079872016280868
2026-05-07 00:00:00+00:00,7.105427357601002e-15,0.05220946641931272,80006.0,4177.070570343533,0.0,-0.017692607745821376,1.2252462674565499,-0.3202307126247692
2026-05-08 00:00:00+00:00,7.105427357601002e-15,0.05220946641931272,80193.17,4186.842616173236,0.0,0.0023394495412842886,1.2281126692749114,-0.31864042667724013
2026-05-09 00:00:00+00:00,7.105427357601002e-15,0.05220946641931272,80678.4,4212.176215563879,0.0,0.006050764672353104,1.2355436900278292,-0.31451768024180915
2026-05-10 00:00:00+00:00,7.105427357601002e-15,0.05220946641931272,82210.07,4292.143888994348,0.0,0.018984883190544366,1.2590003426598217,-0.30150387847201654
2026-05-11 00:00:00+00:00,7.105427357601002e-15,0.05220946641931272,81745.65,4267.8967685998905,0.0,-0.005649186285816454,1.2518880151902296,-0.30544981318244835
2026-05-12 00:00:00+00:00,7.105427357601002e-15,0.05220946641931272,80504.47,4203.095423069568,0.0,-0.015183437895472163,1.2328800512595028,-0.3159954728092813
2026-05-13 00:00:00+00:00,7.105427357601002e-15,0.05220946641931272,79313.61,4140.921257889466,0.0,-0.014792470529897184,1.2146427094343486,-0.3261135896200662
2026-05-14 00:00:00+00:00,7.105427357601002e-15,0.05220946641931272,81089.99,4233.665109847405,0.0,0.02239691271145028,1.241846956173149,-0.31102061450935425
2026-05-15 00:00:00+00:00,7.105427357601002e-15,0.05220946641931272,79113.21,4130.458480819036,0.0,-0.024377608136343376,1.2115736977102494,-0.3278162839828639
2026-05-16 00:00:00+00:00,7.105427357601002e-15,0.05220946641931272,78148.05,4080.0679922097715,0.0,-0.012199732509905803,1.196792822682147,-0.3360167455157874
2026-05-17 00:00:00+00:00,4073.949930255453,0.0,77457.67,4073.949930255453,0.0,-0.001499499999999987,1.1949982318445351,-0.33701238840588643
2026-05-18 00:00:00+00:00,4073.949930255453,0.0,77001.87,4073.949930255453,0.0,0.0,1.1949982318445351,-0.33701238840588643
2026-05-19 00:00:00+00:00,4073.949930255453,0.0,76834.36,4073.949930255453,0.0,0.0,1.1949982318445351,-0.33701238840588643
2026-05-20 00:00:00+00:00,4073.949930255453,0.0,77552.23,4073.949930255453,0.0,0.0,1.1949982318445351,-0.33701238840588643
2026-05-21 00:00:00+00:00,4073.949930255453,0.0,77615.52,4073.949930255453,0.0,0.0,1.1949982318445351,-0.33701238840588643
2026-05-22 00:00:00+00:00,4073.949930255453,0.0,75539.5,4073.949930255453,0.0,0.0,1.1949982318445351,-0.33701238840588643
2026-05-23 00:00:00+00:00,4073.949930255453,0.0,76752.01,4073.949930255453,0.0,0.0,1.1949982318445351,-0.33701238840588643
2026-05-24 00:00:00+00:00,4073.949930255453,0.0,77064.96,4073.949930255453,0.0,0.0,1.1949982318445351,-0.33701238840588643
2026-05-25 00:00:00+00:00,4073.949930255453,0.0,77322.01,4073.949930255453,0.0,0.0,1.1949982318445351,-0.33701238840588643
2026-05-26 00:00:00+00:00,4073.949930255453,0.0,75930.01,4073.949930255453,0.0,0.0,1.1949982318445351,-0.33701238840588643
2026-05-27 00:00:00+00:00,4133.949930255453,0.0,74449.3,4133.949930255453,60.0,0.0,1.1949982318445351,-0.33701238840588643
2026-05-28 00:00:00+00:00,4133.949930255453,0.0,73617.51,4133.949930255453,0.0,0.0,1.1949982318445351,-0.33701238840588643
2026-05-29 00:00:00+00:00,4133.949930255453,0.0,73460.78,4133.949930255453,0.0,0.0,1.1949982318445351,-0.33701238840588643
2026-05-30 00:00:00+00:00,4133.949930255453,0.0,73884.38,4133.949930255453,0.0,0.0,1.1949982318445351,-0.33701238840588643
2026-05-31 00:00:00+00:00,4133.949930255453,0.0,73674.39,4133.949930255453,0.0,0.0,1.1949982318445351,-0.33701238840588643
2026-06-01 00:00:00+00:00,4133.949930255453,0.0,71408.9,4133.949930255453,0.0,0.0,1.1949982318445351,-0.33701238840588643
2026-06-02 00:00:00+00:00,4133.949930255453,0.0,66760.83,4133.949930255453,0.0,0.0,1.1949982318445351,-0.33701238840588643
2026-06-03 00:00:00+00:00,4133.949930255453,0.0,64142.75,4133.949930255453,0.0,0.0,1.1949982318445351,-0.33701238840588643
2026-06-04 00:00:00+00:00,4133.949930255453,0.0,63885.99,4133.949930255453,0.0,0.0,1.1949982318445351,-0.33701238840588643
2026-06-05 00:00:00+00:00,4133.949930255453,0.0,61056.47,4133.949930255453,0.0,0.0,1.1949982318445351,-0.33701238840588643
2026-06-06 00:00:00+00:00,4133.949930255453,0.0,60884.62,4133.949930255453,0.0,0.0,1.1949982318445351,-0.33701238840588643
2026-06-07 00:00:00+00:00,4133.949930255453,0.0,63332.01,4133.949930255453,0.0,0.0,1.1949982318445351,-0.33701238840588643
2026-06-08 00:00:00+00:00,4133.949930255453,0.0,63085.99,4133.949930255453,0.0,0.0,1.1949982318445351,-0.33701238840588643
2026-06-09 00:00:00+00:00,4133.949930255453,0.0,61730.0,4133.949930255453,0.0,0.0,1.1949982318445351,-0.33701238840588643
2026-06-10 00:00:00+00:00,4133.949930255453,0.0,61510.99,4133.949930255453,0.0,0.0,1.1949982318445351,-0.33701238840588643
2026-06-11 00:00:00+00:00,4133.949930255453,0.0,63625.99,4133.949930255453,0.0,0.0,1.1949982318445351,-0.33701238840588643
2026-06-12 00:00:00+00:00,4133.949930255453,0.0,63580.01,4133.949930255453,0.0,0.0,1.1949982318445351,-0.33701238840588643
2026-06-13 00:00:00+00:00,4133.949930255453,0.0,64458.01,4133.949930255453,0.0,0.0,1.1949982318445351,-0.33701238840588643
2026-06-14 00:00:00+00:00,4133.949930255453,0.0,65746.45,4133.949930255453,0.0,0.0,1.1949982318445351,-0.33701238840588643
2026-06-15 00:00:00+00:00,4133.949930255453,0.0,66328.74,4133.949930255453,0.0,0.0,1.1949982318445351,-0.33701238840588643
2026-06-16 00:00:00+00:00,4133.949930255453,0.0,65675.01,4133.949930255453,0.0,0.0,1.1949982318445351,-0.33701238840588643
2026-06-17 00:00:00+00:00,4133.949930255453,0.0,64509.4,4133.949930255453,0.0,0.0,1.1949982318445351,-0.33701238840588643
2026-06-18 00:00:00+00:00,4133.949930255453,0.0,62958.01,4133.949930255453,0.0,0.0,1.1949982318445351,-0.33701238840588643
2026-06-19 00:00:00+00:00,4133.949930255453,0.0,63543.91,4133.949930255453,0.0,0.0,1.1949982318445351,-0.33701238840588643
2026-06-20 00:00:00+00:00,4133.949930255453,0.0,64298.01,4133.949930255453,0.0,0.0,1.1949982318445351,-0.33701238840588643
2026-06-21 00:00:00+00:00,4133.949930255453,0.0,63311.99,4133.949930255453,0.0,0.0,1.1949982318445351,-0.33701238840588643
2026-06-22 00:00:00+00:00,4133.949930255453,0.0,64020.01,4133.949930255453,0.0,0.0,1.1949982318445351,-0.33701238840588643
2026-06-23 00:00:00+00:00,4133.949930255453,0.0,62734.57,4133.949930255453,0.0,0.0,1.1949982318445351,-0.33701238840588643
2026-06-24 00:00:00+00:00,4133.949930255453,0.0,61077.99,4133.949930255453,0.0,0.0,1.1949982318445351,-0.33701238840588643
2026-06-25 00:00:00+00:00,4133.949930255453,0.0,59794.0,4133.949930255453,0.0,0.0,1.1949982318445351,-0.33701238840588643
2026-06-26 00:00:00+00:00,4133.949930255453,0.0,60097.27,4133.949930255453,0.0,0.0,1.1949982318445351,-0.33701238840588643
2026-06-27 00:00:00+00:00,4193.949930255453,0.0,60029.0,4193.949930255453,60.0,0.0,1.1949982318445351,-0.33701238840588643
2026-06-28 00:00:00+00:00,4193.949930255453,0.0,59577.01,4193.949930255453,0.0,0.0,1.1949982318445351,-0.33701238840588643
2026-06-29 00:00:00+00:00,4193.949930255453,0.0,60260.21,4193.949930255453,0.0,0.0,1.1949982318445351,-0.33701238840588643
2026-06-30 00:00:00+00:00,4193.949930255453,0.0,58624.71,4193.949930255453,0.0,0.0,1.1949982318445351,-0.33701238840588643
2026-07-01 00:00:00+00:00,4193.949930255453,0.0,60024.0,4193.949930255453,0.0,0.0,1.1949982318445351,-0.33701238840588643
2026-07-02 00:00:00+00:00,4193.949930255453,0.0,61560.0,4193.949930255453,0.0,0.0,1.1949982318445351,-0.33701238840588643
2026-07-03 00:00:00+00:00,4193.949930255453,0.0,62583.26,4193.949930255453,0.0,0.0,1.1949982318445351,-0.33701238840588643
2026-07-04 00:00:00+00:00,4193.949930255453,0.0,63144.01,4193.949930255453,0.0,0.0,1.1949982318445351,-0.33701238840588643
2026-07-05 00:00:00+00:00,4193.949930255453,0.0,63650.0,4193.949930255453,0.0,0.0,1.1949982318445351,-0.33701238840588643
2026-07-06 00:00:00+00:00,4193.949930255453,0.0,64042.02,4193.949930255453,0.0,0.0,1.1949982318445351,-0.33701238840588643
2026-07-07 00:00:00+00:00,4193.949930255453,0.0,63363.99,4193.949930255453,0.0,0.0,1.1949982318445351,-0.33701238840588643
2026-07-08 00:00:00+00:00,4193.949930255453,0.0,62290.0,4193.949930255453,0.0,0.0,1.1949982318445351,-0.33701238840588643
2026-07-09 00:00:00+00:00,4193.949930255453,0.0,63230.0,4193.949930255453,0.0,0.0,1.1949982318445351,-0.33701238840588643
2026-07-10 00:00:00+00:00,4193.949930255453,0.0,64161.72,4193.949930255453,0.0,0.0,1.1949982318445351,-0.33701238840588643
2026-07-11 00:00:00+00:00,4193.949930255453,0.0,63819.0,4193.949930255453,0.0,0.0,1.1949982318445351,-0.33701238840588643
2026-07-12 00:00:00+00:00,4193.949930255453,0.0,63780.0,4193.949930255453,0.0,0.0,1.1949982318445351,-0.33701238840588643
2026-07-13 00:00:00+00:00,4193.949930255453,0.0,62334.52,4193.949930255453,0.0,0.0,1.1949982318445351,-0.33701238840588643
2026-07-14 00:00:00+00:00,4193.949930255453,0.0,65043.98,4193.949930255453,0.0,0.0,1.1949982318445351,-0.33701238840588643
2026-07-15 00:00:00+00:00,0.0,0.064382064152536,64756.28,4169.142973239584,0.0,-0.005914938763791677,1.1879298904803355,-0.34093391952961805
2026-07-16 00:00:00+00:00,0.0,0.064382064152536,63830.2,4109.520031269203,0.0,-0.014301006790383819,1.1709412970500763,-0.3503592280217366
2026-07-17 00:00:00+00:00,0.0,0.064382064152536,63931.67,4116.052879318761,0.0,0.0015896863866948774,1.1728027264896157,-0.3493265029302808
2026-07-18 00:00:00+00:00,0.0,0.064382064152536,64834.22,4174.160911319633,0.0,0.014117416297744212,1.189359670814599,-0.3401406742982386
2026-07-19 00:00:00+00:00,0.0,0.064382064152536,64722.54,4166.970722395077,0.0,-0.0017225471363734313,1.1873109427195192,-0.3412773130901354
2026-07-20 00:00:00+00:00,0.0,0.064382064152536,65255.51,4201.284431126454,0.0,0.008234689182470278,1.19708807929576,-0.33585293650599113
2026-07-21 00:00:00+00:00,0.0,0.064382064152536,66556.16,4285.022962866451,0.0,0.019931650216204133,1.220948020170271,-0.32261538954430935
2026-07-22 00:00:00+00:00,0.0,0.064382064152536,66114.49,4256.5873365922,0.0,-0.00663604991634148,1.2128457481631627,-0.3271105476318549
2026-07-23 00:00:00+00:00,0.0,0.064382064152536,65098.97,4191.206062804016,0.0,-0.015360021683597735,1.1942164111725173,-0.3374461442108937
2026-07-24 00:00:00+00:00,0.0,0.064382064152536,64139.99,4129.464950923018,0.0,-0.014731108648877167,1.1766242794692627,-0.3472062970462555
2026-07-25 00:00:00+00:00,0.0,0.064382064152536,64375.0,4144.595379819505,0.0,0.0036640167857837636,1.1809354505797989,-0.3448144499609791
2026-07-26 00:00:00+00:00,0.0,0.064382064152536,65399.99,4210.5863517552125,0.0,0.015922174757281526,1.1997385112009995,-0.3343824711348121
2026-07-27 00:00:00+00:00,-7.105427357601002e-15,0.06529812080219374,63755.86,4163.137848127752,60.0,-0.025518655752700625,1.1691227971404037,-0.3513681357168861
2026-07-28 00:00:00+00:00,-7.105427357601002e-15,0.06529812080219374,63915.0,4173.529391072213,0.0,0.0024960842815076045,1.172041026177498,-0.34974909591596404
2026-07-29 00:00:00+00:00,-7.105427357601002e-15,0.06529812080219374,63984.28,4178.053244881389,0.0,0.001083939607291029,1.1733114478671418,-0.3490442632063506
2026-07-30 00:00:00+00:00,-7.105427357601002e-15,0.06529812080219374,64780.02,4230.013571528527,0.0,0.01243649221339993,1.1879033265524346,-0.34094865725444834
2026-07-31 00:00:00+00:00,-7.105427357601002e-15,0.06529812080219374,62887.88,4106.460385233863,0.0,-0.02920869737304821,1.1532062177787272,-0.3601986884780042
2026-08-01 00:00:00+00:00,-7.105427357601002e-15,0.06529812080219374,62823.64,4102.265633953531,0.0,-0.0010215004862621502,1.1520282170665057,-0.3608522458288351
2026-08-02 00:00:00+00:00,-7.105427357601002e-15,0.06529812080219374,63570.0,4151.001539395456,0.0,0.01188024125950049,1.165714590223008,-0.35325901630881373
2026-08-03 00:00:00+00:00,-7.105427357601002e-15,0.06529812080219374,63520.0,4147.736633355346,0.0,-0.0007865345288659009,1.1647977154469948,-0.3537677004237195
2026-08-04 00:00:00+00:00,-7.105427357601002e-15,0.06529812080219374,64106.56,4186.037899093081,0.0,0.009234256926952122,1.1755537568193593,-0.34780022533493715
2026-08-05 00:00:00+00:00,-7.105427357601002e-15,0.06529812080219374,64665.23,4222.518000241643,0.0,0.008714708759914647,1.1857983654416635,-0.3421164942454491
2026-08-06 00:00:00+00:00,-7.105427357601002e-15,0.06529812080219374,64323.61,4200.210856213197,0.0,-0.005282900872694674,1.179533910222032,-0.34559202759213126
2026-08-07 00:00:00+00:00,-7.105427357601002e-15,0.06529812080219374,64923.19,4239.362303483777,0.0,0.009321305194158302,1.1905287057860703,-0.33949209115982726
2026-08-08 00:00:00+00:00,-7.105427357601002e-15,0.06529812080219374,64962.6,4241.935702424591,0.0,0.0006070250090912666,1.1912513864845236,-0.33909114634045856
2026-08-09 00:00:00+00:00,-7.105427357601002e-15,0.06529812080219374,64901.59,4237.951864074449,0.0,-0.0009391557603913858,1.1901326158828325,-0.33971184269746657
2026-08-10 00:00:00+00:00,-7.105427357601002e-15,0.06529812080219374,63970.01,4177.121440697542,0.0,-0.014353731549565873,1.1730497718060677,-0.3491894416527447
2026-08-11 00:00:00+00:00,-7.105427357601002e-15,0.06529812080219374,63600.0,4152.960483019522,0.0,-0.005784116650912052,1.1662647150886156,-0.35295380583987046
2026-08-12 00:00:00+00:00,-7.105427357601002e-15,0.06529812080219374,63479.99,4145.124055542051,0.0,-0.0018869496855346002,1.164064032251229,-0.3541747494524673
2026-08-13 00:00:00+00:00,-7.105427357601002e-15,0.06529812080219374,63490.86,4145.833846115171,0.0,0.00017123506163119195,1.1642633608275341,-0.3540641615258868
2026-08-14 00:00:00+00:00,-7.105427357601002e-15,0.06529812080219374,63043.56,4116.625996680349,0.0,-0.007045108540032485,1.156060999081321,-0.35861484961783385
2026-08-15 00:00:00+00:00,-7.105427357601002e-15,0.06529812080219374,63086.01,4119.397901908403,0.0,0.0006733439545609787,1.1568394257661563,-0.3581829768042788
2026-08-16 00:00:00+00:00,-7.105427357601002e-15,0.06529812080219374,62900.0,4107.251798457986,0.0,-0.002948514258549584,1.1534284682244325,-0.3600753834485513
2026-08-17 00:00:00+00:00,-7.105427357601002e-15,0.06529812080219374,64532.1,4213.824861419247,0.0,0.025947535771065233,1.183357094663051,-0.34347091656979734
2026-08-18 00:00:00+00:00,-7.105427357601002e-15,0.06529812080219374,64725.42,4226.448294132727,0.0,0.002995718409907644,1.1869020992970278,-0.34150414030792564
2026-08-19 00:00:00+00:00,-7.105427357601002e-15,0.06529812080219374,69334.79,4527.4314932147345,0.0,0.07121421537318717,1.2714264010232543,-0.2946098743334623
2026-08-20 00:00:00+00:00,-7.105427357601002e-15,0.06529812080219374,73025.15,4768.405066298318,0.0,0.053225227912278905,1.3390983609914056,-0.2570653241277897
2026-08-21 00:00:00+00:00,-7.105427357601002e-15,0.06529812080219374,78338.03,5115.3261463458775,0.0,0.07275411279538635,1.4365232741910912,-0.20301377091977924
2026-08-22 00:00:00+00:00,-7.105427357601002e-15,0.06529812080219374,77074.93,5032.848089960627,0.0,-0.016123714114332444,1.4133611835994493,-0.21586414903052853
2026-08-23 00:00:00+00:00,-7.105427357601002e-15,0.06529812080219374,77734.0,5075.884122437728,0.0,0.008551029498177876,1.4254468767719877,-0.2091589802383098
2026-08-24 00:00:00+00:00,-7.105427357601002e-15,0.06529812080219374,78992.75,5158.078131997489,0.0,0.01619304294131263,1.4485291992581164,-0.19635285764555732
2026-08-25 00:00:00+00:00,-7.105427357601002e-15,0.06529812080219374,78539.14,5128.458251420407,0.0,-0.005742425728943457,1.4402111279151708,-0.2009677416728053
2026-08-26 00:00:00+00:00,-7.105427357601002e-15,0.06529812080219374,79023.75,5160.1023737423575,0.0,0.00617029929281121,1.4490976616192446,-0.19603747349431566
2026-08-27 00:00:00+00:00,0.0,0.06605624864208512,80249.58,5300.9862099029015,60.0,0.015674851059569894,1.4718120516358972,-0.1834354806338636
2026-08-28 00:00:00+00:00,0.0,0.06605624864208512,77845.87,5142.206144479434,0.0,-0.02995292934866467,1.427726969238734,-0.20789397999106385
2026-08-29 00:00:00+00:00,0.0,0.06605624864208512,78230.0,5167.580331270319,0.0,0.004934494276960466,1.4347720797975045,-0.20398533736858382
2026-08-30 00:00:00+00:00,0.0,0.06605624864208512,77682.0,5131.3815070144565,0.0,-0.007004985299757127,1.4247215224700212,-0.20956140837870796
2026-08-31 00:00:00+00:00,0.0,0.06605624864208512,78581.29,5190.785230855797,0.0,0.011576555701449331,1.441214890533949,-0.20041085199422892
2026-09-01 00:00:00+00:00,0.0,0.06605624864208512,77439.0,5115.32983859443,0.0,-0.014536411911792113,1.4202647972317393,-0.21203400920983972
2026-09-02 00:00:00+00:00,0.0,0.06605624864208512,77340.01,5108.79093054135,0.0,-0.0012782964656052886,1.4184492777612143,-0.2130412633508839
2026-09-03 00:00:00+00:00,0.0,0.06605624864208512,81270.37,5368.415767954255,0.0,0.050819233149827614,1.4905337823189662,-0.1730486238338187
2026-09-04 00:00:00+00:00,0.0,0.06605624864208512,79660.77,5262.091630139956,0.0,-0.01980549614822702,1.4610130212344457,-0.189426806129249
2026-09-05 00:00:00+00:00,0.0,0.06605624864208512,79831.75,5273.385927532779,0.0,0.0021463513345401086,1.4641488684823527,-0.18768703127284203
2026-09-06 00:00:00+00:00,0.0,0.06605624864208512,80341.83,5307.079898840134,0.0,0.006389437786344487,1.4735039565874675,-0.182496808096119
2026-09-07 00:00:00+00:00,0.0,0.06605624864208512,79112.01,5225.842603135124,0.0,-0.015307343634069825,1.4509485251778216,-0.19501061037654066
2026-09-08 00:00:00+00:00,0.0,0.06605624864208512,78455.8,5182.495832213702,0.0,-0.008294695078534753,1.4389133495868218,-0.20168775190492305
2026-09-09 00:00:00+00:00,0.0,0.06605624864208512,78306.43,5172.629010354033,0.0,-0.0019038745382751188,1.4361738390977592,-0.20320763826766453
2026-09-10 00:00:00+00:00,0.0,0.06605624864208512,76568.72,5057.842406526196,0.0,-0.022191153395704433,1.404303485131443,-0.22088937979139234
2026-09-11 00:00:00+00:00,0.0,0.06605624864208512,77225.7,5101.240040759072,0.0,0.00858026619747565,1.4163527828559137,-0.21420440327272217
2026-09-12 00:00:00+00:00,0.0,0.06605624864208512,77278.73,5104.743003624562,0.0,0.0006866884987770661,1.4173253760221118,-0.21366480647405983
2026-09-13 00:00:00+00:00,0.0,0.06605624864208512,76842.01,5075.89491871759,0.0,-0.005651231587268657,1.4093157420876983,-0.21810856875789464
2026-09-14 00:00:00+00:00,0.0,0.06605624864208512,78189.21,5164.885896888209,0.0,0.017532076529492402,1.4340239735321982,-0.20440038834760366
2026-09-15 00:00:00+00:00,0.0,0.06605624864208512,75644.48,4996.790579281234,0.0,-0.0325457950016379,1.387352523262185,-0.23029381021182527
2026-09-16 00:00:00+00:00,4989.297891807602,0.0,76206.01,4989.297891807602,0.0,-0.001499499999999987,1.3852721881535535,-0.23144798464341265
2026-09-17 00:00:00+00:00,4989.297891807602,0.0,76417.01,4989.297891807602,0.0,0.0,1.3852721881535535,-0.23144798464341265
2026-09-18 00:00:00+00:00,4989.297891807602,0.0,80883.87,4989.297891807602,0.0,0.0,1.3852721881535535,-0.23144798464341265
2026-09-19 00:00:00+00:00,4989.297891807602,0.0,81249.99,4989.297891807602,0.0,0.0,1.3852721881535535,-0.23144798464341265
2026-09-20 00:00:00+00:00,4989.297891807602,0.0,81178.0,4989.297891807602,0.0,0.0,1.3852721881535535,-0.23144798464341265
2026-09-21 00:00:00+00:00,4989.297891807602,0.0,86620.0,4989.297891807602,0.0,0.0,1.3852721881535535,-0.23144798464341265
2026-09-22 00:00:00+00:00,0.0,0.057513531421849604,86208.56,4958.158724392407,0.0,-0.006241192266015161,1.3766264380865236,-0.23624466553768653
2026-09-23 00:00:00+00:00,0.0,0.057513531421849604,84397.6,4854.004019528695,0.0,-0.021006730654125172,1.3477080172902922,-0.25228866813438766
2026-09-24 00:00:00+00:00,0.0,0.057513531421849604,84410.24,4854.730990565867,0.0,0.00014976729196081173,1.3479098598703956,-0.25217668543304583
2026-09-25 00:00:00+00:00,0.0,0.057513531421849604,84099.99,4836.887417442238,0.0,-0.0036755019296236258,1.3429556145794832,-0.2549253114687542
2026-09-26 00:00:00+00:00,0.0,0.057513531421849604,84433.1,4856.0457498941705,0.0,0.003960880375847964,1.348274901118906,-0.2519741597564097
