date,equity,deposit,return,twr,drawdown
2021-09-27 00:00:00+00:00,100.0,100.0,0.0,1.0,0.0
2021-09-28 00:00:00+00:00,100.0,0.0,0.0,1.0,0.0
2021-09-29 00:00:00+00:00,100.0,0.0,0.0,1.0,0.0
2021-09-30 00:00:00+00:00,100.0,0.0,0.0,1.0,0.0
2021-10-01 00:00:00+00:00,100.0,0.0,0.0,1.0,0.0
2021-10-02 00:00:00+00:00,100.0,0.0,0.0,1.0,0.0
2021-10-03 00:00:00+00:00,100.0,0.0,0.0,1.0,0.0
2021-10-04 00:00:00+00:00,100.0,0.0,0.0,1.0,0.0
2021-10-05 00:00:00+00:00,100.0,0.0,0.0,1.0,0.0
2021-10-06 00:00:00+00:00,104.38312277917538,0.0,0.04383122779175386,1.0438312277917539,0.0
2021-10-07 00:00:00+00:00,102.60255668381015,0.0,-0.017057988379328815,1.0260255668381015,-0.017057988379328926
2021-10-08 00:00:00+00:00,102.79601449520177,0.0,0.0018855067324277108,1.0279601449520177,-0.015204644598832084
2021-10-09 00:00:00+00:00,103.95796021768614,0.0,0.01130341218178832,1.0395796021768613,-0.0040730967820219455
2021-10-10 00:00:00+00:00,103.61958072831865,0.0,-0.003254964686291717,1.0361958072831865,-0.007314803682124227
2021-10-11 00:00:00+00:00,106.89297628735353,0.0,0.03159051152327508,1.0689297628735352,0.0
2021-10-12 00:00:00+00:00,105.17684569188988,0.0,-0.016054661915767876,1.0517684569188988,-0.016054661915767876
2021-10-13 00:00:00+00:00,106.77151956020887,0.0,0.015161833936249591,1.0677151956020885,-0.0011362460973878274
2021-10-14 00:00:00+00:00,106.74933493903612,0.0,-0.00020777657997317345,1.067493349390361,-0.0013437865920329362
2021-10-15 00:00:00+00:00,112.54642196932014,0.0,0.05430560324890732,1.125464219693201,0.0
2021-10-16 00:00:00+00:00,111.20771954416796,0.0,-0.011894668899532945,1.112077195441679,-0.011894668899533056
2021-10-17 00:00:00+00:00,112.14544343946233,0.0,0.008432183477352417,1.121454434394623,-0.003562783452743745
2021-10-18 00:00:00+00:00,111.63237750630066,0.0,-0.004575004720888454,1.1163237750630062,-0.008121488422516476
2021-10-19 00:00:00+00:00,115.66687448467587,0.0,0.03614092137514047,1.1566687448467583,0.0
2021-10-20 00:00:00+00:00,120.66328652449755,0.0,0.043196568266255175,1.206632865244975,0.0
2021-10-21 00:00:00+00:00,115.09114192454791,0.0,-0.04617928750696143,1.1509114192454786,-0.04617928750696143
2021-10-22 00:00:00+00:00,112.48829640459022,0.0,-0.02261551563772024,1.1248829640459017,-0.06775043474592912
2021-10-23 00:00:00+00:00,115.23862367711237,0.0,0.02444989710422818,1.1523862367711233,-0.04495702880000563
2021-10-24 00:00:00+00:00,113.839511318555,0.0,-0.012141001982786226,1.1383951131855494,-0.05655220740699085
2021-10-25 00:00:00+00:00,117.88547386763155,0.0,0.0355409339184074,1.1788547386763149,-0.023021191754975523
2021-10-26 00:00:00+00:00,113.74856126447895,0.0,-0.03509264091178654,1.137485612644789,-0.05730595825114326
2021-10-27 00:00:00+00:00,205.2343254739592,100.0,-0.07485137126897945,1.0523432547395912,-0.12786789996314185
2021-10-28 00:00:00+00:00,212.39974599314652,0.0,0.034913363067507586,1.0890840968639572,-0.09741883531172713
2021-10-29 00:00:00+00:00,215.08413968818718,0.0,0.012638403508859586,1.102848381135206,-0.08601165035290026
2021-10-30 00:00:00+00:00,213.14039379069442,0.0,-0.009037141931109605,1.0928817837863927,-0.09427149279204172
2021-10-31 00:00:00+00:00,212.4237877519867,0.0,-0.0033621315320052636,1.0892073714803703,-0.09731667116556164
2021-11-01 00:00:00+00:00,213.07473352495435,0.0,0.0030643732505497567,1.0925451094138363,-0.09455051251896418
2021-11-02 00:00:00+00:00,218.538879824049,0.0,0.025644271419232867,1.1205626327374003,-0.07133092010559516
2021-11-03 00:00:00+00:00,218.8108143400063,0.0,0.0012443301447149224,1.1219569826003566,-0.07017534917501778
2021-11-04 00:00:00+00:00,217.37578397830882,0.0,-0.006558315529449077,1.114598834697995,-0.07627343262218778
2021-11-05 00:00:00+00:00,216.20238452163716,0.0,-0.0053980228855149415,1.1085822046801268,-0.08125972977285145
2021-11-06 00:00:00+00:00,217.08647474587877,0.0,0.004089178878381672,1.1131153956164546,-0.0775028364651199
2021-11-07 00:00:00+00:00,218.997491526295,0.0,0.008803020928195737,1.1229141737395631,-0.06938207462832113
2021-11-08 00:00:00+00:00,222.94498670258753,0.0,0.01802529859488633,1.1431550370176489,-0.05260740864574298
2021-11-09 00:00:00+00:00,220.15255807318164,0.0,-0.01252519139679531,1.1288368013827923,-0.06447368218036076
2021-11-10 00:00:00+00:00,214.21851771791898,0.0,-0.02695421941583842,1.0984098865536474,-0.08969006382016265
2021-11-11 00:00:00+00:00,215.84001511579476,0.0,0.007569361487277826,1.1067241480461718,-0.08279959884775667
2021-11-12 00:00:00+00:00,213.54534894068388,0.0,-0.010631328828807907,1.0949581997055107,-0.09255065791432071
2021-11-13 00:00:00+00:00,213.59698254825656,0.0,0.0002417922367723424,1.0952229520977896,-0.09233124370814016
2021-11-14 00:00:00+00:00,215.356868951214,0.0,0.008239284946639502,1.104246806080223,-0.08485270218788965
2021-11-15 00:00:00+00:00,210.5321117642922,0.0,-0.0224035444535311,1.079507763672535,-0.1053552453559522
2021-11-16 00:00:00+00:00,196.77959092635,0.0,-0.06532267558945715,1.0089914282298535,-0.1637958344313749
2021-11-17 00:00:00+00:00,197.18068193247296,0.0,0.002038275434128156,1.0110480306712604,-0.16209142002278065
2021-11-18 00:00:00+00:00,190.75650748098064,0.0,-0.032580141160544085,0.9781079431119006,-0.1893905998380695
2021-11-19 00:00:00+00:00,190.59780486845153,0.0,-0.0008319643435752422,0.9772941921790638,-0.1900649979555712
2021-11-20 00:00:00+00:00,190.59780486845153,0.0,0.0,0.9772941921790638,-0.1900649979555712
2021-11-21 00:00:00+00:00,190.59780486845153,0.0,0.0,0.9772941921790638,-0.1900649979555712
2021-11-22 00:00:00+00:00,190.59780486845153,0.0,0.0,0.9772941921790638,-0.1900649979555712
2021-11-23 00:00:00+00:00,190.59780486845153,0.0,0.0,0.9772941921790638,-0.1900649979555712
2021-11-24 00:00:00+00:00,190.59780486845153,0.0,0.0,0.9772941921790638,-0.1900649979555712
2021-11-25 00:00:00+00:00,190.59780486845153,0.0,0.0,0.9772941921790638,-0.1900649979555712
2021-11-26 00:00:00+00:00,190.59780486845153,0.0,0.0,0.9772941921790638,-0.1900649979555712
2021-11-27 00:00:00+00:00,290.5978048684516,100.0,2.220446049250313e-16,0.977294192179064,-0.19006499795557097
2021-11-28 00:00:00+00:00,290.5978048684516,0.0,0.0,0.977294192179064,-0.19006499795557097
2021-11-29 00:00:00+00:00,290.5978048684516,0.0,0.0,0.977294192179064,-0.19006499795557097
2021-11-30 00:00:00+00:00,290.5978048684516,0.0,0.0,0.977294192179064,-0.19006499795557097
2021-12-01 00:00:00+00:00,290.5978048684516,0.0,0.0,0.977294192179064,-0.19006499795557097
2021-12-02 00:00:00+00:00,290.5978048684516,0.0,0.0,0.977294192179064,-0.19006499795557097
2021-12-03 00:00:00+00:00,290.5978048684516,0.0,0.0,0.977294192179064,-0.19006499795557097
2021-12-04 00:00:00+00:00,290.5978048684516,0.0,0.0,0.977294192179064,-0.19006499795557097
2021-12-05 00:00:00+00:00,290.5978048684516,0.0,0.0,0.977294192179064,-0.19006499795557097
2021-12-06 00:00:00+00:00,290.5978048684516,0.0,0.0,0.977294192179064,-0.19006499795557097
2021-12-07 00:00:00+00:00,290.5978048684516,0.0,0.0,0.977294192179064,-0.19006499795557097
2021-12-08 00:00:00+00:00,290.5978048684516,0.0,0.0,0.977294192179064,-0.19006499795557097
2021-12-09 00:00:00+00:00,290.5978048684516,0.0,0.0,0.977294192179064,-0.19006499795557097
2021-12-10 00:00:00+00:00,290.5978048684516,0.0,0.0,0.977294192179064,-0.19006499795557097
2021-12-11 00:00:00+00:00,290.5978048684516,0.0,0.0,0.977294192179064,-0.19006499795557097
2021-12-12 00:00:00+00:00,290.5978048684516,0.0,0.0,0.977294192179064,-0.19006499795557097
2021-12-13 00:00:00+00:00,290.5978048684516,0.0,0.0,0.977294192179064,-0.19006499795557097
2021-12-14 00:00:00+00:00,290.5978048684516,0.0,0.0,0.977294192179064,-0.19006499795557097
2021-12-15 00:00:00+00:00,290.5978048684516,0.0,0.0,0.977294192179064,-0.19006499795557097
2021-12-16 00:00:00+00:00,290.5978048684516,0.0,0.0,0.977294192179064,-0.19006499795557097
2021-12-17 00:00:00+00:00,290.5978048684516,0.0,0.0,0.977294192179064,-0.19006499795557097
2021-12-18 00:00:00+00:00,290.5978048684516,0.0,0.0,0.977294192179064,-0.19006499795557097
2021-12-19 00:00:00+00:00,290.5978048684516,0.0,0.0,0.977294192179064,-0.19006499795557097
2021-12-20 00:00:00+00:00,290.5978048684516,0.0,0.0,0.977294192179064,-0.19006499795557097
2021-12-21 00:00:00+00:00,290.5978048684516,0.0,0.0,0.977294192179064,-0.19006499795557097
2021-12-22 00:00:00+00:00,290.5978048684516,0.0,0.0,0.977294192179064,-0.19006499795557097
2021-12-23 00:00:00+00:00,290.5978048684516,0.0,0.0,0.977294192179064,-0.19006499795557097
2021-12-24 00:00:00+00:00,290.5978048684516,0.0,0.0,0.977294192179064,-0.19006499795557097
2021-12-25 00:00:00+00:00,290.5978048684516,0.0,0.0,0.977294192179064,-0.19006499795557097
2021-12-26 00:00:00+00:00,290.5978048684516,0.0,0.0,0.977294192179064,-0.19006499795557097
2021-12-27 00:00:00+00:00,390.59780486845153,100.0,-2.220446049250313e-16,0.9772941921790638,-0.1900649979555712
2021-12-28 00:00:00+00:00,390.59780486845153,0.0,0.0,0.9772941921790638,-0.1900649979555712
2021-12-29 00:00:00+00:00,390.59780486845153,0.0,0.0,0.9772941921790638,-0.1900649979555712
2021-12-30 00:00:00+00:00,390.59780486845153,0.0,0.0,0.9772941921790638,-0.1900649979555712
2021-12-31 00:00:00+00:00,390.59780486845153,0.0,0.0,0.9772941921790638,-0.1900649979555712
2022-01-01 00:00:00+00:00,390.59780486845153,0.0,0.0,0.9772941921790638,-0.1900649979555712
2022-01-02 00:00:00+00:00,390.59780486845153,0.0,0.0,0.9772941921790638,-0.1900649979555712
2022-01-03 00:00:00+00:00,390.59780486845153,0.0,0.0,0.9772941921790638,-0.1900649979555712
2022-01-04 00:00:00+00:00,390.59780486845153,0.0,0.0,0.9772941921790638,-0.1900649979555712
2022-01-05 00:00:00+00:00,390.59780486845153,0.0,0.0,0.9772941921790638,-0.1900649979555712
2022-01-06 00:00:00+00:00,390.59780486845153,0.0,0.0,0.9772941921790638,-0.1900649979555712
2022-01-07 00:00:00+00:00,390.59780486845153,0.0,0.0,0.9772941921790638,-0.1900649979555712
2022-01-08 00:00:00+00:00,390.59780486845153,0.0,0.0,0.9772941921790638,-0.1900649979555712
2022-01-09 00:00:00+00:00,390.59780486845153,0.0,0.0,0.9772941921790638,-0.1900649979555712
2022-01-10 00:00:00+00:00,390.59780486845153,0.0,0.0,0.9772941921790638,-0.1900649979555712
2022-01-11 00:00:00+00:00,390.59780486845153,0.0,0.0,0.9772941921790638,-0.1900649979555712
2022-01-12 00:00:00+00:00,390.59780486845153,0.0,0.0,0.9772941921790638,-0.1900649979555712
2022-01-13 00:00:00+00:00,390.59780486845153,0.0,0.0,0.9772941921790638,-0.1900649979555712
2022-01-14 00:00:00+00:00,390.59780486845153,0.0,0.0,0.9772941921790638,-0.1900649979555712
2022-01-15 00:00:00+00:00,390.59780486845153,0.0,0.0,0.9772941921790638,-0.1900649979555712
2022-01-16 00:00:00+00:00,390.59780486845153,0.0,0.0,0.9772941921790638,-0.1900649979555712
2022-01-17 00:00:00+00:00,390.59780486845153,0.0,0.0,0.9772941921790638,-0.1900649979555712
2022-01-18 00:00:00+00:00,390.59780486845153,0.0,0.0,0.9772941921790638,-0.1900649979555712
2022-01-19 00:00:00+00:00,390.59780486845153,0.0,0.0,0.9772941921790638,-0.1900649979555712
2022-01-20 00:00:00+00:00,390.59780486845153,0.0,0.0,0.9772941921790638,-0.1900649979555712
2022-01-21 00:00:00+00:00,390.59780486845153,0.0,0.0,0.9772941921790638,-0.1900649979555712
2022-01-22 00:00:00+00:00,390.59780486845153,0.0,0.0,0.9772941921790638,-0.1900649979555712
2022-01-23 00:00:00+00:00,390.59780486845153,0.0,0.0,0.9772941921790638,-0.1900649979555712
2022-01-24 00:00:00+00:00,390.59780486845153,0.0,0.0,0.9772941921790638,-0.1900649979555712
2022-01-25 00:00:00+00:00,390.59780486845153,0.0,0.0,0.9772941921790638,-0.1900649979555712
2022-01-26 00:00:00+00:00,390.59780486845153,0.0,0.0,0.9772941921790638,-0.1900649979555712
2022-01-27 00:00:00+00:00,490.5978048684516,100.0,2.220446049250313e-16,0.977294192179064,-0.19006499795557097
2022-01-28 00:00:00+00:00,490.5978048684516,0.0,0.0,0.977294192179064,-0.19006499795557097
2022-01-29 00:00:00+00:00,490.5978048684516,0.0,0.0,0.977294192179064,-0.19006499795557097
2022-01-30 00:00:00+00:00,490.5978048684516,0.0,0.0,0.977294192179064,-0.19006499795557097
2022-01-31 00:00:00+00:00,490.5978048684516,0.0,0.0,0.977294192179064,-0.19006499795557097
2022-02-01 00:00:00+00:00,490.5978048684516,0.0,0.0,0.977294192179064,-0.19006499795557097
2022-02-02 00:00:00+00:00,490.5978048684516,0.0,0.0,0.977294192179064,-0.19006499795557097
2022-02-03 00:00:00+00:00,490.5978048684516,0.0,0.0,0.977294192179064,-0.19006499795557097
2022-02-04 00:00:00+00:00,490.5978048684516,0.0,0.0,0.977294192179064,-0.19006499795557097
2022-02-05 00:00:00+00:00,490.5978048684516,0.0,0.0,0.977294192179064,-0.19006499795557097
2022-02-06 00:00:00+00:00,490.5978048684516,0.0,0.0,0.977294192179064,-0.19006499795557097
2022-02-07 00:00:00+00:00,490.5978048684516,0.0,0.0,0.977294192179064,-0.19006499795557097
2022-02-08 00:00:00+00:00,491.49063132133927,0.0,0.0018198745367952185,0.9790727449943685,-0.1885910178688912
2022-02-09 00:00:00+00:00,493.63606021903615,0.0,0.004365147087196819,0.9833465415353344,-0.18504909831401628
2022-02-10 00:00:00+00:00,487.9279297384262,0.0,-0.01156343902039314,0.9719756737663761,-0.1944727333702766
2022-02-11 00:00:00+00:00,480.6293853268302,0.0,-0.014958242737833638,0.9574366257029092,-0.20652200575646762
2022-02-12 00:00:00+00:00,479.61526302071593,0.0,-0.0021099881469474058,0.9554164457712228,-0.20819623491918504
2022-02-13 00:00:00+00:00,478.54681041012304,0.0,-0.00222772854196418,0.9532880372855163,-0.20996015876629026
2022-02-14 00:00:00+00:00,481.6848246908413,0.0,0.006557382083539398,0.9595391111816647,-0.20477956566610211
2022-02-15 00:00:00+00:00,494.75611035232566,0.0,0.027136594286261584,0.9855777347436016,-0.1831999913714384
2022-02-16 00:00:00+00:00,490.388214137168,0.0,-0.008828382558119796,0.9768766774605199,-0.19041101432108687
2022-02-17 00:00:00+00:00,468.5398840537043,0.0,-0.044553130466044255,0.9333537634003854,-0.226480738023912
2022-02-18 00:00:00+00:00,468.1446502366706,0.0,-0.0008435435925203683,0.9325664388137143,-0.227133235241043
2022-02-19 00:00:00+00:00,468.1446502366706,0.0,0.0,0.9325664388137143,-0.227133235241043
2022-02-20 00:00:00+00:00,468.1446502366706,0.0,0.0,0.9325664388137143,-0.227133235241043
2022-02-21 00:00:00+00:00,468.1446502366706,0.0,0.0,0.9325664388137143,-0.227133235241043
2022-02-22 00:00:00+00:00,468.1446502366706,0.0,0.0,0.9325664388137143,-0.227133235241043
2022-02-23 00:00:00+00:00,468.1446502366706,0.0,0.0,0.9325664388137143,-0.227133235241043
2022-02-24 00:00:00+00:00,468.1446502366706,0.0,0.0,0.9325664388137143,-0.227133235241043
2022-02-25 00:00:00+00:00,468.1446502366706,0.0,0.0,0.9325664388137143,-0.227133235241043
2022-02-26 00:00:00+00:00,468.1446502366706,0.0,0.0,0.9325664388137143,-0.227133235241043
2022-02-27 00:00:00+00:00,568.1446502366706,100.0,0.0,0.9325664388137143,-0.227133235241043
2022-02-28 00:00:00+00:00,568.1446502366706,0.0,0.0,0.9325664388137143,-0.227133235241043
2022-03-01 00:00:00+00:00,568.1446502366706,0.0,0.0,0.9325664388137143,-0.227133235241043
2022-03-02 00:00:00+00:00,568.1446502366706,0.0,0.0,0.9325664388137143,-0.227133235241043
2022-03-03 00:00:00+00:00,568.1446502366706,0.0,0.0,0.9325664388137143,-0.227133235241043
2022-03-04 00:00:00+00:00,568.1446502366706,0.0,0.0,0.9325664388137143,-0.227133235241043
2022-03-05 00:00:00+00:00,568.1446502366706,0.0,0.0,0.9325664388137143,-0.227133235241043
2022-03-06 00:00:00+00:00,568.1446502366706,0.0,0.0,0.9325664388137143,-0.227133235241043
2022-03-07 00:00:00+00:00,568.1446502366706,0.0,0.0,0.9325664388137143,-0.227133235241043
2022-03-08 00:00:00+00:00,568.1446502366706,0.0,0.0,0.9325664388137143,-0.227133235241043
2022-03-09 00:00:00+00:00,568.1446502366706,0.0,0.0,0.9325664388137143,-0.227133235241043
2022-03-10 00:00:00+00:00,568.1446502366706,0.0,0.0,0.9325664388137143,-0.227133235241043
2022-03-11 00:00:00+00:00,568.1446502366706,0.0,0.0,0.9325664388137143,-0.227133235241043
2022-03-12 00:00:00+00:00,568.1446502366706,0.0,0.0,0.9325664388137143,-0.227133235241043
2022-03-13 00:00:00+00:00,568.1446502366706,0.0,0.0,0.9325664388137143,-0.227133235241043
2022-03-14 00:00:00+00:00,568.1446502366706,0.0,0.0,0.9325664388137143,-0.227133235241043
2022-03-15 00:00:00+00:00,568.1446502366706,0.0,0.0,0.9325664388137143,-0.227133235241043
2022-03-16 00:00:00+00:00,568.1446502366706,0.0,0.0,0.9325664388137143,-0.227133235241043
2022-03-17 00:00:00+00:00,568.1446502366706,0.0,0.0,0.9325664388137143,-0.227133235241043
2022-03-18 00:00:00+00:00,568.1446502366706,0.0,0.0,0.9325664388137143,-0.227133235241043
2022-03-19 00:00:00+00:00,568.1446502366706,0.0,0.0,0.9325664388137143,-0.227133235241043
2022-03-20 00:00:00+00:00,568.1446502366706,0.0,0.0,0.9325664388137143,-0.227133235241043
2022-03-21 00:00:00+00:00,568.1446502366706,0.0,0.0,0.9325664388137143,-0.227133235241043
2022-03-22 00:00:00+00:00,568.1446502366706,0.0,0.0,0.9325664388137143,-0.227133235241043
2022-03-23 00:00:00+00:00,568.1446502366706,0.0,0.0,0.9325664388137143,-0.227133235241043
2022-03-24 00:00:00+00:00,568.1446502366706,0.0,0.0,0.9325664388137143,-0.227133235241043
2022-03-25 00:00:00+00:00,568.976682834658,0.0,0.0014644731718249648,0.9339321573443012,-0.22600139259865848
2022-03-26 00:00:00+00:00,573.7995574286178,0.0,0.008476401124088317,0.9418485409326367,-0.21944066993283895
2022-03-27 00:00:00+00:00,707.5188678582676,100.0,0.05876496416406618,0.9971962366885211,-0.17357112887351467
2022-03-28 00:00:00+00:00,713.4787025640078,0.0,0.008423569994367996,1.0055961889863871,-0.1666096474322143
2022-03-29 00:00:00+00:00,722.3647007651298,0.0,0.01245446874474121,1.0181203552919489,-0.15623021333399
2022-03-30 00:00:00+00:00,717.8357565417361,0.0,-0.006269608991962938,1.01173713875751,-0.16152031997561778
2022-03-31 00:00:00+00:00,694.7893120483587,0.0,-0.03210545627373951,0.9792548562886125,-0.1884400926790597
2022-04-01 00:00:00+00:00,717.3634890293524,0.0,0.032490679677326995,1.0110715121467526,-0.16207195969133392
2022-04-02 00:00:00+00:00,712.2165015574069,0.0,-0.007174866787421519,1.0038172087345427,-0.16808398175799388
2022-04-03 00:00:00+00:00,724.5295881200068,0.0,0.017288403927281593,1.0211716061083018,-0.15370148160105024
2022-04-04 00:00:00+00:00,725.8129634498532,0.0,0.0017713221804736001,1.0229804300242713,-0.1522024142641083
2022-04-05 00:00:00+00:00,706.1364455465084,0.0,-0.027109625887391964,0.9952478132761899,-0.1751858896416424
2022-04-06 00:00:00+00:00,664.155057274425,0.0,-0.059452232690797135,0.9360781086962868,-0.2242229300573204
2022-04-07 00:00:00+00:00,668.9513624819783,0.0,0.00722166481308828,0.942838151036161,-0.21862052808851462
2022-04-08 00:00:00+00:00,665.7736073693167,0.0,-0.004750353001556573,0.9383593369954043,-0.2223323564082641
2022-04-09 00:00:00+00:00,671.8168209714989,0.0,0.009076979825110465,0.9468768057660156,-0.21527348289674064
2022-04-10 00:00:00+00:00,666.7461100115536,0.0,-0.0075477582603733495,0.9397300085337392,-0.2211964089483408
2022-04-11 00:00:00+00:00,646.3555147053087,0.0,-0.030582248625179886,0.910990951772218,-0.24501397400006553
2022-04-12 00:00:00+00:00,645.9484209786881,0.0,-0.0006298294318819453,0.9104171828586137,-0.24548948641989987
2022-04-13 00:00:00+00:00,645.9484209786881,0.0,0.0,0.9104171828586137,-0.24548948641989987
2022-04-14 00:00:00+00:00,645.9484209786881,0.0,0.0,0.9104171828586137,-0.24548948641989987
2022-04-15 00:00:00+00:00,645.9484209786881,0.0,0.0,0.9104171828586137,-0.24548948641989987
2022-04-16 00:00:00+00:00,645.9484209786881,0.0,0.0,0.9104171828586137,-0.24548948641989987
2022-04-17 00:00:00+00:00,645.9484209786881,0.0,0.0,0.9104171828586137,-0.24548948641989987
2022-04-18 00:00:00+00:00,645.9484209786881,0.0,0.0,0.9104171828586137,-0.24548948641989987
2022-04-19 00:00:00+00:00,645.9484209786881,0.0,0.0,0.9104171828586137,-0.24548948641989987
2022-04-20 00:00:00+00:00,645.9484209786881,0.0,0.0,0.9104171828586137,-0.24548948641989987
2022-04-21 00:00:00+00:00,645.9484209786881,0.0,0.0,0.9104171828586137,-0.24548948641989987
2022-04-22 00:00:00+00:00,645.9484209786881,0.0,0.0,0.9104171828586137,-0.24548948641989987
2022-04-23 00:00:00+00:00,645.9484209786881,0.0,0.0,0.9104171828586137,-0.24548948641989987
2022-04-24 00:00:00+00:00,645.9484209786881,0.0,0.0,0.9104171828586137,-0.24548948641989987
2022-04-25 00:00:00+00:00,645.9484209786881,0.0,0.0,0.9104171828586137,-0.24548948641989987
2022-04-26 00:00:00+00:00,645.9484209786881,0.0,0.0,0.9104171828586137,-0.24548948641989987
2022-04-27 00:00:00+00:00,745.9484209786881,100.0,0.0,0.9104171828586137,-0.24548948641989987
2022-04-28 00:00:00+00:00,745.9484209786881,0.0,0.0,0.9104171828586137,-0.24548948641989987
2022-04-29 00:00:00+00:00,745.9484209786881,0.0,0.0,0.9104171828586137,-0.24548948641989987
2022-04-30 00:00:00+00:00,745.9484209786881,0.0,0.0,0.9104171828586137,-0.24548948641989987
2022-05-01 00:00:00+00:00,745.9484209786881,0.0,0.0,0.9104171828586137,-0.24548948641989987
2022-05-02 00:00:00+00:00,745.9484209786881,0.0,0.0,0.9104171828586137,-0.24548948641989987
2022-05-03 00:00:00+00:00,745.9484209786881,0.0,0.0,0.9104171828586137,-0.24548948641989987
2022-05-04 00:00:00+00:00,745.9484209786881,0.0,0.0,0.9104171828586137,-0.24548948641989987
2022-05-05 00:00:00+00:00,745.9484209786881,0.0,0.0,0.9104171828586137,-0.24548948641989987
2022-05-06 00:00:00+00:00,745.9484209786881,0.0,0.0,0.9104171828586137,-0.24548948641989987
2022-05-07 00:00:00+00:00,745.9484209786881,0.0,0.0,0.9104171828586137,-0.24548948641989987
2022-05-08 00:00:00+00:00,745.9484209786881,0.0,0.0,0.9104171828586137,-0.24548948641989987
2022-05-09 00:00:00+00:00,745.9484209786881,0.0,0.0,0.9104171828586137,-0.24548948641989987
2022-05-10 00:00:00+00:00,745.9484209786881,0.0,0.0,0.9104171828586137,-0.24548948641989987
2022-05-11 00:00:00+00:00,745.9484209786881,0.0,0.0,0.9104171828586137,-0.24548948641989987
2022-05-12 00:00:00+00:00,745.9484209786881,0.0,0.0,0.9104171828586137,-0.24548948641989987
2022-05-13 00:00:00+00:00,745.9484209786881,0.0,0.0,0.9104171828586137,-0.24548948641989987
2022-05-14 00:00:00+00:00,745.9484209786881,0.0,0.0,0.9104171828586137,-0.24548948641989987
2022-05-15 00:00:00+00:00,745.9484209786881,0.0,0.0,0.9104171828586137,-0.24548948641989987
2022-05-16 00:00:00+00:00,745.9484209786881,0.0,0.0,0.9104171828586137,-0.24548948641989987
2022-05-17 00:00:00+00:00,745.9484209786881,0.0,0.0,0.9104171828586137,-0.24548948641989987
2022-05-18 00:00:00+00:00,745.9484209786881,0.0,0.0,0.9104171828586137,-0.24548948641989987
2022-05-19 00:00:00+00:00,745.9484209786881,0.0,0.0,0.9104171828586137,-0.24548948641989987
2022-05-20 00:00:00+00:00,745.9484209786881,0.0,0.0,0.9104171828586137,-0.24548948641989987
2022-05-21 00:00:00+00:00,745.9484209786881,0.0,0.0,0.9104171828586137,-0.24548948641989987
2022-05-22 00:00:00+00:00,745.9484209786881,0.0,0.0,0.9104171828586137,-0.24548948641989987
2022-05-23 00:00:00+00:00,745.9484209786881,0.0,0.0,0.9104171828586137,-0.24548948641989987
2022-05-24 00:00:00+00:00,745.9484209786881,0.0,0.0,0.9104171828586137,-0.24548948641989987
2022-05-25 00:00:00+00:00,745.9484209786881,0.0,0.0,0.9104171828586137,-0.24548948641989987
2022-05-26 00:00:00+00:00,745.9484209786881,0.0,0.0,0.9104171828586137,-0.24548948641989987
2022-05-27 00:00:00+00:00,845.9484209786881,100.0,0.0,0.9104171828586137,-0.24548948641989987
2022-05-28 00:00:00+00:00,845.9484209786881,0.0,0.0,0.9104171828586137,-0.24548948641989987
2022-05-29 00:00:00+00:00,845.9484209786881,0.0,0.0,0.9104171828586137,-0.24548948641989987
2022-05-30 00:00:00+00:00,845.9484209786881,0.0,0.0,0.9104171828586137,-0.24548948641989987
2022-05-31 00:00:00+00:00,845.9484209786881,0.0,0.0,0.9104171828586137,-0.24548948641989987
2022-06-01 00:00:00+00:00,845.9484209786881,0.0,0.0,0.9104171828586137,-0.24548948641989987
2022-06-02 00:00:00+00:00,845.9484209786881,0.0,0.0,0.9104171828586137,-0.24548948641989987
2022-06-03 00:00:00+00:00,845.9484209786881,0.0,0.0,0.9104171828586137,-0.24548948641989987
2022-06-04 00:00:00+00:00,845.9484209786881,0.0,0.0,0.9104171828586137,-0.24548948641989987
2022-06-05 00:00:00+00:00,845.9484209786881,0.0,0.0,0.9104171828586137,-0.24548948641989987
2022-06-06 00:00:00+00:00,845.9484209786881,0.0,0.0,0.9104171828586137,-0.24548948641989987
2022-06-07 00:00:00+00:00,845.9484209786881,0.0,0.0,0.9104171828586137,-0.24548948641989987
2022-06-08 00:00:00+00:00,845.9484209786881,0.0,0.0,0.9104171828586137,-0.24548948641989987
2022-06-09 00:00:00+00:00,845.9484209786881,0.0,0.0,0.9104171828586137,-0.24548948641989987
2022-06-10 00:00:00+00:00,845.9484209786881,0.0,0.0,0.9104171828586137,-0.24548948641989987
2022-06-11 00:00:00+00:00,845.9484209786881,0.0,0.0,0.9104171828586137,-0.24548948641989987
2022-06-12 00:00:00+00:00,845.9484209786881,0.0,0.0,0.9104171828586137,-0.24548948641989987
2022-06-13 00:00:00+00:00,845.9484209786881,0.0,0.0,0.9104171828586137,-0.24548948641989987
2022-06-14 00:00:00+00:00,845.9484209786881,0.0,0.0,0.9104171828586137,-0.24548948641989987
2022-06-15 00:00:00+00:00,845.9484209786881,0.0,0.0,0.9104171828586137,-0.24548948641989987
2022-06-16 00:00:00+00:00,845.9484209786881,0.0,0.0,0.9104171828586137,-0.24548948641989987
2022-06-17 00:00:00+00:00,845.9484209786881,0.0,0.0,0.9104171828586137,-0.24548948641989987
2022-06-18 00:00:00+00:00,845.9484209786881,0.0,0.0,0.9104171828586137,-0.24548948641989987
2022-06-19 00:00:00+00:00,845.9484209786881,0.0,0.0,0.9104171828586137,-0.24548948641989987
2022-06-20 00:00:00+00:00,845.9484209786881,0.0,0.0,0.9104171828586137,-0.24548948641989987
2022-06-21 00:00:00+00:00,845.9484209786881,0.0,0.0,0.9104171828586137,-0.24548948641989987
2022-06-22 00:00:00+00:00,845.9484209786881,0.0,0.0,0.9104171828586137,-0.24548948641989987
2022-06-23 00:00:00+00:00,845.9484209786881,0.0,0.0,0.9104171828586137,-0.24548948641989987
2022-06-24 00:00:00+00:00,845.9484209786881,0.0,0.0,0.9104171828586137,-0.24548948641989987
2022-06-25 00:00:00+00:00,845.9484209786881,0.0,0.0,0.9104171828586137,-0.24548948641989987
2022-06-26 00:00:00+00:00,845.9484209786881,0.0,0.0,0.9104171828586137,-0.24548948641989987
2022-06-27 00:00:00+00:00,945.9484209786879,100.0,-2.220446049250313e-16,0.9104171828586135,-0.2454894864199001
2022-06-28 00:00:00+00:00,945.9484209786879,0.0,0.0,0.9104171828586135,-0.2454894864199001
2022-06-29 00:00:00+00:00,945.9484209786879,0.0,0.0,0.9104171828586135,-0.2454894864199001
2022-06-30 00:00:00+00:00,945.9484209786879,0.0,0.0,0.9104171828586135,-0.2454894864199001
2022-07-01 00:00:00+00:00,945.9484209786879,0.0,0.0,0.9104171828586135,-0.2454894864199001
2022-07-02 00:00:00+00:00,945.9484209786879,0.0,0.0,0.9104171828586135,-0.2454894864199001
2022-07-03 00:00:00+00:00,945.9484209786879,0.0,0.0,0.9104171828586135,-0.2454894864199001
2022-07-04 00:00:00+00:00,945.9484209786879,0.0,0.0,0.9104171828586135,-0.2454894864199001
2022-07-05 00:00:00+00:00,945.9484209786879,0.0,0.0,0.9104171828586135,-0.2454894864199001
2022-07-06 00:00:00+00:00,945.9484209786879,0.0,0.0,0.9104171828586135,-0.2454894864199001
2022-07-07 00:00:00+00:00,945.9484209786879,0.0,0.0,0.9104171828586135,-0.2454894864199001
2022-07-08 00:00:00+00:00,945.9484209786879,0.0,0.0,0.9104171828586135,-0.2454894864199001
2022-07-09 00:00:00+00:00,945.9484209786879,0.0,0.0,0.9104171828586135,-0.2454894864199001
2022-07-10 00:00:00+00:00,945.9484209786879,0.0,0.0,0.9104171828586135,-0.2454894864199001
2022-07-11 00:00:00+00:00,945.9484209786879,0.0,0.0,0.9104171828586135,-0.2454894864199001
2022-07-12 00:00:00+00:00,945.9484209786879,0.0,0.0,0.9104171828586135,-0.2454894864199001
2022-07-13 00:00:00+00:00,945.9484209786879,0.0,0.0,0.9104171828586135,-0.2454894864199001
2022-07-14 00:00:00+00:00,945.9484209786879,0.0,0.0,0.9104171828586135,-0.2454894864199001
2022-07-15 00:00:00+00:00,945.9484209786879,0.0,0.0,0.9104171828586135,-0.2454894864199001
2022-07-16 00:00:00+00:00,945.9484209786879,0.0,0.0,0.9104171828586135,-0.2454894864199001
2022-07-17 00:00:00+00:00,940.4030130343131,0.0,-0.005862273059917489,0.9050800687342555,-0.24991263307708522
2022-07-18 00:00:00+00:00,1010.3219067481664,0.0,0.07434992523923589,0.9723727041801699,-0.19414369342347126
2022-07-19 00:00:00+00:00,999.1528834196447,0.0,-0.011054915521400921,0.961623206080142,-0.2030523668150629
2022-07-20 00:00:00+00:00,988.1964481358903,0.0,-0.01096572453082012,0.9510783108998231,-0.21179147502605788
2022-07-21 00:00:00+00:00,1002.0536588769676,0.0,0.014022728747120405,0.9644150240708408,-0.20073864068418046
2022-07-22 00:00:00+00:00,979.4092935700196,0.0,-0.022597956812339004,0.942621215007717,-0.2188003143637708
2022-07-23 00:00:00+00:00,977.7456162246488,0.0,-0.001698653827662433,0.9410200278728084,-0.22012730219994536
2022-07-24 00:00:00+00:00,994.9305607750214,0.0,0.017576089593455357,0.9575594801919367,-0.2064201897919219
2022-07-25 00:00:00+00:00,919.6591814059675,0.0,-0.07565490732380331,0.8851154064609864,-0.26645839678725547
2022-07-26 00:00:00+00:00,920.7320457036897,0.0,0.0011665890140757362,0.8861479723703529,-0.26560265521158
2022-07-27 00:00:00+00:00,1124.4995662565086,100.0,0.11270110673025657,0.9860178295832646,-0.1828352616741633
2022-07-28 00:00:00+00:00,1176.127611682276,0.0,0.04591201897715136,1.031287898886901,-0.1453175787006885
2022-07-29 00:00:00+00:00,1173.3988503657129,0.0,-0.0023201235048465607,1.0288951835924296,-0.14730054747552423
2022-07-30 00:00:00+00:00,1162.1519351844906,0.0,-0.009584903869402028,1.0190333221660055,-0.15547358975746306
2022-07-31 00:00:00+00:00,1146.9156043472515,0.0,-0.013110446556904298,1.0056733402560434,-0.16654570812484215
2022-08-01 00:00:00+00:00,1131.127329985391,0.0,-0.01376585539687214,0.9918293864775893,-0.178018919386698
2022-08-02 00:00:00+00:00,1123.9086890919007,0.0,-0.006381811050028774,0.9854997187392234,-0.18326464732987058
2022-08-03 00:00:00+00:00,1115.3947283104344,0.0,-0.007575313603407907,0.9780342493137034,-0.18945167375733674
2022-08-04 00:00:00+00:00,1106.9991583686065,0.0,-0.00752699446100602,0.970672590936445,-0.195552666519343
2022-08-05 00:00:00+00:00,1165.968286122874,0.0,0.053269351930827824,1.022379690792647,-0.1527002784023458
2022-08-06 00:00:00+00:00,1141.8828910177822,0.0,-0.020656989895652678,1.0012604038504227,-0.17020294018997795
2022-08-07 00:00:00+00:00,1150.7419087207377,0.0,0.007758254171808643,1.009028436555662,-0.16376516368895233
2022-08-08 00:00:00+00:00,1191.856332491795,0.0,0.03572862295139978,1.0450796331125998,-0.13388764452356938
2022-08-09 00:00:00+00:00,1150.907120701539,0.0,-0.03435750658356962,1.009173302737579,-0.16364510547896183
2022-08-10 00:00:00+00:00,1219.8511755016211,0.0,0.059904099609755734,1.0696269207882771,-0.11354401856846685
2022-08-11 00:00:00+00:00,1227.7431470499587,0.0,0.006469618349215667,1.0765469987418241,-0.10780898668522532
2022-08-12 00:00:00+00:00,1264.8435990729126,0.0,0.030218415074928062,1.1090785427974725,-0.08084838831875885
2022-08-13 00:00:00+00:00,1273.8273290022453,0.0,0.0071026409398895485,1.116955929461099,-0.07431998445166621
2022-08-14 00:00:00+00:00,1254.9788553337576,0.0,-0.014796725772284414,1.100428638873136,-0.08801701779461901
2022-08-15 00:00:00+00:00,1237.953161465024,0.0,-0.01356651850855728,1.085499653376517,-0.1003894518021975
2022-08-16 00:00:00+00:00,1224.5223412063601,0.0,-0.010849215201946372,1.073722834035397,-0.11014952023753644
2022-08-17 00:00:00+00:00,1197.5615450950693,0.0,-0.022017398298123325,1.0500822507366498,-0.1297417126762428
2022-08-18 00:00:00+00:00,1197.388687938995,0.0,-0.00014434093745097076,1.0499306808801778,-0.1298673265732596
2022-08-19 00:00:00+00:00,1059.9850293864342,0.0,-0.1147527615189573,0.9294482358456984,-0.22971745373685104
2022-08-20 00:00:00+00:00,1058.3924263957172,0.0,-0.0015024768714317904,0.9280517613681472,-0.23087478544707896
2022-08-21 00:00:00+00:00,1058.3924263957172,0.0,0.0,0.9280517613681472,-0.23087478544707896
2022-08-22 00:00:00+00:00,1058.3924263957172,0.0,0.0,0.9280517613681472,-0.23087478544707896
2022-08-23 00:00:00+00:00,1058.3924263957172,0.0,0.0,0.9280517613681472,-0.23087478544707896
2022-08-24 00:00:00+00:00,1058.3924263957172,0.0,0.0,0.9280517613681472,-0.23087478544707896
2022-08-25 00:00:00+00:00,1058.3924263957172,0.0,0.0,0.9280517613681472,-0.23087478544707896
2022-08-26 00:00:00+00:00,1058.3924263957172,0.0,0.0,0.9280517613681472,-0.23087478544707896
2022-08-27 00:00:00+00:00,1158.3924263957172,100.0,0.0,0.9280517613681472,-0.23087478544707896
2022-08-28 00:00:00+00:00,1158.3924263957172,0.0,0.0,0.9280517613681472,-0.23087478544707896
2022-08-29 00:00:00+00:00,1158.3924263957172,0.0,0.0,0.9280517613681472,-0.23087478544707896
2022-08-30 00:00:00+00:00,1158.3924263957172,0.0,0.0,0.9280517613681472,-0.23087478544707896
2022-08-31 00:00:00+00:00,1158.3924263957172,0.0,0.0,0.9280517613681472,-0.23087478544707896
2022-09-01 00:00:00+00:00,1158.3924263957172,0.0,0.0,0.9280517613681472,-0.23087478544707896
2022-09-02 00:00:00+00:00,1158.3924263957172,0.0,0.0,0.9280517613681472,-0.23087478544707896
2022-09-03 00:00:00+00:00,1158.3924263957172,0.0,0.0,0.9280517613681472,-0.23087478544707896
2022-09-04 00:00:00+00:00,1158.3924263957172,0.0,0.0,0.9280517613681472,-0.23087478544707896
2022-09-05 00:00:00+00:00,1158.3924263957172,0.0,0.0,0.9280517613681472,-0.23087478544707896
2022-09-06 00:00:00+00:00,1158.3924263957172,0.0,0.0,0.9280517613681472,-0.23087478544707896
2022-09-07 00:00:00+00:00,1158.3924263957172,0.0,0.0,0.9280517613681472,-0.23087478544707896
2022-09-08 00:00:00+00:00,1158.3924263957172,0.0,0.0,0.9280517613681472,-0.23087478544707896
2022-09-09 00:00:00+00:00,1158.3924263957172,0.0,0.0,0.9280517613681472,-0.23087478544707896
2022-09-10 00:00:00+00:00,1158.3924263957172,0.0,0.0,0.9280517613681472,-0.23087478544707896
2022-09-11 00:00:00+00:00,1155.102659090861,0.0,-0.002839942000563811,0.9254161481923405,-0.23305905644758051
2022-09-12 00:00:00+00:00,1139.7698257396837,0.0,-0.013274000566534161,0.9131321737169555,-0.24323943096679357
2022-09-13 00:00:00+00:00,1034.5957362178235,0.0,-0.09227660457988063,0.8288714371937091,-0.3130707267571162
2022-09-14 00:00:00+00:00,1055.768127709117,0.0,0.02046441015569367,0.8458338022507805,-0.2990131243615213
2022-09-15 00:00:00+00:00,990.4183021154242,0.0,-0.06189789583390204,0.7934784696662684,-0.3424027369707242
2022-09-16 00:00:00+00:00,992.5020155856539,0.0,0.002103872137438456,0.7951478469102566,-0.3410192364113811
2022-09-17 00:00:00+00:00,1000.9511905940842,0.0,0.008513005390164974,0.8019169448169817,-0.3354093296189362
2022-09-18 00:00:00+00:00,981.9617841172874,0.0,-0.01897136109656483,0.7867034888874047,-0.3480175192081434
2022-09-19 00:00:00+00:00,985.2519307659684,0.0,0.003350585228363734,0.7893394059763731,-0.34583299633885023
2022-09-20 00:00:00+00:00,967.2269151721264,0.0,-0.018294828998537183,0.7748985765222284,-0.3578008698073165
2022-09-21 00:00:00+00:00,955.9646157699381,0.0,-0.01164390612536259,0.7658757302405265,-0.3652785761930696
2022-09-22 00:00:00+00:00,981.565626936401,0.0,0.026780291596717465,0.7863861056232166,-0.34828055138083636
2022-09-23 00:00:00+00:00,978.5237932423372,0.0,-0.003098961099073705,0.7839491256730382,-0.35030020459961697
2022-09-24 00:00:00+00:00,968.4657572154481,0.0,-0.010278785346201746,0.7758910808879025,-0.3569783293360087
2022-09-25 00:00:00+00:00,965.385805304667,0.0,-0.0031802383180140614,0.7734235623418574,-0.3590232914923678
2022-09-26 00:00:00+00:00,976.8332503309123,0.0,0.01185789656668157,0.7825947389463416,-0.35142265598123223
2022-09-27 00:00:00+00:00,1072.2351642951587,100.0,-0.0047071350552367885,0.7789109598166034,-0.35447559713329524
2022-09-28 00:00:00+00:00,1082.360415298147,0.0,0.009443125295787391,0.7862663136044136,-0.3483798293155367
2022-09-29 00:00:00+00:00,1087.782457018678,0.0,0.005009460475360772,0.7902050836255224,-0.3451155638255451
2022-09-30 00:00:00+00:00,1082.6574760650842,0.0,-0.004711402468872361,0.7864821094436136,-0.34820098797496357
2022-10-01 00:00:00+00:00,1079.2693447845734,0.0,-0.0031294581669771837,0.7840208465830338,-0.35024076571637297
2022-10-02 00:00:00+00:00,1071.5575987256277,0.0,-0.007145339665405759,0.778418751329439,-0.3548835161460635
2022-10-03 00:00:00+00:00,1088.9224542621746,0.0,0.01620524697617598,0.7910332194456191,-0.3444292441968082
2022-10-04 00:00:00+00:00,1110.4279545644251,0.0,0.019749340476978405,0.806655603825051,-0.33148215413370097
2022-10-05 00:00:00+00:00,1104.9795141853408,0.0,-0.004906613127568016,0.8026976568498967,-0.334762312572242
2022-10-06 00:00:00+00:00,1098.9839843652069,0.0,-0.0054259194339491,0.7983422840340094,-0.3383718386686516
2022-10-07 00:00:00+00:00,1085.9187724113972,0.0,-0.011888446182731549,0.7888512347548721,-0.3462375694576191
2022-10-08 00:00:00+00:00,1082.5163797866105,0.0,-0.0031331925658042437,0.7863796119306126,-0.3482859330447966
2022-10-09 00:00:00+00:00,1083.1554093833108,0.0,0.0005903186396369886,0.7868438264733657,-0.3479012140833593
2022-10-10 00:00:00+00:00,1073.8354691826219,0.0,-0.008604434894522894,0.7800734799963184,-0.35351215563157645
2022-10-11 00:00:00+00:00,1071.6546972398462,0.0,-0.002030825024280092,0.7784892872523645,-0.3548250593238127
2022-10-12 00:00:00+00:00,1074.5533913221248,0.0,0.0027048769437996167,0.7805950049764485,-0.3530799405020604
2022-10-13 00:00:00+00:00,1081.2167768603676,0.0,0.006201074411057661,0.7854355326872074,-0.34906834107510776
2022-10-14 00:00:00+00:00,1075.2027376359608,0.0,-0.005562288111982783,0.7810667139610126,-0.35268901050325896
2022-10-15 00:00:00+00:00,1071.9396206925062,0.0,-0.0030348852632473555,0.7786962661011992,-0.35465352508602066
2022-10-16 00:00:00+00:00,1077.813777369867,0.0,0.005479932417803424,0.7829634690134297,-0.3511170700174243
2022-10-17 00:00:00+00:00,1086.5186591695533,0.0,0.008076424687136985,0.7892870145036962,-0.3458764159026513
2022-10-18 00:00:00+00:00,1079.7697055656554,0.0,-0.006211539532193777,0.7843843270108593,-0.34993953040421233
2022-10-19 00:00:00+00:00,1073.595757225645,0.0,-0.005717838079904336,0.7798993444365965,-0.35365647091150754
2022-10-20 00:00:00+00:00,1071.106090634512,0.0,-0.002318998165163011,0.7780907592878362,-0.35515534036952867
2022-10-21 00:00:00+00:00,1074.8216259676533,0.0,0.003468877047408281,0.7807898604635303,-0.3529184535305927
2022-10-22 00:00:00+00:00,1076.0347505296704,0.0,0.001128675244997046,0.7816711186505801,-0.3521881086075983
2022-10-23 00:00:00+00:00,1087.141910257693,0.0,0.010322305782926922,0.789739766958974,-0.34550119617482977
2022-10-24 00:00:00+00:00,1079.8388882570362,0.0,-0.00671763449808116,0.7844345838559438,-0.3498978799183585
2022-10-25 00:00:00+00:00,1102.6069726769838,0.0,0.021084705012520466,0.8009741556581657,-0.33619066848842294
2022-10-26 00:00:00+00:00,1158.7408219389945,0.0,0.05091011634519704,0.8417518431122188,-0.30239605819014104
2022-10-27 00:00:00+00:00,1223.867343358158,100.0,-0.030096012775730596,0.8164184688879187,-0.32339115533525065
2022-10-28 00:00:00+00:00,1248.3752544307763,0.0,0.02002497346270493,0.8327672270618615,-0.3098420811762076
2022-10-29 00:00:00+00:00,1279.255199553096,0.0,0.024736108003358348,0.853366647132121,-0.2927702603568092
2022-10-30 00:00:00+00:00,1262.6362576124766,0.0,-0.012991107596377338,0.8422804692000678,-0.3019579579998718
2022-10-31 00:00:00+00:00,1251.6505192721145,0.0,-0.008700635891080055,0.8349520935193899,-0.308031367643981
2022-11-01 00:00:00+00:00,1253.515369401776,0.0,0.0014899127998972972,0.8361960993308255,-0.3070003947215063
2022-11-02 00:00:00+00:00,1220.6638552706054,0.0,-0.02620750804742722,0.8142814833283857,-0.3251621874537063
2022-11-03 00:00:00+00:00,1227.1223976971867,0.0,0.005291008166330435,0.8185898533063678,-0.3215916150765753
2022-11-04 00:00:00+00:00,1299.6713519461334,0.0,0.05912120452294878,0.8669858714441042,-0.28148329420143414
2022-11-05 00:00:00+00:00,1298.2233678375628,0.0,-0.0011141155849918594,0.8660199489727606,-0.28228380486144133
2022-11-06 00:00:00+00:00,1263.837680309703,0.0,-0.026486726691059115,0.8430819152753141,-0.30129375756382326
2022-11-07 00:00:00+00:00,1253.320329092477,0.0,-0.00832175791328571,0.8360659916753237,-0.3071082217658786
2022-11-08 00:00:00+00:00,1100.721519218917,0.0,-0.1217556328828211,0.7342702477270913,-0.3914716987440773
2022-11-09 00:00:00+00:00,1099.0132325426148,0.0,-0.001551969909259432,0.7331306823973543,-0.39241611635655926
2022-11-10 00:00:00+00:00,1099.0132325426148,0.0,0.0,0.7331306823973543,-0.39241611635655926
2022-11-11 00:00:00+00:00,1099.0132325426148,0.0,0.0,0.7331306823973543,-0.39241611635655926
2022-11-12 00:00:00+00:00,1099.0132325426148,0.0,0.0,0.7331306823973543,-0.39241611635655926
2022-11-13 00:00:00+00:00,1099.0132325426148,0.0,0.0,0.7331306823973543,-0.39241611635655926
2022-11-14 00:00:00+00:00,1099.0132325426148,0.0,0.0,0.7331306823973543,-0.39241611635655926
2022-11-15 00:00:00+00:00,1099.0132325426148,0.0,0.0,0.7331306823973543,-0.39241611635655926
2022-11-16 00:00:00+00:00,1099.0132325426148,0.0,0.0,0.7331306823973543,-0.39241611635655926
2022-11-17 00:00:00+00:00,1099.0132325426148,0.0,0.0,0.7331306823973543,-0.39241611635655926
2022-11-18 00:00:00+00:00,1099.0132325426148,0.0,0.0,0.7331306823973543,-0.39241611635655926
2022-11-19 00:00:00+00:00,1099.0132325426148,0.0,0.0,0.7331306823973543,-0.39241611635655926
2022-11-20 00:00:00+00:00,1099.0132325426148,0.0,0.0,0.7331306823973543,-0.39241611635655926
2022-11-21 00:00:00+00:00,1099.0132325426148,0.0,0.0,0.7331306823973543,-0.39241611635655926
2022-11-22 00:00:00+00:00,1099.0132325426148,0.0,0.0,0.7331306823973543,-0.39241611635655926
2022-11-23 00:00:00+00:00,1099.0132325426148,0.0,0.0,0.7331306823973543,-0.39241611635655926
2022-11-24 00:00:00+00:00,1099.0132325426148,0.0,0.0,0.7331306823973543,-0.39241611635655926
2022-11-25 00:00:00+00:00,1099.0132325426148,0.0,0.0,0.7331306823973543,-0.39241611635655926
2022-11-26 00:00:00+00:00,1099.0132325426148,0.0,0.0,0.7331306823973543,-0.39241611635655926
2022-11-27 00:00:00+00:00,1199.0132325426148,100.0,0.0,0.7331306823973543,-0.39241611635655926
2022-11-28 00:00:00+00:00,1199.0132325426148,0.0,0.0,0.7331306823973543,-0.39241611635655926
2022-11-29 00:00:00+00:00,1199.0132325426148,0.0,0.0,0.7331306823973543,-0.39241611635655926
2022-11-30 00:00:00+00:00,1199.0132325426148,0.0,0.0,0.7331306823973543,-0.39241611635655926
2022-12-01 00:00:00+00:00,1199.0132325426148,0.0,0.0,0.7331306823973543,-0.39241611635655926
2022-12-02 00:00:00+00:00,1199.0132325426148,0.0,0.0,0.7331306823973543,-0.39241611635655926
2022-12-03 00:00:00+00:00,1199.0132325426148,0.0,0.0,0.7331306823973543,-0.39241611635655926
2022-12-04 00:00:00+00:00,1199.0132325426148,0.0,0.0,0.7331306823973543,-0.39241611635655926
2022-12-05 00:00:00+00:00,1199.0132325426148,0.0,0.0,0.7331306823973543,-0.39241611635655926
2022-12-06 00:00:00+00:00,1199.0132325426148,0.0,0.0,0.7331306823973543,-0.39241611635655926
2022-12-07 00:00:00+00:00,1199.0132325426148,0.0,0.0,0.7331306823973543,-0.39241611635655926
2022-12-08 00:00:00+00:00,1199.0132325426148,0.0,0.0,0.7331306823973543,-0.39241611635655926
2022-12-09 00:00:00+00:00,1199.0132325426148,0.0,0.0,0.7331306823973543,-0.39241611635655926
2022-12-10 00:00:00+00:00,1199.0132325426148,0.0,0.0,0.7331306823973543,-0.39241611635655926
2022-12-11 00:00:00+00:00,1199.0132325426148,0.0,0.0,0.7331306823973543,-0.39241611635655926
2022-12-12 00:00:00+00:00,1199.0132325426148,0.0,0.0,0.7331306823973543,-0.39241611635655926
2022-12-13 00:00:00+00:00,1199.0132325426148,0.0,0.0,0.7331306823973543,-0.39241611635655926
2022-12-14 00:00:00+00:00,1193.007081218447,0.0,-0.005009245236961446,0.7294582510184852,-0.3954596530317547
2022-12-15 00:00:00+00:00,1159.8638475802156,0.0,-0.0277812547469386,0.7091929855196843,-0.41225454241568216
2022-12-16 00:00:00+00:00,1092.9115649129278,0.0,-0.05772426031466371,0.6682553450102126,-0.4461817142080404
2022-12-17 00:00:00+00:00,1091.2453075155913,0.0,-0.001524604049248257,0.6672365202052782,-0.4470260678091066
2022-12-18 00:00:00+00:00,1091.2453075155913,0.0,0.0,0.6672365202052782,-0.4470260678091066
2022-12-19 00:00:00+00:00,1091.2453075155913,0.0,0.0,0.6672365202052782,-0.4470260678091066
2022-12-20 00:00:00+00:00,1091.2453075155913,0.0,0.0,0.6672365202052782,-0.4470260678091066
2022-12-21 00:00:00+00:00,1091.2453075155913,0.0,0.0,0.6672365202052782,-0.4470260678091066
2022-12-22 00:00:00+00:00,1091.2453075155913,0.0,0.0,0.6672365202052782,-0.4470260678091066
2022-12-23 00:00:00+00:00,1091.2453075155913,0.0,0.0,0.6672365202052782,-0.4470260678091066
2022-12-24 00:00:00+00:00,1091.2453075155913,0.0,0.0,0.6672365202052782,-0.4470260678091066
2022-12-25 00:00:00+00:00,1091.2453075155913,0.0,0.0,0.6672365202052782,-0.4470260678091066
2022-12-26 00:00:00+00:00,1091.2453075155913,0.0,0.0,0.6672365202052782,-0.4470260678091066
2022-12-27 00:00:00+00:00,1191.2453075155913,100.0,0.0,0.6672365202052782,-0.4470260678091066
2022-12-28 00:00:00+00:00,1191.2453075155913,0.0,0.0,0.6672365202052782,-0.4470260678091066
2022-12-29 00:00:00+00:00,1191.2453075155913,0.0,0.0,0.6672365202052782,-0.4470260678091066
2022-12-30 00:00:00+00:00,1191.2453075155913,0.0,0.0,0.6672365202052782,-0.4470260678091066
2022-12-31 00:00:00+00:00,1191.2453075155913,0.0,0.0,0.6672365202052782,-0.4470260678091066
2023-01-01 00:00:00+00:00,1191.2453075155913,0.0,0.0,0.6672365202052782,-0.4470260678091066
2023-01-02 00:00:00+00:00,1191.2453075155913,0.0,0.0,0.6672365202052782,-0.4470260678091066
2023-01-03 00:00:00+00:00,1191.2453075155913,0.0,0.0,0.6672365202052782,-0.4470260678091066
2023-01-04 00:00:00+00:00,1191.2453075155913,0.0,0.0,0.6672365202052782,-0.4470260678091066
2023-01-05 00:00:00+00:00,1191.2453075155913,0.0,0.0,0.6672365202052782,-0.4470260678091066
2023-01-06 00:00:00+00:00,1191.2453075155913,0.0,0.0,0.6672365202052782,-0.4470260678091066
2023-01-07 00:00:00+00:00,1191.2453075155913,0.0,0.0,0.6672365202052782,-0.4470260678091066
2023-01-08 00:00:00+00:00,1191.2453075155913,0.0,0.0,0.6672365202052782,-0.4470260678091066
2023-01-09 00:00:00+00:00,1203.2216890916288,0.0,0.010053665269846856,0.6739446928352395,-0.44146665299190835
2023-01-10 00:00:00+00:00,1219.6847153602928,0.0,0.013682454711311465,0.6831659105728863,-0.4338245457667129
2023-01-11 00:00:00+00:00,1260.761925970199,0.0,0.03367854831055417,0.706173946696239,-0.4147565783790672
2023-01-12 00:00:00+00:00,1307.3891511156417,0.0,0.036983370281872485,0.7322906392503173,-0.3931123042122302
2023-01-13 00:00:00+00:00,1364.6522389330137,0.0,0.04379957395891454,0.7643646572635824,-0.3665308816958186
2023-01-14 00:00:00+00:00,1444.1695752982287,0.0,0.05826930414695797,0.8089036539568594,-0.3296190769736469
2023-01-15 00:00:00+00:00,1441.8308936956691,0.0,-0.0016193954245826703,0.8075937190807134,-0.3307046887731233
2023-01-16 00:00:00+00:00,1463.9409778585245,0.0,0.015334727712889684,0.819977948865456,-0.3204412274159455
2023-01-17 00:00:00+00:00,1457.4847015157054,0.0,-0.004410202624605453,0.816361679963251,-0.32343821929836925
2023-01-18 00:00:00+00:00,1418.084326543366,0.0,-0.027033131072569883,0.7942928676661811,-0.34172780259476776
2023-01-19 00:00:00+00:00,1449.3238414756509,0.0,0.022029377483095303,0.8117906450801297,-0.32722647587150133
2023-01-20 00:00:00+00:00,1555.1827318398527,0.0,0.0730401911117533,0.8710839889395158,-0.27808696909422803
2023-01-21 00:00:00+00:00,1547.5006382129206,0.0,-0.004939672663317074,0.866781119171898,-0.2816529831582857
2023-01-22 00:00:00+00:00,1544.7597650205466,0.0,-0.0017711612678488198,0.8652459100259181,-0.28292529157139046
2023-01-23 00:00:00+00:00,1552.7024222934604,0.0,0.005141677983053983,0.8696947258714259,-0.27923832433085816
2023-01-24 00:00:00+00:00,1514.0139263066521,0.0,-0.024916877459147835,0.8480246489600205,-0.2971974546807562
2023-01-25 00:00:00+00:00,1552.9462575383593,0.0,0.025714645390799262,0.8698313020906845,-0.27912513644812065
2023-01-26 00:00:00+00:00,1546.673636922766,0.0,-0.00403917430184364,0.8663179018483406,-0.28203687567182445
2023-01-27 00:00:00+00:00,1647.8537788017359,100.0,0.0007630193279286601,0.8669789191515814,-0.2814890559312221
2023-01-28 00:00:00+00:00,1635.1076166304642,0.0,-0.007735008005710475,0.8602728302711617,-0.28704674383578466
2023-01-29 00:00:00+00:00,1695.9158144902399,0.0,0.037189110515603696,0.8922656116296872,-0.2605326463998341
2023-01-30 00:00:00+00:00,1624.2584263947895,0.0,-0.04225291578933077,0.8545647878797823,-0.29177729822046117
2023-01-31 00:00:00+00:00,1644.961555555542,0.0,0.012746203944100865,0.8654572449495453,-0.282750147225737
2023-02-01 00:00:00+00:00,1694.2476604831172,0.0,0.029961858233781058,0.8913879522301223,-0.26126000881871425
2023-02-02 00:00:00+00:00,1684.4051096649896,0.0,-0.005809393188314083,0.8862095291322915,-0.26555163989141795
2023-02-03 00:00:00+00:00,1690.3863012513634,0.0,0.003550922252642419,0.8893563902697911,-0.2629436708660917
2023-02-04 00:00:00+00:00,1687.0681604201163,0.0,-0.0019629482496342776,0.8876106297002099,-0.26439047429724705
2023-02-05 00:00:00+00:00,1654.7710206242923,0.0,-0.019143944834914883,0.870618260770345,-0.27847294247733845
2023-02-06 00:00:00+00:00,1641.3916090473122,0.0,-0.008085355260773475,0.8635790028355,-0.2843067450676696
2023-02-07 00:00:00+00:00,1685.2891364821853,0.0,0.026744091533617675,0.8866746387338429,-0.26516617914776663
2023-02-08 00:00:00+00:00,1664.9005735791734,0.0,-0.01209796138932595,0.8759476831895463,-0.27405617034000784
2023-02-09 00:00:00+00:00,1571.5480702489808,0.0,-0.056070917874396,0.8268324925831578,-0.3147605071942978
2023-02-10 00:00:00+00:00,1556.8779855621037,0.0,-0.009334798575109993,0.8191141778095379,-0.3211570798353496
2023-02-11 00:00:00+00:00,1555.9369788445958,0.0,-0.000604419052895877,0.8186190895939727,-0.32156738543022056
2023-02-12 00:00:00+00:00,1555.9369788445958,0.0,0.0,0.8186190895939727,-0.32156738543022056
2023-02-13 00:00:00+00:00,1555.9369788445958,0.0,0.0,0.8186190895939727,-0.32156738543022056
2023-02-14 00:00:00+00:00,1555.9369788445958,0.0,0.0,0.8186190895939727,-0.32156738543022056
2023-02-15 00:00:00+00:00,1555.9369788445958,0.0,0.0,0.8186190895939727,-0.32156738543022056
2023-02-16 00:00:00+00:00,1523.7324295648746,0.0,-0.02069784941009345,0.8016754349533288,-0.33560948152148184
2023-02-17 00:00:00+00:00,1563.9954596268014,0.0,0.026423950347650438,0.8228588668414667,-0.3180536594497557
2023-02-18 00:00:00+00:00,1566.3670468002283,0.0,0.0015163644873961157,0.8241066208052841,-0.31701958023663557
2023-02-19 00:00:00+00:00,1552.5848269874405,0.0,-0.008798844332777667,0.816855434935207,-0.3230290186324686
2023-02-20 00:00:00+00:00,1574.41200006278,0.0,0.0140586025935161,0.8283392808713148,-0.31351175263807984
2023-02-21 00:00:00+00:00,1559.4876073373307,0.0,-0.009479343859710276,0.8204871679954305,-0.32001921079047335
2023-02-22 00:00:00+00:00,1549.1583082494549,0.0,-0.006623521109931807,0.8150526539177846,-0.32452307790215074
2023-02-23 00:00:00+00:00,1539.8980983133306,0.0,-0.0059775749752705165,0.8101806155701978,-0.32856079184805553
2023-02-24 00:00:00+00:00,1511.0124114289881,0.0,-0.01875818076272795,0.7949831011328738,-0.3411557698857527
2023-02-25 00:00:00+00:00,1509.9326084274699,0.0,-0.0007146221919495099,0.7944149885665794,-0.3416265945936302
2023-02-26 00:00:00+00:00,1525.1531625714786,0.0,0.010080287066493776,0.8024229197012559,-0.334990001670189
2023-02-27 00:00:00+00:00,1622.5022089138286,100.0,-0.0017381556965598843,0.801028183732327,-0.3361458925870552
2023-02-28 00:00:00+00:00,1608.1984765797506,0.0,-0.008815847679895294,0.7939664412772396,-0.34199832927968055
2023-03-01 00:00:00+00:00,1628.087895556213,0.0,0.012367515120871309,0.8037858332452003,-0.33386048366748844
2023-03-02 00:00:00+00:00,1621.409800735741,0.0,-0.00410180238960034,0.8004888625936681,-0.33659285632738833
2023-03-03 00:00:00+00:00,1576.0738411656343,0.0,-0.027960827392023213,0.7781065316774496,-0.3551422689622534
2023-03-04 00:00:00+00:00,1574.705970948387,0.0,-0.0008678972910531879,0.777431215126456,-0.3557019392401357
2023-03-05 00:00:00+00:00,1574.705970948387,0.0,0.0,0.777431215126456,-0.3557019392401357
2023-03-06 00:00:00+00:00,1574.705970948387,0.0,0.0,0.777431215126456,-0.3557019392401357
2023-03-07 00:00:00+00:00,1574.705970948387,0.0,0.0,0.777431215126456,-0.3557019392401357
2023-03-08 00:00:00+00:00,1574.705970948387,0.0,0.0,0.777431215126456,-0.3557019392401357
2023-03-09 00:00:00+00:00,1574.705970948387,0.0,0.0,0.777431215126456,-0.3557019392401357
2023-03-10 00:00:00+00:00,1574.705970948387,0.0,0.0,0.777431215126456,-0.3557019392401357
2023-03-11 00:00:00+00:00,1574.705970948387,0.0,0.0,0.777431215126456,-0.3557019392401357
2023-03-12 00:00:00+00:00,1574.705970948387,0.0,0.0,0.777431215126456,-0.3557019392401357
2023-03-13 00:00:00+00:00,1574.705970948387,0.0,0.0,0.777431215126456,-0.3557019392401357
2023-03-14 00:00:00+00:00,1574.705970948387,0.0,0.0,0.777431215126456,-0.3557019392401357
2023-03-15 00:00:00+00:00,1538.8745246156996,0.0,-0.022754372558267177,0.7597412556190423,-0.37036253735323477
2023-03-16 00:00:00+00:00,1574.4355756746113,0.0,0.02310847992482845,0.7772977211725789,-0.355812572687742
2023-03-17 00:00:00+00:00,1707.8448612242005,0.0,0.08473467419740333,0.8431617903305214,-0.30122756091237435
2023-03-18 00:00:00+00:00,1677.9984651772183,0.0,-0.017476058115482473,0.8284266458819509,-0.3134393486673672
2023-03-19 00:00:00+00:00,1725.7929244673658,0.0,0.02848301728637148,0.8520227363570972,-0.2938840297673174
2023-03-20 00:00:00+00:00,1697.6769518412573,0.0,-0.016291625853539715,0.8381419007176583,-0.3053878069635575
2023-03-21 00:00:00+00:00,1738.696888689695,0.0,0.024162392499909036,0.8583934142934181,-0.2886043145201884
2023-03-22 00:00:00+00:00,1681.1007757319014,0.0,-0.03312602290396849,0.8299582543909186,-0.312170024291177
2023-03-23 00:00:00+00:00,1750.5981845772117,0.0,0.041340418045463734,0.8642690755877226,-0.283734845551173
2023-03-24 00:00:00+00:00,1694.5473114167269,0.0,-0.03201812594934328,0.8365967994714324,-0.30666831347944135
2023-03-25 00:00:00+00:00,1691.8604149158837,0.0,-0.0015856131503326765,0.8352702805846642,-0.3077676693191307
2023-03-26 00:00:00+00:00,1722.962865954785,0.0,0.01838357985368888,0.8506255384872056,-0.29504196099075375
2023-03-27 00:00:00+00:00,1765.7229130973915,100.0,-0.03322181457792117,0.8223662145723393,-0.3184619462479339
2023-03-28 00:00:00+00:00,1794.8683245345308,0.0,0.016506220325369858,0.8359403724982107,-0.30721232897257844
2023-03-29 00:00:00+00:00,1845.5745602614202,0.0,0.028250671669766803,0.8595562494971603,-0.28764061194152035
2023-03-30 00:00:00+00:00,1833.312214229853,0.0,-0.006644188913088489,0.8538451953940753,-0.292373662289793
2023-03-31 00:00:00+00:00,1861.8666837549945,0.0,0.015575344615885278,0.8671441285609559,-0.2813521382206797
2023-04-01 00:00:00+00:00,1861.0728430594904,0.0,-0.00042636817256058723,0.8667744059035147,-0.28165854679622115
2023-04-02 00:00:00+00:00,1839.274863365559,0.0,-0.011712588131744917,0.856622234284029,-0.29007218437555615
2023-04-03 00:00:00+00:00,1831.3702551795136,0.0,-0.004297676406875506,0.8529407491181416,-0.2931232243993499
2023-04-04 00:00:00+00:00,1870.322749253533,0.0,0.021269589786037546,0.87108244896368,-0.2780882453530472
2023-04-05 00:00:00+00:00,1886.3095124880106,0.0,0.008547595991578616,0.8785281098127765,-0.27191763533275337
2023-04-06 00:00:00+00:00,1866.0290526894482,0.0,-0.010751395603053937,0.8690827065557761,-0.27974553686689796
2023-04-07 00:00:00+00:00,1857.4707549787863,0.0,-0.0045863689519340944,0.8650967726137658,-0.28304888957410357
2023-04-08 00:00:00+00:00,1852.5736578219862,0.0,-0.002636432979455483,0.8628160029520264,-0.2849390831262876
2023-04-09 00:00:00+00:00,1871.7733254333955,0.0,0.010363780965115144,0.8717580390198174,-0.27752834840709406
2023-04-10 00:00:00+00:00,1944.1693819425295,0.0,0.03867779048105158,0.9054757138031982,-0.24958474123828434
2023-04-11 00:00:00+00:00,1957.742063769052,0.0,0.006981223936857406,0.9117970425306442,-0.24434592427123403
2023-04-12 00:00:00+00:00,1956.9161106734496,0.0,-0.00042189066215003734,0.9114123638726245,-0.24466472766959957
2023-04-13 00:00:00+00:00,2014.9021293421138,0.0,0.029631325713144196,0.9384187204855209,-0.22228314219255108
2023-04-14 00:00:00+00:00,2054.8312165809602,0.0,0.019816886714931314,0.9570152579605532,-0.20687121532508856
2023-04-15 00:00:00+00:00,2044.2541370552394,0.0,-0.005147420109433587,0.9520890983766923,-0.21095378238069473
2023-04-16 00:00:00+00:00,2056.207879035429,0.0,0.005847483325829961,0.9576564235041545,-0.2063398477798567
2023-04-17 00:00:00+00:00,2003.6710062199218,0.0,-0.025550370344924578,0.9331879472204274,-0.22661815859709056
2023-04-18 00:00:00+00:00,2052.8888033191975,0.0,0.024563811597059004,0.9561106001405962,-0.20762095275228287
2023-04-19 00:00:00+00:00,1921.1014759107093,0.0,-0.06419603789324047,0.8947320878238416,-0.25848854809520716
2023-04-20 00:00:00+00:00,1903.3290389404951,0.0,-0.009251170327579383,0.8864547688818325,-0.26534839683662914
2023-04-21 00:00:00+00:00,1826.2060219013597,0.0,-0.040520065349324286,0.8505355637175205,-0.2951165278057948
2023-04-22 00:00:00+00:00,1823.4635064614608,0.0,-0.0015017557750923727,0.8492582670227863,-0.2961750906309295
2023-04-23 00:00:00+00:00,1823.4635064614608,0.0,0.0,0.8492582670227863,-0.2961750906309295
2023-04-24 00:00:00+00:00,1823.4635064614608,0.0,0.0,0.8492582670227863,-0.2961750906309295
2023-04-25 00:00:00+00:00,1823.4635064614608,0.0,0.0,0.8492582670227863,-0.2961750906309295
2023-04-26 00:00:00+00:00,1823.4635064614608,0.0,0.0,0.8492582670227863,-0.2961750906309295
2023-04-27 00:00:00+00:00,1923.4635064614608,100.0,0.0,0.8492582670227863,-0.2961750906309295
2023-04-28 00:00:00+00:00,1923.4635064614608,0.0,0.0,0.8492582670227863,-0.2961750906309295
2023-04-29 00:00:00+00:00,1923.4635064614608,0.0,0.0,0.8492582670227863,-0.2961750906309295
2023-04-30 00:00:00+00:00,1923.4635064614608,0.0,0.0,0.8492582670227863,-0.2961750906309295
2023-05-01 00:00:00+00:00,1923.4635064614608,0.0,0.0,0.8492582670227863,-0.2961750906309295
2023-05-02 00:00:00+00:00,1923.4635064614608,0.0,0.0,0.8492582670227863,-0.2961750906309295
2023-05-03 00:00:00+00:00,1923.4635064614608,0.0,0.0,0.8492582670227863,-0.2961750906309295
2023-05-04 00:00:00+00:00,1923.4635064614608,0.0,0.0,0.8492582670227863,-0.2961750906309295
2023-05-05 00:00:00+00:00,1923.4635064614608,0.0,0.0,0.8492582670227863,-0.2961750906309295
2023-05-06 00:00:00+00:00,1923.4635064614608,0.0,0.0,0.8492582670227863,-0.2961750906309295
2023-05-07 00:00:00+00:00,1923.4635064614608,0.0,0.0,0.8492582670227863,-0.2961750906309295
2023-05-08 00:00:00+00:00,1923.4635064614608,0.0,0.0,0.8492582670227863,-0.2961750906309295
2023-05-09 00:00:00+00:00,1923.4635064614608,0.0,0.0,0.8492582670227863,-0.2961750906309295
2023-05-10 00:00:00+00:00,1923.4635064614608,0.0,0.0,0.8492582670227863,-0.2961750906309295
2023-05-11 00:00:00+00:00,1923.4635064614608,0.0,0.0,0.8492582670227863,-0.2961750906309295
2023-05-12 00:00:00+00:00,1923.4635064614608,0.0,0.0,0.8492582670227863,-0.2961750906309295
2023-05-13 00:00:00+00:00,1923.4635064614608,0.0,0.0,0.8492582670227863,-0.2961750906309295
2023-05-14 00:00:00+00:00,1923.4635064614608,0.0,0.0,0.8492582670227863,-0.2961750906309295
2023-05-15 00:00:00+00:00,1923.4635064614608,0.0,0.0,0.8492582670227863,-0.2961750906309295
2023-05-16 00:00:00+00:00,1923.4635064614608,0.0,0.0,0.8492582670227863,-0.2961750906309295
2023-05-17 00:00:00+00:00,1923.4635064614608,0.0,0.0,0.8492582670227863,-0.2961750906309295
2023-05-18 00:00:00+00:00,1923.4635064614608,0.0,0.0,0.8492582670227863,-0.2961750906309295
2023-05-19 00:00:00+00:00,1923.4635064614608,0.0,0.0,0.8492582670227863,-0.2961750906309295
2023-05-20 00:00:00+00:00,1923.4635064614608,0.0,0.0,0.8492582670227863,-0.2961750906309295
2023-05-21 00:00:00+00:00,1923.4635064614608,0.0,0.0,0.8492582670227863,-0.2961750906309295
2023-05-22 00:00:00+00:00,1923.4635064614608,0.0,0.0,0.8492582670227863,-0.2961750906309295
2023-05-23 00:00:00+00:00,1923.4635064614608,0.0,0.0,0.8492582670227863,-0.2961750906309295
2023-05-24 00:00:00+00:00,1923.4635064614608,0.0,0.0,0.8492582670227863,-0.2961750906309295
2023-05-25 00:00:00+00:00,1923.4635064614608,0.0,0.0,0.8492582670227863,-0.2961750906309295
2023-05-26 00:00:00+00:00,1923.4635064614608,0.0,0.0,0.8492582670227863,-0.2961750906309295
2023-05-27 00:00:00+00:00,2023.4635064614608,100.0,0.0,0.8492582670227863,-0.2961750906309295
2023-05-28 00:00:00+00:00,2023.4635064614608,0.0,0.0,0.8492582670227863,-0.2961750906309295
2023-05-29 00:00:00+00:00,2015.1404345206288,0.0,-0.00411327998466704,0.8457650299912285,-0.2990701195433474
2023-05-30 00:00:00+00:00,2018.6582956197394,0.0,0.0017457151069213417,0.84724149478099,-0.2978464956621416
2023-05-31 00:00:00+00:00,2006.7882661789356,0.0,-0.005880157858593749,0.8422595810473268,-0.30197526910861305
2023-06-01 00:00:00+00:00,2001.570912734072,0.0,-0.002599852477111475,0.84006983038917,-0.3037900304343061
2023-06-02 00:00:00+00:00,2021.3396190357075,0.0,0.009876595515985187,0.8483668603091061,-0.2969138461707094
2023-06-03 00:00:00+00:00,2014.9026817054198,0.0,-0.0031844907553726376,0.8456652438852873,-0.2991528175278092
2023-06-04 00:00:00+00:00,2014.000101573608,0.0,-0.00044795222121984946,0.8452864262608805,-0.2994667635799333
2023-06-05 00:00:00+00:00,1978.9932009490412,0.0,-0.017381776990584408,0.8305938461064458,-0.3116432760698792
2023-06-06 00:00:00+00:00,2011.635781911252,0.0,0.016494539216484805,0.8442941088740196,-0.3002891490920828
2023-06-07 00:00:00+00:00,1988.5165220471345,0.0,-0.011492766271114951,0.8345908340166511,-0.30833076235893053
2023-06-08 00:00:00+00:00,1994.4647452572701,0.0,0.0029912867930370624,0.8370873345560349,-0.3062617813032248
2023-06-09 00:00:00+00:00,1992.1444538940268,0.0,-0.0011633654436664642,0.8361134960776816,-0.3070688523738073
2023-06-10 00:00:00+00:00,1953.0297129622384,0.0,-0.019634490287755546,0.819696833759483,-0.3206742022619571
2023-06-11 00:00:00+00:00,1951.8689490176293,0.0,-0.0005943401356902633,0.8192096550320815,-0.3210779528487626
2023-06-12 00:00:00+00:00,1951.8689490176293,0.0,0.0,0.8192096550320815,-0.3210779528487626
2023-06-13 00:00:00+00:00,1951.8689490176293,0.0,0.0,0.8192096550320815,-0.3210779528487626
2023-06-14 00:00:00+00:00,1951.8689490176293,0.0,0.0,0.8192096550320815,-0.3210779528487626
2023-06-15 00:00:00+00:00,1951.8689490176293,0.0,0.0,0.8192096550320815,-0.3210779528487626
2023-06-16 00:00:00+00:00,1951.8689490176293,0.0,0.0,0.8192096550320815,-0.3210779528487626
2023-06-17 00:00:00+00:00,1951.8689490176293,0.0,0.0,0.8192096550320815,-0.3210779528487626
2023-06-18 00:00:00+00:00,1951.8689490176293,0.0,0.0,0.8192096550320815,-0.3210779528487626
2023-06-19 00:00:00+00:00,1951.8689490176293,0.0,0.0,0.8192096550320815,-0.3210779528487626
2023-06-20 00:00:00+00:00,1951.8689490176293,0.0,0.0,0.8192096550320815,-0.3210779528487626
2023-06-21 00:00:00+00:00,2020.3787852196606,0.0,0.035099608627163326,0.8479635933073011,-0.2972480547054016
2023-06-22 00:00:00+00:00,2015.8360969192631,0.0,-0.0022484339736835723,0.8460570031556621,-0.2988281460542742
2023-06-23 00:00:00+00:00,2049.3353486806045,0.0,0.016618043407664596,0.8601168151594616,-0.28717604174917144
2023-06-24 00:00:00+00:00,2042.6207409487056,0.0,-0.003276480706889573,0.8572986590089203,-0.289511595695789
2023-06-25 00:00:00+00:00,2039.9206407264724,0.0,-0.0013218803511116928,0.856165412756542,-0.29045077635713146
2023-06-26 00:00:00+00:00,2031.8053325550643,0.0,-0.0039782470010784055,0.8527593752708162,-0.29327353842820614
2023-06-27 00:00:00+00:00,2150.2498256821927,100.0,0.009077884003746428,0.860500625962632,-0.2868579575876793
2023-06-28 00:00:00+00:00,2123.39341197281,0.0,-0.012489903911915068,0.8497530558282159,-0.295765033172956
2023-06-29 00:00:00+00:00,2139.545774347167,0.0,0.0076068628089742685,0.8562170107454078,-0.2904080143950202
2023-06-30 00:00:00+00:00,2140.6239085105162,0.0,0.0005039079678854641,0.8566484653193615,-0.2900504453395262
2023-07-01 00:00:00+00:00,2145.597561050228,0.0,0.002323459305456632,0.8586388531676129,-0.28840090644034544
2023-07-02 00:00:00+00:00,2146.956909632855,0.0,0.0006335524458565001,0.8591828459131446,-0.2879500710941515
2023-07-03 00:00:00+00:00,2170.500757217018,0.0,0.010966148169312406,0.8686047723059597,-0.2801416260698216
2023-07-04 00:00:00+00:00,2153.484228172241,0.0,-0.007839909287382874,0.8617949896844931,-0.2857852504211972
2023-07-05 00:00:00+00:00,2142.056617376433,0.0,-0.005306568140276857,0.8572218158487831,-0.2895752796566279
2023-07-06 00:00:00+00:00,2115.446921286448,0.0,-0.012422498954568595,0.8465729787375682,-0.2984005300023931
2023-07-07 00:00:00+00:00,2135.065120377898,0.0,0.009273784605061008,0.8544239141948453,-0.2918940476386104
2023-07-08 00:00:00+00:00,2132.442053581932,0.0,-0.0012285652418421167,0.8533741986720669,-0.29276400199922303
2023-07-09 00:00:00+00:00,2127.030859352599,0.0,-0.0025375574544893587,0.8512087126127577,-0.29455865397803316
2023-07-10 00:00:00+00:00,2137.985121653846,0.0,0.005150025093938249,0.8555924588428923,-0.29092561334371847
2023-07-11 00:00:00+00:00,2147.178300487783,0.0,0.004299926477891347,0.859271443510955,-0.2878766456137405
2023-07-12 00:00:00+00:00,2136.606559663691,0.0,-0.00492355051356963,0.8550407771539609,-0.2913828209209539
2023-07-13 00:00:00+00:00,2183.514784138969,0.0,0.02195454481926773,0.873812808218289,-0.27582545330316
2023-07-14 00:00:00+00:00,2105.52731762032,0.0,-0.035716482015669904,0.8426032887684984,-0.30169042047646355
2023-07-15 00:00:00+00:00,2101.95483560745,0.0,-0.0016967160591900843,0.8411736302369186,-0.30287525355432743
2023-07-16 00:00:00+00:00,2095.6902124094786,0.0,-0.002980379545672318,0.8386666135550016,-0.304952949889416
2023-07-17 00:00:00+00:00,2087.183875217908,0.0,-0.004058966893675908,0.8352624935357505,-0.307774122855362
2023-07-18 00:00:00+00:00,2069.3616599580564,0.0,-0.008538881251174302,0.828130286289889,-0.31368495741929003
2023-07-19 00:00:00+00:00,2068.0865387249332,0.0,-0.0006161906146212592,0.8276200001797936,-0.31410785830720156
2023-07-20 00:00:00+00:00,2064.512018232459,0.0,-0.0017284192056479242,0.8261895258765045,-0.3152933674579065
2023-07-21 00:00:00+00:00,2069.010297516482,0.0,0.0021788583666730865,0.8279896758374182,-0.3138014886828756
2023-07-22 00:00:00+00:00,2054.134487435482,0.0,-0.007189819257475971,0.8220365797210911,-0.3187351319539947
2023-07-23 00:00:00+00:00,2075.748497298271,0.0,0.01052219803279475,0.8306862114031177,-0.3115667280996288
2023-07-24 00:00:00+00:00,2020.5045384597624,0.0,-0.026613994378612116,0.8085783332424445,-0.3298886873280349
2023-07-25 00:00:00+00:00,2017.4747919043423,0.0,-0.001499499999999876,0.8073658700317476,-0.3308935192413863
2023-07-26 00:00:00+00:00,2017.4747919043423,0.0,0.0,0.8073658700317476,-0.3308935192413863
2023-07-27 00:00:00+00:00,2117.474791904342,100.0,-1.1102230246251565e-16,0.8073658700317475,-0.33089351924138644
2023-07-28 00:00:00+00:00,2117.474791904342,0.0,0.0,0.8073658700317475,-0.33089351924138644
2023-07-29 00:00:00+00:00,2117.474791904342,0.0,0.0,0.8073658700317475,-0.33089351924138644
2023-07-30 00:00:00+00:00,2117.474791904342,0.0,0.0,0.8073658700317475,-0.33089351924138644
2023-07-31 00:00:00+00:00,2117.474791904342,0.0,0.0,0.8073658700317475,-0.33089351924138644
2023-08-01 00:00:00+00:00,2117.474791904342,0.0,0.0,0.8073658700317475,-0.33089351924138644
2023-08-02 00:00:00+00:00,2117.474791904342,0.0,0.0,0.8073658700317475,-0.33089351924138644
2023-08-03 00:00:00+00:00,2117.474791904342,0.0,0.0,0.8073658700317475,-0.33089351924138644
2023-08-04 00:00:00+00:00,2117.474791904342,0.0,0.0,0.8073658700317475,-0.33089351924138644
2023-08-05 00:00:00+00:00,2117.474791904342,0.0,0.0,0.8073658700317475,-0.33089351924138644
2023-08-06 00:00:00+00:00,2117.474791904342,0.0,0.0,0.8073658700317475,-0.33089351924138644
2023-08-07 00:00:00+00:00,2117.474791904342,0.0,0.0,0.8073658700317475,-0.33089351924138644
2023-08-08 00:00:00+00:00,2117.474791904342,0.0,0.0,0.8073658700317475,-0.33089351924138644
2023-08-09 00:00:00+00:00,2117.474791904342,0.0,0.0,0.8073658700317475,-0.33089351924138644
2023-08-10 00:00:00+00:00,2117.474791904342,0.0,0.0,0.8073658700317475,-0.33089351924138644
2023-08-11 00:00:00+00:00,2117.474791904342,0.0,0.0,0.8073658700317475,-0.33089351924138644
2023-08-12 00:00:00+00:00,2117.474791904342,0.0,0.0,0.8073658700317475,-0.33089351924138644
2023-08-13 00:00:00+00:00,2117.474791904342,0.0,0.0,0.8073658700317475,-0.33089351924138644
2023-08-14 00:00:00+00:00,2117.474791904342,0.0,0.0,0.8073658700317475,-0.33089351924138644
2023-08-15 00:00:00+00:00,2117.474791904342,0.0,0.0,0.8073658700317475,-0.33089351924138644
2023-08-16 00:00:00+00:00,2117.474791904342,0.0,0.0,0.8073658700317475,-0.33089351924138644
2023-08-17 00:00:00+00:00,2117.474791904342,0.0,0.0,0.8073658700317475,-0.33089351924138644
2023-08-18 00:00:00+00:00,2117.474791904342,0.0,0.0,0.8073658700317475,-0.33089351924138644
2023-08-19 00:00:00+00:00,2117.474791904342,0.0,0.0,0.8073658700317475,-0.33089351924138644
2023-08-20 00:00:00+00:00,2117.474791904342,0.0,0.0,0.8073658700317475,-0.33089351924138644
2023-08-21 00:00:00+00:00,2117.474791904342,0.0,0.0,0.8073658700317475,-0.33089351924138644
2023-08-22 00:00:00+00:00,2117.474791904342,0.0,0.0,0.8073658700317475,-0.33089351924138644
2023-08-23 00:00:00+00:00,2117.474791904342,0.0,0.0,0.8073658700317475,-0.33089351924138644
2023-08-24 00:00:00+00:00,2117.474791904342,0.0,0.0,0.8073658700317475,-0.33089351924138644
2023-08-25 00:00:00+00:00,2117.474791904342,0.0,0.0,0.8073658700317475,-0.33089351924138644
2023-08-26 00:00:00+00:00,2117.474791904342,0.0,0.0,0.8073658700317475,-0.33089351924138644
2023-08-27 00:00:00+00:00,2217.474791904342,100.0,0.0,0.8073658700317475,-0.33089351924138644
2023-08-28 00:00:00+00:00,2217.474791904342,0.0,0.0,0.8073658700317475,-0.33089351924138644
2023-08-29 00:00:00+00:00,2217.474791904342,0.0,0.0,0.8073658700317475,-0.33089351924138644
2023-08-30 00:00:00+00:00,2217.474791904342,0.0,0.0,0.8073658700317475,-0.33089351924138644
2023-08-31 00:00:00+00:00,2217.474791904342,0.0,0.0,0.8073658700317475,-0.33089351924138644
2023-09-01 00:00:00+00:00,2217.474791904342,0.0,0.0,0.8073658700317475,-0.33089351924138644
2023-09-02 00:00:00+00:00,2217.474791904342,0.0,0.0,0.8073658700317475,-0.33089351924138644
2023-09-03 00:00:00+00:00,2217.474791904342,0.0,0.0,0.8073658700317475,-0.33089351924138644
2023-09-04 00:00:00+00:00,2217.474791904342,0.0,0.0,0.8073658700317475,-0.33089351924138644
2023-09-05 00:00:00+00:00,2217.474791904342,0.0,0.0,0.8073658700317475,-0.33089351924138644
2023-09-06 00:00:00+00:00,2217.474791904342,0.0,0.0,0.8073658700317475,-0.33089351924138644
2023-09-07 00:00:00+00:00,2217.474791904342,0.0,0.0,0.8073658700317475,-0.33089351924138644
2023-09-08 00:00:00+00:00,2217.474791904342,0.0,0.0,0.8073658700317475,-0.33089351924138644
2023-09-09 00:00:00+00:00,2217.474791904342,0.0,0.0,0.8073658700317475,-0.33089351924138644
2023-09-10 00:00:00+00:00,2217.474791904342,0.0,0.0,0.8073658700317475,-0.33089351924138644
2023-09-11 00:00:00+00:00,2217.474791904342,0.0,0.0,0.8073658700317475,-0.33089351924138644
2023-09-12 00:00:00+00:00,2217.474791904342,0.0,0.0,0.8073658700317475,-0.33089351924138644
2023-09-13 00:00:00+00:00,2217.474791904342,0.0,0.0,0.8073658700317475,-0.33089351924138644
2023-09-14 00:00:00+00:00,2217.474791904342,0.0,0.0,0.8073658700317475,-0.33089351924138644
2023-09-15 00:00:00+00:00,2217.474791904342,0.0,0.0,0.8073658700317475,-0.33089351924138644
2023-09-16 00:00:00+00:00,2217.474791904342,0.0,0.0,0.8073658700317475,-0.33089351924138644
2023-09-17 00:00:00+00:00,2217.474791904342,0.0,0.0,0.8073658700317475,-0.33089351924138644
2023-09-18 00:00:00+00:00,2217.474791904342,0.0,0.0,0.8073658700317475,-0.33089351924138644
2023-09-19 00:00:00+00:00,2217.474791904342,0.0,0.0,0.8073658700317475,-0.33089351924138644
2023-09-20 00:00:00+00:00,2217.474791904342,0.0,0.0,0.8073658700317475,-0.33089351924138644
2023-09-21 00:00:00+00:00,2217.474791904342,0.0,0.0,0.8073658700317475,-0.33089351924138644
2023-09-22 00:00:00+00:00,2217.474791904342,0.0,0.0,0.8073658700317475,-0.33089351924138644
2023-09-23 00:00:00+00:00,2217.474791904342,0.0,0.0,0.8073658700317475,-0.33089351924138644
2023-09-24 00:00:00+00:00,2217.474791904342,0.0,0.0,0.8073658700317475,-0.33089351924138644
2023-09-25 00:00:00+00:00,2217.474791904342,0.0,0.0,0.8073658700317475,-0.33089351924138644
2023-09-26 00:00:00+00:00,2217.474791904342,0.0,0.0,0.8073658700317475,-0.33089351924138644
2023-09-27 00:00:00+00:00,2317.474791904342,100.0,0.0,0.8073658700317475,-0.33089351924138644
2023-09-28 00:00:00+00:00,2317.474791904342,0.0,0.0,0.8073658700317475,-0.33089351924138644
2023-09-29 00:00:00+00:00,2317.474791904342,0.0,0.0,0.8073658700317475,-0.33089351924138644
2023-09-30 00:00:00+00:00,2317.474791904342,0.0,0.0,0.8073658700317475,-0.33089351924138644
2023-10-01 00:00:00+00:00,2317.474791904342,0.0,0.0,0.8073658700317475,-0.33089351924138644
2023-10-02 00:00:00+00:00,2252.6212491792944,0.0,-0.02798457310155056,0.7847720808221471,-0.3496181784648972
2023-10-03 00:00:00+00:00,2246.3454911138574,0.0,-0.0027859801410128338,0.7825857213897552,-0.3514301293037697
2023-10-04 00:00:00+00:00,2259.4510514770163,0.0,0.005834169505537945,0.7871514591409567,-0.3476462627419431
2023-10-05 00:00:00+00:00,2223.042389939498,0.0,-0.016113941266272414,0.7744673467606987,-0.3581582525489527
2023-10-06 00:00:00+00:00,2266.5788344729963,0.0,0.019584172002533373,0.7896346484900059,-0.34558831336846485
2023-10-07 00:00:00+00:00,2262.1927090654153,0.0,-0.0019351303122006058,0.788106602546149,-0.3468546852599239
2023-10-08 00:00:00+00:00,2259.7766755619696,0.0,-0.0010680051676251745,0.7872649006219902,-0.3475522478312765
2023-10-09 00:00:00+00:00,2216.574206902492,0.0,-0.019118025744173983,0.7722139499844144,-0.36002576075396653
2023-10-10 00:00:00+00:00,2205.033810769243,0.0,-0.005206410909822878,0.7681934868504982,-0.36335772961518265
2023-10-11 00:00:00+00:00,2178.3785661098477,0.0,-0.012088360971705958,0.7589072866853359,-0.37105369118944076
2023-10-12 00:00:00+00:00,2176.291115362389,0.0,-0.0009582589454074641,0.7581800569891348,-0.37165638461603945
2023-10-13 00:00:00+00:00,2176.291115362389,0.0,0.0,0.7581800569891348,-0.37165638461603945
2023-10-14 00:00:00+00:00,2176.291115362389,0.0,0.0,0.7581800569891348,-0.37165638461603945
2023-10-15 00:00:00+00:00,2176.291115362389,0.0,0.0,0.7581800569891348,-0.37165638461603945
2023-10-16 00:00:00+00:00,2176.291115362389,0.0,0.0,0.7581800569891348,-0.37165638461603945
2023-10-17 00:00:00+00:00,2176.291115362389,0.0,0.0,0.7581800569891348,-0.37165638461603945
2023-10-18 00:00:00+00:00,2176.291115362389,0.0,0.0,0.7581800569891348,-0.37165638461603945
2023-10-19 00:00:00+00:00,2176.291115362389,0.0,0.0,0.7581800569891348,-0.37165638461603945
2023-10-20 00:00:00+00:00,2176.291115362389,0.0,0.0,0.7581800569891348,-0.37165638461603945
2023-10-21 00:00:00+00:00,2176.291115362389,0.0,0.0,0.7581800569891348,-0.37165638461603945
2023-10-22 00:00:00+00:00,2176.291115362389,0.0,0.0,0.7581800569891348,-0.37165638461603945
2023-10-23 00:00:00+00:00,2176.291115362389,0.0,0.0,0.7581800569891348,-0.37165638461603945
2023-10-24 00:00:00+00:00,2217.4955506800793,0.0,0.01893332883033394,0.7725349293207114,-0.3597597483275341
2023-10-25 00:00:00+00:00,2242.522447094956,0.0,0.011286108965224972,0.7812538427124673,-0.3525339270832356
2023-10-26 00:00:00+00:00,2235.2860674145304,0.0,-0.003226892863346764,0.7787328202629562,-0.3546232307331898
2023-10-27 00:00:00+00:00,2312.5886430729383,100.0,-0.010154147459007445,0.7708254523748375,-0.36117648161494287
2023-10-28 00:00:00+00:00,2319.3576293372967,0.0,0.002927016996573828,0.7730816715753304,-0.3593066343188186
2023-10-29 00:00:00+00:00,2347.651907148855,0.0,0.0121991871601288,0.7825126395769431,-0.35149069603862104
2023-10-30 00:00:00+00:00,2351.904167311575,0.0,0.0018112822219389368,0.7839299908094512,-0.3503160626655938
2023-10-31 00:00:00+00:00,2361.74866122563,0.0,0.004185754696505395,0.7872113294502133,-0.3475966450736523
2023-11-01 00:00:00+00:00,2411.014151909443,0.0,0.02085975171390464,0.8036323623289175,-0.33398767307257027
2023-11-02 00:00:00+00:00,2368.470174729599,0.0,-0.017645677088270473,0.7894517251655775,-0.34573991153033934
2023-11-03 00:00:00+00:00,2373.5377238065957,0.0,0.002139587456521541,0.7911408261742711,-0.34434006485174695
2023-11-04 00:00:00+00:00,2399.2931583945624,0.0,0.010851074465612953,0.7997255541918746,-0.3372254500713343
2023-11-05 00:00:00+00:00,2413.9844946337425,0.0,0.006123193486289313,0.8046224284961214,-0.33316715326433277
2023-11-06 00:00:00+00:00,2419.793939035565,0.0,0.0024065790044371926,0.8065588159390394,-0.3315623673359096
2023-11-07 00:00:00+00:00,2427.9095487201203,0.0,0.0033538432978263977,0.8092638878181794,-0.3293205322615842
2023-11-08 00:00:00+00:00,2439.1041140919374,0.0,0.004610783535044849,0.8129952284276378,-0.3262281744144433
2023-11-09 00:00:00+00:00,2595.0354575813153,0.0,0.0639297611727534,0.8649698192156048,-0.28315410251982853
2023-11-10 00:00:00+00:00,2600.9387610854255,0.0,0.002274845026438488,0.8669374915068668,-0.2815233891952229
2023-11-11 00:00:00+00:00,2581.973398882923,0.0,-0.007291737308950719,0.8606160110555181,-0.2867623319038366
2023-11-12 00:00:00+00:00,2575.1297985782858,0.0,-0.0026505309108134645,0.8583349217158744,-0.288652790389882
2023-11-13 00:00:00+00:00,2553.030754700648,0.0,-0.008581720381566349,0.8509689314239751,-0.2947573732369635
2023-11-14 00:00:00+00:00,2478.4981643217216,0.0,-0.029193769108224243,0.8261259409217113,-0.31534606364796114
2023-11-15 00:00:00+00:00,2616.2919086520114,0.0,0.05559566124108839,0.8720549588756702,-0.2772822753351555
2023-11-16 00:00:00+00:00,2497.0451957602136,0.0,-0.04557851992640882,0.8323079845556318,-0.31022267954996097
2023-11-17 00:00:00+00:00,2516.2952578143795,0.0,0.007709136417254792,0.8387243603497416,-0.3049050920890831
2023-11-18 00:00:00+00:00,2515.122826682985,0.0,-0.00046593543732742493,0.838333568948105,-0.3052289614389846
2023-11-19 00:00:00+00:00,2572.556230224948,0.0,0.022835228137827457,0.8574771072506341,-0.2893637062698885
2023-11-20 00:00:00+00:00,2581.079918974784,0.0,0.0033133148460240402,0.8603181988802133,-0.28700914448774906
2023-11-21 00:00:00+00:00,2465.1734440785867,0.0,-0.044906193738563416,0.8216845831644866,-0.3190268499792063
2023-11-22 00:00:00+00:00,2598.8305731132646,0.0,0.054218144104921207,0.8662347963032908,-0.28210574959979673
2023-11-23 00:00:00+00:00,2593.37193979692,0.0,-0.0021004190780338217,0.8644153402110787,-0.283613628379348
2023-11-24 00:00:00+00:00,2620.406838504951,0.0,0.010424612950099332,0.8734265355609077,-0.2761455777324767
2023-11-25 00:00:00+00:00,2624.391098806936,0.0,0.0015204739368861464,0.8747545578440128,-0.2750449759493191
2023-11-26 00:00:00+00:00,2600.1289056796804,0.0,-0.009244884704221579,0.8666675528122526,-0.2817471015624138
2023-11-27 00:00:00+00:00,2673.765041800933,100.0,-0.010139444941040687,0.8578800248783263,-0.2890297872798646
2023-11-28 00:00:00+00:00,2709.914503359484,0.0,0.01352005916503507,0.869478613571183,-0.2794174279393109
2023-11-29 00:00:00+00:00,2702.1372359216916,0.0,-0.0028699309251827287,0.86698327000931,-0.28148545014701554
2023-11-30 00:00:00+00:00,2707.470182994916,0.0,0.001973603339730179,0.8686943510864905,-0.28006738743178106
2023-12-01 00:00:00+00:00,2768.069045159329,0.0,0.022382097703244508,0.8881375529267649,-0.2639537853575271
2023-12-02 00:00:00+00:00,2840.551252265518,0.0,0.026185115300119577,0.9113935371525183,-0.24468033036089742
2023-12-03 00:00:00+00:00,2877.9220903450587,0.0,0.013156192147469659,0.9233840056492588,-0.23474319965436208
2023-12-04 00:00:00+00:00,2993.9377991490837,0.0,0.04031231741583219,0.9606077547816944,-0.20389392461420452
2023-12-05 00:00:00+00:00,3112.602452893304,0.0,0.0396349763104451,0.9986814203860966,-0.17234027917568717
2023-12-06 00:00:00+00:00,3069.044550573747,0.0,-0.01399404613302535,0.9847058265170183,-0.1839225874913495
2023-12-07 00:00:00+00:00,3106.6751669421024,0.0,0.012261345753785236,0.9967796451217104,-0.17391638017472644
2023-12-08 00:00:00+00:00,3148.822636805556,0.0,0.013566745024372606,1.0103027004125613,-0.1627091143357462
2023-12-09 00:00:00+00:00,3119.2284714854513,0.0,-0.009398485952872737,1.0008073846745844,-0.17057838096313005
2023-12-10 00:00:00+00:00,3128.4549068809274,0.0,0.0029579222810447448,1.0037676951367476,-0.16812501627580068
2023-12-11 00:00:00+00:00,2951.6292824592256,0.0,-0.056521711095397276,0.9470330274653355,-0.21514401377334813
2023-12-12 00:00:00+00:00,2951.9297791499393,0.0,0.00010180705703777271,0.9471294421107793,-0.21506410989519198
2023-12-13 00:00:00+00:00,3041.892158334138,0.0,0.030475785643554465,0.9759939559652467,-0.1911425719644252
2023-12-14 00:00:00+00:00,3075.6565608725923,0.0,0.011099802616587606,0.9868272962314435,-0.18216441416826956
2023-12-15 00:00:00+00:00,2980.5156848603356,0.0,-0.030933517487812257,0.9563012568060176,-0.20746294556475064
2023-12-16 00:00:00+00:00,2999.936144889754,0.0,0.00651580534471452,0.9625323296462714,-0.2022989283895772
2023-12-17 00:00:00+00:00,2943.2190764795178,0.0,-0.018906091886939258,0.9443346049778293,-0.2173803381477537
2023-12-18 00:00:00+00:00,3012.5150405751383,0.0,0.02354427662194536,0.9665682801411027,-0.19895412433933113
2023-12-19 00:00:00+00:00,2975.022534196929,0.0,-0.012445583133437688,0.9545387742564627,-0.20892360737856341
2023-12-20 00:00:00+00:00,3049.9509510625,0.0,0.025185831705236694,0.9785796271810089,-0.18899969048801424
2023-12-21 00:00:00+00:00,3076.896290273049,0.0,0.00883467952203043,0.9872250645739411,-0.18183476266120835
2023-12-22 00:00:00+00:00,3123.0508132368536,0.0,0.015000350551207076,1.0020337866154883,-0.16956199729231491
2023-12-23 00:00:00+00:00,3103.0101674729535,0.0,-0.006417009188246059,0.9956037265998436,-0.17489092558595887
2023-12-24 00:00:00+00:00,3049.334292822755,0.0,-0.017298001538264884,0.9783817718056173,-0.18916366362440928
2023-12-25 00:00:00+00:00,3079.381115653039,0.0,0.009853568006960023,0.9880223231308739,-0.18117403264141818
2023-12-26 00:00:00+00:00,3011.3348665312856,0.0,-0.022097378195853223,0.9661896201907055,-0.19926793971872603
2023-12-27 00:00:00+00:00,3228.5174792260905,100.0,0.038913843158793426,1.0037877715324608,-0.16810837791272315
2023-12-28 00:00:00+00:00,3170.8486033911695,0.0,-0.01786233966704276,0.985857773403724,-0.18296790863261325
2023-12-29 00:00:00+00:00,3124.9712534489436,0.0,-0.014468476953822695,0.9715939129294853,-0.1947891186170958
2023-12-30 00:00:00+00:00,3124.6072217019746,0.0,-0.00011649123062085209,0.9714807307589044,-0.19488291862357743
2023-12-31 00:00:00+00:00,3126.358661661049,0.0,0.0005605312395458029,0.9720252760571115,-0.19443162534797398
2024-01-01 00:00:00+00:00,3250.3365362458494,0.0,0.03965567869904296,1.0105715980917809,-0.16248626471266303
2024-01-02 00:00:00+00:00,3287.861032206844,0.0,0.011544803297302675,1.0222384484095912,-0.1528173333799816
2024-01-03 00:00:00+00:00,3116.234205132944,0.0,-0.052200146354331234,0.9688774517935861,-0.19704039256639916
2024-01-04 00:00:00+00:00,3206.1924292582075,0.0,0.02886760692668333,0.9968466252320899,-0.17386087024100205
2024-01-05 00:00:00+00:00,3206.754372973818,0.0,0.0001752682435660624,0.9970213407891991,-0.17371607428678792
2024-01-06 00:00:00+00:00,3184.3772305167977,0.0,-0.006978127993092498,0.9900639982613274,-0.17948198927904968
2024-01-07 00:00:00+00:00,3172.780947310577,0.0,-0.0036416172980670014,0.9864585640790656,-0.18247000186026652
2024-01-08 00:00:00+00:00,3368.967238824791,0.0,0.06183417474203878,1.0474554153061113,-0.1319187090984355
2024-01-09 00:00:00+00:00,3336.6450535802433,0.0,-0.009594093071627063,1.0374060305632846,-0.1402471617970834
2024-01-10 00:00:00+00:00,3483.100422510879,0.0,0.043893002275890325,1.0829408958238211,-0.10251002851313962
2024-01-11 00:00:00+00:00,3485.3409372695223,0.0,0.0006432529892514971,1.0836375007922425,-0.10193271540615745
2024-01-12 00:00:00+00:00,3271.010917134555,0.0,-0.06149470711547589,1.0169995300616772,-0.15715910004224665
2024-01-13 00:00:00+00:00,3302.1147484727353,0.0,0.009508935349389791,1.0266701128433935,-0.1491445804147269
2024-01-14 00:00:00+00:00,3196.884241062384,0.0,-0.03186761073612654,0.9939525893328851,-0.176259309718794
2024-01-15 00:00:00+00:00,3252.8925888800222,0.0,0.01751966714910691,1.0113663078599902,-0.16182764700789176
2024-01-16 00:00:00+00:00,3320.3083101830507,0.0,0.020724853176366187,1.032326726097912,-0.14445664805564085
2024-01-17 00:00:00+00:00,3274.557564507855,0.0,-0.013779065496683729,1.0181022285250318,-0.15624523593733453
2024-01-18 00:00:00+00:00,3176.925971323399,0.0,-0.02981520137030469,0.9877473055660021,-0.1814019541350168
2024-01-19 00:00:00+00:00,3184.712590813526,0.0,0.002450991795343249,0.9901682661078167,-0.1793955770409177
2024-01-20 00:00:00+00:00,3174.6353153275845,0.0,-0.0031642652825281115,0.9870351110395107,-0.18199218712717613
2024-01-21 00:00:00+00:00,3167.093742477675,0.0,-0.002375571396657117,0.984690338662229,-0.18393542308967892
2024-01-22 00:00:00+00:00,3095.080795846022,0.0,-0.022737863949462978,0.9623005837093767,-0.20249098841344182
2024-01-23 00:00:00+00:00,3093.3264082709843,0.0,-0.0005668309458648491,0.9617551219593063,-0.2029430412008152
2024-01-24 00:00:00+00:00,3093.3264082709843,0.0,0.0,0.9617551219593063,-0.2029430412008152
2024-01-25 00:00:00+00:00,3093.3264082709843,0.0,0.0,0.9617551219593063,-0.2029430412008152
2024-01-26 00:00:00+00:00,3093.3264082709843,0.0,0.0,0.9617551219593063,-0.2029430412008152
2024-01-27 00:00:00+00:00,3193.3264082709843,100.0,0.0,0.9617551219593063,-0.2029430412008152
2024-01-28 00:00:00+00:00,3193.3264082709843,0.0,0.0,0.9617551219593063,-0.2029430412008152
2024-01-29 00:00:00+00:00,3193.3264082709843,0.0,0.0,0.9617551219593063,-0.2029430412008152
2024-01-30 00:00:00+00:00,3193.3264082709843,0.0,0.0,0.9617551219593063,-0.2029430412008152
2024-01-31 00:00:00+00:00,3193.3264082709843,0.0,0.0,0.9617551219593063,-0.2029430412008152
2024-02-01 00:00:00+00:00,3193.3264082709843,0.0,0.0,0.9617551219593063,-0.2029430412008152
2024-02-02 00:00:00+00:00,3193.3264082709843,0.0,0.0,0.9617551219593063,-0.2029430412008152
2024-02-03 00:00:00+00:00,3193.3264082709843,0.0,0.0,0.9617551219593063,-0.2029430412008152
2024-02-04 00:00:00+00:00,3193.3264082709843,0.0,0.0,0.9617551219593063,-0.2029430412008152
2024-02-05 00:00:00+00:00,3193.3264082709843,0.0,0.0,0.9617551219593063,-0.2029430412008152
2024-02-06 00:00:00+00:00,3193.3264082709843,0.0,0.0,0.9617551219593063,-0.2029430412008152
2024-02-07 00:00:00+00:00,3193.3264082709843,0.0,0.0,0.9617551219593063,-0.2029430412008152
2024-02-08 00:00:00+00:00,3232.3873072824777,0.0,0.01223204083062801,0.9735193498801782,-0.19319340793644735
2024-02-09 00:00:00+00:00,3314.9462784046386,0.0,0.025541175383333004,0.9983841783345362,-0.1725866192681229
2024-02-10 00:00:00+00:00,3342.6276999088004,0.0,0.008350488719679694,1.0067211741536255,-0.16567731316580925
2024-02-11 00:00:00+00:00,3367.201273889319,0.0,0.007351573727815808,1.0141221590887692,-0.15954372842075826
2024-02-12 00:00:00+00:00,3439.604898825033,0.0,0.021502612717915648,1.0359284351243114,-0.14147172270664654
2024-02-13 00:00:00+00:00,3419.0087975124698,0.0,-0.005987926496906382,1.0297253717987318,-0.14661252692659477
2024-02-14 00:00:00+00:00,3573.80196451777,0.0,0.04527428157480062,1.0763454482262638,-0.10797602217826197
2024-02-15 00:00:00+00:00,3599.209726795423,0.0,0.007109448853045652,1.083997671138637,-0.10163422333224792
2024-02-16 00:00:00+00:00,3600.735289280321,0.0,0.00042386040289343896,1.0844571348282614,-0.10125344165220374
2024-02-17 00:00:00+00:00,3572.002759585913,0.0,-0.007979628433100072,1.0758035698407076,-0.1084251052433467
2024-02-18 00:00:00+00:00,3637.253534796101,0.0,0.018267280179187884,1.0954555750687582,-0.09213845684009703
2024-02-19 00:00:00+00:00,3649.7702873952517,0.0,0.003441264811322009,1.0992253277916089,-0.08901426485806829
2024-02-20 00:00:00+00:00,3703.106652107844,0.0,0.014613622368726542,1.115288991630095,-0.07570146334140748
2024-02-21 00:00:00+00:00,3663.560434611848,0.0,-0.010679200252978416,1.1033785971485348,-0.08557223250791957
2024-02-22 00:00:00+00:00,3640.0294882345715,0.0,-0.006422972077917866,1.0962916272276775,-0.09144557652579399
2024-02-23 00:00:00+00:00,3593.429016518219,0.0,-0.012802223681697034,1.0822566565955372,-0.10307709348210603
2024-02-24 00:00:00+00:00,3662.153209551612,0.0,0.019124961900591986,1.1029547739195888,-0.08592347706718317
2024-02-25 00:00:00+00:00,3723.6046728124475,0.0,0.01678014538019834,1.1214625153737434,-0.07058514012374417
2024-02-26 00:00:00+00:00,3875.2642782084167,0.0,0.04072924456865623,1.167138836436981,-0.0327307749901008
2024-02-27 00:00:00+00:00,4123.453442093568,100.0,0.03823975689050574,1.211769941799799,0.0
2024-02-28 00:00:00+00:00,4436.327088677861,0.0,0.07587660464172474,1.303714930590468,0.0
2024-02-29 00:00:00+00:00,4356.65313061541,0.0,-0.017959441779166863,1.280300938197898,-0.017959441779166863
2024-03-01 00:00:00+00:00,4457.6959869857355,0.0,0.023192770537610485,1.3099946640766094,0.0
2024-03-02 00:00:00+00:00,4433.727908597212,0.0,-0.005376786227346608,1.3029511028089047,-0.005376786227346608
2024-03-03 00:00:00+00:00,4516.278692588579,0.0,0.018618820480908793,1.3272105154875058,0.0
2024-03-04 00:00:00+00:00,4816.720767293684,0.0,0.06652425484683744,1.4155022060551992,0.0
2024-03-05 00:00:00+00:00,4574.86654432959,0.0,-0.05021138543183212,1.344427879207353,-0.05021138543183212
2024-03-06 00:00:00+00:00,4805.81829800014,0.0,0.05048273024637351,1.4122982691690817,-0.0022634630115104803
2024-03-07 00:00:00+00:00,4863.50168057311,0.0,0.012002822203447394,1.4292498341921547,0.0
2024-03-08 00:00:00+00:00,4929.964445537706,0.0,0.013665619820812713,1.4487814190551842,0.0
2024-03-09 00:00:00+00:00,4948.7944025315965,0.0,0.003819491438915801,1.4543150272821257,0.0
2024-03-10 00:00:00+00:00,4965.8396689220035,0.0,0.003444327042903206,1.459324163859494,0.0
2024-03-11 00:00:00+00:00,5195.668162873894,0.0,0.04628189979435704,1.526864458578723,0.0
2024-03-12 00:00:00+00:00,5127.511825994405,0.0,-0.01311791568339693,1.5068351793511119,-0.013117915683396819
2024-03-13 00:00:00+00:00,5213.379568162312,0.0,0.016746473744359447,1.5320693551191924,0.0
2024-03-14 00:00:00+00:00,5078.941985240866,0.0,-0.025787031456993015,1.4925618344644387,-0.025787031456993126
2024-03-15 00:00:00+00:00,4927.439957362095,0.0,-0.02982944643176244,1.4480395411771887,-0.054847265015274926
2024-03-16 00:00:00+00:00,4632.977697291006,0.0,-0.059759685073611624,1.361505154222303,-0.11132929480442477
2024-03-17 00:00:00+00:00,4831.378093768313,0.0,0.042823516416518936,1.419809592545317,-0.07327329027160256
2024-03-18 00:00:00+00:00,4737.682013562184,0.0,-0.019393241097603653,1.3922748828043952,-0.09124552478495429
2024-03-19 00:00:00+00:00,4309.293987627969,0.0,-0.09042143915693435,1.2663833841991696,-0.17341641227420335
2024-03-20 00:00:00+00:00,4302.837300896881,0.0,-0.0014983166035144047,1.2644859409482092,-0.17465489618788543
2024-03-21 00:00:00+00:00,4302.837300896881,0.0,0.0,1.2644859409482092,-0.17465489618788543
2024-03-22 00:00:00+00:00,4302.837300896881,0.0,0.0,1.2644859409482092,-0.17465489618788543
2024-03-23 00:00:00+00:00,4302.837300896881,0.0,0.0,1.2644859409482092,-0.17465489618788543
2024-03-24 00:00:00+00:00,4302.837300896881,0.0,0.0,1.2644859409482092,-0.17465489618788543
2024-03-25 00:00:00+00:00,4302.837300896881,0.0,0.0,1.2644859409482092,-0.17465489618788543
2024-03-26 00:00:00+00:00,4302.837300896881,0.0,0.0,1.2644859409482092,-0.17465489618788543
2024-03-27 00:00:00+00:00,4402.837300896881,100.0,0.0,1.2644859409482092,-0.17465489618788543
2024-03-28 00:00:00+00:00,4402.837300896881,0.0,0.0,1.2644859409482092,-0.17465489618788543
2024-03-29 00:00:00+00:00,4402.837300896881,0.0,0.0,1.2644859409482092,-0.17465489618788543
2024-03-30 00:00:00+00:00,4402.837300896881,0.0,0.0,1.2644859409482092,-0.17465489618788543
2024-03-31 00:00:00+00:00,4402.837300896881,0.0,0.0,1.2644859409482092,-0.17465489618788543
2024-04-01 00:00:00+00:00,4402.837300896881,0.0,0.0,1.2644859409482092,-0.17465489618788543
2024-04-02 00:00:00+00:00,4402.837300896881,0.0,0.0,1.2644859409482092,-0.17465489618788543
2024-04-03 00:00:00+00:00,4402.837300896881,0.0,0.0,1.2644859409482092,-0.17465489618788543
2024-04-04 00:00:00+00:00,4402.837300896881,0.0,0.0,1.2644859409482092,-0.17465489618788543
2024-04-05 00:00:00+00:00,4402.837300896881,0.0,0.0,1.2644859409482092,-0.17465489618788543
2024-04-06 00:00:00+00:00,4402.837300896881,0.0,0.0,1.2644859409482092,-0.17465489618788543
2024-04-07 00:00:00+00:00,4402.837300896881,0.0,0.0,1.2644859409482092,-0.17465489618788543
2024-04-08 00:00:00+00:00,4402.837300896881,0.0,0.0,1.2644859409482092,-0.17465489618788543
2024-04-09 00:00:00+00:00,4323.967158425732,0.0,-0.01791348103076229,1.241834596031368,-0.18943970004885624
2024-04-10 00:00:00+00:00,4339.943587945715,0.0,0.0036948545015775824,1.2464229941787293,-0.1864447976757817
2024-04-11 00:00:00+00:00,4322.391902827201,0.0,-0.004044219645449765,1.2413821858191314,-0.1897349936076791
2024-04-12 00:00:00+00:00,4214.48892954179,0.0,-0.024963718170680882,1.2103926707902388,-0.20996222087082195
2024-04-13 00:00:00+00:00,4120.698129796706,0.0,-0.02225437088887572,1.183456143373296,-0.22754401462378637
2024-04-14 00:00:00+00:00,4118.862769176205,0.0,-0.0004454004061179573,1.1829290315264147,-0.22788806683338114
2024-04-15 00:00:00+00:00,4118.862769176205,0.0,0.0,1.1829290315264147,-0.22788806683338114
2024-04-16 00:00:00+00:00,4118.862769176205,0.0,0.0,1.1829290315264147,-0.22788806683338114
2024-04-17 00:00:00+00:00,4118.862769176205,0.0,0.0,1.1829290315264147,-0.22788806683338114
2024-04-18 00:00:00+00:00,4118.862769176205,0.0,0.0,1.1829290315264147,-0.22788806683338114
2024-04-19 00:00:00+00:00,4118.862769176205,0.0,0.0,1.1829290315264147,-0.22788806683338114
2024-04-20 00:00:00+00:00,4118.862769176205,0.0,0.0,1.1829290315264147,-0.22788806683338114
2024-04-21 00:00:00+00:00,4118.862769176205,0.0,0.0,1.1829290315264147,-0.22788806683338114
2024-04-22 00:00:00+00:00,4118.862769176205,0.0,0.0,1.1829290315264147,-0.22788806683338114
2024-04-23 00:00:00+00:00,4118.862769176205,0.0,0.0,1.1829290315264147,-0.22788806683338114
2024-04-24 00:00:00+00:00,4118.862769176205,0.0,0.0,1.1829290315264147,-0.22788806683338114
2024-04-25 00:00:00+00:00,4118.862769176205,0.0,0.0,1.1829290315264147,-0.22788806683338114
2024-04-26 00:00:00+00:00,4118.862769176205,0.0,0.0,1.1829290315264147,-0.22788806683338114
2024-04-27 00:00:00+00:00,4218.862769176205,100.0,0.0,1.1829290315264147,-0.22788806683338114
2024-04-28 00:00:00+00:00,4218.862769176205,0.0,0.0,1.1829290315264147,-0.22788806683338114
2024-04-29 00:00:00+00:00,4218.862769176205,0.0,0.0,1.1829290315264147,-0.22788806683338114
2024-04-30 00:00:00+00:00,4218.862769176205,0.0,0.0,1.1829290315264147,-0.22788806683338114
2024-05-01 00:00:00+00:00,4218.862769176205,0.0,0.0,1.1829290315264147,-0.22788806683338114
2024-05-02 00:00:00+00:00,4218.862769176205,0.0,0.0,1.1829290315264147,-0.22788806683338114
2024-05-03 00:00:00+00:00,4218.862769176205,0.0,0.0,1.1829290315264147,-0.22788806683338114
2024-05-04 00:00:00+00:00,4218.862769176205,0.0,0.0,1.1829290315264147,-0.22788806683338114
2024-05-05 00:00:00+00:00,4218.862769176205,0.0,0.0,1.1829290315264147,-0.22788806683338114
2024-05-06 00:00:00+00:00,4218.862769176205,0.0,0.0,1.1829290315264147,-0.22788806683338114
2024-05-07 00:00:00+00:00,4218.862769176205,0.0,0.0,1.1829290315264147,-0.22788806683338114
2024-05-08 00:00:00+00:00,4218.862769176205,0.0,0.0,1.1829290315264147,-0.22788806683338114
2024-05-09 00:00:00+00:00,4218.862769176205,0.0,0.0,1.1829290315264147,-0.22788806683338114
2024-05-10 00:00:00+00:00,4218.862769176205,0.0,0.0,1.1829290315264147,-0.22788806683338114
2024-05-11 00:00:00+00:00,4218.862769176205,0.0,0.0,1.1829290315264147,-0.22788806683338114
2024-05-12 00:00:00+00:00,4218.862769176205,0.0,0.0,1.1829290315264147,-0.22788806683338114
2024-05-13 00:00:00+00:00,4218.862769176205,0.0,0.0,1.1829290315264147,-0.22788806683338114
2024-05-14 00:00:00+00:00,4218.862769176205,0.0,0.0,1.1829290315264147,-0.22788806683338114
2024-05-15 00:00:00+00:00,4218.862769176205,0.0,0.0,1.1829290315264147,-0.22788806683338114
2024-05-16 00:00:00+00:00,4171.1205687780075,0.0,-0.011316367232186542,1.169542572196047,-0.2366255690134481
2024-05-17 00:00:00+00:00,4250.886448869736,0.0,0.019123369554167047,1.1919081670134832,-0.22202727766149022
2024-05-18 00:00:00+00:00,4246.034829756269,0.0,-0.001141319386397055,1.1905478191156658,-0.22291519301158325
2024-05-19 00:00:00+00:00,4217.4428292106395,0.0,-0.0067338120604324425,1.1825308938527832,-0.22814793605686057
2024-05-20 00:00:00+00:00,4448.100306623457,0.0,0.0546913110037317,1.2472050587400065,-0.18593433477887422
2024-05-21 00:00:00+00:00,4432.30384666721,0.0,-0.003551282315447213,1.242775881471167,-0.18882531177938677
2024-05-22 00:00:00+00:00,4370.675129028927,0.0,-0.01390444332570373,1.2254957746606996,-0.20010424425899564
2024-05-23 00:00:00+00:00,4333.089970838129,0.0,-0.008599394162509655,1.214957253449902,-0.20698286315153114
2024-05-24 00:00:00+00:00,4339.925962741704,0.0,0.001577625193471821,1.2168740006219358,-0.20573177933758413
2024-05-25 00:00:00+00:00,4380.170526269983,0.0,0.00927309909749141,1.228158193818864,-0.1983664514173934
2024-05-26 00:00:00+00:00,4371.83226391886,0.0,-0.0019036387513031716,1.2258202242883798,-0.19989247210481997
2024-05-27 00:00:00+00:00,4537.9342457934645,100.0,0.015119972104179258,1.2443545918843588,-0.187794868602701
2024-05-28 00:00:00+00:00,4473.174690680246,0.0,-0.014270712532524765,1.22659676521505,-0.19938561455031334
2024-05-29 00:00:00+00:00,4411.861460466706,0.0,-0.013706871395227305,1.2097839611004455,-0.21035953296884113
2024-05-30 00:00:00+00:00,4436.754883615638,0.0,0.005642385503713987,1.2166100285851844,-0.20590407704451852
2024-05-31 00:00:00+00:00,4404.927908989154,0.0,-0.007173480496751594,1.2078827002729762,-0.2116005086603896
2024-06-01 00:00:00+00:00,4434.223372960608,0.0,0.00665061144625545,1.2159158587851455,-0.2063571699790645
2024-06-02 00:00:00+00:00,4421.7887624259865,0.0,-0.002804236387919934,1.2125061432892914,-0.20858273208202083
2024-06-03 00:00:00+00:00,4464.356926002298,0.0,0.009626910253613508,1.2241788311126924,-0.2009638290706145
2024-06-04 00:00:00+00:00,4558.2286152015995,0.0,0.021026922971268958,1.249919545097557,-0.1841625570532246
2024-06-05 00:00:00+00:00,4603.92443024417,0.0,0.010024906361689734,1.262449871496806,-0.17598386308132274
2024-06-06 00:00:00+00:00,4571.250760851104,0.0,-0.007096916964671629,1.2534903695867328,-0.1818318371825841
2024-06-07 00:00:00+00:00,4457.700699384217,0.0,-0.02484004212574542,1.2223536160019821,-0.2021551688129125
2024-06-08 00:00:00+00:00,4453.688941853114,0.0,-0.0008999611686933973,1.2212535452131683,-0.20287319817962368
2024-06-09 00:00:00+00:00,4469.042099826744,0.0,0.003447290139495518,1.2254635605174056,-0.2001252708157807
2024-06-10 00:00:00+00:00,4464.1253428282,0.0,-0.0011001814010064281,1.2241153283005133,-0.20100527811596414
2024-06-11 00:00:00+00:00,4362.927626376562,0.0,-0.02266910283202861,1.1963657320450065,-0.21911777162860147
2024-06-12 00:00:00+00:00,4406.10951984214,0.0,0.009897458120670333,1.2082067117749271,-0.2113890224761198
2024-06-13 00:00:00+00:00,4338.319744091357,0.0,-0.015385404163356209,1.1896179632013901,-0.2235221210929842
2024-06-14 00:00:00+00:00,4305.173690946556,0.0,-0.007640297419281961,1.180528928147211,-0.229454643027327
2024-06-15 00:00:00+00:00,4300.670999861468,0.0,-0.0010458790767390314,1.1792942376417768,-0.23026054029386311
2024-06-16 00:00:00+00:00,4300.670999861468,0.0,0.0,1.1792942376417768,-0.23026054029386311
2024-06-17 00:00:00+00:00,4300.670999861468,0.0,0.0,1.1792942376417768,-0.23026054029386311
2024-06-18 00:00:00+00:00,4300.670999861468,0.0,0.0,1.1792942376417768,-0.23026054029386311
2024-06-19 00:00:00+00:00,4300.670999861468,0.0,0.0,1.1792942376417768,-0.23026054029386311
2024-06-20 00:00:00+00:00,4300.670999861468,0.0,0.0,1.1792942376417768,-0.23026054029386311
2024-06-21 00:00:00+00:00,4300.670999861468,0.0,0.0,1.1792942376417768,-0.23026054029386311
2024-06-22 00:00:00+00:00,4300.670999861468,0.0,0.0,1.1792942376417768,-0.23026054029386311
2024-06-23 00:00:00+00:00,4300.670999861468,0.0,0.0,1.1792942376417768,-0.23026054029386311
2024-06-24 00:00:00+00:00,4300.670999861468,0.0,0.0,1.1792942376417768,-0.23026054029386311
2024-06-25 00:00:00+00:00,4300.670999861468,0.0,0.0,1.1792942376417768,-0.23026054029386311
2024-06-26 00:00:00+00:00,4300.670999861468,0.0,0.0,1.1792942376417768,-0.23026054029386311
2024-06-27 00:00:00+00:00,4400.670999861468,100.0,0.0,1.1792942376417768,-0.23026054029386311
2024-06-28 00:00:00+00:00,4400.670999861468,0.0,0.0,1.1792942376417768,-0.23026054029386311
2024-06-29 00:00:00+00:00,4400.670999861468,0.0,0.0,1.1792942376417768,-0.23026054029386311
2024-06-30 00:00:00+00:00,4400.670999861468,0.0,0.0,1.1792942376417768,-0.23026054029386311
2024-07-01 00:00:00+00:00,4400.670999861468,0.0,0.0,1.1792942376417768,-0.23026054029386311
2024-07-02 00:00:00+00:00,4400.670999861468,0.0,0.0,1.1792942376417768,-0.23026054029386311
2024-07-03 00:00:00+00:00,4400.670999861468,0.0,0.0,1.1792942376417768,-0.23026054029386311
2024-07-04 00:00:00+00:00,4400.670999861468,0.0,0.0,1.1792942376417768,-0.23026054029386311
2024-07-05 00:00:00+00:00,4400.670999861468,0.0,0.0,1.1792942376417768,-0.23026054029386311
2024-07-06 00:00:00+00:00,4400.670999861468,0.0,0.0,1.1792942376417768,-0.23026054029386311
2024-07-07 00:00:00+00:00,4400.670999861468,0.0,0.0,1.1792942376417768,-0.23026054029386311
2024-07-08 00:00:00+00:00,4400.670999861468,0.0,0.0,1.1792942376417768,-0.23026054029386311
2024-07-09 00:00:00+00:00,4400.670999861468,0.0,0.0,1.1792942376417768,-0.23026054029386311
2024-07-10 00:00:00+00:00,4400.670999861468,0.0,0.0,1.1792942376417768,-0.23026054029386311
2024-07-11 00:00:00+00:00,4400.670999861468,0.0,0.0,1.1792942376417768,-0.23026054029386311
2024-07-12 00:00:00+00:00,4400.670999861468,0.0,0.0,1.1792942376417768,-0.23026054029386311
2024-07-13 00:00:00+00:00,4400.670999861468,0.0,0.0,1.1792942376417768,-0.23026054029386311
2024-07-14 00:00:00+00:00,4400.670999861468,0.0,0.0,1.1792942376417768,-0.23026054029386311
2024-07-15 00:00:00+00:00,4400.670999861468,0.0,0.0,1.1792942376417768,-0.23026054029386311
2024-07-16 00:00:00+00:00,4411.183348713797,0.0,0.002388805900886526,1.182111342675537,-0.2284217821303718
2024-07-17 00:00:00+00:00,4366.078839569685,0.0,-0.01022503613622483,1.1700242114796384,-0.2363111972900127
2024-07-18 00:00:00+00:00,4361.357492048712,0.0,-0.0010813701938188203,1.168758982171298,-0.23713702759861643
2024-07-19 00:00:00+00:00,4487.427425933438,0.0,0.028906122489286146,1.202543272470395,-0.21508561707584106
2024-07-20 00:00:00+00:00,4510.07215418533,0.0,0.005046260608255304,1.2086116192159848,-0.2111247345444378
2024-07-21 00:00:00+00:00,4558.450042873812,0.0,0.010726632974948691,1.221575952464573,-0.20266275910888087
2024-07-22 00:00:00+00:00,4528.569249174816,0.0,-0.006555033710571978,1.2135684809161438,-0.2078893316016166
2024-07-23 00:00:00+00:00,4453.269252737575,0.0,-0.016627767467829346,1.1933895464091833,-0.22106036360453174
2024-07-24 00:00:00+00:00,4426.847729551598,0.0,-0.00593306213625755,1.1863090920775774,-0.22568186086765984
2024-07-25 00:00:00+00:00,4446.849880860851,0.0,0.004518373463746617,1.191669279599022,-0.22218320233530675
2024-07-26 00:00:00+00:00,4546.308154350552,0.0,0.02236600653369658,1.2183221624925393,-0.20478654675671915
2024-07-27 00:00:00+00:00,4645.666010298009,100.0,-0.00014124516657088027,1.218150080375761,-0.20489886681338199
2024-07-28 00:00:00+00:00,4662.6503978409455,0.0,0.0036559639684143885,1.222603593177736,-0.20199200571920617
2024-07-29 00:00:00+00:00,4592.229449332157,0.0,-0.015103201505606623,1.2041383647484938,-0.21404448125991404
2024-07-30 00:00:00+00:00,4563.550932712667,0.0,-0.006245009517906408,1.1966185091997632,-0.21895278095509696
2024-07-31 00:00:00+00:00,4488.573162134307,0.0,-0.016429699522120256,1.1769584266510036,-0.23178515207659234
2024-08-01 00:00:00+00:00,4523.467624310782,0.0,0.007774065591900303,1.1861081786587282,-0.2258129994601641
2024-08-02 00:00:00+00:00,4338.152854925344,0.0,-0.04096741366943535,1.1375163942469155,-0.25752943856877897
2024-08-03 00:00:00+00:00,4333.7211514899045,0.0,-0.0010215646114010157,1.1363543477536644,-0.2582879202193441
2024-08-04 00:00:00+00:00,4333.7211514899045,0.0,0.0,1.1363543477536644,-0.2582879202193441
2024-08-05 00:00:00+00:00,4333.7211514899045,0.0,0.0,1.1363543477536644,-0.2582879202193441
2024-08-06 00:00:00+00:00,4333.7211514899045,0.0,0.0,1.1363543477536644,-0.2582879202193441
2024-08-07 00:00:00+00:00,4333.7211514899045,0.0,0.0,1.1363543477536644,-0.2582879202193441
2024-08-08 00:00:00+00:00,4333.7211514899045,0.0,0.0,1.1363543477536644,-0.2582879202193441
2024-08-09 00:00:00+00:00,4333.7211514899045,0.0,0.0,1.1363543477536644,-0.2582879202193441
2024-08-10 00:00:00+00:00,4333.7211514899045,0.0,0.0,1.1363543477536644,-0.2582879202193441
2024-08-11 00:00:00+00:00,4333.7211514899045,0.0,0.0,1.1363543477536644,-0.2582879202193441
2024-08-12 00:00:00+00:00,4333.7211514899045,0.0,0.0,1.1363543477536644,-0.2582879202193441
2024-08-13 00:00:00+00:00,4333.7211514899045,0.0,0.0,1.1363543477536644,-0.2582879202193441
2024-08-14 00:00:00+00:00,4333.7211514899045,0.0,0.0,1.1363543477536644,-0.2582879202193441
2024-08-15 00:00:00+00:00,4333.7211514899045,0.0,0.0,1.1363543477536644,-0.2582879202193441
2024-08-16 00:00:00+00:00,4333.7211514899045,0.0,0.0,1.1363543477536644,-0.2582879202193441
2024-08-17 00:00:00+00:00,4333.7211514899045,0.0,0.0,1.1363543477536644,-0.2582879202193441
2024-08-18 00:00:00+00:00,4333.7211514899045,0.0,0.0,1.1363543477536644,-0.2582879202193441
2024-08-19 00:00:00+00:00,4333.7211514899045,0.0,0.0,1.1363543477536644,-0.2582879202193441
2024-08-20 00:00:00+00:00,4333.7211514899045,0.0,0.0,1.1363543477536644,-0.2582879202193441
2024-08-21 00:00:00+00:00,4333.7211514899045,0.0,0.0,1.1363543477536644,-0.2582879202193441
2024-08-22 00:00:00+00:00,4333.7211514899045,0.0,0.0,1.1363543477536644,-0.2582879202193441
2024-08-23 00:00:00+00:00,4333.7211514899045,0.0,0.0,1.1363543477536644,-0.2582879202193441
2024-08-24 00:00:00+00:00,4334.810975648754,0.0,0.00025147537664582664,1.1366401128912689,-0.25810139789471853
2024-08-25 00:00:00+00:00,4337.709703455458,0.0,0.0006687091600967587,1.1374001945464927,-0.25760528350362777
2024-08-26 00:00:00+00:00,4273.927567559425,0.0,-0.014704104298455811,1.120675743456797,-0.268521532845613
2024-08-27 00:00:00+00:00,4213.239298667731,100.0,-0.03759733087462058,1.0785413267268904,-0.29602317080287677
2024-08-28 00:00:00+00:00,4195.385118535085,0.0,-0.004237637330092303,1.0739708597387052,-0.29900636929380253
2024-08-29 00:00:00+00:00,4210.609318279341,0.0,0.003628796716896421,1.0778680816685675,-0.29646260590813056
2024-08-30 00:00:00+00:00,4199.569882828739,0.0,-0.0026218142354546004,1.0750421117881068,-0.29830715026313526
2024-08-31 00:00:00+00:00,4192.52403431546,0.0,-0.0016777547962918415,1.0732384547288387,-0.2994844188073048
2024-09-01 00:00:00+00:00,4113.980203152079,0.0,-0.01873425900972925,1.053132127538747,-0.3126080591457199
2024-09-02 00:00:00+00:00,4109.939925531982,0.0,-0.000982084847418907,1.0520978624339612,-0.31328313635507066
2024-09-03 00:00:00+00:00,4109.939925531982,0.0,0.0,1.0520978624339612,-0.31328313635507066
2024-09-04 00:00:00+00:00,4109.939925531982,0.0,0.0,1.0520978624339612,-0.31328313635507066
2024-09-05 00:00:00+00:00,4109.939925531982,0.0,0.0,1.0520978624339612,-0.31328313635507066
2024-09-06 00:00:00+00:00,4109.939925531982,0.0,0.0,1.0520978624339612,-0.31328313635507066
2024-09-07 00:00:00+00:00,4109.939925531982,0.0,0.0,1.0520978624339612,-0.31328313635507066
2024-09-08 00:00:00+00:00,4109.939925531982,0.0,0.0,1.0520978624339612,-0.31328313635507066
2024-09-09 00:00:00+00:00,4109.939925531982,0.0,0.0,1.0520978624339612,-0.31328313635507066
2024-09-10 00:00:00+00:00,4109.939925531982,0.0,0.0,1.0520978624339612,-0.31328313635507066
2024-09-11 00:00:00+00:00,4109.939925531982,0.0,0.0,1.0520978624339612,-0.31328313635507066
2024-09-12 00:00:00+00:00,4109.939925531982,0.0,0.0,1.0520978624339612,-0.31328313635507066
2024-09-13 00:00:00+00:00,4109.939925531982,0.0,0.0,1.0520978624339612,-0.31328313635507066
2024-09-14 00:00:00+00:00,4109.939925531982,0.0,0.0,1.0520978624339612,-0.31328313635507066
2024-09-15 00:00:00+00:00,4109.939925531982,0.0,0.0,1.0520978624339612,-0.31328313635507066
2024-09-16 00:00:00+00:00,4109.939925531982,0.0,0.0,1.0520978624339612,-0.31328313635507066
2024-09-17 00:00:00+00:00,4109.939925531982,0.0,0.0,1.0520978624339612,-0.31328313635507066
2024-09-18 00:00:00+00:00,4109.939925531982,0.0,0.0,1.0520978624339612,-0.31328313635507066
2024-09-19 00:00:00+00:00,4157.533536882792,0.0,0.011580123362666672,1.0642812854705443,-0.3053308703588389
2024-09-20 00:00:00+00:00,4168.529253860794,0.0,0.002644769279779746,1.0670960639194014,-0.30349363078515257
2024-09-21 00:00:00+00:00,4174.956095314268,0.0,0.0015417527530896535,1.0687412622137602,-0.30241979017287113
2024-09-22 00:00:00+00:00,4165.739253188394,0.0,-0.00220765007234891,1.0663818554889117,-0.3039598031735652
2024-09-23 00:00:00+00:00,4191.229455049585,0.0,0.006119010411340886,1.0729070571651134,-0.29970072596247255
2024-09-24 00:00:00+00:00,4234.709131001475,0.0,0.010373966975133042,1.0840373595435315,-0.29243584442089743
2024-09-25 00:00:00+00:00,4146.625688196194,0.0,-0.020800352534354638,1.0614890003046151,-0.3071534282976157
2024-09-26 00:00:00+00:00,4262.921455560225,0.0,0.02804588021896448,1.0912593936609067,-0.2877219363375305
2024-09-27 00:00:00+00:00,4423.957120150474,100.0,0.01431780182359188,1.1068838293974765,-0.27752368017871953
2024-09-28 00:00:00+00:00,4417.123216303578,0.0,-0.0015447491151684423,1.1051739715814206,-0.2786397248344936
2024-09-29 00:00:00+00:00,4395.93506025214,0.0,-0.00479682250502611,1.0998726482025698,-0.28209996203663923
2024-09-30 00:00:00+00:00,4264.064879286703,0.0,-0.029998209518107166,1.0668784380585536,-0.3036356777885213
2024-10-01 00:00:00+00:00,4065.8658656510215,0.0,-0.04648123779693436,1.0172886076787322,-0.3360035534425341
2024-10-02 00:00:00+00:00,4059.7254186632963,0.0,-0.0015102433751198463,1.0157522542984005,-0.33700634967705057
2024-10-03 00:00:00+00:00,4059.7254186632963,0.0,0.0,1.0157522542984005,-0.33700634967705057
2024-10-04 00:00:00+00:00,4059.7254186632963,0.0,0.0,1.0157522542984005,-0.33700634967705057
2024-10-05 00:00:00+00:00,4059.7254186632963,0.0,0.0,1.0157522542984005,-0.33700634967705057
2024-10-06 00:00:00+00:00,4059.7254186632963,0.0,0.0,1.0157522542984005,-0.33700634967705057
2024-10-07 00:00:00+00:00,4059.7254186632963,0.0,0.0,1.0157522542984005,-0.33700634967705057
2024-10-08 00:00:00+00:00,4059.7254186632963,0.0,0.0,1.0157522542984005,-0.33700634967705057
2024-10-09 00:00:00+00:00,4059.7254186632963,0.0,0.0,1.0157522542984005,-0.33700634967705057
2024-10-10 00:00:00+00:00,4059.7254186632963,0.0,0.0,1.0157522542984005,-0.33700634967705057
2024-10-11 00:00:00+00:00,4059.7254186632963,0.0,0.0,1.0157522542984005,-0.33700634967705057
2024-10-12 00:00:00+00:00,4059.7254186632963,0.0,0.0,1.0157522542984005,-0.33700634967705057
2024-10-13 00:00:00+00:00,4059.7254186632963,0.0,0.0,1.0157522542984005,-0.33700634967705057
2024-10-14 00:00:00+00:00,4059.7254186632963,0.0,0.0,1.0157522542984005,-0.33700634967705057
2024-10-15 00:00:00+00:00,4059.7254186632963,0.0,0.0,1.0157522542984005,-0.33700634967705057
2024-10-16 00:00:00+00:00,4077.5801160638694,0.0,0.004398006160340806,1.020219538970185,-0.33409049951866343
2024-10-17 00:00:00+00:00,4069.630574472454,0.0,-0.001949573365854329,1.0182305461296846,-0.3353887389448711
2024-10-18 00:00:00+00:00,4109.982628854305,0.0,0.009915409677469844,1.0283267191406742,-0.32879884601524967
2024-10-19 00:00:00+00:00,4107.977498048823,0.0,-0.0004878684380331677,1.0278250309904193,-0.3291263038738502
2024-10-20 00:00:00+00:00,4134.2042079583725,0.0,0.006384336311970218,1.0343870116581233,-0.32484322057492643
2024-10-21 00:00:00+00:00,4025.9855462232726,0.0,-0.026176419037738485,1.0073104637937662,-0.3425164073493271
2024-10-22 00:00:00+00:00,4006.139879079851,0.0,-0.004929393539934157,1.002345034100833,-0.34575740272355204
2024-10-23 00:00:00+00:00,3927.013520635932,0.0,-0.01975127200553306,0.9825474446889122,-0.3586795262199657
2024-10-24 00:00:00+00:00,3993.9212610623135,0.0,0.017037817688885015,0.9992879089222018,-0.347752824907552
2024-10-25 00:00:00+00:00,3886.5041492477094,0.0,-0.026895150102692056,0.9724119106159339,-0.3652951105857203
2024-10-26 00:00:00+00:00,3900.509797430407,0.0,0.0036036622231341298,0.9759161546835462,-0.36300784855289947
2024-10-27 00:00:00+00:00,4038.5023183056805,100.0,0.009740398780770265,0.9854219672067598,-0.356803290977584
2024-10-28 00:00:00+00:00,4118.054613446604,0.0,0.01969846464624503,1.0048332669894153,-0.3441333033443248
2024-10-29 00:00:00+00:00,4231.784907391442,0.0,0.027617480733129973,1.0325842303805035,-0.32601991748593506
2024-10-30 00:00:00+00:00,4215.7277662477245,0.0,-0.0037944133492398002,1.0286661789925333,-0.32857727650814816
2024-10-31 00:00:00+00:00,4131.574949305463,0.0,-0.019961634528683825,1.0081323206754667,-0.34197997152874604
2024-11-01 00:00:00+00:00,4098.942483133078,0.0,-0.007898311557405058,1.000169777515682,-0.3471772187246246
2024-11-02 00:00:00+00:00,4093.970951509052,0.0,-0.0012128815284633276,0.9989566900672059,-0.34796901541739356
2024-11-03 00:00:00+00:00,4069.424859648857,0.0,-0.005995668301248536,0.9929672771062498,-0.35187837692308743
2024-11-04 00:00:00+00:00,4031.463790520333,0.0,-0.009328362222616238,0.9837045186701977,-0.35792429018745886
2024-11-05 00:00:00+00:00,4093.8590336288376,0.0,0.015477068963194451,0.9989293813450624,-0.347986840147098
2024-11-06 00:00:00+00:00,4348.030688929671,0.0,0.06208607898145746,1.0609489898121502,-0.30750589960752117
2024-11-07 00:00:00+00:00,4359.751319681787,0.0,0.002695618221361107,1.0638089032410225,-0.30563919989231825
2024-11-08 00:00:00+00:00,4413.172068326245,0.0,0.012253164166335262,1.0768439283740439,-0.2971310830179309
2024-11-09 00:00:00+00:00,4490.9338224814255,0.0,0.017620376670396398,1.095818324007224,-0.28474626795079316
2024-11-10 00:00:00+00:00,4666.880836692108,0.0,0.03917826918978373,1.1387505892882765,-0.2567238646975719
2024-11-11 00:00:00+00:00,5087.439184697612,0.0,0.09011551027808062,1.2413696797214546,-0.1897431564872739
2024-11-12 00:00:00+00:00,5003.825440732059,0.0,-0.016435330414769966,1.2209673588683554,-0.2030599954312341
2024-11-13 00:00:00+00:00,5078.751787533976,0.0,0.014973813073494213,1.239249895868888,-0.19112676477203183
2024-11-14 00:00:00+00:00,4898.4125945457345,0.0,-0.03550856598877161,1.1952459091648493,-0.21984869342167535
2024-11-15 00:00:00+00:00,5063.805725952331,0.0,0.03376463868943125,1.2356029554328212,-0.1935071664319704
2024-11-16 00:00:00+00:00,5064.030608686577,0.0,4.4409826603919456e-05,1.2356578283458233,-0.19347135022507433
2024-11-17 00:00:00+00:00,5009.552900653191,0.0,-0.010757776214847081,1.222364897950355,-0.20214780495021578
2024-11-18 00:00:00+00:00,5091.291985461841,0.0,0.01631664270837274,1.2423097892494674,-0.18912953574949753
2024-11-19 00:00:00+00:00,5123.740467016226,0.0,0.006373329529526295,1.2502274389141106,-0.18396159107506915
2024-11-20 00:00:00+00:00,5188.58747474345,0.0,0.012656185094594985,1.266050548791349,-0.17363365792741647
2024-11-21 00:00:00+00:00,5477.028894613107,0.0,0.05559151142265728,1.3364322123361447,-0.12769470398278893
2024-11-22 00:00:00+00:00,5488.514579147814,0.0,0.0020970648057023755,1.3392347972938419,-0.12586542324668348
2024-11-23 00:00:00+00:00,5467.020578240627,0.0,-0.003916178156626926,1.333990115234085,-0.12928868998211718
2024-11-24 00:00:00+00:00,5462.253731853529,0.0,-0.0008719276466730985,1.3328269723722237,-0.13004788724559269
2024-11-25 00:00:00+00:00,5284.7539373908285,0.0,-0.03249570656661327,1.2895158181739483,-0.15831759582866523
2024-11-26 00:00:00+00:00,5203.230241351272,0.0,-0.01542620470231515,1.2696234831959237,-0.1713015608897489
2024-11-27 00:00:00+00:00,5610.980858408811,100.0,0.059146069418910985,1.3447167218689093,-0.12228730548279088
2024-11-28 00:00:00+00:00,5568.85228566753,0.0,-0.0075082367600927125,1.3346202703458618,-0.12887738020056494
2024-11-29 00:00:00+00:00,5650.429749481481,0.0,0.01464888268340414,1.3541709661130514,-0.11611640714026339
2024-11-30 00:00:00+00:00,5655.967531200176,0.0,0.000980063811819587,1.3554981400719557,-0.11525014481704043
2024-12-01 00:00:00+00:00,5690.1117789948485,0.0,0.006036853572146894,1.3636810838608875,-0.10990903949332276
2024-12-02 00:00:00+00:00,5605.675787936219,0.0,-0.01483907422879216,1.343445319033076,-0.1231171653266584
2024-12-03 00:00:00+00:00,5593.245078739397,0.0,-0.0022175219664993806,1.3404661995273293,-0.12506167227459275
2024-12-04 00:00:00+00:00,5806.186812380034,0.0,0.038071232467544514,1.39149939982442,-0.0917516918049942
2024-12-05 00:00:00+00:00,5714.5111452143465,0.0,-0.01578930718698468,1.3695285883500874,-0.1060923033451443
2024-12-06 00:00:00+00:00,5925.5888149309885,0.0,0.03693713501519902,1.4201150507251494,-0.07307391406267838
2024-12-07 00:00:00+00:00,5928.210868577261,0.0,0.00044249672533225315,1.4207434469846905,-0.07266375230502597
2024-12-08 00:00:00+00:00,5984.9324322953635,0.0,0.009568074580267982,1.434337226244867,-0.06379092992609459
2024-12-09 00:00:00+00:00,5695.858704057493,0.0,-0.04830024925227161,1.365058380705428,-0.1090100613629017
2024-12-10 00:00:00+00:00,5630.28915946614,0.0,-0.011511792689773759,1.3493441116173088,-0.1192669528251662
2024-12-11 00:00:00+00:00,5909.219738530086,0.0,0.04954107527407969,1.4161920698215782,-0.0756344906387082
2024-12-12 00:00:00+00:00,5884.609194215756,0.0,-0.00416477054556974,1.410293954802316,-0.07948426088543659
2024-12-13 00:00:00+00:00,5954.906592019212,0.0,0.01194597559215227,1.4271412919641442,-0.06848780233378204
2024-12-14 00:00:00+00:00,5938.553998372147,0.0,-0.0027460705544870567,1.4232222612851888,-0.07104580055093879
2024-12-15 00:00:00+00:00,6104.669509012173,0.0,0.02797238362833121,1.463033180366239,-0.0450607373108004
2024-12-16 00:00:00+00:00,6183.111424209673,0.0,0.012849494158807095,1.481832416671496,-0.032790250832860024
2024-12-17 00:00:00+00:00,6144.933142474874,0.0,-0.0061746067821636386,1.4726826841814862,-0.03876239070984222
2024-12-18 00:00:00+00:00,5780.034491331968,0.0,-0.05938203763693739,1.3852317856021552,-0.09584263860275011
2024-12-19 00:00:00+00:00,5572.8856284723315,0.0,-0.03583868974662474,1.3355868934107966,-0.128246453759993
2024-12-20 00:00:00+00:00,5584.924626323902,0.0,0.00216028080498587,1.3384721361400227,-0.12636322130737232
2024-12-21 00:00:00+00:00,5563.540972115406,0.0,-0.0038288169741284017,1.333347371305772,-0.12970821663485343
2024-12-22 00:00:00+00:00,5475.844042833267,0.0,-0.01576279023048044,1.3123300963875166,-0.14342644345534894
2024-12-23 00:00:00+00:00,5463.150036011279,0.0,-0.002318182680641212,1.309287875486787,-0.14541213743882597
2024-12-24 00:00:00+00:00,5620.66358634431,0.0,0.028832001554918607,1.347037265548658,-0.12077265885664767
2024-12-25 00:00:00+00:00,5652.566024355396,0.0,0.005675920204261109,1.3546829415800783,-0.11578223462691328
2024-12-26 00:00:00+00:00,5501.054223770123,0.0,-0.026804074456176052,1.3183719191494543,-0.1394828734454472
2024-12-27 00:00:00+00:00,5537.869774846998,100.0,-0.011485880042793384,1.3032292574343163,-0.14936666993582204
2024-12-28 00:00:00+00:00,5580.183204386609,0.0,0.007640741162206144,1.313186894865386,-0.14286720083685622
2024-12-29 00:00:00+00:00,5514.162130573243,0.0,-0.011831345207710342,1.2976501273899923,-0.1530082348726065
2024-12-30 00:00:00+00:00,5474.16607538787,0.0,-0.007253333187940858,1.2882378386546587,-0.15915174835251766
2024-12-31 00:00:00+00:00,5507.305543191678,0.0,0.006053792915199585,1.2960365637553983,-0.15406142716393612
2025-01-01 00:00:00+00:00,5550.245450074043,0.0,0.0077968993268311415,1.3061416303668913,-0.14746572927485013
2025-01-02 00:00:00+00:00,5651.403363786033,0.0,0.018225845076930813,1.3299471653704882,-0.1319275717338393
2025-01-03 00:00:00+00:00,5701.681763698236,0.0,0.008896622073445437,1.3417792026784394,-0.12420465940717729
2025-01-04 00:00:00+00:00,5703.639822437534,0.0,0.0003434177529453297,1.342239993477172,-0.12390389573927085
2025-01-05 00:00:00+00:00,5709.689429220369,0.0,0.001060657224363215,1.3436636500230827,-0.12297465807705033
2025-01-06 00:00:00+00:00,5873.3678372077,0.0,0.02866677951863328,1.3821821596254964,-0.09783316596789116
2025-01-07 00:00:00+00:00,5650.127581990869,0.0,-0.038008900754113784,1.3296469350961841,-0.13212353562627077
2025-01-08 00:00:00+00:00,5570.063608497135,0.0,-0.014170294799878302,1.3108054460461165,-0.14442160097632262
2025-01-09 00:00:00+00:00,5464.039293186096,0.0,-0.019034668679420164,1.285854698677449,-0.16070725233100702
2025-01-10 00:00:00+00:00,5555.923482238605,0.0,0.016816165499961233,1.3074778440993118,-0.14659356658328815
2025-01-11 00:00:00+00:00,5550.592083961398,0.0,-0.0009595881394426353,1.30622320386753,-0.1474124852749188
2025-01-12 00:00:00+00:00,5548.270059640378,0.0,-0.0004183381314813994,1.3056767608931266,-0.14776915514275324
2025-01-13 00:00:00+00:00,5547.8912987098065,0.0,-6.826649144697772e-05,1.3055876269216966,-0.14782733395243453
2025-01-14 00:00:00+00:00,5633.482814534081,0.0,0.015427756460220987,1.3257299148673225,-0.13468022159859538
2025-01-15 00:00:00+00:00,5799.887793952429,0.0,0.02953856164947055,1.3648900696881783,-0.10911991997777926
2025-01-16 00:00:00+00:00,5778.326743434752,0.0,-0.003717494421212608,1.359816098468544,-0.11243176170523139
2025-01-17 00:00:00+00:00,5951.228571895472,0.0,0.029922473431805985,1.400505159547111,-0.08587352467594134
2025-01-18 00:00:00+00:00,5971.466495501662,0.0,0.0034006295274497944,1.4052677587460127,-0.08276491919213069
2025-01-19 00:00:00+00:00,5835.152296575419,0.0,-0.02282759168605053,1.3731888801397873,-0.10370318709693427
2025-01-20 00:00:00+00:00,5874.399707108957,0.0,0.006726030194031285,1.3824249900097156,-0.09767466767053423
2025-01-21 00:00:00+00:00,6038.577775163183,0.0,0.027948058736204873,1.4210610848289047,-0.07245642628342464
2025-01-22 00:00:00+00:00,5935.553111150516,0.0,-0.017061080911536797,1.3968162466804026,-0.0882813222435791
2025-01-23 00:00:00+00:00,5944.163158732988,0.0,0.0014505889209039946,1.398842452852376,-0.08695879323064437
2025-01-24 00:00:00+00:00,5984.751450596635,0.0,0.0068282600560880535,1.408394112897948,-0.08072431042889872
2025-01-25 00:00:00+00:00,5979.524465209886,0.0,-0.0008733838706412866,1.4071640441962368,-0.08152719098884287
2025-01-26 00:00:00+00:00,5889.617357488055,0.0,-0.01503582906047618,1.3860061661676537,-0.09533719114183004
2025-01-27 00:00:00+00:00,5966.506375157533,100.0,-0.003924021023392843,1.3805674488330597,-0.09888710702287107
2025-01-28 00:00:00+00:00,5934.479485483592,0.0,-0.005367779343585344,1.3731568673987873,-0.10372408219603213
2025-01-29 00:00:00+00:00,6037.236726667308,0.0,0.017315291330111116,1.39693347859974,-0.0882048035670937
2025-01-30 00:00:00+00:00,6079.651538071277,0.0,0.007025533919618798,1.4067476821370937,-0.08179895548680882
2025-01-31 00:00:00+00:00,5981.365915986166,0.0,-0.016166324906886187,1.3840057420456564,-0.09664289190225128
2025-02-01 00:00:00+00:00,5904.485695388314,0.0,-0.012853288308675048,1.3662167172222819,-0.10825400125832263
2025-02-02 00:00:00+00:00,5778.700087265314,0.0,-0.021303397893104203,1.337111658887085,-0.12725122108910014
2025-02-03 00:00:00+00:00,5772.421562285715,0.0,-0.001086494347307565,1.3356588946279853,-0.12819945770400631
2025-02-04 00:00:00+00:00,5772.421562285715,0.0,0.0,1.3356588946279853,-0.12819945770400631
2025-02-05 00:00:00+00:00,5772.421562285715,0.0,0.0,1.3356588946279853,-0.12819945770400631
2025-02-06 00:00:00+00:00,5772.421562285715,0.0,0.0,1.3356588946279853,-0.12819945770400631
2025-02-07 00:00:00+00:00,5772.421562285715,0.0,0.0,1.3356588946279853,-0.12819945770400631
2025-02-08 00:00:00+00:00,5772.421562285715,0.0,0.0,1.3356588946279853,-0.12819945770400631
2025-02-09 00:00:00+00:00,5772.421562285715,0.0,0.0,1.3356588946279853,-0.12819945770400631
2025-02-10 00:00:00+00:00,5772.421562285715,0.0,0.0,1.3356588946279853,-0.12819945770400631
2025-02-11 00:00:00+00:00,5772.421562285715,0.0,0.0,1.3356588946279853,-0.12819945770400631
2025-02-12 00:00:00+00:00,5772.421562285715,0.0,0.0,1.3356588946279853,-0.12819945770400631
2025-02-13 00:00:00+00:00,5772.421562285715,0.0,0.0,1.3356588946279853,-0.12819945770400631
2025-02-14 00:00:00+00:00,5772.421562285715,0.0,0.0,1.3356588946279853,-0.12819945770400631
2025-02-15 00:00:00+00:00,5772.421562285715,0.0,0.0,1.3356588946279853,-0.12819945770400631
2025-02-16 00:00:00+00:00,5772.421562285715,0.0,0.0,1.3356588946279853,-0.12819945770400631
2025-02-17 00:00:00+00:00,5772.421562285715,0.0,0.0,1.3356588946279853,-0.12819945770400631
2025-02-18 00:00:00+00:00,5772.421562285715,0.0,0.0,1.3356588946279853,-0.12819945770400631
2025-02-19 00:00:00+00:00,5772.421562285715,0.0,0.0,1.3356588946279853,-0.12819945770400631
2025-02-20 00:00:00+00:00,5772.421562285715,0.0,0.0,1.3356588946279853,-0.12819945770400631
2025-02-21 00:00:00+00:00,5772.421562285715,0.0,0.0,1.3356588946279853,-0.12819945770400631
2025-02-22 00:00:00+00:00,5772.421562285715,0.0,0.0,1.3356588946279853,-0.12819945770400631
2025-02-23 00:00:00+00:00,5772.421562285715,0.0,0.0,1.3356588946279853,-0.12819945770400631
2025-02-24 00:00:00+00:00,5772.421562285715,0.0,0.0,1.3356588946279853,-0.12819945770400631
2025-02-25 00:00:00+00:00,5772.421562285715,0.0,0.0,1.3356588946279853,-0.12819945770400631
2025-02-26 00:00:00+00:00,5772.421562285715,0.0,0.0,1.3356588946279853,-0.12819945770400631
2025-02-27 00:00:00+00:00,5872.421562285715,100.0,0.0,1.3356588946279853,-0.12819945770400631
2025-02-28 00:00:00+00:00,5872.421562285715,0.0,0.0,1.3356588946279853,-0.12819945770400631
2025-03-01 00:00:00+00:00,5872.421562285715,0.0,0.0,1.3356588946279853,-0.12819945770400631
2025-03-02 00:00:00+00:00,5872.421562285715,0.0,0.0,1.3356588946279853,-0.12819945770400631
2025-03-03 00:00:00+00:00,5872.421562285715,0.0,0.0,1.3356588946279853,-0.12819945770400631
2025-03-04 00:00:00+00:00,5872.421562285715,0.0,0.0,1.3356588946279853,-0.12819945770400631
2025-03-05 00:00:00+00:00,5872.421562285715,0.0,0.0,1.3356588946279853,-0.12819945770400631
2025-03-06 00:00:00+00:00,5872.421562285715,0.0,0.0,1.3356588946279853,-0.12819945770400631
2025-03-07 00:00:00+00:00,5872.421562285715,0.0,0.0,1.3356588946279853,-0.12819945770400631
2025-03-08 00:00:00+00:00,5872.421562285715,0.0,0.0,1.3356588946279853,-0.12819945770400631
2025-03-09 00:00:00+00:00,5872.421562285715,0.0,0.0,1.3356588946279853,-0.12819945770400631
2025-03-10 00:00:00+00:00,5872.421562285715,0.0,0.0,1.3356588946279853,-0.12819945770400631
2025-03-11 00:00:00+00:00,5872.421562285715,0.0,0.0,1.3356588946279853,-0.12819945770400631
2025-03-12 00:00:00+00:00,5872.421562285715,0.0,0.0,1.3356588946279853,-0.12819945770400631
2025-03-13 00:00:00+00:00,5872.421562285715,0.0,0.0,1.3356588946279853,-0.12819945770400631
2025-03-14 00:00:00+00:00,5872.421562285715,0.0,0.0,1.3356588946279853,-0.12819945770400631
2025-03-15 00:00:00+00:00,5872.421562285715,0.0,0.0,1.3356588946279853,-0.12819945770400631
2025-03-16 00:00:00+00:00,5872.421562285715,0.0,0.0,1.3356588946279853,-0.12819945770400631
2025-03-17 00:00:00+00:00,5872.421562285715,0.0,0.0,1.3356588946279853,-0.12819945770400631
2025-03-18 00:00:00+00:00,5872.421562285715,0.0,0.0,1.3356588946279853,-0.12819945770400631
2025-03-19 00:00:00+00:00,5872.421562285715,0.0,0.0,1.3356588946279853,-0.12819945770400631
2025-03-20 00:00:00+00:00,5872.421562285715,0.0,0.0,1.3356588946279853,-0.12819945770400631
2025-03-21 00:00:00+00:00,5872.421562285715,0.0,0.0,1.3356588946279853,-0.12819945770400631
2025-03-22 00:00:00+00:00,5872.421562285715,0.0,0.0,1.3356588946279853,-0.12819945770400631
2025-03-23 00:00:00+00:00,5872.421562285715,0.0,0.0,1.3356588946279853,-0.12819945770400631
2025-03-24 00:00:00+00:00,5872.421562285715,0.0,0.0,1.3356588946279853,-0.12819945770400631
2025-03-25 00:00:00+00:00,5872.421562285715,0.0,0.0,1.3356588946279853,-0.12819945770400631
2025-03-26 00:00:00+00:00,5872.421562285715,0.0,0.0,1.3356588946279853,-0.12819945770400631
2025-03-27 00:00:00+00:00,5972.421562285715,100.0,0.0,1.3356588946279853,-0.12819945770400631
2025-03-28 00:00:00+00:00,5972.421562285715,0.0,0.0,1.3356588946279853,-0.12819945770400631
2025-03-29 00:00:00+00:00,5972.421562285715,0.0,0.0,1.3356588946279853,-0.12819945770400631
2025-03-30 00:00:00+00:00,5972.421562285715,0.0,0.0,1.3356588946279853,-0.12819945770400631
2025-03-31 00:00:00+00:00,5972.421562285715,0.0,0.0,1.3356588946279853,-0.12819945770400631
2025-04-01 00:00:00+00:00,5972.421562285715,0.0,0.0,1.3356588946279853,-0.12819945770400631
2025-04-02 00:00:00+00:00,5972.421562285715,0.0,0.0,1.3356588946279853,-0.12819945770400631
2025-04-03 00:00:00+00:00,5972.421562285715,0.0,0.0,1.3356588946279853,-0.12819945770400631
2025-04-04 00:00:00+00:00,5972.421562285715,0.0,0.0,1.3356588946279853,-0.12819945770400631
2025-04-05 00:00:00+00:00,5972.421562285715,0.0,0.0,1.3356588946279853,-0.12819945770400631
2025-04-06 00:00:00+00:00,5972.421562285715,0.0,0.0,1.3356588946279853,-0.12819945770400631
2025-04-07 00:00:00+00:00,5972.421562285715,0.0,0.0,1.3356588946279853,-0.12819945770400631
2025-04-08 00:00:00+00:00,5972.421562285715,0.0,0.0,1.3356588946279853,-0.12819945770400631
2025-04-09 00:00:00+00:00,5972.421562285715,0.0,0.0,1.3356588946279853,-0.12819945770400631
2025-04-10 00:00:00+00:00,5972.421562285715,0.0,0.0,1.3356588946279853,-0.12819945770400631
2025-04-11 00:00:00+00:00,5972.421562285715,0.0,0.0,1.3356588946279853,-0.12819945770400631
2025-04-12 00:00:00+00:00,5972.421562285715,0.0,0.0,1.3356588946279853,-0.12819945770400631
2025-04-13 00:00:00+00:00,5972.421562285715,0.0,0.0,1.3356588946279853,-0.12819945770400631
2025-04-14 00:00:00+00:00,5972.421562285715,0.0,0.0,1.3356588946279853,-0.12819945770400631
2025-04-15 00:00:00+00:00,5972.421562285715,0.0,0.0,1.3356588946279853,-0.12819945770400631
2025-04-16 00:00:00+00:00,5972.421562285715,0.0,0.0,1.3356588946279853,-0.12819945770400631
2025-04-17 00:00:00+00:00,5972.421562285715,0.0,0.0,1.3356588946279853,-0.12819945770400631
2025-04-18 00:00:00+00:00,5972.421562285715,0.0,0.0,1.3356588946279853,-0.12819945770400631
2025-04-19 00:00:00+00:00,5972.421562285715,0.0,0.0,1.3356588946279853,-0.12819945770400631
2025-04-20 00:00:00+00:00,5972.421562285715,0.0,0.0,1.3356588946279853,-0.12819945770400631
2025-04-21 00:00:00+00:00,5972.421562285715,0.0,0.0,1.3356588946279853,-0.12819945770400631
2025-04-22 00:00:00+00:00,5972.421562285715,0.0,0.0,1.3356588946279853,-0.12819945770400631
2025-04-23 00:00:00+00:00,5977.379344897803,0.0,0.0008301126369572032,1.3367676419550802,-0.12747576505694025
2025-04-24 00:00:00+00:00,5990.678832809164,0.0,0.0022249696972491684,1.3397419094506935,-0.12553442507407642
2025-04-25 00:00:00+00:00,6020.928170858639,0.0,0.00504940072630955,1.3465068032213412,-0.12111889796491282
2025-04-26 00:00:00+00:00,6020.437350405641,0.0,-8.151906800235587e-05,1.3463970372416838,-0.12119054353323555
2025-04-27 00:00:00+00:00,6079.408749299483,100.0,-0.006814887144933723,1.3372214933806086,-0.12717953080095712
2025-04-28 00:00:00+00:00,6138.19984332409,0.0,0.009670528245264043,1.35015313160252,-0.1187388958005231
2025-04-29 00:00:00+00:00,6103.054148259264,0.0,-0.005725733270650957,1.3424225148964297,-0.12378476182496878
2025-04-30 00:00:00+00:00,6099.102377413251,0.0,-0.0006475070923531723,1.3415532867970996,-0.12435211740611507
2025-05-01 00:00:00+00:00,6207.093996862468,0.0,0.017706149653946124,1.3653070300618724,-0.10884776495274662
2025-05-02 00:00:00+00:00,6225.600975560438,0.0,0.0029815850553134293,1.3693778090986193,-0.1061907187667206
2025-05-03 00:00:00+00:00,6177.579645138335,0.0,-0.007713525266174082,1.358815078769199,-0.11308513924065433
2025-05-04 00:00:00+00:00,6104.023221987124,0.0,-0.011906997137479003,1.3426356715159309,-0.12364563194890343
2025-05-05 00:00:00+00:00,6125.271095272114,0.0,0.003480962065880222,1.3473093353567756,-0.12059507563744909
2025-05-06 00:00:00+00:00,6223.12611034775,0.0,0.015975621903684845,1.3688334398857402,-0.10654603506559446
2025-05-07 00:00:00+00:00,6232.280129869379,0.0,0.0014709680246409729,1.3708469501068714,-0.10523179285168727
2025-05-08 00:00:00+00:00,6522.587596488021,0.0,0.046581260881918274,1.4347027295189816,-0.06355236156566546
2025-05-09 00:00:00+00:00,6613.104775650386,0.0,0.013877495368724846,1.4546128100033782,-0.050556813800239686
2025-05-10 00:00:00+00:00,6883.132897991305,0.0,0.04083227644224996,1.5140079623778742,-0.011788887155120387
2025-05-11 00:00:00+00:00,6797.754921668526,0.0,-0.012403941284890085,1.4952282965076829,-0.02404659977592427
2025-05-12 00:00:00+00:00,6721.156745679182,0.0,-0.01126815792449054,1.4783798279294673,-0.03504379681659264
2025-05-13 00:00:00+00:00,6924.94813267686,0.0,0.03032087997779387,1.5232056052537082,-0.005785475596040923
2025-05-14 00:00:00+00:00,6843.011307442996,0.0,-0.011832121145749386,1.5051828520024617,-0.01754914229365223
2025-05-15 00:00:00+00:00,6807.665698160133,0.0,-0.005165212754276616,1.4974082623377802,-0.022623709994326946
2025-05-16 00:00:00+00:00,6784.739531856886,0.0,-0.0033676986091492056,1.4923654426153767,-0.02591521876679448
2025-05-17 00:00:00+00:00,6720.992979961669,0.0,-0.009395578355794298,1.4783438061638043,-0.03506730865405783
2025-05-18 00:00:00+00:00,6893.601926287198,0.0,0.025682060201543733,1.5163107207922826,-0.010285849184473617
2025-05-19 00:00:00+00:00,6876.0844490387335,0.0,-0.0025411210910896154,1.512457591639032,-0.012800832687260844
2025-05-20 00:00:00+00:00,6932.486782028366,0.0,0.008202681832611525,1.5248638000485648,-0.004703152012375478
2025-05-21 00:00:00+00:00,7083.409191131281,0.0,0.021770313287024612,1.558060562695665,0.0
2025-05-22 00:00:00+00:00,7267.154391658003,0.0,0.025940221095341887,1.5984769981719233,0.0
2025-05-23 00:00:00+00:00,6956.093885557872,0.0,-0.042803618766817264,1.5300563981346458,-0.042803618766817375
2025-05-24 00:00:00+00:00,6979.781260678741,0.0,0.0034052696111603886,1.5352666526905752,-0.03954410701789135
2025-05-25 00:00:00+00:00,7053.778931912493,0.0,0.01060171780033059,1.5515431164906588,-0.029361624680830478
2025-05-26 00:00:00+00:00,7083.503176466846,0.0,0.004213946147344494,1.5580812356288334,-0.02527140683868956
2025-05-27 00:00:00+00:00,7236.6435531364095,100.0,0.007501990942293757,1.5697699469458788,-0.017959001761598703
2025-05-28 00:00:00+00:00,7198.554585377695,0.0,-0.005263347224309101,1.5615077026528175,-0.02312782452383444
2025-05-29 00:00:00+00:00,7055.570723147484,0.0,-0.019862857263130418,1.5304916980397458,-0.04253129710964121
2025-05-30 00:00:00+00:00,6900.927676849184,0.0,-0.021917864956120026,1.4969465876856478,-0.06351696683930352
2025-05-31 00:00:00+00:00,6890.986611473812,0.0,-0.0014405404375880115,1.4947901755931772,-0.06486600851768665
2025-06-01 00:00:00+00:00,6899.793129505636,0.0,0.0012779763665713428,1.4967004821105683,-0.0636709293769947
2025-06-02 00:00:00+00:00,6953.6590066150875,0.0,0.0078068829164028575,1.508385047535329,-0.05636111795141674
2025-06-03 00:00:00+00:00,6942.5620040727445,0.0,-0.0015958508364857238,1.5059778899954772,-0.05786702485067441
2025-06-04 00:00:00+00:00,6953.87225862124,0.0,0.0016291182623735523,1.5084313060787997,-0.0563321788152743
2025-06-05 00:00:00+00:00,6800.907384430807,0.0,-0.021997078534307435,1.4752502241753764,-0.07709011398817345
2025-06-06 00:00:00+00:00,6798.056265932768,0.0,-0.00041922619098822,1.474631760643141,-0.0774770219843115
2025-06-07 00:00:00+00:00,6798.056265932768,0.0,0.0,1.474631760643141,-0.0774770219843115
2025-06-08 00:00:00+00:00,6798.056265932768,0.0,0.0,1.474631760643141,-0.0774770219843115
2025-06-09 00:00:00+00:00,6798.056265932768,0.0,0.0,1.474631760643141,-0.0774770219843115
2025-06-10 00:00:00+00:00,6798.056265932768,0.0,0.0,1.474631760643141,-0.0774770219843115
2025-06-11 00:00:00+00:00,6764.96616208082,0.0,-0.004867583108685514,1.4674538679935032,-0.081967479249475
2025-06-12 00:00:00+00:00,6677.924637727441,0.0,-0.012866512894220583,1.448572853879291,-0.09377935651502534
2025-06-13 00:00:00+00:00,6635.092324332083,0.0,-0.00641401568885247,1.4392816848680634,-0.09959186993989999
2025-06-14 00:00:00+00:00,6602.404506214573,0.0,-0.004926505392794267,1.4321910558858109,-0.10402773544835686
2025-06-15 00:00:00+00:00,6613.777410102247,0.0,0.0017225397015538935,1.4346580618397846,-0.10248438765117551
2025-06-16 00:00:00+00:00,6611.455582839719,0.0,-0.00035105917822120247,1.4341544119595666,-0.10279946874448742
2025-06-17 00:00:00+00:00,6588.358801175849,0.0,-0.0034934488138765873,1.4291442669301906,-0.10593379287621141
2025-06-18 00:00:00+00:00,6598.51679544941,0.0,0.0015418095128254539,1.4313477351561434,-0.10455531309297228
2025-06-19 00:00:00+00:00,6595.89799028121,0.0,-0.0003968778513993021,1.4307796649424094,-0.10491069525635888
2025-06-20 00:00:00+00:00,6518.528496355746,0.0,-0.011729940948065676,1.4139967039629417,-0.11541003994424692
2025-06-21 00:00:00+00:00,6516.092918621311,0.0,-0.00037363919415200897,1.4134683793739395,-0.11574055742407707
2025-06-22 00:00:00+00:00,6516.092918621311,0.0,0.0,1.4134683793739395,-0.11574055742407707
2025-06-23 00:00:00+00:00,6516.092918621311,0.0,0.0,1.4134683793739395,-0.11574055742407707
2025-06-24 00:00:00+00:00,6516.092918621311,0.0,0.0,1.4134683793739395,-0.11574055742407707
2025-06-25 00:00:00+00:00,6516.092918621311,0.0,0.0,1.4134683793739395,-0.11574055742407707
2025-06-26 00:00:00+00:00,6516.092918621311,0.0,0.0,1.4134683793739395,-0.11574055742407707
2025-06-27 00:00:00+00:00,6616.092918621311,100.0,0.0,1.4134683793739395,-0.11574055742407707
2025-06-28 00:00:00+00:00,6616.092918621311,0.0,0.0,1.4134683793739395,-0.11574055742407707
2025-06-29 00:00:00+00:00,6616.092918621311,0.0,0.0,1.4134683793739395,-0.11574055742407707
2025-06-30 00:00:00+00:00,6616.092918621311,0.0,0.0,1.4134683793739395,-0.11574055742407707
2025-07-01 00:00:00+00:00,6616.092918621311,0.0,0.0,1.4134683793739395,-0.11574055742407707
2025-07-02 00:00:00+00:00,6616.092918621311,0.0,0.0,1.4134683793739395,-0.11574055742407707
2025-07-03 00:00:00+00:00,6616.092918621311,0.0,0.0,1.4134683793739395,-0.11574055742407707
2025-07-04 00:00:00+00:00,6616.092918621311,0.0,0.0,1.4134683793739395,-0.11574055742407707
2025-07-05 00:00:00+00:00,6616.092918621311,0.0,0.0,1.4134683793739395,-0.11574055742407707
2025-07-06 00:00:00+00:00,6616.092918621311,0.0,0.0,1.4134683793739395,-0.11574055742407707
2025-07-07 00:00:00+00:00,6616.092918621311,0.0,0.0,1.4134683793739395,-0.11574055742407707
2025-07-08 00:00:00+00:00,6616.092918621311,0.0,0.0,1.4134683793739395,-0.11574055742407707
2025-07-09 00:00:00+00:00,6616.092918621311,0.0,0.0,1.4134683793739395,-0.11574055742407707
2025-07-10 00:00:00+00:00,6927.984753943017,0.0,0.047141392836831386,1.4801012475084458,-0.0740553356719279
2025-07-11 00:00:00+00:00,6999.631996765082,0.0,0.010341714851680006,1.495408032561794,-0.06447947998501247
2025-07-12 00:00:00+00:00,6985.890398947527,0.0,-0.0019631886110449415,1.4924722645434036,-0.06631608321530469
2025-07-13 00:00:00+00:00,7077.2400953470415,0.0,0.013076313996176925,1.5119883005051584,-0.054106939146247646
2025-07-14 00:00:00+00:00,7135.721636620364,0.0,0.00826332588487011,1.5244823525663436,-0.04629071653217576
2025-07-15 00:00:00+00:00,7117.557866028243,0.0,-0.0025454707340186733,1.520601827353358,-0.0487183556020051
2025-07-16 00:00:00+00:00,7296.267933315803,0.0,0.025108340620669134,1.558781615982958,-0.024833252048270027
2025-07-17 00:00:00+00:00,7383.839358489831,0.0,0.012002221680232461,1.5774904584890563,-0.013129084564161952
2025-07-18 00:00:00+00:00,7370.109549924116,0.0,-0.0018594403127051295,1.574557209137634,-0.01496411212775961
2025-07-19 00:00:00+00:00,7393.359412356335,0.0,0.0031546155826758238,1.5795243318453942,-0.011856702566382937
2025-07-20 00:00:00+00:00,7466.487530217935,0.0,0.009891054090970242,1.5951474924496807,-0.0020829237618372742
2025-07-21 00:00:00+00:00,7474.9926428980125,0.0,0.0011391049199045433,1.5969645328063036,-0.0009461915106375729
2025-07-22 00:00:00+00:00,7579.806453398891,0.0,0.014021928249048132,1.6193570549015883,0.0
2025-07-23 00:00:00+00:00,7455.838688937575,0.0,-0.016355003946799562,1.5928724638773952,-0.01635500394679945
2025-07-24 00:00:00+00:00,7484.518390054496,0.0,0.0038466096590143994,1.598999622482524,-0.012571305603940153
2025-07-25 00:00:00+00:00,7463.000739717247,0.0,-0.0028749545683316446,1.5944025712131074,-0.015410118239795767
2025-07-26 00:00:00+00:00,7486.267939754229,0.0,0.0031176735536360134,1.5993733979432276,-0.012340488404254502
2025-07-27 00:00:00+00:00,7733.297228806339,100.0,0.01963986464755596,1.6307848749997342,0.0
2025-07-28 00:00:00+00:00,7627.838288554436,0.0,-0.0136369955960145,1.608545868841316,-0.01363699559601439
2025-07-29 00:00:00+00:00,7619.642237049542,0.0,-0.0010744920375661549,1.606817499113186,-0.014696834790396296
2025-07-30 00:00:00+00:00,7624.561571282202,0.0,0.0006456122321256696,1.6078548801454071,-0.014060711014584837
2025-07-31 00:00:00+00:00,7463.091617781081,0.0,-0.021177605032307034,1.5738043645444204,-0.03494054386255152
2025-08-01 00:00:00+00:00,7223.949971920353,0.0,-0.03204324134129144,1.5233745714673457,-0.06586417692425928
2025-08-02 00:00:00+00:00,7213.123300523672,0.0,-0.0014987190441192455,1.5210914609857606,-0.06726418407209689
2025-08-03 00:00:00+00:00,7213.123300523672,0.0,0.0,1.5210914609857606,-0.06726418407209689
2025-08-04 00:00:00+00:00,7213.123300523672,0.0,0.0,1.5210914609857606,-0.06726418407209689
2025-08-05 00:00:00+00:00,7213.123300523672,0.0,0.0,1.5210914609857606,-0.06726418407209689
2025-08-06 00:00:00+00:00,7213.123300523672,0.0,0.0,1.5210914609857606,-0.06726418407209689
2025-08-07 00:00:00+00:00,7213.123300523672,0.0,0.0,1.5210914609857606,-0.06726418407209689
2025-08-08 00:00:00+00:00,7213.123300523672,0.0,0.0,1.5210914609857606,-0.06726418407209689
2025-08-09 00:00:00+00:00,7342.7996400165475,0.0,0.01797783485601334,1.5484373920722547,-0.05049561360905619
2025-08-10 00:00:00+00:00,7337.4822979099135,0.0,-0.0007241573197307449,1.547316079800641,-0.05118320416057753
2025-08-11 00:00:00+00:00,7323.011720137139,0.0,-0.001972144829146205,1.5442645483948072,-0.05305440829829944
2025-08-12 00:00:00+00:00,7517.346024193474,0.0,0.02653748368611053,1.5852454436548733,-0.02792485510688114
2025-08-13 00:00:00+00:00,7601.354738590601,0.0,0.01117531561361651,1.602961061812764,-0.01706160856254857
2025-08-14 00:00:00+00:00,7280.115252594889,0.0,-0.042260820214696904,1.5352186125683351,-0.05860139120521013
2025-08-15 00:00:00+00:00,7184.036300947282,0.0,-0.01319744925924915,1.5149576428271097,-0.07102545157750706
2025-08-16 00:00:00+00:00,7176.3787818024575,0.0,-0.0010659076352126373,1.5133428379085965,-0.07201565264158882
2025-08-17 00:00:00+00:00,7204.016469385997,0.0,0.003851202455146474,1.5191710275614283,-0.06844179704470466
2025-08-18 00:00:00+00:00,7071.172786021914,0.0,-0.018440224828553897,1.4911571722601704,-0.0856199397480839
2025-08-19 00:00:00+00:00,6807.358625659565,0.0,-0.03730840248789413,1.435524480304778,-0.1197339990628673
2025-08-20 00:00:00+00:00,6938.2495079686405,0.0,0.01922785172734942,1.4631265321630587,-0.10280837491622119
2025-08-21 00:00:00+00:00,6879.594727277965,0.0,-0.008453829834644933,1.450757509433598,-0.11039308024374794
2025-08-22 00:00:00+00:00,7200.629918326869,0.0,0.046664840557537834,1.5184568772989675,-0.06887971517444014
2025-08-23 00:00:00+00:00,7172.233724211151,0.0,-0.00394357083169139,1.51246873504847,-0.07255165397047447
2025-08-24 00:00:00+00:00,7173.159629553102,0.0,0.00012909581276265847,1.512663988429099,-0.07243192427244849
2025-08-25 00:00:00+00:00,6959.423640417142,0.0,-0.029796630797867096,1.4675916980446482,-0.1000703277647903
2025-08-26 00:00:00+00:00,7078.177614131938,0.0,0.01706376560051992,1.492634338777351,-0.08471413878081602
2025-08-27 00:00:00+00:00,7127.610306708961,100.0,-0.007144113948485353,1.4819707889777036,-0.0912530452688034
2025-08-28 00:00:00+00:00,7130.030272616821,0.0,0.0003395199518108072,1.4824739476285624,-0.09094450754652483
2025-08-29 00:00:00+00:00,7048.810839047011,0.0,-0.011391176539844006,1.465586825175406,-0.10129971914557712
2025-08-30 00:00:00+00:00,7056.081492174627,0.0,0.0010314722998865378,1.4670985373886531,-0.10037273469997554
2025-08-31 00:00:00+00:00,7065.831265932295,0.0,0.0013817546989047802,1.4691257076864463,-0.09912967049888433
2025-09-01 00:00:00+00:00,7024.245496231219,0.0,-0.005885474494923271,1.4604792058040217,-0.10443171984639621
2025-09-02 00:00:00+00:00,7030.69873865218,0.0,0.0009187096926528415,1.4618209622063119,-0.10360895258698666
2025-09-03 00:00:00+00:00,7097.360732860707,0.0,0.009481560323733484,1.475681305841969,-0.09510976679728556
2025-09-04 00:00:00+00:00,7015.130291311612,0.0,-0.011586059190759168,1.4585839748857872,-0.10559387860031211
2025-09-05 00:00:00+00:00,7020.4542163089045,0.0,0.0007589203302305059,1.4596909239176765,-0.10491509561129919
2025-09-06 00:00:00+00:00,7002.003320686974,0.0,-0.002628162659200628,1.455854618737462,-0.1072675243338278
2025-09-07 00:00:00+00:00,7019.7766258547035,0.0,0.002538317157779524,1.4595500394954357,-0.10500148617353744
2025-09-08 00:00:00+00:00,7019.873424491019,0.0,1.3789418306986434e-05,1.4595701658414704,-0.10498914466464604
2025-09-09 00:00:00+00:00,7021.873929641516,0.0,0.00028497738200194966,1.45998611032618,-0.10473408681422935
2025-09-10 00:00:00+00:00,7042.970654656041,0.0,0.003004429476506143,1.4643725356313335,-0.10204432351534276
2025-09-11 00:00:00+00:00,7101.8564917473095,0.0,0.008360937447941641,1.4766160628022307,-0.09453657227323053
2025-09-12 00:00:00+00:00,7238.09519465783,0.0,0.0191835336392443,1.5049427767152457,-0.07716658414832867
2025-09-13 00:00:00+00:00,7213.556740352125,0.0,-0.0033901812073174886,1.4998407479955373,-0.08029515665223363
2025-09-14 00:00:00+00:00,7180.193477035758,0.0,-0.004625078101865521,1.4929038673956976,-0.08454886338338108
2025-09-15 00:00:00+00:00,7136.768533244708,0.0,-0.006047879340568607,1.4838749649386203,-0.09008540139982468
2025-09-16 00:00:00+00:00,7124.695592215494,0.0,-0.0016916537187630087,1.4813647623360024,-0.09162466181430351
2025-09-17 00:00:00+00:00,7151.909244128338,0.0,0.0038196231067861852,1.4870230174117998,-0.08815501038293472
2025-09-18 00:00:00+00:00,7175.539736371363,0.0,0.003304081670558734,1.491936262907329,-0.0851422000663502
2025-09-19 00:00:00+00:00,7053.547641190273,0.0,-0.017001103702727338,1.4665716997837819,-0.10069579239627124
2025-09-20 00:00:00+00:00,7062.051057378423,0.0,0.0012055516770728136,1.4683397277560037,-0.09961163470059586
2025-09-21 00:00:00+00:00,7024.754793079141,0.0,-0.005281222692423815,1.4605850986655913,-0.10436678616740958
2025-09-22 00:00:00+00:00,6788.708423656192,0.0,-0.03360207955664207,1.4115064019809842,-0.1344619246721832
2025-09-23 00:00:00+00:00,6778.534125013073,0.0,-0.0014987090339106945,1.4093909645849125,-0.13575911440487076
2025-09-24 00:00:00+00:00,6778.534125013073,0.0,0.0,1.4093909645849125,-0.13575911440487076
2025-09-25 00:00:00+00:00,6778.534125013073,0.0,0.0,1.4093909645849125,-0.13575911440487076
2025-09-26 00:00:00+00:00,6778.534125013073,0.0,0.0,1.4093909645849125,-0.13575911440487076
2025-09-27 00:00:00+00:00,6878.534125013073,100.0,0.0,1.4093909645849125,-0.13575911440487076
2025-09-28 00:00:00+00:00,6878.534125013073,0.0,0.0,1.4093909645849125,-0.13575911440487076
2025-09-29 00:00:00+00:00,6878.534125013073,0.0,0.0,1.4093909645849125,-0.13575911440487076
2025-09-30 00:00:00+00:00,6878.534125013073,0.0,0.0,1.4093909645849125,-0.13575911440487076
2025-10-01 00:00:00+00:00,6878.534125013073,0.0,0.0,1.4093909645849125,-0.13575911440487076
2025-10-02 00:00:00+00:00,6946.318752518853,0.0,0.009854516423679405,1.4232798309927999,-0.12724243840375826
2025-10-03 00:00:00+00:00,7012.0287024453355,0.0,0.009459679618453176,1.436743602201398,-0.11898643148647547
2025-10-04 00:00:00+00:00,7018.164950081851,0.0,0.0008751030403477689,1.4380009008958845,-0.11821545383408172
2025-10-05 00:00:00+00:00,7060.281606737222,0.0,0.006001092444383183,1.446630477237267,-0.11292378325651165
2025-10-06 00:00:00+00:00,7105.675559929028,0.0,0.006429481955576577,1.455931561787051,-0.10722034272773828
2025-10-07 00:00:00+00:00,6858.291128872022,0.0,-0.03481504734779595,1.4052432355282842,-0.13830250876682115
2025-10-08 00:00:00+00:00,6972.602255335198,0.0,0.016667581517784802,1.4286652417087675,-0.12394009558802144
2025-10-09 00:00:00+00:00,6832.062021275728,0.0,-0.020156066402889028,1.399868970229386,-0.1415980171942579
2025-10-10 00:00:00+00:00,6225.69453890961,0.0,-0.08875321688793636,1.2756260958999253,-0.21778395455125055
2025-10-11 00:00:00+00:00,6140.678929394791,0.0,-0.013655602436561054,1.2582066530766134,-0.22846558588739763
2025-10-12 00:00:00+00:00,6307.1835004826935,0.0,0.027115010083146096,1.2923229391614672,-0.20754542246924024
2025-10-13 00:00:00+00:00,6315.179918786377,0.0,0.0012678271217370085,1.2939613812337791,-0.206540727063102
2025-10-14 00:00:00+00:00,6232.67401707444,0.0,-0.013064695348821154,1.27705616999482,-0.21690703073571982
2025-10-15 00:00:00+00:00,6145.266835803777,0.0,-0.014024025808378582,1.2591467013080635,-0.22788914674704186
2025-10-16 00:00:00+00:00,6046.122054808779,0.0,-0.016133519283061504,1.2388322337223066,-0.2403460120866595
2025-10-17 00:00:00+00:00,5978.098469374063,0.0,-0.011250779395135302,1.2248944055531141,-0.24889271152130732
2025-10-18 00:00:00+00:00,6007.171547562838,0.0,0.0048632651900462065,1.230851391877123,-0.24523987759125898
2025-10-19 00:00:00+00:00,6063.430904274041,0.0,0.009365365424602867,1.2423787649454332,-0.23817127323698306
2025-10-20 00:00:00+00:00,6136.3445773692765,0.0,0.0120251511473215,1.2573185573761247,-0.22901016764928628
2025-10-21 00:00:00+00:00,6050.11215948261,0.0,-0.014052733968801245,1.239649794175281,-0.23984468265596148
2025-10-22 00:00:00+00:00,6021.93057387499,0.0,-0.004658026969541318,1.2338754720012264,-0.2433855066251902
2025-10-23 00:00:00+00:00,6118.826941113363,0.0,0.016090581923800418,1.25372924636723,-0.23121113913480806
2025-10-24 00:00:00+00:00,6154.591230718608,0.0,0.00584495851074629,1.2610572417959558,-0.22671760013952713
2025-10-25 00:00:00+00:00,6179.343850272743,0.0,0.004021813736481805,1.2661289791335006,-0.2236076023615886
2025-10-26 00:00:00+00:00,6291.769555161789,0.0,0.01819379332387916,1.2891646681012296,-0.2094820795407244
2025-10-27 00:00:00+00:00,6374.009131272357,100.0,-0.002822802668425939,1.285525610636073,-0.21171355563603533
2025-10-28 00:00:00+00:00,6326.710410578252,0.0,-0.007420560548312749,1.2759862900059413,-0.21756308292585236
2025-10-29 00:00:00+00:00,6214.168244491373,0.0,-0.017788417484496888,1.2532885131748213,-0.23148139746205
2025-10-30 00:00:00+00:00,6147.733725624292,0.0,-0.010690814321928421,1.2398898383886634,-0.23969748714473116
2025-10-31 00:00:00+00:00,6198.00250244005,0.0,0.008176797997322849,1.2500281671361009,-0.23348064708025662
2025-11-01 00:00:00+00:00,6217.172722440856,0.0,0.003092967450926132,1.2538944635697937,-0.23110982767117083
2025-11-02 00:00:00+00:00,6234.48455489603,0.0,0.0027845184986878824,1.2573859558990061,-0.2289688387628619
2025-11-03 00:00:00+00:00,6079.678642749305,0.0,-0.0248305871613963,1.2261643243255402,-0.24811399521611333
2025-11-04 00:00:00+00:00,5880.743165011549,0.0,-0.03272138042608708,1.1860425350043882,-0.2727167432156976
2025-11-05 00:00:00+00:00,5874.7903363912055,0.0,-0.0010122578819221628,1.184841954100035,-0.2734529414247676
2025-11-06 00:00:00+00:00,5874.7903363912055,0.0,0.0,1.184841954100035,-0.2734529414247676
2025-11-07 00:00:00+00:00,5874.7903363912055,0.0,0.0,1.184841954100035,-0.2734529414247676
2025-11-08 00:00:00+00:00,5874.7903363912055,0.0,0.0,1.184841954100035,-0.2734529414247676
2025-11-09 00:00:00+00:00,5874.7903363912055,0.0,0.0,1.184841954100035,-0.2734529414247676
2025-11-10 00:00:00+00:00,5874.7903363912055,0.0,0.0,1.184841954100035,-0.2734529414247676
2025-11-11 00:00:00+00:00,5874.7903363912055,0.0,0.0,1.184841954100035,-0.2734529414247676
2025-11-12 00:00:00+00:00,5874.7903363912055,0.0,0.0,1.184841954100035,-0.2734529414247676
2025-11-13 00:00:00+00:00,5874.7903363912055,0.0,0.0,1.184841954100035,-0.2734529414247676
2025-11-14 00:00:00+00:00,5874.7903363912055,0.0,0.0,1.184841954100035,-0.2734529414247676
2025-11-15 00:00:00+00:00,5874.7903363912055,0.0,0.0,1.184841954100035,-0.2734529414247676
2025-11-16 00:00:00+00:00,5874.7903363912055,0.0,0.0,1.184841954100035,-0.2734529414247676
2025-11-17 00:00:00+00:00,5874.7903363912055,0.0,0.0,1.184841954100035,-0.2734529414247676
2025-11-18 00:00:00+00:00,5874.7903363912055,0.0,0.0,1.184841954100035,-0.2734529414247676
2025-11-19 00:00:00+00:00,5874.7903363912055,0.0,0.0,1.184841954100035,-0.2734529414247676
2025-11-20 00:00:00+00:00,5874.7903363912055,0.0,0.0,1.184841954100035,-0.2734529414247676
2025-11-21 00:00:00+00:00,5874.7903363912055,0.0,0.0,1.184841954100035,-0.2734529414247676
2025-11-22 00:00:00+00:00,5874.7903363912055,0.0,0.0,1.184841954100035,-0.2734529414247676
2025-11-23 00:00:00+00:00,5874.7903363912055,0.0,0.0,1.184841954100035,-0.2734529414247676
2025-11-24 00:00:00+00:00,5874.7903363912055,0.0,0.0,1.184841954100035,-0.2734529414247676
2025-11-25 00:00:00+00:00,5874.7903363912055,0.0,0.0,1.184841954100035,-0.2734529414247676
2025-11-26 00:00:00+00:00,5874.7903363912055,0.0,0.0,1.184841954100035,-0.2734529414247676
2025-11-27 00:00:00+00:00,5974.7903363912055,100.0,0.0,1.184841954100035,-0.2734529414247676
2025-11-28 00:00:00+00:00,5974.7903363912055,0.0,0.0,1.184841954100035,-0.2734529414247676
2025-11-29 00:00:00+00:00,5974.7903363912055,0.0,0.0,1.184841954100035,-0.2734529414247676
2025-11-30 00:00:00+00:00,5974.7903363912055,0.0,0.0,1.184841954100035,-0.2734529414247676
2025-12-01 00:00:00+00:00,5974.7903363912055,0.0,0.0,1.184841954100035,-0.2734529414247676
2025-12-02 00:00:00+00:00,5974.7903363912055,0.0,0.0,1.184841954100035,-0.2734529414247676
2025-12-03 00:00:00+00:00,5974.7903363912055,0.0,0.0,1.184841954100035,-0.2734529414247676
2025-12-04 00:00:00+00:00,5974.7903363912055,0.0,0.0,1.184841954100035,-0.2734529414247676
2025-12-05 00:00:00+00:00,5974.7903363912055,0.0,0.0,1.184841954100035,-0.2734529414247676
2025-12-06 00:00:00+00:00,5974.7903363912055,0.0,0.0,1.184841954100035,-0.2734529414247676
2025-12-07 00:00:00+00:00,5974.7903363912055,0.0,0.0,1.184841954100035,-0.2734529414247676
2025-12-08 00:00:00+00:00,5974.7903363912055,0.0,0.0,1.184841954100035,-0.2734529414247676
2025-12-09 00:00:00+00:00,5974.7903363912055,0.0,0.0,1.184841954100035,-0.2734529414247676
2025-12-10 00:00:00+00:00,5975.448526640762,0.0,0.00011016122951579277,1.1849724777464805,-0.2733729041074938
2025-12-11 00:00:00+00:00,5924.526407058357,0.0,-0.008521890759392359,1.1748742717382386,-0.2795651408415043
2025-12-12 00:00:00+00:00,5834.991526367818,0.0,-0.015112580236602446,1.1571188900386746,-0.29045277045578244
2025-12-13 00:00:00+00:00,5852.472341597374,0.0,0.0029958595741848004,1.160585455743867,-0.2883270665948161
2025-12-14 00:00:00+00:00,5822.453238479861,0.0,-0.0051293028596046675,1.1546324614469046,-0.2919774526072344
2025-12-15 00:00:00+00:00,5764.545836787593,0.0,-0.009945533149079866,1.1431490260265806,-0.2990191143226252
2025-12-16 00:00:00+00:00,5763.048990621193,0.0,-0.0002596641971075453,1.142852191152563,-0.2992011339614924
2025-12-17 00:00:00+00:00,5687.43771427065,0.0,-0.013120012769905931,1.1278579558105264,-0.3083956240330533
2025-12-18 00:00:00+00:00,5684.949525525447,0.0,-0.00043748852650460357,1.1273645308953324,-0.3086981930124192
2025-12-19 00:00:00+00:00,5684.949525525447,0.0,0.0,1.1273645308953324,-0.3086981930124192
2025-12-20 00:00:00+00:00,5684.949525525447,0.0,0.0,1.1273645308953324,-0.3086981930124192
2025-12-21 00:00:00+00:00,5684.949525525447,0.0,0.0,1.1273645308953324,-0.3086981930124192
2025-12-22 00:00:00+00:00,5684.949525525447,0.0,0.0,1.1273645308953324,-0.3086981930124192
2025-12-23 00:00:00+00:00,5684.949525525447,0.0,0.0,1.1273645308953324,-0.3086981930124192
2025-12-24 00:00:00+00:00,5684.949525525447,0.0,0.0,1.1273645308953324,-0.3086981930124192
2025-12-25 00:00:00+00:00,5684.949525525447,0.0,0.0,1.1273645308953324,-0.3086981930124192
2025-12-26 00:00:00+00:00,5684.949525525447,0.0,0.0,1.1273645308953324,-0.3086981930124192
2025-12-27 00:00:00+00:00,5784.949525525447,100.0,0.0,1.1273645308953324,-0.3086981930124192
2025-12-28 00:00:00+00:00,5784.949525525447,0.0,0.0,1.1273645308953324,-0.3086981930124192
2025-12-29 00:00:00+00:00,5784.949525525447,0.0,0.0,1.1273645308953324,-0.3086981930124192
2025-12-30 00:00:00+00:00,5784.949525525447,0.0,0.0,1.1273645308953324,-0.3086981930124192
2025-12-31 00:00:00+00:00,5784.949525525447,0.0,0.0,1.1273645308953324,-0.3086981930124192
2026-01-01 00:00:00+00:00,5784.949525525447,0.0,0.0,1.1273645308953324,-0.3086981930124192
2026-01-02 00:00:00+00:00,5784.949525525447,0.0,0.0,1.1273645308953324,-0.3086981930124192
2026-01-03 00:00:00+00:00,5784.949525525447,0.0,0.0,1.1273645308953324,-0.3086981930124192
2026-01-04 00:00:00+00:00,5784.949525525447,0.0,0.0,1.1273645308953324,-0.3086981930124192
2026-01-05 00:00:00+00:00,5882.641099840157,0.0,0.01688719562437968,1.146402556268549,-0.29702404416233275
2026-01-06 00:00:00+00:00,5912.9492356923165,0.0,0.005152130707580138,1.1523089720819484,-0.2934022201535711
2026-01-07 00:00:00+00:00,5739.274170646031,0.0,-0.029371986486528834,1.1184633685256515,-0.31415640059463157
2026-01-08 00:00:00+00:00,5694.819327496414,0.0,-0.0077457256488955295,1.1098000581247123,-0.3194687569536766
2026-01-09 00:00:00+00:00,5664.77162005233,0.0,-0.005276323218719847,1.1039443943098923,-0.3230594597524261
2026-01-10 00:00:00+00:00,5657.801707005719,0.0,-0.0012303961243447237,1.1025861054056414,-0.3238923647695585
2026-01-11 00:00:00+00:00,5699.819048130833,0.0,0.007426442866155236,1.110774398122453,-0.31887129004514836
2026-01-12 00:00:00+00:00,5697.821639737069,0.0,-0.0003504336500680383,1.1103851453957168,-0.31910998046514394
2026-01-13 00:00:00+00:00,6002.438726457556,0.0,0.05346202566188851,1.1697485845334423,-0.28270822076784774
2026-01-14 00:00:00+00:00,6086.277288927014,0.0,0.013967416626830875,1.1860869503622666,-0.27268950764431155
2026-01-15 00:00:00+00:00,6007.185208550347,0.0,-0.012995149024932151,1.1706735736857816,-0.2821410158798705
2026-01-16 00:00:00+00:00,5992.984824707142,0.0,-0.002363899788372148,1.167906218672693,-0.2838379625805131
2026-01-17 00:00:00+00:00,5982.541351006299,0.0,-0.0017426164100713404,1.1658710061306095,-0.2850859582991905
2026-01-18 00:00:00+00:00,5902.869719681469,0.0,-0.013317355727332947,1.1503446872097847,-0.2946067229069854
2026-01-19 00:00:00+00:00,5806.686306051643,0.0,-0.016294348037045325,1.1316005705138223,-0.306100646466931
2026-01-20 00:00:00+00:00,5487.937040309096,0.0,-0.05489348811737105,1.0694830680427116,-0.3441912023847499
2026-01-21 00:00:00+00:00,5479.707878717154,0.0,-0.001499499999999765,1.0678793781821818,-0.3451745876767738
2026-01-22 00:00:00+00:00,5479.707878717154,0.0,0.0,1.0678793781821818,-0.3451745876767738
2026-01-23 00:00:00+00:00,5479.707878717154,0.0,0.0,1.0678793781821818,-0.3451745876767738
2026-01-24 00:00:00+00:00,5479.707878717154,0.0,0.0,1.0678793781821818,-0.3451745876767738
2026-01-25 00:00:00+00:00,5479.707878717154,0.0,0.0,1.0678793781821818,-0.3451745876767738
2026-01-26 00:00:00+00:00,5479.707878717154,0.0,0.0,1.0678793781821818,-0.3451745876767738
2026-01-27 00:00:00+00:00,5579.707878717154,100.0,0.0,1.0678793781821818,-0.3451745876767738
2026-01-28 00:00:00+00:00,5579.707878717154,0.0,0.0,1.0678793781821818,-0.3451745876767738
2026-01-29 00:00:00+00:00,5579.707878717154,0.0,0.0,1.0678793781821818,-0.3451745876767738
2026-01-30 00:00:00+00:00,5579.707878717154,0.0,0.0,1.0678793781821818,-0.3451745876767738
2026-01-31 00:00:00+00:00,5579.707878717154,0.0,0.0,1.0678793781821818,-0.3451745876767738
2026-02-01 00:00:00+00:00,5579.707878717154,0.0,0.0,1.0678793781821818,-0.3451745876767738
2026-02-02 00:00:00+00:00,5579.707878717154,0.0,0.0,1.0678793781821818,-0.3451745876767738
2026-02-03 00:00:00+00:00,5579.707878717154,0.0,0.0,1.0678793781821818,-0.3451745876767738
2026-02-04 00:00:00+00:00,5579.707878717154,0.0,0.0,1.0678793781821818,-0.3451745876767738
2026-02-05 00:00:00+00:00,5579.707878717154,0.0,0.0,1.0678793781821818,-0.3451745876767738
2026-02-06 00:00:00+00:00,5579.707878717154,0.0,0.0,1.0678793781821818,-0.3451745876767738
2026-02-07 00:00:00+00:00,5579.707878717154,0.0,0.0,1.0678793781821818,-0.3451745876767738
2026-02-08 00:00:00+00:00,5579.707878717154,0.0,0.0,1.0678793781821818,-0.3451745876767738
2026-02-09 00:00:00+00:00,5579.707878717154,0.0,0.0,1.0678793781821818,-0.3451745876767738
2026-02-10 00:00:00+00:00,5579.707878717154,0.0,0.0,1.0678793781821818,-0.3451745876767738
2026-02-11 00:00:00+00:00,5579.707878717154,0.0,0.0,1.0678793781821818,-0.3451745876767738
2026-02-12 00:00:00+00:00,5579.707878717154,0.0,0.0,1.0678793781821818,-0.3451745876767738
2026-02-13 00:00:00+00:00,5579.707878717154,0.0,0.0,1.0678793781821818,-0.3451745876767738
2026-02-14 00:00:00+00:00,5579.707878717154,0.0,0.0,1.0678793781821818,-0.3451745876767738
2026-02-15 00:00:00+00:00,5579.707878717154,0.0,0.0,1.0678793781821818,-0.3451745876767738
2026-02-16 00:00:00+00:00,5579.707878717154,0.0,0.0,1.0678793781821818,-0.3451745876767738
2026-02-17 00:00:00+00:00,5579.707878717154,0.0,0.0,1.0678793781821818,-0.3451745876767738
2026-02-18 00:00:00+00:00,5579.707878717154,0.0,0.0,1.0678793781821818,-0.3451745876767738
2026-02-19 00:00:00+00:00,5579.707878717154,0.0,0.0,1.0678793781821818,-0.3451745876767738
2026-02-20 00:00:00+00:00,5579.707878717154,0.0,0.0,1.0678793781821818,-0.3451745876767738
2026-02-21 00:00:00+00:00,5579.707878717154,0.0,0.0,1.0678793781821818,-0.3451745876767738
2026-02-22 00:00:00+00:00,5579.707878717154,0.0,0.0,1.0678793781821818,-0.3451745876767738
2026-02-23 00:00:00+00:00,5579.707878717154,0.0,0.0,1.0678793781821818,-0.3451745876767738
2026-02-24 00:00:00+00:00,5579.707878717154,0.0,0.0,1.0678793781821818,-0.3451745876767738
2026-02-25 00:00:00+00:00,5579.707878717154,0.0,0.0,1.0678793781821818,-0.3451745876767738
2026-02-26 00:00:00+00:00,5579.707878717154,0.0,0.0,1.0678793781821818,-0.3451745876767738
2026-02-27 00:00:00+00:00,5679.707878717154,100.0,0.0,1.0678793781821818,-0.3451745876767738
2026-02-28 00:00:00+00:00,5679.707878717154,0.0,0.0,1.0678793781821818,-0.3451745876767738
2026-03-01 00:00:00+00:00,5679.707878717154,0.0,0.0,1.0678793781821818,-0.3451745876767738
2026-03-02 00:00:00+00:00,5679.707878717154,0.0,0.0,1.0678793781821818,-0.3451745876767738
2026-03-03 00:00:00+00:00,5679.707878717154,0.0,0.0,1.0678793781821818,-0.3451745876767738
2026-03-04 00:00:00+00:00,5679.707878717154,0.0,0.0,1.0678793781821818,-0.3451745876767738
2026-03-05 00:00:00+00:00,5574.69995454835,0.0,-0.018488261440748777,1.0481361450511655,-0.35728117109785174
2026-03-06 00:00:00+00:00,5420.025086930305,0.0,-0.02774586415038305,1.0190547019594696,-0.37511396041146405
2026-03-07 00:00:00+00:00,5372.614374005469,0.0,-0.008747323520542638,1.0101407007963,-0.3805800407632156
2026-03-08 00:00:00+00:00,5300.660229427046,0.0,-0.013392761804487785,0.9966121270015167,-0.38887578473421935
2026-03-09 00:00:00+00:00,5437.746937466555,0.0,0.025862194916486336,1.022386704086164,-0.373070771160831
2026-03-10 00:00:00+00:00,5522.221240234855,0.0,0.0155347984633607,1.0382692754857623,-0.3633315519400243
2026-03-11 00:00:00+00:00,5535.770261753469,0.0,0.0024535455805168027,1.0408167164780169,-0.3617694568830322
2026-03-12 00:00:00+00:00,5555.237893379195,0.0,0.0035166978948220073,1.0444769544337507,-0.35952499287564166
2026-03-13 00:00:00+00:00,5576.888029889597,0.0,0.003897247413329641,1.0485475395427,-0.35702890331082393
2026-03-14 00:00:00+00:00,5592.593932192656,0.0,0.002816248455927761,1.051500509931904,-0.3552181369525669
2026-03-15 00:00:00+00:00,5681.904505356246,0.0,0.015969436409371873,1.0682923804596836,-0.34492133399271463
2026-03-16 00:00:00+00:00,5797.181204781755,0.0,0.020288390858529848,1.0899663138256388,-0.33163084197367454
2026-03-17 00:00:00+00:00,5715.869337766091,0.0,-0.014026104091518499,1.0746783328516716,-0.3410054573557124
2026-03-18 00:00:00+00:00,5488.888857932451,0.0,-0.039710578815006614,1.0320022342141855,-0.3671745120800476
2026-03-19 00:00:00+00:00,5370.307554125297,0.0,-0.021603881382254997,1.00970698036,-0.38084599885673787
2026-03-20 00:00:00+00:00,5408.458973388332,0.0,0.007104140475851839,1.0168800805879257,-0.3764474418564304
2026-03-21 00:00:00+00:00,5277.417611174631,0.0,-0.02422896482315473,0.9922421288859941,-0.39155547485307907
2026-03-22 00:00:00+00:00,5197.046513395548,0.0,-0.015229247275959756,0.9771310281475645,-0.4008216269802455
2026-03-23 00:00:00+00:00,5259.08566322182,0.0,0.01193738591070237,0.9887954183158834,-0.39366900351216194
2026-03-24 00:00:00+00:00,5261.983267101366,0.0,0.0005509710366213838,0.9893402159525193,-0.3933349326944914
2026-03-25 00:00:00+00:00,5270.807160820269,0.0,0.0016769140590147114,0.9909992544697988,-0.39231760751401357
2026-03-26 00:00:00+00:00,5195.8903024202955,0.0,-0.014213545689331308,0.976913641288299,-0.40095492896421536
2026-03-27 00:00:00+00:00,5247.825623600928,100.0,-0.009250518394697038,0.9678766836795312,-0.4064964064130845
2026-03-28 00:00:00+00:00,5245.713256044738,0.0,-0.00040252243647165287,0.9674870915986123,-0.4067353049256297
2026-03-29 00:00:00+00:00,5245.713256044738,0.0,0.0,0.9674870915986123,-0.4067353049256297
2026-03-30 00:00:00+00:00,5245.713256044738,0.0,0.0,0.9674870915986123,-0.4067353049256297
2026-03-31 00:00:00+00:00,5245.713256044738,0.0,0.0,0.9674870915986123,-0.4067353049256297
2026-04-01 00:00:00+00:00,5245.713256044738,0.0,0.0,0.9674870915986123,-0.4067353049256297
2026-04-02 00:00:00+00:00,5245.713256044738,0.0,0.0,0.9674870915986123,-0.4067353049256297
2026-04-03 00:00:00+00:00,5245.713256044738,0.0,0.0,0.9674870915986123,-0.4067353049256297
2026-04-04 00:00:00+00:00,5245.713256044738,0.0,0.0,0.9674870915986123,-0.4067353049256297
2026-04-05 00:00:00+00:00,5245.713256044738,0.0,0.0,0.9674870915986123,-0.4067353049256297
2026-04-06 00:00:00+00:00,5245.713256044738,0.0,0.0,0.9674870915986123,-0.4067353049256297
2026-04-07 00:00:00+00:00,5245.713256044738,0.0,0.0,0.9674870915986123,-0.4067353049256297
2026-04-08 00:00:00+00:00,5245.713256044738,0.0,0.0,0.9674870915986123,-0.4067353049256297
2026-04-09 00:00:00+00:00,5245.713256044738,0.0,0.0,0.9674870915986123,-0.4067353049256297
2026-04-10 00:00:00+00:00,5245.713256044738,0.0,0.0,0.9674870915986123,-0.4067353049256297
2026-04-11 00:00:00+00:00,5245.713256044738,0.0,0.0,0.9674870915986123,-0.4067353049256297
2026-04-12 00:00:00+00:00,5186.027694265277,0.0,-0.011377968803514715,0.9564790536526001,-0.4134854521184126
2026-04-13 00:00:00+00:00,5295.687113594351,0.0,0.02114516655017784,0.9767039625438408,-0.40108350431935424
2026-04-14 00:00:00+00:00,5246.206720071373,0.0,-0.009343526621117593,0.9675781030688614,-0.4066794965405728
2026-04-15 00:00:00+00:00,5304.2442308274385,0.0,0.011062757122021427,0.9782821846196984,-0.4001157359152857
2026-04-16 00:00:00+00:00,5314.692720979616,0.0,0.0019698357951642986,0.9802092398847339,-0.3989340624189358
2026-04-17 00:00:00+00:00,5457.037150147864,0.0,0.02678319079602609,1.0064623709765943,-0.3828355987317099
2026-04-18 00:00:00+00:00,5343.670328167634,0.0,-0.02077442737899604,0.9855536915410489,-0.3956568357667596
2026-04-19 00:00:00+00:00,5192.749823037513,0.0,-0.02824285479113231,0.9577188417419906,-0.41272521199821244
2026-04-20 00:00:00+00:00,5328.854987898723,0.0,0.026210614703096713,0.9828212412967859,-0.3973323788050548
2026-04-21 00:00:00+00:00,5362.527155367226,0.0,0.006318837263346255,0.9890315287795003,-0.39352422018283595
2026-04-22 00:00:00+00:00,5486.240920117736,0.0,0.023070049095544,1.0118485347054842,-0.37953279416719565
2026-04-23 00:00:00+00:00,5463.299548326297,0.0,-0.0041816194595674094,1.007617369182625,-0.3821273519091296
2026-04-24 00:00:00+00:00,5411.676986341914,0.0,-0.009448971546910268,0.9980964213310457,-0.3879656129805543
2026-04-25 00:00:00+00:00,5424.1239044847425,0.0,0.002300011285640613,1.0003920543642646,-0.38655792698320945
2026-04-26 00:00:00+00:00,5508.045458981322,0.0,0.015471909560766495,1.0158700297546979,-0.3770668067087246
2026-04-27 00:00:00+00:00,5499.071611169672,100.0,-0.01978448591668014,0.9957715634578386,-0.3893912196984284
2026-04-28 00:00:00+00:00,5436.343067798878,0.0,-0.0114071152016606,0.9844126825189373,-0.3963565043984739
2026-04-29 00:00:00+00:00,5383.822851719353,0.0,-0.009660945864623294,0.9749023248846733,-0.4021882715310122
2026-04-30 00:00:00+00:00,5416.3239669835475,0.0,0.006036809932149723,0.980787624922413,-0.39857939575103496
2026-05-01 00:00:00+00:00,5538.867859625058,0.0,0.02262491929738797,1.0029778657841595,-0.38497230311611585
2026-05-02 00:00:00+00:00,5576.181327434467,0.0,0.006736659684806856,1.0097345863373413,-0.38082907082547857
2026-05-03 00:00:00+00:00,5573.60471884618,0.0,-0.00046207403184872486,1.0092680142059351,-0.38111517363312586
2026-05-04 00:00:00+00:00,5656.611335923716,0.0,0.01489280658832226,1.0242988475372843,-0.3718982416135965
2026-05-05 00:00:00+00:00,5719.767652001122,0.0,0.011165044286552961,1.0357351895327032,-0.36488545766475056
2026-05-06 00:00:00+00:00,5741.747119335032,0.0,0.003842720311588277,1.0397152301829473,-0.36244489011273373
2026-05-07 00:00:00+00:00,5628.637420562289,0.0,-0.01969952636748007,1.0192333325912877,-0.37500442381067967
2026-05-08 00:00:00+00:00,5648.546725828017,0.0,0.0035371447435921244,1.0228385084161569,-0.37279372399359323
2026-05-09 00:00:00+00:00,5686.159080710546,0.0,0.006658766707292374,1.029649351422935,-0.3686173037243169
2026-05-10 00:00:00+00:00,5794.530087923328,0.0,0.019058736429027334,1.0492731670260236,-0.3565839473301501
2026-05-11 00:00:00+00:00,5750.38859588567,0.0,-0.007617786320525899,1.041280028247758,-0.3614853533345852
2026-05-12 00:00:00+00:00,5644.461655980823,0.0,-0.018420831590518327,1.0220987842088358,-0.37324732410888817
2026-05-13 00:00:00+00:00,5571.953821963123,0.0,-0.012845836934842314,1.0089690698955884,-0.3812984867818615
2026-05-14 00:00:00+00:00,5680.283710303951,0.0,0.019441993204218688,1.0285854396957652,-0.3692696961664347
2026-05-15 00:00:00+00:00,5539.955704378286,0.0,-0.024704400886017663,1.0031748526480002,-0.3848515104432988
2026-05-16 00:00:00+00:00,5487.44534839566,0.0,-0.009478479393098094,0.9936662804795019,-0.39068218272525745
2026-05-17 00:00:00+00:00,5481.327286441342,0.0,-0.0011149198881966749,0.9925584221811649,-0.3913615232779697
2026-05-18 00:00:00+00:00,5481.327286441342,0.0,0.0,0.9925584221811649,-0.3913615232779697
2026-05-19 00:00:00+00:00,5481.327286441342,0.0,0.0,0.9925584221811649,-0.3913615232779697
2026-05-20 00:00:00+00:00,5481.327286441342,0.0,0.0,0.9925584221811649,-0.3913615232779697
2026-05-21 00:00:00+00:00,5481.327286441342,0.0,0.0,0.9925584221811649,-0.3913615232779697
2026-05-22 00:00:00+00:00,5481.327286441342,0.0,0.0,0.9925584221811649,-0.3913615232779697
2026-05-23 00:00:00+00:00,5481.327286441342,0.0,0.0,0.9925584221811649,-0.3913615232779697
2026-05-24 00:00:00+00:00,5481.327286441342,0.0,0.0,0.9925584221811649,-0.3913615232779697
2026-05-25 00:00:00+00:00,5481.327286441342,0.0,0.0,0.9925584221811649,-0.3913615232779697
2026-05-26 00:00:00+00:00,5481.327286441342,0.0,0.0,0.9925584221811649,-0.3913615232779697
2026-05-27 00:00:00+00:00,5581.327286441342,100.0,0.0,0.9925584221811649,-0.3913615232779697
2026-05-28 00:00:00+00:00,5581.327286441342,0.0,0.0,0.9925584221811649,-0.3913615232779697
2026-05-29 00:00:00+00:00,5581.327286441342,0.0,0.0,0.9925584221811649,-0.3913615232779697
2026-05-30 00:00:00+00:00,5581.327286441342,0.0,0.0,0.9925584221811649,-0.3913615232779697
2026-05-31 00:00:00+00:00,5581.327286441342,0.0,0.0,0.9925584221811649,-0.3913615232779697
2026-06-01 00:00:00+00:00,5581.327286441342,0.0,0.0,0.9925584221811649,-0.3913615232779697
2026-06-02 00:00:00+00:00,5581.327286441342,0.0,0.0,0.9925584221811649,-0.3913615232779697
2026-06-03 00:00:00+00:00,5581.327286441342,0.0,0.0,0.9925584221811649,-0.3913615232779697
2026-06-04 00:00:00+00:00,5581.327286441342,0.0,0.0,0.9925584221811649,-0.3913615232779697
2026-06-05 00:00:00+00:00,5581.327286441342,0.0,0.0,0.9925584221811649,-0.3913615232779697
2026-06-06 00:00:00+00:00,5581.327286441342,0.0,0.0,0.9925584221811649,-0.3913615232779697
2026-06-07 00:00:00+00:00,5581.327286441342,0.0,0.0,0.9925584221811649,-0.3913615232779697
2026-06-08 00:00:00+00:00,5581.327286441342,0.0,0.0,0.9925584221811649,-0.3913615232779697
2026-06-09 00:00:00+00:00,5581.327286441342,0.0,0.0,0.9925584221811649,-0.3913615232779697
2026-06-10 00:00:00+00:00,5581.327286441342,0.0,0.0,0.9925584221811649,-0.3913615232779697
2026-06-11 00:00:00+00:00,5581.327286441342,0.0,0.0,0.9925584221811649,-0.3913615232779697
2026-06-12 00:00:00+00:00,5581.327286441342,0.0,0.0,0.9925584221811649,-0.3913615232779697
2026-06-13 00:00:00+00:00,5581.327286441342,0.0,0.0,0.9925584221811649,-0.3913615232779697
2026-06-14 00:00:00+00:00,5581.327286441342,0.0,0.0,0.9925584221811649,-0.3913615232779697
2026-06-15 00:00:00+00:00,5581.327286441342,0.0,0.0,0.9925584221811649,-0.3913615232779697
2026-06-16 00:00:00+00:00,5581.327286441342,0.0,0.0,0.9925584221811649,-0.3913615232779697
2026-06-17 00:00:00+00:00,5581.327286441342,0.0,0.0,0.9925584221811649,-0.3913615232779697
2026-06-18 00:00:00+00:00,5581.327286441342,0.0,0.0,0.9925584221811649,-0.3913615232779697
2026-06-19 00:00:00+00:00,5581.327286441342,0.0,0.0,0.9925584221811649,-0.3913615232779697
2026-06-20 00:00:00+00:00,5581.327286441342,0.0,0.0,0.9925584221811649,-0.3913615232779697
2026-06-21 00:00:00+00:00,5581.327286441342,0.0,0.0,0.9925584221811649,-0.3913615232779697
2026-06-22 00:00:00+00:00,5581.327286441342,0.0,0.0,0.9925584221811649,-0.3913615232779697
2026-06-23 00:00:00+00:00,5581.327286441342,0.0,0.0,0.9925584221811649,-0.3913615232779697
2026-06-24 00:00:00+00:00,5581.327286441342,0.0,0.0,0.9925584221811649,-0.3913615232779697
2026-06-25 00:00:00+00:00,5581.327286441342,0.0,0.0,0.9925584221811649,-0.3913615232779697
2026-06-26 00:00:00+00:00,5581.327286441342,0.0,0.0,0.9925584221811649,-0.3913615232779697
2026-06-27 00:00:00+00:00,5681.327286441342,100.0,0.0,0.9925584221811649,-0.3913615232779697
2026-06-28 00:00:00+00:00,5681.327286441342,0.0,0.0,0.9925584221811649,-0.3913615232779697
2026-06-29 00:00:00+00:00,5681.327286441342,0.0,0.0,0.9925584221811649,-0.3913615232779697
2026-06-30 00:00:00+00:00,5681.327286441342,0.0,0.0,0.9925584221811649,-0.3913615232779697
2026-07-01 00:00:00+00:00,5681.327286441342,0.0,0.0,0.9925584221811649,-0.3913615232779697
2026-07-02 00:00:00+00:00,5681.327286441342,0.0,0.0,0.9925584221811649,-0.3913615232779697
2026-07-03 00:00:00+00:00,5681.327286441342,0.0,0.0,0.9925584221811649,-0.3913615232779697
2026-07-04 00:00:00+00:00,5681.327286441342,0.0,0.0,0.9925584221811649,-0.3913615232779697
2026-07-05 00:00:00+00:00,5681.327286441342,0.0,0.0,0.9925584221811649,-0.3913615232779697
2026-07-06 00:00:00+00:00,5681.327286441342,0.0,0.0,0.9925584221811649,-0.3913615232779697
2026-07-07 00:00:00+00:00,5681.327286441342,0.0,0.0,0.9925584221811649,-0.3913615232779697
2026-07-08 00:00:00+00:00,5681.327286441342,0.0,0.0,0.9925584221811649,-0.3913615232779697
2026-07-09 00:00:00+00:00,5681.327286441342,0.0,0.0,0.9925584221811649,-0.3913615232779697
2026-07-10 00:00:00+00:00,5681.327286441342,0.0,0.0,0.9925584221811649,-0.3913615232779697
2026-07-11 00:00:00+00:00,5681.327286441342,0.0,0.0,0.9925584221811649,-0.3913615232779697
2026-07-12 00:00:00+00:00,5681.327286441342,0.0,0.0,0.9925584221811649,-0.3913615232779697
2026-07-13 00:00:00+00:00,5681.327286441342,0.0,0.0,0.9925584221811649,-0.3913615232779697
2026-07-14 00:00:00+00:00,5681.327286441342,0.0,0.0,0.9925584221811649,-0.3913615232779697
2026-07-15 00:00:00+00:00,5674.694438564784,0.0,-0.0011674820939092667,0.9913996279961095,-0.3920720978012069
2026-07-16 00:00:00+00:00,5573.347877361491,0.0,-0.01785938649216945,0.9736938388715339,-0.40292931716594893
2026-07-17 00:00:00+00:00,5561.998052859294,0.0,-0.002036446450489615,0.9717109635095004,-0.40414521963869776
2026-07-18 00:00:00+00:00,5636.340223067817,0.0,0.01336609065699057,0.98469894034016,-0.39618097062598734
2026-07-19 00:00:00+00:00,5636.701891471965,0.0,6.416724147850772e-05,0.9847621257548484,-0.39614222522452025
2026-07-20 00:00:00+00:00,5696.560032373407,0.0,0.010619355441167544,0.9952196647932389,-0.3897296448782669
2026-07-21 00:00:00+00:00,5800.175178205171,0.0,0.018189072921714455,1.0133217878492873,-0.37862939288699715
2026-07-22 00:00:00+00:00,5775.0052199649535,0.0,-0.004339516905419671,1.0089244608202852,-0.3813258411410949
2026-07-23 00:00:00+00:00,5665.765082460065,0.0,-0.018916024028381995,0.9898396214765863,-0.39302869639580906
2026-07-24 00:00:00+00:00,5590.725793536629,0.0,-0.01324433467171826,0.9767298542584235,-0.4010676274768721
2026-07-25 00:00:00+00:00,5616.414692398925,0.0,0.004594913041879867,0.9812178430041489,-0.3983155853071615
2026-07-26 00:00:00+00:00,5745.073519901206,0.0,0.02290764385265276,1.0036952318935561,-0.3845324130236861
2026-07-27 00:00:00+00:00,5687.474213881744,100.0,-0.027432078192477616,0.9761617858108351,-0.4014159679945559
2026-07-28 00:00:00+00:00,5721.787591652017,0.0,0.006033148719430281,0.9820511150388566,-0.3978046215083908
2026-07-29 00:00:00+00:00,5717.040727654961,0.0,-0.0008296120610945534,0.981236393589209,-0.3983042100575228
2026-07-30 00:00:00+00:00,5775.1144120909175,0.0,0.010157997328064772,0.9912037902534881,-0.39219218583097926
2026-07-31 00:00:00+00:00,5606.6896628957165,0.0,-0.029163880951446286,0.962296440915913,-0.40991822056476346
2026-08-01 00:00:00+00:00,5588.270682557342,0.0,-0.0032851792137289504,0.9591351246507708,-0.41185674496096425
2026-08-02 00:00:00+00:00,5634.78636584102,0.0,0.008323806402017464,0.9671187797417387,-0.406961154369367
2026-08-03 00:00:00+00:00,5631.52145980091,0.0,-0.0005794196670706464,0.966558412100363,-0.4073047727398621
2026-08-04 00:00:00+00:00,5669.822725538645,0.0,0.0068012287640450975,0.9731321969748697,-0.4032737169119083
2026-08-05 00:00:00+00:00,5706.302826687206,0.0,0.006434081436839989,0.979393408779017,-0.3994343314110167
2026-08-06 00:00:00+00:00,5683.99568265876,0.0,-0.003909211394130696,0.9755647529060816,-0.4017820695655885
2026-08-07 00:00:00+00:00,5723.147129929341,0.0,0.006888014955751531,0.9822844575144027,-0.39766153551395744
2026-08-08 00:00:00+00:00,5725.720528870154,0.0,0.0004496475247606213,0.9827261392893349,-0.39739069551433315
2026-08-09 00:00:00+00:00,5721.736690520012,0.0,-0.0006957793923147992,0.9820423786933283,-0.39780997865001144
2026-08-10 00:00:00+00:00,5660.906267143106,0.0,-0.010631461506729778,0.9716018329462729,-0.40421213868173067
2026-08-11 00:00:00+00:00,5636.7453094650855,0.0,-0.00426803704881229,0.9674550003265643,-0.4067549833470696
2026-08-12 00:00:00+00:00,5628.908881987614,0.0,-0.0013902397655456422,0.9661100059137343,-0.40757973615993237
2026-08-13 00:00:00+00:00,5629.618672560734,0.0,0.0001260973641608043,0.9662318298389694,-0.4075050335261867
2026-08-14 00:00:00+00:00,5600.410823125912,0.0,-0.005188246510759775,0.9612187809192223,-0.41057904346863716
2026-08-15 00:00:00+00:00,5603.182728353966,0.0,0.0004949467665136265,0.9616945330467505,-0.41028731147208664
2026-08-16 00:00:00+00:00,5591.03662490355,0.0,-0.0021677150361263386,0.9596098533473045,-0.411565640534003
2026-08-17 00:00:00+00:00,5697.60968786481,0.0,0.019061413850620212,0.9779013738970904,-0.4003492496842971
2026-08-18 00:00:00+00:00,5710.23312057829,0.0,0.0022155664225940175,0.9800679793457053,-0.39902068361661436
2026-08-19 00:00:00+00:00,6011.216319660299,0.0,0.052709441580824024,1.031726815248264,-0.36734339944842076
2026-08-20 00:00:00+00:00,6298.639526800479,0.0,0.04781448410035316,1.0810583006518601,-0.33709325048036376
2026-08-21 00:00:00+00:00,6770.172233693239,0.0,0.07486262785581,1.1619891659039947,-0.28746630918797056
2026-08-22 00:00:00+00:00,6626.072320460851,0.0,-0.02128452693053262,1.137256776209324,-0.302632251718971
2026-08-23 00:00:00+00:00,6695.9470720194,0.0,0.010545425431409905,1.149249632739205,-0.2952782121312032
2026-08-24 00:00:00+00:00,6790.570677037123,0.0,0.014131474457605764,1.1654902245696719,-0.28531945418621707
2026-08-25 00:00:00+00:00,6734.86179900939,0.0,-0.00820385806690993,1.1559287081889313,-0.29118259194725504
2026-08-26 00:00:00+00:00,6808.687627822005,0.0,0.010961743687669223,1.168599702409317,-0.2834127171988228
2026-08-27 00:00:00+00:00,6992.31364073306,100.0,0.012282251365055785,1.1829527376994378,-0.27461141206645634
2026-08-28 00:00:00+00:00,6787.635604375693,0.0,-0.029271861485879902,1.1483255090171574,-0.295844886335885
2026-08-29 00:00:00+00:00,6823.025975900759,0.0,0.005213946886343024,1.1543128172294057,-0.29217345897349345
2026-08-30 00:00:00+00:00,6759.351685921477,0.0,-0.009332265508614768,1.1435404635390238,-0.29877908418839716
2026-08-31 00:00:00+00:00,6852.95323753379,0.0,0.013847711431744125,1.159375881888635,-0.2890687792963349
2026-09-01 00:00:00+00:00,6744.438373399282,0.0,-0.015834759172172697,1.1410174440089031,-0.3003262039641561
2026-09-02 00:00:00+00:00,6719.94846849577,0.0,-0.0036311259066584833,1.1368742660080131,-0.30286680761115203
2026-09-03 00:00:00+00:00,7057.432807820174,0.0,0.05022126894374068,1.1939695342764194,-0.26785589406658317
2026-09-04 00:00:00+00:00,6916.311353034268,0.0,-0.019996145713145563,1.1700947454919715,-0.2824959542918485
2026-09-05 00:00:00+00:00,6944.101707195086,0.0,0.004018088941098119,1.1747962902488698,-0.27961295922059537
2026-09-06 00:00:00+00:00,7000.791814805397,0.0,0.008163778412342504,1.1843870668421035,-0.27373187904854923
2026-09-07 00:00:00+00:00,6903.172971505546,0.0,-0.013943971750938866,1.1678720070398798,-0.28385894121070376
2026-09-08 00:00:00+00:00,6856.390925389482,0.0,-0.006776890324082574,1.1599574665356043,-0.2887121506226912
2026-09-09 00:00:00+00:00,6835.120337050346,0.0,-0.003102300987589457,1.156358929341609,-0.2909187796202749
2026-09-10 00:00:00+00:00,6700.220533749567,0.0,-0.019736273342481403,1.1335367134301038,-0.30491340040770953
2026-09-11 00:00:00+00:00,6796.265444298757,0.0,0.014334589446034496,1.1497854968391314,-0.2949496193731139
2026-09-12 00:00:00+00:00,6806.167449193481,0.0,0.0014569773614463433,1.1514607082785453,-0.29392237692986145
2026-09-13 00:00:00+00:00,6744.428288256244,0.0,-0.009071061121858404,1.1410157378143322,-0.3003272502055072
2026-09-14 00:00:00+00:00,6859.453263735274,0.0,0.017054814813483476,1.1604755499220258,-0.28839446102772137
2026-09-15 00:00:00+00:00,6612.218635810955,0.0,-0.03604290581457936,1.1186486389760641,-0.31404279244603217
2026-09-16 00:00:00+00:00,6602.303613966556,0.0,-0.001499499999999987,1.1169712253419195,-0.31507138527875933
2026-09-17 00:00:00+00:00,6602.303613966556,0.0,0.0,1.1169712253419195,-0.31507138527875933
2026-09-18 00:00:00+00:00,6602.303613966556,0.0,0.0,1.1169712253419195,-0.31507138527875933
2026-09-19 00:00:00+00:00,6602.303613966556,0.0,0.0,1.1169712253419195,-0.31507138527875933
2026-09-20 00:00:00+00:00,6602.303613966556,0.0,0.0,1.1169712253419195,-0.31507138527875933
2026-09-21 00:00:00+00:00,6602.303613966556,0.0,0.0,1.1169712253419195,-0.31507138527875933
2026-09-22 00:00:00+00:00,6555.653962417662,0.0,-0.007065662877152712,1.1090790832201733,-0.3199108599652949
2026-09-23 00:00:00+00:00,6411.515900383705,0.0,-0.021986831956090636,1.0846939477913964,-0.3348638656024001
2026-09-24 00:00:00+00:00,6414.1805442727145,0.0,0.00041560278885843793,1.0851447496211564,-0.33458743316997397
2026-09-25 00:00:00+00:00,6398.402275146853,0.0,-0.0024599041166607494,1.0824753975843906,-0.3362242842823968
2026-09-26 00:00:00+00:00,6420.298875820543,0.0,0.003422198188248071,1.086179842928827,-0.333952712230665
