date,equity,deposit,return,twr,drawdown
2021-09-27 00:00:00+00:00,96.69692940998212,100.0,0.0,1.0,0.0
2021-09-28 00:00:00+00:00,93.56569071472411,0.0,-0.03238198683623106,0.9676180131637689,-0.03238198683623106
2021-09-29 00:00:00+00:00,94.85111240704552,0.0,0.01373817349610107,0.9809113173065654,-0.019088682693434555
2021-09-30 00:00:00+00:00,100.00375541041907,0.0,0.05432348522452135,1.0341978387588344,0.0
2021-10-01 00:00:00+00:00,110.03466110059355,0.0,0.10030529002643229,1.1379333529202487,0.0
2021-10-02 00:00:00+00:00,110.34764996794954,0.0,0.002844457048582605,1.14117015546678,0.0
2021-10-03 00:00:00+00:00,111.52331856605247,0.0,0.010654224158325176,1.1533284381059137,0.0
2021-10-04 00:00:00+00:00,112.53579793449171,0.0,0.009078633791188562,1.1637990846364408,0.0
2021-10-05 00:00:00+00:00,117.3384259171532,0.0,0.04267644670238302,1.21346589424421,0.0
2021-10-06 00:00:00+00:00,123.45111248043335,0.0,0.052094499440413555,1.276680792592876,0.0
2021-10-07 00:00:00+00:00,121.49191187443297,0.0,-0.015870254764297154,1.2564195431617422,-0.015870254764297265
2021-10-08 00:00:00+00:00,121.40486234795296,0.0,-0.0007165047050209372,1.2555193126475865,-0.0165753883571097
2021-10-09 00:00:00+00:00,122.94316649632783,0.0,0.012670861105760434,1.271427823473744,-0.0041145516949961936
2021-10-10 00:00:00+00:00,120.44298887166053,0.0,-0.02033604384788623,1.2455720115061593,-0.02436692183919864
2021-10-11 00:00:00+00:00,126.01645126554473,0.0,0.04627469349687985,1.3032104745668989,0.0
2021-10-12 00:00:00+00:00,123.30849311329972,0.0,-0.021488925652562108,1.2752058815692906,-0.021488925652562108
2021-10-13 00:00:00+00:00,126.72410092548313,0.0,0.027699696314065214,1.3105286972266699,0.0
2021-10-14 00:00:00+00:00,129.09193892062538,0.0,0.018684985554046962,1.3350159070025143,0.0
2021-10-15 00:00:00+00:00,136.11510781603272,0.0,0.054404395457455124,1.4076466403490722,0.0
2021-10-16 00:00:00+00:00,134.49949052413007,0.0,-0.011869492797862313,1.3909385886895138,-0.011869492797862313
2021-10-17 00:00:00+00:00,135.62606302406482,0.0,0.008376035444778385,1.4025891396098873,-0.0035928766454702554
2021-10-18 00:00:00+00:00,134.9642517528765,0.0,-0.004879676195208127,1.3957449587736754,-0.008455020766039212
2021-10-19 00:00:00+00:00,139.84037803688673,0.0,0.036129020986524374,1.4461718576810452,0.0
2021-10-20 00:00:00+00:00,145.93818508347803,0.0,0.043605481708457905,1.5092328781684425,0.0
2021-10-21 00:00:00+00:00,139.2400420697361,0.0,-0.04589712425100079,1.43996342923545,-0.04589712425100079
2021-10-22 00:00:00+00:00,136.0963856930959,0.0,-0.022577243800786406,1.4074530238293848,-0.06743813748781735
2021-10-23 00:00:00+00:00,139.47187239675378,0.0,0.024802177416156868,1.4423609234313075,-0.04430857272224864
2021-10-24 00:00:00+00:00,137.76177989419253,0.0,-0.012261199861837158,1.4246758478762123,-0.05602649631834555
2021-10-25 00:00:00+00:00,142.65450621050115,0.0,0.03551584713892675,1.4752744175119046,-0.022500477658390805
2021-10-26 00:00:00+00:00,137.67743061539935,0.0,-0.03488901772060138,1.4238035422165818,-0.056604475815246635
2021-10-27 00:00:00+00:00,228.20611630558383,100.0,-0.06879351443065163,1.3258550926886925,-0.12150396942206265
2021-10-28 00:00:00+00:00,241.62651375522222,0.0,0.05880822857380186,1.4038262820352685,-0.06984117405465762
2021-10-29 00:00:00+00:00,248.6407100966172,0.0,0.029029083904677178,1.4445780729640614,-0.04283951545161424
2021-10-30 00:00:00+00:00,245.51520601935792,0.0,-0.012570363381140481,1.4264192016544754,-0.05487137055645597
2021-10-31 00:00:00+00:00,243.37727259712838,0.0,-0.008707947083574807,1.4139980187274732,-0.06310150064882192
2021-11-01 00:00:00+00:00,243.18386289055917,0.0,-0.0007946909113792922,1.4128743273532822,-0.06384604537114114
2021-11-02 00:00:00+00:00,254.82703908640917,0.0,0.04787807898704943,1.480520035997077,-0.019024792387381972
2021-11-03 00:00:00+00:00,254.36256252558601,0.0,-0.0018227130154176985,1.4778214728578785,-0.02081282866609957
2021-11-04 00:00:00+00:00,249.1734183676353,0.0,-0.020400581384411698,1.4476730556292101,-0.040788816245468706
2021-11-05 00:00:00+00:00,246.76342003399,0.0,-0.009671972032303744,1.4336712023232447,-0.05006627998781543
2021-11-06 00:00:00+00:00,249.02804940210228,0.0,0.009177330123728789,1.4468284762358483,-0.04134842464360189
2021-11-07 00:00:00+00:00,255.4704613169626,0.0,0.025870225985900275,1.4842582558789055,-0.016547891747392574
2021-11-08 00:00:00+00:00,270.03526279284154,0.0,0.057011685033160786,1.5688783200709422,0.0
2021-11-09 00:00:00+00:00,266.9396337821194,0.0,-0.011463795426958523,1.5508930199598585,-0.011463795426958523
2021-11-10 00:00:00+00:00,259.6691811866342,0.0,-0.02723631741182153,1.5086524053964534,-0.03838788126778725
2021-11-11 00:00:00+00:00,261.46161208675835,0.0,0.006902747919229846,1.519066252648645,-0.03175011521610216
2021-11-12 00:00:00+00:00,258.6925011517113,0.0,-0.01059088909054906,1.502977990445647,-0.042004742357785396
2021-11-13 00:00:00+00:00,258.8250272252668,0.0,0.0005122919024149741,1.5037479538996603,-0.04151396914474337
2021-11-14 00:00:00+00:00,261.1333647358681,0.0,0.008918525133940092,1.5171591678216254,-0.032965687388030296
2021-11-15 00:00:00+00:00,255.15466206751154,0.0,-0.022895207873585677,1.482423493297033,-0.05510613899617134
2021-11-16 00:00:00+00:00,238.6626299292917,0.0,-0.06463543328812937,1.386606408491277,-0.11617976311344724
2021-11-17 00:00:00+00:00,241.1168720255741,0.0,0.010283311203808987,1.4008653137069886,-0.10709116456931866
2021-11-18 00:00:00+00:00,226.2843672310267,0.0,-0.06151583118154502,1.3146899195609074,-0.16201919375018248
2021-11-19 00:00:00+00:00,235.81598240550102,0.0,0.0421222875053624,1.3700676663330538,-0.1267215253053523
2021-11-20 00:00:00+00:00,242.4251991575945,0.0,0.028027009385345636,1.4084665656759288,-0.10224614129906506
2021-11-21 00:00:00+00:00,236.34447492889268,0.0,-0.025082888453146768,1.3731381559190927,-0.12476440119524268
2021-11-22 00:00:00+00:00,226.77374227083348,0.0,-0.04049484406580128,1.317533140414347,-0.16020693028967958
2021-11-23 00:00:00+00:00,235.61452750364964,0.0,0.0389850480231424,1.368897233165482,-0.12746755713752056
2021-11-24 00:00:00+00:00,233.06261025935623,0.0,-0.010830899398823646,1.3540708449457386,-0.13691786824837404
2021-11-25 00:00:00+00:00,243.20648015098584,0.0,0.04352422673178391,1.4130057314120552,-0.09935288585786484
2021-11-26 00:00:00+00:00,219.75448925747918,0.0,-0.0964283142412462,1.2767519707187716,-0.18620076880083414
2021-11-27 00:00:00+00:00,324.8484711896278,100.0,0.023180331602601134,1.3063475047743072,-0.1673366327636957
2021-11-28 00:00:00+00:00,340.281890760579,0.0,0.04750959582611691,1.3684115467345908,-0.12777713272708535
2021-11-29 00:00:00+00:00,346.9174805475691,0.0,0.019500273059370077,1.3950959455535101,-0.11076854864663688
2021-11-30 00:00:00+00:00,350.08644572336334,0.0,0.009134636775271154,1.4078396402827948,-0.10264574232937673
2021-12-01 00:00:00+00:00,349.3602985408845,0.0,-0.0020741939350963357,1.4049195078393322,-0.10450702908826992
2021-12-02 00:00:00+00:00,344.5607513949495,0.0,-0.013738101226672073,1.385618581425309,-0.11680940217042868
2021-12-03 00:00:00+00:00,324.85970934141113,0.0,-0.05717726692253522,1.3063926979423295,-0.16730782672600353
2021-12-04 00:00:00+00:00,306.0952649192134,0.0,-0.057761685683456854,1.2309332535446214,-0.21540553030973075
2021-12-05 00:00:00+00:00,309.52989012843716,0.0,0.011220772102209065,1.2447452750556762,-0.2066017745726827
2021-12-06 00:00:00+00:00,318.11387070102694,0.0,0.02773231550926436,1.2792649437521864,-0.18459900466064183
2021-12-07 00:00:00+00:00,317.28491077609004,0.0,-0.0026058591004225473,1.2759313595566582,-0.1867238247648405
2021-12-08 00:00:00+00:00,321.12852302410863,0.0,0.01211407198223502,1.2913880838907186,-0.176871738636605
2021-12-09 00:00:00+00:00,300.0986203712938,0.0,-0.06548749533293874,1.2068183127739125,-0.2307763468110503
2021-12-10 00:00:00+00:00,291.910307635617,0.0,-0.027285406129311407,1.1738897849855858,-0.2517649265925834
2021-12-11 00:00:00+00:00,306.0166611603768,0.0,0.04832427343527845,1.2306171559381096,-0.21560701031137774
2021-12-12 00:00:00+00:00,309.6626319136982,0.0,0.011914288390365124,1.2452790836320873,-0.20626152602084669
2021-12-13 00:00:00+00:00,286.597118014297,0.0,-0.07448594542020648,1.1525232937757428,-0.265383886671576
2021-12-14 00:00:00+00:00,294.84543713968776,0.0,0.028780188658349637,1.1856931316037511,-0.24424149633852044
2021-12-15 00:00:00+00:00,301.8892462808237,0.0,0.02388983600854866,1.2140191460742273,-0.22618654962398144
2021-12-16 00:00:00+00:00,295.5917841731988,0.0,-0.020860173673648896,1.188694495843984,-0.24232843258983072
2021-12-17 00:00:00+00:00,287.6471025466972,0.0,-0.026877207188703456,1.1567457075951137,-0.26269252828810363
2021-12-18 00:00:00+00:00,292.8614476129905,0.0,0.018127577229625658,1.1777147047445822,-0.24932693015266616
2021-12-19 00:00:00+00:00,291.15869528392216,0.0,-0.005814190781841977,1.1708672467646164,-0.25369148659554963
2021-12-20 00:00:00+00:00,292.64442844460143,0.0,0.005102829435440492,1.1768419826164,-0.24988320154542953
2021-12-21 00:00:00+00:00,301.8155588146644,0.0,0.03133881761838886,1.2137228188752787,-0.22637542800617194
2021-12-22 00:00:00+00:00,299.631210659281,0.0,-0.007237361002733311,1.2049386686778232,-0.23197442831427628
2021-12-23 00:00:00+00:00,311.8007589176057,0.0,0.04061508890061205,1.253877359825958,-0.20078100144231725
2021-12-24 00:00:00+00:00,309.61401124138786,0.0,-0.007013285290930704,1.2450835601816597,-0.20638615228913426
2021-12-25 00:00:00+00:00,309.72477151361613,0.0,0.0003577366275646643,1.2455289721755152,-0.2061022475476656
2021-12-26 00:00:00+00:00,310.01920527312484,0.0,0.0009506303227533319,1.246713009784333,-0.20534754427101864
2021-12-27 00:00:00+00:00,408.4057291917035,100.0,-0.005204439124988691,1.240224567818579,-0.20948326460238287
2021-12-28 00:00:00+00:00,383.2654398823455,0.0,-0.06155714161775938,1.1638798884595463,-0.2581452152344629
2021-12-29 00:00:00+00:00,371.3213603540288,0.0,-0.031163987893046863,1.1276087497066323,-0.2812643687652949
2021-12-30 00:00:00+00:00,377.74561449264525,0.0,0.017301062703452885,1.1471175793902688,-0.2688294785420975
2021-12-31 00:00:00+00:00,372.1166029693031,0.0,-0.014901593314068151,1.1300236997387767,-0.2797250842960983
2022-01-01 00:00:00+00:00,382.9474193484697,0.0,0.029105974559431536,1.1629141407949282,-0.25876078092382393
2022-01-02 00:00:00+00:00,383.568307509962,0.0,0.0016213405029563699,1.1647996205928597,-0.257558979755556
2022-01-03 00:00:00+00:00,376.99289624699986,0.0,-0.01714273868362115,1.1448317650782551,-0.2702864521536077
2022-01-04 00:00:00+00:00,374.9368880774115,0.0,-0.005453705335183079,1.1385881899731607,-0.27426609482265296
2022-01-05 00:00:00+00:00,353.4291473973053,0.0,-0.05736362935744421,1.073274639052777,-0.3158968255713769
2022-01-06 00:00:00+00:00,346.02593001583716,0.0,-0.020946821833983775,1.0507929464096053,-0.3302266128821959
2022-01-07 00:00:00+00:00,330.1295647862755,0.0,-0.04593980927624142,1.0025197188627282,-0.36099587454469007
2022-01-08 00:00:00+00:00,325.6396429942803,0.0,-0.013600483782487016,0.9888849656847122,-0.36968663978988736
2022-01-09 00:00:00+00:00,329.51785419660513,0.0,0.01190951803860374,1.0006621090216383,-0.3621799114564921
2022-01-10 00:00:00+00:00,326.3805786376824,0.0,-0.009520805986588221,0.9911349992235131,-0.3682524727738633
2022-01-11 00:00:00+00:00,337.28480923236634,0.0,0.033409557150117175,1.0242483806235525,-0.3471460676585565
2022-01-12 00:00:00+00:00,348.35349560334384,0.0,0.032817031980091116,1.057861172486032,-0.32572133928257907
2022-01-13 00:00:00+00:00,336.5314599002363,0.0,-0.033936894138616,1.0219606498620213,-0.3486042628112741
2022-01-14 00:00:00+00:00,341.70387877007107,0.0,0.015369792979735397,1.0376679734838363,-0.3385924451828013
2022-01-15 00:00:00+00:00,342.60777564694627,0.0,0.0026452637298959303,1.0404128789377678,-0.3368428477673642
2022-01-16 00:00:00+00:00,343.4330449860746,0.0,0.0024087875342875265,1.0429190125110652,-0.3352454430857926
2022-01-17 00:00:00+00:00,333.5421815863268,0.0,-0.02879997584434202,1.0128829701431414,-0.3543903582673381
2022-01-18 00:00:00+00:00,332.13187276950123,0.0,-0.0042282772455290996,1.0086002201281012,-0.3571201748249705
2022-01-19 00:00:00+00:00,325.6776551044322,0.0,-0.019432695848339288,0.9890003988177838,-0.36961306293463037
2022-01-20 00:00:00+00:00,317.5966873818928,0.0,-0.024812779126489715,0.9644605503659078,-0.3852547147682578
2022-01-21 00:00:00+00:00,279.40224038298874,0.0,-0.12026084816488447,0.8484737065573325,-0.459184504175591
2022-01-22 00:00:00+00:00,266.3592184170505,0.0,-0.04668188038886012,0.8088653584747303,-0.48443078846410814
2022-01-23 00:00:00+00:00,277.22691725608706,0.0,0.040800911279220475,0.8418678022026926,-0.46339509480593455
2022-01-24 00:00:00+00:00,274.93973012321123,0.0,-0.008250234701282833,0.8349221952470672,-0.46782221121564527
2022-01-25 00:00:00+00:00,277.1622558570992,0.0,0.008083683405420983,0.8416714419416036,-0.46352025445571554
2022-01-26 00:00:00+00:00,276.6421252715752,0.0,-0.0018766284893861895,0.8400919373349532,-0.4645270276301825
2022-01-27 00:00:00+00:00,376.4345832930022,100.0,-0.0007502182770221522,0.8394616850091856,-0.46492874924090577
2022-01-28 00:00:00+00:00,387.0238560224068,0.0,0.028130446030677936,0.8630761166341585,-0.4498769562988597
2022-01-29 00:00:00+00:00,393.17257422075903,0.0,0.015887181378287707,0.8767879634423936,-0.44113705172320394
2022-01-30 00:00:00+00:00,391.3901352851219,0.0,-0.004533477288363175,0.8728130651234174,-0.44367064420652447
2022-01-31 00:00:00+00:00,400.0792911791511,0.0,0.022200753444384214,0.8921901727852596,-0.43131971334468044
2022-02-01 00:00:00+00:00,407.39664937987084,0.0,0.018289769958233393,0.9085081258044985,-0.42091868172197244
2022-02-02 00:00:00+00:00,389.8111057810512,0.0,-0.043165655941421965,0.8692917766260354,-0.4459151066688668
2022-02-03 00:00:00+00:00,393.2962167651431,0.0,0.00894051229533055,0.8770636904431902,-0.44096130386738297
2022-02-04 00:00:00+00:00,437.7347716442904,0.0,0.11299003902110716,0.9761631510503626,-0.3777954997770496
2022-02-05 00:00:00+00:00,437.56233939470627,0.0,-0.00039391947077083156,0.9757786213785148,-0.37804059824448866
2022-02-06 00:00:00+00:00,446.3385986080318,0.0,0.020057163112954468,0.9953499723496375,-0.3655658570738428
2022-02-07 00:00:00+00:00,460.50904102458594,0.0,0.031748189515194536,1.0269505319057375,-0.3454237216693131
2022-02-08 00:00:00+00:00,460.43507451820847,0.0,-0.0001606190102433347,1.026785584127734,-0.34552885906326736
2022-02-09 00:00:00+00:00,469.97688857939426,0.0,0.020723473491176092,1.048064147961527,-0.3319659437233251
2022-02-10 00:00:00+00:00,454.3910600401465,0.0,-0.03316296804798058,1.0133072301104449,-0.3541199357865913
2022-02-11 00:00:00+00:00,438.81861340148896,0.0,-0.0342710233719864,0.978580154344327,-0.3762549065627492
2022-02-12 00:00:00+00:00,437.3281841145926,0.0,-0.003396458676498071,0.9752564472884554,-0.37837343099727716
2022-02-13 00:00:00+00:00,433.4924789933291,0.0,-0.008770770466187128,0.9667026968436192,-0.3838255749496835
2022-02-14 00:00:00+00:00,439.9707779534626,0.0,0.014944432196788204,0.981149519751051,-0.3746171980331241
2022-02-15 00:00:00+00:00,467.51838453579194,0.0,0.0626123550988269,1.0425816018867473,-0.33546050796367466
2022-02-16 00:00:00+00:00,459.6960412089134,0.0,-0.01673162721642585,1.025137515181274,-0.3465793350150196
2022-02-17 00:00:00+00:00,425.0138165616646,0.0,-0.0754459937397789,0.9477949966284952,-0.3958773064149185
2022-02-18 00:00:00+00:00,415.0100920255808,0.0,-0.023537410188245955,0.9254863570184831,-0.4100967900578586
2022-02-19 00:00:00+00:00,414.7406875838718,0.0,-0.0006491515432650585,0.9248855761215539,-0.4104797266369695
2022-02-20 00:00:00+00:00,395.76558572792953,0.0,-0.04575172493078583,0.8825704656503891,-0.43745129602499655
2022-02-21 00:00:00+00:00,383.90892432716197,0.0,-0.029958798410831156,0.8561297149866157,-0.4543045792436581
2022-02-22 00:00:00+00:00,395.6173537305415,0.0,0.03049793495657771,0.882239903348671,-0.43766199579532883
2022-02-23 00:00:00+00:00,386.1191319480531,0.0,-0.024008607541917137,0.8610585517513538,-0.4511629482441837
2022-02-24 00:00:00+00:00,393.87678174991646,0.0,0.020091337517321062,0.878358369736766,-0.44013607779534614
2022-02-25 00:00:00+00:00,409.60441702315893,0.0,0.039930343706394034,0.913431521337743,-0.41778051895290447
2022-02-26 00:00:00+00:00,409.6025674730781,0.0,-4.515454433473565e-06,0.9134273967793303,-0.4177831479384414
2022-02-27 00:00:00+00:00,486.46595815138477,100.0,-0.05648550853679413,0.8618319857608098,-0.45066996290583006
2022-02-28 00:00:00+00:00,551.4643928800315,0.0,0.13361353171688872,0.9769844011248909,-0.37727203657150843
2022-03-01 00:00:00+00:00,565.3902712087547,0.0,0.025252543062653787,1.0016557417858383,-0.36154657185871175
2022-03-02 00:00:00+00:00,559.1316758627356,0.0,-0.011069513687667065,0.9905678998418096,-0.36861394082045973
2022-03-03 00:00:00+00:00,539.5827715216875,0.0,-0.034962970593437226,0.9559347034888376,-0.39068907304066025
2022-03-04 00:00:00+00:00,498.2118436864407,0.0,-0.07667206964109674,0.8826412113306003,-0.437406202865568
2022-03-05 00:00:00+00:00,503.30872251063056,0.0,0.010230344558805227,0.8916709350443135,-0.4316506744742361
2022-03-06 00:00:00+00:00,487.3382902513437,0.0,-0.031730887117597084,0.8633774252583801,-0.4496849027658566
2022-03-07 00:00:00+00:00,479.5534318627738,0.0,-0.015974239135929436,0.8495856278027397,-0.4584757677291871
2022-03-08 00:00:00+00:00,491.5679926809431,0.0,0.025053643702433792,0.8708708434164181,-0.44490861255764014
2022-03-09 00:00:00+00:00,527.7549001689041,0.0,0.0736152638633012,0.9349802303453734,-0.40404541360282487
2022-03-10 00:00:00+00:00,499.22907104637636,0.0,-0.054051282353604346,0.8844433499199376,-0.436257523222104
2022-03-11 00:00:00+00:00,490.1642762364513,0.0,-0.01815758603745843,0.8683839936985084,-0.4464937257471686
2022-03-12 00:00:00+00:00,491.64565171685354,0.0,0.003022202049844269,0.871008425584316,-0.4448209179505199
2022-03-13 00:00:00+00:00,479.69400074508997,0.0,-0.024309481696884183,0.8498346622047421,-0.4583170336840948
2022-03-14 00:00:00+00:00,499.92047566455244,0.0,0.0421653697733253,0.8856682549827941,-0.4354767711094729
2022-03-15 00:00:00+00:00,498.9244366282401,0.0,-0.0019923949603950497,0.8839036540149845,-0.4366015243457404
2022-03-16 00:00:00+00:00,524.6889662492606,0.0,0.05164014373627146,0.9295485657573338,-0.4075075460821582
2022-03-17 00:00:00+00:00,525.935229553127,0.0,0.002375242065361771,0.9317564686125174,-0.4061002330822031
2022-03-18 00:00:00+00:00,541.787459744174,0.0,0.03014103125306189,0.9598405694532098,-0.38819948164634754
2022-03-19 00:00:00+00:00,546.1338073369959,0.0,0.008022237345386651,0.9675406383150945,-0.383291472680084
2022-03-20 00:00:00+00:00,532.2438260632166,0.0,-0.025433293246408417,0.9429328935330096,-0.3989764015029721
2022-03-21 00:00:00+00:00,532.2997342913345,0.0,0.00010504251130805109,0.9430319415721412,-0.39891326847483055
2022-03-22 00:00:00+00:00,548.7837558770715,0.0,0.03096755554026842,0.9722353355990236,-0.3802990817318065
2022-03-23 00:00:00+00:00,557.693043578555,0.0,0.016234605354243037,0.9880191925839238,-0.37023848188606046
2022-03-24 00:00:00+00:00,571.8391462971249,0.0,0.025365392094185646,1.0130806868003956,-0.35426433405327074
2022-03-25 00:00:00+00:00,573.7303698133502,0.0,0.0033072648636800484,1.0164312129599236,-0.3521287151740601
2022-03-26 00:00:00+00:00,578.41227958701,0.0,0.008160470527615482,1.0247257699166314,-0.34684178064854965
2022-03-27 00:00:00+00:00,712.4445258627334,100.0,0.05883735092903408,1.085017919647241,-0.30841168128438534
2022-03-28 00:00:00+00:00,718.3427453849223,0.0,0.00827884741629048,1.0940006174479413,-0.3026861271188499
2022-03-29 00:00:00+00:00,727.0065283861366,0.0,0.01206079278572214,1.107195132202433,-0.29427596899142106
2022-03-30 00:00:00+00:00,722.3769178062732,0.0,-0.006368045401381028,1.1001444633323798,-0.2987700516617292
2022-03-31 00:00:00+00:00,699.1367248702193,0.0,-0.032171837669772496,1.0647507942447516,-0.32132990772885095
2022-04-01 00:00:00+00:00,721.1247717578945,0.0,0.03145028161945973,1.0982375065782926,-0.29998554220021856
2022-04-02 00:00:00+00:00,715.8060331318436,0.0,-0.007375614920404505,1.0901373296386259,-0.30514857927966554
2022-04-03 00:00:00+00:00,727.9794633984068,0.0,0.017006604726843566,1.1086768643017668,-0.2933315158235891
2022-04-04 00:00:00+00:00,729.3627265961295,0.0,0.0019001404122931387,1.1107835060158011,-0.2919887464787114
2022-04-05 00:00:00+00:00,709.7753699927132,0.0,-0.026855439535316994,1.0809529267331663,-0.31100269988797646
2022-04-06 00:00:00+00:00,667.9672026374948,0.0,-0.05890337862195416,1.0172811472172931,-0.35158696872597917
2022-04-07 00:00:00+00:00,675.5103453786978,0.0,0.01129268429859831,1.028768982055734,-0.34426464506870447
2022-04-08 00:00:00+00:00,661.5814563336025,0.0,-0.020619801221973266,1.007555970142413,-0.3577857777416078
2022-04-09 00:00:00+00:00,671.8630520716022,0.0,0.015540937007181066,1.0232143340056055,-0.3478051669683744
2022-04-10 00:00:00+00:00,661.6390313615318,0.0,-0.015217417714139647,1.007643654073947,-0.35772988817362006
2022-04-11 00:00:00+00:00,618.365552888012,0.0,-0.06540345478783338,0.9417402779024745,-0.3997365723940334
2022-04-12 00:00:00+00:00,627.4723956259436,0.0,0.014727280158797873,0.9556095508119684,-0.3908963247266001
2022-04-13 00:00:00+00:00,645.0905300498576,0.0,0.02807794342305514,0.982441101714198,-0.3737939461934986
2022-04-14 00:00:00+00:00,625.7684260442138,0.0,-0.02995254635678879,0.9530144890722888,-0.3925504120490396
2022-04-15 00:00:00+00:00,632.9573253796023,0.0,0.01148811451039955,0.9639628286528212,-0.38557196162336393
2022-04-16 00:00:00+00:00,632.9735851422216,0.0,2.568856061446745e-05,0.9639875914703752,-0.3855561778514568
2022-04-17 00:00:00+00:00,620.4345523716007,0.0,-0.0198097251843512,0.9448912622022224,-0.3977281411094419
2022-04-18 00:00:00+00:00,636.5313912306422,0.0,0.025944459085187166,0.9694059548943789,-0.3821025235082961
2022-04-19 00:00:00+00:00,646.8464575505309,0.0,0.016205118022452947,0.985115292805111,-0.37208942197597217
2022-04-20 00:00:00+00:00,643.4015025193023,0.0,-0.0053257693398737205,0.9798687959824488,-0.375433528880595
2022-04-21 00:00:00+00:00,627.4129827663292,0.0,-0.024849988211666507,0.9555190679533051,-0.3909539983253143
2022-04-22 00:00:00+00:00,618.5193079645776,0.0,-0.014175152644337108,0.9419744393104923,-0.3995873183664762
2022-04-23 00:00:00+00:00,613.5458327556175,0.0,-0.008040937679579918,0.9344000815482394,-0.4044151993215208
2022-04-24 00:00:00+00:00,612.5929450677943,0.0,-0.0015530831389458655,0.9329488805365572,-0.405340192033267
2022-04-25 00:00:00+00:00,628.8928069893527,0.0,0.0266079817810414,0.9577727673525169,-0.3895174946969705
2022-04-26 00:00:00+00:00,590.7698936212615,0.0,-0.06061909588470871,0.8997134481326119,-0.4265243922218721
2022-04-27 00:00:00+00:00,710.6204631438748,100.0,0.033601186751299306,0.9299448877259713,-0.40725493122760426
2022-04-28 00:00:00+00:00,720.8592585373408,0.0,0.014408247333841606,0.9433437636751686,-0.3987145136708167
2022-04-29 00:00:00+00:00,696.5642436133278,0.0,-0.03370285480318136,0.9115503857785378,-0.4189795511118295
2022-04-30 00:00:00+00:00,677.142893901794,0.0,-0.027881634593800442,0.8861348710084227,-0.4351793509592553
2022-05-01 00:00:00+00:00,695.9579000112278,0.0,0.02778587249290787,0.9107569015457821,-0.4194853164236477
2022-05-02 00:00:00+00:00,699.7397198432045,0.0,0.00543397787698896,0.915705934400097,-0.4163308124758266
2022-05-03 00:00:00+00:00,683.6987306832623,0.0,-0.022924222686024787,0.8947140876449947,-0.42971097490560184
2022-05-04 00:00:00+00:00,720.6700916876573,0.0,0.054075515055362455,0.9430962127616865,-0.3988723021432018
2022-05-05 00:00:00+00:00,667.6822730791705,0.0,-0.07352576334117111,0.873754343814216,-0.4430706749936437
2022-05-06 00:00:00+00:00,656.3756994298221,0.0,-0.016934062959625185,0.8589581327448201,-0.4525017512473629
2022-05-07 00:00:00+00:00,644.8068398882817,0.0,-0.017625362352064466,0.84381868440994,-0.46215160626874885
2022-05-08 00:00:00+00:00,617.8312798272026,0.0,-0.04183510222340825,0.8085174434896283,-0.4846525488011917
2022-05-09 00:00:00+00:00,546.1287860365696,0.0,-0.11605513694723746,0.7146848408612092,-0.5444612678254791
2022-05-10 00:00:00+00:00,567.5879587998297,0.0,0.03929324604732187,0.7427671281594598,-0.5265616723380606
2022-05-11 00:00:00+00:00,521.3259899387465,0.0,-0.08150625492285746,0.6822269612633761,-0.5651498573627259
2022-05-12 00:00:00+00:00,508.0593622731538,0.0,-0.025447853975497092,0.6648657491749986,-0.5762158602937834
2022-05-13 00:00:00+00:00,515.7699506956078,0.0,0.015176550212470108,0.6749561176019045,-0.5697842790182835
2022-05-14 00:00:00+00:00,529.0451957033171,0.0,0.02573869414029506,0.692328606670981,-0.5587110881615887
2022-05-15 00:00:00+00:00,551.2775970017681,0.0,0.04202363329071557,0.7214227701543943,-0.5401665247552323
2022-05-16 00:00:00+00:00,523.4777929234152,0.0,-0.050427959034699654,0.6850428922543489,-0.5633549884076591
2022-05-17 00:00:00+00:00,536.3186803528376,0.0,0.024529956385945573,0.7018469645238501,-0.5526441053171582
2022-05-18 00:00:00+00:00,500.17015280524834,0.0,-0.06740120915387027,0.6545416304739691,-0.5827964335408933
2022-05-19 00:00:00+00:00,527.8546450552644,0.0,0.055350148533944266,0.6907706069423534,-0.5597041541684904
2022-05-20 00:00:00+00:00,509.7870466470771,0.0,-0.03422835922244416,0.6671266624676248,-0.5747747585437611
2022-05-21 00:00:00+00:00,514.0093433438819,0.0,0.0082824715233063,0.6726521200519512,-0.5712528425904089
2022-05-22 00:00:00+00:00,529.9451481756633,0.0,0.03100294778322743,0.693506318606199,-0.5579604168570321
2022-05-23 00:00:00+00:00,510.2223174437838,0.0,-0.03721673988293961,0.6676962743394571,-0.5744116890408271
2022-05-24 00:00:00+00:00,516.6960905281538,0.0,0.01268814174339461,0.6761680993098126,-0.5690117642270451
2022-05-25 00:00:00+00:00,511.8115025114154,0.0,-0.00945350295131031,0.6697759421874054,-0.5730861127859048
2022-05-26 00:00:00+00:00,493.11661416712127,0.0,-0.0365269015107319,0.6453111023128684,-0.5886799542977377
2022-05-27 00:00:00+00:00,577.7085291131043,100.0,-0.031246331215267098,0.6251474978731114,-0.6015321966812295
2022-05-28 00:00:00+00:00,590.7882515873058,0.0,0.022640694770910574,0.639301271559255,-0.5925106087702539
2022-05-29 00:00:00+00:00,598.9990000315096,0.0,0.01389795484616263,0.6481862517644799,-0.5868473396106526
2022-05-30 00:00:00+00:00,650.6442208743734,0.0,0.08621921044967884,0.7040723586159501,-0.5512256434366987
2022-05-31 00:00:00+00:00,644.5479944710834,0.0,-0.009369523631667098,0.6974755360134943,-0.5554304453758048
2022-06-01 00:00:00+00:00,603.8503718562289,0.0,-0.06314133774979935,0.6534359976218439,-0.583501161777609
2022-06-02 00:00:00+00:00,614.1038677038939,0.0,0.01698019298414266,0.6645314669642486,-0.5764289311269216
2022-06-03 00:00:00+00:00,597.2632506439912,0.0,-0.027423076039024052,0.6463079700153638,-0.5880445527565588
2022-06-04 00:00:00+00:00,602.9616700866497,0.0,0.009540884085056822,0.6524743194405287,-0.5841141335862013
2022-06-05 00:00:00+00:00,603.8697798209969,0.0,0.0015060820270991204,0.6534569992861818,-0.583487775357471
2022-06-06 00:00:00+00:00,629.0389166520896,0.0,0.04167974234205518,0.6806929186480425,-0.566127653152054
2022-06-07 00:00:00+00:00,620.1818080447158,0.0,-0.014080382585092921,0.6711085019305145,-0.5722367417887653
2022-06-08 00:00:00+00:00,605.772501197933,0.0,-0.023234004383669182,0.6555159640547433,-0.5821753952052178
2022-06-09 00:00:00+00:00,604.1828684843975,0.0,-0.0026241414233758587,0.6537957974597831,-0.5832718260583654
2022-06-10 00:00:00+00:00,575.7593723949061,0.0,-0.04704452504718026,0.6230382846904452,-0.6028766050752283
2022-06-11 00:00:00+00:00,551.3251935021431,0.0,-0.04243817828119334,0.5965976748887432,-0.6197297985086785
2022-06-12 00:00:00+00:00,515.6502841082938,0.0,-0.06470756245916154,0.5579932935778893,-0.6443361563230361
2022-06-13 00:00:00+00:00,435.8131877495558,0.0,-0.1548279886954762,0.4716003142276603,-0.6994028738912428
2022-06-14 00:00:00+00:00,431.2062191071939,0.0,-0.010570971168062493,0.4666150409031105,-0.7025804774445408
2022-06-15 00:00:00+00:00,440.43191255042063,0.0,0.021395084380574136,0.4765983090764776,-0.6962171616630367
2022-06-16 00:00:00+00:00,391.8287715087906,0.0,-0.11035335918367617,0.4240040846886284,-0.7297406183358722
2022-06-17 00:00:00+00:00,394.9468330535068,0.0,0.00795771462291972,0.4273781881935328,-0.7275899713024223
2022-06-18 00:00:00+00:00,364.54382625437194,0.0,-0.07697999896359697,0.3944786157093307,-0.7485600950292353
2022-06-19 00:00:00+00:00,401.3768958410791,0.0,0.10103879680300976,0.4343362604051183,-0.7231549095627261
2022-06-20 00:00:00+00:00,401.3400436147029,0.0,-9.18145183692598e-05,0.4342963820305589,-0.7231803279613676
2022-06-21 00:00:00+00:00,402.96393880607826,0.0,0.004046182824792632,0.43605362459240055,-0.7220602649588
2022-06-22 00:00:00+00:00,384.29840138729776,0.0,-0.046320614877062405,0.4158553525819088,-0.7349346043846763
2022-06-23 00:00:00+00:00,410.22073251670236,0.0,0.0674536532960488,0.443906315356275,-0.7170549750880602
2022-06-24 00:00:00+00:00,421.6683622308045,0.0,0.02790602426130695,0.4562939757623546,-0.7091591043582515
2022-06-25 00:00:00+00:00,427.03369716446224,0.0,0.012724063302432365,0.4620998891944733,-0.7054584263911698
2022-06-26 00:00:00+00:00,415.78420445113113,0.0,-0.026343337277663692,0.4499266359574523,-0.713217634407041
2022-06-27 00:00:00+00:00,510.1874657500541,100.0,-0.013460681385107365,0.44387031686415584,-0.7170779204571551
2022-06-28 00:00:00+00:00,495.4287317986796,0.0,-0.02892806064860276,0.431030009417795,-0.7252623075329994
2022-06-29 00:00:00+00:00,486.1312919544102,0.0,-0.018766452665178734,0.4229411051487844,-0.7304181594340218
2022-06-30 00:00:00+00:00,478.75881806986393,0.0,-0.015165602392938848,0.4165269485124678,-0.7345065304404022
2022-07-01 00:00:00+00:00,466.6356012665234,0.0,-0.02532217965658745,0.4059795782904249,-0.741229403774241
2022-07-02 00:00:00+00:00,467.34564599816656,0.0,0.001521625717617825,0.40659732725757924,-0.7408356517800605
2022-07-03 00:00:00+00:00,469.4599158913835,0.0,0.0045239961286067665,0.4084367719919944,-0.7396631932720407
2022-07-04 00:00:00+00:00,495.812110735965,0.0,0.05613300295201018,0.4313635545199305,-0.7250497065314632
2022-07-05 00:00:00+00:00,491.98123787642453,0.0,-0.007726460843915373,0.4280306409064401,-0.7271740992079709
2022-07-06 00:00:00+00:00,506.47646464716695,0.0,0.02946296658244374,0.4406416933757285,-0.7191358388101103
2022-07-07 00:00:00+00:00,530.9969353939221,0.0,0.04841384044140562,0.4619748500106518,-0.7055381261245537
2022-07-08 00:00:00+00:00,526.8757714484868,0.0,-0.007761182166480696,0.45838937904338656,-0.7078234983687843
2022-07-09 00:00:00+00:00,527.2936477355333,0.0,0.0007931210917095921,0.45875293732812156,-0.7075917670228387
2022-07-10 00:00:00+00:00,508.3074906994847,0.0,-0.03600680022902769,0.4422347119592682,-0.7181204518529702
2022-07-11 00:00:00+00:00,483.043564351159,0.0,-0.0497020539940497,0.42025473842742567,-0.7321304443747922
2022-07-12 00:00:00+00:00,464.11160970203014,0.0,-0.03919305844506782,0.40378366990242287,-0.7426290715240654
2022-07-13 00:00:00+00:00,490.1829913036058,0.0,0.05617481023220705,0.4264661409340556,-0.7281713084576429
2022-07-14 00:00:00+00:00,507.92290901009534,0.0,0.03619039832310689,0.4419001204457773,-0.718333719835076
2022-07-15 00:00:00+00:00,517.5833218105165,0.0,0.01901944690632007,0.4503048163244922,-0.7129765829741785
2022-07-16 00:00:00+00:00,542.6886176223543,0.0,0.04850483922862692,0.47214677904418806,-0.69905455827649
2022-07-17 00:00:00+00:00,533.7919335725726,0.0,-0.01639371779854193,0.46440653798904713,-0.7039881729208628
2022-07-18 00:00:00+00:00,597.0821409046075,0.0,0.11856718573554503,0.519469914235596,-0.6688908836396525
2022-07-19 00:00:00+00:00,606.1484363991734,0.0,0.015184335409580418,0.5273577196485352,-0.6638632117596673
2022-07-20 00:00:00+00:00,600.2091189677435,0.0,-0.009798453769364501,0.5221904294126415,-0.6671568325394229
2022-07-21 00:00:00+00:00,607.4763158948665,0.0,0.012107774936211069,0.5285129936058132,-0.6631268423787546
2022-07-22 00:00:00+00:00,593.9103307851706,0.0,-0.02233171031484915,0.5167103945349745,-0.6706497961476008
2022-07-23 00:00:00+00:00,592.3359379781585,0.0,-0.002650893115347275,0.5153406505074734,-0.6715228683355313
2022-07-24 00:00:00+00:00,601.976343930834,0.0,0.01627523392482555,0.5237279401454542,-0.6661768261787364
2022-07-25 00:00:00+00:00,557.7070050569722,0.0,-0.07353999757662943,0.4852129886963444,-0.6907261815725749
2022-07-26 00:00:00+00:00,558.1227098816349,0.0,0.0007453821108456271,0.4855746577780686,-0.6904956544009662
2022-07-27 00:00:00+00:00,723.5080591306826,100.0,0.11715228226945706,0.5424608371489799,-0.6542365139417246
2022-07-28 00:00:00+00:00,756.2143067719816,0.0,0.04520509098488357,0.5669828286480356,-0.6386062440952096
2022-07-29 00:00:00+00:00,754.4163845786416,0.0,-0.002377529990162053,0.565634809969018,-0.6394654685881306
2022-07-30 00:00:00+00:00,747.4911329554484,0.0,-0.009179614553388893,0.5604425004355231,-0.6427750366196782
2022-07-31 00:00:00+00:00,737.5652504030439,0.0,-0.013278930163571623,0.5530004236115423,-0.6475186019610899
2022-08-01 00:00:00+00:00,728.3369936114473,0.0,-0.012511783583288194,0.546081401989848,-0.6519287729304877
2022-08-02 00:00:00+00:00,723.2763361447412,0.0,-0.0069482362026029865,0.5422870994229739,-0.6543472540314965
2022-08-03 00:00:00+00:00,717.8120723898256,0.0,-0.007554876997692972,0.5381901870893977,-0.6569586180112033
2022-08-04 00:00:00+00:00,712.335080373771,0.0,-0.007630119674387759,0.5340837315543244,-0.6595760648090452
2022-08-05 00:00:00+00:00,748.665717636256,0.0,0.051002173364004255,0.5613231626219524,-0.6422137042491796
2022-08-06 00:00:00+00:00,733.5868614595479,0.0,-0.020140973229435644,0.5500175678305215,-0.6494198684537558
2022-08-07 00:00:00+00:00,739.4100500634421,0.0,0.007937967417121383,0.5543835893628045,-0.6466369747924516
2022-08-08 00:00:00+00:00,765.225656206411,0.0,0.034913788554475245,0.5737392207798885,-0.6342997328473856
2022-08-09 00:00:00+00:00,739.4292454069282,0.0,-0.033710854556769476,0.5543979813546634,-0.6466278013647391
2022-08-10 00:00:00+00:00,781.8992487408586,0.0,0.057436196360556524,0.5862404926736461,-0.6263314463755627
2022-08-11 00:00:00+00:00,786.4109173972249,0.0,0.00577014067174475,0.589623182783846,-0.6241753262565422
2022-08-12 00:00:00+00:00,809.3796224099285,0.0,0.02920700171447632,0.6068443080943088,-0.6131986143661745
2022-08-13 00:00:00+00:00,814.7035845516749,0.0,0.006577830716684385,0.6108360272243366,-0.6106543003304963
2022-08-14 00:00:00+00:00,803.3549035072758,0.0,-0.0139298282953354,0.6023271862484968,-0.6160778190744196
2022-08-15 00:00:00+00:00,792.8298553661155,0.0,-0.013101367895073879,0.5944358761882506,-0.6211077248098048
2022-08-16 00:00:00+00:00,784.29507503801,0.0,-0.010764958295073512,0.5880367987719886,-0.6251864843505528
2022-08-17 00:00:00+00:00,767.0680879616789,0.0,-0.02196493083358486,0.5751206111593592,-0.6334192372972857
2022-08-18 00:00:00+00:00,766.4935750618731,0.0,-0.0007489724951698085,0.5746898616401955,-0.6336937962058085
2022-08-19 00:00:00+00:00,679.4897855374954,0.0,-0.11350883080442586,0.5094574873702596,-0.6752727851148949
2022-08-20 00:00:00+00:00,679.0984270998955,0.0,-0.0005759592652159196,0.5091640606101752,-0.6754598147629756
2022-08-21 00:00:00+00:00,693.742911697537,0.0,0.021564598021793557,0.5201439789043777,-0.6684612361264208
2022-08-22 00:00:00+00:00,692.8001177658671,0.0,-0.001358996129218859,0.5194371052504101,-0.668911796023211
2022-08-23 00:00:00+00:00,702.6506566192791,0.0,0.01421844281028406,0.5268226920249526,-0.6642042373298074
2022-08-24 00:00:00+00:00,698.0553737679883,0.0,-0.006539925364050014,0.5233773109390215,-0.6664003165552347
2022-08-25 00:00:00+00:00,708.6421602894258,0.0,0.015166112774537943,0.5313149102603572,-0.6613409061345612
2022-08-26 00:00:00+00:00,650.0654306873721,0.0,-0.08266052019559433,0.48739614339056053,-0.689334643002447
2022-08-27 00:00:00+00:00,741.9725451225065,100.0,-0.012449339993834574,0.4813283830898077,-0.6932022216560155
2022-08-28 00:00:00+00:00,718.1650066404735,0.0,-0.03208681862763829,0.4658840865612706,-0.7030463863251013
2022-08-29 00:00:00+00:00,760.0219289112392,0.0,0.058283154823387306,0.4930372809080735,-0.6857389928839228
2022-08-30 00:00:00+00:00,744.1584992278832,0.0,-0.020872331547171274,0.4827464433158444,-0.6922983528167976
2022-08-31 00:00:00+00:00,755.4524307821068,0.0,0.01517678231981745,0.49007298100171504,-0.6876284318980488
2022-09-01 00:00:00+00:00,763.91784693716,0.0,0.011205756722880711,0.4955646196032772,-0.6841280720987537
2022-09-02 00:00:00+00:00,757.8029002400401,0.0,-0.008004717682191909,0.4915977647300701,-0.6866565377053329
2022-09-03 00:00:00+00:00,751.4820959272325,0.0,-0.008340960836657363,0.4874973670270683,-0.6892701232527552
2022-09-04 00:00:00+00:00,759.6647982942395,0.0,0.010888752255515222,0.492805605081842,-0.6858866626064677
2022-09-05 00:00:00+00:00,763.3784759001096,0.0,0.004888574031874038,0.4952147217656071,-0.6843510963022204
2022-09-06 00:00:00+00:00,729.490677735523,0.0,-0.04439187013313284,0.47323121414897273,-0.698363341442838
2022-09-07 00:00:00+00:00,755.1342674827392,0.0,0.03515273125465934,0.4898665838412677,-0.6877599890480246
2022-09-08 00:00:00+00:00,756.8370119058441,0.0,0.0022548896221872283,0.4909711789174277,-0.6870559222876974
2022-09-09 00:00:00+00:00,817.9325155342914,0.0,0.080724783100391,0.5306047208440803,-0.6617935794918199
2022-09-10 00:00:00+00:00,835.8246985116642,0.0,0.021874888988470342,0.5422116402093028,-0.6543953515880155
2022-09-11 00:00:00+00:00,837.9718852952278,0.0,0.002568943927341527,0.5436045515097524,-0.6535075126252166
2022-09-12 00:00:00+00:00,839.7376533808181,0.0,0.002107192516331402,0.5447500309525375,-0.6527773862488553
2022-09-13 00:00:00+00:00,762.355329866326,0.0,-0.09215059394198621,0.4945509920503458,-0.6847741563361122
2022-09-14 00:00:00+00:00,776.9070303587152,0.0,0.01908781892420275,0.5039908918353876,-0.6787571825120269
2022-09-15 00:00:00+00:00,730.939664683985,0.0,-0.05916713825270192,0.47417119306006067,-0.6977642007070253
2022-09-16 00:00:00+00:00,724.9699554426184,0.0,-0.008167171012600116,0.4702985558370905,-0.7002326121659809
2022-09-17 00:00:00+00:00,738.9421681473439,0.0,0.019272816204079835,0.4793625334647829,-0.6944552503962786
2022-09-18 00:00:00+00:00,695.8404592235106,0.0,-0.058328933956897755,0.4514018279089044,-0.712277349916791
2022-09-19 00:00:00+00:00,707.1226870157975,0.0,0.016213814018340766,0.45872077319415844,-0.7076122683794778
2022-09-20 00:00:00+00:00,681.814945547218,0.0,-0.03578974615477737,0.4423032731656163,-0.7180767510729474
2022-09-21 00:00:00+00:00,656.7787770931977,0.0,-0.03671988802464066,0.4260619465020428,-0.7284289412050917
2022-09-22 00:00:00+00:00,693.841285375816,0.0,0.05643073371927643,0.4501049347530162,-0.7131039871003743
2022-09-23 00:00:00+00:00,691.6125590107497,0.0,-0.0032121558806624817,0.4486591275399341,-0.7140255418153484
2022-09-24 00:00:00+00:00,681.5743464501579,0.0,-0.014514213817849009,0.4421471930314899,-0.718176236247884
2022-09-25 00:00:00+00:00,674.4338386818908,0.0,-0.010476491384185715,0.4375150417731536,-0.7211287604806917
2022-09-26 00:00:00+00:00,692.1515889581507,0.0,0.0262705535518315,0.44900880410778704,-0.7138026586488342
2022-09-27 00:00:00+00:00,786.4034405733651,100.0,-0.00830475357780791,0.4452798966354056,-0.7161794570433794
2022-09-28 00:00:00+00:00,796.7932690614714,0.0,0.013211829898062355,0.45116285888677937,-0.7124296683082608
2022-09-29 00:00:00+00:00,800.820393653139,0.0,0.005054164923369742,0.45344311038289214,-0.7109762404248227
2022-09-30 00:00:00+00:00,795.0026300744858,0.0,-0.00726475452518649,0.45014895749482337,-0.7130759270900828
2022-10-01 00:00:00+00:00,788.2069368085954,0.0,-0.00854801356475221,0.4463010780999985,-0.7155285579573708
2022-10-02 00:00:00+00:00,773.568959336096,0.0,-0.01857123654832038,0.43801271520683305,-0.7208115443987863
2022-10-03 00:00:00+00:00,798.7225473100222,0.0,0.03251628399815032,0.45225526104929936,-0.7117333732874522
2022-10-04 00:00:00+00:00,825.317059860394,0.0,0.03329630876195777,0.46731369186041666,-0.7021351586786633
2022-10-05 00:00:00+00:00,818.6843765834427,0.0,-0.00803652753533679,0.46355811250814055,-0.7045289576777508
2022-10-06 00:00:00+00:00,813.8005265900078,0.0,-0.005965485763654521,0.4607927631873467,-0.7062915859742964
2022-10-07 00:00:00+00:00,798.2109936618926,0.0,-0.019156454706952042,0.451965607490057,-0.7119179979046304
2022-10-08 00:00:00+00:00,791.7175078102348,0.0,-0.008135049383206527,0.44828884495361443,-0.7142615592180893
2022-10-09 00:00:00+00:00,794.0666491678758,0.0,0.0029671459004845246,0.4496189833621515,-0.7134137315749125
2022-10-10 00:00:00+00:00,778.5994742282585,0.0,-0.019478434153890944,0.44086110960039243,-0.7189959833338397
2022-10-11 00:00:00+00:00,774.4594152031307,0.0,-0.005317315464708483,0.43851691200452575,-0.7204901703373039
2022-10-12 00:00:00+00:00,780.2364595817157,0.0,0.007459453994848486,0.44178800873558655,-0.7184051796218272
2022-10-13 00:00:00+00:00,783.8643495388769,0.0,0.004649731389258616,0.44384220430720245,-0.7170958393464621
2022-10-14 00:00:00+00:00,781.2000584292334,0.0,-0.0033989185899458985,0.4423336207879801,-0.7180574075572805
2022-10-15 00:00:00+00:00,773.4469114802813,0.0,-0.009924662530800932,0.4379436088756321,-0.7208555926403337
2022-10-16 00:00:00+00:00,785.6307195899992,0.0,0.015752610720753513,0.4448423640638919,-0.7164583394563213
2022-10-17 00:00:00+00:00,798.768145615019,0.0,0.01672213891009222,0.4522810798688621,-0.7117169164219117
2022-10-18 00:00:00+00:00,788.3530636280635,0.0,-0.01303893006266077,0.44638381849978737,-0.7154758193869346
2022-10-19 00:00:00+00:00,777.2224209650474,0.0,-0.014118855087328575,0.44008139005306046,-0.7194929750618514
2022-10-20 00:00:00+00:00,774.604767697547,0.0,-0.003367959025487366,0.4385992139634822,-0.7204377112282044
2022-10-21 00:00:00+00:00,781.7252023099854,0.0,0.009192345450704353,0.44263096945264196,-0.7178678780948246
2022-10-22 00:00:00+00:00,786.0260739375194,0.0,0.005501769182859828,0.4450662228797559,-0.7163156522810318
2022-10-23 00:00:00+00:00,807.127941384166,0.0,0.026846269031431502,0.45701459043598885,-0.7086997859621622
2022-10-24 00:00:00+00:00,796.2885739179211,0.0,-0.013429552999560612,0.45087708877215626,-0.7126118176253666
2022-10-25 00:00:00+00:00,842.520820260528,0.0,0.05805966311325261,0.47705486065175173,-0.6959261565739655
2022-10-26 00:00:00+00:00,884.9690305897626,0.0,0.0503823873647522,0.5010900234353461,-0.680606190406986
2022-10-27 00:00:00+00:00,957.9548918683108,100.0,-0.03052551873306686,0.4857939905380176,-0.6903558521249431
2022-10-28 00:00:00+00:00,976.7901787618903,0.0,0.01966197683572002,0.49534566072690805,-0.6842676360621076
2022-10-29 00:00:00+00:00,1000.0278719552596,0.0,0.02378985139144585,0.5071298603829988,-0.6767564100445551
2022-10-30 00:00:00+00:00,987.3158815347743,0.0,-0.012711636122331949,0.5006834101310411,-0.6808653649389451
2022-10-31 00:00:00+00:00,978.8610867889279,0.0,-0.008563414104818756,0.4963958507546762,-0.683598246974163
2022-11-01 00:00:00+00:00,980.2001380081587,0.0,0.001367968588498636,0.49707490468596965,-0.6831654193146779
2022-11-02 00:00:00+00:00,955.1616234147357,0.0,-0.02554428796990693,0.4843774801780572,-0.6912587330825284
2022-11-03 00:00:00+00:00,960.0548273739273,0.0,0.005122906782726755,0.48685890085666145,-0.6896770803521293
2022-11-04 00:00:00+00:00,1016.0090913272624,0.0,0.05828236300460965,0.5152341880484147,-0.6715907273005617
2022-11-05 00:00:00+00:00,1015.4301079102895,0.0,-0.000569860468685901,0.5149405764525304,-0.6717778747626231
2022-11-06 00:00:00+00:00,989.0748117662915,0.0,-0.02595481061541105,0.5015753913125144,-0.6802968178629469
2022-11-07 00:00:00+00:00,980.398586353865,0.0,-0.008772061839217749,0.4971755409628912,-0.6831012739468478
2022-11-08 00:00:00+00:00,862.4980547480598,0.0,-0.12025775357783941,0.4373863272728468,-0.721210802853679
2022-11-09 00:00:00+00:00,729.0147685587249,0.0,-0.15476357941273977,0.369694853677909,-0.7643572169056476
2022-11-10 00:00:00+00:00,827.140603325196,0.0,0.13460061304446236,0.41945600762233837,-0.7326395538416445
2022-11-11 00:00:00+00:00,809.9287738661208,0.0,-0.020808831521366256,0.4107276182291002,-0.7382030123212311
2022-11-12 00:00:00+00:00,794.3570753077427,0.0,-0.0192260098181819,0.4028309650084291,-0.7432363237767134
2022-11-13 00:00:00+00:00,771.6522331462061,0.0,-0.028582664984434736,0.3913169824902366,-0.7505753139143756
2022-11-14 00:00:00+00:00,785.3711106761762,0.0,0.01777857555603135,0.39827404102979747,-0.7461408982872628
2022-11-15 00:00:00+00:00,795.7191899354013,0.0,0.013176037568170651,0.40352171475683324,-0.7427960412260738
2022-11-16 00:00:00+00:00,779.3746826797965,0.0,-0.02054054679381523,0.39523315809254994,-0.7480791511768241
2022-11-17 00:00:00+00:00,776.0210060031923,0.0,-0.004303035178244374,0.39353245590966907,-0.7491631754514434
2022-11-18 00:00:00+00:00,779.457221752761,0.0,0.004427993215372572,0.395275014954466,-0.7480524716941768
2022-11-19 00:00:00+00:00,780.8123936855764,0.0,0.001738609759452725,0.3959622439531336,-0.7476144332625944
2022-11-20 00:00:00+00:00,749.2816786735327,0.0,-0.040381934594061586,0.3799725225161003,-0.7578062507110694
2022-11-21 00:00:00+00:00,726.3543062472859,0.0,-0.030599136584836262,0.36834569140114537,-0.765217170325555
2022-11-22 00:00:00+00:00,747.1281908085364,0.0,0.028600208441771136,0.3788804549538464,-0.7585023324583171
2022-11-23 00:00:00+00:00,769.3510574486156,0.0,0.029744382441291517,0.39015002010552413,-0.7513191334762774
2022-11-24 00:00:00+00:00,774.3276396574396,0.0,0.006468545354740618,0.3926737232057297,-0.7497105300123125
2022-11-25 00:00:00+00:00,771.0466554118333,0.0,-0.004237204094971747,0.3910098844977746,-0.7507710575794726
2022-11-26 00:00:00+00:00,770.9723425858374,0.0,-9.637915614357784e-05,0.3909721992950629,-0.7507950780546296
2022-11-27 00:00:00+00:00,866.4059536930066,100.0,-0.005922895855790533,0.38865651167612886,-0.7522710928540625
2022-11-28 00:00:00+00:00,851.9142634345171,0.0,-0.01672621269131347,0.38215576019797,-0.756414659244772
2022-11-29 00:00:00+00:00,873.5739342093744,0.0,0.02542470727926971,0.39187195853609014,-0.7502215732585493
2022-11-30 00:00:00+00:00,919.2254620390761,0.0,0.052258344762791564,0.4123505384481395,-0.7371685661195868
2022-12-01 00:00:00+00:00,908.056435727848,0.0,-0.012150475343070233,0.40734028339802364,-0.7403620929763346
2022-12-02 00:00:00+00:00,917.359352781599,0.0,0.010244866604897984,0.41151343026423776,-0.7377021372533022
2022-12-03 00:00:00+00:00,894.4896362504959,0.0,-0.02492994316977093,0.40125442383415283,-0.7442412080651297
2022-12-04 00:00:00+00:00,912.9382849040674,0.0,0.020624776303618475,0.4095302065665695,-0.7389662401937894
2022-12-05 00:00:00+00:00,902.6457964078893,0.0,-0.011274024396139337,0.40491315302678205,-0.7419091411700606
2022-12-06 00:00:00+00:00,910.0062615846527,0.0,0.008154322776502854,0.4082149455730139,-0.7398045850014965
2022-12-07 00:00:00+00:00,890.1992228178651,0.0,-0.02176582689914286,0.3993298097300287,-0.7454679533643045
2022-12-08 00:00:00+00:00,916.8467580358404,0.0,0.029934350126283205,0.4112834880703494,-0.7378487019619522
2022-12-09 00:00:00+00:00,908.7860717476144,0.0,-0.008791748694726653,0.4076675870009443,-0.7401534702942991
2022-12-10 00:00:00+00:00,909.7217505799566,0.0,0.0010295919594618397,0.4080873182706537,-0.73988593439662
2022-12-11 00:00:00+00:00,907.4073018457361,0.0,-0.0025441281718778797,0.40704909182765525,-0.7405476979188232
2022-12-12 00:00:00+00:00,914.9782959139949,0.0,0.008343545454019052,0.41044532442733644,-0.738382945843259
2022-12-13 00:00:00+00:00,946.0322298412623,0.0,0.033939530659846895,0.42437564609992884,-0.7295037858125675
2022-12-14 00:00:00+00:00,942.9659894412293,0.0,-0.00324115849683837,0.42300017736872075,-0.7303805069155438
2022-12-15 00:00:00+00:00,916.8891984317852,0.0,-0.027654010114295247,0.41130252618541746,-0.7378365671043124
2022-12-16 00:00:00+00:00,864.6596690111903,0.0,-0.056963839807390504,0.3878731549714163,-0.752770402899138
2022-12-17 00:00:00+00:00,875.2074538034117,0.0,0.012198770418289095,0.39260473054033007,-0.7497545058034984
2022-12-18 00:00:00+00:00,872.7947524296537,0.0,-0.0027567194078078616,0.3915224294600524,-0.7504443624140664
2022-12-19 00:00:00+00:00,858.9504858909931,0.0,-0.01586199561823831,0.385312102399515,-0.7544028128439612
2022-12-20 00:00:00+00:00,887.7845933378499,0.0,0.03356899835378391,0.3982466437306574,-0.7461583612726261
2022-12-21 00:00:00+00:00,884.6398127974164,0.0,-0.0035422787960419644,0.3968359430889754,-0.7470575391270426
2022-12-22 00:00:00+00:00,885.7107947014806,0.0,0.0012106417646720047,0.3973163692554019,-0.7467513164198509
2022-12-23 00:00:00+00:00,885.056616974744,0.0,-0.0007385906671230069,0.39702291509317467,-0.7469383635340043
2022-12-24 00:00:00+00:00,886.9721945330737,0.0,0.00216435595372122,0.3978822140032203,-0.7463906480744609
2022-12-25 00:00:00+00:00,886.2811473325246,0.0,-0.0007791080766774705,0.3975722207567241,-0.7465882371688669
2022-12-26 00:00:00+00:00,891.8551598748668,0.0,0.006289214837885915,0.40007263786663855,-0.7449944761499745
2022-12-27 00:00:00+00:00,978.8558406867778,100.0,-0.014575594528054125,0.3942413413153254,-0.7487113332680265
2022-12-28 00:00:00+00:00,966.2747140907384,0.0,-0.012852890153071339,0.3891742006616,-0.7519411188982443
2022-12-29 00:00:00+00:00,972.6758985381732,0.0,0.006624601010550402,0.391752324464583,-0.7502978277838216
2022-12-30 00:00:00+00:00,971.6109855002509,0.0,-0.0010948282357183814,0.3913234229583509,-0.7505712087724841
2022-12-31 00:00:00+00:00,968.0820660270471,0.0,-0.0036320292029087264,0.38990212485838394,-0.7514771414262686
2023-01-01 00:00:00+00:00,972.0475745402744,0.0,0.0040962524277528,0.3914992623839211,-0.750459129063484
2023-01-02 00:00:00+00:00,978.5067559077643,0.0,0.006644923084700549,0.3941007448701792,-0.7488009491696217
2023-01-03 00:00:00+00:00,978.768570265873,0.0,0.00026756520231252523,0.39420619251571193,-0.7487337370447655
2023-01-04 00:00:00+00:00,998.8351673865025,0.0,0.020501881374448416,0.40228816111174204,-0.7435823059282562
2023-01-05 00:00:00+00:00,996.3229922246419,0.0,-0.0025151048380022134,0.4012763642114589,-0.7442272233111655
2023-01-06 00:00:00+00:00,1006.353670204385,0.0,0.010067696979817908,0.4053162930515029,-0.7416521804997758
2023-01-07 00:00:00+00:00,1004.432204302816,0.0,-0.0019093346190894867,0.40454240862149865,-0.7421454529353138
2023-01-08 00:00:00+00:00,1019.4366791325164,0.0,0.01493826538558185,0.4105855704812091,-0.7382935532803825
2023-01-09 00:00:00+00:00,1031.1778224269642,0.0,0.011517285511483566,0.4153144017233365,-0.7352794054133167
2023-01-10 00:00:00+00:00,1045.2960579751339,0.0,0.0136913684925275,0.4210006242375843,-0.7316550182052696
2023-01-11 00:00:00+00:00,1080.471630117876,0.0,0.033651300867700185,0.43516784290929283,-0.7226248604865575
2023-01-12 00:00:00+00:00,1120.51166225701,0.0,0.037057920840333214,0.451294258384084,-0.7123459145233919
2023-01-13 00:00:00+00:00,1169.676245962693,0.0,0.04387690495487795,0.4710956536658846,-0.6997245435550525
2023-01-14 00:00:00+00:00,1237.786642260017,0.0,0.05823012695386187,0.49852761338626156,-0.6822394656051345
2023-01-15 00:00:00+00:00,1235.7655508664234,0.0,-0.0016328269546547203,0.4977136040614848,-0.6827583135708198
2023-01-16 00:00:00+00:00,1254.713693977441,0.0,0.015333121317172571,0.5053451071337667,-0.6778940083059368
2023-01-17 00:00:00+00:00,1249.1944620304319,0.0,-0.004398797887917416,0.5031221961438372,-0.6793108874618863
2023-01-18 00:00:00+00:00,1215.4631242261828,0.0,-0.027002471456223365,0.48953665340347086,-0.6879702860695183
2023-01-19 00:00:00+00:00,1242.2183948299567,0.0,0.022012408332673594,0.5003125341119986,-0.6811017605945531
2023-01-20 00:00:00+00:00,1332.9692615093527,0.0,0.07305548449217625,0.5368631086890592,-0.6578044952110862
2023-01-21 00:00:00+00:00,1326.4615329507812,0.0,-0.004882129503273491,0.5342420734669092,-0.6594751379809036
2023-01-22 00:00:00+00:00,1324.1002905662917,0.0,-0.0017801061891609127,0.5332910658454206,-0.660081308395347
2023-01-23 00:00:00+00:00,1330.9392337896438,0.0,0.005164973735053868,0.5360455001936512,-0.6583256372811551
2023-01-24 00:00:00+00:00,1297.872955370626,0.0,-0.024844318643208685,0.5227278149795819,-0.6668143040207574
2023-01-25 00:00:00+00:00,1331.195577756552,0.0,0.025674795247128346,0.5361487445991614,-0.6582598294972184
2023-01-26 00:00:00+00:00,1325.8327092479922,0.0,-0.004028610519874021,0.5339888101264519,-0.6596365675431695
2023-01-27 00:00:00+00:00,1426.8500449962437,100.0,0.0007673183359826474,0.5343985495316715,-0.6593754004405473
2023-01-28 00:00:00+00:00,1415.856300714935,0.0,-0.007704905164955589,0.5302810593872402,-0.6619998806770038
2023-01-29 00:00:00+00:00,1468.4645458017899,0.0,0.037156486191635585,0.5499844402480482,-0.6494409839106077
2023-01-30 00:00:00+00:00,1406.4470904329546,0.0,-0.042232858495724446,0.5267570252082021,-0.6642460932315114
2023-01-31 00:00:00+00:00,1424.3766705159615,0.0,0.012748136922440034,0.5334721958904135,-0.6599658564557825
2023-02-01 00:00:00+00:00,1467.0247607426365,0.0,0.029941581541929052,0.5494451971440183,-0.6497846964198133
2023-02-02 00:00:00+00:00,1458.466415816985,0.0,-0.0058338108221970275,0.5462398378067154,-0.6518277862479385
2023-02-03 00:00:00+00:00,1463.5977860434084,0.0,0.003518332798598589,0.5481616913439719,-0.6506028005287339
2023-02-04 00:00:00+00:00,1460.704830584662,0.0,-0.0019766055171257513,0.5470781919205844,-0.6512934209608772
2023-02-05 00:00:00+00:00,1432.7589917068103,0.0,-0.019131749476494875,0.536611629008706,-0.6579647878718591
2023-02-06 00:00:00+00:00,1421.1797129980196,0.0,-0.008081804948225524,0.532274838490108,-0.6607290497417038
2023-02-07 00:00:00+00:00,1459.143599849349,0.0,0.026712938908509676,0.5464934637332312,-0.6516661255740218
2023-02-08 00:00:00+00:00,1441.4921898222126,0.0,-0.012097102731327247,0.5398824761604514,-0.6558799562377542
2023-02-09 00:00:00+00:00,1360.7073171609327,0.0,-0.056042532336747164,0.5096260950321861,-0.6751653149180227
2023-02-10 00:00:00+00:00,1342.8550805654427,0.0,-0.013119821118282804,0.5029398918281549,-0.6794270878793119
2023-02-11 00:00:00+00:00,1360.7387592117416,0.0,0.013317653487052716,0.509637871032338,-0.6751578089183532
2023-02-12 00:00:00+00:00,1349.3777222790793,0.0,-0.008349168314455535,0.5053828186676683,-0.6778699710473304
2023-02-13 00:00:00+00:00,1345.6113753634017,0.0,-0.002791173185604623,0.5039722076957378,-0.6787690917464211
2023-02-14 00:00:00+00:00,1379.4077993453225,0.0,0.02511603617559599,0.5166299918957189,-0.6707010446340047
2023-02-15 00:00:00+00:00,1500.8543064394191,0.0,0.0880424970423801,0.5621153864292026,-0.6417087423301352
2023-02-16 00:00:00+00:00,1457.6599492384296,0.0,-0.028779846928288833,0.5459377916517342,-0.652020309881618
2023-02-17 00:00:00+00:00,1516.7451712390903,0.0,0.04053429747557402,0.5680669965017036,-0.6379151976069014
2023-02-18 00:00:00+00:00,1518.2517545462392,0.0,0.000993300216619808,0.5686312575723833,-0.6375555386942495
2023-02-19 00:00:00+00:00,1500.6257939287184,0.0,-0.01160937938305806,0.5620298015741602,-0.6417632939508362
2023-02-20 00:00:00+00:00,1530.219241165378,0.0,0.019720737412611378,0.5731134437090663,-0.6346986019392817
2023-02-21 00:00:00+00:00,1500.2312466786434,0.0,-0.019597188219837358,0.5618820316813805,-0.6418574821940473
2023-02-22 00:00:00+00:00,1484.2746126956617,0.0,-0.010636116277612517,0.5559057890581162,-0.6456667276573884
2023-02-23 00:00:00+00:00,1477.8957161913415,0.0,-0.004297652502952443,0.5535166991523648,-0.647189528932151
2023-02-24 00:00:00+00:00,1434.605902769602,0.0,-0.029291521010224586,0.5373033531296332,-0.657523884258062
2023-02-25 00:00:00+00:00,1428.8546472741914,0.0,-0.004008944536131764,0.5351493337878589,-0.6588968520110212
2023-02-26 00:00:00+00:00,1460.2935030086214,0.0,0.02200283688365756,0.5469241372875911,-0.6513916150853176
2023-02-27 00:00:00+00:00,1554.64284381985,100.0,-0.003869536622007508,0.5448077943088969,-0.652740567997484
2023-02-28 00:00:00+00:00,1529.9845284185153,0.0,-0.015861080568671193,0.5361665539889234,-0.6582484778267069
2023-03-01 00:00:00+00:00,1572.155603674607,0.0,0.02756307300681149,0.5509449518603307,-0.6488287556708554
2023-03-02 00:00:00+00:00,1559.0532817699232,0.0,-0.008333985436339564,0.5463533846553018,-0.6517554117067559
2023-03-03 00:00:00+00:00,1485.0903715688328,0.0,-0.04744091242162274,0.5204338815826125,-0.6682764527212797
2023-03-04 00:00:00+00:00,1483.748023509705,0.0,-0.0009038830799971143,0.5199634702027928,-0.6685762920229015
2023-03-05 00:00:00+00:00,1486.2578845734463,0.0,0.0016915682608993343,0.5208430239058149,-0.6680156661975778
2023-03-06 00:00:00+00:00,1485.9318570917653,0.0,-0.0002193613134470196,0.5207287710959912,-0.6680884907170845
2023-03-07 00:00:00+00:00,1476.0270272023863,0.0,-0.00666573627996947,0.5172577304344728,-0.6703009253062512
2023-03-08 00:00:00+00:00,1445.2060946908955,0.0,-0.020881008235945298,0.5064568675051642,-0.6771853744003149
2023-03-09 00:00:00+00:00,1355.6834801008627,0.0,-0.06194453159234714,0.47508463407582935,-0.6971819751742463
2023-03-10 00:00:00+00:00,1343.1394080403434,0.0,-0.009252950445030161,0.4706886994995304,-0.6999839353518209
2023-03-11 00:00:00+00:00,1372.5660540880085,0.0,0.021908854636764064,0.48100094979603314,-0.69341092700275
2023-03-12 00:00:00+00:00,1475.0205844068366,0.0,0.07464451711717679,0.5169050334264614,-0.6705257336954673
2023-03-13 00:00:00+00:00,1594.54652392956,0.0,0.08103340440553208,0.558791608039363,-0.6438273122327962
2023-03-14 00:00:00+00:00,1626.5492427457516,0.0,0.02007010666413489,0.5700066152157365,-0.6366788883984568
2023-03-15 00:00:00+00:00,1592.4678007379175,0.0,-0.020953218698932075,0.5580631419472831,-0.644291635107783
2023-03-16 00:00:00+00:00,1629.852372982783,0.0,0.023475873250022428,0.5711641615331469,-0.6359410706196005
2023-03-17 00:00:00+00:00,1769.0283601990036,0.0,0.08539177506090034,0.6199368831376331,-0.6048534324130372
2023-03-18 00:00:00+00:00,1738.0785144759147,0.0,-0.017495392623104844,0.6090908439655963,-0.6117666767566434
2023-03-19 00:00:00+00:00,1788.7356529672322,0.0,0.02914548339986367,0.6268430910474045,-0.6004514288787803
2023-03-20 00:00:00+00:00,1760.3639630045336,0.0,-0.01586130958793963,0.6169005387172406,-0.6067887924607529
2023-03-21 00:00:00+00:00,1801.815410104202,0.0,0.023547089108163943,0.6314267506732898,-0.5975298131184975
2023-03-22 00:00:00+00:00,1742.4231377069032,0.0,-0.03296246222795052,0.6106133702545039,-0.6107962214514553
2023-03-23 00:00:00+00:00,1814.1393499583364,0.0,0.04115889573517406,0.6357455422953122,-0.59477702371044
2023-03-24 00:00:00+00:00,1756.3044383738422,0.0,-0.031880082192044634,0.6154779221537117,-0.6076955655006561
2023-03-25 00:00:00+00:00,1753.7199302051577,0.0,-0.0014715604608261934,0.6145722091789588,-0.6082728651950721
2023-03-26 00:00:00+00:00,1785.96047663393,0.0,0.01838409079664216,0.6258705604735978,-0.6010713179813099
2023-03-27 00:00:00+00:00,1826.8738357214118,100.0,-0.033083957727822244,0.6051642853078009,-0.614269457633632
2023-03-28 00:00:00+00:00,1855.8285810681414,0.0,0.015849340430942105,0.614755740082292,-0.6081558829530556
2023-03-29 00:00:00+00:00,1909.4794252640158,0.0,0.028909374897650997,0.6325279442428138,-0.5968279144719064
2023-03-30 00:00:00+00:00,1896.2851660371869,0.0,-0.006909872425048369,0.6281572568428179,-0.5996137821482461
2023-03-31 00:00:00+00:00,1925.8215239718388,0.0,0.015575905176949956,0.6379413747116146,-0.5933774043848297
2023-04-01 00:00:00+00:00,1924.9985150727362,0.0,-0.00042735471011112747,0.6376687474603568,-0.5935511764663033
2023-04-02 00:00:00+00:00,1902.6536044135012,0.0,-0.011607754751120303,0.630266845027383,-0.5982691347287639
2023-04-03 00:00:00+00:00,1893.5106517033428,0.0,-0.004805369032465978,0.6272381802480983,-0.600199599788124
2023-04-04 00:00:00+00:00,1932.9150643631929,0.0,0.020810240821409254,0.6402911578314437,-0.5918796571792191
2023-04-05 00:00:00+00:00,1948.52707034709,0.0,0.008076922919032059,0.6454627401589861,-0.5885833006285668
2023-04-06 00:00:00+00:00,1928.219654955346,0.0,-0.010421931365894088,0.6387357717818072,-0.5928710572321985
2023-04-07 00:00:00+00:00,1919.380301162713,0.0,-0.00458420479737176,0.6358076761925521,-0.5947374196847836
2023-04-08 00:00:00+00:00,1914.7268000294569,0.0,-0.002424481031944148,0.6342661725416587,-0.5957199711237146
2023-04-09 00:00:00+00:00,1934.9397169729677,0.0,0.01055655404374134,0.6409618376702118,-0.5914521671500768
2023-04-10 00:00:00+00:00,2010.6188613908553,0.0,0.03911188744230265,0.6660310649199805,-0.5754730902968539
2023-04-11 00:00:00+00:00,2026.027279817434,0.0,0.0076635202834614,0.6711352074954102,-0.5722197197134686
2023-04-12 00:00:00+00:00,2024.0185499792578,0.0,-0.0009914623846314363,0.6704698021821767,-0.5726438477702598
2023-04-13 00:00:00+00:00,2082.452835369211,0.0,0.028870429764861427,0.6898265535155377,-0.5603058919927297
2023-04-14 00:00:00+00:00,2121.7607858234887,0.0,0.018875793865126722,0.7028475773423878,-0.5520063166462736
2023-04-15 00:00:00+00:00,2110.781364360687,0.0,-0.005174674513809818,0.6992105698968212,-0.554324538141872
2023-04-16 00:00:00+00:00,2122.4786362819436,0.0,0.005541678602416278,0.7030853701506017,-0.5518547479712708
2023-04-17 00:00:00+00:00,2067.863035517208,0.0,-0.025731990810710093,0.6849935838667417,-0.5633864174783374
2023-04-18 00:00:00+00:00,2119.5312510800227,0.0,0.024986285201375358,0.7021090289143483,-0.5524770659826569
2023-04-19 00:00:00+00:00,1984.8806842333518,0.0,-0.06352846497453568,0.6575051200626579,-0.580907511021679
2023-04-20 00:00:00+00:00,1965.4126445535057,0.0,-0.009808166221016656,0.6510562005539139,-0.585018039815558
2023-04-21 00:00:00+00:00,1886.4042092558504,0.0,-0.04019941334793031,0.6248841232351141,-0.6017000711649467
2023-04-22 00:00:00+00:00,1919.8324552671875,0.0,0.01772061674126757,0.6359574552906666,-0.5946419507779866
2023-04-23 00:00:00+00:00,1905.4583663938063,0.0,-0.007487157972532965,0.6311959413590953,-0.5976769305279497
2023-04-24 00:00:00+00:00,1894.0066997443564,0.0,-0.006009927506903656,0.6274024995088753,-0.6000948630098317
2023-04-25 00:00:00+00:00,1936.866797284656,0.0,0.022629327312350345,0.6416001960268484,-0.5910452787709908
2023-04-26 00:00:00+00:00,1941.6283587305288,0.0,0.002458383536001696,0.6431774953854562,-0.5900399112173513
2023-04-27 00:00:00+00:00,2106.104374255012,100.0,0.033207186758767104,0.6645356105937571,-0.5764262899855052
2023-04-28 00:00:00+00:00,2091.4965018061102,0.0,-0.0069359679546123765,0.65992641289398,-0.579364183664582
2023-04-29 00:00:00+00:00,2095.06678544462,0.0,0.0017070473870870462,0.6610529385527805,-0.5786461383933914
2023-04-30 00:00:00+00:00,2079.2048313702917,0.0,-0.007571097105127489,0.6560480425633675,-0.5818362493952354
2023-05-01 00:00:00+00:00,2011.2521400217734,0.0,-0.03268205725730944,0.6346070428727657,-0.5955027010354317
2023-05-02 00:00:00+00:00,2054.407334564221,0.0,0.02145687936569729,0.6482237296363085,-0.5868234512877986
2023-05-03 00:00:00+00:00,2084.9399802347484,0.0,0.014862021351283783,0.6578576445465721,-0.580682812598988
2023-05-04 00:00:00+00:00,2064.7770035018134,0.0,-0.009670770825098152,0.6514956540306234,-0.5847379330213679
2023-05-05 00:00:00+00:00,2143.415950892572,0.0,0.038085927563794364,0.6763084703181605,-0.5689222920184283
2023-05-06 00:00:00+00:00,2073.3822389677575,0.0,-0.032673878299566805,0.6542108496660188,-0.5830072725866742
2023-05-07 00:00:00+00:00,2043.991033625178,0.0,-0.01417548814212477,0.6449370915241288,-0.5889183480494742
2023-05-08 00:00:00+00:00,2000.8047189485221,0.0,-0.021128426674192236,0.6313105854763944,-0.5976038565898166
2023-05-09 00:00:00+00:00,1998.5806124964959,0.0,-0.0011116059608231588,0.6306088168664481,-0.5980511625414436
2023-05-10 00:00:00+00:00,1994.8739516011951,0.0,-0.001854646678810079,0.6294392603186184,-0.5987966356178878
2023-05-11 00:00:00+00:00,1947.4156513857972,0.0,-0.023790124773199417,0.6144648217784882,-0.6083413137159656
2023-05-12 00:00:00+00:00,1945.3486472055179,0.0,-0.001061408836274147,0.6138126233870729,-0.6087570237063908
2023-05-13 00:00:00+00:00,1939.2500001802443,0.0,-0.0031349892133907264,0.6118883274337114,-0.6099835662168862
2023-05-14 00:00:00+00:00,1947.2522296489324,0.0,0.004126455829802422,0.6144132575896383,-0.6083741806299832
2023-05-15 00:00:00+00:00,1965.2148816160602,0.0,0.009224614918205143,0.6200809832915427,-0.6047615832542681
2023-05-16 00:00:00+00:00,1962.9633942625946,0.0,-0.0011456698066595328,0.6193705752313018,-0.6052143959747657
2023-05-17 00:00:00+00:00,1978.4392916345935,0.0,0.007883945985560414,0.6242536593914708,-0.6021019275967538
2023-05-18 00:00:00+00:00,1943.5844667120718,0.0,-0.01761733355675743,0.6132559744499448,-0.6091118306598727
2023-05-19 00:00:00+00:00,1951.1646882953387,0.0,0.003900124596123211,0.6156477491596166,-0.6075873180962956
2023-05-20 00:00:00+00:00,1963.9518210434453,0.0,0.0065535896712431985,0.6196824518896332,-0.6050156063973067
2023-05-21 00:00:00+00:00,1942.193454413697,0.0,-0.011078869856485651,0.6128170706528,-0.6093915870893739
2023-05-22 00:00:00+00:00,1951.9327767681211,0.0,0.005014599514940876,0.615890102838043,-0.6074328423314604
2023-05-23 00:00:00+00:00,1983.7869211700026,0.0,0.01631928352298262,0.625940988045256,-0.6010264275836561
2023-05-24 00:00:00+00:00,1921.6354873819168,0.0,-0.03132969227936533,0.6063304495047562,-0.6135261468350592
2023-05-25 00:00:00+00:00,1930.4275024010915,0.0,0.0045752771932585645,0.6091045793819535,-0.6117579218288829
2023-05-26 00:00:00+00:00,1950.0488909400876,0.0,0.01016427113403151,0.6152956834757719,-0.6078117240807119
2023-05-27 00:00:00+00:00,2057.6965401216726,100.0,0.003921773047391719,0.6177087335034036,-0.6062736506707086
2023-05-28 00:00:00+00:00,2148.7963832900673,0.0,0.0442727299152712,0.6450563854281041,-0.5888423103463272
2023-05-29 00:00:00+00:00,2126.4483413986663,0.0,-0.01040026038073616,0.6383476310593953,-0.5931184573762672
2023-05-30 00:00:00+00:00,2128.066847812601,0.0,0.0007611313110338358,0.6388334974287189,-0.5928087670942945
2023-05-31 00:00:00+00:00,2093.6615932323803,0.0,-0.01616737491850173,0.628505236765291,-0.5993919804202081
2023-06-01 00:00:00+00:00,2070.2291320303243,0.0,-0.011192095837168625,0.6214709459212515,-0.6038756237684835
2023-06-02 00:00:00+00:00,2109.8832804816757,0.0,0.019154473211601353,0.6333748945066887,-0.5962880700154946
2023-06-03 00:00:00+00:00,2095.3481018441553,0.0,-0.006889091340731457,0.629011517005506,-0.5990692783765008
2023-06-04 00:00:00+00:00,2096.5616205586416,0.0,0.0005791489793118831,0.6293758083835551,-0.5988370797582978
2023-06-05 00:00:00+00:00,1996.9694368668202,0.0,-0.04750262654587967,0.5994788044009,-0.6178933721425939
2023-06-06 00:00:00+00:00,2099.4813635947075,0.0,0.051333748446708904,0.6302522985451495,-0.5982784066283416
2023-06-07 00:00:00+00:00,2034.8774831014293,0.0,-0.030771352207987324,0.6108585830867231,-0.6106399232675348
2023-06-08 00:00:00+00:00,2048.265754457876,0.0,0.006579399235398187,0.6148776655812204,-0.6080781678763867
2023-06-09 00:00:00+00:00,2044.9548248785554,0.0,-0.0016164550777234554,0.6138837434565129,-0.6087116919119935
2023-06-10 00:00:00+00:00,1975.913494733626,0.0,-0.033761787451236036,0.593157930990165,-0.6219222846018145
2023-06-11 00:00:00+00:00,1980.3627479534907,0.0,0.0022517449431480596,0.5944935713617603,-0.6210709500180497
2023-06-12 00:00:00+00:00,1974.879313782831,0.0,-0.002768903917388932,0.5928474757831542,-0.6221201681489572
2023-06-13 00:00:00+00:00,1975.1314759395786,0.0,0.00012768484382186251,0.5929231734205098,-0.6220719186216438
2023-06-14 00:00:00+00:00,1898.1238717715214,0.0,-0.03898859650921438,0.5698059310510546,-0.6368068040960061
2023-06-15 00:00:00+00:00,1926.993731386537,0.0,0.015209681541000553,0.5784724978025144,-0.6312827512484481
2023-06-16 00:00:00+00:00,1984.2355982772249,0.0,0.02970526886431557,0.5956561788803503,-0.6203299062393726
2023-06-17 00:00:00+00:00,1996.5764888920144,0.0,0.0062194684066267936,0.5993608436661086,-0.6179685600862873
2023-06-18 00:00:00+00:00,1985.353420572812,0.0,-0.005621156204954847,0.595991742740728,-0.6201160184852461
2023-06-19 00:00:00+00:00,2015.8854265342293,0.0,0.015378625107769661,0.6051572763196639,-0.6142739251490839
2023-06-20 00:00:00+00:00,2108.0443809428107,0.0,0.045716365223704036,0.6328228673816756,-0.5966399310348935
2023-06-21 00:00:00+00:00,2229.3101612605315,0.0,0.05752525013893939,0.6692261611214474,-0.5734365421716159
2023-06-22 00:00:00+00:00,2216.6483803449178,0.0,-0.005679685642510313,0.6654251669025336,-0.5758592885186633
2023-06-23 00:00:00+00:00,2263.0073338982156,0.0,0.020913986162335974,0.6793418596352033,-0.5669888155478593
2023-06-24 00:00:00+00:00,2247.681683495778,0.0,-0.006772249551678544,0.6747411870308524,-0.569921275347637
2023-06-25 00:00:00+00:00,2255.311376993114,0.0,0.00339447242612656,0.6770315773850005,-0.568461384975741
2023-06-26 00:00:00+00:00,2228.554834346213,0.0,-0.011863790924769968,0.6689994163014377,-0.5735810688803535
2023-06-27 00:00:00+00:00,2363.178136605812,100.0,0.015536212852378162,0.6793931336312136,-0.5669561336021951
2023-06-28 00:00:00+00:00,2304.753300688158,0.0,-0.02472299274127876,0.6625965021199745,-0.5776622739678035
2023-06-29 00:00:00+00:00,2333.7931901511647,0.0,0.01259999907770415,0.6709452174355761,-0.572340819009318
2023-06-30 00:00:00+00:00,2373.200004804208,0.0,0.016885307069771205,0.6822743334589703,-0.5651196624170836
2023-07-01 00:00:00+00:00,2374.353576635303,0.0,0.00048608285385109973,0.6826059753140874,-0.5649082745415075
2023-07-02 00:00:00+00:00,2381.919165654156,0.0,0.0031863784287655683,0.6847810162691746,-0.563521907652972
2023-07-03 00:00:00+00:00,2416.3623846525556,0.0,0.014460280388625346,0.6946831417692347,-0.5572103120541418
2023-07-04 00:00:00+00:00,2388.531041493413,0.0,-0.011517868071408754,0.686681872990905,-0.5623103052632824
2023-07-05 00:00:00+00:00,2363.8363270346435,0.0,-0.010338871059146548,0.6795823576473988,-0.5668355225810825
2023-07-06 00:00:00+00:00,2304.455304604965,0.0,-0.02512061505720664,0.6625108308412696,-0.5777168806747792
2023-07-07 00:00:00+00:00,2337.6831854264356,0.0,0.014418973869908314,0.6720635571997011,-0.5716279914115254
2023-07-08 00:00:00+00:00,2332.1368729353744,0.0,-0.0023725680732264998,0.6704690406607101,-0.5726443331625664
2023-07-09 00:00:00+00:00,2325.019896135179,0.0,-0.0030516977295752534,0.6684229718115753,-0.5739484934807753
2023-07-10 00:00:00+00:00,2345.3421390384988,0.0,0.008740674837708351,0.674265439662235,-0.570224515798175
2023-07-11 00:00:00+00:00,2354.5155486246676,0.0,0.00391133107339714,0.6769027150281036,-0.5685435215922321
2023-07-12 00:00:00+00:00,2339.810952652024,0.0,-0.006245274524193767,0.672675271746581,-0.5712380857451305
2023-07-13 00:00:00+00:00,2453.6061097490074,0.0,0.04863433815796281,0.7053903883832038,-0.5503855338180037
2023-07-14 00:00:00+00:00,2367.3706372478887,0.0,-0.035146420673830225,0.6805984410538112,-0.5661878729874759
2023-07-15 00:00:00+00:00,2363.2865320146266,0.0,-0.0017251651131442447,0.6794242963672448,-0.5669362705346568
2023-07-16 00:00:00+00:00,2356.1668406955228,0.0,-0.0030126229818753236,0.6773774471175643,-0.5682409282786607
2023-07-17 00:00:00+00:00,2346.53640053858,0.0,-0.004087333711096597,0.6746087794428242,-0.570005671687579
2023-07-18 00:00:00+00:00,2326.5496970013264,0.0,-0.008517533984414682,0.6688627762377354,-0.5736681629920857
2023-07-19 00:00:00+00:00,2324.956738915545,0.0,-0.00068468689400214,0.6684048146609595,-0.5739600668133809
2023-07-20 00:00:00+00:00,2321.0720829515644,0.0,-0.0016708508588390014,0.6672880099023311,-0.5746719160016455
2023-07-21 00:00:00+00:00,2326.043754764287,0.0,0.0021419721727902186,0.6687173222507784,-0.5737608750814148
2023-07-22 00:00:00+00:00,2309.0702930571524,0.0,-0.007297137756918315,0.6638375998298769,-0.5768712006933341
2023-07-23 00:00:00+00:00,2333.422053720956,0.0,0.010546132240765171,0.6708385189440749,-0.5724088284209699
2023-07-24 00:00:00+00:00,2271.5684482852303,0.0,-0.02650768014174354,0.6530561460571443,-0.5837432784286202
2023-07-25 00:00:00+00:00,2277.67499883834,0.0,0.0026882529371805575,0.6548117261599263,-0.5826242750742348
2023-07-26 00:00:00+00:00,2290.3095446057423,0.0,0.005547124051432428,0.658444048035268,-0.580309040152015
2023-07-27 00:00:00+00:00,2378.428571277313,100.0,-0.005187496754057497,0.6550283716733566,-0.5824861856439336
2023-07-28 00:00:00+00:00,2389.328450868521,0.0,0.004582807204235095,0.6580302404140397,-0.5805728003276349
2023-07-29 00:00:00+00:00,2394.340116818813,0.0,0.0020975207274120944,0.6594104724825721,-0.5796930430826818
2023-07-30 00:00:00+00:00,2381.6092032918923,0.0,-0.005317086506421376,0.6559043299571421,-0.5819278515318619
2023-07-31 00:00:00+00:00,2376.3936583529235,0.0,-0.002189924749937955,0.6544679488313775,-0.582843398077052
2023-08-01 00:00:00+00:00,2408.6766366183565,0.0,0.013584861309472007,0.6633588051477464,-0.5771763834955981
2023-08-02 00:00:00+00:00,2366.135365909944,0.0,-0.017661677811654286,0.6516427756577029,-0.5846441579814573
2023-08-03 00:00:00+00:00,2364.520897883621,0.0,-0.0006823227654612074,0.6511981449569233,-0.5849275647282339
2023-08-04 00:00:00+00:00,2357.790603260094,0.0,-0.0028463671560486903,0.6493445959450381,-0.5861090132753726
2023-08-05 00:00:00+00:00,2358.7393974432266,0.0,0.00040240816203973573,0.6496058975104229,-0.5859424601641199
2023-08-06 00:00:00+00:00,2356.5295196148345,0.0,-0.0009368893531805922,0.648997288661282,-0.5863303862647962
2023-08-07 00:00:00+00:00,2362.118683023364,0.0,0.00237177737940808,0.650536565749826,-0.5853492540323906
2023-08-08 00:00:00+00:00,2403.5278568979343,0.0,0.017530522141914195,0.6619408114198281,-0.5780802099490443
2023-08-09 00:00:00+00:00,2393.5906033744723,0.0,-0.004134444913938884,0.6592040535987248,-0.5798246140791106
2023-08-10 00:00:00+00:00,2385.8370490231387,0.0,-0.003239298458308948,0.6570686949241914,-0.5811856875589435
2023-08-11 00:00:00+00:00,2382.5695624582277,0.0,-0.0013695346738994418,0.6561688165633589,-0.581759268281757
2023-08-12 00:00:00+00:00,2383.310187650097,0.0,0.00031085144523768093,0.6563727875883075,-0.581629257545845
2023-08-13 00:00:00+00:00,2372.4646422500164,0.0,-0.004550622682804928,0.6533858826927322,-0.5835331049362789
2023-08-14 00:00:00+00:00,2381.1842383956296,0.0,0.0036753323907678936,0.6557872929910633,-0.5820024506671686
2023-08-15 00:00:00+00:00,2361.5040282368586,0.0,-0.008264883431292502,0.6503672874587693,-0.5854571516869704
2023-08-16 00:00:00+00:00,2327.558786136342,0.0,-0.014374416344257068,0.6410186372921518,-0.5914159631811561
2023-08-17 00:00:00+00:00,2159.915896490894,0.0,-0.072025201100819,0.5948491410318116,-0.6208443105996178
2023-08-18 00:00:00+00:00,2121.567686565765,0.0,-0.0177544921945485,0.5842878966004285,-0.6275760273275954
2023-08-19 00:00:00+00:00,2127.828066964363,0.0,0.0029508275593752575,0.5860120294283264,-0.6264770684052617
2023-08-20 00:00:00+00:00,2139.958039847641,0.0,0.005700635813391974,0.589352670590364,-0.6243477502042896
2023-08-21 00:00:00+00:00,2128.145275016732,0.0,-0.0055200918013094125,0.5860993897453584,-0.6264213851085303
2023-08-22 00:00:00+00:00,2108.6735187729882,0.0,-0.009149636762269653,0.5807367932226004,-0.6298394937369391
2023-08-23 00:00:00+00:00,2149.410696867682,0.0,0.01931886455253551,0.5919559686715417,-0.6226884130537451
2023-08-24 00:00:00+00:00,2127.694677168065,0.0,-0.010103243522172622,0.5859752933656495,-0.6265004839004005
2023-08-25 00:00:00+00:00,2118.0642387350795,0.0,-0.004526231388520263,0.5833230335999204,-0.6281910291337677
2023-08-26 00:00:00+00:00,2112.6181327662152,0.0,-0.00257126571955002,0.581823155080201,-0.6291470487947772
2023-08-27 00:00:00+00:00,2222.6952183037615,100.0,0.004769951266276218,0.5845984231755246,-0.6273780982905737
2023-08-28 00:00:00+00:00,2220.961636251852,0.0,-0.0007799459132470377,0.5841424680244781,-0.6276687232199982
2023-08-29 00:00:00+00:00,2344.0372288144563,0.0,0.0554154518266734,0.6165129868212027,-0.6070358172880324
2023-08-30 00:00:00+00:00,2309.742885856451,0.0,-0.014630460018483005,0.6074931182166395,-0.6127850640518956
2023-08-31 00:00:00+00:00,2207.785317756163,0.0,-0.04414238862888942,0.5806769209029448,-0.6298776562374273
2023-09-01 00:00:00+00:00,2192.116522360151,0.0,-0.007097064768931571,0.5765558191854728,-0.632504438483539
2023-09-02 00:00:00+00:00,2199.561659032899,0.0,0.003396323414748048,0.5785139892140817,-0.6312563047031448
2023-09-03 00:00:00+00:00,2204.2985236134923,0.0,0.002153549349771744,0.5797598476393876,-0.6304621969579057
2023-09-04 00:00:00+00:00,2193.931812986581,0.0,-0.0047029522162530535,0.5770332647790374,-0.6322001155877118
2023-09-05 00:00:00+00:00,2194.168731945758,0.0,0.00010798829652514108,0.5770955776183392,-0.6321603975047321
2023-09-06 00:00:00+00:00,2191.8117818411697,0.0,-0.001074188174442714,0.5764756683733384,-0.6325555264558241
2023-09-07 00:00:00+00:00,2225.5110279003065,0.0,0.01537506383455467,0.585339018573646,-0.6269060442194281
2023-09-08 00:00:00+00:00,2201.414247572565,0.0,-0.0108275268132354,0.579001244655207,-0.6309457290294983
2023-09-09 00:00:00+00:00,2200.4853438675236,0.0,-0.0004219577056273627,0.5787569306184569,-0.631101454322929
2023-09-10 00:00:00+00:00,2188.039288444098,0.0,-0.005656050133717616,0.5754834524036424,-0.633187962991534
2023-09-11 00:00:00+00:00,2118.7123641170956,0.0,-0.031684497025782576,0.5572495486675721,-0.64481021788715
2023-09-12 00:00:00+00:00,2175.4225996897253,0.0,0.026766368353290826,0.5721650953519134,-0.6353030773437923
2023-09-13 00:00:00+00:00,2203.0138170119117,0.0,0.0126831528394169,0.5794219527056412,-0.6306775705336787
2023-09-14 00:00:00+00:00,2228.491018691091,0.0,0.01156470353587502,0.5861227958108598,-0.6264064661277515
2023-09-15 00:00:00+00:00,2240.152925479787,0.0,0.005233095709555657,0.5891900324988903,-0.624451415408527
2023-09-16 00:00:00+00:00,2234.4994962612304,0.0,-0.002523680037310738,0.5877031053756905,-0.6253991798745007
2023-09-17 00:00:00+00:00,2226.696372049044,0.0,-0.0034921127640631378,0.5856507798599285,-0.6267073281798895
2023-09-18 00:00:00+00:00,2246.323048711265,0.0,0.008814258157775035,0.5908128570239162,-0.6234170302020614
2023-09-19 00:00:00+00:00,2273.1768406058654,0.0,0.011954554760058578,0.5978757616761552,-0.6189151484679065
2023-09-20 00:00:00+00:00,2257.997696491293,0.0,-0.0066775025345263694,0.5938834447622308,-0.6214598435298817
2023-09-21 00:00:00+00:00,2209.0671462574073,0.0,-0.0216698849205732,0.5810140588579996,-0.629662765158405
2023-09-22 00:00:00+00:00,2214.387967342079,0.0,0.0024086280463162524,0.582413505615469,-0.6287707605079703
2023-09-23 00:00:00+00:00,2214.5681590347835,0.0,8.137313576583871e-05,0.5824608984287333,-0.6287405524206648
2023-09-24 00:00:00+00:00,2190.6020748814803,0.0,-0.010822012434130168,0.5761574993435429,-0.6327583267786567
2023-09-25 00:00:00+00:00,2197.4763154063257,0.0,0.003138059898540657,0.5779655160874763,-0.631605900410848
2023-09-26 00:00:00+00:00,2196.017627305635,0.0,-0.0006638015119726504,0.5775818617040294,-0.631850440971157
2023-09-27 00:00:00+00:00,2306.6593335452953,100.0,0.004845911119901736,0.5803807720703145,-0.6300664209292722
2023-09-28 00:00:00+00:00,2371.462601547449,0.0,0.028093991626649162,0.5966859846211261,-0.6196735100564428
2023-09-29 00:00:00+00:00,2372.9617984404995,0.0,0.0006321823890758083,0.5970631989924119,-0.6194330743474015
2023-09-30 00:00:00+00:00,2377.8622350682813,0.0,0.0020651139984648736,0.5982962025626194,-0.6186471602618835
2023-10-01 00:00:00+00:00,2468.199673989443,0.0,0.037991031435245404,0.6210260924017639,-0.6041591725394726
2023-10-02 00:00:00+00:00,2402.479689768817,0.0,-0.02662668863998363,0.6044902240020764,-0.6146991030032576
2023-10-03 00:00:00+00:00,2395.777541784799,0.0,-0.0027896793519461838,0.6028038901057245,-0.6157739689598957
2023-10-04 00:00:00+00:00,2409.555217123371,0.0,0.0057508157991614794,0.6062705042407406,-0.6135643558301411
2023-10-05 00:00:00+00:00,2370.6452016807457,0.0,-0.01614821489298679,0.5964803178549817,-0.6198046016545058
2023-10-06 00:00:00+00:00,2417.089072004138,0.0,0.01959123629738624,0.6081661047088187,-0.6123561037663403
2023-10-07 00:00:00+00:00,2412.3289099865465,0.0,-0.0019693779897174135,0.606968395768113,-0.613119521123431
2023-10-08 00:00:00+00:00,2409.7626784701647,0.0,-0.0010637983509454996,0.6063227037896188,-0.613531083938873
2023-10-09 00:00:00+00:00,2363.477806139455,0.0,-0.019207232622630577,0.5946769225735493,-0.620954082311075
2023-10-10 00:00:00+00:00,2345.782623958017,0.0,-0.007486925468676797,0.5902246207762991,-0.6237919708460181
2023-10-11 00:00:00+00:00,2317.1420986597395,0.0,-0.012209368850193303,0.5830183506767758,-0.6283852334383634
2023-10-12 00:00:00+00:00,2296.122967388248,0.0,-0.009071144701763956,0.5777297068540029,-0.6317562047591563
2023-10-13 00:00:00+00:00,2308.488903810161,0.0,0.005385572374627001,0.5808411120032372,-0.6297730011483794
2023-10-14 00:00:00+00:00,2309.461786366066,0.0,0.00042143696437069167,0.5810858999182615,-0.6296169738058552
2023-10-15 00:00:00+00:00,2327.53393915276,0.0,0.007825265996338704,0.5856330516518438,-0.6267186281053572
2023-10-16 00:00:00+00:00,2423.812786822403,0.0,0.0413651745523802,0.6098578650570654,-0.6112777789997834
2023-10-17 00:00:00+00:00,2399.552752196085,0.0,-0.010009038139501936,0.6037537744260341,-0.6151685145354464
2023-10-18 00:00:00+00:00,2394.5438170627676,0.0,-0.0020874453077694977,0.6024934714425603,-0.6159718292140614
2023-10-19 00:00:00+00:00,2417.826779496986,0.0,0.009723339480493642,0.6083517200001773,-0.6122377929394367
2023-10-20 00:00:00+00:00,2490.30948624341,0.0,0.029978453113793213,0.6265891635148981,-0.6006132817957707
2023-10-21 00:00:00+00:00,2516.990582171345,0.0,0.010713967912551636,0.6333024197071493,-0.5963342653122312
2023-10-22 00:00:00+00:00,2540.2203810287015,0.0,0.009229195779237642,0.6391472917260915,-0.592608755217428
2023-10-23 00:00:00+00:00,2763.788065547136,0.0,0.08801113721790443,0.6953993717206486,-0.5567537884714961
2023-10-24 00:00:00+00:00,2821.0691635227263,0.0,0.020725575412111397,0.7098119238407797,-0.5475672556883295
2023-10-25 00:00:00+00:00,2853.689500533268,0.0,0.011563111401993398,0.7180195581906139,-0.542335725463944
2023-10-26 00:00:00+00:00,2843.5246832737494,0.0,-0.0035619913300375394,0.7154619787495415,-0.5439659216419095
2023-10-27 00:00:00+00:00,2915.246670617069,100.0,-0.009944704479977973,0.708346920804217,-0.5485010457839798
2023-10-28 00:00:00+00:00,2924.1540057246943,0.0,0.0030554310197496992,0.7105112259587864,-0.5471215218738836
2023-10-29 00:00:00+00:00,2959.94777335604,0.0,0.01224072588559677,0.7192083991143872,-0.5415779605636557
2023-10-30 00:00:00+00:00,2964.834978422912,0.0,0.0016511119253062034,0.7203958926789453,-0.5408210544675192
2023-10-31 00:00:00+00:00,2977.3315215080142,0.0,0.00421492028259518,0.7234323039384961,-0.5388856518166536
2023-11-01 00:00:00+00:00,3039.6842850065213,0.0,0.02094249936497694,0.7385827845043319,-0.529228764872642
2023-11-02 00:00:00+00:00,2986.652439391479,0.0,-0.017446497939482053,0.7256971014763401,-0.5374420742562589
2023-11-03 00:00:00+00:00,2991.7934793308473,0.0,0.0017213385366043887,0.7269462718630135,-0.5366458554732644
2023-11-04 00:00:00+00:00,3024.1266182995346,0.0,0.01080727636852763,0.7348025811281079,-0.5316382591768612
2023-11-05 00:00:00+00:00,3041.5394134037583,0.0,0.005757958347000436,0.7390335437835119,-0.528941451781873
2023-11-06 00:00:00+00:00,3048.65042212101,0.0,0.0023379636923046565,0.740761377376273,-0.5278401339991894
2023-11-07 00:00:00+00:00,3059.8570794579127,0.0,0.0036759404277995067,0.7434843720707229,-0.5261045024593725
2023-11-08 00:00:00+00:00,3074.2255429642337,0.0,0.0046957956313653515,0.7469756227370811,-0.5238791860522976
2023-11-09 00:00:00+00:00,3265.75160087949,0.0,0.062300587656487494,0.793512642998672,-0.49421657954787046
2023-11-10 00:00:00+00:00,3275.3367031154457,0.0,0.002935037139191632,0.7958416320762912,-0.4927320864244561
2023-11-11 00:00:00+00:00,3251.872309712389,0.0,-0.007163963747830238,0.7901402514750826,-0.49636613536774876
2023-11-12 00:00:00+00:00,3243.388826094846,0.0,-0.0026087997342961744,0.7880789337969777,-0.49768001525998395
2023-11-13 00:00:00+00:00,3214.3743773927677,0.0,-0.008945720127245038,0.7810290002170522,-0.5021736292577901
2023-11-14 00:00:00+00:00,3121.171619946447,0.0,-0.02899561361048386,0.758382585108176,-0.5166084103489408
2023-11-15 00:00:00+00:00,3296.073430552299,0.0,0.05603722957369861,0.8008802441345779,-0.48952048486566924
2023-11-16 00:00:00+00:00,3145.9718414830313,0.0,-0.04553951610359497,0.7644085453597602,-0.5127674749656845
2023-11-17 00:00:00+00:00,3170.9401994518403,0.0,0.007936612031796964,0.7704753594180709,-0.5089004994452143
2023-11-18 00:00:00+00:00,3169.3428200262783,0.0,-0.0005037557711867757,0.7700872280092068,-0.5091478936528457
2023-11-19 00:00:00+00:00,3241.535011519686,0.0,0.022778284203666344,0.7876284937504141,-0.49796712487250205
2023-11-20 00:00:00+00:00,3252.1298558955164,0.0,0.003268465198795756,0.7902028300718172,-0.4963262478914965
2023-11-21 00:00:00+00:00,3105.9829689115068,0.0,-0.04493882269770744,0.7546920451959932,-0.5189607533349896
2023-11-22 00:00:00+00:00,3273.252921785234,0.0,0.05385411141914509,0.7953353146851208,-0.4930548121481104
2023-11-23 00:00:00+00:00,3266.2297442612053,0.0,-0.002145626290374847,0.7936288223242688,-0.4941425270709444
2023-11-24 00:00:00+00:00,3300.406153777376,0.0,0.010463565698713984,0.8019330096470518,-0.4888494541687658
2023-11-25 00:00:00+00:00,3305.4650226172525,0.0,0.001532801905028247,0.8031622140919439,-0.48806596163835947
2023-11-26 00:00:00+00:00,3274.9732553720983,0.0,-0.009224652820864265,0.7957533215081091,-0.49278837540942855
2023-11-27 00:00:00+00:00,3342.7262509433253,100.0,-0.009846493975447457,0.7879179412219371,-0.4977826316152366
2023-11-28 00:00:00+00:00,3388.226009781352,0.0,0.013611571939277534,0.798642742961127,-0.4909466637763127
2023-11-29 00:00:00+00:00,3379.1096899558006,0.0,-0.0026905878767335967,0.7964939244790745,-0.492316316511367
2023-11-30 00:00:00+00:00,3384.9138492199213,0.0,0.0017176593235115334,0.7978620296945763,-0.491444288899028
2023-12-01 00:00:00+00:00,3461.1562771852823,0.0,0.022524185654808182,0.815833222178339,-0.4799894856463768
2023-12-02 00:00:00+00:00,3550.7550785513163,0.0,0.02588695632053306,0.8369526611657094,-0.46652799617508656
2023-12-03 00:00:00+00:00,3597.481679159559,0.0,0.013159623678495658,0.8479666432233657,-0.4595077053617377
2023-12-04 00:00:00+00:00,3744.220271428828,0.0,0.04078925352680307,0.8825545696160757,-0.43746142812645405
2023-12-05 00:00:00+00:00,3894.382075525076,0.0,0.04010495996779184,0.9179493852999202,-0.4149008412211267
2023-12-06 00:00:00+00:00,3841.1729921571223,0.0,-0.013663036223989233,0.9054074095967788,-0.42289507222214806
2023-12-07 00:00:00+00:00,3883.950041704392,0.0,0.011136454836741638,0.9154904383226046,-0.416468169257889
2023-12-08 00:00:00+00:00,3937.9512200597037,0.0,0.013903674809270905,0.9282191196680389,-0.4083549324423922
2023-12-09 00:00:00+00:00,3900.7625350026847,0.0,-0.009443663209331321,0.919453330917432,-0.41394222919986823
2023-12-10 00:00:00+00:00,3912.0758650867465,0.0,0.0029002867984257996,0.9221200092748605,-0.4122424935841017
2023-12-11 00:00:00+00:00,3690.701563700767,0.0,-0.05658742545399753,0.8699396119903798,-0.4455021776634388
2023-12-12 00:00:00+00:00,3692.065964812089,0.0,0.0003696861119146799,0.8702612165831372,-0.44529718751943403
2023-12-13 00:00:00+00:00,3805.056722889602,0.0,0.030603667202696805,0.8968944012348615,-0.42832124724987886
2023-12-14 00:00:00+00:00,3845.9336544322678,0.0,0.010742791637445848,0.9065295509081194,-0.42217982152552946
2023-12-15 00:00:00+00:00,3728.0133474509107,0.0,-0.030661035154743055,0.878734416478912,-0.43989638633085515
2023-12-16 00:00:00+00:00,3752.5757666138798,0.0,0.006588608160366105,0.8845240532261196,-0.436206083091184
2023-12-17 00:00:00+00:00,3681.1910128728878,0.0,-0.019022868072669397,0.8676978688544963,-0.446931060392714
2023-12-18 00:00:00+00:00,3769.1631974591883,0.0,0.023897750559171538,0.8884338960851058,-0.4337139568319536
2023-12-19 00:00:00+00:00,3722.881561474973,0.0,-0.012279021512099586,0.8775247971629984,-0.4406673953380157
2023-12-20 00:00:00+00:00,3818.0273576565955,0.0,0.02555703011511512,0.8999517248308534,-0.4263725151163036
2023-12-21 00:00:00+00:00,3850.9460057926945,0.0,0.008621899492177398,0.9077110181501568,-0.42142675659568585
2023-12-22 00:00:00+00:00,3906.3926308188716,0.0,0.014398182925123626,0.9207804074326329,-0.41309635320156846
2023-12-23 00:00:00+00:00,3881.389571692445,0.0,-0.006400549429970037,0.9148869069207124,-0.41685285900353153
2023-12-24 00:00:00+00:00,3814.440039716289,0.0,-0.017248856560142523,0.8991061538944846,-0.42691148039203675
2023-12-25 00:00:00+00:00,3852.7038714600317,0.0,0.010031310322180076,0.9081253667367819,-0.4211626516097705
2023-12-26 00:00:00+00:00,3767.130103932813,0.0,-0.022211353475965256,0.8879546732157007,-0.43401941255995635
2023-12-27 00:00:00+00:00,4009.9064003873605,100.0,0.037900548299484305,0.9216086421956651,-0.4125684379691146
2023-12-28 00:00:00+00:00,3937.8995719572717,0.0,-0.017957234219515117,0.9050590999490282,-0.4231170841164388
2023-12-29 00:00:00+00:00,3881.431054572533,0.0,-0.014339755586166958,0.8920807736647229,-0.4313894441320443
2023-12-30 00:00:00+00:00,3881.3120680738375,0.0,-3.065531682067135e-05,0.8920534266459766,-0.43140687506878206
2023-12-31 00:00:00+00:00,3883.997351491961,0.0,0.0006918493980969664,0.892670593272272,-0.4310134942575362
2024-01-01 00:00:00+00:00,4038.9533671814497,0.0,0.03989601476683946,0.9282845924433859,-0.40831320022230255
2024-01-02 00:00:00+00:00,4086.67814061218,0.0,0.011816123904405007,0.939253318206247,-0.40132175568352846
2024-01-03 00:00:00+00:00,3874.394450666054,0.0,-0.051945292152204114,0.8904635301870963,-0.4324202719897162
2024-01-04 00:00:00+00:00,3986.5329334777707,0.0,0.028943486327892787,0.9162366491985537,-0.4159925358920614
2024-01-05 00:00:00+00:00,3987.1731803563607,0.0,0.00016060243055138201,0.9163837990313752,-0.4158987428738655
2024-01-06 00:00:00+00:00,3959.9091839853136,0.0,-0.00683792630462321,0.9101176341468481,-0.4198927842245318
2024-01-07 00:00:00+00:00,3946.003238072823,0.0,-0.0035116830377648345,0.906921589488644,-0.4219299368942555
2024-01-08 00:00:00+00:00,4191.303023401539,0.0,0.062164111514646514,0.9632995643126565,-0.3859947250280712
2024-01-09 00:00:00+00:00,4149.427846561501,0.0,-0.009990968585720017,0.9536752686269709,-0.3921292324417822
2024-01-10 00:00:00+00:00,4325.256054622723,0.0,0.04237408494930839,0.9940863854738247,-0.366371264899069
2024-01-11 00:00:00+00:00,4326.569689512709,0.0,0.00030371262958683864,0.9943883020639934,-0.36617882384974965
2024-01-12 00:00:00+00:00,4057.4983759589295,0.0,-0.06219044944681906,0.9325468466339744,-0.40559644766344527
2024-01-13 00:00:00+00:00,4094.626244461876,0.0,0.009150433361337251,0.9410800544104237,-0.40015739756804747
2024-01-14 00:00:00+00:00,3965.204230631005,0.0,-0.03160777226149003,0.9113346103707884,-0.4191170859384561
2024-01-15 00:00:00+00:00,4034.876062719697,0.0,0.017570805445651594,0.9273474935055023,-0.4089105052687776
2024-01-16 00:00:00+00:00,4117.415753189474,0.0,0.020456561536648987,0.9463178345722548,-0.39681884664614153
2024-01-17 00:00:00+00:00,4061.671993819885,0.0,-0.013538530649087055,0.9335060815651206,-0.40498503317777446
2024-01-18 00:00:00+00:00,3939.8347112131323,0.0,-0.029996829579576167,0.9055038587249138,-0.4228335957348379
2024-01-19 00:00:00+00:00,3972.257839285523,0.0,0.008229565565304409,0.9129557620999266,-0.41808376696884675
2024-01-20 00:00:00+00:00,3962.525614306844,0.0,-0.0024500486555599776,0.9107189760624079,-0.41950949005323324
2024-01-21 00:00:00+00:00,3946.6916023275608,0.0,-0.003995939337808729,0.9070797982802713,-0.42182909491715415
2024-01-22 00:00:00+00:00,3741.390972538903,0.0,-0.05201841199539936,0.8598949476206244,-0.4519046272615066
2024-01-23 00:00:00+00:00,3718.279376700695,0.0,-0.0061772736417665675,0.8545831412259992,-0.4552903623606984
2024-01-24 00:00:00+00:00,3724.918827411397,0.0,0.0017856244886562678,0.8561091058105651,-0.45431771549252253
2024-01-25 00:00:00+00:00,3707.7549559027802,0.0,-0.0046078511516303156,0.8521642824814347,-0.45683213823561464
2024-01-26 00:00:00+00:00,3848.090744195739,0.0,0.037849261874639994,0.8844180715692892,-0.43627363559380616
2024-01-27 00:00:00+00:00,3966.2423564912915,100.0,0.004717043724327796,0.8885899102834672,-0.4336145136843458
2024-01-28 00:00:00+00:00,3953.985396869239,0.0,-0.0030903203890181308,0.8858438827662425,-0.4353648263007509
2024-01-29 00:00:00+00:00,4068.9504587901915,0.0,0.029075742670163107,0.9116004515474919,-0.4189476392877487
2024-01-30 00:00:00+00:00,4062.4956368508283,0.0,-0.0015863604152316357,0.9101543246766497,-0.4198693977519595
2024-01-31 00:00:00+00:00,4003.636184375249,0.0,-0.014488496170104503,0.896967557229368,-0.4282746177607907
2024-02-01 00:00:00+00:00,4047.342547933638,0.0,0.01091666713597994,0.9067594534834141,-0.42203328206969426
2024-02-02 00:00:00+00:00,4057.428961496916,0.0,0.002492107708656377,0.9090191957073372,-0.4205929267565933
2024-02-03 00:00:00+00:00,4038.1658179646474,0.0,-0.004747623116773458,0.9047035151602063,-0.4233437331715457
2024-02-04 00:00:00+00:00,4007.9008409971193,0.0,-0.007494733582481428,0.8979230033429461,-0.4276656182600934
2024-02-05 00:00:00+00:00,4022.9859930306857,0.0,0.0037638536061719297,0.9013026540771432,-0.4255114354334454
2024-02-06 00:00:00+00:00,4090.351826385774,0.0,0.016745231892875356,0.9163951760253289,-0.4158914911999734
2024-02-07 00:00:00+00:00,4198.968855238907,0.0,0.02655444652767347,0.9407295427253115,-0.40038081303668394
2024-02-08 00:00:00+00:00,4252.892414196614,0.0,0.012842095480281479,0.9528104813341115,-0.39268044618589226
2024-02-09 00:00:00+00:00,4406.691420597943,0.0,0.03616338985861289,0.9872673382319695,-0.3707177123925539
2024-02-10 00:00:00+00:00,4452.8557493269545,0.0,0.010475961287697233,0.9976099126478956,-0.36412537550854474
2024-02-11 00:00:00+00:00,4490.655765274438,0.0,0.008488937903096572,1.006078561247877,-0.35872747530708193
2024-02-12 00:00:00+00:00,4683.340933305163,0.0,0.04290802459648124,1.0492474048998934,-0.33121173804451065
2024-02-13 00:00:00+00:00,4657.752765156685,0.0,-0.005463656930570604,1.043514677044229,-0.3348657676670279
2024-02-14 00:00:00+00:00,4868.598861019138,0.0,0.04526777321452791,1.0907522627906985,-0.30475662208055987
2024-02-15 00:00:00+00:00,4903.156320853898,0.0,0.007098029807188988,1.0984944548642457,-0.2998217638608369
2024-02-16 00:00:00+00:00,4905.278147323606,0.0,0.0004327470573768366,1.098969825107133,-0.29951876378950837
2024-02-17 00:00:00+00:00,4866.122993758538,0.0,-0.007982249403417074,1.0901975738762981,-0.3051101797193545
2024-02-18 00:00:00+00:00,4954.925876210047,0.0,0.0182492063117623,1.1100928143225495,-0.2924289920251095
2024-02-19 00:00:00+00:00,4971.870695184688,0.0,0.003419792626161655,1.1138891015433248,-0.2900092459095511
2024-02-20 00:00:00+00:00,5044.474275291101,0.0,0.014602869736079382,1.1301550789936003,-0.2796413434137477
2024-02-21 00:00:00+00:00,4990.632485042452,0.0,-0.010673419530034534,1.1180924597015023,-0.2873300335675848
2024-02-22 00:00:00+00:00,4958.533077062988,0.0,-0.006431931839435134,1.110900965210516,-0.2919138782156906
2024-02-23 00:00:00+00:00,4895.07486406828,0.0,-0.012797779506251827,1.0966838996044694,-0.30097580827372317
2024-02-24 00:00:00+00:00,4988.664263534417,0.0,0.01911909461346939,1.117651502842076,-0.28761109861500445
2024-02-25 00:00:00+00:00,5072.236537711788,0.0,0.016752435073303706,1.1363748870780181,-0.2756768497976101
2024-02-26 00:00:00+00:00,5278.950592853886,0.0,0.04075402509429349,1.1826867377425205,-0.2461577659578843
2024-02-27 00:00:00+00:00,5579.651400003082,100.0,0.03801907284771433,1.2276513909807791,-0.2174973831461533
2024-02-28 00:00:00+00:00,6003.279836045549,0.0,0.07592381775718704,1.320859371458961,-0.15808679706961992
2024-02-29 00:00:00+00:00,5895.419870334491,0.0,-0.017966839570501714,1.297127703036764,-0.17321331651895733
2024-03-01 00:00:00+00:00,6032.111270095889,0.0,0.02318603301678701,1.3272029487863635,-0.15404341317792614
2024-03-02 00:00:00+00:00,5999.661805921674,0.0,-0.0053794538464637665,1.3200633217784765,-0.15859419759284754
2024-03-03 00:00:00+00:00,6111.361657080974,0.0,0.018617691258705937,1.3446398531452899,-0.1429291641403475
2024-03-04 00:00:00+00:00,6518.145827456611,0.0,0.06656195348941818,1.4341417085103647,-0.0858808550267206
2024-03-05 00:00:00+00:00,6190.59034215647,0.0,-0.050252862389234654,1.3620719825859315,-0.13181795862642753
2024-03-06 00:00:00+00:00,6502.894198768396,0.0,0.050448154271363954,1.430786000092129,-0.08801977706758601
2024-03-07 00:00:00+00:00,6580.936431625458,0.0,0.012001153712733359,1.4479570828092616,-0.0770749622292013
2024-03-08 00:00:00+00:00,6670.9647647344955,0.0,0.013680170602529351,1.467765382727233,-0.06444919025915086
2024-03-09 00:00:00+00:00,6696.426898058714,0.0,0.003816859213351176,1.4733676365513333,-0.06087832453143338
2024-03-10 00:00:00+00:00,6719.592148908412,0.0,0.0034593449913435936,1.478464523505245,-0.057629578667139025
2024-03-11 00:00:00+00:00,7030.570556592619,0.0,0.046279357555164324,1.5468869118211699,-0.014017280988864678
2024-03-12 00:00:00+00:00,6938.422990786861,0.0,-0.013106698107076209,1.5266123320621423,-0.026940258825737806
2024-03-13 00:00:00+00:00,7054.721753141683,0.0,0.016761555545006024,1.552200729461693,-0.0106302639254362
2024-03-14 00:00:00+00:00,6872.85101141298,0.0,-0.025780002116697176,1.5121849913706318,-0.036136217815634586
2024-03-15 00:00:00+00:00,6667.89702577814,0.0,-0.029820810213184612,1.467090409735742,-0.06487941673551678
2024-03-16 00:00:00+00:00,6269.414259077401,0.0,-0.05976138581027901,1.379415053740964,-0.12076351869111879
2024-03-17 00:00:00+00:00,6537.965816448883,0.0,0.04283519102006217,1.4385025610639075,-0.08310125606244545
2024-03-18 00:00:00+00:00,6411.307506578005,0.0,-0.019372739691024043,1.410634825403545,-0.10086409675177466
2024-03-19 00:00:00+00:00,5831.696689210583,0.0,-0.09040446379661882,1.2831071404001004,-0.18214999596521908
2024-03-20 00:00:00+00:00,6423.170171259517,0.0,0.10142391032497255,1.4132448839453722,-0.099200450496717
2024-03-21 00:00:00+00:00,6262.911861759928,0.0,-0.024950033274326877,1.3779843770661628,-0.1216754292303226
2024-03-22 00:00:00+00:00,6058.7632833681455,0.0,-0.03259643164360526,1.3330670035131698,-0.15030567606231526
2024-03-23 00:00:00+00:00,6066.503521296645,0.0,0.0012775277010321773,1.3347700335374897,-0.14922016802607518
2024-03-24 00:00:00+00:00,6345.360200710596,0.0,0.045966622855326156,1.3961249042676984,-0.11011269235681209
2024-03-25 00:00:00+00:00,6596.300966337136,0.0,0.03954712698554741,1.4513376331444583,-0.07492020599862004
2024-03-26 00:00:00+00:00,6601.074551758533,0.0,0.0007236761096496291,1.4523879315166004,-0.07425074785218155
2024-03-27 00:00:00+00:00,6613.277093625224,100.0,-0.013300479709007385,1.4330704753038566,-0.08656365699600244
2024-03-28 00:00:00+00:00,6733.729957491376,0.0,0.018213793579322513,1.4591721251256626,-0.06992651599667643
2024-03-29 00:00:00+00:00,6642.7165358263865,0.0,-0.01351604864459044,1.4394498837016338,-0.08249743444950897
2024-03-30 00:00:00+00:00,6623.188176361884,0.0,-0.002939815263707235,1.4352181669621862,-0.08519472249620486
2024-03-31 00:00:00+00:00,6819.349982827283,0.0,0.029617429135638806,1.4777256393163702,-0.058100542016827794
2024-04-01 00:00:00+00:00,6626.2741651291035,0.0,-0.028312935717390908,1.4358868882824656,-0.08476848082295063
2024-04-02 00:00:00+00:00,6218.937079347835,0.0,-0.061473020226794683,1.3476185845556883,-0.14103052651352144
2024-04-03 00:00:00+00:00,6270.750124278262,0.0,0.008331495281161505,1.3588462624337196,-0.13387402639850698
2024-04-04 00:00:00+00:00,6440.408721708245,0.0,0.02705555062274323,1.3956105962755205,-0.11044051127405896
2024-04-05 00:00:00+00:00,6392.269860175627,0.0,-0.007474504121199543,1.3851790991220694,-0.11708952733859324
2024-04-06 00:00:00+00:00,6481.578317589445,0.0,0.013971321512913137,1.4045318816688712,-0.10475410125792262
2024-04-07 00:00:00+00:00,6576.364520709292,0.0,0.014623938564874095,1.4250716696188037,-0.09166208023426303
2024-04-08 00:00:00+00:00,6872.268037139864,0.0,0.04499499921252181,1.489192768271089,-0.05079141624969996
2024-04-09 00:00:00+00:00,6596.1819933171155,0.0,-0.040173934184565274,1.4293660360104357,-0.08892485942070893
2024-04-10 00:00:00+00:00,6714.825480935069,0.0,0.01798669104917927,1.4550756012963455,-0.0725376323445216
2024-04-11 00:00:00+00:00,6647.916602153209,0.0,-0.009964351117066172,1.4405767171031525,-0.08177919302370629
2024-04-12 00:00:00+00:00,6296.548586499096,0.0,-0.05285385432487344,1.364436685153578,-0.13031070179369908
2024-04-13 00:00:00+00:00,5948.270834502243,0.0,-0.055312485437438164,1.2889663008757144,-0.17841537843583088
2024-04-14 00:00:00+00:00,6152.317565352292,0.0,0.0343035373686249,1.3331824045447027,-0.1502321196685169
2024-04-15 00:00:00+00:00,5977.13061613354,0.0,-0.028474952301770662,1.2952200991657323,-0.17442921952853263
2024-04-16 00:00:00+00:00,5989.3123967541205,0.0,0.002038064985178556,1.2978598418979415,-0.1727466526280672
2024-04-17 00:00:00+00:00,5767.672926648401,0.0,-0.03700582895389393,1.2498314625825384,-0.20335984850244915
2024-04-18 00:00:00+00:00,5956.283167189069,0.0,0.03270127188891592,1.2907025410557715,-0.1773087023107005
2024-04-19 00:00:00+00:00,5973.137127071319,0.0,0.002829610246720904,1.2943547261914117,-0.1749808065848708
2024-04-20 00:00:00+00:00,6107.303501973705,0.0,0.022461626453261996,1.3234280385491373,-0.15644953364560865
2024-04-21 00:00:00+00:00,6102.153614984241,0.0,-0.000843234168369067,1.322312078807655,-0.15716084422158239
2024-04-22 00:00:00+00:00,6254.047158609781,0.0,0.024891792834017767,1.3552267971352545,-0.13618106656354756
2024-04-23 00:00:00+00:00,6240.8054625211735,0.0,-0.002117300326138105,1.352357374995689,-0.13801003067303685
2024-04-24 00:00:00+00:00,6056.709752899599,0.0,-0.029498709858391092,1.3124645771658356,-0.16343762267905637
2024-04-25 00:00:00+00:00,6079.442288118644,0.0,0.0037532812610281407,1.3173906258690753,-0.16029776878457658
2024-04-26 00:00:00+00:00,6017.902941919331,0.0,-0.010122531522271716,1.3040552977315703,-0.16879768108937665
2024-04-27 00:00:00+00:00,6178.987220078217,100.0,0.010150425945454788,1.3172920144599725,-0.1603606235055841
2024-04-28 00:00:00+00:00,6162.167363057537,0.0,-0.0027221058114549335,1.3137062062120277,-0.16264621073186603
2024-04-29 00:00:00+00:00,6179.534502297163,0.0,0.0028183491645721315,1.3174086890007985,-0.16028625537943098
2024-04-30 00:00:00+00:00,5843.259360295805,0.0,-0.05441755230533174,1.245718532759599,-0.20598142199882685
2024-05-01 00:00:00+00:00,5668.630027027129,0.0,-0.029885603650466108,1.2084894824295054,-0.22971114651207658
2024-05-02 00:00:00+00:00,5722.060752185249,0.0,0.009425685730656497,1.2198803244996896,-0.2224506458572717
2024-05-03 00:00:00+00:00,6042.276662090601,0.0,0.05596164105441592,1.2881468293486857,-0.1789377079986434
2024-05-04 00:00:00+00:00,6116.39315390443,0.0,0.012266318799805553,1.3039476490184354,-0.1688662961704558
2024-05-05 00:00:00+00:00,6136.557302097961,0.0,0.00329673840221667,1.3082464233074347,-0.16612626577166423
2024-05-06 00:00:00+00:00,6034.327338644503,0.0,-0.01665917197880773,1.2864521211508961,-0.18001791171878467
2024-05-07 00:00:00+00:00,5942.701838372448,0.0,-0.015184045400599144,1.2669185737376438,-0.1924685569749247
2024-05-08 00:00:00+00:00,5850.631911135118,0.0,-0.015492940709700087,1.2472902793907088,-0.20497959374293073
2024-05-09 00:00:00+00:00,6011.320733983021,0.0,0.027465208081553394,1.2815473664522734,-0.18314419285599925
2024-05-10 00:00:00+00:00,5783.667954874364,0.0,-0.037870675876882864,1.2330143015164865,-0.2140790743664993
2024-05-11 00:00:00+00:00,5786.932980555721,0.0,0.0005645250914871891,1.233710369027855,-0.21363540228405442
2024-05-12 00:00:00+00:00,5839.98214186943,0.0,0.009167059907546182,1.2450198658892944,-0.20642675090761875
2024-05-13 00:00:00+00:00,5947.236743878844,0.0,0.018365570202767856,1.2678853656401248,-0.19185232569037414
2024-05-14 00:00:00+00:00,5815.115043725439,0.0,-0.022215644986621763,1.2397184744733307,-0.20980584751960074
2024-05-15 00:00:00+00:00,6209.255052087088,0.0,0.06777854013170903,1.3237447828474425,-0.15624764144386616
2024-05-16 00:00:00+00:00,6089.91967643462,0.0,-0.01921895213699698,1.298303795224298,-0.17246367763843484
2024-05-17 00:00:00+00:00,6300.264071397688,0.0,0.03453976507719969,1.343146903310182,-0.1438807674712167
2024-05-18 00:00:00+00:00,6313.451450065466,0.0,0.0020931469726239715,1.3459583071846348,-0.14208878409144388
2024-05-19 00:00:00+00:00,6238.739634293452,0.0,-0.011833751532410952,1.3300305710044273,-0.15224109225737437
2024-05-20 00:00:00+00:00,6954.207078535754,0.0,0.11468140781344371,1.4825603493221335,-0.05501890723106273
2024-05-21 00:00:00+00:00,6954.430724159496,0.0,3.215975900872081e-05,1.4826080281056837,-0.054988516866851356
2024-05-22 00:00:00+00:00,6857.86293720136,0.0,-0.013885793214196807,1.4620208396097,-0.06811075090667973
2024-05-23 00:00:00+00:00,6811.196192653923,0.0,-0.006804852324225785,1.4520720037012156,-0.07445211962929332
2024-05-24 00:00:00+00:00,6812.272778823816,0.0,0.00015806124789863318,1.4523015200141594,-0.07430582637633198
2024-05-25 00:00:00+00:00,6873.2996327776345,0.0,0.008958369098712948,1.465311773073068,-0.0660131162964831
2024-05-26 00:00:00+00:00,6873.519743654497,0.0,3.2024047927903254e-05,1.4653586982875182,-0.06598320625575538
2024-05-27 00:00:00+00:00,7078.413151921177,100.0,0.015260508760961411,1.487720817540686,-0.05172963479193615
2024-05-28 00:00:00+00:00,6978.342891429264,0.0,-0.014137386211308223,1.4666883337685102,-0.06513569917762085
2024-05-29 00:00:00+00:00,6878.856072754603,0.0,-0.014256510495758157,1.4457784761441332,-0.07846360189440482
2024-05-30 00:00:00+00:00,6911.301327305777,0.0,0.004716664254639902,1.45259772780269,-0.07411702410611054
2024-05-31 00:00:00+00:00,6868.167394469385,0.0,-0.00624107252652617,1.4435319600316063,-0.07989552690974011
2024-06-01 00:00:00+00:00,6918.296874769192,0.0,0.007298814577550106,1.4540680321446444,-0.07317985496867996
2024-06-02 00:00:00+00:00,6895.115701378769,0.0,-0.0033507052111285685,1.4491958788120018,-0.07628535605841535
2024-06-03 00:00:00+00:00,6953.647409178147,0.0,0.008488865210438012,1.4614979072907592,-0.06844406695308747
2024-06-04 00:00:00+00:00,7094.233153957036,0.0,0.020217554400778104,1.4910458207380335,-0.04961028419934388
2024-06-05 00:00:00+00:00,7168.094836266071,0.0,0.010411510406566737,1.5065698598173154,-0.03971529178299138
2024-06-06 00:00:00+00:00,7113.304804022798,0.0,-0.007643597565990645,1.495054246103821,-0.047055321641376824
2024-06-07 00:00:00+00:00,6930.298921807651,0.0,-0.025727265632094265,1.4565905883799175,-0.07157198251419983
2024-06-08 00:00:00+00:00,6929.523345941957,0.0,-0.0001119108821199255,1.4564275800422843,-0.07167588371262157
2024-06-09 00:00:00+00:00,6967.8457261222475,0.0,0.005530305371253652,1.464482069311034,-0.06654196786605315
2024-06-10 00:00:00+00:00,6935.324417608213,0.0,-0.004667340494080352,1.457646832846084,-0.07089873433895655
2024-06-11 00:00:00+00:00,6678.191104435253,0.0,-0.03707588826272057,1.4036032817449742,-0.10534598904935755
2024-06-12 00:00:00+00:00,6781.312725175057,0.0,0.015441549833953738,1.4252770917671402,-0.09153114455511668
2024-06-13 00:00:00+00:00,6624.6216878027035,0.0,-0.02310629869503744,1.3923442135615745,-0.11252249728416486
2024-06-14 00:00:00+00:00,6585.567201202299,0.0,-0.0058953534920057615,1.3841358522400802,-0.11775449087887724
2024-06-15 00:00:00+00:00,6655.045781678431,0.0,0.010550128539186021,1.3987386633969088,-0.10844668735452978
2024-06-16 00:00:00+00:00,6720.968807524616,0.0,0.009905720863359502,1.412594178157307,-0.09961520910466037
2024-06-17 00:00:00+00:00,6635.037592494953,0.0,-0.012785539925948886,1.3945333988933137,-0.11112711479736992
2024-06-18 00:00:00+00:00,6530.32581009079,0.0,-0.01578164116547065,1.3725253731987153,-0.12515498771335443
2024-06-19 00:00:00+00:00,6568.3139566274895,0.0,0.005817190082307855,1.3805096141874027,-0.12006584798432407
2024-06-20 00:00:00+00:00,6530.159958749906,0.0,-0.005808796310518338,1.3724905150338758,-0.1251772062400519
2024-06-21 00:00:00+00:00,6486.654281280171,0.0,-0.006662268266712346,1.363346615029202,-0.1310055103779154
2024-06-22 00:00:00+00:00,6479.277995418381,0.0,-0.0011371479875345036,1.3617962881696095,-0.13199368571296766
2024-06-23 00:00:00+00:00,6361.553570717511,0.0,-0.018169373930878474,1.3370533021921736,-0.14776481701161237
2024-06-24 00:00:00+00:00,6127.352546635422,0.0,-0.03681506749548191,1.2878295946269116,-0.17913991279535435
2024-06-25 00:00:00+00:00,6253.330389434948,0.0,0.02055991422734471,1.314307260631877,-0.16226309980977605
2024-06-26 00:00:00+00:00,6176.795161343751,0.0,-0.012239114731648293,1.2982213032763652,-0.17251625784613955
2024-06-27 00:00:00+00:00,6385.235433713862,100.0,0.017556073908483016,1.3210129724262523,-0.15798889211081824
2024-06-28 00:00:00+00:00,6253.73904842115,0.0,-0.020593819391281132,1.2938082698585667,-0.17532911679214058
2024-06-29 00:00:00+00:00,6289.607784873919,0.0,0.005735566542678816,1.3012289932838086,-0.17059916206569226
2024-06-30 00:00:00+00:00,6447.088342653698,0.0,0.025038215921588947,1.3338094457810803,-0.14983244479994628
2024-07-01 00:00:00+00:00,6458.232270847791,0.0,0.0017285210938347007,1.3361149635432688,-0.1483629122474892
2024-07-02 00:00:00+00:00,6393.873354913401,0.0,-0.009965407442049434,1.322800033542141,-0.1568498228197034
2024-07-03 00:00:00+00:00,6182.2749410698125,0.0,-0.033093932597364484,1.279023378392306,-0.18475297795276402
2024-07-04 00:00:00+00:00,5815.581696884961,0.0,-0.05931364225632396,1.20315984328887,-0.23310824816900722
2024-07-05 00:00:00+00:00,5735.373141445396,0.0,-0.013792009057757348,1.1865658518323,-0.24368522615657962
2024-07-06 00:00:00+00:00,5898.049993993971,0.0,0.02836377835175652,1.2202213426534345,-0.22223328154712596
2024-07-07 00:00:00+00:00,5650.428036055687,0.0,-0.04198369939055102,1.1689919366135382,-0.2548868056506267
2024-07-08 00:00:00+00:00,5766.100119175421,0.0,0.020471384182158436,1.1929228196537993,-0.2396333071899054
2024-07-09 00:00:00+00:00,5886.07411711864,0.0,0.020806783694969244,1.2177437067271286,-0.22381252188374678
2024-07-10 00:00:00+00:00,5887.91338428561,0.0,0.0003124777449914351,1.2181242245345842,-0.2235699805708944
2024-07-11 00:00:00+00:00,5861.515835223523,0.0,-0.004483345344810985,1.2126629529631157,-0.22705098448407335
2024-07-12 00:00:00+00:00,5920.771620016172,0.0,0.01010929364663049,1.2249221188490098,-0.2192370159123489
2024-07-13 00:00:00+00:00,6035.633653238123,0.0,0.019399841877643098,1.2486854142671082,-0.20409033747713168
2024-07-14 00:00:00+00:00,6187.109864258504,0.0,0.02509698562289553,1.280023654156489,-0.18411540411967164
2024-07-15 00:00:00+00:00,6606.028198665643,0.0,0.06770824239393791,1.3666918060020907,-0.12887329213632637
2024-07-16 00:00:00+00:00,6600.632213669033,0.0,-0.0008168274240336615,1.365575454654746,-0.1295848523211176
2024-07-17 00:00:00+00:00,6499.26694040099,0.0,-0.015356903700546876,1.3446044439017826,-0.14295173392351956
2024-07-18 00:00:00+00:00,6519.254964794971,0.0,0.0030754275177913293,1.3487396774091027,-0.14031594410195247
2024-07-19 00:00:00+00:00,6746.996510482875,0.0,0.03493367676486736,1.3958561133396639,-0.11028401917329989
2024-07-20 00:00:00+00:00,6787.993688764579,0.0,0.006076359787352104,1.4043378372956905,-0.10487778476524001
2024-07-21 00:00:00+00:00,6867.883331586591,0.0,0.011769257086117424,1.4208658503385856,-0.09434286129064728
2024-07-22 00:00:00+00:00,6761.321133919149,0.0,-0.015516017457277376,1.398819671000283,-0.1083950532651694
2024-07-23 00:00:00+00:00,6685.190422003874,0.0,-0.011259739096454724,1.383069326461831,-0.11843429234251202
2024-07-24 00:00:00+00:00,6549.517221289582,0.0,-0.020294590303326587,1.3550005011201902,-0.136325307204883
2024-07-25 00:00:00+00:00,6469.41865737658,0.0,-0.01222968979341521,1.3384292653215681,-0.1468877807801905
2024-07-26 00:00:00+00:00,6674.926584772615,0.0,0.03176605786081099,1.3809458868063758,-0.11978776866268914
2024-07-27 00:00:00+00:00,6756.453989982048,100.0,-0.0027674603691832944,1.3771241737926525,-0.12222372112938551
2024-07-28 00:00:00+00:00,6794.526968420091,0.0,0.005635053312654126,1.384884341930119,-0.11727740500136641
2024-07-29 00:00:00+00:00,6729.383642562852,0.0,-0.009587617528050818,1.3716066005391065,-0.1257406116255818
2024-07-30 00:00:00+00:00,6663.219009075394,0.0,-0.009832198162840977,1.3581206926411453,-0.13433650317780332
2024-07-31 00:00:00+00:00,6527.307487382253,0.0,-0.020397276677837972,1.3304187291114469,-0.15199368103239042
2024-08-01 00:00:00+00:00,6555.606996965218,0.0,0.004335556374151173,1.3361868345127361,-0.14831710183086988
2024-08-02 00:00:00+00:00,6151.838675483397,0.0,-0.06159129454659762,1.2538893576189762,-0.2007733540723048
2024-08-03 00:00:00+00:00,6039.502476275067,0.0,-0.01826058925374907,1.230992599089849,-0.21536770357424184
2024-08-04 00:00:00+00:00,5723.045388009761,0.0,-0.05239787375010474,1.1664912042954256,-0.2564807675826136
2024-08-05 00:00:00+00:00,5262.0797799909615,0.0,-0.08054550973587582,1.0725355756430348,-0.3163679031560992
2024-08-06 00:00:00+00:00,5424.3061148308425,0.0,0.03082931875277639,1.1056011167782265,-0.29529199133286965
2024-08-07 00:00:00+00:00,5283.803782075162,0.0,-0.025902360556592896,1.076963438019665,-0.3135455922604842
2024-08-08 00:00:00+00:00,5953.737283837921,0.0,0.1267900038293337,1.2135116364502307,-0.22651003527452807
2024-08-09 00:00:00+00:00,5839.765519200814,0.0,-0.01914289448855855,1.190281511233026,-0.24131687205722663
2024-08-10 00:00:00+00:00,5853.109019471717,0.0,0.002284937678924015,1.1930012303065691,-0.23958332839182617
2024-08-11 00:00:00+00:00,5668.250775792498,0.0,-0.03158291483453424,1.1553227740523022,-0.26359950336998705
2024-08-12 00:00:00+00:00,5825.012273545694,0.0,0.027656062505681867,1.1872744529057304,-0.24323356520597228
2024-08-13 00:00:00+00:00,5894.126461672222,0.0,0.011865071673824668,1.201361549385958,-0.23425447721679638
2024-08-14 00:00:00+00:00,5739.046504693922,0.0,-0.026310931397000026,1.1697526080770704,-0.2544019551343051
2024-08-15 00:00:00+00:00,5600.068072454348,0.0,-0.024216293094315278,1.1414255360720362,-0.2724575759193213
2024-08-16 00:00:00+00:00,5704.670591882776,0.0,0.01867879427090302,1.162745988835881,-0.25886796065656414
2024-08-17 00:00:00+00:00,5760.783439996469,0.0,0.00983629943392983,1.1741831065476716,-0.2515779639975031
2024-08-18 00:00:00+00:00,5688.160123731718,0.0,-0.012606499970218454,1.1593807672499472,-0.2610129463720795
2024-08-19 00:00:00+00:00,5772.200800302937,0.0,0.014774667861509494,1.1765102330110873,-0.25009465810077147
2024-08-20 00:00:00+00:00,5700.300010696752,0.0,-0.012456390914607707,1.161855161633665,-0.25943577218842073
2024-08-21 00:00:00+00:00,5882.874503605915,0.0,0.032028926997975216,1.1990681357878503,-0.23571629459853183
2024-08-22 00:00:00+00:00,5825.47087514018,0.0,-0.009757751662142211,1.1873679266928447,-0.24317398519526112
2024-08-23 00:00:00+00:00,6165.401502726964,0.0,0.05835247225034035,1.256653780686133,-0.19901131616803192
2024-08-24 00:00:00+00:00,6177.175047344335,0.0,0.001909615231410866,1.2590535058863415,-0.19748173597719865
2024-08-25 00:00:00+00:00,6166.377561464591,0.0,-0.0017479650158831461,1.256852724404927,-0.19888450982731787
2024-08-26 00:00:00+00:00,6028.923895272752,0.0,-0.022290828743738555,1.2288364355691155,-0.2167420380227133
2024-08-27 00:00:00+00:00,5741.119207421116,100.0,-0.0643240310523262,1.1497927225293378,-0.26712434749092206
2024-08-28 00:00:00+00:00,5765.156480286776,0.0,0.004186861829064359,1.154606745790632,-0.2640558983959811
2024-08-29 00:00:00+00:00,5786.577108473245,0.0,0.003715532832406998,1.1588967250631357,-0.2613214739236551
2024-08-30 00:00:00+00:00,5769.550529588328,0.0,-0.002942426682604027,1.1554867564169276,-0.2634949813286487
2024-08-31 00:00:00+00:00,5750.301305869539,0.0,-0.0033363471937842837,1.1516316514197011,-0.26595221778090083
2024-09-01 00:00:00+00:00,5576.021947504947,0.0,-0.03030786546553632,1.1167281542626195,-0.2881996392096725
2024-09-02 00:00:00+00:00,5778.516631293829,0.0,0.036315259461898286,1.1572824269330733,-0.262350424422499
2024-09-03 00:00:00+00:00,5588.294230467362,0.0,-0.032918898216249715,1.119185964513409,-0.2866330357201945
2024-09-04 00:00:00+00:00,5638.791221916148,0.0,0.009036208432526172,1.12929916216351,-0.2801869031420837
2024-09-05 00:00:00+00:00,5460.254199104931,0.0,-0.03166228643424529,1.0935429686211358,-0.3029778315939202
2024-09-06 00:00:00+00:00,5209.6712589968765,0.0,-0.045892174790897355,1.0433579035638179,-0.3349656947795423
2024-09-07 00:00:00+00:00,5256.936996094594,0.0,0.009072690914247561,1.0528239673357898,-0.3289320440809057
2024-09-08 00:00:00+00:00,5321.525647072672,0.0,0.012286365810748823,1.0657593477328011,-0.32068705769061223
2024-09-09 00:00:00+00:00,5512.042535087521,0.0,0.035801178205286055,1.1039147880649325,-0.29636685398583673
2024-09-10 00:00:00+00:00,5572.558723505821,0.0,0.010978904468366801,1.1160345630643147,-0.28864173289497086
2024-09-11 00:00:00+00:00,5518.787768855689,0.0,-0.009649239661363884,1.1052656780949417,-0.2955057992993597
2024-09-12 00:00:00+00:00,5587.383224235127,0.0,0.012429442524777734,1.1190035143154322,-0.2867493291227119
2024-09-13 00:00:00+00:00,5801.670360104472,0.0,0.038351966791875025,1.161919499936449,-0.2593947630789436
2024-09-14 00:00:00+00:00,5752.515489185185,0.0,-0.008472537712122197,1.1520750931547874,-0.2656695688785524
2024-09-15 00:00:00+00:00,5623.014641473366,0.0,-0.02251203807365365,1.1261395347939787,-0.282200843502601
2024-09-16 00:00:00+00:00,5546.605459608651,0.0,-0.013588650703689864,1.1108368180120476,-0.29195476551564736
2024-09-17 00:00:00+00:00,5720.98104842373,0.0,0.03143825355614571,1.1457595875562123,-0.26969505990470766
2024-09-18 00:00:00+00:00,5841.887096498775,0.0,0.021133796293269835,1.1699738372806863,-0.2542609440687651
2024-09-19 00:00:00+00:00,5985.63764572911,0.0,0.024606868783289215,1.1987632299745334,-0.23591064097289116
2024-09-20 00:00:00+00:00,6070.157152135328,0.0,0.014120384729022994,1.2156902279807802,-0.22512140525607582
2024-09-21 00:00:00+00:00,6115.898747280059,0.0,0.00753548779682589,1.22485104685845,-0.21928231706136136
2024-09-22 00:00:00+00:00,6109.441973032493,0.0,-0.001055735962018356,1.2235579275601656,-0.22010654879542335
2024-09-23 00:00:00+00:00,6139.515284638054,0.0,0.004922431825739038,1.229580808043423,-0.21626757645052852
2024-09-24 00:00:00+00:00,6206.299420448571,0.0,0.010877753815129454,1.2429558853691272,-0.20774232809022264
2024-09-25 00:00:00+00:00,6079.837790078473,0.0,-0.02037633407654027,1.217629001006444,-0.22388563508775838
2024-09-26 00:00:00+00:00,6253.272901065819,0.0,0.028526272735494684,1.2523634179798016,-0.20174598504033658
2024-09-27 00:00:00+00:00,6438.492168226941,100.0,0.013627946278595537,1.2694305593613087,-0.19086742220779296
2024-09-28 00:00:00+00:00,6430.770282648775,0.0,-0.001199331361506184,1.2679080914802123,-0.19183784028395556
2024-09-29 00:00:00+00:00,6400.625680181318,0.0,-0.004687557033220657,1.2619646999885168,-0.19562614649971533
2024-09-30 00:00:00+00:00,6205.024366373318,0.0,-0.030559717687233756,1.2233994150256131,-0.2202075843776763
2024-10-01 00:00:00+00:00,5921.552762548977,0.0,-0.04568420478097546,1.1675093856206573,-0.2558317807796181
2024-10-02 00:00:00+00:00,5850.910350139285,0.0,-0.01192971087861816,1.1535813362021297,-0.26470949247997355
2024-10-03 00:00:00+00:00,5847.765132308756,0.0,-0.0005375604209102436,1.1529612165334866,-0.26510475555468727
2024-10-04 00:00:00+00:00,5985.436903886685,0.0,0.023542630126729414,1.1801049560047985,-0.24780338863281892
2024-10-05 00:00:00+00:00,5983.696012975015,0.0,-0.0002908544421443837,1.1797617172361479,-0.24802216835860103
2024-10-06 00:00:00+00:00,6054.099271756455,0.0,0.011765848169555726,1.1936426144774026,-0.23917451136463663
2024-10-07 00:00:00+00:00,6000.840853089,0.0,-0.00879708380665567,1.1831420403626494,-0.24586755695040163
2024-10-08 00:00:00+00:00,6009.500846699758,0.0,0.0014431300250696832,1.184849468165019,-0.2447792457789575
2024-10-09 00:00:00+00:00,5854.561297128233,0.0,-0.025782432438896108,1.1543011668017924,-0.2642506738511138
2024-10-10 00:00:00+00:00,5844.79942460928,0.0,-0.0016673960735095195,1.1523764895686197,-0.26547745938862166
2024-10-11 00:00:00+00:00,6034.52742562158,0.0,0.03246099433514482,1.1897837762684607,-0.24163412735879952
2024-10-12 00:00:00+00:00,6106.623626532603,0.0,0.011947282003378579,1.2039984585665846,-0.23257371641661684
2024-10-13 00:00:00+00:00,6078.209670195313,0.0,-0.004652973242666336,1.1983962859546629,-0.23614453037984917
2024-10-14 00:00:00+00:00,6413.750467959367,0.0,0.055203886665737834,1.2645524187051451,-0.19397673960593442
2024-10-15 00:00:00+00:00,6465.620192594602,0.0,0.008087268891166843,1.274779194142189,-0.18745821276659258
2024-10-16 00:00:00+00:00,6505.690140183667,0.0,0.006197386545371053,1.2826794935682848,-0.18242257722684063
2024-10-17 00:00:00+00:00,6488.304066199364,0.0,-0.0026724411414731364,1.279251608118349,-0.1846075047677992
2024-10-18 00:00:00+00:00,6583.333440546304,0.0,0.014646257847561905,1.2979878570227585,-0.1726650560356615
2024-10-19 00:00:00+00:00,6584.221858405839,0.0,0.00013494954608606058,1.298163019894889,-0.1725534075605123
2024-10-20 00:00:00+00:00,6699.727863193519,0.0,0.01754284823197705,1.32093649673327,-0.1580376375692799
2024-10-21 00:00:00+00:00,6528.8648675138675,0.0,-0.02550297551909919,1.2872486855947967,-0.17951018308635347
2024-10-22 00:00:00+00:00,6500.7704881900845,0.0,-0.004303103203065817,1.2817095216526715,-0.18304083544559746
2024-10-23 00:00:00+00:00,6378.542553924799,0.0,-0.0188020688451217,1.2576107309871098,-0.1984013579012025
2024-10-24 00:00:00+00:00,6491.4488157044125,0.0,0.017700949836909174,1.2798716354506714,-0.18421230054807713
2024-10-25 00:00:00+00:00,6320.45107747061,0.0,-0.026341999003383854,1.2461572581051705,-0.20570177931401257
2024-10-26 00:00:00+00:00,6377.483834002472,0.0,0.009023526301019436,1.2574019908988887,-0.19853440842879966
2024-10-27 00:00:00+00:00,6560.369021346087,100.0,0.012996534291737527,1.273743858992105,-0.18811813338429684
2024-10-28 00:00:00+00:00,6738.8393639180385,0.0,0.027204314573044064,1.3083951876176094,-0.16603144368873302
2024-10-29 00:00:00+00:00,6983.738074281028,0.0,0.0363413782608113,1.355944072045446,-0.13572387692620258
2024-10-30 00:00:00+00:00,6971.4570068950825,0.0,-0.001758523480594576,1.3535596125563811,-0.1372437267823452
2024-10-31 00:00:00+00:00,6725.975898535973,0.0,-0.03521231044189432,1.3058976512774356,-0.16762336851057702
2024-11-01 00:00:00+00:00,6665.474634864151,0.0,-0.008995165100872726,1.2941508862993532,-0.17511073373693276
2024-11-02 00:00:00+00:00,6644.417565866377,0.0,-0.0031591252163249983,1.2900625016007154,-0.17771666221866023
2024-11-03 00:00:00+00:00,6576.112009538412,0.0,-0.010280142036656947,1.276800475848095,-0.18616985172542877
2024-11-04 00:00:00+00:00,6468.227407078375,0.0,-0.01640552993981159,1.2558538874144034,-0.19952116658886865
2024-11-05 00:00:00+00:00,6591.760632454332,0.0,0.019098466643391543,1.279838770992161,-0.18423324829022514
2024-11-06 00:00:00+00:00,7241.499410522986,0.0,0.09856832101421964,1.4059903298177607,-0.10382448923496879
2024-11-07 00:00:00+00:00,7388.427112204878,0.0,0.020289679436883423,1.434517422901121,-0.08564137540236105
2024-11-08 00:00:00+00:00,7482.221681866597,0.0,0.012694795284206029,1.4527283279164775,-0.07403377984674586
2024-11-09 00:00:00+00:00,7614.247728044016,0.0,0.017645299991229768,1.4783621550683215,-0.0576948281103965
2024-11-10 00:00:00+00:00,7912.452015744513,0.0,0.03916398551129108,1.5362607090898583,-0.02079040201129745
2024-11-11 00:00:00+00:00,8625.323100046993,0.0,0.09009483822258657,1.6746698691430253,0.0
2024-11-12 00:00:00+00:00,8483.442849277808,0.0,-0.016449267943181467,1.647122775749119,-0.016449267943181578
2024-11-13 00:00:00+00:00,8610.297582677507,0.0,0.014953213648453811,1.6717525545201297,-0.0017420237126427596
2024-11-14 00:00:00+00:00,8304.533068328461,0.0,-0.0355114920724916,1.6123861269331206,-0.0371916539238728
2024-11-15 00:00:00+00:00,8584.812887632095,0.0,0.03375022015055307,1.666804513684811,-0.004696660281013565
2024-11-16 00:00:00+00:00,8585.265098919646,0.0,5.26757302075076e-05,1.6668923138296825,-0.00464423195081598
2024-11-17 00:00:00+00:00,8492.868258078694,0.0,-0.01076225833172928,1.6489527881370736,-0.015356507858538038
2024-11-18 00:00:00+00:00,8631.578906771603,0.0,0.01633260336529574,1.6758844799938148,0.0
2024-11-19 00:00:00+00:00,8686.390151100895,0.0,0.006350083214357483,1.6865264858994258,0.0
2024-11-20 00:00:00+00:00,8796.19915294109,0.0,0.012641500085772472,1.707846710615581,0.0
2024-11-21 00:00:00+00:00,9285.384462032449,0.0,0.05561325983936993,1.8028256334988586,0.0
2024-11-22 00:00:00+00:00,9304.798269184352,0.0,0.002090791957111149,1.8065949668334518,0.0
2024-11-23 00:00:00+00:00,9268.490507439466,0.0,-0.003902047169053513,1.799545548057493,-0.003902047169053513
2024-11-24 00:00:00+00:00,9260.359639215972,0.0,-0.000877259162855859,1.797966880236483,-0.004775883225276445
2024-11-25 00:00:00+00:00,8959.707641468733,0.0,-0.032466557397407336,1.7395930853206478,-0.03708738413582702
2024-11-26 00:00:00+00:00,8821.431756303438,0.0,-0.015433080039945035,1.7127458059979592,-0.05194809160793179
2024-11-27 00:00:00+00:00,9439.004533536321,100.0,0.058672196479108596,1.8132363644462408,0.0
2024-11-28 00:00:00+00:00,9368.222167723776,0.0,-0.007498922747738779,1.7996390450258677,-0.007498922747738779
2024-11-29 00:00:00+00:00,9505.529022325692,0.0,0.014656660798991084,1.826015744069432,0.0
2024-11-30 00:00:00+00:00,9514.643532733651,0.0,0.0009588640870541454,1.8277666449888157,0.0
2024-12-01 00:00:00+00:00,9572.1163192407,0.0,0.006040456093738378,1.8388071891574702,0.0
2024-12-02 00:00:00+00:00,9430.092110120133,0.0,-0.014837284084720959,1.8115242845149135,-0.014837284084720959
2024-12-03 00:00:00+00:00,9409.219588157943,0.0,-0.002213395343168556,1.8075146650995315,-0.01701783865239115
2024-12-04 00:00:00+00:00,9767.280110492,0.0,0.03805422107320111,1.8762982277582823,0.0
2024-12-05 00:00:00+00:00,9613.046586460074,0.0,-0.015790836577549205,1.846669909073006,-0.015790836577549205
2024-12-06 00:00:00+00:00,9967.987013989537,0.0,0.03692278242252511,1.914854100331933,0.0
2024-12-07 00:00:00+00:00,9972.406071799021,0.0,0.00044332499664001546,1.9157030030195288,0.0
2024-12-08 00:00:00+00:00,10067.879412779417,0.0,0.009573751840128653,1.934043468169827,0.0
2024-12-09 00:00:00+00:00,9581.782803324966,0.0,-0.0482819260665196,1.8406641244302164,-0.0482819260665196
2024-12-10 00:00:00+00:00,9471.555933672913,0.0,-0.01150379547465874,1.8194895008052294,-0.059230296138586436
2024-12-11 00:00:00+00:00,9940.742514008654,0.0,0.04953637856560689,1.9096204215132644,-0.012627971945053607
2024-12-12 00:00:00+00:00,9899.21875643262,0.0,-0.004177128370191574,1.901643691874264,-0.016752351655375475
2024-12-13 00:00:00+00:00,10017.514148462282,0.0,0.011949972512001805,1.9243682817197831,-0.005002569285166847
2024-12-14 00:00:00+00:00,9990.053511432834,0.0,-0.0027412626149035946,1.9190930828917985,-0.00773011854391048
2024-12-15 00:00:00+00:00,10269.535476937352,0.0,0.027976022869614425,1.9727816748676983,0.0
2024-12-16 00:00:00+00:00,10401.53812952538,0.0,0.01285380949162418,1.998139434685015,0.0
2024-12-17 00:00:00+00:00,10337.440906589822,0.0,-0.006162283129416579,1.9858263337564335,-0.006162283129416579
2024-12-18 00:00:00+00:00,9723.648051960661,0.0,-0.05937570624833122,1.8679164927031109,-0.0651720994648366
2024-12-19 00:00:00+00:00,9375.314342515063,0.0,-0.03582335637655676,1.8010014545033595,-0.098660772496456
2024-12-20 00:00:00+00:00,9440.470649335846,0.0,0.006949773035909157,1.8135180058495002,-0.09239666943694469
2024-12-21 00:00:00+00:00,9305.30731222231,0.0,-0.014317436294666641,1.7875530773315191,-0.10539122230310849
2024-12-22 00:00:00+00:00,9115.199797587402,0.0,-0.020430009268496363,1.751033351393707,-0.1236680879231341
2024-12-23 00:00:00+00:00,9198.507835657318,0.0,0.009139463744060272,1.7670368572234103,-0.11565888418494452
2024-12-24 00:00:00+00:00,9516.236787533388,0.0,0.03454135796290969,1.828072709842419,-0.08511254114225775
2024-12-25 00:00:00+00:00,9572.785080161138,0.0,0.005942295666899744,1.8389356583848933,-0.07967600935978647
2024-12-26 00:00:00+00:00,9197.23453463493,0.0,-0.03923106414501121,1.766792255612247,-0.11578129887078537
2024-12-27 00:00:00+00:00,9190.34186096501,100.0,-0.011622262460241006,1.7462581323048003,-0.1260579206875625
2024-12-28 00:00:00+00:00,9314.433966795961,0.0,0.013502447211242385,1.7698368905534485,-0.11425756389596298
2024-12-29 00:00:00+00:00,9168.035131611869,0.0,-0.015717416185027866,1.7420196275650044,-0.1281791463969506
2024-12-30 00:00:00+00:00,9105.159950026538,0.0,-0.0068580868945989915,1.7300727055870666,-0.13415816956748372
2024-12-31 00:00:00+00:00,9142.42535987396,0.0,0.004092779264939006,1.7371535112833303,-0.13061447007717275
2025-01-01 00:00:00+00:00,9231.363106742065,0.0,0.009728025481996472,1.7540525849072341,-0.12215706548840444
2025-01-02 00:00:00+00:00,9472.669864785104,0.0,0.026139883704368927,1.799903315488057,-0.0992103532695694
2025-01-03 00:00:00+00:00,9672.72094009955,0.0,0.0211187635766914,1.8379150480687523,-0.08018678968793802
2025-01-04 00:00:00+00:00,9712.184994021423,0.0,0.004079933057746787,1.8454136184306982,-0.07643401336423372
2025-01-05 00:00:00+00:00,9706.516164640017,0.0,-0.0005836821873651532,1.8443364833732991,-0.0769730823794893
2025-01-06 00:00:00+00:00,10019.307628407876,0.0,0.03222489495328196,1.9037700328085092,-0.047228636920116696
2025-01-07 00:00:00+00:00,9414.322254118453,0.0,-0.06038195419552739,1.788816677888648,-0.10475883372441641
2025-01-08 00:00:00+00:00,9239.511132675734,0.0,-0.0185686358214735,1.7556007924455557,-0.1213822409133789
2025-01-09 00:00:00+00:00,8980.3849980084,0.0,-0.02804543778847013,1.706364199639635,-0.14602346061568783
2025-01-10 00:00:00+00:00,9170.303588444898,0.0,0.021148156841674037,1.7424506573626317,-0.12796343082167827
2025-01-11 00:00:00+00:00,9173.318857717282,0.0,0.0003288080098224899,1.743023589095493,-0.1276766982128743
2025-01-12 00:00:00+00:00,9157.693339407837,0.0,-0.0017033658757320547,1.7400545821932318,-0.12916258395774438
2025-01-13 00:00:00+00:00,9058.944183384456,0.0,-0.010783190959063771,1.7212912413542483,-0.13855299010922573
2025-01-14 00:00:00+00:00,9268.782831236753,0.0,0.023163698065076233,1.7611627119510382,-0.11859869167305315
2025-01-15 00:00:00+00:00,9717.997959483926,0.0,0.04846538498380526,1.8465181408048679,-0.07588123793975798
2025-01-16 00:00:00+00:00,9573.462118014366,0.0,-0.014873005949595397,1.8190548655106413,-0.08962566178601261
2025-01-17 00:00:00+00:00,9987.957072463605,0.0,0.0432962442781577,1.8978131093231614,-0.05020987205413363
2025-01-18 00:00:00+00:00,9896.394047793576,0.0,-0.00916734263130392,1.8804152062998156,-0.05891692358484346
2025-01-19 00:00:00+00:00,9598.299861441667,0.0,-0.0301214952549681,1.8237742885858859,-0.0872637530056134
2025-01-20 00:00:00+00:00,9716.044380331485,0.0,0.012267226549445676,1.846146940959023,-0.07606701068384247
2025-01-21 00:00:00+00:00,10023.68478537399,0.0,0.031663132958230644,1.9046017370110393,-0.04681239759862954
2025-01-22 00:00:00+00:00,9787.078445772866,0.0,-0.0236047266716094,1.8596441335906213,-0.06931213042008044
2025-01-23 00:00:00+00:00,9873.762832212567,0.0,0.008857023770677985,1.8761150458868352,-0.06106900583612951
2025-01-24 00:00:00+00:00,9920.423499845187,0.0,0.0047257229513748555,1.8849810458186023,-0.05663187808725212
2025-01-25 00:00:00+00:00,9918.238649795536,0.0,-0.00022023757853528725,1.8845659021574863,-0.05683964319808954
2025-01-26 00:00:00+00:00,9702.660209828318,0.0,-0.02173555684422468,1.8436038128644547,-0.07733975874657673
2025-01-27 00:00:00+00:00,9725.653271716386,100.0,-0.0079366829762757,1.8289717138678965,-0.0846626205762192
2025-01-28 00:00:00+00:00,9591.897655735875,0.0,-0.01375286700477929,1.8038181091315681,-0.09725113381993755
2025-01-29 00:00:00+00:00,9790.700625767082,0.0,0.02072613544957136,1.8412042875878187,-0.07854063854254267
2025-01-30 00:00:00+00:00,9963.847789105717,0.0,0.017684859333043867,1.8737657264172065,-0.06224475935405105
2025-01-31 00:00:00+00:00,9841.465229769121,0.0,-0.012282660466813589,1.8507508982052716,-0.07376288857588043
2025-02-01 00:00:00+00:00,9572.576998078704,0.0,-0.02732197141509629,1.8001847350680433,-0.09906951245781159
2025-02-02 00:00:00+00:00,9172.815039835425,0.0,-0.0417611640338349,1.7250069250556612,-0.13669341833114368
2025-02-03 00:00:00+00:00,9439.411320625932,0.0,0.029063736664561635,1.7751420720700242,-0.11160250318073717
2025-02-04 00:00:00+00:00,9070.872136526286,0.0,-0.039042602507886826,1.7058359057551675,-0.1462878535180534
2025-02-05 00:00:00+00:00,9032.643925668544,0.0,-0.004214391988153543,1.6986468445808482,-0.14988573114837633
2025-02-06 00:00:00+00:00,8950.433672594656,0.0,-0.009101460629956537,1.6831866772006958,-0.15762301269729362
2025-02-07 00:00:00+00:00,8897.455673333869,0.0,-0.00591904271890209,1.673223823354458,-0.16260907807055835
2025-02-08 00:00:00+00:00,8900.989243131444,0.0,0.00039714384958000615,1.673888333904874,-0.16227651341621996
2025-02-09 00:00:00+00:00,8898.21704016538,0.0,-0.0003114488615074684,1.6733670032889887,-0.16253742144237449
2025-02-10 00:00:00+00:00,8993.390066696898,0.0,0.010695741191962371,1.6912649036753373,-0.15358013844416873
2025-02-11 00:00:00+00:00,8830.502155150692,0.0,-0.01811195893185935,1.6606327831970746,-0.16891046021577794
2025-02-12 00:00:00+00:00,9083.933032336818,0.0,0.028699486476916114,1.7082920913015627,-0.14505861720763424
2025-02-13 00:00:00+00:00,8945.99527885476,0.0,-0.01518480519297416,1.68235200868245,-0.15804073555674836
2025-02-14 00:00:00+00:00,9048.113980493501,0.0,0.011415018503320162,1.701556087990658,-0.14842975497408673
2025-02-15 00:00:00+00:00,9027.762817754829,0.0,-0.002249216000433596,1.6977289208119142,-0.15034512039469217
2025-02-16 00:00:00+00:00,8899.937264170501,0.0,-0.014159161706478796,1.6736905024883726,-0.16237552122972254
2025-02-17 00:00:00+00:00,8939.315671389357,0.0,0.004424571325618798,1.6810958654936432,-0.15866939197931917
2025-02-18 00:00:00+00:00,8876.230140240847,0.0,-0.0070570873059576655,1.6692322252011702,-0.16460673553329552
2025-02-19 00:00:00+00:00,8979.027331711039,0.0,0.011581176901233725,1.688563898890465,-0.15493189835540744
2025-02-20 00:00:00+00:00,9114.781256340608,0.0,0.015119001158413914,1.714093298433846,-0.1421553127477041
2025-02-21 00:00:00+00:00,8905.713375601996,0.0,-0.022937235119403043,1.6747767374310758,-0.16183189803514075
2025-02-22 00:00:00+00:00,9009.032647510532,0.0,0.011601459372315936,1.6942065917080822,-0.15210792485302438
2025-02-23 00:00:00+00:00,9031.521628126578,0.0,0.0024962702984832053,1.6984357893024575,-0.1499913570495156
2025-02-24 00:00:00+00:00,8460.718741481873,0.0,-0.0632011869259187,1.5910926315010827,-0.20371291218127563
2025-02-25 00:00:00+00:00,8242.162036693238,0.0,-0.025831931242091488,1.5499916360443484,-0.22428254548277415
2025-02-26 00:00:00+00:00,7803.777261454155,0.0,-0.053188080176953534,1.4675505566328142,-0.26554146764829867
2025-02-27 00:00:00+00:00,7914.15097640375,100.0,0.001329319713010646,1.469501400517586,-0.2645651374428547
2025-02-28 00:00:00+00:00,7833.237279036661,0.0,-0.010223926433591601,1.4544773263046342,-0.27208416937433755
2025-03-01 00:00:00+00:00,7940.875988141968,0.0,0.013741280299700787,1.4744637069349456,-0.2620816739111208
2025-03-02 00:00:00+00:00,8768.112385453429,0.0,0.10417445109919421,1.6280651542705766,-0.18520943733477568
2025-03-03 00:00:00+00:00,7898.4126225001555,0.0,-0.09918893881836333,1.4665790992913232,-0.26602764860475636
2025-03-04 00:00:00+00:00,7992.535933744722,0.0,0.01191673767162249,1.4840559376922624,-0.25728109263495536
2025-03-05 00:00:00+00:00,8287.010810536653,0.0,0.03684373510898453,1.5387341015475118,-0.22991655395156319
2025-03-06 00:00:00+00:00,8207.516072990013,0.0,-0.009592691425666433,1.5239735001252164,-0.23730372682151968
2025-03-07 00:00:00+00:00,7934.452954227028,0.0,-0.03326988535077058,1.4732710764984378,-0.2626785443876277
2025-03-08 00:00:00+00:00,7941.404705490697,0.0,0.0008761475181429113,1.4745618792956636,-0.26203254202421944
2025-03-09 00:00:00+00:00,7402.229379440154,0.0,-0.06789420084305187,1.374447678907256,-0.31213625283166346
2025-03-10 00:00:00+00:00,7126.208810636455,0.0,-0.03728884294917301,1.3231961152666278,-0.33778589607025333
2025-03-11 00:00:00+00:00,7484.429937096154,0.0,0.05026812095725064,1.3897106976390148,-0.30449763739431546
2025-03-12 00:00:00+00:00,7526.284852928246,0.0,0.005592265033391497,1.3974823281799515,-0.3006082038512745
2025-03-13 00:00:00+00:00,7307.320987749168,0.0,-0.0290932205540807,1.356825066585782,-0.32095576363034406
2025-03-14 00:00:00+00:00,7550.825700565379,0.0,0.03332339077815938,1.402039078497222,-0.2983277071861412
2025-03-15 00:00:00+00:00,7596.457579204739,0.0,0.006043296514703478,1.4105120163737825,-0.2940872934645151
2025-03-16 00:00:00+00:00,7429.99735064065,0.0,-0.021912875419692,1.3796036422810052,-0.3095558706600049
2025-03-17 00:00:00+00:00,7564.272332209723,0.0,0.018072009347014584,1.4045358521994828,-0.29707815790098113
2025-03-18 00:00:00+00:00,7475.099661586992,0.0,-0.011788664752724665,1.3879782499047206,-0.30536466784485417
2025-03-19 00:00:00+00:00,7870.452475122828,0.0,0.0528893033450073,1.4613874526002038,-0.26862588904834084
2025-03-20 00:00:00+00:00,7624.785972163402,0.0,-0.03121377122038871,1.4157720389903943,-0.29145483322410115
2025-03-21 00:00:00+00:00,7600.921874985019,0.0,-0.003129805513952366,1.4113409478562626,-0.29367244179396057
2025-03-22 00:00:00+00:00,7594.777693024992,0.0,-0.0008083469427896395,1.410200094715829,-0.29424339951624456
2025-03-23 00:00:00+00:00,7776.135790937937,0.0,0.023879316188478272,1.4438747086665704,-0.2773904145011874
2025-03-24 00:00:00+00:00,7937.177710602047,0.0,0.020709761762620404,1.473777009898128,-0.2624253421381211
2025-03-25 00:00:00+00:00,7917.77320707464,0.0,-0.0024447611273069603,1.4701739771540103,-0.2642285359901486
2025-03-26 00:00:00+00:00,7838.454260402521,0.0,-0.010017835140976983,1.455446016622327,-0.2715993732180345
2025-03-27 00:00:00+00:00,7957.062575723472,100.0,0.002373977662273985,1.458901212954434,-0.2698701664008678
2025-03-28 00:00:00+00:00,7666.918615685272,0.0,-0.03646370218620776,1.4057042736061662,-0.296493403210492
2025-03-29 00:00:00+00:00,7482.35926672108,0.0,-0.02407216747894181,1.3718659249060543,-0.3134283318309494
2025-03-30 00:00:00+00:00,7447.17798184094,0.0,-0.00470189730618964,1.3654155522092852,-0.3166565213080196
2025-03-31 00:00:00+00:00,7470.644282877305,0.0,0.003151032658758046,1.3697180212070728,-0.31450328368951186
2025-04-01 00:00:00+00:00,7726.799212228041,0.0,0.03428819786505466,1.416683183737552,-0.29099883664481263
2025-04-02 00:00:00+00:00,7446.280470062513,0.0,-0.03630465014822615,1.365250996381085,-0.31673887583510807
2025-04-03 00:00:00+00:00,7514.676328206182,0.0,0.009185237974671079,1.3777911516780021,-0.3104629598108122
2025-04-04 00:00:00+00:00,7563.6022010717115,0.0,0.006510709274581528,1.3867615493076684,-0.305973584608085
2025-04-05 00:00:00+00:00,7529.267970340084,0.0,-0.0045394019699718235,1.38046648119886,-0.30912404948532757
2025-04-06 00:00:00+00:00,6976.423035340774,0.0,-0.07342612019881911,1.2791041834199117,-0.35985239007029124
2025-04-07 00:00:00+00:00,7007.422237204798,0.0,0.004443423471740537,1.2847877849713212,-0.357007943154951
2025-04-08 00:00:00+00:00,6736.711939513155,0.0,-0.038631937469723154,1.235153943600445,-0.3818479720885176
2025-04-09 00:00:00+00:00,7352.24291754526,0.0,0.09136964494827238,1.3480095208836762,-0.3253676407741909
2025-04-10 00:00:00+00:00,7014.919916907304,0.0,-0.045880285026080214,1.2861624598476633,-0.35631996570328794
2025-04-11 00:00:00+00:00,7328.376081844939,0.0,0.044684211459370404,1.3436336151746002,-0.3275576309385989
2025-04-12 00:00:00+00:00,7525.403842745963,0.0,0.02688559630408882,1.3797580061327879,-0.309478616866249
2025-04-13 00:00:00+00:00,7377.713017139546,0.0,-0.019625634543026127,1.3526793797466115,-0.3230305371757769
2025-04-14 00:00:00+00:00,7459.131264370026,0.0,0.011035702668473757,1.3676071471872706,-0.31555970346841233
2025-04-15 00:00:00+00:00,7362.045295606767,0.0,-0.013015720641223916,1.3498067546125398,-0.324468187163664
2025-04-16 00:00:00+00:00,7380.770302982037,0.0,0.00254345180223825,1.3532399230352326,-0.3227500045568361
2025-04-17 00:00:00+00:00,7452.711751493906,0.0,0.009747146376144933,1.3664301506471002,-0.316148749718008
2025-04-18 00:00:00+00:00,7422.309256881157,0.0,-0.004079386889833114,1.3608559534046778,-0.31893844354300427
2025-04-19 00:00:00+00:00,7485.976528737067,0.0,0.008577825263328176,1.372529137981543,-0.3130964165181459
2025-04-20 00:00:00+00:00,7472.545931083963,0.0,-0.0017941009568420707,1.3700666821417966,-0.3143287908945289
2025-04-21 00:00:00+00:00,7636.219857159096,0.0,0.021903368354591057,1.400075757351101,-0.299310281831354
2025-04-22 00:00:00+00:00,8209.501735461296,0.0,0.0750740404317638,1.5051851013660098,-0.24670667359943976
2025-04-23 00:00:00+00:00,8258.795891759875,0.0,0.006004524743036699,1.5142230225500122,-0.24218350518230325
2025-04-24 00:00:00+00:00,8259.37024853416,0.0,6.954485639454333e-05,1.5143283289726648,-0.2421308029429977
2025-04-25 00:00:00+00:00,8319.274543784852,0.0,0.007252888954980996,1.5253115841840854,-0.23663406181434266
2025-04-26 00:00:00+00:00,8347.713459428003,0.0,0.003418436967487448,1.5305257656903972,-0.234024543471528
2025-04-27 00:00:00+00:00,8358.630752828489,100.0,-0.010671509873030338,1.514192744870905,-0.2421986581183705
2025-04-28 00:00:00+00:00,8458.299973283116,0.0,0.011924108553413415,1.5322481435315367,-0.2331625526558515
2025-04-29 00:00:00+00:00,8401.252614661287,0.0,-0.006744541905822854,1.521913831717369,-0.23833451995441834
2025-04-30 00:00:00+00:00,8391.556459331441,0.0,-0.001154132100839922,1.5201573421094718,-0.23921358253504055
2025-05-01 00:00:00+00:00,8598.394573330612,0.0,0.024648361123658535,1.557626729242567,-0.22046144417938984
2025-05-02 00:00:00+00:00,8630.916134020137,0.0,0.0037822828915523576,1.5635181141720058,-0.21751300883640412
2025-05-03 00:00:00+00:00,8548.128883008876,0.0,-0.009591942468881398,1.548520938371814,-0.22501857903829348
2025-05-04 00:00:00+00:00,8411.919094697185,0.0,-0.015934456554864918,1.5238460987550295,-0.23736748682143527
2025-05-05 00:00:00+00:00,8454.74508400514,0.0,0.005091108084355422,1.5316041639477147,-0.23348484226819965
2025-05-06 00:00:00+00:00,8606.173774127961,0.0,0.01791049743289075,1.559035956394305,-0.21975617450337237
2025-05-07 00:00:00+00:00,8615.713993972244,0.0,0.0011085320950596778,1.56076419778932,-0.21889124918083724
2025-05-08 00:00:00+00:00,9400.596364350238,0.0,0.09109893514653766,1.7029481542227671,-0.1477330737475694
2025-05-09 00:00:00+00:00,9493.218564150577,0.0,0.009852800419299923,1.7197269625107392,-0.13933585781923397
2025-05-10 00:00:00+00:00,9825.043070016676,0.0,0.03495384664577039,1.7798380350309362,-0.10925233537993395
2025-05-11 00:00:00+00:00,9717.520275311315,0.0,-0.010943747924473834,1.7603599362291669,-0.11900045328584963
2025-05-12 00:00:00+00:00,9604.40371237256,0.0,-0.011640476143501721,1.739868508387515,-0.1292557074918116
2025-05-13 00:00:00+00:00,9853.079061263676,0.0,0.025891805086323938,1.7849168446825177,-0.10671056599016049
2025-05-14 00:00:00+00:00,9751.48742000649,0.0,-0.010310649150942375,1.766513193333389,-0.11592095993447993
2025-05-15 00:00:00+00:00,9719.756401224684,0.0,-0.003253967052934459,1.7607650176037082,-0.118797724003043
2025-05-16 00:00:00+00:00,9688.193380744557,0.0,-0.003247305711915782,1.7550472753047022,-0.12165925718724113
2025-05-17 00:00:00+00:00,9612.13446329636,0.0,-0.007850681180597174,1.7412689586894092,-0.128554830326993
2025-05-18 00:00:00+00:00,9875.004424169805,0.0,0.027347719892725886,1.7888886944295457,-0.10472279192490663
2025-05-19 00:00:00+00:00,9835.529355582687,0.0,-0.003997473509024463,1.7817376592629701,-0.10830163884742017
2025-05-20 00:00:00+00:00,9925.879391944081,0.0,0.00918608781439012,1.7981048578631658,-0.10011041939792475
2025-05-21 00:00:00+00:00,10152.99871816773,0.0,0.022881531928342858,1.8392482515788702,-0.0795195672273954
2025-05-22 00:00:00+00:00,10397.698325356312,0.0,0.024101215215433625,1.8835763695247825,-0.057334870215547395
2025-05-23 00:00:00+00:00,9962.14248411439,0.0,-0.04188964015043162,1.804674033209533,-0.096822773284578
2025-05-24 00:00:00+00:00,9997.909014055887,0.0,0.003590244768987283,1.8111532547169906,-0.09358014597089448
2025-05-25 00:00:00+00:00,10106.257342630115,0.0,0.010837098879566076,1.8307809016244065,-0.08375718438637925
2025-05-26 00:00:00+00:00,10148.167046397095,0.0,0.004146906450738896,1.8383729787552423,-0.07995761114386801
2025-05-27 00:00:00+00:00,10293.160212503297,100.0,0.00443362489999366,1.846523634969327,-0.07587848829958588
2025-05-28 00:00:00+00:00,10225.223461426594,0.0,-0.006600183974031504,1.834336239266132,-0.08197786029116871
2025-05-29 00:00:00+00:00,10020.913448833477,0.0,-0.019980982651758405,1.7976843986918636,-0.10032084473862102
2025-05-30 00:00:00+00:00,9818.034665450876,0.0,-0.020245537936086855,1.761289311001036,-0.1185353332067719
2025-05-31 00:00:00+00:00,9860.083899600784,0.0,0.004282856557624282,1.7688326604765303,-0.11476014647828237
2025-06-01 00:00:00+00:00,9947.154754579367,0.0,0.008830640374379417,1.7844525855836553,-0.10694291168676384
2025-06-02 00:00:00+00:00,10020.526466814314,0.0,0.00737615067275077,1.7976149767233,-0.10035558804399725
2025-06-03 00:00:00+00:00,9973.131414330592,0.0,-0.004729796646980922,1.7891126234338315,-0.10461072316714193
2025-06-04 00:00:00+00:00,9934.945291570333,0.0,-0.0038288999887625685,1.7822622901300706,-0.10803907915914535
2025-06-05 00:00:00+00:00,9536.111515756296,0.0,-0.040144536694373345,1.7107141962249461,-0.14384643707578815
2025-06-06 00:00:00+00:00,9793.867787099342,0.0,0.027029494245863317,1.756953935748125,-0.12070503927315279
2025-06-07 00:00:00+00:00,9928.158080260833,0.0,0.013711671025249172,1.78104471012162,-0.10864843603750685
2025-06-08 00:00:00+00:00,9929.12363532865,0.0,9.725419962203219e-05,1.781217924199394,-0.10856174835457189
2025-06-09 00:00:00+00:00,10407.350802881318,0.0,0.048164086289659735,1.8670086580012222,-0.06562643948041802
2025-06-10 00:00:00+00:00,10523.038598200732,0.0,0.011115969617108146,1.8877622695184415,-0.055239971370653285
2025-06-11 00:00:00+00:00,10364.885085731778,0.0,-0.015029262792592646,1.8593905942799078,-0.06943901811686104
2025-06-12 00:00:00+00:00,10036.461717758002,0.0,-0.031686156214686845,1.8004736534454353,-0.09892491875610254
2025-06-13 00:00:00+00:00,10012.158579375176,0.0,-0.002421484689153486,1.796113834060393,-0.10110685826911225
2025-06-14 00:00:00+00:00,9923.162273776274,0.0,-0.008888823013873726,1.78014849607666,-0.10909696031434302
2025-06-15 00:00:00+00:00,9950.618984789642,0.0,0.0027669315744163203,1.7850740451576044,-0.10663189256409333
2025-06-16 00:00:00+00:00,10036.439465484105,0.0,0.00862463740453201,1.80046966153733,-0.09892691656868557
2025-06-17 00:00:00+00:00,9841.812388133189,0.0,-0.019392044162698352,1.7655548743471994,-0.11640056559640444
2025-06-18 00:00:00+00:00,9879.29837043564,0.0,0.0038088495110564224,1.7722796071671,-0.11303506832270649
2025-06-19 00:00:00+00:00,9859.164848383813,0.0,-0.0020379506010342885,1.768667788876473,-0.1148426590383147
2025-06-20 00:00:00+00:00,9662.005597846426,0.0,-0.01999756100738148,1.7332987468666252,-0.1325436469653275
2025-06-21 00:00:00+00:00,9481.603770437157,0.0,-0.018671260907722753,1.7009358737328495,-0.14874015085889958
2025-06-22 00:00:00+00:00,9338.828530261477,0.0,-0.015058131897563776,1.6753229569968824,-0.16155853394636654
2025-06-23 00:00:00+00:00,9816.820952672217,0.0,0.051183338559205316,1.7610715791008629,-0.11864430052726693
2025-06-24 00:00:00+00:00,9903.18440620693,0.0,0.008797497066624693,1.7765646011521188,-0.11089057634650257
2025-06-25 00:00:00+00:00,9970.87078372066,0.0,0.006834809364077543,1.788707081523962,-0.10481368293202609
2025-06-26 00:00:00+00:00,9939.656972501816,0.0,-0.003130500023107996,1.783107533963918,-0.10761606371829324
2025-06-27 00:00:00+00:00,10053.188474365936,100.0,0.0013613650754300544,1.7855349942863927,-0.10640120339356451
2025-06-28 00:00:00+00:00,10082.442820674241,0.0,0.0029099570134289987,1.7907308243657394,-0.10380086930818788
2025-06-29 00:00:00+00:00,10216.782889805141,0.0,0.013324158789716378,1.8145908062192282,-0.09185976978364441
2025-06-30 00:00:00+00:00,10114.089431104067,0.0,-0.010051447682572157,1.7963515416652391,-0.10098789379610318
2025-07-01 00:00:00+00:00,9935.835560127138,0.0,-0.017624312321061875,1.7646920810565099,-0.11683236393625629
2025-07-02 00:00:00+00:00,10313.895496186802,0.0,0.03805014019926345,1.83183886214924,-0.08322771156457875
2025-07-03 00:00:00+00:00,10386.546258010807,0.0,0.007043969162850772,1.844742278605531,-0.0767699958354835
2025-07-04 00:00:00+00:00,10195.863571050199,0.0,-0.01835862299400448,1.8108753505915112,-0.0937192274186931
2025-07-05 00:00:00+00:00,10218.981897286756,0.0,0.0022674220849911997,1.8149813693546086,-0.09166430637973932
2025-07-06 00:00:00+00:00,10340.221085464313,0.0,0.01186411615131111,1.8365145191330974,-0.08088770620624686
2025-07-07 00:00:00+00:00,10246.04782574309,0.0,-0.009107470618167524,1.8197885171102546,-0.08925849441677003
2025-07-08 00:00:00+00:00,10357.891629513128,0.0,0.010915799503593115,1.8396529637019712,-0.07931702274222296
2025-07-09 00:00:00+00:00,10661.87020738388,0.0,0.02934753410671087,1.8936422417987264,-0.05229724766568222
2025-07-10 00:00:00+00:00,11174.367743047174,0.0,0.048068258728976465,1.9846663270176266,-0.006742826568313154
2025-07-11 00:00:00+00:00,11293.329712588089,0.0,0.010645968727396982,2.005795022669374,0.0
2025-07-12 00:00:00+00:00,11272.474888678937,0.0,-0.0018466496985301006,2.002091021895448,-0.0018466496985302117
2025-07-13 00:00:00+00:00,11421.280581793939,0.0,0.013200800585898786,2.028520226230308,0.0
2025-07-14 00:00:00+00:00,11513.20392299005,0.0,0.008048426841263279,2.0448466228671456,0.0
2025-07-15 00:00:00+00:00,11464.882877400225,0.0,-0.0041970111806440835,2.0362643787282697,-0.0041970111806441945
2025-07-16 00:00:00+00:00,11730.45658865558,0.0,0.023164101552128225,2.0834326135841126,0.0
2025-07-17 00:00:00+00:00,11861.872621285576,0.0,0.011202976767084039,2.1067732607498804,0.0
2025-07-18 00:00:00+00:00,11828.789310132132,0.0,-0.0027890462332295085,2.1008973727227174,-0.0027890462332295085
2025-07-19 00:00:00+00:00,11861.219017881514,0.0,0.0027415914595423363,2.106657175017149,-5.5101199020413105e-05
2025-07-20 00:00:00+00:00,11959.926510051602,0.0,0.00832186742537,2.124188496738346,0.0
2025-07-21 00:00:00+00:00,11973.35402044357,0.0,0.0011227084364342499,2.126573341084211,0.0
2025-07-22 00:00:00+00:00,12151.169382342872,0.0,0.014850923274772887,2.15815491861083,0.0
2025-07-23 00:00:00+00:00,11960.601106035545,0.0,-0.015683122365510505,2.1243083109385283,-0.015683122365510394
2025-07-24 00:00:00+00:00,11997.285664540183,0.0,0.0030671166256122095,2.130823812276934,-0.012664107705246952
2025-07-25 00:00:00+00:00,11958.661222815248,0.0,-0.003219431695212105,2.123963770558777,-0.015842768170721278
2025-07-26 00:00:00+00:00,11995.292051932038,0.0,0.0030631212335796576,2.1304697290837296,-0.012828175256723973
2025-07-27 00:00:00+00:00,12321.233430331653,100.0,0.01883583804557909,2.1705989118617595,0.0
2025-07-28 00:00:00+00:00,12156.185602126754,0.0,-0.013395398207341369,2.1415228750889495,-0.013395398207341258
2025-07-29 00:00:00+00:00,12143.289318374707,0.0,-0.001060882432544541,2.1392509710918755,-0.014442069697250703
2025-07-30 00:00:00+00:00,12149.110938729908,0.0,0.0004794104960006429,2.1402765504609964,-0.013969582881046883
2025-07-31 00:00:00+00:00,11896.357291905693,0.0,-0.020804291614332504,2.0957496129698883,-0.034483247219391444
2025-08-01 00:00:00+00:00,11528.606093579476,0.0,-0.03091292479727692,2.030963862790228,-0.0643301939886094
2025-08-02 00:00:00+00:00,11390.25430422126,0.0,-0.012000738704678882,2.0065907961542373,-0.07555892284440957
2025-08-03 00:00:00+00:00,11604.323190318277,0.0,0.018794039218043013,2.044302742271724,-0.05818494098557758
2025-08-04 00:00:00+00:00,11862.862353334722,0.0,0.022279555539451934,2.0898488987576207,-0.03720172007037359
2025-08-05 00:00:00+00:00,11698.673271403251,0.0,-0.013840595721429372,2.0609241450310423,-0.05052742182416714
2025-08-06 00:00:00+00:00,11825.37561374762,0.0,0.010830488159207396,2.0832449595808256,-0.04024417030874161
2025-08-07 00:00:00+00:00,12208.770374521111,0.0,0.03242136007314422,2.1507865945359583,-0.009127580972022042
2025-08-08 00:00:00+00:00,12235.295080210204,0.0,0.0021725943625288124,2.1554593813662497,-0.006974817140456557
2025-08-09 00:00:00+00:00,12437.839698863798,0.0,0.016554126183780937,2.191141127949401,0.0
2025-08-10 00:00:00+00:00,12641.391231583348,0.0,0.016365505397062163,2.2270002599045817,0.0
2025-08-11 00:00:00+00:00,12572.014602227617,0.0,-0.005488053338812859,2.2147783636926754,-0.005488053338812748
2025-08-12 00:00:00+00:00,13000.127788367368,0.0,0.03405287057683615,2.290197924667879,0.0
2025-08-13 00:00:00+00:00,13376.095511821484,0.0,0.02892030982884153,2.356431158218644,0.0
2025-08-14 00:00:00+00:00,12824.258327508851,0.0,-0.04125547577205413,2.2592154696622413,-0.04125547577205413
2025-08-15 00:00:00+00:00,12659.397500816362,0.0,-0.01285538878602066,2.230172376448341,-0.05358050937747283
2025-08-16 00:00:00+00:00,12647.084434377326,0.0,-0.0009726423740341605,2.2280032162936068,-0.05450103707766418
2025-08-17 00:00:00+00:00,12692.70582573791,0.0,0.0036072655003849263,2.2360402154304895,-0.051090371288064595
2025-08-18 00:00:00+00:00,12465.768913326256,0.0,-0.017879317107584614,2.196061343353496,-0.06805622744624562
2025-08-19 00:00:00+00:00,12007.775231787848,0.0,-0.0367401068255645,2.115377815003196,-0.10229594120529006
2025-08-20 00:00:00+00:00,12339.30115766807,0.0,0.02760927144960057,2.1737818553160824,-0.07751098616461871
2025-08-21 00:00:00+00:00,12110.064147725407,0.0,-0.018577795210080184,2.1333977811766323,-0.09464879814720117
2025-08-22 00:00:00+00:00,12970.518163276316,0.0,0.07105280410199355,2.2849816757942034,-0.030321056558449744
2025-08-23 00:00:00+00:00,12811.52566277149,0.0,-0.012257991431289472,2.2569723899916645,-0.04220737273825814
2025-08-24 00:00:00+00:00,12667.27337072742,0.0,-0.011259571720115047,2.231559847496234,-0.05299170751790916
2025-08-25 00:00:00+00:00,12062.301838988093,0.0,-0.04775862287280741,2.1249836223215617,-0.09821951941598261
2025-08-26 00:00:00+00:00,12381.366034436518,0.0,0.02645135229638651,2.1811923127396406,-0.07436620623005008
2025-08-27 00:00:00+00:00,12360.84625141819,100.0,-0.009733964950484841,2.159960663217166,-0.08337629313559114
2025-08-28 00:00:00+00:00,12463.326488679975,0.0,0.008290713692036045,2.17786827866196,-0.07577682841864553
2025-08-29 00:00:00+00:00,12014.289343382265,0.0,-0.03602867546682309,2.0994025692405596,-0.10907536512646798
2025-08-30 00:00:00+00:00,12059.310699090027,0.0,0.003747317416869178,2.1072696970532947,-0.10573678772508854
2025-08-31 00:00:00+00:00,12032.204691992565,0.0,-0.0022477244159160303,2.102533135504308,-0.10774684498157439
2025-09-01 00:00:00+00:00,12039.087196977873,0.0,0.0005720069730767996,2.1037357991189416,-0.10723646995515401
2025-09-02 00:00:00+00:00,12200.83763384134,0.0,0.013435440263616538,2.132000415778436,-0.09524179887770112
2025-09-03 00:00:00+00:00,12344.922040489122,0.0,0.01180938645131513,2.1571780326027277,-0.08455715963565125
2025-09-04 00:00:00+00:00,12136.956966396632,0.0,-0.016846203921774605,2.1208377715699296,-0.0999788964031576
2025-09-05 00:00:00+00:00,12140.304111626483,0.0,0.00027578125547589316,2.1214226588732337,-0.09973068745325298
2025-09-06 00:00:00+00:00,12074.516460424276,0.0,-0.005418945900968253,2.1099267842517113,-0.10460919815424563
2025-09-07 00:00:00+00:00,12175.239444741583,0.0,0.008341782020624855,2.1275273335654172,-0.09714004326197578
2025-09-08 00:00:00+00:00,12245.458257461283,0.0,0.005767345524364753,2.1397975188106195,-0.0919329379313546
2025-09-09 00:00:00+00:00,12209.551768478652,0.0,-0.0029322290948771146,2.133523142268817,-0.09459559859085187
2025-09-10 00:00:00+00:00,12426.262953736059,0.0,0.01774931540213376,2.1713917174386976,-0.07852529030376088
2025-09-11 00:00:00+00:00,12637.449990372046,0.0,0.016995217099642357,2.2082949910849337,-0.06286462756064337
2025-09-12 00:00:00+00:00,12901.336627571309,0.0,0.02088131999733389,2.254407105442288,-0.04329600396791644
2025-09-13 00:00:00+00:00,12852.851404584457,0.0,-0.0037581550180804113,2.245934694066174,-0.04689144589142191
2025-09-14 00:00:00+00:00,12749.238286277418,0.0,-0.008061488851421883,2.227829116568938,-0.05457491987456298
2025-09-15 00:00:00+00:00,12684.453403856729,0.0,-0.005081470827196011,2.216508467905115,-0.05937906983851993
2025-09-16 00:00:00+00:00,12773.398026239349,0.0,0.007012097372329551,2.2320508411086584,-0.05278334428577647
2025-09-17 00:00:00+00:00,12826.036457472928,0.0,0.004120941907975295,2.2412489929605144,-0.048879919473311606
2025-09-18 00:00:00+00:00,12870.776449070654,0.0,0.003488216468592542,2.249066954607976,-0.045562206744809264
2025-09-19 00:00:00+00:00,12657.33711958419,0.0,-0.016583252015217376,2.2117701105006145,-0.06138988920320798
2025-09-20 00:00:00+00:00,12671.752601225628,0.0,0.0011389031915041148,2.214289102538337,-0.06032090315244354
2025-09-21 00:00:00+00:00,12606.373690918823,0.0,-0.0051594213021868285,2.2028646521735005,-0.0651691035019385
2025-09-22 00:00:00+00:00,12195.41234439735,0.0,-0.03259948948027103,2.1310523891185094,-0.09564411347815949
2025-09-23 00:00:00+00:00,12115.572767690363,0.0,-0.006546689398629901,2.117101051034742,-0.10156465057304065
2025-09-24 00:00:00+00:00,12204.287930531167,0.0,0.007322407660113939,2.132603327988074,-0.09498594068827959
2025-09-25 00:00:00+00:00,11634.001059596196,0.0,-0.046728401868354696,2.0329501826520566,-0.13727580134830863
2025-09-26 00:00:00+00:00,11821.728264130803,0.0,0.01613608281217771,2.065754035152362,-0.12335481223479527
2025-09-27 00:00:00+00:00,11908.683850120915,100.0,-0.0011034269878683611,2.063474626399677,-0.12432212619376037
2025-09-28 00:00:00+00:00,12210.939744994368,0.0,0.02538113352218896,2.115847951411976,-0.10209642915625772
2025-09-29 00:00:00+00:00,12439.086639749752,0.0,0.018683811362586455,2.1553800554080724,-0.08532016821682042
2025-09-30 00:00:00+00:00,12356.9526485344,0.0,-0.006602895662201513,2.1411483057898226,-0.09135970371040492
2025-10-01 00:00:00+00:00,12882.96527041798,0.0,0.042568150647236624,2.2322930294287593,-0.05268056669379961
2025-10-02 00:00:00+00:00,13151.20909868263,0.0,0.020821590575936355,2.2787729209330414,-0.032955869308869956
2025-10-03 00:00:00+00:00,13306.04114845294,0.0,0.011773217854609275,2.3056014109723706,-0.021570648083221955
2025-10-04 00:00:00+00:00,13295.278883144629,0.0,-0.0008088254942426598,2.3037365817716142,-0.022362026687367642
2025-10-05 00:00:00+00:00,13402.417862867764,0.0,0.008058422893179262,2.322301065382017,-0.014483806461983773
2025-10-06 00:00:00+00:00,13642.656773705594,0.0,0.017925042577834116,2.363928410857539,0.0
2025-10-07 00:00:00+00:00,13179.757519195313,0.0,-0.03393028661414821,2.283719642341815,-0.03393028661414821
2025-10-08 00:00:00+00:00,13399.139086739033,0.0,0.01664534170861698,2.321732936155275,-0.01784972612049507
2025-10-09 00:00:00+00:00,13134.072246283922,0.0,-0.019782378460228345,2.275803536528674,-0.037278994543196275
2025-10-10 00:00:00+00:00,11979.742584765783,0.0,-0.08788817663499138,2.075787313323704,-0.12189078832100042
2025-10-11 00:00:00+00:00,11744.054121200359,0.0,-0.01967391718960143,2.034948445618148,-0.13916663623499925
2025-10-12 00:00:00+00:00,12432.494373713569,0.0,0.05862032356189828,2.154237781932066,-0.08870430591821765
2025-10-13 00:00:00+00:00,12526.9456833288,0.0,0.00759713270531881,2.1706038122402154,-0.08178107159649273
2025-10-14 00:00:00+00:00,12261.432500324192,0.0,-0.021195364753433865,2.12459707270459,-0.10124305670751221
2025-10-15 00:00:00+00:00,11965.30783117858,0.0,-0.024150903178546512,2.0732861345082783,-0.12294884862601552
2025-10-16 00:00:00+00:00,11688.980488233537,0.0,-0.02309404378423119,2.025405573740705,-0.14320350631685652
2025-10-17 00:00:00+00:00,11499.003923941455,0.0,-0.016252620532930084,1.9924874255254157,-0.15712869460263368
2025-10-18 00:00:00+00:00,11607.514221914913,0.0,0.009436495429620217,2.011289524009962,-0.1491749433814934
2025-10-19 00:00:00+00:00,11801.347676373793,0.0,0.01669896333987886,2.044875974037287,-0.1349670469523705
2025-10-20 00:00:00+00:00,11942.04734773733,0.0,0.011922339314281771,2.0692556792553822,-0.12465383056810142
2025-10-21 00:00:00+00:00,11677.774371730404,0.0,-0.022129620517456705,2.0234638363198685,-0.14402490911903865
2025-10-22 00:00:00+00:00,11562.241615893845,0.0,-0.00989338825694741,2.0034449229632636,-0.1524934030313999
2025-10-23 00:00:00+00:00,11798.745708607541,0.0,0.02045486511790151,2.0444251186336215,-0.13515776990387562
2025-10-24 00:00:00+00:00,11938.60460527264,0.0,0.011853708870347646,2.0686591387971305,-0.12490618188953395
2025-10-25 00:00:00+00:00,12004.212539530714,0.0,0.005495444101490721,2.080027339459428,-0.12009715272854782
2025-10-26 00:00:00+00:00,12407.601895830623,0.0,0.03360398318269686,2.1499245431941723,-0.09052891224643089
2025-10-27 00:00:00+00:00,12438.449669810481,100.0,-0.005573375628966537,2.137942206141017,-0.09559773624216628
2025-10-28 00:00:00+00:00,12219.255239522437,0.0,-0.017622327227809875,2.100266688990254,-0.11153540887967883
2025-10-29 00:00:00+00:00,11930.486266887485,0.0,-0.023632289118648342,2.05063257936977,-0.13253186096871594
2025-10-30 00:00:00+00:00,11712.497928286657,0.0,-0.018271538454039726,2.0131643673407087,-0.14838183842868036
2025-10-31 00:00:00+00:00,11849.438860527056,0.0,0.011691863945578529,2.036702011223743,-0.13842483475000478
2025-11-01 00:00:00+00:00,11910.12277320426,0.0,0.005121247798438366,2.0471324669147974,-0.13401249483177913
2025-11-02 00:00:00+00:00,11973.482917669335,0.0,0.0053198565347809534,2.0580229179464764,-0.12940556554337124
2025-11-03 00:00:00+00:00,11398.499879368195,0.0,-0.04802136874080587,1.9591938405267395,-0.1712127019041063
2025-11-04 00:00:00+00:00,10724.52513900673,0.0,-0.05912837193439735,1.843349898432494,-0.2202175455204246
2025-11-05 00:00:00+00:00,11030.648946266874,0.0,0.02854427616069688,1.8959669869941438,-0.1979592197944935
2025-11-06 00:00:00+00:00,10738.178813569484,0.0,-0.026514317890278916,1.8456967155915067,-0.21922478400182965
2025-11-07 00:00:00+00:00,10999.395777804835,0.0,0.024326002460050233,1.8905951384354924,-0.2002316441767119
2025-11-08 00:00:00+00:00,10889.795822299153,0.0,-0.009964179644016302,1.8717569088420174,-0.2082006797477346
2025-11-09 00:00:00+00:00,11237.768604550154,0.0,0.03195402264002545,1.9315670714837794,-0.1828995063420369
2025-11-10 00:00:00+00:00,11322.389056211046,0.0,0.00753000481133137,1.9461117808254615,-0.17674673569345123
2025-11-11 00:00:00+00:00,10961.520019019892,0.0,-0.03187216367496182,1.884084987617221,-0.20298559847937614
2025-11-12 00:00:00+00:00,10851.410783117644,0.0,-0.010045070000437084,1.8651592220298334,-0.21099166393400726
2025-11-13 00:00:00+00:00,10536.433785052128,0.0,-0.029026363885841455,1.8110204317461625,-0.23389370700562107
2025-11-14 00:00:00+00:00,10039.043681765776,0.0,-0.047206684295021284,1.7255281619728882,-0.27005904491543586
2025-11-15 00:00:00+00:00,10165.621661447547,0.0,0.012608569470783149,1.747284603676916,-0.2608555336736823
2025-11-16 00:00:00+00:00,9998.209915634538,0.0,-0.016468421842601888,1.7185095837444813,-0.27302807654776884
2025-11-17 00:00:00+00:00,9784.165470350878,0.0,-0.021408276790523373,1.6817192549085123,-0.28859129270397343
2025-11-18 00:00:00+00:00,9924.097816238886,0.0,0.014301919393334916,1.7057710681344331,-0.27841678271650905
2025-11-19 00:00:00+00:00,9728.25914904499,0.0,-0.019733649427904898,1.6721099798716053,-0.2926562529594412
2025-11-20 00:00:00+00:00,9179.897026753055,0.0,-0.05636795997008026,1.5778565514606309,-0.3325277769777101
2025-11-21 00:00:00+00:00,9003.028230369977,0.0,-0.01926696953872442,1.5474560373471622,-0.3453879439666251
2025-11-22 00:00:00+00:00,8977.023115713087,0.0,-0.00288848529533281,1.542986233338111,-0.3472787812646251
2025-11-23 00:00:00+00:00,9165.862268456453,0.0,0.021035832291979695,1.5754442329714449,-0.3335482471738912
2025-11-24 00:00:00+00:00,9414.252589925367,0.0,0.027099504028522015,1.6181379903095663,-0.3154877352133645
2025-11-25 00:00:00+00:00,9348.405475306197,0.0,-0.006994407042959061,1.6068200745536654,-0.32027549261918
2025-11-26 00:00:00+00:00,9647.222278345587,0.0,0.03196446750504278,1.6581812226131865,-0.2985484606906246
2025-11-27 00:00:00+00:00,9802.39230465352,100.0,0.005718747294935822,1.667663941994519,-0.2945370365976705
2025-11-28 00:00:00+00:00,9782.66640576368,0.0,-0.002012355583899117,1.664308009148779,-0.2959566789313073
2025-11-29 00:00:00+00:00,9737.580241668482,0.0,-0.004608780696910508,1.6566375785225005,-0.29920146019923743
2025-11-30 00:00:00+00:00,9705.32150250445,0.0,-0.0033128085585361067,1.6511494553739787,-0.30152307159969893
2025-12-01 00:00:00+00:00,9215.49954840854,0.0,-0.050469420716203195,1.5678168988453796,-0.3367747975596951
2025-12-02 00:00:00+00:00,9780.599414646573,0.0,0.061320589651119084,1.6639563555475672,-0.2961054370745728
2025-12-03 00:00:00+00:00,10122.06952574899,0.0,0.034913004472002074,1.7220500712300157,-0.2715303630513394
2025-12-04 00:00:00+00:00,9967.436287911372,0.0,-0.015276840120911461,1.6957425876116305,-0.2826590772279425
2025-12-05 00:00:00+00:00,9653.58627699767,0.0,-0.03148753619768241,1.6423478315022577,-0.3052463754998066
2025-12-06 00:00:00+00:00,9661.221364003835,0.0,0.0007909067974414263,1.643646775565956,-0.3046968901356423
2025-12-07 00:00:00+00:00,9770.560936348369,0.0,0.011317365395633772,1.6622485267063913,-0.2968278907805868
2025-12-08 00:00:00+00:00,9847.634307590186,0.0,0.007888326140527813,1.6753608852116633,-0.2912810398501412
2025-12-09 00:00:00+00:00,10182.24207410669,0.0,0.033978492302318974,1.7322871221534342,-0.2671998381181817
2025-12-10 00:00:00+00:00,10136.560328683765,0.0,-0.004486413217290708,1.7245153663124626,-0.27048748245008103
2025-12-11 00:00:00+00:00,10095.96200142049,0.0,-0.004005138424362009,1.7176084435554417,-0.27340928106517326
2025-12-12 00:00:00+00:00,9783.55420668804,0.0,-0.03094383622764174,1.6644590491748474,-0.29589278527641705
2025-12-13 00:00:00+00:00,9808.501086335336,0.0,0.0025498790235394253,1.6687032183898787,-0.29409739705927074
2025-12-14 00:00:00+00:00,9602.17925207701,0.0,-0.021035001417878396,1.6336020438250294,-0.308946059313013
2025-12-15 00:00:00+00:00,9377.871671939978,0.0,-0.02336007006831431,1.5954409856175353,-0.3250891277884457
2025-12-16 00:00:00+00:00,9486.099773470514,0.0,0.011540795749463095,1.6138536441628695,-0.31730011926316004
2025-12-17 00:00:00+00:00,9243.56460965099,0.0,-0.025567427036537693,1.5725915588680848,-0.3347549986517523
2025-12-18 00:00:00+00:00,9182.944083156106,0.0,-0.006558133042267156,1.5622782942038815,-0.3391177638762972
2025-12-19 00:00:00+00:00,9522.901485869439,0.0,0.037020524097157725,1.6201146554409227,-0.31465155712849624
2025-12-20 00:00:00+00:00,9538.768561817951,0.0,0.0016662018369144604,1.6228140934558304,-0.3135096282940574
2025-12-21 00:00:00+00:00,9583.737415265507,0.0,0.004714324826745164,1.630464566225801,-0.31027328969140255
2025-12-22 00:00:00+00:00,9587.605088805358,0.0,0.00040356630949545114,1.6311225667935558,-0.30999493922836285
2025-12-23 00:00:00+00:00,9459.42803355512,0.0,-0.013369037842401288,1.609316027472498,-0.31921964299726735
2025-12-24 00:00:00+00:00,9457.602242785098,0.0,-0.0001930128083372784,1.6090054088665333,-0.31935104232583333
2025-12-25 00:00:00+00:00,9383.63152519381,0.0,-0.007821297163106866,1.596420899426742,-0.3246746000875619
2025-12-26 00:00:00+00:00,9416.685827612064,0.0,0.003522549061043989,1.6020443703670486,-0.32229573323420113
2025-12-27 00:00:00+00:00,9575.558787057014,100.0,0.006251982971792414,1.6120603244906393,-0.3180587376984704
2025-12-28 00:00:00+00:00,9583.17807835898,0.0,0.0007957020025051165,1.6133430441189955,-0.3175161156704661
2025-12-29 00:00:00+00:00,9515.383635029742,0.0,-0.007074317389795026,1.6019297433662796,-0.3223442232816335
2025-12-30 00:00:00+00:00,9645.765828871135,0.0,0.013702252987615404,1.6238797899782702,-0.31305881239051936
2025-12-31 00:00:00+00:00,9578.627324162682,0.0,-0.006960412050176279,1.6125769175200677,-0.3178402061105188
2026-01-01 00:00:00+00:00,9701.528758119533,0.0,0.012830798171552749,1.6332675664848724,-0.30908755147437483
2026-01-02 00:00:00+00:00,9903.783369749963,0.0,0.02084770520946555,1.6673174472391301,-0.2946836124219626
2026-01-03 00:00:00+00:00,9954.634527721892,0.0,0.005134518403062893,1.6758783193557272,-0.29106215244996136
2026-01-04 00:00:00+00:00,10041.170108139659,0.0,0.00869299422060954,1.6904467199003312,-0.2848993598384375
2026-01-05 00:00:00+00:00,10296.998706776,0.0,0.02547796679880543,1.7335158653051015,-0.26668004947059676
2026-01-06 00:00:00+00:00,10354.755061987842,0.0,0.005609047534776979,1.7432392381958879,-0.262566823009877
2026-01-07 00:00:00+00:00,10050.487700454221,0.0,-0.02938431278307896,1.6920153511650036,-0.28423579013917444
2026-01-08 00:00:00+00:00,9972.486283846049,0.0,-0.0077609583666917725,1.6788836904688087,-0.2897908063722723
2026-01-09 00:00:00+00:00,9919.860641491412,0.0,-0.005277083453088527,1.6700240811261755,-0.2935386395561965
2026-01-10 00:00:00+00:00,9907.66393227459,0.0,-0.0012295242501498826,1.6679707460200965,-0.2944072509306561
2026-01-11 00:00:00+00:00,9981.298959972222,0.0,0.007432128118290526,1.6803673183020784,-0.2891631952202359
2026-01-12 00:00:00+00:00,9977.69263362907,0.0,-0.00036130831844771727,1.6797601876119281,-0.28942002647086174
2026-01-13 00:00:00+00:00,10511.383701511488,0.0,0.0534884253783936,1.7696079150606052,-0.2514122225813674
2026-01-14 00:00:00+00:00,10658.129780773115,0.0,0.013960681431553601,1.7943128474215222,-0.24096142709727109
2026-01-15 00:00:00+00:00,10519.655854198474,0.0,-0.012992328806545661,1.7710005449260127,-0.2508231058132745
2026-01-16 00:00:00+00:00,10494.729020718823,0.0,-0.002369548379256403,1.766804073455121,-0.25259831670867106
2026-01-17 00:00:00+00:00,10476.52242707539,0.0,-0.0017348321817066692,1.7637389648897206,-0.2538949332015066
2026-01-18 00:00:00+00:00,10337.074482847394,0.0,-0.013310518370829638,1.740262684996208,-0.263825978399697
2026-01-19 00:00:00+00:00,10168.471451120688,0.0,-0.01631051725577437,1.711878100442997,-0.27583335748226157
2026-01-20 00:00:00+00:00,9609.984298950494,0.0,-0.05492341251630706,1.617855913354734,-0.31560706071981237
2026-01-21 00:00:00+00:00,9729.228216311605,0.0,0.012408336335589354,1.6379308136701618,-0.3071148829435213
2026-01-22 00:00:00+00:00,9710.043013498902,0.0,-0.0019719141525057493,1.6347009547178604,-0.30848119291190557
2026-01-23 00:00:00+00:00,9716.64700106267,0.0,0.0006801192903664877,1.6358127463711445,-0.30801087763155366
2026-01-24 00:00:00+00:00,9684.481441573836,0.0,-0.003310355875366988,1.6303976240351945,-0.31030160788847616
2026-01-25 00:00:00+00:00,9359.281583615346,0.0,-0.03357948073114814,1.575649718434795,-0.33346132175668886
2026-01-26 00:00:00+00:00,9594.889764268755,0.0,0.02517374635526215,1.6153147247914128,-0.31668204613462003
2026-01-27 00:00:00+00:00,9856.215630183555,100.0,0.016813727919582355,1.6424741870785506,-0.3051929239757618
2026-01-28 00:00:00+00:00,9845.135703601576,0.0,-0.0011241562682585693,1.6406277894256933,-0.305973995705505
2026-01-29 00:00:00+00:00,9303.009634849222,0.0,-0.055065372898215226,1.550286008413793,-0.3441907964330396
2026-01-30 00:00:00+00:00,9164.238305194078,0.0,-0.014916821018362114,1.5271606694990134,-0.35397338494484254
2026-01-31 00:00:00+00:00,8490.647974910553,0.0,-0.07350205307316704,1.4149112249182436,-0.4014576674913052
2026-02-01 00:00:00+00:00,8180.650076136022,0.0,-0.03651051129319682,1.363252092661995,-0.4233107540818203
2026-02-02 00:00:00+00:00,8391.95945446216,0.0,0.025830389560672407,1.3984654252848563,-0.40841464620430334
2026-02-03 00:00:00+00:00,8052.2911176857515,0.0,-0.0404754501757989,1.3418619076411618,-0.4323593297165934
2026-02-04 00:00:00+00:00,7767.367282219146,0.0,-0.03538419454815911,1.294381204844423,-0.4524448376273489
2026-02-05 00:00:00+00:00,6659.527924977343,0.0,-0.14262739445549844,1.1097669861652941,-0.5305412037572175
2026-02-06 00:00:00+00:00,7484.466347715231,0.0,0.1238734084504487,1.247237605327371,-0.47238774253957927
2026-02-07 00:00:00+00:00,7405.248585232625,0.0,-0.01058429002179806,1.2340364807864932,-0.477972143691596
2026-02-08 00:00:00+00:00,7489.568694780838,0.0,0.011386533291584788,1.2480878782579987,-0.4720280561266057
2026-02-09 00:00:00+00:00,7488.7902265886305,0.0,-0.00010394032339278159,1.24795815160031,-0.47208293370119425
2026-02-10 00:00:00+00:00,7309.569332320149,0.0,-0.02393188870909546,1.2180921560026028,-0.48471698617948944
2026-02-11 00:00:00+00:00,7094.837470454377,0.0,-0.029376814433691667,1.182308488772579,-0.49985435965732794
2026-02-12 00:00:00+00:00,7037.404297783694,0.0,-0.008095065307677007,1.1727376243421441,-0.5039030712792518
2026-02-13 00:00:00+00:00,7335.017294789486,0.0,0.04229016614826575,1.222332893323896,-0.48292304973800704
2026-02-14 00:00:00+00:00,7446.727589320547,0.0,0.015229724762941599,1.240948686857909,-0.4750481101042556
2026-02-15 00:00:00+00:00,7256.235282861469,0.0,-0.025580673413146626,1.2092043837769235,-0.48847673295729277
2026-02-16 00:00:00+00:00,7290.741985718103,0.0,0.004755455344472415,1.2149547012263149,-0.4860442069032126
2026-02-17 00:00:00+00:00,7175.311898419313,0.0,-0.015832419735180125,1.1957190284372694,-0.49418137074484836
2026-02-18 00:00:00+00:00,7059.812057419544,0.0,-0.016096839083080683,1.1764717316479372,-0.5023234518251929
2026-02-19 00:00:00+00:00,7096.059939217037,0.0,0.005134397559407811,1.1825122052356227,-0.49976818257086963
2026-02-20 00:00:00+00:00,7194.525672676553,0.0,0.013876113547933278,1.1989208788672892,-0.49282690907193405
2026-02-21 00:00:00+00:00,7195.2567662098,0.0,0.00010161803105712686,1.199042710846393,-0.49277537114102876
2026-02-22 00:00:00+00:00,7154.542303542091,0.0,-0.005658514211600019,1.1922579106267532,-0.49564550891190085
2026-02-23 00:00:00+00:00,6824.439540944568,0.0,-0.0461389070876127,1.1372484336638742,-0.5189158739154348
2026-02-24 00:00:00+00:00,6773.354014360593,0.0,-0.0074856735527477625,1.1287353631410928,-0.5225171126347128
2026-02-25 00:00:00+00:00,7275.178083479622,0.0,0.07408797296805703,1.21236107821358,-0.48714137338288355
2026-02-26 00:00:00+00:00,7207.680894729403,0.0,-0.009277736981241791,1.2011131110036197,-0.49189954082919807
2026-02-27 00:00:00+00:00,7085.544225943278,100.0,-0.030819437212954548,1.1640954808933872,-0.5075589110284859
2026-02-28 00:00:00+00:00,7206.299922654067,0.0,0.017042543643810637,1.1839346289320756,-0.49916646227768324
2026-03-01 00:00:00+00:00,7087.401737795178,0.0,-0.016499200163056615,1.164400654509351,-0.5074298150649356
2026-03-02 00:00:00+00:00,7414.117161262983,0.0,0.04609805335649608,1.218077258009262,-0.48472328839797985
2026-03-03 00:00:00+00:00,7332.309277548516,0.0,-0.011034069456292706,1.2046369089412572,-0.4904088874230067
2026-03-04 00:00:00+00:00,7814.859752419624,0.0,0.06581152766546206,1.2839159042008814,-0.45687191781957226
2026-03-05 00:00:00+00:00,7621.530571320729,0.0,-0.024738662909342235,1.2521535414429126,-0.47030818036123134
2026-03-06 00:00:00+00:00,7310.557033393517,0.0,-0.04080197999826751,1.201063197690199,-0.4919206553913783
2026-03-07 00:00:00+00:00,7234.192193094066,0.0,-0.010445830591380045,1.188517094997586,-0.4972279661521394
2026-03-08 00:00:00+00:00,7100.379201004094,0.0,-0.0184972956922147,1.1665327428561636,-0.5065278891279994
2026-03-09 00:00:00+00:00,7349.549983508258,0.0,0.035092602162561715,1.207469412310817,-0.4892106686628488
2026-03-10 00:00:00+00:00,7511.809053874324,0.0,0.022077415723433358,1.2341272164997326,-0.47793376024782397
2026-03-11 00:00:00+00:00,7545.959222570162,0.0,0.0045461976537095605,1.2397378027557628,-0.4755603439335816
2026-03-12 00:00:00+00:00,7594.391430230773,0.0,0.0064182970291899455,1.2476948082121646,-0.47219433444706116
2026-03-13 00:00:00+00:00,7643.206674804341,0.0,0.006427802019691731,1.2557147434203497,-0.4688017041240151
2026-03-14 00:00:00+00:00,7669.394357139552,0.0,0.003426269032020146,1.260017159958782,-0.46698167585299344
2026-03-15 00:00:00+00:00,7875.556789338212,0.0,0.02688118808322071,1.2938879182237195,-0.4526535100297947
2026-03-16 00:00:00+00:00,8207.44875372546,0.0,0.0421420317654948,1.3484149839744934,-0.42958721686273815
2026-03-17 00:00:00+00:00,8095.824566845863,0.0,-0.01360035136727844,1.3300760664035371,-0.4373450311377921
2026-03-18 00:00:00+00:00,7774.908524280399,0.0,-0.03963969820686131,1.2773522525391316,-0.459648504298081
2026-03-19 00:00:00+00:00,7607.409789051859,0.0,-0.021543499155707857,1.2498336153650134,-0.4712895662895208
2026-03-20 00:00:00+00:00,7661.6308729026605,0.0,0.007127404117079905,1.2587416846208308,-0.4675212333675497
2026-03-21 00:00:00+00:00,7476.241627039825,0.0,-0.02419709966953798,1.2282837866198584,-0.4804056751556677
2026-03-22 00:00:00+00:00,7362.363961423877,0.0,-0.015231940231048569,1.2095746413952986,-0.4883201048560887
2026-03-23 00:00:00+00:00,7698.654078761298,0.0,0.04567692104050525,1.2648242867829091,-0.4649481426875862
2026-03-24 00:00:00+00:00,7674.881291675902,0.0,-0.0030879146981002137,1.260918617277238,-0.4666003371820271
2026-03-25 00:00:00+00:00,7749.122941692074,0.0,0.009673328771442335,1.2731158976161931,-0.4614405868770123
2026-03-26 00:00:00+00:00,7445.044611977553,0.0,-0.03924035429590478,1.2231583787339848,-0.4825738490573529
2026-03-27 00:00:00+00:00,7284.812720452314,100.0,-0.034953704791315654,1.1804044618506928,-0.500659809988709
2026-03-28 00:00:00+00:00,7284.327568902416,0.0,-6.65976694962378e-05,1.1803258496644706,-0.5006930648816496
2026-03-29 00:00:00+00:00,7245.032973582472,0.0,-0.005394402564719458,1.173958696873836,-0.5033865274930341
2026-03-30 00:00:00+00:00,7349.139163593134,0.0,0.014369319006588999,1.1908276838897758,-0.49625053008361164
2026-03-31 00:00:00+00:00,7545.834439901344,0.0,0.026764396744943575,1.222699468476264,-0.48276797941071437
2026-04-01 00:00:00+00:00,7566.271162276529,0.0,0.002708344920360206,1.226010960370839,-0.48136713669510367
2026-04-02 00:00:00+00:00,7387.553208467916,0.0,-0.02362034745723285,1.197052155500504,-0.4936174251291048
2026-04-03 00:00:00+00:00,7389.294715937089,0.0,0.00023573535378074162,1.197334343013875,-0.4934980528536692
2026-04-04 00:00:00+00:00,7427.734759925242,0.0,0.005202126246940164,1.2035630274260303,-0.490863165780293
2026-04-05 00:00:00+00:00,7610.714024623552,0.0,0.024634598651197992,1.2332123195580913,-0.478320784210749
2026-04-06 00:00:00+00:00,7593.264628186013,0.0,-0.002292741046514557,1.230384883053973,-0.4795168595619026
2026-04-07 00:00:00+00:00,7969.904529623938,0.0,0.0496018405627332,1.2914142378540132,-0.4536999378143014
2026-04-08 00:00:00+00:00,7852.357836347164,0.0,-0.01474882074683026,1.2723674007499999,-0.46175721950546056
2026-04-09 00:00:00+00:00,7910.254309922123,0.0,0.007373132348473144,1.2817487339916125,-0.4577886842492641
2026-04-10 00:00:00+00:00,8058.283488321726,0.0,0.01871358019601521,1.3057348417163055,-0.44764196930877576
2026-04-11 00:00:00+00:00,8103.800172494814,0.0,0.005648434215432152,1.3131101990725378,-0.4445220113090508
2026-04-12 00:00:00+00:00,7827.537040578822,0.0,-0.03409056566494073,1.268345529605752,-0.4634585701579488
2026-04-13 00:00:00+00:00,8296.869882637224,0.0,0.05995919784541792,1.3443945101517347,-0.4312879764137858
2026-04-14 00:00:00+00:00,8227.878454851723,0.0,-0.008315356123624218,1.3332153910291777,-0.43601701942169213
2026-04-15 00:00:00+00:00,8319.072258854927,0.0,0.011083513751886986,1.347992102149877,-0.4297661063006222
2026-04-16 00:00:00+00:00,8335.222040438455,0.0,0.0019412959860203305,1.3506089538069677,-0.42865911353169084
2026-04-17 00:00:00+00:00,8558.580608622688,0.0,0.026796954790238914,1.3868011608814248,-0.4133489176271846
2026-04-18 00:00:00+00:00,8380.51469861848,0.0,-0.020805542197593674,1.3579480108090345,-0.42555451147675616
2026-04-19 00:00:00+00:00,8143.52631623132,0.0,-0.0282784996995743,1.3195472783933337,-0.4417989680513825
2026-04-20 00:00:00+00:00,8356.846813429544,0.0,0.026195101349772987,1.3541129530866642,-0.42717683544594065
2026-04-21 00:00:00+00:00,8409.63313540175,0.0,0.006316535788041255,1.3626662560158864,-0.4235585774268158
2026-04-22 00:00:00+00:00,8603.546130414825,0.0,0.02305843690098275,1.3940872098973272,-0.4102667392572993
2026-04-23 00:00:00+00:00,8567.079710257307,0.0,-0.004238533693520119,1.3881783242864718,-0.4127663435531468
2026-04-24 00:00:00+00:00,8486.227146781648,0.0,-0.00943758739385303,1.3750772700327658,-0.41830841250647577
2026-04-25 00:00:00+00:00,8505.733793943293,0.0,0.002298624208879829,1.3782380559347436,-0.41697132214136146
2026-04-26 00:00:00+00:00,8637.53682794502,0.0,0.015495786394770672,1.3995949384506523,-0.4079368342872385
2026-04-27 00:00:00+00:00,8567.63239258045,100.0,-0.019670473046769277,1.372064243937464,-0.41958299683037625
2026-04-28 00:00:00+00:00,8470.022792246866,0.0,-0.011392832449033885,1.3564325458969742,-0.4261955904980581
2026-04-29 00:00:00+00:00,8388.047841230014,0.0,-0.009678244442492878,1.3433046601480303,-0.4317490098353982
2026-04-30 00:00:00+00:00,8438.593428497554,0.0,0.006025905934762488,1.3513992876718104,-0.4283247828213307
2026-05-01 00:00:00+00:00,8629.384115922485,0.0,0.02260929964709768,1.3819534791096566,-0.4153996065353185
2026-05-02 00:00:00+00:00,8687.577110644494,0.0,0.006743586093778564,1.3912728013736293,-0.41145730345153264
2026-05-03 00:00:00+00:00,8683.631484313939,0.0,-0.00045416878380510894,1.3906409286974883,-0.4117246011722414
2026-05-04 00:00:00+00:00,8812.852571551513,0.0,0.014880996213507913,1.4113350510917848,-0.40297047718978574
2026-05-05 00:00:00+00:00,8911.120313724743,0.0,0.011150503355797037,1.4270721473151378,-0.39631329749218047
2026-05-06 00:00:00+00:00,8945.169941863245,0.0,0.0038210266430875883,1.432525028011637,-0.3940065945178205
2026-05-07 00:00:00+00:00,8768.81729790019,0.0,-0.01971484556573122,1.4042830183153427,-0.40595366092075325
2026-05-08 00:00:00+00:00,8799.914205915244,0.0,0.0035463058424651805,1.4092630353876692,-0.4038469909177814
2026-05-09 00:00:00+00:00,8858.551657068158,0.0,0.006663411685706944,1.4186535351659062,-0.39987457799059356
2026-05-10 00:00:00+00:00,9027.389453370262,0.0,0.01905930030530345,1.4456920789218135,-0.3884366073516693
2026-05-11 00:00:00+00:00,8958.485053732462,0.0,-0.00763281566544971,1.4346573777744025,-0.39310455799549116
2026-05-12 00:00:00+00:00,8793.240448800141,0.0,-0.018445596988909796,1.4081942659668099,-0.40429910673311253
2026-05-13 00:00:00+00:00,8680.415294255397,0.0,-0.012830896095891386,1.3901258716573597,-0.4119424829988496
2026-05-14 00:00:00+00:00,8848.983391792524,0.0,0.019419358616250104,1.4171212244808011,-0.40052278318922274
2026-05-15 00:00:00+00:00,8630.352342979611,0.0,-0.024706911419417277,1.3821085359169778,-0.41533401368292544
2026-05-16 00:00:00+00:00,8508.405092073242,0.0,-0.014130043138455117,1.3625792826824439,-0.42359536929117314
2026-05-17 00:00:00+00:00,8402.899919637222,0.0,-0.012400111571358119,1.3456831475523605,-0.43074285102221
2026-05-18 00:00:00+00:00,8365.010126298303,0.0,-0.004509133001854848,1.3396152832616923,-0.4333097072192076
2026-05-19 00:00:00+00:00,8333.369663321406,0.0,-0.003782477546252383,1.3345482185321385,-0.43545320052733005
2026-05-20 00:00:00+00:00,8409.01910939715,0.0,0.009077893953115757,1.3466631057352927,-0.43032830455014626
2026-05-21 00:00:00+00:00,8418.449894629524,0.0,0.0011215083602122977,1.3481733996667642,-0.42968941298112295
2026-05-22 00:00:00+00:00,8182.498785542591,0.0,-0.028027856914306315,1.3103869885252302,-0.4456739965108022
2026-05-23 00:00:00+00:00,8332.408321512163,0.0,0.01832075260853605,1.3343942643634454,-0.435518326936398
2026-05-24 00:00:00+00:00,8340.061326733417,0.0,0.0009184625771994082,1.3356198555584928,-0.4349998716441742
2026-05-25 00:00:00+00:00,8374.002283009415,0.0,0.004069629100592165,1.3410553329900023,-0.43270053067997905
2026-05-26 00:00:00+00:00,8222.054401764686,0.0,-0.018145192240158092,1.3167216261682095,-0.4429942886085305
2026-05-27 00:00:00+00:00,8151.0121531723635,100.0,-0.020802860238386622,1.289330050206171,-0.4545816005745904
2026-05-28 00:00:00+00:00,8067.733530847936,0.0,-0.010216967017036671,1.2761570076091404,-0.4601541223720047
2026-05-29 00:00:00+00:00,8059.6001380996,0.0,-0.001008138496051747,1.2748704646027635,-0.46069836178317625
2026-05-30 00:00:00+00:00,8102.306521541819,0.0,0.005298821617754523,1.2816257757804375,-0.4578406986041026
2026-05-31 00:00:00+00:00,8069.462500534459,0.0,-0.004053663104455096,1.2764304966594378,-0.46003842976090825
2026-06-01 00:00:00+00:00,7883.613232388682,0.0,-0.023031183072412476,1.247032792211664,-0.472474383537152
2026-06-02 00:00:00+00:00,7353.966112631155,0.0,-0.06718329579913296,1.163253019261289,-0.5079152930695954
2026-06-03 00:00:00+00:00,7092.081818647889,0.0,-0.0356113000756767,1.1218280669284384,-0.5254390692307456
2026-06-04 00:00:00+00:00,7028.184807932721,0.0,-0.009009626841466667,1.1117208146651292,-0.5297146861305156
2026-06-05 00:00:00+00:00,6606.453440788478,0.0,-0.060005731020082886,1.045011194490906,-0.5579345001772632
2026-06-06 00:00:00+00:00,6578.477287199968,0.0,-0.004234670514104311,1.0405859163986864,-0.5598065019146654
2026-06-07 00:00:00+00:00,6901.4363117757375,0.0,0.04909327956549547,1.0916716917043643,-0.5381959594502486
2026-06-08 00:00:00+00:00,6881.264633929288,0.0,-0.002922823153787779,1.088480928407516,-0.5395457309924803
2026-06-09 00:00:00+00:00,6718.5197067146055,0.0,-0.02365043867260097,1.0627378769639184,-0.5504356764431799
2026-06-10 00:00:00+00:00,6682.40221699053,0.0,-0.00537581063995074,1.057024799377457,-0.5528524491170989
2026-06-11 00:00:00+00:00,6908.229824356143,0.0,0.033794375141237065,1.0927462919812096,-0.5377413770390768
2026-06-12 00:00:00+00:00,6897.315924441146,0.0,-0.0015798403053294274,1.0910199273456385,-0.5384716718431165
2026-06-13 00:00:00+00:00,6984.207233752711,0.0,0.01259784389513885,1.1047644260768246,-0.5326574100118117
2026-06-14 00:00:00+00:00,7134.7986768724,0.0,0.021561708878270913,1.1285850350109632,-0.5225807051400692
2026-06-15 00:00:00+00:00,7253.980921951688,0.0,0.016704359923373824,1.1474373256399197,-0.5146057214043656
2026-06-16 00:00:00+00:00,7197.250643768505,0.0,-0.007820571737583215,1.138463709720372,-0.5184017821811352
2026-06-17 00:00:00+00:00,7058.798565422172,0.0,-0.019236800995142134,1.11656330989629,-0.5276661912569318
2026-06-18 00:00:00+00:00,6891.6875873201925,0.0,-0.02367413895624959,1.0901296349443552,-0.5388482874788498
2026-06-19 00:00:00+00:00,6939.759532718575,0.0,0.006975351797262164,1.0977336726527132,-0.5356315920521049
2026-06-20 00:00:00+00:00,7031.831769602355,0.0,0.013267352629394491,1.112297692380957,-0.5294706526339096
2026-06-21 00:00:00+00:00,6916.454162480723,0.0,-0.01640790208042142,1.0940472207600918,-0.5371910520914569
2026-06-22 00:00:00+00:00,6995.992274846847,0.0,0.01149983944050259,1.1066285881391609,-0.5318688234988809
2026-06-23 00:00:00+00:00,6828.796246616823,0.0,-0.023898829738728478,1.0801814599272135,-0.5430566107814717
2026-06-24 00:00:00+00:00,6647.523396032755,0.0,-0.026545359392422307,1.0515076548644142,-0.555186337270269
2026-06-25 00:00:00+00:00,6487.269398622784,0.0,-0.024107323564383498,1.0261586195981718,-0.5659096041635532
2026-06-26 00:00:00+00:00,6523.100340907755,0.0,0.005523270282651982,1.0318263710070856,-0.5635120055802452
2026-06-27 00:00:00+00:00,6612.416841966941,100.0,-0.0016377946654928532,1.0301364512809355,-0.5642268832890573
2026-06-28 00:00:00+00:00,6572.834448554562,0.0,-0.005986070503172458,1.02396998185568,-0.5668354518890762
2026-06-29 00:00:00+00:00,6672.195918576793,0.0,0.015116989603181308,1.039449325425362,-0.5602873079188166
2026-06-30 00:00:00+00:00,6493.934556663289,0.0,-0.026717045495799452,1.0116783105073945,-0.5720351319182302
2026-07-01 00:00:00+00:00,6648.985917769013,0.0,0.023876335641022095,1.0358334814098114,-0.561816899085344
2026-07-02 00:00:00+00:00,6870.883207904605,0.0,0.03337310273775507,1.0704024586041074,-0.5471933694405712
2026-07-03 00:00:00+00:00,7015.615128818547,0.0,0.021064529338445936,1.0929499825973183,-0.5376552108865091
2026-07-04 00:00:00+00:00,7085.413240893212,0.0,0.009948965385508268,1.103823704142271,-0.533055358583449
2026-07-05 00:00:00+00:00,7132.569273476658,0.0,0.00665536800468991,1.1111700571056378,-0.5299476701570038
2026-07-06 00:00:00+00:00,7179.524953430469,0.0,0.006583277098817897,1.1184851974954735,-0.5268531854187024
2026-07-07 00:00:00+00:00,7094.101154836548,0.0,-0.011898252203038195,1.1051771785303073,-0.5324828055476549
2026-07-08 00:00:00+00:00,6976.057534200815,0.0,-0.01663968670016125,1.086787376531395,-0.5402621451902803
2026-07-09 00:00:00+00:00,7055.673068962008,0.0,0.01141268321983735,1.0991905365870658,-0.5350153026891693
2026-07-10 00:00:00+00:00,7186.632743920603,0.0,0.01856090463356197,1.1195925073107722,-0.5263847660663172
2026-07-11 00:00:00+00:00,7148.773092067148,0.0,-0.005268065476906614,1.113694420674805,-0.5288798021295404
2026-07-12 00:00:00+00:00,7165.3252939453505,0.0,0.002315390580317933,1.116273058245788,-0.5277889748611937
2026-07-13 00:00:00+00:00,7014.227770263763,0.0,-0.0210873222754121,1.0927338485191993,-0.5377466409302983
2026-07-14 00:00:00+00:00,7358.518549656478,0.0,0.04908463064919388,1.1463702858716365,-0.5150571055340127
2026-07-15 00:00:00+00:00,7361.674050870453,0.0,0.0004288228931790261,1.1468618756942783,-0.5148491509189813
2026-07-16 00:00:00+00:00,7229.6647988558825,0.0,-0.017931961005385966,1.1262963932607648,-0.523548857026432
2026-07-17 00:00:00+00:00,7214.405317068118,0.0,-0.002110676250187904,1.123919146212837,-0.5245544911382811
2026-07-18 00:00:00+00:00,7310.722341911889,0.0,0.013350653395630685,1.1389242011786378,-0.5182069829409591
2026-07-19 00:00:00+00:00,7311.460038397559,0.0,0.00010090610081592288,1.1390391255789036,-0.5181583670862073
2026-07-20 00:00:00+00:00,7389.460888485988,0.0,0.010668300131408959,1.151190736831997,-0.5130179359304748
2026-07-21 00:00:00+00:00,7523.604676582713,0.0,0.018153393071711488,1.1720887547782213,-0.5041775591025475
2026-07-22 00:00:00+00:00,7491.3102618166995,0.0,-0.004292412500955911,1.1670576663549814,-0.5063058335461101
2026-07-23 00:00:00+00:00,7349.059345547998,0.0,-0.018988789850789667,1.1448966535848137,-0.5156804883234638
2026-07-24 00:00:00+00:00,7251.950355809135,0.0,-0.013213798552013545,1.1297682198414696,-0.5220801887855671
2026-07-25 00:00:00+00:00,7285.410875521401,0.0,0.004614002864134825,1.1349809736436267,-0.5198750654077968
2026-07-26 00:00:00+00:00,7453.3451251123815,0.0,0.023050758901633328,1.161143146425027,-0.5088078212978495
2026-07-27 00:00:00+00:00,7349.484230673709,100.0,-0.027351597305189657,1.1293840266703288,-0.5222427119691695
2026-07-28 00:00:00+00:00,7394.293571498719,0.0,0.006096936794284691,1.1362698096974124,-0.5193298559810366
2026-07-29 00:00:00+00:00,7387.904917409873,0.0,-0.0008639978960899297,1.1352880749724434,-0.5197451539741822
2026-07-30 00:00:00+00:00,7462.6481576742935,0.0,0.010116973769963566,1.1467737546482921,-0.5148864282940412
2026-07-31 00:00:00+00:00,7245.01441069742,0.0,-0.029163072193490347,1.113330308851884,-0.529033830407744
2026-08-01 00:00:00+00:00,7220.917292216417,0.0,-0.00332602768124568,1.1096273414262727,-0.5306002769247382
2026-08-02 00:00:00+00:00,7326.30771250016,0.0,0.014595156822713617,1.12582252648916,-0.5237493143539164
2026-08-03 00:00:00+00:00,7295.77517959141,0.0,-0.004167519862243174,1.1211306387486555,-0.5257340985457534
2026-08-04 00:00:00+00:00,7354.743338975577,0.0,0.008082507743538914,1.1301921858178603,-0.521900840724753
2026-08-05 00:00:00+00:00,7443.055426402227,0.0,0.01200750092238434,1.1437629695315399,-0.5161600646287642
2026-08-06 00:00:00+00:00,7409.333936601739,0.0,-0.004530597700625694,1.1385810396517195,-0.518352148727428
2026-08-07 00:00:00+00:00,7470.2729251744,0.0,0.008224624385145596,1.1479454410349035,-0.5143907760647985
2026-08-08 00:00:00+00:00,7476.288921925928,0.0,0.0008053248939878799,1.1488699100755089,-0.5139997028680134
2026-08-09 00:00:00+00:00,7464.722005735944,0.0,-0.0015471467610168599,1.1470924397153057,-0.5147516166535744
2026-08-10 00:00:00+00:00,7346.910571981428,0.0,-0.015782427485442674,1.1289885364663994,-0.5224100140761676
2026-08-11 00:00:00+00:00,7325.887324777801,0.0,-0.0028615085208471003,1.1257579261493622,-0.52377664189036
2026-08-12 00:00:00+00:00,7312.882121038914,0.0,-0.001775239389077199,1.123759436336296,-0.5246220523536749
2026-08-13 00:00:00+00:00,7320.511072257218,0.0,0.0010432208658683884,1.1249317656284985,-0.5241261281595164
2026-08-14 00:00:00+00:00,7278.831867240085,0.0,-0.005693482955730578,1.1185269857945328,-0.5268355079379177
2026-08-15 00:00:00+00:00,7282.856353883806,0.0,0.000552902816980172,1.119145422515847,-0.5265738939573616
2026-08-16 00:00:00+00:00,7260.228844990234,0.0,-0.0031069552650869747,1.1156682877529633,-0.5280448076901605
2026-08-17 00:00:00+00:00,7436.8762035224,0.0,0.02433082514390117,1.1428134177808762,-0.5165617484303135
2026-08-18 00:00:00+00:00,7457.584035298776,0.0,0.0027844798285829864,1.145995558690521,-0.5152156243704522
2026-08-19 00:00:00+00:00,8198.862810304983,0.0,0.0993993190686866,1.259906736880098,-0.4670283875377368
2026-08-20 00:00:00+00:00,8586.629027434234,0.0,0.04729512203105468,1.3194941797485902,-0.44182143008724606
2026-08-21 00:00:00+00:00,9232.739254903983,0.0,0.07524608614223705,1.418780952462133,-0.3998206773328403
2026-08-22 00:00:00+00:00,9027.579420861637,0.0,-0.022220906318065392,1.3872543538316164,-0.4131572058358671
2026-08-23 00:00:00+00:00,9126.066211181762,0.0,0.010909545707516344,1.4023886686126934,-0.40675501754980703
2026-08-24 00:00:00+00:00,9251.60409053061,0.0,0.013755968502072946,1.4216798829657937,-0.39859435825720935
2026-08-25 00:00:00+00:00,9171.547413018383,0.0,-0.008653275337859423,1.409377695496195,-0.4037984868649517
2026-08-26 00:00:00+00:00,9280.130754994461,0.0,0.011839151790454805,1.4260635319632557,-0.39673996665324707
2026-08-27 00:00:00+00:00,9488.136631777481,100.0,0.011638400323712217,1.4426606302352911,-0.38971898488586154
2026-08-28 00:00:00+00:00,9211.543100465718,0.0,-0.029151512256410883,1.4006048911911455,-0.4075095993778163
2026-08-29 00:00:00+00:00,9260.02609792315,0.0,0.0052632872612821124,1.4079766770730413,-0.4043911521997896
2026-08-30 00:00:00+00:00,9169.805315870428,0.0,-0.009743037557200518,1.3942587074286563,-0.41019419157330794
2026-08-31 00:00:00+00:00,9300.472159824445,0.0,0.014249685729736061,1.4141264558354627,-0.40178964416165464
2026-09-01 00:00:00+00:00,9151.069845581756,0.0,-0.016063949407651212,1.3914099999929006,-0.41139926505297486
2026-09-02 00:00:00+00:00,9114.0345234969,0.0,-0.004047102984656714,1.3857788204290482,-0.41378139284415016
2026-09-03 00:00:00+00:00,9570.786694751063,0.0,0.05011525577137199,1.4552274804574001,-0.38440289740859723
2026-09-04 00:00:00+00:00,9379.084137156586,0.0,-0.020029968664917908,1.4260793196235109,-0.39673328808371733
2026-09-05 00:00:00+00:00,9419.885292815388,0.0,0.0043502281312481905,1.4322830899971284,-0.39410894026289356
2026-09-06 00:00:00+00:00,9499.746549455791,0.0,0.00847794364346588,1.4444259053156132,-0.38897223000436254
2026-09-07 00:00:00+00:00,9369.57083203319,0.0,-0.013703072681455652,1.424632832152096,-0.39734518794700047
2026-09-08 00:00:00+00:00,9308.582982082904,0.0,-0.006509140177667239,1.415359697345911,-0.4012679525973991
2026-09-09 00:00:00+00:00,9277.74056674605,0.0,-0.003313330868534914,1.4106701423706145,-0.4032517499720393
2026-09-10 00:00:00+00:00,9098.648774900636,0.0,-0.019303384326926354,1.3834394344539147,-0.4147710107887498
2026-09-11 00:00:00+00:00,9238.279443808846,0.0,0.015346308266497077,1.4046701224830729,-0.4057899063138234
2026-09-12 00:00:00+00:00,9252.982223028797,0.0,0.0015915062224931553,1.4069056637235549,-0.4048442172522536
2026-09-13 00:00:00+00:00,9163.526375475245,0.0,-0.00966778552010128,1.3933040015196598,-0.4105980557109068
2026-09-14 00:00:00+00:00,9319.042413340132,0.0,0.016971199895391864,1.4169500422444994,-0.400595197495644
2026-09-15 00:00:00+00:00,8977.444267885046,0.0,-0.03665592775563409,1.3650104238626424,-0.4225669366326238
2026-09-16 00:00:00+00:00,9046.449308560088,0.0,0.0076864905663511784,1.3755025636086335,-0.41812850283835123
2026-09-17 00:00:00+00:00,9095.507500824167,0.0,0.005422922363325311,1.382961807221638,-0.41497305888381175
2026-09-18 00:00:00+00:00,9650.6282092705,0.0,0.061032406206694034,1.4673672940083329,-0.3792674569717488
2026-09-19 00:00:00+00:00,9703.696877991617,0.0,0.00549898592820508,1.475436326109593,-0.3758540574524575
2026-09-20 00:00:00+00:00,9711.073460068545,0.0,0.0007601826571539405,1.4765579272164364,-0.37537959253139985
2026-09-21 00:00:00+00:00,10312.233456107657,0.0,0.06190458742908822,1.5679636365159195,-0.33671272390726725
2026-09-22 00:00:00+00:00,10253.169790530692,0.0,-0.005727533790653605,1.5589830718052584,-0.340511724193999
2026-09-23 00:00:00+00:00,10025.872545863016,0.0,-0.02216848538659688,1.5244227783599917,-0.3551315803988363
2026-09-24 00:00:00+00:00,10030.533891552048,0.0,0.00046493167230177157,1.5251315307916296,-0.35483176064609645
2026-09-25 00:00:00+00:00,10008.121598486765,0.0,-0.0022344067930580858,1.5217237665389216,-0.3562733289427742
2026-09-26 00:00:00+00:00,10041.372734093507,0.0,0.003322415228425024,1.5267795647543267,-0.35413460164791033
