date,cash,units,price,equity,deposit,return,twr_index,drawdown
2021-09-27 00:00:00+00:00,60.0,0.0,42147.35,60.0,60.0,0.0,1.0,0.0
2021-09-28 00:00:00+00:00,60.0,0.0,41026.54,60.0,0.0,0.0,1.0,0.0
2021-09-29 00:00:00+00:00,60.0,0.0,41524.28,60.0,0.0,0.0,1.0,0.0
2021-09-30 00:00:00+00:00,60.0,0.0,43824.1,60.0,0.0,0.0,1.0,0.0
2021-10-01 00:00:00+00:00,60.0,0.0,48141.61,60.0,0.0,0.0,1.0,0.0
2021-10-02 00:00:00+00:00,60.0,0.0,47634.9,60.0,0.0,0.0,1.0,0.0
2021-10-03 00:00:00+00:00,60.0,0.0,48200.01,60.0,0.0,0.0,1.0,0.0
2021-10-04 00:00:00+00:00,60.0,0.0,49224.94,60.0,0.0,0.0,1.0,0.0
2021-10-05 00:00:00+00:00,60.0,0.0,51471.99,60.0,0.0,0.0,1.0,0.0
2021-10-06 00:00:00+00:00,60.0,0.0,55315.0,60.0,0.0,0.0,1.0,0.0
2021-10-07 00:00:00+00:00,60.0,0.0,53785.22,60.0,0.0,0.0,1.0,0.0
2021-10-08 00:00:00+00:00,60.0,0.0,53951.43,60.0,0.0,0.0,1.0,0.0
2021-10-09 00:00:00+00:00,60.0,0.0,54949.72,60.0,0.0,0.0,1.0,0.0
2021-10-10 00:00:00+00:00,60.0,0.0,54659.0,60.0,0.0,0.0,1.0,0.0
2021-10-11 00:00:00+00:00,60.0,0.0,57471.35,60.0,0.0,0.0,1.0,0.0
2021-10-12 00:00:00+00:00,60.0,0.0,55996.93,60.0,0.0,0.0,1.0,0.0
2021-10-13 00:00:00+00:00,60.0,0.0,57367.0,60.0,0.0,0.0,1.0,0.0
2021-10-14 00:00:00+00:00,60.0,0.0,57347.94,60.0,0.0,0.0,1.0,0.0
2021-10-15 00:00:00+00:00,60.0,0.0,61672.42,60.0,0.0,0.0,1.0,0.0
2021-10-16 00:00:00+00:00,60.0,0.0,60875.57,60.0,0.0,0.0,1.0,0.0
2021-10-17 00:00:00+00:00,60.0,0.0,61528.33,60.0,0.0,0.0,1.0,0.0
2021-10-18 00:00:00+00:00,60.0,0.0,62009.84,60.0,0.0,0.0,1.0,0.0
2021-10-19 00:00:00+00:00,60.0,0.0,64280.59,60.0,0.0,0.0,1.0,0.0
2021-10-20 00:00:00+00:00,60.0,0.0,66001.41,60.0,0.0,0.0,1.0,0.0
2021-10-21 00:00:00+00:00,60.0,0.0,62193.15,60.0,0.0,0.0,1.0,0.0
2021-10-22 00:00:00+00:00,60.0,0.0,60688.22,60.0,0.0,0.0,1.0,0.0
2021-10-23 00:00:00+00:00,60.0,0.0,61286.75,60.0,0.0,0.0,1.0,0.0
2021-10-24 00:00:00+00:00,60.0,0.0,60852.22,60.0,0.0,0.0,1.0,0.0
2021-10-25 00:00:00+00:00,60.0,0.0,63078.78,60.0,0.0,0.0,1.0,0.0
2021-10-26 00:00:00+00:00,60.0,0.0,60328.81,60.0,0.0,0.0,1.0,0.0
2021-10-27 00:00:00+00:00,120.0,0.0,58413.44,120.0,60.0,0.0,1.0,0.0
2021-10-28 00:00:00+00:00,120.0,0.0,60575.89,120.0,0.0,0.0,1.0,0.0
2021-10-29 00:00:00+00:00,120.0,0.0,62253.71,120.0,0.0,0.0,1.0,0.0
2021-10-30 00:00:00+00:00,120.0,0.0,61859.19,120.0,0.0,0.0,1.0,0.0
2021-10-31 00:00:00+00:00,120.0,0.0,61299.8,120.0,0.0,0.0,1.0,0.0
2021-11-01 00:00:00+00:00,120.0,0.0,60911.11,120.0,0.0,0.0,1.0,0.0
2021-11-02 00:00:00+00:00,120.0,0.0,63219.99,120.0,0.0,0.0,1.0,0.0
2021-11-03 00:00:00+00:00,120.0,0.0,62896.48,120.0,0.0,0.0,1.0,0.0
2021-11-04 00:00:00+00:00,120.0,0.0,61395.01,120.0,0.0,0.0,1.0,0.0
2021-11-05 00:00:00+00:00,120.0,0.0,60937.12,120.0,0.0,0.0,1.0,0.0
2021-11-06 00:00:00+00:00,120.0,0.0,61470.61,120.0,0.0,0.0,1.0,0.0
2021-11-07 00:00:00+00:00,120.0,0.0,63273.59,120.0,0.0,0.0,1.0,0.0
2021-11-08 00:00:00+00:00,120.0,0.0,67525.83,120.0,0.0,0.0,1.0,0.0
2021-11-09 00:00:00+00:00,120.0,0.0,66947.66,120.0,0.0,0.0,1.0,0.0
2021-11-10 00:00:00+00:00,120.0,0.0,64882.43,120.0,0.0,0.0,1.0,0.0
2021-11-11 00:00:00+00:00,120.0,0.0,64774.26,120.0,0.0,0.0,1.0,0.0
2021-11-12 00:00:00+00:00,120.0,0.0,64122.23,120.0,0.0,0.0,1.0,0.0
2021-11-13 00:00:00+00:00,120.0,0.0,64380.0,120.0,0.0,0.0,1.0,0.0
2021-11-14 00:00:00+00:00,120.0,0.0,65519.1,120.0,0.0,0.0,1.0,0.0
2021-11-15 00:00:00+00:00,120.0,0.0,63606.74,120.0,0.0,0.0,1.0,0.0
2021-11-16 00:00:00+00:00,120.0,0.0,60058.87,120.0,0.0,0.0,1.0,0.0
2021-11-17 00:00:00+00:00,120.0,0.0,60344.87,120.0,0.0,0.0,1.0,0.0
2021-11-18 00:00:00+00:00,120.0,0.0,56891.62,120.0,0.0,0.0,1.0,0.0
2021-11-19 00:00:00+00:00,120.0,0.0,58052.24,120.0,0.0,0.0,1.0,0.0
2021-11-20 00:00:00+00:00,120.0,0.0,59707.51,120.0,0.0,0.0,1.0,0.0
2021-11-21 00:00:00+00:00,120.0,0.0,58622.02,120.0,0.0,0.0,1.0,0.0
2021-11-22 00:00:00+00:00,120.0,0.0,56247.18,120.0,0.0,0.0,1.0,0.0
2021-11-23 00:00:00+00:00,120.0,0.0,57541.27,120.0,0.0,0.0,1.0,0.0
2021-11-24 00:00:00+00:00,120.0,0.0,57138.29,120.0,0.0,0.0,1.0,0.0
2021-11-25 00:00:00+00:00,120.0,0.0,58960.36,120.0,0.0,0.0,1.0,0.0
2021-11-26 00:00:00+00:00,120.0,0.0,53726.53,120.0,0.0,0.0,1.0,0.0
2021-11-27 00:00:00+00:00,180.0,0.0,54721.03,180.0,60.0,0.0,1.0,0.0
2021-11-28 00:00:00+00:00,180.0,0.0,57274.88,180.0,0.0,0.0,1.0,0.0
2021-11-29 00:00:00+00:00,180.0,0.0,57776.25,180.0,0.0,0.0,1.0,0.0
2021-11-30 00:00:00+00:00,180.0,0.0,56950.56,180.0,0.0,0.0,1.0,0.0
2021-12-01 00:00:00+00:00,180.0,0.0,57184.07,180.0,0.0,0.0,1.0,0.0
2021-12-02 00:00:00+00:00,180.0,0.0,56480.34,180.0,0.0,0.0,1.0,0.0
2021-12-03 00:00:00+00:00,180.0,0.0,53601.05,180.0,0.0,0.0,1.0,0.0
2021-12-04 00:00:00+00:00,180.0,0.0,49152.47,180.0,0.0,0.0,1.0,0.0
2021-12-05 00:00:00+00:00,180.0,0.0,49396.33,180.0,0.0,0.0,1.0,0.0
2021-12-06 00:00:00+00:00,180.0,0.0,50441.92,180.0,0.0,0.0,1.0,0.0
2021-12-07 00:00:00+00:00,180.0,0.0,50588.95,180.0,0.0,0.0,1.0,0.0
2021-12-08 00:00:00+00:00,180.0,0.0,50471.19,180.0,0.0,0.0,1.0,0.0
2021-12-09 00:00:00+00:00,180.0,0.0,47545.59,180.0,0.0,0.0,1.0,0.0
2021-12-10 00:00:00+00:00,180.0,0.0,47140.54,180.0,0.0,0.0,1.0,0.0
2021-12-11 00:00:00+00:00,180.0,0.0,49389.99,180.0,0.0,0.0,1.0,0.0
2021-12-12 00:00:00+00:00,180.0,0.0,50053.9,180.0,0.0,0.0,1.0,0.0
2021-12-13 00:00:00+00:00,180.0,0.0,46702.75,180.0,0.0,0.0,1.0,0.0
2021-12-14 00:00:00+00:00,180.0,0.0,48343.28,180.0,0.0,0.0,1.0,0.0
2021-12-15 00:00:00+00:00,180.0,0.0,48864.98,180.0,0.0,0.0,1.0,0.0
2021-12-16 00:00:00+00:00,180.0,0.0,47632.38,180.0,0.0,0.0,1.0,0.0
2021-12-17 00:00:00+00:00,180.0,0.0,46131.2,180.0,0.0,0.0,1.0,0.0
2021-12-18 00:00:00+00:00,180.0,0.0,46834.48,180.0,0.0,0.0,1.0,0.0
2021-12-19 00:00:00+00:00,180.0,0.0,46681.23,180.0,0.0,0.0,1.0,0.0
2021-12-20 00:00:00+00:00,180.0,0.0,46914.16,180.0,0.0,0.0,1.0,0.0
2021-12-21 00:00:00+00:00,180.0,0.0,48889.88,180.0,0.0,0.0,1.0,0.0
2021-12-22 00:00:00+00:00,180.0,0.0,48588.16,180.0,0.0,0.0,1.0,0.0
2021-12-23 00:00:00+00:00,180.0,0.0,50838.81,180.0,0.0,0.0,1.0,0.0
2021-12-24 00:00:00+00:00,180.0,0.0,50820.0,180.0,0.0,0.0,1.0,0.0
2021-12-25 00:00:00+00:00,180.0,0.0,50399.66,180.0,0.0,0.0,1.0,0.0
2021-12-26 00:00:00+00:00,180.0,0.0,50775.49,180.0,0.0,0.0,1.0,0.0
2021-12-27 00:00:00+00:00,240.0,0.0,50701.44,240.0,60.0,0.0,1.0,0.0
2021-12-28 00:00:00+00:00,240.0,0.0,47543.74,240.0,0.0,0.0,1.0,0.0
2021-12-29 00:00:00+00:00,240.0,0.0,46464.66,240.0,0.0,0.0,1.0,0.0
2021-12-30 00:00:00+00:00,240.0,0.0,47120.87,240.0,0.0,0.0,1.0,0.0
2021-12-31 00:00:00+00:00,240.0,0.0,46216.93,240.0,0.0,0.0,1.0,0.0
2022-01-01 00:00:00+00:00,240.0,0.0,47722.65,240.0,0.0,0.0,1.0,0.0
2022-01-02 00:00:00+00:00,240.0,0.0,47286.18,240.0,0.0,0.0,1.0,0.0
2022-01-03 00:00:00+00:00,240.0,0.0,46446.1,240.0,0.0,0.0,1.0,0.0
2022-01-04 00:00:00+00:00,240.0,0.0,45832.01,240.0,0.0,0.0,1.0,0.0
2022-01-05 00:00:00+00:00,240.0,0.0,43451.13,240.0,0.0,0.0,1.0,0.0
2022-01-06 00:00:00+00:00,240.0,0.0,43082.31,240.0,0.0,0.0,1.0,0.0
2022-01-07 00:00:00+00:00,240.0,0.0,41566.48,240.0,0.0,0.0,1.0,0.0
2022-01-08 00:00:00+00:00,0.0,0.005765232455345378,41679.74,240.29338977835695,0.0,0.001222457409820743,1.0012224574098207,0.0
2022-01-09 00:00:00+00:00,0.0,0.005765232455345378,41864.62,241.35926595470124,0.0,0.004435728245905768,1.0056636081445887,0.0
2022-01-10 00:00:00+00:00,0.0,0.005765232455345378,41822.49,241.1163767113575,0.0,-0.0010063390041521458,1.0046515696306564,-0.0010063390041521458
2022-01-11 00:00:00+00:00,0.0,0.005765232455345378,42729.29,246.34428950186472,0.0,0.021682114096984728,1.026434539591103,0.0
2022-01-12 00:00:00+00:00,0.0,0.005765232455345378,43902.66,253.10904030799333,0.0,0.027460554575093665,1.0546210012833055,0.0
2022-01-13 00:00:00+00:00,0.0,0.005765232455345378,42560.11,245.36892747506937,0.0,-0.03058015163545902,1.0223705311461224,-0.03058015163545902
2022-01-14 00:00:00+00:00,0.0,0.005765232455345378,43059.96,248.25067891787376,0.0,0.011744565509816507,1.034377828824474,-0.01919473671982519
2022-01-15 00:00:00+00:00,0.0,0.005765232455345378,43084.29,248.39094702351233,0.0,0.0005650260706233645,1.0349622792646347,-0.01864055617586724
2022-01-16 00:00:00+00:00,0.0,0.005765232455345378,43071.66,248.31813213760134,0.0,-0.0002931462953200681,1.0346588839066722,-0.018928238061201696
2022-01-17 00:00:00+00:00,0.0,0.005765232455345378,42201.62,243.30214929215262,0.0,-0.020199825128634608,1.0137589553839692,-0.038745716091006854
2022-01-18 00:00:00+00:00,0.0,0.005765232455345378,42352.12,244.1698167766821,0.0,0.003566213808853691,1.0173742365695086,-0.035317677789910795
2022-01-19 00:00:00+00:00,0.0,0.005765232455345378,41660.01,240.17964174201302,0.0,-0.016341802960512908,1.0007485072583875,-0.05108232621895803
2022-01-20 00:00:00+00:00,0.0,0.005765232455345378,40680.91,234.53490264498436,0.0,-0.023502154704235556,0.977228761020768,-0.07338393618974348
2022-01-21 00:00:00+00:00,0.0,0.005765232455345378,36445.31,210.11568405712345,0.0,-0.10411763158690412,0.875482016904681,-0.16986100614404698
2022-01-22 00:00:00+00:00,0.0,0.005765232455345378,35071.42,202.19488883904899,0.0,-0.03769730590849685,0.8424787034960374,-0.20115500974200662
2022-01-23 00:00:00+00:00,0.0,0.005765232455345378,36244.55,208.95825598938833,0.0,0.033449743409305954,0.8706593999557846,-0.17443384979406729
2022-01-24 00:00:00+00:00,0.0,0.005765232455345378,36660.35,211.3554396443209,0.0,0.011472069593911227,0.8806476651846703,-0.1649628974645274
2022-01-25 00:00:00+00:00,0.0,0.005765232455345378,36958.32,213.0733059590402,0.0,0.008127854753159802,0.8878054414960006,-0.15817583718161976
2022-01-26 00:00:00+00:00,0.0,0.005765232455345378,36809.34,212.21440162784282,0.0,-0.004031027384361785,0.8842266734493448,-0.16156925343475803
2022-01-27 00:00:00+00:00,0.0,0.007392904209261622,37160.1,274.7210597065828,60.0,0.011811913138373598,0.8946710821107615,-0.1516657822837877
2022-01-28 00:00:00+00:00,0.0,0.007392904209261622,37716.56,278.83491518286854,0.0,0.01497466368497391,0.9080684806740419,-0.13896226268103196
2022-01-29 00:00:00+00:00,0.0,0.007392904209261622,38166.84,282.1637920902148,0.0,0.011938522495158477,0.9189094766577133,-0.12868274428486914
2022-01-30 00:00:00+00:00,0.0,0.007392904209261622,37881.76,280.05622295823855,0.0,-0.0074693110564038045,0.9120458559438795,-0.1351908838966176
2022-01-31 00:00:00+00:00,0.0,0.007392904209261622,38466.9,284.3821069272459,0.0,0.015446484007078931,0.9261337576714394,-0.12183262371555059
2022-02-01 00:00:00+00:00,0.0,0.007392904209261622,38694.59,286.0653972866527,0.0,0.005919114875386322,0.9316156497730698,-0.11663465013550633
2022-02-02 00:00:00+00:00,0.0,0.007392904209261622,36896.36,272.7712551504322,0.0,-0.046472388000493026,0.8883212458294842,-0.1576867474206004
2022-02-03 00:00:00+00:00,0.0,0.007392904209261622,37311.61,275.84115862332806,0.0,0.011254497733651725,0.8983188552774268,-0.14820693482842073
2022-02-04 00:00:00+00:00,0.0,0.007392904209261622,41574.25,307.354447821895,0.0,0.11424433306415871,1.000946693777555,-0.05089440418921809
2022-02-05 00:00:00+00:00,0.0,0.007392904209261622,41382.59,305.9375238011479,0.0,-0.004610065124446061,0.9963322643331416,-0.055269842795881985
2022-02-06 00:00:00+00:00,0.0,0.007392904209261622,42380.87,313.31771221516965,0.0,0.02412318803632174,1.020366974892304,-0.03247993957006323
2022-02-07 00:00:00+00:00,0.0,0.007392904209261622,43839.99,324.1048466049874,0.0,0.034428741080586356,1.0554969252780524,0.0
2022-02-08 00:00:00+00:00,0.0,0.007392904209261622,44042.99,325.6056061594675,0.0,0.004630475508776266,1.060384377940141,0.0
2022-02-09 00:00:00+00:00,0.0,0.007392904209261622,44372.72,328.0432684643874,0.0,0.007486548937753801,1.0683229974784194,0.0
2022-02-10 00:00:00+00:00,0.0,0.007392904209261622,43495.44,321.55762145968635,0.0,-0.01977070596528674,1.0472014976193198,-0.01977070596528674
2022-02-11 00:00:00+00:00,0.0,0.007392904209261622,42373.73,313.26492687911554,0.0,-0.025789140194926063,1.0201950713848786,-0.045049976652321355
2022-02-12 00:00:00+00:00,0.0,0.007392904209261622,42217.87,312.11266882906,0.0,-0.003678222332563208,1.01644256708974,-0.048562495154680474
2022-02-13 00:00:00+00:00,0.0,0.007392904209261622,42053.66,310.89868002885714,0.0,-0.0038895851448688123,1.0124890271801754,-0.052263192339797815
2022-02-14 00:00:00+00:00,0.0,0.007392904209261622,42535.94,314.46412987089985,0.0,0.01146820514552127,1.0241004590514668,-0.04139435220558929
2022-02-15 00:00:00+00:00,0.0,0.007392904209261622,44544.86,329.3158829949697,0.0,0.047228767014435125,1.0724674610313847,0.0
2022-02-16 00:00:00+00:00,0.0,0.007392904209261622,43873.56,324.35302639929233,0.0,-0.015070201141052064,1.0563051606764082,-0.015070201141052175
2022-02-17 00:00:00+00:00,0.0,0.007392904209261622,40515.7,299.5286890711811,0.0,-0.07653493356819008,0.975460915376303,-0.09045173786605254
2022-02-18 00:00:00+00:00,0.0,0.007392904209261622,39974.44,295.5272057388762,0.0,-0.013359265667382991,0.9624294738596424,-0.10260263473720643
2022-02-19 00:00:00+00:00,0.0,0.007392904209261622,40079.17,296.30146459671215,0.0,0.0026199241315199018,0.9649509660630933,-0.100251521724392
2022-02-20 00:00:00+00:00,0.0,0.007392904209261622,38386.89,283.79060066146286,0.0,-0.042223429277602365,0.9242074271911742,-0.1382419879644925
2022-02-21 00:00:00+00:00,0.0,0.007392904209261622,37008.16,273.59778184102765,0.0,-0.0359166892655276,0.891012956211856,-0.16919348270485057
2022-02-22 00:00:00+00:00,0.0,0.007392904209261622,38230.33,282.63316757846087,0.0,0.033024338416176136,0.920438069610994,-0.1417566471193309
2022-02-23 00:00:00+00:00,0.0,0.007392904209261622,37250.01,275.38575572403755,0.0,-0.025642467642837397,0.8968357661937583,-0.1637641245252538
2022-02-24 00:00:00+00:00,0.0,0.007392904209261622,38327.21,283.34939213825413,0.0,0.02891811304211722,0.9227705642607632,-0.13958176094840113
2022-02-25 00:00:00+00:00,0.0,0.007392904209261622,39219.17,289.94356697674715,0.0,0.02327223922638777,0.9442455015833086,-0.11955790185444504
2022-02-26 00:00:00+00:00,0.0,0.007392904209261622,39116.72,289.1861639405083,0.0,-0.0026122429413981685,0.9417789029368506,-0.12185783051063548
2022-02-27 00:00:00+00:00,-7.105427357601002e-15,0.008924476630770683,37699.07,336.44446921678815,60.0,-0.04406052679042216,0.9002836283533471,-0.16054923709522118
2022-02-28 00:00:00+00:00,-7.105427357601002e-15,0.008924476630770683,43160.0,385.18041138406267,0.0,0.14485582800848928,1.0306949587809582,-0.038949901762291406
2022-03-01 00:00:00+00:00,-7.105427357601002e-15,0.008924476630770683,44421.2,396.4359613107906,0.0,0.029221501390175986,1.0608134129518234,-0.01086657498060939
2022-03-02 00:00:00+00:00,-7.105427357601002e-15,0.008924476630770683,43892.98,391.721874264885,0.0,-0.011891169081429398,1.048199101294565,-0.022628527781608287
2022-03-03 00:00:00+00:00,-7.105427357601002e-15,0.008924476630770683,42454.0,378.87973088273856,0.0,-0.032783830124999636,1.0138351200205467,-0.054670508095836956
2022-03-04 00:00:00+00:00,-7.105427357601002e-15,0.008924476630770683,39148.66,349.38130129598704,0.0,-0.07785697460781071,0.9349009848246003,-0.1282710023430339
2022-03-05 00:00:00+00:00,-7.105427357601002e-15,0.008924476630770683,39397.96,351.6061733200381,0.0,0.006368034052761873,0.9408544661319239,-0.12271980240117442
2022-03-06 00:00:00+00:00,-7.105427357601002e-15,0.008924476630770683,38420.81,342.8856209802805,0.0,-0.024802045588147248,0.917519350771108,-0.14447814585559926
2022-03-07 00:00:00+00:00,-7.105427357601002e-15,0.008924476630770683,37988.0,339.0230182497167,0.0,-0.011264988947395804,0.9071835054256497,-0.15411559008679154
2022-03-08 00:00:00+00:00,-7.105427357601002e-15,0.008924476630770683,38730.63,345.6506023300259,0.0,0.019549068126776703,0.9249180975767038,-0.13757933813001988
2022-03-09 00:00:00+00:00,-7.105427357601002e-15,0.008924476630770683,41941.71,374.30781074956104,0.0,0.08290802395933161,1.0016012293710126,-0.06607774523268106
2022-03-10 00:00:00+00:00,-7.105427357601002e-15,0.008924476630770683,39422.0,351.82071773824185,0.0,-0.06007647279998829,0.9414285603582702,-0.12218450016851357
2022-03-11 00:00:00+00:00,-7.105427357601002e-15,0.008924476630770683,38729.57,345.6411423847973,0.0,-0.01756455786109279,0.9248927839377721,-0.13760294130666773
2022-03-12 00:00:00+00:00,-7.105427357601002e-15,0.008924476630770683,38807.36,346.335377421905,0.0,0.0020085428265792515,0.9267504707043052,-0.13587077988076623
2022-03-13 00:00:00+00:00,-7.105427357601002e-15,0.008924476630770683,37777.34,337.1429880026785,0.0,-0.026541872469552308,0.9021527778997739,-0.1588063874383847
2022-03-14 00:00:00+00:00,-7.105427357601002e-15,0.008924476630770683,39671.37,354.04621447565717,0.0,0.05013666923081428,0.9473837133209951,-0.11663174152630917
2022-03-15 00:00:00+00:00,-7.105427357601002e-15,0.008924476630770683,39280.33,350.5563871339606,0.0,-0.00985698250400735,0.9380453686342086,-0.12533908699467977
2022-03-16 00:00:00+00:00,-7.105427357601002e-15,0.008924476630770683,41114.0,366.92093219750586,0.0,0.046681634293805674,0.9818348594837889,-0.08450848612267925
2022-03-17 00:00:00+00:00,-7.105427357601002e-15,0.008924476630770683,40917.9,365.1708423302117,0.0,-0.00476966483436303,0.9771518362813573,-0.08887507380257764
2022-03-18 00:00:00+00:00,-7.105427357601002e-15,0.008924476630770683,41757.51,372.6639221541731,0.0,0.020519381493185218,0.9972023875867809,-0.07017935385398255
2022-03-19 00:00:00+00:00,-7.105427357601002e-15,0.008924476630770683,42201.13,376.6229984771156,0.0,0.010623717745622097,1.0077963842877633,-0.06030120175527531
2022-03-20 00:00:00+00:00,-7.105427357601002e-15,0.008924476630770683,41262.11,368.2427364312893,0.0,-0.022251062945470856,0.9853718435047584,-0.08121049886480192
2022-03-21 00:00:00+00:00,-7.105427357601002e-15,0.008924476630770683,41002.25,365.9236219340172,0.0,-0.00629778748590426,0.9791661810397717,-0.08699683988723139
2022-03-22 00:00:00+00:00,-7.105427357601002e-15,0.008924476630770683,42364.13,378.07768816793117,0.0,0.03321476260449119,1.011688953293354,-0.05667165666693552
2022-03-23 00:00:00+00:00,-7.105427357601002e-15,0.008924476630770683,42882.76,382.7061894829478,0.0,0.012242196405308103,1.0240742481606517,-0.0451232458131583
2022-03-24 00:00:00+00:00,-7.105427357601002e-15,0.008924476630770683,43991.46,392.60075672348324,0.0,0.025854212741903693,1.0505508816361022,-0.020435659068113288
2022-03-25 00:00:00+00:00,-7.105427357601002e-15,0.008924476630770683,44313.16,395.4717608556022,0.0,0.007312782981060417,1.0582333322440687,-0.01327231762689296
2022-03-26 00:00:00+00:00,-7.105427357601002e-15,0.008924476630770683,44511.27,397.2397889209241,0.0,0.004470680944441696,1.0629643558373052,-0.008860972979954473
2022-03-27 00:00:00+00:00,0.0,0.010270430248531222,46827.76,480.9412427749605,60.0,0.05966535708424314,1.1263865036961604,0.0
2022-03-28 00:00:00+00:00,0.0,0.010270430248531222,47122.21,483.9653709616404,0.0,0.00628793689896745,1.1334691509552504,0.0
2022-03-29 00:00:00+00:00,0.0,0.010270430248531222,47434.8,487.17580475302884,0.0,0.006633602286480356,1.1409881345066821,0.0
2022-03-30 00:00:00+00:00,486.4451820835043,0.0,47067.99,486.4451820835043,0.0,-0.001499710499569984,1.1392769826214777,-0.001499710499569984
2022-03-31 00:00:00+00:00,486.4451820835043,0.0,45510.34,486.4451820835043,0.0,0.0,1.1392769826214777,-0.001499710499569984
2022-04-01 00:00:00+00:00,486.4451820835043,0.0,46283.49,486.4451820835043,0.0,0.0,1.1392769826214777,-0.001499710499569984
2022-04-02 00:00:00+00:00,486.4451820835043,0.0,45811.0,486.4451820835043,0.0,0.0,1.1392769826214777,-0.001499710499569984
2022-04-03 00:00:00+00:00,486.4451820835043,0.0,46407.35,486.4451820835043,0.0,0.0,1.1392769826214777,-0.001499710499569984
2022-04-04 00:00:00+00:00,486.4451820835043,0.0,46580.51,486.4451820835043,0.0,0.0,1.1392769826214777,-0.001499710499569984
2022-04-05 00:00:00+00:00,486.4451820835043,0.0,45497.55,486.4451820835043,0.0,0.0,1.1392769826214777,-0.001499710499569984
2022-04-06 00:00:00+00:00,486.4451820835043,0.0,43170.47,486.4451820835043,0.0,0.0,1.1392769826214777,-0.001499710499569984
2022-04-07 00:00:00+00:00,486.4451820835043,0.0,43444.19,486.4451820835043,0.0,0.0,1.1392769826214777,-0.001499710499569984
2022-04-08 00:00:00+00:00,486.4451820835043,0.0,42252.01,486.4451820835043,0.0,0.0,1.1392769826214777,-0.001499710499569984
2022-04-09 00:00:00+00:00,486.4451820835043,0.0,42753.97,486.4451820835043,0.0,0.0,1.1392769826214777,-0.001499710499569984
2022-04-10 00:00:00+00:00,486.4451820835043,0.0,42158.85,486.4451820835043,0.0,0.0,1.1392769826214777,-0.001499710499569984
2022-04-11 00:00:00+00:00,486.4451820835043,0.0,39530.45,486.4451820835043,0.0,0.0,1.1392769826214777,-0.001499710499569984
2022-04-12 00:00:00+00:00,486.4451820835043,0.0,40074.94,486.4451820835043,0.0,0.0,1.1392769826214777,-0.001499710499569984
2022-04-13 00:00:00+00:00,486.4451820835043,0.0,41147.79,486.4451820835043,0.0,0.0,1.1392769826214777,-0.001499710499569984
2022-04-14 00:00:00+00:00,486.4451820835043,0.0,39942.38,486.4451820835043,0.0,0.0,1.1392769826214777,-0.001499710499569984
2022-04-15 00:00:00+00:00,486.4451820835043,0.0,40551.9,486.4451820835043,0.0,0.0,1.1392769826214777,-0.001499710499569984
2022-04-16 00:00:00+00:00,486.4451820835043,0.0,40378.71,486.4451820835043,0.0,0.0,1.1392769826214777,-0.001499710499569984
2022-04-17 00:00:00+00:00,486.4451820835043,0.0,39678.12,486.4451820835043,0.0,0.0,1.1392769826214777,-0.001499710499569984
2022-04-18 00:00:00+00:00,486.4451820835043,0.0,40801.13,486.4451820835043,0.0,0.0,1.1392769826214777,-0.001499710499569984
2022-04-19 00:00:00+00:00,486.4451820835043,0.0,41493.18,486.4451820835043,0.0,0.0,1.1392769826214777,-0.001499710499569984
2022-04-20 00:00:00+00:00,486.4451820835043,0.0,41358.19,486.4451820835043,0.0,0.0,1.1392769826214777,-0.001499710499569984
2022-04-21 00:00:00+00:00,486.4451820835043,0.0,40480.01,486.4451820835043,0.0,0.0,1.1392769826214777,-0.001499710499569984
2022-04-22 00:00:00+00:00,486.4451820835043,0.0,39709.18,486.4451820835043,0.0,0.0,1.1392769826214777,-0.001499710499569984
2022-04-23 00:00:00+00:00,486.4451820835043,0.0,39441.6,486.4451820835043,0.0,0.0,1.1392769826214777,-0.001499710499569984
2022-04-24 00:00:00+00:00,486.4451820835043,0.0,39450.13,486.4451820835043,0.0,0.0,1.1392769826214777,-0.001499710499569984
2022-04-25 00:00:00+00:00,486.4451820835043,0.0,40426.08,486.4451820835043,0.0,0.0,1.1392769826214777,-0.001499710499569984
2022-04-26 00:00:00+00:00,486.4451820835043,0.0,38112.65,486.4451820835043,0.0,0.0,1.1392769826214777,-0.001499710499569984
2022-04-27 00:00:00+00:00,546.4451820835043,0.0,39235.72,546.4451820835043,60.0,0.0,1.1392769826214777,-0.001499710499569984
2022-04-28 00:00:00+00:00,546.4451820835043,0.0,39742.07,546.4451820835043,0.0,0.0,1.1392769826214777,-0.001499710499569984
2022-04-29 00:00:00+00:00,546.4451820835043,0.0,38596.11,546.4451820835043,0.0,0.0,1.1392769826214777,-0.001499710499569984
2022-04-30 00:00:00+00:00,546.4451820835043,0.0,37630.8,546.4451820835043,0.0,0.0,1.1392769826214777,-0.001499710499569984
2022-05-01 00:00:00+00:00,546.4451820835043,0.0,38468.35,546.4451820835043,0.0,0.0,1.1392769826214777,-0.001499710499569984
2022-05-02 00:00:00+00:00,546.4451820835043,0.0,38525.16,546.4451820835043,0.0,0.0,1.1392769826214777,-0.001499710499569984
2022-05-03 00:00:00+00:00,546.4451820835043,0.0,37728.95,546.4451820835043,0.0,0.0,1.1392769826214777,-0.001499710499569984
2022-05-04 00:00:00+00:00,546.4451820835043,0.0,39690.0,546.4451820835043,0.0,0.0,1.1392769826214777,-0.001499710499569984
2022-05-05 00:00:00+00:00,546.4451820835043,0.0,36552.97,546.4451820835043,0.0,0.0,1.1392769826214777,-0.001499710499569984
2022-05-06 00:00:00+00:00,546.4451820835043,0.0,36013.77,546.4451820835043,0.0,0.0,1.1392769826214777,-0.001499710499569984
2022-05-07 00:00:00+00:00,546.4451820835043,0.0,35472.39,546.4451820835043,0.0,0.0,1.1392769826214777,-0.001499710499569984
2022-05-08 00:00:00+00:00,546.4451820835043,0.0,34038.4,546.4451820835043,0.0,0.0,1.1392769826214777,-0.001499710499569984
2022-05-09 00:00:00+00:00,546.4451820835043,0.0,30076.31,546.4451820835043,0.0,0.0,1.1392769826214777,-0.001499710499569984
2022-05-10 00:00:00+00:00,0.0,0.018142658002080876,31017.1,562.7326375163427,0.0,0.02980620191532668,1.1732345024029776,0.0
2022-05-11 00:00:00+00:00,0.0,0.018142658002080876,29103.94,528.0228299330817,0.0,-0.061680814776365334,1.1008684423710184,-0.06168081477636522
2022-05-12 00:00:00+00:00,0.0,0.018142658002080876,29029.75,526.6768261359073,0.0,-0.002549139394872335,1.0980621752559987,-0.06407272117638341
2022-05-13 00:00:00+00:00,0.0,0.018142658002080876,29287.05,531.3449320398427,0.0,0.00886332124803002,1.1077946530656033,-0.05577729703937506
2022-05-14 00:00:00+00:00,0.0,0.018142658002080876,30086.74,545.8534342175268,0.0,0.02730524241943133,1.1380432546185095,-0.029995067237104434
2022-05-15 00:00:00+00:00,0.0,0.018142658002080876,31328.89,568.3893368548115,0.0,0.04128562948328729,1.1850280867646437,0.0
2022-05-16 00:00:00+00:00,0.0,0.018142658002080876,29874.01,541.9939465807441,0.0,-0.046438925860443736,1.129996655300837,-0.046438925860443736
2022-05-17 00:00:00+00:00,0.0,0.018142658002080876,30444.93,552.3519528872921,0.0,0.01911092618634047,1.1515919379711028,-0.028215490558395118
2022-05-18 00:00:00+00:00,0.0,0.018142658002080876,28715.32,520.972230180313,0.0,-0.05681110122440747,1.086168731813815,-0.08342363869259328
2022-05-19 00:00:00+00:00,0.0,0.018142658002080876,30319.23,550.0714207764305,0.0,0.0558555502776914,1.1468372840236978,-0.03222776166024399
2022-05-20 00:00:00+00:00,0.0,0.018142658002080876,29201.01,529.7839377453437,0.0,-0.03688154349566253,1.1045401548505303,-0.06792069556246638
2022-05-21 00:00:00+00:00,0.0,0.018142658002080876,29445.06,534.2116534307515,0.0,0.008357587631386831,1.1137714459870791,-0.060130761096227725
2022-05-22 00:00:00+00:00,0.0,0.018142658002080876,30293.94,549.612592955558,0.0,0.028829284097230623,1.145880679422824,-0.0330350037936229
2022-05-23 00:00:00+00:00,0.0,0.018142658002080876,29109.15,528.1173531812725,0.0,-0.03910980215845161,1.1010655127534053,-0.0708528134894022
2022-05-24 00:00:00+00:00,0.0,0.018142658002080876,29654.58,538.0129031353475,0.0,0.018737407310072784,1.12169662574094,-0.053443004204744904
2022-05-25 00:00:00+00:00,0.0,0.018142658002080876,29542.15,535.9731240961736,0.0,-0.0037913199242747275,1.1174439149747766,-0.057031704602365174
2022-05-26 00:00:00+00:00,0.0,0.018142658002080876,29201.35,529.7901062490644,0.0,-0.011536059494654416,1.104553015489688,-0.06790984295964508
2022-05-27 00:00:00+00:00,-7.105427357601002e-15,0.02019427907054573,28629.8,578.1581709339101,60.0,-0.02195574280823931,1.0803017335635314,-0.0883745747217144
2022-05-28 00:00:00+00:00,-7.105427357601002e-15,0.02019427907054573,29031.33,586.2667798091064,0.0,0.014024897135153092,1.0954528542516875,-0.07558912190639622
2022-05-29 00:00:00+00:00,-7.105427357601002e-15,0.02019427907054573,29468.1,595.0870350787486,0.0,0.015044780931497082,1.1119337024646874,-0.06168156275478509
2022-05-30 00:00:00+00:00,-7.105427357601002e-15,0.02019427907054573,31734.22,640.8496947660938,0.0,0.07690078423787083,1.1974422762047412,0.0
2022-05-31 00:00:00+00:00,-7.105427357601002e-15,0.02019427907054573,31801.04,642.1990764935877,0.0,0.002105613435591014,1.1999636267498626,0.0
2022-06-01 00:00:00+00:00,-7.105427357601002e-15,0.02019427907054573,29805.83,601.9072489492441,0.0,-0.06274040094286215,1.1246774276907252,-0.06274040094286215
2022-06-02 00:00:00+00:00,-7.105427357601002e-15,0.02019427907054573,30452.62,614.9687067092823,0.0,0.02170011705763586,1.1490830595236947,-0.042401757929929396
2022-06-03 00:00:00+00:00,-7.105427357601002e-15,0.02019427907054573,29700.21,599.7743291938131,0.0,-0.024707562107956438,1.1206920184633125,-0.06606167597034551
2022-06-04 00:00:00+00:00,-7.105427357601002e-15,0.02019427907054573,29864.04,603.0827579339406,0.0,0.005516122613274499,1.1268738930488742,-0.06090995766176188
2022-06-05 00:00:00+00:00,-7.105427357601002e-15,0.02019427907054573,29919.21,604.1968763102625,0.0,0.001847372291223781,1.1289556486545962,-0.059175108738582005
2022-06-06 00:00:00+00:00,-7.105427357601002e-15,0.02019427907054573,31373.1,633.5571367081383,0.0,0.048593863273796334,1.1838159650874978,-0.013456792608040336
2022-06-07 00:00:00+00:00,-7.105427357601002e-15,0.02019427907054573,31125.33,628.5536001828292,0.0,-0.007897530049628454,1.1744667429299893,-0.021248047233675127
2022-06-08 00:00:00+00:00,-7.105427357601002e-15,0.02019427907054573,30204.77,609.9635546416476,0.0,-0.0295759113236711,1.1397308186884911,-0.05019552819656192
2022-06-09 00:00:00+00:00,-7.105427357601002e-15,0.02019427907054573,30109.93,608.0483292145971,0.0,-0.00313990141292253,1.1361521762805398,-0.05317782059957765
2022-06-10 00:00:00+00:00,-7.105427357601002e-15,0.02019427907054573,29091.88,587.4895434068279,0.0,-0.033811104841492634,1.0977376159324284,-0.08519092457353594
2022-06-11 00:00:00+00:00,-7.105427357601002e-15,0.02019427907054573,28424.7,574.0163242965413,0.0,-0.022933547092865658,1.072562598621832,-0.10617074158580975
2022-06-12 00:00:00+00:00,-7.105427357601002e-15,0.02019427907054573,26574.53,536.6534749885897,0.0,-0.06509022082906768,1.0027492622245382,-0.16435028539947116
2022-06-13 00:00:00+00:00,-7.105427357601002e-15,0.02019427907054573,22487.41,454.1170331137808,0.0,-0.1537983926714791,0.8485280374418928,-0.29287186834141266
2022-06-14 00:00:00+00:00,-7.105427357601002e-15,0.02019427907054573,22136.41,447.0288411600192,0.0,-0.015608733953799026,0.835283589053123,-0.3039092432197186
2022-06-15 00:00:00+00:00,-7.105427357601002e-15,0.02019427907054573,22583.72,456.06194413106505,0.0,0.02020698026464096,0.852162148052498,-0.2898433510350603
2022-06-16 00:00:00+00:00,-7.105427357601002e-15,0.02019427907054573,20401.31,411.9897475447154,0.0,-0.09663642659402427,0.7698122431860167,-0.358470351913019
2022-06-17 00:00:00+00:00,-7.105427357601002e-15,0.02019427907054573,20468.81,413.3528613819772,0.0,0.0033086110646816103,0.7723592524915494,-0.35634777982103716
2022-06-18 00:00:00+00:00,-7.105427357601002e-15,0.02019427907054573,18970.79,383.10142744871825,0.0,-0.07318549539518915,0.7158337579748973,-0.4034537864170479
2022-06-19 00:00:00+00:00,-7.105427357601002e-15,0.02019427907054573,20574.0,415.47709759740786,0.0,0.08450939576053496,0.776328436326349,-0.3530400263639175
2022-06-20 00:00:00+00:00,-7.105427357601002e-15,0.02019427907054573,20573.89,415.4748762267101,0.0,-5.346553903051721e-06,0.7763242856445177,-0.3530434853702896
2022-06-21 00:00:00+00:00,-7.105427357601002e-15,0.02019427907054573,20723.52,418.4965462040359,0.0,0.007272810343595726,0.7819703449391378,-0.34833829333883404
2022-06-22 00:00:00+00:00,-7.105427357601002e-15,0.02019427907054573,19987.99,403.6430481192774,0.0,-0.03549252250582913,0.7542162448724944,-0.3714674111286925
2022-06-23 00:00:00+00:00,-7.105427357601002e-15,0.02019427907054573,21110.13,426.3038564354996,0.0,0.056140712497855016,0.7965584822370929,-0.336181143761336
2022-06-24 00:00:00+00:00,-7.105427357601002e-15,0.02019427907054573,21237.69,428.87983867373833,0.0,0.006042596611200324,0.8013717638224817,-0.33216995419017736
2022-06-25 00:00:00+00:00,-7.105427357601002e-15,0.02019427907054573,21491.19,433.9990884181217,0.0,0.011936326408380493,0.8109371987699264,-0.32419851677806755
2022-06-26 00:00:00+00:00,-7.105427357601002e-15,0.02019427907054573,21038.07,424.848656685676,0.0,-0.021083988369187567,0.7938394083029198,-0.33844710739019845
2022-06-27 00:00:00+00:00,0.0,0.023041977381780224,20742.56,477.9495983602192,60.0,-0.0162388611023927,0.780948360413883,-0.3491899729251752
2022-06-28 00:00:00+00:00,0.0,0.023041977381780224,20281.29,467.32102545332543,0.0,-0.022237852994037466,0.7635817455790646,-0.3636625906343106
2022-06-29 00:00:00+00:00,0.0,0.023041977381780224,20123.01,463.6739412733372,0.0,-0.007804237304431916,0.7576225724352331,-0.368628718782688
2022-06-30 00:00:00+00:00,0.0,0.023041977381780224,19942.21,459.5079517627114,0.0,-0.008984739360562766,0.7508155310882235,-0.3743014251841701
2022-07-01 00:00:00+00:00,0.0,0.023041977381780224,19279.8,444.24471552524636,0.0,-0.03321647901611702,0.7258760827548568,-0.3950849287649544
2022-07-02 00:00:00+00:00,0.0,0.023041977381780224,19252.81,443.62281255571213,0.0,-0.001399910787456271,0.7248599209962518,-0.39593175589867113
2022-07-03 00:00:00+00:00,0.0,0.023041977381780224,19315.83,445.07491797031196,0.0,0.003273288418677689,0.7272325965808125,-0.39395446631116326
2022-07-04 00:00:00+00:00,0.0,0.023041977381780224,20236.71,466.29381410164564,0.0,0.04767488634969319,0.7619033279725951,-0.3650613143698088
2022-07-05 00:00:00+00:00,0.0,0.023041977381780224,20175.83,464.8910185186429,0.0,-0.003008394151025384,0.7596112224570756,-0.3669714601979184
2022-07-06 00:00:00+00:00,0.0,0.023041977381780224,20564.51,473.8469742873932,0.0,0.019264634961733806,0.7742448553705475,-0.35477639645827186
2022-07-07 00:00:00+00:00,0.0,0.023041977381780224,21624.98,498.2823000414497,0.0,0.051567968310453294,0.8141710895368275,-0.3215035261176755
2022-07-08 00:00:00+00:00,0.0,0.023041977381780224,21594.75,497.5857410651985,0.0,-0.001397920368018779,0.8130329431877119,-0.3224520101581445
2022-07-09 00:00:00+00:00,0.0,0.023041977381780224,21591.83,497.51845849124373,0.0,-0.00013521805068350545,0.8129230064579926,-0.32254362687657545
2022-07-10 00:00:00+00:00,0.0,0.023041977381780224,20862.47,480.71256186806846,0.0,-0.033779443428370914,0.7854629197497237,-0.34542772610768746
2022-07-11 00:00:00+00:00,0.0,0.023041977381780224,19963.61,460.0010500786815,0.0,-0.04308502301021888,0.7516212317786332,-0.37362998759018906
2022-07-12 00:00:00+00:00,0.0,0.023041977381780224,19328.75,445.3726203180845,0.0,-0.0318008616678046,0.727719028960256,-0.39354909370769453
2022-07-13 00:00:00+00:00,0.0,0.023041977381780224,20234.87,466.25141686326316,0.0,0.046879389510444236,0.761834052773046,-0.3651190454526556
2022-07-14 00:00:00+00:00,0.0,0.023041977381780224,20588.84,474.40758559709195,0.0,0.01749307013091772,0.7751608692863262,-0.35401302838997495
2022-07-15 00:00:00+00:00,0.0,0.023041977381780224,20830.04,479.96531054157737,0.0,0.011715084482661453,0.7842419443576688,-0.34644523644286485
2022-07-16 00:00:00+00:00,0.0,0.023041977381780224,21195.6,488.38853579326087,0.0,0.017549654249343627,0.7980051193289789,-0.33497557630942565
2022-07-17 00:00:00+00:00,0.0,0.023041977381780224,20798.16,479.2307323026462,0.0,-0.018751061541074532,0.7830416762263487,-0.3474454902043652
2022-07-18 00:00:00+00:00,0.0,0.023041977381780224,22432.58,516.8910009749754,0.0,0.07858483635090807,0.844576878208537,-0.2961646008420282
2022-07-19 00:00:00+00:00,0.0,0.023041977381780224,23396.62,539.1043888501068,0.0,0.04297499440545849,0.8808725648245285,-0.2659172785008507
2022-07-20 00:00:00+00:00,0.0,0.023041977381780224,23223.3,535.1107533302967,0.0,-0.007407907637940858,0.8743471422235123,-0.27135529550032467
2022-07-21 00:00:00+00:00,0.0,0.023041977381780224,23152.19,533.4722383186783,0.0,-0.003062010997575748,0.8716698816583249,-0.27358641359882807
2022-07-22 00:00:00+00:00,0.0,0.023041977381780224,22684.83,522.7033397695295,0.0,-0.020186427288303888,0.8540739809728247,-0.28825010864195133
2022-07-23 00:00:00+00:00,0.0,0.023041977381780224,22451.07,517.3170471367645,0.0,-0.010304683790886005,0.8452730186648766,-0.29558446621059353
2022-07-24 00:00:00+00:00,0.0,0.023041977381780224,22579.68,520.2804758478353,0.0,0.005728457485545402,0.850115129215977,-0.2915492517731231
2022-07-25 00:00:00+00:00,0.0,0.023041977381780224,21310.9,491.0452757853802,0.0,-0.056191230345159826,0.8023461141702967,-0.33135797095494035
2022-07-26 00:00:00+00:00,0.0,0.023041977381780224,21254.67,489.74962539720264,0.0,-0.0026385558563929434,0.8002290791318986,-0.3331222202965076
2022-07-27 00:00:00+00:00,7.105427357601002e-15,0.02586065698902024,22952.45,593.5654365076376,60.0,0.08946573685462034,0.8718221633489281,-0.2734595083433615
2022-07-28 00:00:00+00:00,7.105427357601002e-15,0.02586065698902024,23842.93,616.5938343432204,0.0,0.038796729760875115,0.905646012219918,-0.24527211322822562
2022-07-29 00:00:00+00:00,7.105427357601002e-15,0.02586065698902024,23773.75,614.8047940927199,0.0,-0.002901489036791993,0.9030182902442475,-0.24746194791745513
2022-07-30 00:00:00+00:00,7.105427357601002e-15,0.02586065698902024,23643.51,611.4367021264699,0.0,-0.005478311162521843,0.8980712750648411,-0.25158458552840135
2022-07-31 00:00:00+00:00,7.105427357601002e-15,0.02586065698902024,23293.32,602.380558655485,0.0,-0.014811252643960104,0.8847697145175724,-0.2626695553147743
2022-08-01 00:00:00+00:00,7.105427357601002e-15,0.02586065698902024,23268.01,601.7260254270927,0.0,-0.0010865776110920988,0.8838083435548052,-0.26347072206794586
2022-08-02 00:00:00+00:00,7.105427357601002e-15,0.02586065698902024,22987.79,594.4793521256296,0.0,-0.012043144213879753,0.8731645122159445,-0.27234085037982636
2022-08-03 00:00:00+00:00,7.105427357601002e-15,0.02586065698902024,22818.37,590.0980396185497,0.0,-0.007369999464933441,0.8667292902281141,-0.27770369792318095
2022-08-04 00:00:00+00:00,7.105427357601002e-15,0.02586065698902024,22622.98,585.0451258494651,0.0,-0.008562837748708585,0.8593076279438374,-0.2838886039643569
2022-08-05 00:00:00+00:00,7.105427357601002e-15,0.02586065698902024,23312.42,602.8744972039751,0.0,0.030475207068211052,0.8854952058407192,-0.26206496088626496
2022-08-06 00:00:00+00:00,7.105427357601002e-15,0.02586065698902024,22954.21,593.6109512639382,0.0,-0.015365629136743442,0.8718890149054064,-0.27340379702429485
2022-08-07 00:00:00+00:00,7.105427357601002e-15,0.02586065698902024,23174.39,599.3049507197808,0.0,0.009592140178207087,0.880252296556218,-0.26643418439239885
2022-08-08 00:00:00+00:00,7.105427357601002e-15,0.02586065698902024,23810.0,615.7422429085719,0.0,0.027427259142527527,0.9043952044046704,-0.24631448466962969
2022-08-09 00:00:00+00:00,7.105427357601002e-15,0.02586065698902024,23149.95,598.6729162629691,0.0,-0.02772154556908868,0.879323971533301,-0.26720781202762256
2022-08-10 00:00:00+00:00,7.105427357601002e-15,0.02586065698902024,23954.05,619.4674705478402,0.0,0.034734416273037194,0.909866776399399,-0.2417547031289604
2022-08-11 00:00:00+00:00,7.105427357601002e-15,0.02586065698902024,23934.39,618.9590500314362,0.0,-0.0008207380380351736,0.9091200141264635,-0.2423770238862637
2022-08-12 00:00:00+00:00,7.105427357601002e-15,0.02586065698902024,24403.68,631.0951977498135,0.0,0.019607351597429545,0.9269454498877012,-0.22752204381531071
2022-08-13 00:00:00+00:00,7.105427357601002e-15,0.02586065698902024,24441.38,632.0701445182996,0.0,0.0015448489735974125,0.9283774406145411,-0.22632868203757206
2022-08-14 00:00:00+00:00,7.105427357601002e-15,0.02586065698902024,24305.24,628.5494746758143,0.0,-0.00557006191958076,0.9232063207855762,-0.23063807918402646
2022-08-15 00:00:00+00:00,7.105427357601002e-15,0.02586065698902024,24094.82,623.1078752321846,0.0,-0.008657392397688812,0.9152137614025089,-0.23729874722836997
2022-08-16 00:00:00+00:00,7.105427357601002e-15,0.02586065698902024,23854.74,616.8992487022607,0.0,-0.009963967358959214,0.906094601357424,-0.24489827761562377
2022-08-17 00:00:00+00:00,7.105427357601002e-15,0.02586065698902024,23342.66,603.6565234713232,0.0,-0.021466593222143726,0.8866438371293037,-0.2611077391313893
2022-08-18 00:00:00+00:00,7.105427357601002e-15,0.02586065698902024,23191.2,599.7396683637662,0.0,-0.006488549291297607,0.880890804888265,-0.2659020779869935
2022-08-19 00:00:00+00:00,7.105427357601002e-15,0.02586065698902024,20834.39,538.7910133654734,0.0,-0.10162518541515753,0.7913701135109877,-0.34050491542444716
2022-08-20 00:00:00+00:00,7.105427357601002e-15,0.02586065698902024,21140.07,546.6960989938771,0.0,0.014671895841442906,0.8029810133884518,-0.33082887223561097
2022-08-21 00:00:00+00:00,7.105427357601002e-15,0.02586065698902024,21515.61,556.4078101195338,0.0,0.017764368802941632,0.8172454642520441,-0.318941469529724
2022-08-22 00:00:00+00:00,7.105427357601002e-15,0.02586065698902024,21399.83,553.413663253345,0.0,-0.005381209270850396,0.8128476953832506,-0.32260638800788244
2022-08-23 00:00:00+00:00,7.105427357601002e-15,0.02586065698902024,21529.12,556.7571875954554,0.0,0.006041636779357651,0.8177586259156941,-0.31851382184756893
2022-08-24 00:00:00+00:00,7.105427357601002e-15,0.02586065698902024,21368.08,552.5925873939436,0.0,-0.0074801013696796925,0.8116417084979147,-0.32361140754218476
2022-08-25 00:00:00+00:00,7.105427357601002e-15,0.02586065698902024,21559.04,557.5309384525669,0.0,0.008936694359062747,0.8188951023758281,-0.31756672942343256
2022-08-26 00:00:00+00:00,7.105427357601002e-15,0.02586065698902024,20241.05,523.4468511476081,0.0,-0.06113398370242851,0.7688327825331857,-0.3592865938648555
2022-08-27 00:00:00+00:00,0.0,0.028820768183844533,20037.6,577.4990245606032,60.0,-0.011362808991906004,0.7600966824785454,-0.36656689791732266
2022-08-28 00:00:00+00:00,0.0,0.028820768183844533,19555.61,563.607702503672,0.0,-0.024054277957439862,0.7418131056036786,-0.38180367382226277
2022-08-29 00:00:00+00:00,0.0,0.028820768183844533,20285.73,584.6503217700606,0.0,0.03733557787253883,0.7695091265748146,-0.3587229567457364
2022-08-30 00:00:00+00:00,0.0,0.028820768183844533,19811.66,570.9872601971454,0.0,-0.02336962978408974,0.7515259831712829,-0.37370936383562425
2022-08-31 00:00:00+00:00,0.0,0.028820768183844533,20050.02,577.8569785014466,0.0,0.012031298740236895,0.7605678167858669,-0.3661742740937176
2022-09-01 00:00:00+00:00,0.0,0.028820768183844533,20131.46,580.2041418623388,0.0,0.004061841334821459,0.7636571225820227,-0.3635997745611582
2022-09-02 00:00:00+00:00,0.0,0.028820768183844533,19951.86,575.0279318965204,0.0,-0.00892135990136822,0.7568442625502252,-0.3692773300136101
2022-09-03 00:00:00+00:00,0.0,0.028820768183844533,19831.9,571.5705925451864,0.0,-0.006012472020152537,0.752293757598029,-0.3730695324193791
2022-09-04 00:00:00+00:00,0.0,0.028820768183844533,20000.3,576.4240099073457,0.0,0.00849136996455191,0.7586817622158167,-0.3677460338771026
2022-09-05 00:00:00+00:00,0.0,0.028820768183844533,19796.84,570.5601364126608,0.0,-0.010172847407288854,0.7509638084181022,-0.374177856997124
2022-09-06 00:00:00+00:00,0.0,0.028820768183844533,18790.61,541.559814843031,0.0,-0.05082780888262961,0.7127939634860552,-0.4059870252761919
2022-09-07 00:00:00+00:00,0.0,0.028820768183844533,19292.84,556.0344692480031,0.0,0.026727711340930327,0.7318453147876681,-0.39011041795500667
2022-09-08 00:00:00+00:00,0.0,0.028820768183844533,19319.77,556.8106125351941,0.0,0.0013958546279344564,0.7328668644572467,-0.3892591007593801
2022-09-09 00:00:00+00:00,0.0,0.028820768183844533,21360.11,615.6147786914195,0.0,0.10560891770450698,0.8102641408340722,-0.3247594153927008
2022-09-10 00:00:00+00:00,0.0,0.028820768183844533,21648.34,623.9217887050489,0.0,0.01349384436690615,0.821197719046572,-0.3156478240337912
2022-09-11 00:00:00+00:00,0.0,0.028820768183844533,21826.87,629.0671604489107,0.0,0.008246821696259454,0.8279699902129241,-0.3100040936611508
2022-09-12 00:00:00+00:00,0.0,0.028820768183844533,22395.74,645.4624308456545,0.0,0.02606282989727804,0.8495492312278945,-0.29202084772442305
2022-09-13 00:00:00+00:00,0.0,0.028820768183844533,20173.57,581.4177844105606,0.0,-0.0992228879242214,0.7652545030716607,-0.3622685838033479
2022-09-14 00:00:00+00:00,0.0,0.028820768183844533,20226.71,582.94932003185,0.0,0.0026341396193136912,0.76727029027706,-0.3605887102134633
2022-09-15 00:00:00+00:00,0.0,0.028820768183844533,19701.88,567.8233162659229,0.0,-0.02594737354715615,0.7473616414436062,-0.3771797537998235
2022-09-16 00:00:00+00:00,0.0,0.028820768183844533,19803.3,570.7463185751284,0.0,0.005147732094602064,0.7512088589515399,-0.37397364202929084
2022-09-17 00:00:00+00:00,0.0,0.028820768183844533,20113.62,579.689979357939,0.0,0.015670115586796207,0.7629803886011358,-0.36416373663950874
2022-09-18 00:00:00+00:00,0.0,0.028820768183844533,19416.18,559.5892227957986,0.0,-0.0346750112610259,0.7365240350344495,-0.3862113662317024
2022-09-19 00:00:00+00:00,0.0,0.028820768183844533,19537.02,563.0719244231343,0.0,0.006223675305853105,0.7411079214834607,-0.3823913450687053
2022-09-20 00:00:00+00:00,0.0,0.028820768183844533,18875.0,543.9919994700656,0.0,-0.033885413435621126,0.7159951731635799,-0.4033192696824701
2022-09-21 00:00:00+00:00,0.0,0.028820768183844533,18461.36,532.0705769185001,0.0,-0.021914701986754936,0.700304352319745,-0.41639535006861805
2022-09-22 00:00:00+00:00,0.0,0.028820768183844533,19401.63,559.1698806187236,0.0,0.050931784007245406,0.7359721023314281,-0.3866713240926889
2022-09-23 00:00:00+00:00,0.0,0.028820768183844533,19289.91,555.9500243972245,0.0,-0.005758279072428429,0.7317341695766818,-0.3902030417716863
2022-09-24 00:00:00+00:00,0.0,0.028820768183844533,18920.5,545.3033444224305,0.0,-0.019150426310957314,0.717721148282994,-0.4018809134848834
2022-09-25 00:00:00+00:00,0.0,0.028820768183844533,18807.38,542.043139125474,0.0,-0.005978700351470745,0.7134301086014965,-0.4054568882776528
2022-09-26 00:00:00+00:00,0.0,0.028820768183844533,19227.82,554.1605429006896,0.0,0.022355054239346472,0.7293788773752657,-0.39216584476746996
2022-09-27 00:00:00+00:00,-7.105427357601002e-15,0.03193675622169694,19079.13,609.3255237320648,60.0,-0.008724943034227106,0.723015088219798,-0.39746916314613134
2022-09-28 00:00:00+00:00,-7.105427357601002e-15,0.03193675622169694,19412.82,619.9824999156829,0.0,0.017489791201171112,0.7356604711480585,-0.38693102461729034
2022-09-29 00:00:00+00:00,-7.105427357601002e-15,0.03193675622169694,19591.51,625.6892788849378,0.0,0.009204742020994194,0.7424320360000195,-0.38128788285781723
2022-09-30 00:00:00+00:00,-7.105427357601002e-15,0.03193675622169694,19422.61,620.2951607590933,0.0,-0.008621081274490794,0.7360314690768777,-0.38662185030521223
2022-10-01 00:00:00+00:00,-7.105427357601002e-15,0.03193675622169694,19310.95,616.7291025593786,0.0,-0.005748969886127608,0.7318000463259124,-0.39014814281661625
2022-10-02 00:00:00+00:00,-7.105427357601002e-15,0.03193675622169694,19056.8,608.6123759656342,0.0,-0.013160926831668252,0.7221688794608057,-0.39817435848716376
2022-10-03 00:00:00+00:00,-7.105427357601002e-15,0.03193675622169694,19629.08,626.889142816187,0.0,0.03003022543134226,0.7438557737105135,-0.3801013988021711
2022-10-04 00:00:00+00:00,-7.105427357601002e-15,0.03193675622169694,20337.82,649.5239994207525,0.0,0.03610663362725086,0.7707139016033943,-0.3577189471226757
2022-10-05 00:00:00+00:00,-7.105427357601002e-15,0.03193675622169694,20158.26,643.7894354735846,0.0,-0.00882887153097034,0.763909367579005,-0.363389564025306
2022-10-06 00:00:00+00:00,-7.105427357601002e-15,0.03193675622169694,19960.67,637.4790518117394,0.0,-0.009801937270379701,0.7564215758777402,-0.369629579584399
2022-10-07 00:00:00+00:00,-7.105427357601002e-15,0.03193675622169694,19530.09,623.7277233178013,0.0,-0.02157142019781877,0.7401044882177852,-0.38322756480345965
2022-10-08 00:00:00+00:00,-7.105427357601002e-15,0.03193675622169694,19417.96,620.1466548426623,0.0,-0.005741396993050318,0.7358552545345886,-0.38676870020829335
2022-10-09 00:00:00+00:00,-7.105427357601002e-15,0.03193675622169694,19439.02,620.8192429286913,0.0,0.0010845629510001231,0.7366533358809555,-0.38610361226014567
2022-10-10 00:00:00+00:00,-7.105427357601002e-15,0.03193675622169694,19131.87,611.009868255197,0.0,-0.015800693656367604,0.7250137021897592,-0.3958036010195738
2022-10-11 00:00:00+00:00,-7.105427357601002e-15,0.03193675622169694,19060.0,608.7145735855437,0.0,-0.003756559081783406,0.7222901453823809,-0.39807330048934453
2022-10-12 00:00:00+00:00,-7.105427357601002e-15,0.03193675622169694,19155.53,611.7654919074024,0.0,0.005012067156348277,0.725910312097406,-0.39505640344819803
2022-10-13 00:00:00+00:00,-7.105427357601002e-15,0.03193675622169694,19375.13,618.7788035736871,0.0,0.011464052417239357,0.7342321859655052,-0.3881212983478548
2022-10-14 00:00:00+00:00,-7.105427357601002e-15,0.03193675622169694,19176.93,612.4489384905468,0.0,-0.010229608781979871,0.7267212779479402,-0.39438057808778215
2022-10-15 00:00:00+00:00,-7.105427357601002e-15,0.03193675622169694,19069.39,609.0144597264655,0.0,-0.005607779764539966,0.7226459850710031,-0.3977767584269939
2022-10-16 00:00:00+00:00,-7.105427357601002e-15,0.03193675622169694,19262.98,615.1970963634237,0.0,0.010151871664484169,0.7299821943702987,-0.39166306536517503
2022-10-17 00:00:00+00:00,-7.105427357601002e-15,0.03193675622169694,19549.86,624.3591129883042,0.0,0.01489281513036933,0.7408536842395168,-0.382603215860683
2022-10-18 00:00:00+00:00,-7.105427357601002e-15,0.03193675622169694,19327.44,617.2557396694743,0.0,-0.011377063569764756,0.7324249447780294,-0.3896273783216043
2022-10-19 00:00:00+00:00,-7.105427357601002e-15,0.03193675622169694,19123.97,610.7575678810457,0.0,-0.01052751942316199,0.7247143269458703,-0.39605308795169003
2022-10-20 00:00:00+00:00,-7.105427357601002e-15,0.03193675622169694,19041.92,608.1371570330554,0.0,-0.004290427144573172,0.7216049929254807,-0.3986442781770232
2022-10-21 00:00:00+00:00,-7.105427357601002e-15,0.03193675622169694,19164.37,612.0478128324022,0.0,0.006430549020266962,0.7262453092057575,-0.39477723072922244
2022-10-22 00:00:00+00:00,-7.105427357601002e-15,0.03193675622169694,19204.35,613.3246443461456,0.0,0.002086163020229792,0.7277603753134378,-0.39351463736896874
2022-10-23 00:00:00+00:00,-7.105427357601002e-15,0.03193675622169694,19570.4,625.0150939610979,0.0,0.019060785707404992,0.7416320598736279,-0.3819545498371808
2022-10-24 00:00:00+00:00,-7.105427357601002e-15,0.03193675622169694,19329.72,617.3285554736599,0.0,-0.012298164575072601,0.7325113467471519,-0.389555374498158
2022-10-25 00:00:00+00:00,-7.105427357601002e-15,0.03193675622169694,20080.07,641.2923005046101,0.0,0.03881846193323013,0.7609463105765154,-0.3658588530407698
2022-10-26 00:00:00+00:00,-7.105427357601002e-15,0.03193675622169694,20771.59,663.377206167038,0.0,0.03443812695872084,0.7871518762289197,-0.344020219712039
2022-10-27 00:00:00+00:00,7.105427357601002e-15,0.03482098642280394,20295.11,706.6957497593125,60.0,-0.02514626106029505,0.7673579496551662,-0.36051565851743506
2022-10-28 00:00:00+00:00,7.105427357601002e-15,0.03482098642280394,20591.84,717.0281810605511,0.0,0.014620763326732344,0.778577308623961,-0.3511659093094671
2022-10-29 00:00:00+00:00,7.105427357601002e-15,0.03482098642280394,20809.67,724.6132365330304,0.0,0.010578462148112866,0.7868134592126191,-0.3443022424406922
2022-10-30 00:00:00+00:00,7.105427357601002e-15,0.03482098642280394,20627.48,718.2692010166598,0.0,-0.008755064352293784,0.7799248567439617,-0.35004291850377867
2022-10-31 00:00:00+00:00,7.105427357601002e-15,0.03482098642280394,20490.74,713.5077793332057,0.0,-0.006629021092251608,0.7747547184182347,-0.35435149770607544
2022-11-01 00:00:00+00:00,7.105427357601002e-15,0.03482098642280394,20483.62,713.2598539098752,0.0,-0.000347474029732564,0.7744855112741716,-0.35457584379295826
2022-11-02 00:00:00+00:00,7.105427357601002e-15,0.03482098642280394,20151.84,701.7069470345174,0.0,-0.01619733230747289,0.7619409120807409,-0.36502999333031394
2022-11-03 00:00:00+00:00,7.105427357601002e-15,0.03482098642280394,20207.82,703.656225854466,0.0,0.0027779101064717704,0.7640575154409442,-0.36326610373147983
2022-11-04 00:00:00+00:00,7.105427357601002e-15,0.03482098642280394,21148.52,736.4123277823977,0.0,0.04655128559141963,0.7996253750505061,-0.33362532228054664
2022-11-05 00:00:00+00:00,7.105427357601002e-15,0.03482098642280394,21299.37,741.6650735842776,0.0,0.007132886840308217,0.8053290123653805,-0.3288721471111269
2022-11-06 00:00:00+00:00,7.105427357601002e-15,0.03482098642280394,20905.58,727.9529173408417,0.0,-0.018488340265463088,0.79043981555912,-0.34128018721696596
2022-11-07 00:00:00+00:00,7.105427357601002e-15,0.03482098642280394,20591.13,717.003458160191,0.0,-0.015041438697228182,0.7785504635295392,-0.35118828089959153
2022-11-08 00:00:00+00:00,7.105427357601002e-15,0.03482098642280394,18547.23,645.832844010622,0.0,-0.09926118673428808,0.701270620587067,-0.41559010210461167
2022-11-09 00:00:00+00:00,7.105427357601002e-15,0.03482098642280394,15922.81,554.4479508228868,0.0,-0.14149929666047179,0.6020413210053445,-0.4982836916182273
2022-11-10 00:00:00+00:00,7.105427357601002e-15,0.03482098642280394,17601.15,612.8894051757356,0.0,0.10540476209915228,0.6654993432197722,-0.4454004034919815
2022-11-11 00:00:00+00:00,7.105427357601002e-15,0.03482098642280394,17070.31,594.4050327430544,0.0,-0.030159392994207668,0.64542828699022,-0.46212679067749585
2022-11-12 00:00:00+00:00,7.105427357601002e-15,0.03482098642280394,16812.08,585.4132094190937,0.0,-0.015127434709738763,0.6356646127189569,-0.4702634325336398
2022-11-13 00:00:00+00:00,7.105427357601002e-15,0.03482098642280394,16329.85,568.621485136425,0.0,-0.02868354183420485,0.617431500207509,-0.4854581535276692
2022-11-14 00:00:00+00:00,7.105427357601002e-15,0.03482098642280394,16619.46,578.7059910143332,0.0,0.017735006751439686,0.6283816520322407,-0.4763327504065842
2022-11-15 00:00:00+00:00,7.105427357601002e-15,0.03482098642280394,16900.57,588.4945185076476,0.0,0.016914508654312543,0.6390104189237513,-0.46747517618135626
2022-11-16 00:00:00+00:00,7.105427357601002e-15,0.03482098642280394,16662.76,580.2137397264406,0.0,-0.014071123044962386,0.6300188246920623,-0.4749683985018053
2022-11-17 00:00:00+00:00,7.105427357601002e-15,0.03482098642280394,16692.56,581.2514051218402,0.0,0.0017884192054617998,0.6311455624579441,-0.47402942190221153
2022-11-18 00:00:00+00:00,7.105427357601002e-15,0.03482098642280394,16700.45,581.5261427047161,0.0,0.00047266566662029774,0.6314438832959577,-0.4737808136682923
2022-11-19 00:00:00+00:00,7.105427357601002e-15,0.03482098642280394,16700.68,581.5341515315934,0.0,1.3772083985674755e-05,0.6314525795941507,-0.47377356653346325
2022-11-20 00:00:00+00:00,7.105427357601002e-15,0.03482098642280394,16280.23,566.8936677901254,0.0,-0.025175621591456254,0.6155553683973395,-0.4870216440938384
2022-11-21 00:00:00+00:00,7.105427357601002e-15,0.03482098642280394,15781.29,549.5200848243317,0.0,-0.03064698717401404,0.5966904509171708,-0.5027428851878413
2022-11-22 00:00:00+00:00,7.105427357601002e-15,0.03482098642280394,16226.94,565.0380574236542,0.0,0.028239136344367255,0.6135404739160027,-0.4887007737244541
2022-11-23 00:00:00+00:00,7.105427357601002e-15,0.03482098642280394,16603.11,578.1366678863204,0.0,0.0231818198625251,0.6277634586606918,-0.47684792716508584
2022-11-24 00:00:00+00:00,7.105427357601002e-15,0.03482098642280394,16598.95,577.9918125828016,0.0,-0.00025055546822250196,0.6276061690933741,-0.4769790057776466
2022-11-25 00:00:00+00:00,7.105427357601002e-15,0.03482098642280394,16522.14,575.3172126156659,0.0,-0.004627401130794628,0.6247019835968177,-0.4793992337177405
2022-11-26 00:00:00+00:00,7.105427357601002e-15,0.03482098642280394,16458.57,573.1036425087683,0.0,-0.0038475645406708114,0.6222984023962439,-0.4814022787659341
2022-11-27 00:00:00+00:00,0.0,0.038461254049003385,16428.78,631.8714812951857,60.0,-0.0021499797282543698,0.6209604734461669,-0.4825172533537063
2022-11-28 00:00:00+00:00,0.0,0.038461254049003385,16212.91,623.5688503836275,0.0,-0.013139746225830362,0.6128012104088127,-0.48931684532088426
2022-11-29 00:00:00+00:00,0.0,0.038461254049003385,16442.53,632.4003235383595,0.0,0.014162787556336154,0.6214801837660984,-0.4820841482925644
2022-11-30 00:00:00+00:00,0.0,0.038461254049003385,17163.64,660.1351184456364,0.0,0.0438563894972368,0.6487360607701587,-0.45937022897329005
2022-12-01 00:00:00+00:00,0.0,0.038461254049003385,16977.37,652.9709406539286,0.0,-0.010852593039704872,0.6416955923124389,-0.4652374638633917
2022-12-02 00:00:00+00:00,0.0,0.038461254049003385,17092.74,657.4082155335622,0.0,0.0067955166200655,0.6460562453750208,-0.46160347616128705
2022-12-03 00:00:00+00:00,0.0,0.038461254049003385,16885.2,649.425966868232,0.0,-0.01214199712860553,0.6382118322987597,-0.46814068520778784
2022-12-04 00:00:00+00:00,0.0,0.038461254049003385,17105.7,657.9066733860373,0.0,0.013058773363655796,0.6465460959747527,-0.46119525495456715
2022-12-05 00:00:00+00:00,0.0,0.038461254049003385,16966.35,652.5470976343086,0.0,-0.00814640733790506,0.6412790681142101,-0.4655845778833033
2022-12-06 00:00:00+00:00,0.0,0.038461254049003385,17088.96,657.2628319932569,0.0,0.007226657471996134,0.6459133722834324,-0.4617225406799137
2022-12-07 00:00:00+00:00,0.0,0.038461254049003385,16836.64,647.5582883716123,0.0,-0.014765088103664614,0.6363764044343324,-0.46967025479099145
2022-12-08 00:00:00+00:00,0.0,0.038461254049003385,17224.1,662.4604858654392,0.0,0.023012905187733468,0.6510212742932904,-0.4574658266462618
2022-12-09 00:00:00+00:00,0.0,0.038461254049003385,17128.56,658.7858976535974,0.0,-0.005546879082216183,0.6474101380048352,-0.4604751981038251
2022-12-10 00:00:00+00:00,0.0,0.038461254049003385,17127.49,658.744744111765,0.0,-6.246876561710746e-05,0.647369695092666,-0.46050890155221935
2022-12-11 00:00:00+00:00,0.0,0.038461254049003385,17085.05,657.1124484899252,0.0,-0.0024778878866665854,0.6457655855670008,-0.46184570001002756
2022-12-12 00:00:00+00:00,0.0,0.038461254049003385,17209.83,661.91164377016,0.0,0.0073034612131661625,0.650481909473987,-0.45791531095335225
2022-12-13 00:00:00+00:00,0.0,0.038461254049003385,17774.7,683.6372523448205,0.0,0.03282252061757718,0.6718323653590579,-0.44012272507064576
2022-12-14 00:00:00+00:00,0.0,0.038461254049003385,17803.15,684.7314750225147,0.0,0.0016005896020749866,0.6729076932573891,-0.43922659132595565
2022-12-15 00:00:00+00:00,0.0,0.038461254049003385,17356.34,667.5466021008795,0.0,-0.025097244027040166,0.6560195646720357,-0.45330045840732325
2022-12-16 00:00:00+00:00,0.0,0.038461254049003385,16632.12,639.6921926935102,0.0,-0.04172653912057511,0.6286461386428853,-0.47611233821679055
2022-12-17 00:00:00+00:00,0.0,0.038461254049003385,16776.52,645.2459977781863,0.0,0.008681996041394635,0.6341040419300209,-0.47156394761105325
2022-12-18 00:00:00+00:00,0.0,0.038461254049003385,16738.21,643.772547135569,0.0,-0.0022835486739800626,0.6326560344859062,-0.47277065705776933
2022-12-19 00:00:00+00:00,0.0,0.038461254049003385,16438.88,632.2599399610808,0.0,-0.017883035282745263,0.621342224299353,-0.48219911799970383
2022-12-20 00:00:00+00:00,0.0,0.038461254049003385,16895.56,649.8244254601797,0.0,0.027780481395326184,0.6386034104016318,-0.46781436023081113
2022-12-21 00:00:00+00:00,0.0,0.038461254049003385,16824.67,647.0979071606457,0.0,-0.004195776878659352,0.6359239729776357,-0.4700472924333091
2022-12-22 00:00:00+00:00,0.0,0.038461254049003385,16821.43,646.973292697527,0.0,-0.00019257435658470712,0.6358015103277027,-0.4701493477349892
2022-12-23 00:00:00+00:00,0.0,0.038461254049003385,16778.5,645.3221510612033,0.0,-0.0025521016940890373,0.634178880216091,-0.4715015804822489
2022-12-24 00:00:00+00:00,0.0,0.038461254049003385,16836.12,647.5382885195069,0.0,0.003434156807819555,0.6363567499349605,-0.4696866340369401
2022-12-25 00:00:00+00:00,0.0,0.038461254049003385,16832.11,647.3840588907703,0.0,-0.00023817839264628216,0.6362051835071114,-0.4698129432220439
2022-12-26 00:00:00+00:00,0.0,0.038461254049003385,16919.39,650.7409571441674,0.0,0.005185327329728873,0.639504115632466,-0.46706374978666476
2022-12-27 00:00:00+00:00,7.105427357601002e-15,0.04200216804694398,16706.36,701.7033401727431,60.0,-0.013888194483849148,0.6306225581013404,-0.47446527207712086
2022-12-28 00:00:00+00:00,7.105427357601002e-15,0.04200216804694398,16547.31,695.0228953448767,0.0,-0.00952032639066791,0.6246188255188977,-0.4794685342165774
2022-12-29 00:00:00+00:00,7.105427357601002e-15,0.04200216804694398,16633.47,698.6418021438013,0.0,0.005206888612106608,0.6278711461683995,-0.47675818485514665
2022-12-30 00:00:00+00:00,7.105427357601002e-15,0.04200216804694398,16607.48,697.5501657962612,0.0,-0.0015625122118235746,0.6268900898350597,-0.4775757565810471
2022-12-31 00:00:00+00:00,7.105427357601002e-15,0.04200216804694398,16542.4,694.8166646997662,0.0,-0.003918716144773238,0.6244334855190247,-0.4796229888981539
2023-01-01 00:00:00+00:00,7.105427357601002e-15,0.04200216804694398,16616.75,697.9395258940564,0.0,0.004494511074571772,0.6272400087350234,-0.4772841486588042
2023-01-02 00:00:00+00:00,7.105427357601002e-15,0.04200216804694398,16672.87,700.2966875648509,0.0,0.003377315058600505,0.6293583958618809,-0.47551877254270036
2023-01-03 00:00:00+00:00,7.105427357601002e-15,0.04200216804694398,16675.18,700.3937125730394,0.0,0.0001385484322735664,0.6294455924809658,-0.47544610649087926
2023-01-04 00:00:00+00:00,7.105427357601002e-15,0.04200216804694398,16850.36,707.751652371503,0.0,0.01050543382440261,0.6360581914988365,-0.46993544027528644
2023-01-05 00:00:00+00:00,7.105427357601002e-15,0.04200216804694398,16831.85,706.974192240954,0.0,-0.0010984928511914571,0.6353594861225332,-0.470517712404814
2023-01-06 00:00:00+00:00,7.105427357601002e-15,0.04200216804694398,16950.65,711.964049804931,0.0,0.007058047689350921,0.6398438836754675,-0.46678060116830056
2023-01-07 00:00:00+00:00,7.105427357601002e-15,0.04200216804694398,16943.57,711.6666744551586,0.0,-0.00041768309769840695,0.6395766317000906,-0.4670033178985574
2023-01-08 00:00:00+00:00,7.105427357601002e-15,0.04200216804694398,17127.83,719.4059939394887,0.0,0.010874921873017529,0.6465319776016368,-0.4612070206221266
2023-01-09 00:00:00+00:00,7.105427357601002e-15,0.04200216804694398,17178.26,721.5241632740958,0.0,0.0029443309514396443,0.6484355817143849,-0.4596206357765259
2023-01-10 00:00:00+00:00,7.105427357601002e-15,0.04200216804694398,17440.66,732.545532169614,0.0,0.015275120995956737,0.6583405136831557,-0.4513662756042942
2023-01-11 00:00:00+00:00,7.105427357601002e-15,0.04200216804694398,17943.26,753.655821830008,0.0,0.02881771676071887,0.6773123841385831,-0.4355559043292804
2023-01-12 00:00:00+00:00,752.5257149251739,0.0,18846.62,752.5257149251739,0.0,-0.001499499999999987,0.6762967542185673,-0.4364022882507387
2023-01-13 00:00:00+00:00,752.5257149251739,0.0,19930.01,752.5257149251739,0.0,0.0,0.6762967542185673,-0.4364022882507387
2023-01-14 00:00:00+00:00,752.5257149251739,0.0,20954.92,752.5257149251739,0.0,0.0,0.6762967542185673,-0.4364022882507387
2023-01-15 00:00:00+00:00,752.5257149251739,0.0,20871.5,752.5257149251739,0.0,0.0,0.6762967542185673,-0.4364022882507387
2023-01-16 00:00:00+00:00,752.5257149251739,0.0,21185.65,752.5257149251739,0.0,0.0,0.6762967542185673,-0.4364022882507387
2023-01-17 00:00:00+00:00,752.5257149251739,0.0,21134.81,752.5257149251739,0.0,0.0,0.6762967542185673,-0.4364022882507387
2023-01-18 00:00:00+00:00,752.5257149251739,0.0,20677.47,752.5257149251739,0.0,0.0,0.6762967542185673,-0.4364022882507387
2023-01-19 00:00:00+00:00,752.5257149251739,0.0,21071.59,752.5257149251739,0.0,0.0,0.6762967542185673,-0.4364022882507387
2023-01-20 00:00:00+00:00,752.5257149251739,0.0,22667.21,752.5257149251739,0.0,0.0,0.6762967542185673,-0.4364022882507387
2023-01-21 00:00:00+00:00,752.5257149251739,0.0,22783.55,752.5257149251739,0.0,0.0,0.6762967542185673,-0.4364022882507387
2023-01-22 00:00:00+00:00,752.5257149251739,0.0,22707.88,752.5257149251739,0.0,0.0,0.6762967542185673,-0.4364022882507387
2023-01-23 00:00:00+00:00,752.5257149251739,0.0,22916.45,752.5257149251739,0.0,0.0,0.6762967542185673,-0.4364022882507387
2023-01-24 00:00:00+00:00,752.5257149251739,0.0,22632.89,752.5257149251739,0.0,0.0,0.6762967542185673,-0.4364022882507387
2023-01-25 00:00:00+00:00,752.5257149251739,0.0,23060.94,752.5257149251739,0.0,0.0,0.6762967542185673,-0.4364022882507387
2023-01-26 00:00:00+00:00,752.5257149251739,0.0,23009.65,752.5257149251739,0.0,0.0,0.6762967542185673,-0.4364022882507387
2023-01-27 00:00:00+00:00,812.5257149251739,0.0,23074.16,812.5257149251739,60.0,0.0,0.6762967542185673,-0.4364022882507387
2023-01-28 00:00:00+00:00,812.5257149251739,0.0,23022.6,812.5257149251739,0.0,0.0,0.6762967542185673,-0.4364022882507387
2023-01-29 00:00:00+00:00,812.5257149251739,0.0,23742.3,812.5257149251739,0.0,0.0,0.6762967542185673,-0.4364022882507387
2023-01-30 00:00:00+00:00,812.5257149251739,0.0,22826.15,812.5257149251739,0.0,0.0,0.6762967542185673,-0.4364022882507387
2023-01-31 00:00:00+00:00,812.5257149251739,0.0,23125.13,812.5257149251739,0.0,0.0,0.6762967542185673,-0.4364022882507387
2023-02-01 00:00:00+00:00,812.5257149251739,0.0,23732.66,812.5257149251739,0.0,0.0,0.6762967542185673,-0.4364022882507387
2023-02-02 00:00:00+00:00,812.5257149251739,0.0,23488.94,812.5257149251739,0.0,0.0,0.6762967542185673,-0.4364022882507387
2023-02-03 00:00:00+00:00,812.5257149251739,0.0,23431.9,812.5257149251739,0.0,0.0,0.6762967542185673,-0.4364022882507387
2023-02-04 00:00:00+00:00,812.5257149251739,0.0,23326.84,812.5257149251739,0.0,0.0,0.6762967542185673,-0.4364022882507387
2023-02-05 00:00:00+00:00,812.5257149251739,0.0,22932.91,812.5257149251739,0.0,0.0,0.6762967542185673,-0.4364022882507387
2023-02-06 00:00:00+00:00,812.5257149251739,0.0,22762.52,812.5257149251739,0.0,0.0,0.6762967542185673,-0.4364022882507387
2023-02-07 00:00:00+00:00,812.5257149251739,0.0,23240.46,812.5257149251739,0.0,0.0,0.6762967542185673,-0.4364022882507387
2023-02-08 00:00:00+00:00,812.5257149251739,0.0,22963.0,812.5257149251739,0.0,0.0,0.6762967542185673,-0.4364022882507387
2023-02-09 00:00:00+00:00,812.5257149251739,0.0,21796.35,812.5257149251739,0.0,0.0,0.6762967542185673,-0.4364022882507387
2023-02-10 00:00:00+00:00,812.5257149251739,0.0,21625.19,812.5257149251739,0.0,0.0,0.6762967542185673,-0.4364022882507387
2023-02-11 00:00:00+00:00,812.5257149251739,0.0,21862.55,812.5257149251739,0.0,0.0,0.6762967542185673,-0.4364022882507387
2023-02-12 00:00:00+00:00,812.5257149251739,0.0,21783.54,812.5257149251739,0.0,0.0,0.6762967542185673,-0.4364022882507387
2023-02-13 00:00:00+00:00,812.5257149251739,0.0,21773.97,812.5257149251739,0.0,0.0,0.6762967542185673,-0.4364022882507387
2023-02-14 00:00:00+00:00,812.5257149251739,0.0,22199.84,812.5257149251739,0.0,0.0,0.6762967542185673,-0.4364022882507387
2023-02-15 00:00:00+00:00,812.5257149251739,0.0,24324.05,812.5257149251739,0.0,0.0,0.6762967542185673,-0.4364022882507387
2023-02-16 00:00:00+00:00,812.5257149251739,0.0,23517.72,812.5257149251739,0.0,0.0,0.6762967542185673,-0.4364022882507387
2023-02-17 00:00:00+00:00,812.5257149251739,0.0,24569.97,812.5257149251739,0.0,0.0,0.6762967542185673,-0.4364022882507387
2023-02-18 00:00:00+00:00,812.5257149251739,0.0,24631.95,812.5257149251739,0.0,0.0,0.6762967542185673,-0.4364022882507387
2023-02-19 00:00:00+00:00,812.5257149251739,0.0,24271.76,812.5257149251739,0.0,0.0,0.6762967542185673,-0.4364022882507387
2023-02-20 00:00:00+00:00,812.5257149251739,0.0,24842.2,812.5257149251739,0.0,0.0,0.6762967542185673,-0.4364022882507387
2023-02-21 00:00:00+00:00,812.5257149251739,0.0,24452.16,812.5257149251739,0.0,0.0,0.6762967542185673,-0.4364022882507387
2023-02-22 00:00:00+00:00,812.5257149251739,0.0,24182.21,812.5257149251739,0.0,0.0,0.6762967542185673,-0.4364022882507387
2023-02-23 00:00:00+00:00,812.5257149251739,0.0,23940.2,812.5257149251739,0.0,0.0,0.6762967542185673,-0.4364022882507387
2023-02-24 00:00:00+00:00,812.5257149251739,0.0,23185.29,812.5257149251739,0.0,0.0,0.6762967542185673,-0.4364022882507387
2023-02-25 00:00:00+00:00,812.5257149251739,0.0,23157.07,812.5257149251739,0.0,0.0,0.6762967542185673,-0.4364022882507387
2023-02-26 00:00:00+00:00,812.5257149251739,0.0,23554.85,812.5257149251739,0.0,0.0,0.6762967542185673,-0.4364022882507387
2023-02-27 00:00:00+00:00,872.5257149251739,0.0,23492.09,872.5257149251739,60.0,0.0,0.6762967542185673,-0.4364022882507387
2023-02-28 00:00:00+00:00,872.5257149251739,0.0,23141.57,872.5257149251739,0.0,0.0,0.6762967542185673,-0.4364022882507387
2023-03-01 00:00:00+00:00,872.5257149251739,0.0,23628.97,872.5257149251739,0.0,0.0,0.6762967542185673,-0.4364022882507387
2023-03-02 00:00:00+00:00,872.5257149251739,0.0,23465.32,872.5257149251739,0.0,0.0,0.6762967542185673,-0.4364022882507387
2023-03-03 00:00:00+00:00,872.5257149251739,0.0,22354.34,872.5257149251739,0.0,0.0,0.6762967542185673,-0.4364022882507387
2023-03-04 00:00:00+00:00,872.5257149251739,0.0,22346.57,872.5257149251739,0.0,0.0,0.6762967542185673,-0.4364022882507387
2023-03-05 00:00:00+00:00,872.5257149251739,0.0,22430.24,872.5257149251739,0.0,0.0,0.6762967542185673,-0.4364022882507387
2023-03-06 00:00:00+00:00,872.5257149251739,0.0,22410.0,872.5257149251739,0.0,0.0,0.6762967542185673,-0.4364022882507387
2023-03-07 00:00:00+00:00,872.5257149251739,0.0,22197.96,872.5257149251739,0.0,0.0,0.6762967542185673,-0.4364022882507387
2023-03-08 00:00:00+00:00,872.5257149251739,0.0,21705.44,872.5257149251739,0.0,0.0,0.6762967542185673,-0.4364022882507387
2023-03-09 00:00:00+00:00,872.5257149251739,0.0,20362.22,872.5257149251739,0.0,0.0,0.6762967542185673,-0.4364022882507387
2023-03-10 00:00:00+00:00,-1.1368683772161603e-13,0.04278604589769434,20150.69,862.1683472102102,0.0,-0.01187055869849285,0.6682687339000156,-0.44309250797039446
2023-03-11 00:00:00+00:00,-1.1368683772161603e-13,0.04278604589769434,20455.73,875.2198026508429,0.0,0.015137943167206735,0.6783849480142152,-0.4346620740066587
2023-03-12 00:00:00+00:00,-1.1368683772161603e-13,0.04278604589769434,21997.11,941.1693580766309,0.0,0.07535199183798369,0.7295026050799933,-0.3920627352215058
2023-03-13 00:00:00+00:00,-1.1368683772161603e-13,0.04278604589769434,24113.48,1031.7204620331345,0.0,0.09621127502658333,0.7996889808499535,-0.33357231584099334
2023-03-14 00:00:00+00:00,-1.1368683772161603e-13,0.04278604589769434,24670.41,1055.5492945749374,0.0,0.023096210086640312,0.8181587655556354,-0.3181803620401037
2023-03-15 00:00:00+00:00,-1.1368683772161603e-13,0.04278604589769434,24285.66,1039.0873634157992,0.0,-0.015595606234351522,0.8053990836108466,-0.3288137526365744
2023-03-16 00:00:00+00:00,-1.1368683772161603e-13,0.04278604589769434,24998.78,1069.5989484663633,0.0,0.029363830342679753,0.8290486856601452,-0.3091051535406548
2023-03-17 00:00:00+00:00,-1.1368683772161603e-13,0.04278604589769434,27395.13,1172.129289553303,0.0,0.09585867790348157,0.9085201965851458,-0.2428768869887331
2023-03-18 00:00:00+00:00,1170.3716816836181,0.0,26907.49,1170.3716816836181,0.0,-0.0014994999999996539,0.9071578705503667,-0.2440121930966933
2023-03-19 00:00:00+00:00,1170.3716816836181,0.0,27972.87,1170.3716816836181,0.0,0.0,0.9071578705503667,-0.2440121930966933
2023-03-20 00:00:00+00:00,1170.3716816836181,0.0,27717.01,1170.3716816836181,0.0,0.0,0.9071578705503667,-0.2440121930966933
2023-03-21 00:00:00+00:00,1170.3716816836181,0.0,28105.47,1170.3716816836181,0.0,0.0,0.9071578705503667,-0.2440121930966933
2023-03-22 00:00:00+00:00,1170.3716816836181,0.0,27250.97,1170.3716816836181,0.0,0.0,0.9071578705503667,-0.2440121930966933
2023-03-23 00:00:00+00:00,1170.3716816836181,0.0,28295.41,1170.3716816836181,0.0,0.0,0.9071578705503667,-0.2440121930966933
2023-03-24 00:00:00+00:00,1170.3716816836181,0.0,27454.47,1170.3716816836181,0.0,0.0,0.9071578705503667,-0.2440121930966933
2023-03-25 00:00:00+00:00,1170.3716816836181,0.0,27462.95,1170.3716816836181,0.0,0.0,0.9071578705503667,-0.2440121930966933
2023-03-26 00:00:00+00:00,1170.3716816836181,0.0,27968.05,1170.3716816836181,0.0,0.0,0.9071578705503667,-0.2440121930966933
2023-03-27 00:00:00+00:00,1230.3716816836181,0.0,27124.91,1230.3716816836181,60.0,0.0,0.9071578705503667,-0.2440121930966933
2023-03-28 00:00:00+00:00,1230.3716816836181,0.0,27261.07,1230.3716816836181,0.0,0.0,0.9071578705503667,-0.2440121930966933
2023-03-29 00:00:00+00:00,1230.3716816836181,0.0,28348.6,1230.3716816836181,0.0,0.0,0.9071578705503667,-0.2440121930966933
2023-03-30 00:00:00+00:00,1230.3716816836181,0.0,28028.53,1230.3716816836181,0.0,0.0,0.9071578705503667,-0.2440121930966933
2023-03-31 00:00:00+00:00,1230.3716816836181,0.0,28465.36,1230.3716816836181,0.0,0.0,0.9071578705503667,-0.2440121930966933
2023-04-01 00:00:00+00:00,1230.3716816836181,0.0,28452.73,1230.3716816836181,0.0,0.0,0.9071578705503667,-0.2440121930966933
2023-04-02 00:00:00+00:00,1230.3716816836181,0.0,28171.87,1230.3716816836181,0.0,0.0,0.9071578705503667,-0.2440121930966933
2023-04-03 00:00:00+00:00,1230.3716816836181,0.0,27800.0,1230.3716816836181,0.0,0.0,0.9071578705503667,-0.2440121930966933
2023-04-04 00:00:00+00:00,1230.3716816836181,0.0,28165.47,1230.3716816836181,0.0,0.0,0.9071578705503667,-0.2440121930966933
2023-04-05 00:00:00+00:00,1230.3716816836181,0.0,28170.01,1230.3716816836181,0.0,0.0,0.9071578705503667,-0.2440121930966933
2023-04-06 00:00:00+00:00,1230.3716816836181,0.0,28033.82,1230.3716816836181,0.0,0.0,0.9071578705503667,-0.2440121930966933
2023-04-07 00:00:00+00:00,1230.3716816836181,0.0,27906.33,1230.3716816836181,0.0,0.0,0.9071578705503667,-0.2440121930966933
2023-04-08 00:00:00+00:00,1230.3716816836181,0.0,27938.38,1230.3716816836181,0.0,0.0,0.9071578705503667,-0.2440121930966933
2023-04-09 00:00:00+00:00,1230.3716816836181,0.0,28323.76,1230.3716816836181,0.0,0.0,0.9071578705503667,-0.2440121930966933
2023-04-10 00:00:00+00:00,1230.3716816836181,0.0,29637.34,1230.3716816836181,0.0,0.0,0.9071578705503667,-0.2440121930966933
2023-04-11 00:00:00+00:00,1230.3716816836181,0.0,30200.42,1230.3716816836181,0.0,0.0,0.9071578705503667,-0.2440121930966933
2023-04-12 00:00:00+00:00,1230.3716816836181,0.0,29888.07,1230.3716816836181,0.0,0.0,0.9071578705503667,-0.2440121930966933
2023-04-13 00:00:00+00:00,1230.3716816836181,0.0,30373.84,1230.3716816836181,0.0,0.0,0.9071578705503667,-0.2440121930966933
2023-04-14 00:00:00+00:00,1230.3716816836181,0.0,30466.93,1230.3716816836181,0.0,0.0,0.9071578705503667,-0.2440121930966933
2023-04-15 00:00:00+00:00,1230.3716816836181,0.0,30295.09,1230.3716816836181,0.0,0.0,0.9071578705503667,-0.2440121930966933
2023-04-16 00:00:00+00:00,1230.3716816836181,0.0,30304.65,1230.3716816836181,0.0,0.0,0.9071578705503667,-0.2440121930966933
2023-04-17 00:00:00+00:00,1230.3716816836181,0.0,29430.27,1230.3716816836181,0.0,0.0,0.9071578705503667,-0.2440121930966933
2023-04-18 00:00:00+00:00,1230.3716816836181,0.0,30380.01,1230.3716816836181,0.0,0.0,0.9071578705503667,-0.2440121930966933
2023-04-19 00:00:00+00:00,1230.3716816836181,0.0,28797.1,1230.3716816836181,0.0,0.0,0.9071578705503667,-0.2440121930966933
2023-04-20 00:00:00+00:00,1230.3716816836181,0.0,28243.65,1230.3716816836181,0.0,0.0,0.9071578705503667,-0.2440121930966933
2023-04-21 00:00:00+00:00,1230.3716816836181,0.0,27262.84,1230.3716816836181,0.0,0.0,0.9071578705503667,-0.2440121930966933
2023-04-22 00:00:00+00:00,1230.3716816836181,0.0,27816.85,1230.3716816836181,0.0,0.0,0.9071578705503667,-0.2440121930966933
2023-04-23 00:00:00+00:00,1230.3716816836181,0.0,27590.6,1230.3716816836181,0.0,0.0,0.9071578705503667,-0.2440121930966933
2023-04-24 00:00:00+00:00,1230.3716816836181,0.0,27510.93,1230.3716816836181,0.0,0.0,0.9071578705503667,-0.2440121930966933
2023-04-25 00:00:00+00:00,1230.3716816836181,0.0,28300.79,1230.3716816836181,0.0,0.0,0.9071578705503667,-0.2440121930966933
2023-04-26 00:00:00+00:00,1230.3716816836181,0.0,28415.29,1230.3716816836181,0.0,0.0,0.9071578705503667,-0.2440121930966933
2023-04-27 00:00:00+00:00,1290.3716816836181,0.0,29472.77,1290.3716816836181,60.0,0.0,0.9071578705503667,-0.2440121930966933
2023-04-28 00:00:00+00:00,1290.3716816836181,0.0,29311.7,1290.3716816836181,0.0,0.0,0.9071578705503667,-0.2440121930966933
2023-04-29 00:00:00+00:00,1290.3716816836181,0.0,29230.45,1290.3716816836181,0.0,0.0,0.9071578705503667,-0.2440121930966933
2023-04-30 00:00:00+00:00,1290.3716816836181,0.0,29233.21,1290.3716816836181,0.0,0.0,0.9071578705503667,-0.2440121930966933
2023-05-01 00:00:00+00:00,1290.3716816836181,0.0,28068.26,1290.3716816836181,0.0,0.0,0.9071578705503667,-0.2440121930966933
2023-05-02 00:00:00+00:00,1290.3716816836181,0.0,28669.86,1290.3716816836181,0.0,0.0,0.9071578705503667,-0.2440121930966933
2023-05-03 00:00:00+00:00,1290.3716816836181,0.0,29026.16,1290.3716816836181,0.0,0.0,0.9071578705503667,-0.2440121930966933
2023-05-04 00:00:00+00:00,1290.3716816836181,0.0,28838.16,1290.3716816836181,0.0,0.0,0.9071578705503667,-0.2440121930966933
2023-05-05 00:00:00+00:00,1290.3716816836181,0.0,29505.61,1290.3716816836181,0.0,0.0,0.9071578705503667,-0.2440121930966933
2023-05-06 00:00:00+00:00,1290.3716816836181,0.0,28848.2,1290.3716816836181,0.0,0.0,0.9071578705503667,-0.2440121930966933
2023-05-07 00:00:00+00:00,1290.3716816836181,0.0,28430.1,1290.3716816836181,0.0,0.0,0.9071578705503667,-0.2440121930966933
2023-05-08 00:00:00+00:00,1290.3716816836181,0.0,27668.79,1290.3716816836181,0.0,0.0,0.9071578705503667,-0.2440121930966933
2023-05-09 00:00:00+00:00,1290.3716816836181,0.0,27628.27,1290.3716816836181,0.0,0.0,0.9071578705503667,-0.2440121930966933
2023-05-10 00:00:00+00:00,1290.3716816836181,0.0,27598.75,1290.3716816836181,0.0,0.0,0.9071578705503667,-0.2440121930966933
2023-05-11 00:00:00+00:00,1290.3716816836181,0.0,26968.62,1290.3716816836181,0.0,0.0,0.9071578705503667,-0.2440121930966933
2023-05-12 00:00:00+00:00,1290.3716816836181,0.0,26795.01,1290.3716816836181,0.0,0.0,0.9071578705503667,-0.2440121930966933
2023-05-13 00:00:00+00:00,1290.3716816836181,0.0,26775.28,1290.3716816836181,0.0,0.0,0.9071578705503667,-0.2440121930966933
2023-05-14 00:00:00+00:00,1290.3716816836181,0.0,26917.62,1290.3716816836181,0.0,0.0,0.9071578705503667,-0.2440121930966933
2023-05-15 00:00:00+00:00,1290.3716816836181,0.0,27162.14,1290.3716816836181,0.0,0.0,0.9071578705503667,-0.2440121930966933
2023-05-16 00:00:00+00:00,1290.3716816836181,0.0,27033.84,1290.3716816836181,0.0,0.0,0.9071578705503667,-0.2440121930966933
2023-05-17 00:00:00+00:00,1290.3716816836181,0.0,27405.61,1290.3716816836181,0.0,0.0,0.9071578705503667,-0.2440121930966933
2023-05-18 00:00:00+00:00,1290.3716816836181,0.0,26821.28,1290.3716816836181,0.0,0.0,0.9071578705503667,-0.2440121930966933
2023-05-19 00:00:00+00:00,1290.3716816836181,0.0,26880.26,1290.3716816836181,0.0,0.0,0.9071578705503667,-0.2440121930966933
2023-05-20 00:00:00+00:00,1290.3716816836181,0.0,27102.43,1290.3716816836181,0.0,0.0,0.9071578705503667,-0.2440121930966933
2023-05-21 00:00:00+00:00,1290.3716816836181,0.0,26747.78,1290.3716816836181,0.0,0.0,0.9071578705503667,-0.2440121930966933
2023-05-22 00:00:00+00:00,1290.3716816836181,0.0,26849.27,1290.3716816836181,0.0,0.0,0.9071578705503667,-0.2440121930966933
2023-05-23 00:00:00+00:00,1290.3716816836181,0.0,27219.61,1290.3716816836181,0.0,0.0,0.9071578705503667,-0.2440121930966933
2023-05-24 00:00:00+00:00,1290.3716816836181,0.0,26329.01,1290.3716816836181,0.0,0.0,0.9071578705503667,-0.2440121930966933
2023-05-25 00:00:00+00:00,1290.3716816836181,0.0,26473.79,1290.3716816836181,0.0,0.0,0.9071578705503667,-0.2440121930966933
2023-05-26 00:00:00+00:00,1290.3716816836181,0.0,26705.92,1290.3716816836181,0.0,0.0,0.9071578705503667,-0.2440121930966933
2023-05-27 00:00:00+00:00,1350.3716816836181,0.0,26854.27,1350.3716816836181,60.0,0.0,0.9071578705503667,-0.2440121930966933
2023-05-28 00:00:00+00:00,1350.3716816836181,0.0,28065.0,1350.3716816836181,0.0,0.0,0.9071578705503667,-0.2440121930966933
2023-05-29 00:00:00+00:00,1350.3716816836181,0.0,27736.4,1350.3716816836181,0.0,0.0,0.9071578705503667,-0.2440121930966933
2023-05-30 00:00:00+00:00,1350.3716816836181,0.0,27694.4,1350.3716816836181,0.0,0.0,0.9071578705503667,-0.2440121930966933
2023-05-31 00:00:00+00:00,1350.3716816836181,0.0,27210.35,1350.3716816836181,0.0,0.0,0.9071578705503667,-0.2440121930966933
2023-06-01 00:00:00+00:00,1350.3716816836181,0.0,26817.93,1350.3716816836181,0.0,0.0,0.9071578705503667,-0.2440121930966933
2023-06-02 00:00:00+00:00,1350.3716816836181,0.0,27242.59,1350.3716816836181,0.0,0.0,0.9071578705503667,-0.2440121930966933
2023-06-03 00:00:00+00:00,1350.3716816836181,0.0,27069.22,1350.3716816836181,0.0,0.0,0.9071578705503667,-0.2440121930966933
2023-06-04 00:00:00+00:00,1350.3716816836181,0.0,27115.21,1350.3716816836181,0.0,0.0,0.9071578705503667,-0.2440121930966933
2023-06-05 00:00:00+00:00,1350.3716816836181,0.0,25728.2,1350.3716816836181,0.0,0.0,0.9071578705503667,-0.2440121930966933
2023-06-06 00:00:00+00:00,1350.3716816836181,0.0,27230.08,1350.3716816836181,0.0,0.0,0.9071578705503667,-0.2440121930966933
2023-06-07 00:00:00+00:00,1350.3716816836181,0.0,26339.34,1350.3716816836181,0.0,0.0,0.9071578705503667,-0.2440121930966933
2023-06-08 00:00:00+00:00,1350.3716816836181,0.0,26498.61,1350.3716816836181,0.0,0.0,0.9071578705503667,-0.2440121930966933
2023-06-09 00:00:00+00:00,1350.3716816836181,0.0,26477.81,1350.3716816836181,0.0,0.0,0.9071578705503667,-0.2440121930966933
2023-06-10 00:00:00+00:00,1350.3716816836181,0.0,25841.21,1350.3716816836181,0.0,0.0,0.9071578705503667,-0.2440121930966933
2023-06-11 00:00:00+00:00,1350.3716816836181,0.0,25925.55,1350.3716816836181,0.0,0.0,0.9071578705503667,-0.2440121930966933
2023-06-12 00:00:00+00:00,1350.3716816836181,0.0,25905.19,1350.3716816836181,0.0,0.0,0.9071578705503667,-0.2440121930966933
2023-06-13 00:00:00+00:00,1350.3716816836181,0.0,25934.25,1350.3716816836181,0.0,0.0,0.9071578705503667,-0.2440121930966933
2023-06-14 00:00:00+00:00,1350.3716816836181,0.0,25128.6,1350.3716816836181,0.0,0.0,0.9071578705503667,-0.2440121930966933
2023-06-15 00:00:00+00:00,1350.3716816836181,0.0,25598.49,1350.3716816836181,0.0,0.0,0.9071578705503667,-0.2440121930966933
2023-06-16 00:00:00+00:00,1350.3716816836181,0.0,26345.0,1350.3716816836181,0.0,0.0,0.9071578705503667,-0.2440121930966933
2023-06-17 00:00:00+00:00,1350.3716816836181,0.0,26516.99,1350.3716816836181,0.0,0.0,0.9071578705503667,-0.2440121930966933
2023-06-18 00:00:00+00:00,1350.3716816836181,0.0,26339.97,1350.3716816836181,0.0,0.0,0.9071578705503667,-0.2440121930966933
2023-06-19 00:00:00+00:00,1350.3716816836181,0.0,26844.35,1350.3716816836181,0.0,0.0,0.9071578705503667,-0.2440121930966933
2023-06-20 00:00:00+00:00,1350.3716816836181,0.0,28307.99,1350.3716816836181,0.0,0.0,0.9071578705503667,-0.2440121930966933
2023-06-21 00:00:00+00:00,1350.3716816836181,0.0,29993.89,1350.3716816836181,0.0,0.0,0.9071578705503667,-0.2440121930966933
2023-06-22 00:00:00+00:00,1350.3716816836181,0.0,29884.92,1350.3716816836181,0.0,0.0,0.9071578705503667,-0.2440121930966933
2023-06-23 00:00:00+00:00,1350.3716816836181,0.0,30688.5,1350.3716816836181,0.0,0.0,0.9071578705503667,-0.2440121930966933
2023-06-24 00:00:00+00:00,1350.3716816836181,0.0,30527.43,1350.3716816836181,0.0,0.0,0.9071578705503667,-0.2440121930966933
2023-06-25 00:00:00+00:00,1350.3716816836181,0.0,30462.66,1350.3716816836181,0.0,0.0,0.9071578705503667,-0.2440121930966933
2023-06-26 00:00:00+00:00,1350.3716816836181,0.0,30267.99,1350.3716816836181,0.0,0.0,0.9071578705503667,-0.2440121930966933
2023-06-27 00:00:00+00:00,1410.3716816836181,0.0,30692.44,1410.3716816836181,60.0,0.0,0.9071578705503667,-0.2440121930966933
2023-06-28 00:00:00+00:00,1410.3716816836181,0.0,30077.41,1410.3716816836181,0.0,0.0,0.9071578705503667,-0.2440121930966933
2023-06-29 00:00:00+00:00,1410.3716816836181,0.0,30447.31,1410.3716816836181,0.0,0.0,0.9071578705503667,-0.2440121930966933
2023-06-30 00:00:00+00:00,1410.3716816836181,0.0,30472.0,1410.3716816836181,0.0,0.0,0.9071578705503667,-0.2440121930966933
2023-07-01 00:00:00+00:00,1410.3716816836181,0.0,30585.9,1410.3716816836181,0.0,0.0,0.9071578705503667,-0.2440121930966933
2023-07-02 00:00:00+00:00,1410.3716816836181,0.0,30617.03,1410.3716816836181,0.0,0.0,0.9071578705503667,-0.2440121930966933
2023-07-03 00:00:00+00:00,1410.3716816836181,0.0,31156.2,1410.3716816836181,0.0,0.0,0.9071578705503667,-0.2440121930966933
2023-07-04 00:00:00+00:00,1410.3716816836181,0.0,30766.51,1410.3716816836181,0.0,0.0,0.9071578705503667,-0.2440121930966933
2023-07-05 00:00:00+00:00,1410.3716816836181,0.0,30504.81,1410.3716816836181,0.0,0.0,0.9071578705503667,-0.2440121930966933
2023-07-06 00:00:00+00:00,1410.3716816836181,0.0,29895.43,1410.3716816836181,0.0,0.0,0.9071578705503667,-0.2440121930966933
2023-07-07 00:00:00+00:00,1410.3716816836181,0.0,30344.7,1410.3716816836181,0.0,0.0,0.9071578705503667,-0.2440121930966933
2023-07-08 00:00:00+00:00,1410.3716816836181,0.0,30284.63,1410.3716816836181,0.0,0.0,0.9071578705503667,-0.2440121930966933
2023-07-09 00:00:00+00:00,1410.3716816836181,0.0,30160.71,1410.3716816836181,0.0,0.0,0.9071578705503667,-0.2440121930966933
2023-07-10 00:00:00+00:00,1410.3716816836181,0.0,30411.57,1410.3716816836181,0.0,0.0,0.9071578705503667,-0.2440121930966933
2023-07-11 00:00:00+00:00,1410.3716816836181,0.0,30622.1,1410.3716816836181,0.0,0.0,0.9071578705503667,-0.2440121930966933
2023-07-12 00:00:00+00:00,1410.3716816836181,0.0,30380.0,1410.3716816836181,0.0,0.0,0.9071578705503667,-0.2440121930966933
2023-07-13 00:00:00+00:00,1410.3716816836181,0.0,31454.23,1410.3716816836181,0.0,0.0,0.9071578705503667,-0.2440121930966933
2023-07-14 00:00:00+00:00,1410.3716816836181,0.0,30312.01,1410.3716816836181,0.0,0.0,0.9071578705503667,-0.2440121930966933
2023-07-15 00:00:00+00:00,1410.3716816836181,0.0,30289.52,1410.3716816836181,0.0,0.0,0.9071578705503667,-0.2440121930966933
2023-07-16 00:00:00+00:00,1410.3716816836181,0.0,30231.99,1410.3716816836181,0.0,0.0,0.9071578705503667,-0.2440121930966933
2023-07-17 00:00:00+00:00,1410.3716816836181,0.0,30138.0,1410.3716816836181,0.0,0.0,0.9071578705503667,-0.2440121930966933
2023-07-18 00:00:00+00:00,1410.3716816836181,0.0,29859.13,1410.3716816836181,0.0,0.0,0.9071578705503667,-0.2440121930966933
2023-07-19 00:00:00+00:00,1410.3716816836181,0.0,29909.21,1410.3716816836181,0.0,0.0,0.9071578705503667,-0.2440121930966933
2023-07-20 00:00:00+00:00,1410.3716816836181,0.0,29800.0,1410.3716816836181,0.0,0.0,0.9071578705503667,-0.2440121930966933
2023-07-21 00:00:00+00:00,1410.3716816836181,0.0,29901.72,1410.3716816836181,0.0,0.0,0.9071578705503667,-0.2440121930966933
2023-07-22 00:00:00+00:00,1410.3716816836181,0.0,29794.0,1410.3716816836181,0.0,0.0,0.9071578705503667,-0.2440121930966933
2023-07-23 00:00:00+00:00,1410.3716816836181,0.0,30083.75,1410.3716816836181,0.0,0.0,0.9071578705503667,-0.2440121930966933
2023-07-24 00:00:00+00:00,1410.3716816836181,0.0,29176.5,1410.3716816836181,0.0,0.0,0.9071578705503667,-0.2440121930966933
2023-07-25 00:00:00+00:00,1410.3716816836181,0.0,29228.91,1410.3716816836181,0.0,0.0,0.9071578705503667,-0.2440121930966933
2023-07-26 00:00:00+00:00,1410.3716816836181,0.0,29351.96,1410.3716816836181,0.0,0.0,0.9071578705503667,-0.2440121930966933
2023-07-27 00:00:00+00:00,1470.3716816836181,0.0,29222.78,1470.3716816836181,60.0,0.0,0.9071578705503667,-0.2440121930966933
2023-07-28 00:00:00+00:00,1470.3716816836181,0.0,29314.14,1470.3716816836181,0.0,0.0,0.9071578705503667,-0.2440121930966933
2023-07-29 00:00:00+00:00,1470.3716816836181,0.0,29352.9,1470.3716816836181,0.0,0.0,0.9071578705503667,-0.2440121930966933
2023-07-30 00:00:00+00:00,1470.3716816836181,0.0,29281.09,1470.3716816836181,0.0,0.0,0.9071578705503667,-0.2440121930966933
2023-07-31 00:00:00+00:00,1470.3716816836181,0.0,29232.25,1470.3716816836181,0.0,0.0,0.9071578705503667,-0.2440121930966933
2023-08-01 00:00:00+00:00,1470.3716816836181,0.0,29705.99,1470.3716816836181,0.0,0.0,0.9071578705503667,-0.2440121930966933
2023-08-02 00:00:00+00:00,1470.3716816836181,0.0,29186.01,1470.3716816836181,0.0,0.0,0.9071578705503667,-0.2440121930966933
2023-08-03 00:00:00+00:00,1470.3716816836181,0.0,29193.64,1470.3716816836181,0.0,0.0,0.9071578705503667,-0.2440121930966933
2023-08-04 00:00:00+00:00,1470.3716816836181,0.0,29113.99,1470.3716816836181,0.0,0.0,0.9071578705503667,-0.2440121930966933
2023-08-05 00:00:00+00:00,1470.3716816836181,0.0,29072.13,1470.3716816836181,0.0,0.0,0.9071578705503667,-0.2440121930966933
2023-08-06 00:00:00+00:00,1470.3716816836181,0.0,29088.42,1470.3716816836181,0.0,0.0,0.9071578705503667,-0.2440121930966933
2023-08-07 00:00:00+00:00,1470.3716816836181,0.0,29211.06,1470.3716816836181,0.0,0.0,0.9071578705503667,-0.2440121930966933
2023-08-08 00:00:00+00:00,1470.3716816836181,0.0,29770.42,1470.3716816836181,0.0,0.0,0.9071578705503667,-0.2440121930966933
2023-08-09 00:00:00+00:00,1470.3716816836181,0.0,29581.99,1470.3716816836181,0.0,0.0,0.9071578705503667,-0.2440121930966933
2023-08-10 00:00:00+00:00,1470.3716816836181,0.0,29455.75,1470.3716816836181,0.0,0.0,0.9071578705503667,-0.2440121930966933
2023-08-11 00:00:00+00:00,1470.3716816836181,0.0,29426.03,1470.3716816836181,0.0,0.0,0.9071578705503667,-0.2440121930966933
2023-08-12 00:00:00+00:00,1470.3716816836181,0.0,29430.17,1470.3716816836181,0.0,0.0,0.9071578705503667,-0.2440121930966933
2023-08-13 00:00:00+00:00,1470.3716816836181,0.0,29303.84,1470.3716816836181,0.0,0.0,0.9071578705503667,-0.2440121930966933
2023-08-14 00:00:00+00:00,1470.3716816836181,0.0,29430.93,1470.3716816836181,0.0,0.0,0.9071578705503667,-0.2440121930966933
2023-08-15 00:00:00+00:00,1470.3716816836181,0.0,29200.0,1470.3716816836181,0.0,0.0,0.9071578705503667,-0.2440121930966933
2023-08-16 00:00:00+00:00,1470.3716816836181,0.0,28730.51,1470.3716816836181,0.0,0.0,0.9071578705503667,-0.2440121930966933
2023-08-17 00:00:00+00:00,1470.3716816836181,0.0,26623.41,1470.3716816836181,0.0,0.0,0.9071578705503667,-0.2440121930966933
2023-08-18 00:00:00+00:00,0.0,0.05514577939330217,26054.0,1436.7681363130946,0.0,-0.02285377621802842,0.8864258875823854,-0.26128936925921953
2023-08-19 00:00:00+00:00,0.0,0.05514577939330217,26100.01,1439.3053936229803,0.0,0.001765947647194288,0.8879912692929736,-0.2599848449589055
2023-08-20 00:00:00+00:00,0.0,0.05514577939330217,26189.99,1444.26741085279,0.0,0.003447508257659937,0.891052626526591,-0.25743363660110785
2023-08-21 00:00:00+00:00,0.0,0.05514577939330217,26126.92,1440.7893665464542,0.0,-0.0024081719771562593,0.8889068185612182,-0.2592218641086239
2023-08-22 00:00:00+00:00,0.0,0.05514577939330217,26056.0,1436.8784278718813,0.0,-0.0027144416563451568,0.8864939328643064,-0.2612326631387971
2023-08-23 00:00:00+00:00,0.0,0.05514577939330217,26432.72,1457.652945884926,0.0,0.014458090267116974,0.8993109421669101,-0.25055149829606027
2023-08-24 00:00:00+00:00,0.0,0.05514577939330217,26180.05,1443.7192618056204,0.0,-0.009558985984038038,0.8907144414754445,-0.2577154660196065
2023-08-25 00:00:00+00:00,0.0,0.05514577939330217,26060.01,1437.0995624472482,0.0,-0.0045851707693455035,0.8866303636545574,-0.26111896736735074
2023-08-26 00:00:00+00:00,0.0,0.05514577939330217,26017.37,1434.748146413918,0.0,-0.0016362234703669598,0.8851796382440058,-0.2623279418547533
2023-08-27 00:00:00+00:00,-7.105427357601002e-15,0.05744847493326877,26101.77,1499.5068795589468,60.0,0.003316772464158957,0.8881155776939678,-0.2598812514847175
2023-08-28 00:00:00+00:00,-7.105427357601002e-15,0.05744847493326877,26120.0,1500.5541652569802,0.0,0.0006984200688304742,0.8887358554368702,-0.25936433769743683
2023-08-29 00:00:00+00:00,-7.105427357601002e-15,0.05744847493326877,27716.34,1592.2614637319546,0.0,0.061115620214395205,0.9430514984486655,-0.21409992984291637
2023-08-30 00:00:00+00:00,-7.105427357601002e-15,0.05744847493326877,27299.99,1568.3427911934882,0.0,-0.015021824670934159,0.9288851441833079,-0.22590558290569096
2023-08-31 00:00:00+00:00,-7.105427357601002e-15,0.05744847493326877,25940.78,1490.2582495794397,0.0,-0.04978793032524931,0.8826378753445502,-0.26444614180914694
2023-09-01 00:00:00+00:00,-7.105427357601002e-15,0.05744847493326877,25805.05,1482.4607680767472,0.0,-0.005232302189833948,0.8780196472565545,-0.26829478187209976
2023-09-02 00:00:00+00:00,-7.105427357601002e-15,0.05744847493326877,25869.51,1486.1638967709457,0.0,0.002497960670488908,0.8802129058033179,-0.26646701101482473
2023-09-03 00:00:00+00:00,-7.105427357601002e-15,0.05744847493326877,25971.21,1492.006406671659,0.0,0.003931268895313478,0.8836732594211559,-0.26358329559154103
2023-09-04 00:00:00+00:00,-7.105427357601002e-15,0.05744847493326877,25826.02,1483.6654625960978,0.0,-0.0055904210855020064,0.8787331537989936,-0.267700175063582
2023-09-05 00:00:00+00:00,-7.105427357601002e-15,0.05744847493326877,25792.1,1481.7168103263614,0.0,-0.0013134040785223178,0.8775790220908612,-0.2686619806403546
2023-09-06 00:00:00+00:00,-7.105427357601002e-15,0.05744847493326877,25759.95,1479.869841857257,0.0,-0.0012465057129895651,0.8764851148262252,-0.269573597659613
2023-09-07 00:00:00+00:00,-7.105427357601002e-15,0.05744847493326877,26255.0,1508.3097093729714,0.0,0.01921781680476853,0.8933292451950621,-0.25553639687006924
2023-09-08 00:00:00+00:00,-7.105427357601002e-15,0.05744847493326877,25910.5,1488.5187097584603,0.0,-0.01312131022662344,0.8816075950343423,-0.26530473475916694
2023-09-09 00:00:00+00:00,-7.105427357601002e-15,0.05744847493326877,25901.61,1488.0079928163036,0.0,-0.0003431041469673657,0.881305111812488,-0.2655568117514284
2023-09-10 00:00:00+00:00,-7.105427357601002e-15,0.05744847493326877,25841.61,1484.5610843203076,0.0,-0.002316458320544501,0.8792636052532916,-0.26725811878581396
2023-09-11 00:00:00+00:00,-7.105427357601002e-15,0.05744847493326877,25162.52,1445.548399477874,0.0,-0.026278935406888415,0.8561574937652126,-0.2865137953521635
2023-09-12 00:00:00+00:00,-7.105427357601002e-15,0.05744847493326877,25840.1,1484.4743371231582,0.0,0.026928145511657675,0.8792122273382184,-0.26730093501284613
2023-09-13 00:00:00+00:00,-7.105427357601002e-15,0.05744847493326877,26222.0,1506.4139097001737,0.0,0.01477935456906132,0.892206416587504,-0.2564721157389813
2023-09-14 00:00:00+00:00,-7.105427357601002e-15,0.05744847493326877,26522.73,1523.6903895668554,0.0,0.011468614140797584,0.9024387877132898,-0.24794488133146808
2023-09-15 00:00:00+00:00,-7.105427357601002e-15,0.05744847493326877,26600.0,1528.1294332249493,0.0,0.0029133501717206745,0.9050679079104417,-0.24575388142235177
2023-09-16 00:00:00+00:00,-7.105427357601002e-15,0.05744847493326877,26559.67,1525.8125362308904,0.0,-0.001516165413533943,0.9036956752515684,-0.24689744330063135
2023-09-17 00:00:00+00:00,-7.105427357601002e-15,0.05744847493326877,26527.51,1523.9649932770365,0.0,-0.0012108584180451354,0.902601427735839,-0.24780934387106224
2023-09-18 00:00:00+00:00,-7.105427357601002e-15,0.05744847493326877,26762.51,1537.4653848863545,0.0,0.008858728165590968,0.910597328426025,-0.24114589131971842
2023-09-19 00:00:00+00:00,-7.105427357601002e-15,0.05744847493326877,27210.26,1563.1879395377257,0.0,0.016730493514995448,0.9258320711240289,-0.22844988757561524
2023-09-20 00:00:00+00:00,-7.105427357601002e-15,0.05744847493326877,27125.0,1558.2898825649154,0.0,-0.0031333768953327734,0.9229310903034108,-0.23086744487147726
2023-09-21 00:00:00+00:00,-7.105427357601002e-15,0.05744847493326877,26568.08,1526.2956779050794,0.0,-0.020531612903225804,0.903981826420949,-0.246658976764645
2023-09-22 00:00:00+00:00,-7.105427357601002e-15,0.05744847493326877,26580.14,1526.9885065127744,0.0,0.00045392817245337724,0.9043921692393474,-0.24631701405073358
2023-09-23 00:00:00+00:00,-7.105427357601002e-15,0.05744847493326877,26575.96,1526.7483718875533,0.0,-0.00015726027026197187,0.90424994428239,-0.2464355384407958
2023-09-24 00:00:00+00:00,-7.105427357601002e-15,0.05744847493326877,26248.38,1507.9294004689134,0.0,-0.012326177492741341,0.8931039989713638,-0.2557241077461966
2023-09-25 00:00:00+00:00,-7.105427357601002e-15,0.05744847493326877,26304.81,1511.1712179093977,0.0,0.0021498469619838367,0.895024035890288,-0.254124028480357
2023-09-26 00:00:00+00:00,-7.105427357601002e-15,0.05744847493326877,26221.67,1506.3949517034455,0.0,-0.0031606386816709353,0.892195188301428,-0.2564814729276709
2023-09-27 00:00:00+00:00,0.0,0.059733229567129606,26372.99,1575.3438660416134,60.0,0.0059406162560811104,0.8974953775406488,-0.25206451467904745
2023-09-28 00:00:00+00:00,0.0,0.059733229567129606,27021.39,1614.0748920929402,0.0,0.024585759900564996,0.9195609834047301,-0.23367595241583394
2023-09-29 00:00:00+00:00,0.0,0.059733229567129606,26906.96,1607.2396186335736,0.0,-0.004234793250828317,0.9156668327584827,-0.2369211763204908
2023-09-30 00:00:00+00:00,0.0,0.059733229567129606,26962.56,1610.560786197506,0.0,0.002066379851161315,0.9175589482520715,-0.23534436561439165
2023-10-01 00:00:00+00:00,0.0,0.059733229567129606,27992.57,1672.0866099839452,0.0,0.03820149125305594,0.9526110683878862,-0.20613338008580995
2023-10-02 00:00:00+00:00,0.0,0.059733229567129606,27494.51,1642.3358776657406,0.0,-0.017792578530660186,0.9356616611444186,-0.22025831426350295
2023-10-03 00:00:00+00:00,0.0,0.059733229567129606,27426.46,1638.2710313936975,0.0,-0.0024750395624434374,0.9333458615160246,-0.22218820578418708
2023-10-04 00:00:00+00:00,0.0,0.059733229567129606,27778.57,1659.3036988565793,0.0,0.01283833203410123,0.9453284655888216,-0.21220239971000454
2023-10-05 00:00:00+00:00,0.0,0.059733229567129606,27410.39,1637.3111183945537,0.0,-0.013254101993011136,0.9327989856890105,-0.2226439494540976
2023-10-06 00:00:00+00:00,0.0,0.059733229567129606,27931.09,1668.4142110301582,0.0,0.01899644623808716,0.9505188514715941,-0.2078769470320505
2023-10-07 00:00:00+00:00,0.0,0.059733229567129606,27956.67,1669.942187042485,0.0,0.0009158253401495564,0.9513893607220616,-0.2071515006676259
2023-10-08 00:00:00+00:00,0.0,0.059733229567129606,27917.05,1667.5755564870356,0.0,-0.0014171931063319265,0.9500410582786087,-0.2082751200952454
2023-10-09 00:00:00+00:00,0.0,0.059733229567129606,27590.12,1648.0469717446538,0.0,-0.01171076456860598,0.9389153511145987,-0.2175468237669178
2023-10-10 00:00:00+00:00,0.0,0.059733229567129606,27390.12,1636.1003258312278,0.0,-0.007248971733359699,0.9321091802743514,-0.22321880472410893
2023-10-11 00:00:00+00:00,0.0,0.059733229567129606,26875.52,1605.361605895983,0.0,-0.018787796475517315,0.9145969027023956,-0.23781281172696156
2023-10-12 00:00:00+00:00,0.0,0.059733229567129606,26759.63,1598.4391219214485,0.0,-0.004312102612340052,0.9106530670090145,-0.24109944109260573
2023-10-13 00:00:00+00:00,0.0,0.059733229567129606,26862.0,1604.5540126322355,0.0,0.0038255386939205493,0.9141368055535949,-0.23819623763966757
2023-10-14 00:00:00+00:00,0.0,0.059733229567129606,26852.48,1603.9853522867563,0.0,-0.00035440399076769324,0.9138128318215991,-0.23846622393322991
2023-10-15 00:00:00+00:00,0.0,0.059733229567129606,27154.15,1622.0050756502724,0.0,0.011234344090378379,0.924078919608486,-0.22991089145645072
2023-10-16 00:00:00+00:00,0.0,0.059733229567129606,28500.78,1702.443634582256,0.0,0.04959205130707445,0.969905888801496,-0.1917205928745398
2023-10-17 00:00:00+00:00,0.0,0.059733229567129606,28395.91,1696.1794107975513,0.0,-0.003679548419376455,0.9663370731214125,-0.1946946960894428
2023-10-18 00:00:00+00:00,0.0,0.059733229567129606,28320.0,1691.6450613411105,0.0,-0.00267327231280845,0.9637537909789966,-0.1968474964617447
2023-10-19 00:00:00+00:00,0.0,0.059733229567129606,28713.71,1715.1626311539849,0.0,0.013902189265536657,0.977152078586565,-0.18568191834846637
2023-10-20 00:00:00+00:00,0.0,0.059733229567129606,29669.04,1772.227577356351,0.0,0.0332708660775638,1.0096627745306317,-0.1585888505092995
2023-10-21 00:00:00+00:00,1769.5707185407011,0.0,29909.8,1769.5707185407011,0.0,-0.0014991634537214749,1.0081491249984724,-0.15985026335416974
2023-10-22 00:00:00+00:00,1769.5707185407011,0.0,29992.46,1769.5707185407011,0.0,0.0,1.0081491249984724,-0.15985026335416974
2023-10-23 00:00:00+00:00,1769.5707185407011,0.0,33069.99,1769.5707185407011,0.0,0.0,1.0081491249984724,-0.15985026335416974
2023-10-24 00:00:00+00:00,1769.5707185407011,0.0,33922.73,1769.5707185407011,0.0,0.0,1.0081491249984724,-0.15985026335416974
2023-10-25 00:00:00+00:00,1769.5707185407011,0.0,34496.05,1769.5707185407011,0.0,0.0,1.0081491249984724,-0.15985026335416974
2023-10-26 00:00:00+00:00,1769.5707185407011,0.0,34151.66,1769.5707185407011,0.0,0.0,1.0081491249984724,-0.15985026335416974
2023-10-27 00:00:00+00:00,1829.5707185407011,0.0,33892.02,1829.5707185407011,60.0,0.0,1.0081491249984724,-0.15985026335416974
2023-10-28 00:00:00+00:00,1829.5707185407011,0.0,34081.0,1829.5707185407011,0.0,0.0,1.0081491249984724,-0.15985026335416974
2023-10-29 00:00:00+00:00,1829.5707185407011,0.0,34525.89,1829.5707185407011,0.0,0.0,1.0081491249984724,-0.15985026335416974
2023-10-30 00:00:00+00:00,1829.5707185407011,0.0,34474.73,1829.5707185407011,0.0,0.0,1.0081491249984724,-0.15985026335416974
2023-10-31 00:00:00+00:00,1829.5707185407011,0.0,34639.77,1829.5707185407011,0.0,0.0,1.0081491249984724,-0.15985026335416974
2023-11-01 00:00:00+00:00,1829.5707185407011,0.0,35421.43,1829.5707185407011,0.0,0.0,1.0081491249984724,-0.15985026335416974
2023-11-02 00:00:00+00:00,1829.5707185407011,0.0,34941.59,1829.5707185407011,0.0,0.0,1.0081491249984724,-0.15985026335416974
2023-11-03 00:00:00+00:00,1829.5707185407011,0.0,34716.78,1829.5707185407011,0.0,0.0,1.0081491249984724,-0.15985026335416974
2023-11-04 00:00:00+00:00,1829.5707185407011,0.0,35062.07,1829.5707185407011,0.0,0.0,1.0081491249984724,-0.15985026335416974
2023-11-05 00:00:00+00:00,1829.5707185407011,0.0,35011.88,1829.5707185407011,0.0,0.0,1.0081491249984724,-0.15985026335416974
2023-11-06 00:00:00+00:00,1829.5707185407011,0.0,35046.09,1829.5707185407011,0.0,0.0,1.0081491249984724,-0.15985026335416974
2023-11-07 00:00:00+00:00,1829.5707185407011,0.0,35399.12,1829.5707185407011,0.0,0.0,1.0081491249984724,-0.15985026335416974
2023-11-08 00:00:00+00:00,1829.5707185407011,0.0,35624.72,1829.5707185407011,0.0,0.0,1.0081491249984724,-0.15985026335416974
2023-11-09 00:00:00+00:00,1829.5707185407011,0.0,36701.09,1829.5707185407011,0.0,0.0,1.0081491249984724,-0.15985026335416974
2023-11-10 00:00:00+00:00,1829.5707185407011,0.0,37301.63,1829.5707185407011,0.0,0.0,1.0081491249984724,-0.15985026335416974
2023-11-11 00:00:00+00:00,1829.5707185407011,0.0,37130.0,1829.5707185407011,0.0,0.0,1.0081491249984724,-0.15985026335416974
2023-11-12 00:00:00+00:00,1829.5707185407011,0.0,37064.13,1829.5707185407011,0.0,0.0,1.0081491249984724,-0.15985026335416974
2023-11-13 00:00:00+00:00,1829.5707185407011,0.0,36462.93,1829.5707185407011,0.0,0.0,1.0081491249984724,-0.15985026335416974
2023-11-14 00:00:00+00:00,1829.5707185407011,0.0,35551.19,1829.5707185407011,0.0,0.0,1.0081491249984724,-0.15985026335416974
2023-11-15 00:00:00+00:00,1829.5707185407011,0.0,37858.2,1829.5707185407011,0.0,0.0,1.0081491249984724,-0.15985026335416974
2023-11-16 00:00:00+00:00,1829.5707185407011,0.0,36163.51,1829.5707185407011,0.0,0.0,1.0081491249984724,-0.15985026335416974
2023-11-17 00:00:00+00:00,1829.5707185407011,0.0,36613.92,1829.5707185407011,0.0,0.0,1.0081491249984724,-0.15985026335416974
2023-11-18 00:00:00+00:00,1829.5707185407011,0.0,36568.1,1829.5707185407011,0.0,0.0,1.0081491249984724,-0.15985026335416974
2023-11-19 00:00:00+00:00,1829.5707185407011,0.0,37359.86,1829.5707185407011,0.0,0.0,1.0081491249984724,-0.15985026335416974
2023-11-20 00:00:00+00:00,1829.5707185407011,0.0,37448.78,1829.5707185407011,0.0,0.0,1.0081491249984724,-0.15985026335416974
2023-11-21 00:00:00+00:00,1829.5707185407011,0.0,35741.65,1829.5707185407011,0.0,0.0,1.0081491249984724,-0.15985026335416974
2023-11-22 00:00:00+00:00,1829.5707185407011,0.0,37408.34,1829.5707185407011,0.0,0.0,1.0081491249984724,-0.15985026335416974
2023-11-23 00:00:00+00:00,1829.5707185407011,0.0,37294.28,1829.5707185407011,0.0,0.0,1.0081491249984724,-0.15985026335416974
2023-11-24 00:00:00+00:00,1829.5707185407011,0.0,37713.57,1829.5707185407011,0.0,0.0,1.0081491249984724,-0.15985026335416974
2023-11-25 00:00:00+00:00,1829.5707185407011,0.0,37780.67,1829.5707185407011,0.0,0.0,1.0081491249984724,-0.15985026335416974
2023-11-26 00:00:00+00:00,1829.5707185407011,0.0,37447.43,1829.5707185407011,0.0,0.0,1.0081491249984724,-0.15985026335416974
2023-11-27 00:00:00+00:00,1889.5707185407011,0.0,37242.7,1889.5707185407011,60.0,0.0,1.0081491249984724,-0.15985026335416974
2023-11-28 00:00:00+00:00,1889.5707185407011,0.0,37818.87,1889.5707185407011,0.0,0.0,1.0081491249984724,-0.15985026335416974
2023-11-29 00:00:00+00:00,1889.5707185407011,0.0,37854.64,1889.5707185407011,0.0,0.0,1.0081491249984724,-0.15985026335416974
2023-11-30 00:00:00+00:00,1889.5707185407011,0.0,37723.96,1889.5707185407011,0.0,0.0,1.0081491249984724,-0.15985026335416974
2023-12-01 00:00:00+00:00,1889.5707185407011,0.0,38682.52,1889.5707185407011,0.0,0.0,1.0081491249984724,-0.15985026335416974
2023-12-02 00:00:00+00:00,1889.5707185407011,0.0,39450.35,1889.5707185407011,0.0,0.0,1.0081491249984724,-0.15985026335416974
2023-12-03 00:00:00+00:00,1889.5707185407011,0.0,39972.26,1889.5707185407011,0.0,0.0,1.0081491249984724,-0.15985026335416974
2023-12-04 00:00:00+00:00,1889.5707185407011,0.0,41991.1,1889.5707185407011,0.0,0.0,1.0081491249984724,-0.15985026335416974
2023-12-05 00:00:00+00:00,1889.5707185407011,0.0,44073.32,1889.5707185407011,0.0,0.0,1.0081491249984724,-0.15985026335416974
2023-12-06 00:00:00+00:00,1889.5707185407011,0.0,43762.69,1889.5707185407011,0.0,0.0,1.0081491249984724,-0.15985026335416974
2023-12-07 00:00:00+00:00,1889.5707185407011,0.0,43273.14,1889.5707185407011,0.0,0.0,1.0081491249984724,-0.15985026335416974
2023-12-08 00:00:00+00:00,1889.5707185407011,0.0,44170.99,1889.5707185407011,0.0,0.0,1.0081491249984724,-0.15985026335416974
2023-12-09 00:00:00+00:00,1889.5707185407011,0.0,43713.6,1889.5707185407011,0.0,0.0,1.0081491249984724,-0.15985026335416974
2023-12-10 00:00:00+00:00,1889.5707185407011,0.0,43789.51,1889.5707185407011,0.0,0.0,1.0081491249984724,-0.15985026335416974
2023-12-11 00:00:00+00:00,1889.5707185407011,0.0,41253.4,1889.5707185407011,0.0,0.0,1.0081491249984724,-0.15985026335416974
2023-12-12 00:00:00+00:00,1889.5707185407011,0.0,41492.39,1889.5707185407011,0.0,0.0,1.0081491249984724,-0.15985026335416974
2023-12-13 00:00:00+00:00,1889.5707185407011,0.0,42869.03,1889.5707185407011,0.0,0.0,1.0081491249984724,-0.15985026335416974
2023-12-14 00:00:00+00:00,1889.5707185407011,0.0,43022.26,1889.5707185407011,0.0,0.0,1.0081491249984724,-0.15985026335416974
2023-12-15 00:00:00+00:00,1889.5707185407011,0.0,41940.3,1889.5707185407011,0.0,0.0,1.0081491249984724,-0.15985026335416974
2023-12-16 00:00:00+00:00,1889.5707185407011,0.0,42278.03,1889.5707185407011,0.0,0.0,1.0081491249984724,-0.15985026335416974
2023-12-17 00:00:00+00:00,1889.5707185407011,0.0,41374.65,1889.5707185407011,0.0,0.0,1.0081491249984724,-0.15985026335416974
2023-12-18 00:00:00+00:00,1889.5707185407011,0.0,42657.8,1889.5707185407011,0.0,0.0,1.0081491249984724,-0.15985026335416974
2023-12-19 00:00:00+00:00,1889.5707185407011,0.0,42275.99,1889.5707185407011,0.0,0.0,1.0081491249984724,-0.15985026335416974
2023-12-20 00:00:00+00:00,1889.5707185407011,0.0,43668.93,1889.5707185407011,0.0,0.0,1.0081491249984724,-0.15985026335416974
2023-12-21 00:00:00+00:00,1889.5707185407011,0.0,43861.8,1889.5707185407011,0.0,0.0,1.0081491249984724,-0.15985026335416974
2023-12-22 00:00:00+00:00,1889.5707185407011,0.0,43969.04,1889.5707185407011,0.0,0.0,1.0081491249984724,-0.15985026335416974
2023-12-23 00:00:00+00:00,1889.5707185407011,0.0,43702.16,1889.5707185407011,0.0,0.0,1.0081491249984724,-0.15985026335416974
2023-12-24 00:00:00+00:00,1889.5707185407011,0.0,42991.5,1889.5707185407011,0.0,0.0,1.0081491249984724,-0.15985026335416974
2023-12-25 00:00:00+00:00,1889.5707185407011,0.0,43576.13,1889.5707185407011,0.0,0.0,1.0081491249984724,-0.15985026335416974
2023-12-26 00:00:00+00:00,1889.5707185407011,0.0,42508.93,1889.5707185407011,0.0,0.0,1.0081491249984724,-0.15985026335416974
2023-12-27 00:00:00+00:00,1949.5707185407011,0.0,43428.85,1949.5707185407011,60.0,0.0,1.0081491249984724,-0.15985026335416974
2023-12-28 00:00:00+00:00,1949.5707185407011,0.0,42563.76,1949.5707185407011,0.0,0.0,1.0081491249984724,-0.15985026335416974
2023-12-29 00:00:00+00:00,1949.5707185407011,0.0,42066.95,1949.5707185407011,0.0,0.0,1.0081491249984724,-0.15985026335416974
2023-12-30 00:00:00+00:00,1949.5707185407011,0.0,42140.28,1949.5707185407011,0.0,0.0,1.0081491249984724,-0.15985026335416974
2023-12-31 00:00:00+00:00,1949.5707185407011,0.0,42283.58,1949.5707185407011,0.0,0.0,1.0081491249984724,-0.15985026335416974
2024-01-01 00:00:00+00:00,1949.5707185407011,0.0,44179.55,1949.5707185407011,0.0,0.0,1.0081491249984724,-0.15985026335416974
2024-01-02 00:00:00+00:00,1949.5707185407011,0.0,44946.91,1949.5707185407011,0.0,0.0,1.0081491249984724,-0.15985026335416974
2024-01-03 00:00:00+00:00,1949.5707185407011,0.0,42845.23,1949.5707185407011,0.0,0.0,1.0081491249984724,-0.15985026335416974
2024-01-04 00:00:00+00:00,1949.5707185407011,0.0,44151.1,1949.5707185407011,0.0,0.0,1.0081491249984724,-0.15985026335416974
2024-01-05 00:00:00+00:00,1949.5707185407011,0.0,44145.11,1949.5707185407011,0.0,0.0,1.0081491249984724,-0.15985026335416974
2024-01-06 00:00:00+00:00,1949.5707185407011,0.0,43968.32,1949.5707185407011,0.0,0.0,1.0081491249984724,-0.15985026335416974
2024-01-07 00:00:00+00:00,1949.5707185407011,0.0,43929.02,1949.5707185407011,0.0,0.0,1.0081491249984724,-0.15985026335416974
2024-01-08 00:00:00+00:00,1949.5707185407011,0.0,46951.04,1949.5707185407011,0.0,0.0,1.0081491249984724,-0.15985026335416974
2024-01-09 00:00:00+00:00,1949.5707185407011,0.0,46110.0,1949.5707185407011,0.0,0.0,1.0081491249984724,-0.15985026335416974
2024-01-10 00:00:00+00:00,1949.5707185407011,0.0,46653.99,1949.5707185407011,0.0,0.0,1.0081491249984724,-0.15985026335416974
2024-01-11 00:00:00+00:00,1949.5707185407011,0.0,46339.16,1949.5707185407011,0.0,0.0,1.0081491249984724,-0.15985026335416974
2024-01-12 00:00:00+00:00,1949.5707185407011,0.0,42782.73,1949.5707185407011,0.0,0.0,1.0081491249984724,-0.15985026335416974
2024-01-13 00:00:00+00:00,1949.5707185407011,0.0,42847.99,1949.5707185407011,0.0,0.0,1.0081491249984724,-0.15985026335416974
2024-01-14 00:00:00+00:00,1949.5707185407011,0.0,41732.35,1949.5707185407011,0.0,0.0,1.0081491249984724,-0.15985026335416974
2024-01-15 00:00:00+00:00,1949.5707185407011,0.0,42511.1,1949.5707185407011,0.0,0.0,1.0081491249984724,-0.15985026335416974
2024-01-16 00:00:00+00:00,1949.5707185407011,0.0,43137.95,1949.5707185407011,0.0,0.0,1.0081491249984724,-0.15985026335416974
2024-01-17 00:00:00+00:00,1949.5707185407011,0.0,42776.1,1949.5707185407011,0.0,0.0,1.0081491249984724,-0.15985026335416974
2024-01-18 00:00:00+00:00,1949.5707185407011,0.0,41327.5,1949.5707185407011,0.0,0.0,1.0081491249984724,-0.15985026335416974
2024-01-19 00:00:00+00:00,1949.5707185407011,0.0,41659.03,1949.5707185407011,0.0,0.0,1.0081491249984724,-0.15985026335416974
2024-01-20 00:00:00+00:00,1949.5707185407011,0.0,41696.04,1949.5707185407011,0.0,0.0,1.0081491249984724,-0.15985026335416974
2024-01-21 00:00:00+00:00,1949.5707185407011,0.0,41580.33,1949.5707185407011,0.0,0.0,1.0081491249984724,-0.15985026335416974
2024-01-22 00:00:00+00:00,1949.5707185407011,0.0,39568.02,1949.5707185407011,0.0,0.0,1.0081491249984724,-0.15985026335416974
2024-01-23 00:00:00+00:00,1949.5707185407011,0.0,39897.6,1949.5707185407011,0.0,0.0,1.0081491249984724,-0.15985026335416974
2024-01-24 00:00:00+00:00,1949.5707185407011,0.0,40084.88,1949.5707185407011,0.0,0.0,1.0081491249984724,-0.15985026335416974
2024-01-25 00:00:00+00:00,1949.5707185407011,0.0,39961.09,1949.5707185407011,0.0,0.0,1.0081491249984724,-0.15985026335416974
2024-01-26 00:00:00+00:00,1949.5707185407011,0.0,41823.51,1949.5707185407011,0.0,0.0,1.0081491249984724,-0.15985026335416974
2024-01-27 00:00:00+00:00,2009.5707185407011,0.0,42120.63,2009.5707185407011,60.0,0.0,1.0081491249984724,-0.15985026335416974
2024-01-28 00:00:00+00:00,2009.5707185407011,0.0,42031.06,2009.5707185407011,0.0,0.0,1.0081491249984724,-0.15985026335416974
2024-01-29 00:00:00+00:00,2009.5707185407011,0.0,43302.7,2009.5707185407011,0.0,0.0,1.0081491249984724,-0.15985026335416974
2024-01-30 00:00:00+00:00,2009.5707185407011,0.0,42941.1,2009.5707185407011,0.0,0.0,1.0081491249984724,-0.15985026335416974
2024-01-31 00:00:00+00:00,2009.5707185407011,0.0,42580.0,2009.5707185407011,0.0,0.0,1.0081491249984724,-0.15985026335416974
2024-02-01 00:00:00+00:00,2009.5707185407011,0.0,43082.94,2009.5707185407011,0.0,0.0,1.0081491249984724,-0.15985026335416974
2024-02-02 00:00:00+00:00,2009.5707185407011,0.0,43200.0,2009.5707185407011,0.0,0.0,1.0081491249984724,-0.15985026335416974
2024-02-03 00:00:00+00:00,2009.5707185407011,0.0,43011.09,2009.5707185407011,0.0,0.0,1.0081491249984724,-0.15985026335416974
2024-02-04 00:00:00+00:00,2009.5707185407011,0.0,42582.88,2009.5707185407011,0.0,0.0,1.0081491249984724,-0.15985026335416974
2024-02-05 00:00:00+00:00,2009.5707185407011,0.0,42708.7,2009.5707185407011,0.0,0.0,1.0081491249984724,-0.15985026335416974
2024-02-06 00:00:00+00:00,2009.5707185407011,0.0,43098.95,2009.5707185407011,0.0,0.0,1.0081491249984724,-0.15985026335416974
2024-02-07 00:00:00+00:00,2009.5707185407011,0.0,44349.6,2009.5707185407011,0.0,0.0,1.0081491249984724,-0.15985026335416974
2024-02-08 00:00:00+00:00,2009.5707185407011,0.0,45288.65,2009.5707185407011,0.0,0.0,1.0081491249984724,-0.15985026335416974
2024-02-09 00:00:00+00:00,2009.5707185407011,0.0,47132.77,2009.5707185407011,0.0,0.0,1.0081491249984724,-0.15985026335416974
2024-02-10 00:00:00+00:00,2009.5707185407011,0.0,47751.09,2009.5707185407011,0.0,0.0,1.0081491249984724,-0.15985026335416974
2024-02-11 00:00:00+00:00,2009.5707185407011,0.0,48299.99,2009.5707185407011,0.0,0.0,1.0081491249984724,-0.15985026335416974
2024-02-12 00:00:00+00:00,2009.5707185407011,0.0,49917.27,2009.5707185407011,0.0,0.0,1.0081491249984724,-0.15985026335416974
2024-02-13 00:00:00+00:00,2009.5707185407011,0.0,49699.59,2009.5707185407011,0.0,0.0,1.0081491249984724,-0.15985026335416974
2024-02-14 00:00:00+00:00,2009.5707185407011,0.0,51795.17,2009.5707185407011,0.0,0.0,1.0081491249984724,-0.15985026335416974
2024-02-15 00:00:00+00:00,2009.5707185407011,0.0,51880.0,2009.5707185407011,0.0,0.0,1.0081491249984724,-0.15985026335416974
2024-02-16 00:00:00+00:00,2009.5707185407011,0.0,52124.11,2009.5707185407011,0.0,0.0,1.0081491249984724,-0.15985026335416974
2024-02-17 00:00:00+00:00,2009.5707185407011,0.0,51642.64,2009.5707185407011,0.0,0.0,1.0081491249984724,-0.15985026335416974
2024-02-18 00:00:00+00:00,2009.5707185407011,0.0,52137.67,2009.5707185407011,0.0,0.0,1.0081491249984724,-0.15985026335416974
2024-02-19 00:00:00+00:00,2009.5707185407011,0.0,51774.73,2009.5707185407011,0.0,0.0,1.0081491249984724,-0.15985026335416974
2024-02-20 00:00:00+00:00,2009.5707185407011,0.0,52258.82,2009.5707185407011,0.0,0.0,1.0081491249984724,-0.15985026335416974
2024-02-21 00:00:00+00:00,2009.5707185407011,0.0,51849.39,2009.5707185407011,0.0,0.0,1.0081491249984724,-0.15985026335416974
2024-02-22 00:00:00+00:00,2009.5707185407011,0.0,51288.42,2009.5707185407011,0.0,0.0,1.0081491249984724,-0.15985026335416974
2024-02-23 00:00:00+00:00,2009.5707185407011,0.0,50744.15,2009.5707185407011,0.0,0.0,1.0081491249984724,-0.15985026335416974
2024-02-24 00:00:00+00:00,2009.5707185407011,0.0,51568.22,2009.5707185407011,0.0,0.0,1.0081491249984724,-0.15985026335416974
2024-02-25 00:00:00+00:00,2009.5707185407011,0.0,51728.85,2009.5707185407011,0.0,0.0,1.0081491249984724,-0.15985026335416974
2024-02-26 00:00:00+00:00,2009.5707185407011,0.0,54476.47,2009.5707185407011,0.0,0.0,1.0081491249984724,-0.15985026335416974
2024-02-27 00:00:00+00:00,2069.570718540701,0.0,57037.34,2069.570718540701,60.0,-1.1102230246251565e-16,1.0081491249984722,-0.15985026335416985
2024-02-28 00:00:00+00:00,2069.570718540701,0.0,62432.1,2069.570718540701,0.0,0.0,1.0081491249984722,-0.15985026335416985
2024-02-29 00:00:00+00:00,2069.570718540701,0.0,61130.98,2069.570718540701,0.0,0.0,1.0081491249984722,-0.15985026335416985
2024-03-01 00:00:00+00:00,2069.570718540701,0.0,62387.9,2069.570718540701,0.0,0.0,1.0081491249984722,-0.15985026335416985
2024-03-02 00:00:00+00:00,2069.570718540701,0.0,61987.28,2069.570718540701,0.0,0.0,1.0081491249984722,-0.15985026335416985
2024-03-03 00:00:00+00:00,2069.570718540701,0.0,63113.97,2069.570718540701,0.0,0.0,1.0081491249984722,-0.15985026335416985
2024-03-04 00:00:00+00:00,2069.570718540701,0.0,68245.71,2069.570718540701,0.0,0.0,1.0081491249984722,-0.15985026335416985
2024-03-05 00:00:00+00:00,2069.570718540701,0.0,63724.01,2069.570718540701,0.0,0.0,1.0081491249984722,-0.15985026335416985
2024-03-06 00:00:00+00:00,2069.570718540701,0.0,66074.04,2069.570718540701,0.0,0.0,1.0081491249984722,-0.15985026335416985
2024-03-07 00:00:00+00:00,2069.570718540701,0.0,66823.17,2069.570718540701,0.0,0.0,1.0081491249984722,-0.15985026335416985
2024-03-08 00:00:00+00:00,2069.570718540701,0.0,68124.19,2069.570718540701,0.0,0.0,1.0081491249984722,-0.15985026335416985
2024-03-09 00:00:00+00:00,2069.570718540701,0.0,68313.27,2069.570718540701,0.0,0.0,1.0081491249984722,-0.15985026335416985
2024-03-10 00:00:00+00:00,2069.570718540701,0.0,68955.88,2069.570718540701,0.0,0.0,1.0081491249984722,-0.15985026335416985
2024-03-11 00:00:00+00:00,2069.570718540701,0.0,72078.1,2069.570718540701,0.0,0.0,1.0081491249984722,-0.15985026335416985
2024-03-12 00:00:00+00:00,2069.570718540701,0.0,71452.01,2069.570718540701,0.0,0.0,1.0081491249984722,-0.15985026335416985
2024-03-13 00:00:00+00:00,2069.570718540701,0.0,73072.41,2069.570718540701,0.0,0.0,1.0081491249984722,-0.15985026335416985
2024-03-14 00:00:00+00:00,2069.570718540701,0.0,71388.94,2069.570718540701,0.0,0.0,1.0081491249984722,-0.15985026335416985
2024-03-15 00:00:00+00:00,2069.570718540701,0.0,69499.85,2069.570718540701,0.0,0.0,1.0081491249984722,-0.15985026335416985
2024-03-16 00:00:00+00:00,2069.570718540701,0.0,65300.63,2069.570718540701,0.0,0.0,1.0081491249984722,-0.15985026335416985
2024-03-17 00:00:00+00:00,2069.570718540701,0.0,68393.48,2069.570718540701,0.0,0.0,1.0081491249984722,-0.15985026335416985
2024-03-18 00:00:00+00:00,2069.570718540701,0.0,67609.99,2069.570718540701,0.0,0.0,1.0081491249984722,-0.15985026335416985
2024-03-19 00:00:00+00:00,2069.570718540701,0.0,61937.4,2069.570718540701,0.0,0.0,1.0081491249984722,-0.15985026335416985
2024-03-20 00:00:00+00:00,2069.570718540701,0.0,67840.51,2069.570718540701,0.0,0.0,1.0081491249984722,-0.15985026335416985
2024-03-21 00:00:00+00:00,2069.570718540701,0.0,65501.27,2069.570718540701,0.0,0.0,1.0081491249984722,-0.15985026335416985
2024-03-22 00:00:00+00:00,2069.570718540701,0.0,63796.64,2069.570718540701,0.0,0.0,1.0081491249984722,-0.15985026335416985
2024-03-23 00:00:00+00:00,2069.570718540701,0.0,63990.01,2069.570718540701,0.0,0.0,1.0081491249984722,-0.15985026335416985
2024-03-24 00:00:00+00:00,2069.570718540701,0.0,67209.99,2069.570718540701,0.0,0.0,1.0081491249984722,-0.15985026335416985
2024-03-25 00:00:00+00:00,2069.570718540701,0.0,69880.01,2069.570718540701,0.0,0.0,1.0081491249984722,-0.15985026335416985
2024-03-26 00:00:00+00:00,2069.570718540701,0.0,69988.0,2069.570718540701,0.0,0.0,1.0081491249984722,-0.15985026335416985
2024-03-27 00:00:00+00:00,2129.570718540701,0.0,69469.99,2129.570718540701,60.0,0.0,1.0081491249984722,-0.15985026335416985
2024-03-28 00:00:00+00:00,2129.570718540701,0.0,70780.6,2129.570718540701,0.0,0.0,1.0081491249984722,-0.15985026335416985
2024-03-29 00:00:00+00:00,2129.570718540701,0.0,69850.54,2129.570718540701,0.0,0.0,1.0081491249984722,-0.15985026335416985
2024-03-30 00:00:00+00:00,2129.570718540701,0.0,69582.18,2129.570718540701,0.0,0.0,1.0081491249984722,-0.15985026335416985
2024-03-31 00:00:00+00:00,2129.570718540701,0.0,71280.01,2129.570718540701,0.0,0.0,1.0081491249984722,-0.15985026335416985
2024-04-01 00:00:00+00:00,2129.570718540701,0.0,69649.8,2129.570718540701,0.0,0.0,1.0081491249984722,-0.15985026335416985
2024-04-02 00:00:00+00:00,2129.570718540701,0.0,65463.99,2129.570718540701,0.0,0.0,1.0081491249984722,-0.15985026335416985
2024-04-03 00:00:00+00:00,2129.570718540701,0.0,65963.28,2129.570718540701,0.0,0.0,1.0081491249984722,-0.15985026335416985
2024-04-04 00:00:00+00:00,2129.570718540701,0.0,68487.79,2129.570718540701,0.0,0.0,1.0081491249984722,-0.15985026335416985
2024-04-05 00:00:00+00:00,2129.570718540701,0.0,67820.62,2129.570718540701,0.0,0.0,1.0081491249984722,-0.15985026335416985
2024-04-06 00:00:00+00:00,2129.570718540701,0.0,68896.0,2129.570718540701,0.0,0.0,1.0081491249984722,-0.15985026335416985
2024-04-07 00:00:00+00:00,2129.570718540701,0.0,69360.39,2129.570718540701,0.0,0.0,1.0081491249984722,-0.15985026335416985
2024-04-08 00:00:00+00:00,2129.570718540701,0.0,71620.0,2129.570718540701,0.0,0.0,1.0081491249984722,-0.15985026335416985
2024-04-09 00:00:00+00:00,2129.570718540701,0.0,69146.0,2129.570718540701,0.0,0.0,1.0081491249984722,-0.15985026335416985
2024-04-10 00:00:00+00:00,2129.570718540701,0.0,70631.08,2129.570718540701,0.0,0.0,1.0081491249984722,-0.15985026335416985
2024-04-11 00:00:00+00:00,2129.570718540701,0.0,70006.23,2129.570718540701,0.0,0.0,1.0081491249984722,-0.15985026335416985
2024-04-12 00:00:00+00:00,2129.570718540701,0.0,67116.52,2129.570718540701,0.0,0.0,1.0081491249984722,-0.15985026335416985
2024-04-13 00:00:00+00:00,2129.570718540701,0.0,63924.51,2129.570718540701,0.0,0.0,1.0081491249984722,-0.15985026335416985
2024-04-14 00:00:00+00:00,2129.570718540701,0.0,65661.84,2129.570718540701,0.0,0.0,1.0081491249984722,-0.15985026335416985
2024-04-15 00:00:00+00:00,2129.570718540701,0.0,63419.99,2129.570718540701,0.0,0.0,1.0081491249984722,-0.15985026335416985
2024-04-16 00:00:00+00:00,2129.570718540701,0.0,63793.39,2129.570718540701,0.0,0.0,1.0081491249984722,-0.15985026335416985
2024-04-17 00:00:00+00:00,2129.570718540701,0.0,61277.37,2129.570718540701,0.0,0.0,1.0081491249984722,-0.15985026335416985
2024-04-18 00:00:00+00:00,2129.570718540701,0.0,63470.08,2129.570718540701,0.0,0.0,1.0081491249984722,-0.15985026335416985
2024-04-19 00:00:00+00:00,2129.570718540701,0.0,63818.01,2129.570718540701,0.0,0.0,1.0081491249984722,-0.15985026335416985
2024-04-20 00:00:00+00:00,2129.570718540701,0.0,64940.59,2129.570718540701,0.0,0.0,1.0081491249984722,-0.15985026335416985
2024-04-21 00:00:00+00:00,2129.570718540701,0.0,64941.15,2129.570718540701,0.0,0.0,1.0081491249984722,-0.15985026335416985
2024-04-22 00:00:00+00:00,2129.570718540701,0.0,66819.32,2129.570718540701,0.0,0.0,1.0081491249984722,-0.15985026335416985
2024-04-23 00:00:00+00:00,2129.570718540701,0.0,66414.0,2129.570718540701,0.0,0.0,1.0081491249984722,-0.15985026335416985
2024-04-24 00:00:00+00:00,2129.570718540701,0.0,64289.59,2129.570718540701,0.0,0.0,1.0081491249984722,-0.15985026335416985
2024-04-25 00:00:00+00:00,2129.570718540701,0.0,64498.34,2129.570718540701,0.0,0.0,1.0081491249984722,-0.15985026335416985
2024-04-26 00:00:00+00:00,2129.570718540701,0.0,63770.01,2129.570718540701,0.0,0.0,1.0081491249984722,-0.15985026335416985
2024-04-27 00:00:00+00:00,2189.570718540701,0.0,63461.98,2189.570718540701,60.0,0.0,1.0081491249984722,-0.15985026335416985
2024-04-28 00:00:00+00:00,2189.570718540701,0.0,63118.62,2189.570718540701,0.0,0.0,1.0081491249984722,-0.15985026335416985
2024-04-29 00:00:00+00:00,2189.570718540701,0.0,63866.0,2189.570718540701,0.0,0.0,1.0081491249984722,-0.15985026335416985
2024-04-30 00:00:00+00:00,2189.570718540701,0.0,60672.0,2189.570718540701,0.0,0.0,1.0081491249984722,-0.15985026335416985
2024-05-01 00:00:00+00:00,2189.570718540701,0.0,58364.97,2189.570718540701,0.0,0.0,1.0081491249984722,-0.15985026335416985
2024-05-02 00:00:00+00:00,2189.570718540701,0.0,59060.61,2189.570718540701,0.0,0.0,1.0081491249984722,-0.15985026335416985
2024-05-03 00:00:00+00:00,2189.570718540701,0.0,62882.01,2189.570718540701,0.0,0.0,1.0081491249984722,-0.15985026335416985
2024-05-04 00:00:00+00:00,2189.570718540701,0.0,63892.04,2189.570718540701,0.0,0.0,1.0081491249984722,-0.15985026335416985
2024-05-05 00:00:00+00:00,2189.570718540701,0.0,64012.0,2189.570718540701,0.0,0.0,1.0081491249984722,-0.15985026335416985
2024-05-06 00:00:00+00:00,2189.570718540701,0.0,63165.19,2189.570718540701,0.0,0.0,1.0081491249984722,-0.15985026335416985
2024-05-07 00:00:00+00:00,2189.570718540701,0.0,62312.08,2189.570718540701,0.0,0.0,1.0081491249984722,-0.15985026335416985
2024-05-08 00:00:00+00:00,2189.570718540701,0.0,61193.03,2189.570718540701,0.0,0.0,1.0081491249984722,-0.15985026335416985
2024-05-09 00:00:00+00:00,2189.570718540701,0.0,63074.01,2189.570718540701,0.0,0.0,1.0081491249984722,-0.15985026335416985
2024-05-10 00:00:00+00:00,2189.570718540701,0.0,60799.99,2189.570718540701,0.0,0.0,1.0081491249984722,-0.15985026335416985
2024-05-11 00:00:00+00:00,2189.570718540701,0.0,60825.99,2189.570718540701,0.0,0.0,1.0081491249984722,-0.15985026335416985
2024-05-12 00:00:00+00:00,2189.570718540701,0.0,61483.99,2189.570718540701,0.0,0.0,1.0081491249984722,-0.15985026335416985
2024-05-13 00:00:00+00:00,2189.570718540701,0.0,62940.08,2189.570718540701,0.0,0.0,1.0081491249984722,-0.15985026335416985
2024-05-14 00:00:00+00:00,2189.570718540701,0.0,61577.49,2189.570718540701,0.0,0.0,1.0081491249984722,-0.15985026335416985
2024-05-15 00:00:00+00:00,2189.570718540701,0.0,66206.5,2189.570718540701,0.0,0.0,1.0081491249984722,-0.15985026335416985
2024-05-16 00:00:00+00:00,2189.570718540701,0.0,65235.21,2189.570718540701,0.0,0.0,1.0081491249984722,-0.15985026335416985
2024-05-17 00:00:00+00:00,2189.570718540701,0.0,67024.0,2189.570718540701,0.0,0.0,1.0081491249984722,-0.15985026335416985
2024-05-18 00:00:00+00:00,2189.570718540701,0.0,66915.2,2189.570718540701,0.0,0.0,1.0081491249984722,-0.15985026335416985
2024-05-19 00:00:00+00:00,2189.570718540701,0.0,66274.01,2189.570718540701,0.0,0.0,1.0081491249984722,-0.15985026335416985
2024-05-20 00:00:00+00:00,2189.570718540701,0.0,71446.62,2189.570718540701,0.0,0.0,1.0081491249984722,-0.15985026335416985
2024-05-21 00:00:00+00:00,2189.570718540701,0.0,70148.34,2189.570718540701,0.0,0.0,1.0081491249984722,-0.15985026335416985
2024-05-22 00:00:00+00:00,2189.570718540701,0.0,69166.62,2189.570718540701,0.0,0.0,1.0081491249984722,-0.15985026335416985
2024-05-23 00:00:00+00:00,2189.570718540701,0.0,67969.65,2189.570718540701,0.0,0.0,1.0081491249984722,-0.15985026335416985
2024-05-24 00:00:00+00:00,2189.570718540701,0.0,68549.99,2189.570718540701,0.0,0.0,1.0081491249984722,-0.15985026335416985
2024-05-25 00:00:00+00:00,2189.570718540701,0.0,69290.57,2189.570718540701,0.0,0.0,1.0081491249984722,-0.15985026335416985
2024-05-26 00:00:00+00:00,2189.570718540701,0.0,68507.67,2189.570718540701,0.0,0.0,1.0081491249984722,-0.15985026335416985
2024-05-27 00:00:00+00:00,2249.570718540701,0.0,69436.43,2249.570718540701,60.0,0.0,1.0081491249984722,-0.15985026335416985
2024-05-28 00:00:00+00:00,2249.570718540701,0.0,68398.39,2249.570718540701,0.0,0.0,1.0081491249984722,-0.15985026335416985
2024-05-29 00:00:00+00:00,2249.570718540701,0.0,67652.42,2249.570718540701,0.0,0.0,1.0081491249984722,-0.15985026335416985
2024-05-30 00:00:00+00:00,2249.570718540701,0.0,68352.17,2249.570718540701,0.0,0.0,1.0081491249984722,-0.15985026335416985
2024-05-31 00:00:00+00:00,2249.570718540701,0.0,67540.01,2249.570718540701,0.0,0.0,1.0081491249984722,-0.15985026335416985
2024-06-01 00:00:00+00:00,2249.570718540701,0.0,67766.85,2249.570718540701,0.0,0.0,1.0081491249984722,-0.15985026335416985
2024-06-02 00:00:00+00:00,2249.570718540701,0.0,67765.63,2249.570718540701,0.0,0.0,1.0081491249984722,-0.15985026335416985
2024-06-03 00:00:00+00:00,2249.570718540701,0.0,68809.9,2249.570718540701,0.0,0.0,1.0081491249984722,-0.15985026335416985
2024-06-04 00:00:00+00:00,2249.570718540701,0.0,70537.84,2249.570718540701,0.0,0.0,1.0081491249984722,-0.15985026335416985
2024-06-05 00:00:00+00:00,2249.570718540701,0.0,71108.0,2249.570718540701,0.0,0.0,1.0081491249984722,-0.15985026335416985
2024-06-06 00:00:00+00:00,2249.570718540701,0.0,70799.06,2249.570718540701,0.0,0.0,1.0081491249984722,-0.15985026335416985
2024-06-07 00:00:00+00:00,2249.570718540701,0.0,69355.6,2249.570718540701,0.0,0.0,1.0081491249984722,-0.15985026335416985
2024-06-08 00:00:00+00:00,2249.570718540701,0.0,69310.46,2249.570718540701,0.0,0.0,1.0081491249984722,-0.15985026335416985
2024-06-09 00:00:00+00:00,2249.570718540701,0.0,69648.14,2249.570718540701,0.0,0.0,1.0081491249984722,-0.15985026335416985
2024-06-10 00:00:00+00:00,2249.570718540701,0.0,69540.0,2249.570718540701,0.0,0.0,1.0081491249984722,-0.15985026335416985
2024-06-11 00:00:00+00:00,2249.570718540701,0.0,67314.24,2249.570718540701,0.0,0.0,1.0081491249984722,-0.15985026335416985
2024-06-12 00:00:00+00:00,2249.570718540701,0.0,68263.99,2249.570718540701,0.0,0.0,1.0081491249984722,-0.15985026335416985
2024-06-13 00:00:00+00:00,2249.570718540701,0.0,66773.01,2249.570718540701,0.0,0.0,1.0081491249984722,-0.15985026335416985
2024-06-14 00:00:00+00:00,2249.570718540701,0.0,66043.99,2249.570718540701,0.0,0.0,1.0081491249984722,-0.15985026335416985
2024-06-15 00:00:00+00:00,2249.570718540701,0.0,66228.25,2249.570718540701,0.0,0.0,1.0081491249984722,-0.15985026335416985
2024-06-16 00:00:00+00:00,2249.570718540701,0.0,66676.87,2249.570718540701,0.0,0.0,1.0081491249984722,-0.15985026335416985
2024-06-17 00:00:00+00:00,2249.570718540701,0.0,66504.33,2249.570718540701,0.0,0.0,1.0081491249984722,-0.15985026335416985
2024-06-18 00:00:00+00:00,2249.570718540701,0.0,65175.32,2249.570718540701,0.0,0.0,1.0081491249984722,-0.15985026335416985
2024-06-19 00:00:00+00:00,2249.570718540701,0.0,64974.37,2249.570718540701,0.0,0.0,1.0081491249984722,-0.15985026335416985
2024-06-20 00:00:00+00:00,2249.570718540701,0.0,64869.99,2249.570718540701,0.0,0.0,1.0081491249984722,-0.15985026335416985
2024-06-21 00:00:00+00:00,2249.570718540701,0.0,64143.56,2249.570718540701,0.0,0.0,1.0081491249984722,-0.15985026335416985
2024-06-22 00:00:00+00:00,2249.570718540701,0.0,64262.01,2249.570718540701,0.0,0.0,1.0081491249984722,-0.15985026335416985
2024-06-23 00:00:00+00:00,2249.570718540701,0.0,63210.01,2249.570718540701,0.0,0.0,1.0081491249984722,-0.15985026335416985
2024-06-24 00:00:00+00:00,2249.570718540701,0.0,60293.3,2249.570718540701,0.0,0.0,1.0081491249984722,-0.15985026335416985
2024-06-25 00:00:00+00:00,-4.547473508864641e-13,0.03725455888130284,61806.01,2302.555638763392,0.0,0.02355334721686919,1.031894411385944,-0.14006192489278946
2024-06-26 00:00:00+00:00,-4.547473508864641e-13,0.03725455888130284,60864.99,2267.498353764908,0.0,-0.015225380185519222,1.0161834266612806,-0.15315480902230028
2024-06-27 00:00:00+00:00,-7.105427357601002e-15,0.03823887046552772,61706.47,2359.5857132149727,60.0,0.01415099569831546,1.0305634339606637,-0.14117110636763575
2024-06-28 00:00:00+00:00,-7.105427357601002e-15,0.03823887046552772,60427.84,2310.6923462716345,0.0,-0.020721165868020197,1.0092089581080483,-0.15896704232484027
2024-06-29 00:00:00+00:00,-7.105427357601002e-15,0.03823887046552772,60986.68,2332.0617566425904,0.0,0.009248055201046546,1.0185421782620223,-0.1511891231063609
2024-06-30 00:00:00+00:00,-7.105427357601002e-15,0.03823887046552772,62772.01,2400.330759250811,0.0,0.029274097229099905,1.048359081020404,-0.12634095096705888
2024-07-01 00:00:00+00:00,-7.105427357601002e-15,0.03823887046552772,62899.99,2405.224569892989,0.0,0.002038806786655467,1.0504964826296403,-0.12455972896866752
2024-07-02 00:00:00+00:00,-7.105427357601002e-15,0.03823887046552772,62135.47,2375.9901886446837,0.0,-0.012154532933948081,1.0377281885345218,-0.1352002965746223
2024-07-03 00:00:00+00:00,-7.105427357601002e-15,0.03823887046552772,60208.58,2302.308091533363,0.0,-0.031011111688702075,1.0055470837773632,-0.16201869676590308
2024-07-04 00:00:00+00:00,-7.105427357601002e-15,0.03823887046552772,57050.01,2181.5279424470614,0.0,-0.05246046327616416,0.9527956179164069,-0.2059795841503277
2024-07-05 00:00:00+00:00,-7.105427357601002e-15,0.03823887046552772,56628.79,2165.4209654295714,0.0,-0.00738334664621465,0.9457607975863358,-0.21184211212471726
2024-07-06 00:00:00+00:00,-7.105427357601002e-15,0.03823887046552772,58230.13,2226.6543982608396,0.0,0.02827784241902398,0.9725048723865727,-0.1895547075700692
2024-07-07 00:00:00+00:00,-7.105427357601002e-15,0.03823887046552772,55857.81,2135.939561078059,0.0,-0.040740420809639244,0.9328846146461192,-0.2225725898268558
2024-07-08 00:00:00+00:00,-7.105427357601002e-15,0.03823887046552772,56714.62,2168.703007681628,0.0,0.015339126256471713,0.947194249532896,-0.210647532626968
2024-07-09 00:00:00+00:00,-7.105427357601002e-15,0.03823887046552772,58050.0,2219.766430523884,0.0,0.02354560429039254,0.9694965105185329,-0.19206175178455764
2024-07-10 00:00:00+00:00,-7.105427357601002e-15,0.03823887046552772,57725.85,2207.3713006624835,0.0,-0.005583979328165234,0.9640828620450691,-0.19657326226102667
2024-07-11 00:00:00+00:00,-7.105427357601002e-15,0.03823887046552772,57339.89,2192.6126262176085,0.0,-0.0066860860429078794,0.9576369210769429,-0.20194504255872225
2024-07-12 00:00:00+00:00,-7.105427357601002e-15,0.03823887046552772,57889.1,2213.613796265981,0.0,0.009578148824491928,0.9668093100268461,-0.1943011534062261
2024-07-13 00:00:00+00:00,-7.105427357601002e-15,0.03823887046552772,59204.02,2263.8948518185125,0.0,0.02271446610847283,0.9887698673328069,-0.1760001342616362
2024-07-14 00:00:00+00:00,-7.105427357601002e-15,0.03823887046552772,60797.91,2324.8434050648125,0.0,0.026921989418961845,1.015389519238929,-0.15381641859500195
2024-07-15 00:00:00+00:00,-7.105427357601002e-15,0.03823887046552772,64724.14,2474.9780054526814,0.0,0.06457837119729937,1.080961720522188,-0.0991712611739698
2024-07-16 00:00:00+00:00,-7.105427357601002e-15,0.03823887046552772,65043.99,2487.2087081710806,0.0,0.0049417419837483045,1.0863035544393174,-0.09471959797514606
2024-07-17 00:00:00+00:00,-7.105427357601002e-15,0.03823887046552772,64087.99,2450.652348006036,0.0,-0.014697745325894185,1.0703373414495547,-0.1080251787726304
2024-07-18 00:00:00+00:00,-7.105427357601002e-15,0.03823887046552772,63987.92,2446.8257842385506,0.0,-0.001561447004345129,1.0686660664141097,-0.10941795018518707
2024-07-19 00:00:00+00:00,-7.105427357601002e-15,0.03823887046552772,66660.0,2549.003105232078,0.0,0.041759132036171875,1.113292633784073,-0.07222801677792567
2024-07-20 00:00:00+00:00,-7.105427357601002e-15,0.03823887046552772,67139.96,2567.3562335007127,0.0,0.007200120012001321,1.1213084743557953,-0.06554794715495427
2024-07-21 00:00:00+00:00,-7.105427357601002e-15,0.03823887046552772,68165.34,2606.565606498655,0.0,0.015272276003738927,1.1384334068614883,-0.05127673749164441
2024-07-22 00:00:00+00:00,-7.105427357601002e-15,0.03823887046552772,67532.01,2582.3477826667227,0.0,-0.009291085469536164,1.127856124776963,-0.06009140641054678
2024-07-23 00:00:00+00:00,-7.105427357601002e-15,0.03823887046552772,65936.01,2521.3185454037402,0.0,-0.023633237038257926,1.101201233635058,-0.08230448899714182
2024-07-24 00:00:00+00:00,-7.105427357601002e-15,0.03823887046552772,65376.0,2499.90439555434,0.0,-0.008493234576978481,1.0918484732413374,-0.09009869224232936
2024-07-25 00:00:00+00:00,-7.105427357601002e-15,0.03823887046552772,65799.95,2516.1157646882007,0.0,0.006484795643661334,1.0989288874641512,-0.08419816820562054
2024-07-26 00:00:00+00:00,-7.105427357601002e-15,0.03823887046552772,67907.99,2596.724833184352,0.0,0.0320371064111753,1.1341353891701547,-0.05485852746887476
2024-07-27 00:00:00+00:00,7.105427357601002e-15,0.03912109501768087,67896.5,2656.1854278679693,60.0,-0.00020772525047296764,1.133899800612369,-0.05505485721798864
2024-07-28 00:00:00+00:00,7.105427357601002e-15,0.03912109501768087,68249.88,2670.0100404253176,0.0,0.005204686544961978,1.1398013936479514,-0.05013671394762387
2024-07-29 00:00:00+00:00,7.105427357601002e-15,0.03912109501768087,66784.69,2612.6902032163616,0.0,-0.02146802309396001,1.1153321110065895,-0.07052840090870094
2024-07-30 00:00:00+00:00,7.105427357601002e-15,0.03912109501768087,66188.0,2589.3470370302616,0.0,-0.008934532749946156,1.1053671397337346,-0.07883279535092691
2024-07-31 00:00:00+00:00,7.105427357601002e-15,0.03912109501768087,64628.0,2528.3181288026794,0.0,-0.023569227050220576,1.0793144906434973,-0.1005439943485179
2024-08-01 00:00:00+00:00,7.105427357601002e-15,0.03912109501768087,65354.02,2556.720826207416,0.0,0.011233830537847211,1.0914393267284292,-0.09043965800478027
2024-08-02 00:00:00+00:00,7.105427357601002e-15,0.03912109501768087,61498.33,2405.8820113586944,0.0,-0.05899698289408961,1.0270476994394955,-0.14410097394261445
2024-08-03 00:00:00+00:00,7.105427357601002e-15,0.03912109501768087,60697.99,2374.571834172243,0.0,-0.013014011925202129,1.0136816884312385,-0.15523965407449414
2024-08-04 00:00:00+00:00,7.105427357601002e-15,0.03912109501768087,58161.0,2275.3220073233374,0.0,-0.04179693594466616,0.971312899831597,-0.19054804814173654
2024-08-05 00:00:00+00:00,7.105427357601002e-15,0.03912109501768087,54018.81,2113.2749987520497,0.0,-0.07121937380719046,0.9021366033347443,-0.2481967092800902
2024-08-06 00:00:00+00:00,7.105427357601002e-15,0.03912109501768087,56022.01,2191.6423762914683,0.0,0.03708337891930613,0.9355908768331824,-0.22031730297754248
2024-08-07 00:00:00+00:00,7.105427357601002e-15,0.03912109501768087,55134.16,2156.90871208002,0.0,-0.01584823536320823,0.9207634124134598,-0.23267389786857529
2024-08-08 00:00:00+00:00,7.105427357601002e-15,0.03912109501768087,61685.99,2413.223476049712,0.0,0.11883431252058618,1.0301816995217223,-0.14148922804268627
2024-08-09 00:00:00+00:00,7.105427357601002e-15,0.03912109501768087,60837.99,2380.0487874747187,0.0,-0.013747043696631933,1.0160197466829266,-0.15329121313881278
2024-08-10 00:00:00+00:00,7.105427357601002e-15,0.03912109501768087,60923.51,2383.394423520631,0.0,0.0014057006156844576,1.0174479662663864,-0.15210099407581645
2024-08-11 00:00:00+00:00,7.105427357601002e-15,0.03912109501768087,58712.59,2296.9008121241395,0.0,-0.03629009556409357,0.9805246823390866,-0.18287133002950506
2024-08-12 00:00:00+00:00,7.105427357601002e-15,0.03912109501768087,59346.64,2321.7055424201003,0.0,0.010799216999284322,0.9911135811568208,-0.17404698020615705
2024-08-13 00:00:00+00:00,7.105427357601002e-15,0.03912109501768087,60587.15,2370.2356520004837,0.0,0.02090278404977952,1.0118306143125455,-0.1567822625981431
2024-08-14 00:00:00+00:00,7.105427357601002e-15,0.03912109501768087,58683.39,2295.7584761496237,0.0,-0.031421844400999155,0.9800370301894493,-0.18327771913894675
2024-08-15 00:00:00+00:00,7.105427357601002e-15,0.03912109501768087,57541.06,2251.069275678076,0.0,-0.019465985179111356,0.9609596438848012,-0.19917602295363812
2024-08-16 00:00:00+00:00,7.105427357601002e-15,0.03912109501768087,58874.6,2303.238820727954,0.0,0.023175450712934476,0.9832303167487724,-0.18061656634386403
2024-08-17 00:00:00+00:00,7.105427357601002e-15,0.03912109501768087,59491.99,2327.39179358092,0.0,0.010486525598475405,0.9935409866345555,-0.17202408099186217
2024-08-18 00:00:00+00:00,7.105427357601002e-15,0.03912109501768087,58427.35,2285.7419109812963,0.0,-0.017895518371464747,0.9757610556554336,-0.18684113926160273
2024-08-19 00:00:00+00:00,7.105427357601002e-15,0.03912109501768087,59438.5,2325.2992062084245,0.0,0.017306107499313272,0.9926476813782499,-0.172768524603645
2024-08-20 00:00:00+00:00,7.105427357601002e-15,0.03912109501768087,59013.8,2308.6844771544156,0.0,-0.007145200501358473,0.9855550146675937,-0.1786792593563865
2024-08-21 00:00:00+00:00,7.105427357601002e-15,0.03912109501768087,61156.03,2392.490860534142,0.0,0.03630049242719502,1.0213311470141186,-0.1488649120303549
2024-08-22 00:00:00+00:00,7.105427357601002e-15,0.03912109501768087,60375.84,2361.9689734122976,0.0,-0.012757368324922358,1.0083016493899442,-0.15972315584184882
2024-08-23 00:00:00+00:00,7.105427357601002e-15,0.03912109501768087,64037.24,2505.206950710034,0.0,0.06064346268308629,1.0694485528380175,-0.10876585839968256
2024-08-24 00:00:00+00:00,7.105427357601002e-15,0.03912109501768087,64157.01,2509.892484260302,0.0,0.0018703179587378216,1.0714487616723367,-0.10709896717920708
2024-08-25 00:00:00+00:00,7.105427357601002e-15,0.03912109501768087,64220.0,2512.3567220354657,0.0,0.0009818100937060148,1.0725007208814354,-0.10622230793250309
2024-08-26 00:00:00+00:00,7.105427357601002e-15,0.03912109501768087,62834.0,2458.13488434096,0.0,-0.021582061663033336,1.0493539441897246,-0.12551187319574741
2024-08-27 00:00:00+00:00,0.0,0.04007456137168692,59415.0,2381.0300638987783,60.0,-0.05577595489799181,0.9908252259265687,-0.17428728351521072
2024-08-28 00:00:00+00:00,0.0,0.04007456137168692,59034.9,2365.7977231214,0.0,-0.006397374400403999,0.9844865459909516,-0.17956967690973857
2024-08-29 00:00:00+00:00,0.0,0.04007456137168692,59359.01,2378.7862892075777,0.0,0.0054901422717750226,0.9898915171930903,-0.17506539771189467
2024-08-30 00:00:00+00:00,0.0,0.04007456137168692,59123.99,2369.367965794004,0.0,-0.003959297838693754,0.9859722418485264,-0.17833155949979773
2024-08-31 00:00:00+00:00,0.0,0.04007456137168692,58973.99,2363.3567815882507,0.0,-0.0025370412247212037,0.9834707896245259,-0.1804161662063991
2024-09-01 00:00:00+00:00,0.0,0.04007456137168692,57301.86,2296.346905281812,0.0,-0.028353686091105557,0.9555857675757404,-0.20365438895512766
2024-09-02 00:00:00+00:00,0.0,0.04007456137168692,59132.13,2369.694172723569,0.0,0.03194084799341579,0.9861079873225487,-0.17821843484251965
2024-09-03 00:00:00+00:00,0.0,0.04007456137168692,57487.73,2303.7955640039672,0.0,-0.0278089086254798,0.9586854004082401,-0.20107128329808777
2024-09-04 00:00:00+00:00,0.0,0.04007456137168692,57970.9,2323.158389821925,0.0,0.008404750022309004,0.9667429115487086,-0.19435648714856402
2024-09-05 00:00:00+00:00,0.0,0.04007456137168692,56180.0,2251.388857861371,0.0,-0.030893086013844884,0.9368772396289595,-0.2192453014875796
2024-09-06 00:00:00+00:00,0.0,0.04007456137168692,53962.97,2162.5423530635003,0.0,-0.03946297614809524,0.8999052754677885,-0.25005620553248853
2024-09-07 00:00:00+00:00,0.0,0.04007456137168692,54160.86,2170.472708013343,0.0,0.003667144339905448,0.9032053580051713,-0.2473060533913598
2024-09-08 00:00:00+00:00,0.0,0.04007456137168692,54869.95,2198.8891787363928,0.0,0.01309229580180249,0.915030389721948,-0.2374515615941334
2024-09-09 00:00:00+00:00,0.0,0.04007456137168692,57042.0,2285.933129763765,0.0,0.03958541970605034,0.9512522517428821,-0.20726576161364385
2024-09-10 00:00:00+00:00,0.0,0.04007456137168692,57635.99,2309.7370184729334,0.0,0.010413204305599333,0.9611578357864421,-0.19901085802928298
2024-09-11 00:00:00+00:00,0.0,0.04007456137168692,57338.0,2297.7951999297848,0.0,-0.005170207018218909,0.9561884507982429,-0.2031521377126172
2024-09-12 00:00:00+00:00,0.0,0.04007456137168692,58132.32,2329.627225518543,0.0,0.013853291011196811,0.9694348076686964,-0.19211317238470005
2024-09-13 00:00:00+00:00,0.0,0.04007456137168692,60498.0,2424.430813864315,0.0,0.04069474605520629,1.0088857109838518,-0.15923642309354913
2024-09-14 00:00:00+00:00,0.0,0.04007456137168692,59993.03,2404.1943626084544,0.0,-0.008346887500413236,1.0004646554534953,-0.1662541820844322
2024-09-15 00:00:00+00:00,0.0,0.04007456137168692,59132.0,2369.688963030591,0.0,-0.014352167243428027,0.9861058193972881,-0.17822024150166504
2024-09-16 00:00:00+00:00,0.0,0.04007456137168692,58213.99,2332.9001149457686,0.0,-0.01552475816816612,0.970796765022924,-0.1909781735198457
2024-09-17 00:00:00+00:00,0.0,0.04007456137168692,60313.99,2417.056693826311,0.0,0.03607380287796791,1.00581709615893,-0.16179367962742697
2024-09-18 00:00:00+00:00,0.0,0.04007456137168692,61759.99,2475.00450956977,0.0,0.023974537250810224,1.0299310955982939,-0.14169807097579024
2024-09-19 00:00:00+00:00,0.0,0.04007456137168692,62947.99,2522.6130884793342,0.0,0.019235754409934414,1.0497425972123773,-0.12518798585950763
2024-09-20 00:00:00+00:00,0.0,0.04007456137168692,63201.05,2532.7543569800537,0.0,0.004020144249244684,1.0539627138777479,-0.12167111537169051
2024-09-21 00:00:00+00:00,0.0,0.04007456137168692,63348.96,2538.68178535254,0.0,0.0023403092195461994,1.056429312534094,-0.11961555418520109
2024-09-22 00:00:00+00:00,0.0,0.04007456137168692,63578.76,2547.8909195557535,0.0,0.003627526008319615,1.0602615373412627,-0.11642193671068779
2024-09-23 00:00:00+00:00,0.0,0.04007456137168692,63339.99,2538.3223165370355,0.0,-0.0037554994781276996,1.0562797256910987,-0.11974021366625587
2024-09-24 00:00:00+00:00,0.0,0.04007456137168692,64262.7,2575.2995150603047,0.0,0.014567574134444872,1.071667158901815,-0.10691696397126838
2024-09-25 00:00:00+00:00,0.0,0.04007456137168692,63152.01,2530.7891004903863,0.0,-0.017283587524333455,1.0531449057639817,-0.12235264279096847
2024-09-26 00:00:00+00:00,0.0,0.04007456137168692,65173.99,2611.8190620927094,0.0,0.03201766657941674,1.0868641482165442,-0.09425242233354325
2024-09-27 00:00:00+00:00,0.0,0.040993794717498894,65769.95,2696.159828880166,60.0,0.009319469001789704,1.0969931449550048,-0.08581133586003475
2024-09-28 00:00:00+00:00,0.0,0.040993794717498894,65858.0,2699.7693325050423,0.0,0.0013387572896135236,1.0984617525244693,-0.0845874591218353
2024-09-29 00:00:00+00:00,0.0,0.040993794717498894,65602.01,2689.2753309953096,0.0,-0.0038869993015275828,1.094192032459652,-0.0881456670288383
2024-09-30 00:00:00+00:00,0.0,0.040993794717498894,63327.59,2596.0382244139355,0.0,-0.03466997428889762,1.0562564228271591,-0.11975963330816841
2024-10-01 00:00:00+00:00,0.0,0.040993794717498894,60805.78,2492.6596629573996,0.0,-0.03982166382772501,1.0141945346414607,-0.15481226927816394
2024-10-02 00:00:00+00:00,0.0,0.040993794717498894,60649.28,2486.2441340841115,0.0,-0.002573768480562011,1.0115842327150422,-0.15698758681965352
2024-10-03 00:00:00+00:00,0.0,0.040993794717498894,60752.71,2490.4841222717423,0.0,0.001705378860227258,1.0133093670808535,-0.15554993127130667
2024-10-04 00:00:00+00:00,0.0,0.040993794717498894,62086.0,2545.140738830636,0.0,0.021946181495442696,1.035547638361842,-0.13701747679914777
2024-10-05 00:00:00+00:00,0.0,0.040993794717498894,62058.0,2543.9929125785466,0.0,-0.0004509873401409292,1.035080619486828,-0.1374066709918742
2024-10-06 00:00:00+00:00,0.0,0.040993794717498894,62819.91,2575.226494711756,0.0,0.012277385671468632,1.0477887034533304,-0.12681628001400547
2024-10-07 00:00:00+00:00,0.0,0.040993794717498894,62224.0,2550.797882501651,0.0,-0.009486005312646872,1.0378493742458408,-0.13509930542070936
2024-10-08 00:00:00+00:00,0.0,0.040993794717498894,62160.49,2548.1943665991425,0.0,-0.001020667266649622,1.0367900753618353,-0.13598208124856892
2024-10-09 00:00:00+00:00,0.0,0.040993794717498894,60636.02,2485.7005563661573,0.0,-0.02452474232426405,1.011363065919232,-0.1571718980694946
2024-10-10 00:00:00+00:00,0.0,0.040993794717498894,60326.39,2473.0076477077782,0.0,-0.005106370767738344,1.006198671123852,-0.16147569085142088
2024-10-11 00:00:00+00:00,0.0,0.040993794717498894,62540.0,2563.751921632381,0.0,0.036693891346722296,1.043120015835287,-0.13070697095993755
2024-10-12 00:00:00+00:00,0.0,0.040993794717498894,63206.22,2591.062807549073,0.0,0.010652702270546932,1.0542320627964283,-0.12144665113571196
2024-10-13 00:00:00+00:00,0.0,0.040993794717498894,62870.02,2577.28069376505,0.0,-0.005319096759781039,1.0486245004471506,-0.1261197614069507
2024-10-14 00:00:00+00:00,0.0,0.040993794717498894,66083.99,2709.03352017325,0.0,0.051120868102157546,1.1022310952232002,-0.08144624499275355
2024-10-15 00:00:00+00:00,0.0,0.040993794717498894,67074.14,2749.6235260127814,0.0,0.014983205463229288,1.1187460501908897,-0.06768336535245911
2024-10-16 00:00:00+00:00,0.0,0.040993794717498894,67620.01,2772.000808735222,0.0,0.00813830784859837,1.1278507499517467,-0.060095885567328144
2024-10-17 00:00:00+00:00,0.0,0.040993794717498894,67421.78,2763.8746088083726,0.0,-0.0029315286998625734,1.1245444231091017,-0.06285124145390641
2024-10-18 00:00:00+00:00,0.0,0.040993794717498894,68428.0,2805.1233849290143,0.0,0.014924257413553965,1.1413274135525586,-0.04886499214657192
2024-10-19 00:00:00+00:00,0.0,0.040993794717498894,68378.0,2803.0736951931394,0.0,-0.000730695037119311,1.1404934512757476,-0.04955998177644072
2024-10-20 00:00:00+00:00,0.0,0.040993794717498894,69031.99,2829.883227000437,0.0,0.00956433355757702,1.151401511063981,-0.04046965641568112
2024-10-21 00:00:00+00:00,2825.640226424794,0.0,67377.5,2825.640226424794,0.0,-0.0014993553568428686,1.1496751510404903,-0.04190833337638744
2024-10-22 00:00:00+00:00,2825.640226424794,0.0,67426.0,2825.640226424794,0.0,0.0,1.1496751510404903,-0.04190833337638744
2024-10-23 00:00:00+00:00,2825.640226424794,0.0,66668.65,2825.640226424794,0.0,0.0,1.1496751510404903,-0.04190833337638744
2024-10-24 00:00:00+00:00,2825.640226424794,0.0,68198.28,2825.640226424794,0.0,0.0,1.1496751510404903,-0.04190833337638744
2024-10-25 00:00:00+00:00,2825.640226424794,0.0,66698.33,2825.640226424794,0.0,0.0,1.1496751510404903,-0.04190833337638744
2024-10-26 00:00:00+00:00,2825.640226424794,0.0,67092.76,2825.640226424794,0.0,0.0,1.1496751510404903,-0.04190833337638744
2024-10-27 00:00:00+00:00,2885.640226424794,0.0,68021.7,2885.640226424794,60.0,0.0,1.1496751510404903,-0.04190833337638744
2024-10-28 00:00:00+00:00,2885.640226424794,0.0,69962.21,2885.640226424794,0.0,0.0,1.1496751510404903,-0.04190833337638744
2024-10-29 00:00:00+00:00,2885.640226424794,0.0,72736.42,2885.640226424794,0.0,0.0,1.1496751510404903,-0.04190833337638744
2024-10-30 00:00:00+00:00,2885.640226424794,0.0,72344.74,2885.640226424794,0.0,0.0,1.1496751510404903,-0.04190833337638744
2024-10-31 00:00:00+00:00,2885.640226424794,0.0,70292.01,2885.640226424794,0.0,0.0,1.1496751510404903,-0.04190833337638744
2024-11-01 00:00:00+00:00,2885.640226424794,0.0,69496.01,2885.640226424794,0.0,0.0,1.1496751510404903,-0.04190833337638744
2024-11-02 00:00:00+00:00,2885.640226424794,0.0,69374.74,2885.640226424794,0.0,0.0,1.1496751510404903,-0.04190833337638744
2024-11-03 00:00:00+00:00,2885.640226424794,0.0,68775.99,2885.640226424794,0.0,0.0,1.1496751510404903,-0.04190833337638744
2024-11-04 00:00:00+00:00,2885.640226424794,0.0,67850.01,2885.640226424794,0.0,0.0,1.1496751510404903,-0.04190833337638744
2024-11-05 00:00:00+00:00,2885.640226424794,0.0,69372.01,2885.640226424794,0.0,0.0,1.1496751510404903,-0.04190833337638744
2024-11-06 00:00:00+00:00,2885.640226424794,0.0,75571.99,2885.640226424794,0.0,0.0,1.1496751510404903,-0.04190833337638744
2024-11-07 00:00:00+00:00,2885.640226424794,0.0,75857.89,2885.640226424794,0.0,0.0,1.1496751510404903,-0.04190833337638744
2024-11-08 00:00:00+00:00,2885.640226424794,0.0,76509.78,2885.640226424794,0.0,0.0,1.1496751510404903,-0.04190833337638744
2024-11-09 00:00:00+00:00,2885.640226424794,0.0,76677.46,2885.640226424794,0.0,0.0,1.1496751510404903,-0.04190833337638744
2024-11-10 00:00:00+00:00,2885.640226424794,0.0,80370.01,2885.640226424794,0.0,0.0,1.1496751510404903,-0.04190833337638744
2024-11-11 00:00:00+00:00,2885.640226424794,0.0,88647.99,2885.640226424794,0.0,0.0,1.1496751510404903,-0.04190833337638744
2024-11-12 00:00:00+00:00,2885.640226424794,0.0,87952.01,2885.640226424794,0.0,0.0,1.1496751510404903,-0.04190833337638744
2024-11-13 00:00:00+00:00,2885.640226424794,0.0,90375.2,2885.640226424794,0.0,0.0,1.1496751510404903,-0.04190833337638744
2024-11-14 00:00:00+00:00,2885.640226424794,0.0,87325.59,2885.640226424794,0.0,0.0,1.1496751510404903,-0.04190833337638744
2024-11-15 00:00:00+00:00,2885.640226424794,0.0,91032.07,2885.640226424794,0.0,0.0,1.1496751510404903,-0.04190833337638744
2024-11-16 00:00:00+00:00,2885.640226424794,0.0,90586.92,2885.640226424794,0.0,0.0,1.1496751510404903,-0.04190833337638744
2024-11-17 00:00:00+00:00,2885.640226424794,0.0,89855.99,2885.640226424794,0.0,0.0,1.1496751510404903,-0.04190833337638744
2024-11-18 00:00:00+00:00,2885.640226424794,0.0,90464.08,2885.640226424794,0.0,0.0,1.1496751510404903,-0.04190833337638744
2024-11-19 00:00:00+00:00,2885.640226424794,0.0,92310.79,2885.640226424794,0.0,0.0,1.1496751510404903,-0.04190833337638744
2024-11-20 00:00:00+00:00,2885.640226424794,0.0,94286.56,2885.640226424794,0.0,0.0,1.1496751510404903,-0.04190833337638744
2024-11-21 00:00:00+00:00,2885.640226424794,0.0,98317.12,2885.640226424794,0.0,0.0,1.1496751510404903,-0.04190833337638744
2024-11-22 00:00:00+00:00,2885.640226424794,0.0,98892.0,2885.640226424794,0.0,0.0,1.1496751510404903,-0.04190833337638744
2024-11-23 00:00:00+00:00,2885.640226424794,0.0,97672.4,2885.640226424794,0.0,0.0,1.1496751510404903,-0.04190833337638744
2024-11-24 00:00:00+00:00,2885.640226424794,0.0,97900.04,2885.640226424794,0.0,0.0,1.1496751510404903,-0.04190833337638744
2024-11-25 00:00:00+00:00,2885.640226424794,0.0,93010.01,2885.640226424794,0.0,0.0,1.1496751510404903,-0.04190833337638744
2024-11-26 00:00:00+00:00,2885.640226424794,0.0,91965.16,2885.640226424794,0.0,0.0,1.1496751510404903,-0.04190833337638744
2024-11-27 00:00:00+00:00,2945.640226424794,0.0,95863.11,2945.640226424794,60.0,0.0,1.1496751510404903,-0.04190833337638744
2024-11-28 00:00:00+00:00,2945.640226424794,0.0,95643.98,2945.640226424794,0.0,0.0,1.1496751510404903,-0.04190833337638744
2024-11-29 00:00:00+00:00,2945.640226424794,0.0,97460.0,2945.640226424794,0.0,0.0,1.1496751510404903,-0.04190833337638744
2024-11-30 00:00:00+00:00,2945.640226424794,0.0,96407.99,2945.640226424794,0.0,0.0,1.1496751510404903,-0.04190833337638744
2024-12-01 00:00:00+00:00,2945.640226424794,0.0,97185.18,2945.640226424794,0.0,0.0,1.1496751510404903,-0.04190833337638744
2024-12-02 00:00:00+00:00,2945.640226424794,0.0,95840.62,2945.640226424794,0.0,0.0,1.1496751510404903,-0.04190833337638744
2024-12-03 00:00:00+00:00,2945.640226424794,0.0,95849.69,2945.640226424794,0.0,0.0,1.1496751510404903,-0.04190833337638744
2024-12-04 00:00:00+00:00,2945.640226424794,0.0,98587.32,2945.640226424794,0.0,0.0,1.1496751510404903,-0.04190833337638744
2024-12-05 00:00:00+00:00,2945.640226424794,0.0,96945.63,2945.640226424794,0.0,0.0,1.1496751510404903,-0.04190833337638744
2024-12-06 00:00:00+00:00,2945.640226424794,0.0,99740.84,2945.640226424794,0.0,0.0,1.1496751510404903,-0.04190833337638744
2024-12-07 00:00:00+00:00,2945.640226424794,0.0,99831.99,2945.640226424794,0.0,0.0,1.1496751510404903,-0.04190833337638744
2024-12-08 00:00:00+00:00,2945.640226424794,0.0,101109.59,2945.640226424794,0.0,0.0,1.1496751510404903,-0.04190833337638744
2024-12-09 00:00:00+00:00,2945.640226424794,0.0,97276.47,2945.640226424794,0.0,0.0,1.1496751510404903,-0.04190833337638744
2024-12-10 00:00:00+00:00,2945.640226424794,0.0,96593.0,2945.640226424794,0.0,0.0,1.1496751510404903,-0.04190833337638744
2024-12-11 00:00:00+00:00,2945.640226424794,0.0,101125.0,2945.640226424794,0.0,0.0,1.1496751510404903,-0.04190833337638744
2024-12-12 00:00:00+00:00,2945.640226424794,0.0,100004.29,2945.640226424794,0.0,0.0,1.1496751510404903,-0.04190833337638744
2024-12-13 00:00:00+00:00,2945.640226424794,0.0,101424.25,2945.640226424794,0.0,0.0,1.1496751510404903,-0.04190833337638744
2024-12-14 00:00:00+00:00,2945.640226424794,0.0,101420.0,2945.640226424794,0.0,0.0,1.1496751510404903,-0.04190833337638744
2024-12-15 00:00:00+00:00,2945.640226424794,0.0,104463.99,2945.640226424794,0.0,0.0,1.1496751510404903,-0.04190833337638744
2024-12-16 00:00:00+00:00,2945.640226424794,0.0,106058.66,2945.640226424794,0.0,0.0,1.1496751510404903,-0.04190833337638744
2024-12-17 00:00:00+00:00,2945.640226424794,0.0,106133.74,2945.640226424794,0.0,0.0,1.1496751510404903,-0.04190833337638744
2024-12-18 00:00:00+00:00,2945.640226424794,0.0,100204.01,2945.640226424794,0.0,0.0,1.1496751510404903,-0.04190833337638744
2024-12-19 00:00:00+00:00,2945.640226424794,0.0,97461.86,2945.640226424794,0.0,0.0,1.1496751510404903,-0.04190833337638744
2024-12-20 00:00:00+00:00,2945.640226424794,0.0,97805.44,2945.640226424794,0.0,0.0,1.1496751510404903,-0.04190833337638744
2024-12-21 00:00:00+00:00,2945.640226424794,0.0,97291.99,2945.640226424794,0.0,0.0,1.1496751510404903,-0.04190833337638744
2024-12-22 00:00:00+00:00,2945.640226424794,0.0,95186.27,2945.640226424794,0.0,0.0,1.1496751510404903,-0.04190833337638744
2024-12-23 00:00:00+00:00,2945.640226424794,0.0,94881.47,2945.640226424794,0.0,0.0,1.1496751510404903,-0.04190833337638744
2024-12-24 00:00:00+00:00,2945.640226424794,0.0,98663.58,2945.640226424794,0.0,0.0,1.1496751510404903,-0.04190833337638744
2024-12-25 00:00:00+00:00,2945.640226424794,0.0,99429.6,2945.640226424794,0.0,0.0,1.1496751510404903,-0.04190833337638744
2024-12-26 00:00:00+00:00,2945.640226424794,0.0,95791.6,2945.640226424794,0.0,0.0,1.1496751510404903,-0.04190833337638744
2024-12-27 00:00:00+00:00,3005.640226424794,0.0,94299.03,3005.640226424794,60.0,0.0,1.1496751510404903,-0.04190833337638744
2024-12-28 00:00:00+00:00,3005.640226424794,0.0,95300.0,3005.640226424794,0.0,0.0,1.1496751510404903,-0.04190833337638744
2024-12-29 00:00:00+00:00,3005.640226424794,0.0,93738.2,3005.640226424794,0.0,0.0,1.1496751510404903,-0.04190833337638744
2024-12-30 00:00:00+00:00,3005.640226424794,0.0,92792.05,3005.640226424794,0.0,0.0,1.1496751510404903,-0.04190833337638744
2024-12-31 00:00:00+00:00,3005.640226424794,0.0,93576.0,3005.640226424794,0.0,0.0,1.1496751510404903,-0.04190833337638744
2025-01-01 00:00:00+00:00,3005.640226424794,0.0,94591.79,3005.640226424794,0.0,0.0,1.1496751510404903,-0.04190833337638744
2025-01-02 00:00:00+00:00,3005.640226424794,0.0,96984.79,3005.640226424794,0.0,0.0,1.1496751510404903,-0.04190833337638744
2025-01-03 00:00:00+00:00,3005.640226424794,0.0,98174.18,3005.640226424794,0.0,0.0,1.1496751510404903,-0.04190833337638744
2025-01-04 00:00:00+00:00,3005.640226424794,0.0,98220.5,3005.640226424794,0.0,0.0,1.1496751510404903,-0.04190833337638744
2025-01-05 00:00:00+00:00,3005.640226424794,0.0,98363.61,3005.640226424794,0.0,0.0,1.1496751510404903,-0.04190833337638744
2025-01-06 00:00:00+00:00,3005.640226424794,0.0,102235.6,3005.640226424794,0.0,0.0,1.1496751510404903,-0.04190833337638744
2025-01-07 00:00:00+00:00,3005.640226424794,0.0,96954.61,3005.640226424794,0.0,0.0,1.1496751510404903,-0.04190833337638744
2025-01-08 00:00:00+00:00,3005.640226424794,0.0,95060.61,3005.640226424794,0.0,0.0,1.1496751510404903,-0.04190833337638744
2025-01-09 00:00:00+00:00,3005.640226424794,0.0,92552.49,3005.640226424794,0.0,0.0,1.1496751510404903,-0.04190833337638744
2025-01-10 00:00:00+00:00,3005.640226424794,0.0,94726.11,3005.640226424794,0.0,0.0,1.1496751510404903,-0.04190833337638744
2025-01-11 00:00:00+00:00,3005.640226424794,0.0,94599.99,3005.640226424794,0.0,0.0,1.1496751510404903,-0.04190833337638744
2025-01-12 00:00:00+00:00,3005.640226424794,0.0,94545.06,3005.640226424794,0.0,0.0,1.1496751510404903,-0.04190833337638744
2025-01-13 00:00:00+00:00,3005.640226424794,0.0,94536.1,3005.640226424794,0.0,0.0,1.1496751510404903,-0.04190833337638744
2025-01-14 00:00:00+00:00,3005.640226424794,0.0,96560.86,3005.640226424794,0.0,0.0,1.1496751510404903,-0.04190833337638744
2025-01-15 00:00:00+00:00,3005.640226424794,0.0,100497.35,3005.640226424794,0.0,0.0,1.1496751510404903,-0.04190833337638744
2025-01-16 00:00:00+00:00,3005.640226424794,0.0,99987.3,3005.640226424794,0.0,0.0,1.1496751510404903,-0.04190833337638744
2025-01-17 00:00:00+00:00,3005.640226424794,0.0,104077.48,3005.640226424794,0.0,0.0,1.1496751510404903,-0.04190833337638744
2025-01-18 00:00:00+00:00,3005.640226424794,0.0,104556.23,3005.640226424794,0.0,0.0,1.1496751510404903,-0.04190833337638744
2025-01-19 00:00:00+00:00,3005.640226424794,0.0,101331.57,3005.640226424794,0.0,0.0,1.1496751510404903,-0.04190833337638744
2025-01-20 00:00:00+00:00,3005.640226424794,0.0,102260.01,3005.640226424794,0.0,0.0,1.1496751510404903,-0.04190833337638744
2025-01-21 00:00:00+00:00,3005.640226424794,0.0,106143.82,3005.640226424794,0.0,0.0,1.1496751510404903,-0.04190833337638744
2025-01-22 00:00:00+00:00,3005.640226424794,0.0,103706.66,3005.640226424794,0.0,0.0,1.1496751510404903,-0.04190833337638744
2025-01-23 00:00:00+00:00,3005.640226424794,0.0,103910.34,3005.640226424794,0.0,0.0,1.1496751510404903,-0.04190833337638744
2025-01-24 00:00:00+00:00,3005.640226424794,0.0,104870.5,3005.640226424794,0.0,0.0,1.1496751510404903,-0.04190833337638744
2025-01-25 00:00:00+00:00,3005.640226424794,0.0,104746.85,3005.640226424794,0.0,0.0,1.1496751510404903,-0.04190833337638744
2025-01-26 00:00:00+00:00,3005.640226424794,0.0,102620.0,3005.640226424794,0.0,0.0,1.1496751510404903,-0.04190833337638744
2025-01-27 00:00:00+00:00,3065.640226424794,0.0,102082.83,3065.640226424794,60.0,0.0,1.1496751510404903,-0.04190833337638744
2025-01-28 00:00:00+00:00,3065.640226424794,0.0,101335.52,3065.640226424794,0.0,0.0,1.1496751510404903,-0.04190833337638744
2025-01-29 00:00:00+00:00,3065.640226424794,0.0,103733.24,3065.640226424794,0.0,0.0,1.1496751510404903,-0.04190833337638744
2025-01-30 00:00:00+00:00,3065.640226424794,0.0,104722.94,3065.640226424794,0.0,0.0,1.1496751510404903,-0.04190833337638744
2025-01-31 00:00:00+00:00,3065.640226424794,0.0,102429.56,3065.640226424794,0.0,0.0,1.1496751510404903,-0.04190833337638744
2025-02-01 00:00:00+00:00,3065.640226424794,0.0,100635.65,3065.640226424794,0.0,0.0,1.1496751510404903,-0.04190833337638744
2025-02-02 00:00:00+00:00,3065.640226424794,0.0,97700.59,3065.640226424794,0.0,0.0,1.1496751510404903,-0.04190833337638744
2025-02-03 00:00:00+00:00,3065.640226424794,0.0,101328.52,3065.640226424794,0.0,0.0,1.1496751510404903,-0.04190833337638744
2025-02-04 00:00:00+00:00,3065.640226424794,0.0,97763.13,3065.640226424794,0.0,0.0,1.1496751510404903,-0.04190833337638744
2025-02-05 00:00:00+00:00,3065.640226424794,0.0,96612.43,3065.640226424794,0.0,0.0,1.1496751510404903,-0.04190833337638744
2025-02-06 00:00:00+00:00,3065.640226424794,0.0,96554.35,3065.640226424794,0.0,0.0,1.1496751510404903,-0.04190833337638744
2025-02-07 00:00:00+00:00,3065.640226424794,0.0,96506.8,3065.640226424794,0.0,0.0,1.1496751510404903,-0.04190833337638744
2025-02-08 00:00:00+00:00,3065.640226424794,0.0,96444.74,3065.640226424794,0.0,0.0,1.1496751510404903,-0.04190833337638744
2025-02-09 00:00:00+00:00,3065.640226424794,0.0,96462.75,3065.640226424794,0.0,0.0,1.1496751510404903,-0.04190833337638744
2025-02-10 00:00:00+00:00,3065.640226424794,0.0,97430.82,3065.640226424794,0.0,0.0,1.1496751510404903,-0.04190833337638744
2025-02-11 00:00:00+00:00,3065.640226424794,0.0,95778.2,3065.640226424794,0.0,0.0,1.1496751510404903,-0.04190833337638744
2025-02-12 00:00:00+00:00,3065.640226424794,0.0,97869.99,3065.640226424794,0.0,0.0,1.1496751510404903,-0.04190833337638744
2025-02-13 00:00:00+00:00,3065.640226424794,0.0,96608.14,3065.640226424794,0.0,0.0,1.1496751510404903,-0.04190833337638744
2025-02-14 00:00:00+00:00,3065.640226424794,0.0,97500.48,3065.640226424794,0.0,0.0,1.1496751510404903,-0.04190833337638744
2025-02-15 00:00:00+00:00,3065.640226424794,0.0,97569.66,3065.640226424794,0.0,0.0,1.1496751510404903,-0.04190833337638744
2025-02-16 00:00:00+00:00,3065.640226424794,0.0,96118.12,3065.640226424794,0.0,0.0,1.1496751510404903,-0.04190833337638744
2025-02-17 00:00:00+00:00,3065.640226424794,0.0,95780.0,3065.640226424794,0.0,0.0,1.1496751510404903,-0.04190833337638744
2025-02-18 00:00:00+00:00,3065.640226424794,0.0,95671.74,3065.640226424794,0.0,0.0,1.1496751510404903,-0.04190833337638744
2025-02-19 00:00:00+00:00,3065.640226424794,0.0,96644.37,3065.640226424794,0.0,0.0,1.1496751510404903,-0.04190833337638744
2025-02-20 00:00:00+00:00,3065.640226424794,0.0,98305.0,3065.640226424794,0.0,0.0,1.1496751510404903,-0.04190833337638744
2025-02-21 00:00:00+00:00,3065.640226424794,0.0,96181.98,3065.640226424794,0.0,0.0,1.1496751510404903,-0.04190833337638744
2025-02-22 00:00:00+00:00,3065.640226424794,0.0,96551.01,3065.640226424794,0.0,0.0,1.1496751510404903,-0.04190833337638744
2025-02-23 00:00:00+00:00,3065.640226424794,0.0,96258.0,3065.640226424794,0.0,0.0,1.1496751510404903,-0.04190833337638744
2025-02-24 00:00:00+00:00,3065.640226424794,0.0,91552.88,3065.640226424794,0.0,0.0,1.1496751510404903,-0.04190833337638744
2025-02-25 00:00:00+00:00,3065.640226424794,0.0,88680.4,3065.640226424794,0.0,0.0,1.1496751510404903,-0.04190833337638744
2025-02-26 00:00:00+00:00,4.547473508864641e-13,0.034517745413765226,84250.09,2908.123157706808,0.0,-0.05138145936377059,1.0906031639857665,-0.09113648141177588
2025-02-27 00:00:00+00:00,-7.105427357601002e-15,0.035228843821940414,84708.58,2984.1853351983455,60.0,0.005523210889116337,1.0966267952567974,-0.08611663652918888
2025-02-28 00:00:00+00:00,-7.105427357601002e-15,0.035228843821940414,84349.94,2971.5508626500446,0.0,-0.0042338096093690325,1.0919838861931477,-0.08998584469529403
2025-03-01 00:00:00+00:00,-7.105427357601002e-15,0.035228843821940414,86064.53,3031.9538859787053,0.0,0.02032710396711601,1.114180756178211,-0.0714878923488681
2025-03-02 00:00:00+00:00,-7.105427357601002e-15,0.035228843821940414,94270.0,3321.0231070943228,0.0,0.09534090292481712,1.2204077554936972,0.0
2025-03-03 00:00:00+00:00,-7.105427357601002e-15,0.035228843821940414,86220.61,3037.452403922434,0.0,-0.08538654927336375,1.1162013485456392,-0.08538654927336387
2025-03-04 00:00:00+00:00,-7.105427357601002e-15,0.035228843821940414,87281.98,3074.843241889727,0.0,0.012309933784973248,1.1299417132369338,-0.07412771825607312
2025-03-05 00:00:00+00:00,-7.105427357601002e-15,0.035228843821940414,90606.01,3191.944975619171,0.0,0.038083806073143434,1.1729741943178047,-0.03886697782963855
2025-03-06 00:00:00+00:00,-7.105427357601002e-15,0.035228843821940414,89931.89,3168.1965074219247,0.0,-0.007440124556858829,1.164247120210099,-0.046017927230296296
2025-03-07 00:00:00+00:00,-7.105427357601002e-15,0.035228843821940414,86801.75,3057.9252942211165,0.0,-0.034805673493573774,1.1237247150782328,-0.0792219157738413
2025-03-08 00:00:00+00:00,-7.105427357601002e-15,0.035228843821940414,86222.45,3037.517224995066,0.0,-0.006673828580645136,1.1162251689579663,-0.08536703086878161
2025-03-09 00:00:00+00:00,-7.105427357601002e-15,0.035228843821940414,80734.37,2844.1785117927516,0.0,-0.06365024422293719,1.0451771643460024,-0.1435836427283338
2025-03-10 00:00:00+00:00,-7.105427357601002e-15,0.035228843821940414,78595.86,2768.8412769910938,0.0,-0.026488223045525672,1.0174922784947154,-0.1662685902195824
2025-03-11 00:00:00+00:00,-7.105427357601002e-15,0.035228843821940414,82932.99,2921.6333523965463,0.0,0.055182677560879245,1.0736402268195735,-0.12026105866129233
2025-03-12 00:00:00+00:00,-7.105427357601002e-15,0.035228843821940414,83680.12,2947.9538784812326,0.0,0.009008839546240877,1.0833124793533806,-0.1123356316961922
2025-03-13 00:00:00+00:00,-7.105427357601002e-15,0.035228843821940414,81115.78,2857.6151451148776,0.0,-0.030644554525017464,1.050114851012204,-0.13953771083059352
2025-03-14 00:00:00+00:00,-7.105427357601002e-15,0.035228843821940414,83983.2,2958.631036466786,0.0,0.03534971863674374,1.0872361155317516,-0.10912061101092652
2025-03-15 00:00:00+00:00,-7.105427357601002e-15,0.035228843821940414,84338.44,2971.1457309460925,0.0,0.004229893597767376,1.0918350086161008,-0.1053522859870587
2025-03-16 00:00:00+00:00,-7.105427357601002e-15,0.035228843821940414,82574.53,2909.005221040133,0.0,-0.020914662400680073,1.0689996480136514,-0.1240635408931795
2025-03-17 00:00:00+00:00,-7.105427357601002e-15,0.035228843821940414,84010.03,2959.576226346529,0.0,0.01738429513313622,1.0875834533919395,-0.10883600297019225
2025-03-18 00:00:00+00:00,-7.105427357601002e-15,0.035228843821940414,82715.03,2913.954873597116,0.0,-0.015414826063030795,1.0708185436288724,-0.12257314097804206
2025-03-19 00:00:00+00:00,-7.105427357601002e-15,0.035228843821940414,86845.94,3059.482056829608,0.0,0.04994146771149088,1.1242967933503794,-0.07875315582900211
2025-03-20 00:00:00+00:00,-7.105427357601002e-15,0.035228843821940414,84223.39,2967.0926524643783,0.0,-0.030197727147636355,1.090345585551822,-0.10657271666489898
2025-03-21 00:00:00+00:00,-7.105427357601002e-15,0.035228843821940414,84088.79,2962.350850085945,0.0,-0.0015981308755205204,1.0886030706065641,-0.10800053039142932
2025-03-22 00:00:00+00:00,-7.105427357601002e-15,0.035228843821940414,83840.59,2953.607051049339,0.0,-0.0029516419489447054,1.0853899041176118,-0.1106333934443623
2025-03-23 00:00:00+00:00,-7.105427357601002e-15,0.035228843821940414,86082.5,3032.5869483021856,0.0,0.02674015056430301,1.1144133935746912,-0.0868515964782014
2025-03-24 00:00:00+00:00,-7.105427357601002e-15,0.035228843821940414,87498.16,3082.459013347154,0.0,0.016445386692997888,1.132740352767883,-0.0718345178741917
2025-03-25 00:00:00+00:00,-7.105427357601002e-15,0.035228843821940414,87392.87,3078.7497683811416,0.0,-0.0012033395902268929,1.1313772814559497,-0.0729514161451158
2025-03-26 00:00:00+00:00,-7.105427357601002e-15,0.035228843821940414,86909.17,3061.7095766244693,0.0,-0.005534776464029556,1.1251153611066096,-0.07808242282804778
2025-03-27 00:00:00+00:00,-7.105427357601002e-15,0.035918185405660705,87232.01,3133.2155084884484,60.0,0.0037580089084296997,1.1293435546566593,-0.07461784836019769
2025-03-28 00:00:00+00:00,-7.105427357601002e-15,0.035918185405660705,84424.38,3032.3705335979535,0.0,-0.03218577675786671,1.0929947551235444,-0.10440199170859077
2025-03-29 00:00:00+00:00,-7.105427357601002e-15,0.035918185405660705,82648.54,2968.5855832271645,0.0,-0.02103468216171689,1.070003957845097,-0.12324061115766716
2025-03-30 00:00:00+00:00,-7.105427357601002e-15,0.035918185405660705,82389.99,2959.2989363905317,0.0,-0.0031283069247197703,1.0666566570542926,-0.12598338362509587
2025-03-31 00:00:00+00:00,-7.105427357601002e-15,0.035918185405660705,82550.01,2965.046564419145,0.0,0.0019422262340362817,1.0687283455963328,-0.12428584562378897
2025-04-01 00:00:00+00:00,-7.105427357601002e-15,0.035918185405660705,85158.34,3058.733044958292,0.0,0.031596967704788925,1.1024969206173325,-0.0966159337693373
2025-04-02 00:00:00+00:00,-7.105427357601002e-15,0.035918185405660705,82516.29,2963.835403207266,0.0,-0.0310251468030025,1.0682917918053216,-0.12464355704363694
2025-04-03 00:00:00+00:00,-7.105427357601002e-15,0.035918185405660705,83213.09,2988.8631947979306,0.0,0.008444393222235336,1.077312867771412,-0.11725170302969623
2025-04-04 00:00:00+00:00,-7.105427357601002e-15,0.035918185405660705,83889.87,3013.1719043167736,0.0,0.00813309540602325,1.0860747561071336,-0.1100722269109321
2025-04-05 00:00:00+00:00,-7.105427357601002e-15,0.035918185405660705,83537.99,3000.53301323623,0.0,-0.004194546969735313,1.0815191645299984,-0.11380507075482615
2025-04-06 00:00:00+00:00,-7.105427357601002e-15,0.035918185405660705,78430.0,2817.063281365969,0.0,-0.061145713465215135,1.0153889035885082,-0.1679920919727782
2025-04-07 00:00:00+00:00,-7.105427357601002e-15,0.035918185405660705,79163.24,2843.399931632816,0.0,0.009348973607038236,1.0248817476490366,-0.16021367199978465
2025-04-08 00:00:00+00:00,-7.105427357601002e-15,0.035918185405660705,76322.42,2741.3628321687065,0.0,-0.03588559538492875,0.9881032559355046,-0.19034990437619548
2025-04-09 00:00:00+00:00,-7.105427357601002e-15,0.035918185405660705,82615.22,2967.3887892894486,0.0,0.0824502158081466,1.0695725826281193,-0.1235940792629262
2025-04-10 00:00:00+00:00,-7.105427357601002e-15,0.035918185405660705,79607.3,2859.3497610440536,0.0,-0.036408787630172745,1.0306307416121567,-0.15550295630886835
2025-04-11 00:00:00+00:00,-7.105427357601002e-15,0.035918185405660705,83423.84,2996.4329523721735,0.0,0.04794208571324465,1.0800413289652318,-0.11501600665564626
2025-04-12 00:00:00+00:00,-7.105427357601002e-15,0.035918185405660705,85276.9,3062.991505019987,0.0,0.022212595344448305,1.1040318499608166,-0.09535821532517419
2025-04-13 00:00:00+00:00,-7.105427357601002e-15,0.035918185405660705,83760.0,3008.5072095781406,0.0,-0.017787935537056265,1.0843934025828565,-0.11144992507509766
2025-04-14 00:00:00+00:00,-7.105427357601002e-15,0.035918185405660705,84591.58,3038.37605419778,0.0,0.009928127984718316,1.0951593990694832,-0.1026282862104122
2025-04-15 00:00:00+00:00,-7.105427357601002e-15,0.035918185405660705,83643.99,3004.34034088923,0.0,-0.011201942320973268,1.082891486648835,-0.11268059238875616
2025-04-16 00:00:00+00:00,-7.105427357601002e-15,0.035918185405660705,84030.38,3018.2187685481235,0.0,0.004619459210398746,1.0878938597006975,-0.10858165657870078
2025-04-17 00:00:00+00:00,-7.105427357601002e-15,0.035918185405660705,84947.91,3051.174781203379,0.0,0.010919027142326287,1.0997726022827394,-0.09884823549171617
2025-04-18 00:00:00+00:00,-7.105427357601002e-15,0.035918185405660705,84474.69,3034.177577505712,0.0,-0.005570707978571843,1.0936460902725882,-0.10386828881616661
2025-04-19 00:00:00+00:00,-7.105427357601002e-15,0.035918185405660705,85077.01,3055.81181893925,0.0,0.007130183016948566,1.101443987052002,-0.09747870570813455
2025-04-20 00:00:00+00:00,-7.105427357601002e-15,0.035918185405660705,85179.24,3059.483735033271,0.0,0.0012016172171542827,1.1027675011105749,-0.09639422058206504
2025-04-21 00:00:00+00:00,-7.105427357601002e-15,0.035918185405660705,87516.23,3143.4241751444456,0.0,0.02743614523914495,1.1330231904360535,-0.07160276117902387
2025-04-22 00:00:00+00:00,-7.105427357601002e-15,0.035918185405660705,93442.99,3356.3026396792993,0.0,0.0677218385664009,1.2097536040307524,-0.008729993246097356
2025-04-23 00:00:00+00:00,-7.105427357601002e-15,0.035918185405660705,93691.08,3365.2135822965897,0.0,0.0026549878166355345,1.2129654851105849,-0.006098183455169548
2025-04-24 00:00:00+00:00,-7.105427357601002e-15,0.035918185405660705,93980.47,3375.6079459711336,0.0,0.0030887678955136,1.2167120539593606,-0.003028251432933282
2025-04-25 00:00:00+00:00,-7.105427357601002e-15,0.035918185405660705,94638.68,3399.2496547869932,0.0,0.007003689170739236,1.2252335269955836,0.0
2025-04-26 00:00:00+00:00,-7.105427357601002e-15,0.035918185405660705,94628.0,3398.866048566861,0.0,-0.0001128502637609552,1.2250952590688935,-0.00011285026376084417
2025-04-27 00:00:00+00:00,0.0,0.03655129722127148,93749.3,3426.658528586146,60.0,-0.009475960370458059,1.2134863049439206,-0.00958774126959172
2025-04-28 00:00:00+00:00,0.0,0.03655129722127148,95011.18,3472.781879523724,0.0,0.013460153835815225,1.2298200172861207,0.0
2025-04-29 00:00:00+00:00,0.0,0.03655129722127148,94256.82,3445.209042951886,0.0,-0.007939697201950202,1.2200556187359717,-0.007939697201950202
2025-04-30 00:00:00+00:00,0.0,0.03655129722127148,94172.0,3442.1087619215773,0.0,-0.0008998818334845504,1.2189577128488305,-0.008832434246159315
2025-05-01 00:00:00+00:00,0.0,0.03655129722127148,96489.91,3526.831379263735,0.0,0.024613579407892106,1.2489606253088976,0.0
2025-05-02 00:00:00+00:00,0.0,0.03655129722127148,96887.14,3541.3506510589405,0.0,0.004116803508263045,1.2541023507928517,0.0
2025-05-03 00:00:00+00:00,3536.0400307927925,0.0,95856.42,3536.0400307927925,0.0,-0.0014996030581043707,1.2522216950724268,-0.0014996030581044817
2025-05-04 00:00:00+00:00,3536.0400307927925,0.0,94277.62,3536.0400307927925,0.0,0.0,1.2522216950724268,-0.0014996030581044817
2025-05-05 00:00:00+00:00,3536.0400307927925,0.0,94733.68,3536.0400307927925,0.0,0.0,1.2522216950724268,-0.0014996030581044817
2025-05-06 00:00:00+00:00,3536.0400307927925,0.0,96834.02,3536.0400307927925,0.0,0.0,1.2522216950724268,-0.0014996030581044817
2025-05-07 00:00:00+00:00,3536.0400307927925,0.0,97030.5,3536.0400307927925,0.0,0.0,1.2522216950724268,-0.0014996030581044817
2025-05-08 00:00:00+00:00,3536.0400307927925,0.0,103261.6,3536.0400307927925,0.0,0.0,1.2522216950724268,-0.0014996030581044817
2025-05-09 00:00:00+00:00,3536.0400307927925,0.0,102971.99,3536.0400307927925,0.0,0.0,1.2522216950724268,-0.0014996030581044817
2025-05-10 00:00:00+00:00,3536.0400307927925,0.0,104809.53,3536.0400307927925,0.0,0.0,1.2522216950724268,-0.0014996030581044817
2025-05-11 00:00:00+00:00,3536.0400307927925,0.0,104118.0,3536.0400307927925,0.0,0.0,1.2522216950724268,-0.0014996030581044817
2025-05-12 00:00:00+00:00,3536.0400307927925,0.0,102791.32,3536.0400307927925,0.0,0.0,1.2522216950724268,-0.0014996030581044817
2025-05-13 00:00:00+00:00,3536.0400307927925,0.0,104103.72,3536.0400307927925,0.0,0.0,1.2522216950724268,-0.0014996030581044817
2025-05-14 00:00:00+00:00,3536.0400307927925,0.0,103507.82,3536.0400307927925,0.0,0.0,1.2522216950724268,-0.0014996030581044817
2025-05-15 00:00:00+00:00,3536.0400307927925,0.0,103763.71,3536.0400307927925,0.0,0.0,1.2522216950724268,-0.0014996030581044817
2025-05-16 00:00:00+00:00,3536.0400307927925,0.0,103463.9,3536.0400307927925,0.0,0.0,1.2522216950724268,-0.0014996030581044817
2025-05-17 00:00:00+00:00,3536.0400307927925,0.0,103126.65,3536.0400307927925,0.0,0.0,1.2522216950724268,-0.0014996030581044817
2025-05-18 00:00:00+00:00,3536.0400307927925,0.0,106454.26,3536.0400307927925,0.0,0.0,1.2522216950724268,-0.0014996030581044817
2025-05-19 00:00:00+00:00,3536.0400307927925,0.0,105573.74,3536.0400307927925,0.0,0.0,1.2522216950724268,-0.0014996030581044817
2025-05-20 00:00:00+00:00,3536.0400307927925,0.0,106849.99,3536.0400307927925,0.0,0.0,1.2522216950724268,-0.0014996030581044817
2025-05-21 00:00:00+00:00,3536.0400307927925,0.0,109643.99,3536.0400307927925,0.0,0.0,1.2522216950724268,-0.0014996030581044817
2025-05-22 00:00:00+00:00,3536.0400307927925,0.0,111696.21,3536.0400307927925,0.0,0.0,1.2522216950724268,-0.0014996030581044817
2025-05-23 00:00:00+00:00,3536.0400307927925,0.0,107318.3,3536.0400307927925,0.0,0.0,1.2522216950724268,-0.0014996030581044817
2025-05-24 00:00:00+00:00,3536.0400307927925,0.0,107761.91,3536.0400307927925,0.0,0.0,1.2522216950724268,-0.0014996030581044817
2025-05-25 00:00:00+00:00,3536.0400307927925,0.0,109004.19,3536.0400307927925,0.0,0.0,1.2522216950724268,-0.0014996030581044817
2025-05-26 00:00:00+00:00,3536.0400307927925,0.0,109434.79,3536.0400307927925,0.0,0.0,1.2522216950724268,-0.0014996030581044817
2025-05-27 00:00:00+00:00,3596.0400307927925,0.0,108938.17,3596.0400307927925,60.0,0.0,1.2522216950724268,-0.0014996030581044817
2025-05-28 00:00:00+00:00,3596.0400307927925,0.0,107781.78,3596.0400307927925,0.0,0.0,1.2522216950724268,-0.0014996030581044817
2025-05-29 00:00:00+00:00,3596.0400307927925,0.0,105589.75,3596.0400307927925,0.0,0.0,1.2522216950724268,-0.0014996030581044817
2025-05-30 00:00:00+00:00,3596.0400307927925,0.0,103985.48,3596.0400307927925,0.0,0.0,1.2522216950724268,-0.0014996030581044817
2025-05-31 00:00:00+00:00,3596.0400307927925,0.0,104591.88,3596.0400307927925,0.0,0.0,1.2522216950724268,-0.0014996030581044817
2025-06-01 00:00:00+00:00,3596.0400307927925,0.0,105642.93,3596.0400307927925,0.0,0.0,1.2522216950724268,-0.0014996030581044817
2025-06-02 00:00:00+00:00,3596.0400307927925,0.0,105857.99,3596.0400307927925,0.0,0.0,1.2522216950724268,-0.0014996030581044817
2025-06-03 00:00:00+00:00,3596.0400307927925,0.0,105376.89,3596.0400307927925,0.0,0.0,1.2522216950724268,-0.0014996030581044817
2025-06-04 00:00:00+00:00,3596.0400307927925,0.0,104696.86,3596.0400307927925,0.0,0.0,1.2522216950724268,-0.0014996030581044817
2025-06-05 00:00:00+00:00,3596.0400307927925,0.0,101508.68,3596.0400307927925,0.0,0.0,1.2522216950724268,-0.0014996030581044817
2025-06-06 00:00:00+00:00,3596.0400307927925,0.0,104288.44,3596.0400307927925,0.0,0.0,1.2522216950724268,-0.0014996030581044817
2025-06-07 00:00:00+00:00,3596.0400307927925,0.0,105552.15,3596.0400307927925,0.0,0.0,1.2522216950724268,-0.0014996030581044817
2025-06-08 00:00:00+00:00,3596.0400307927925,0.0,105734.0,3596.0400307927925,0.0,0.0,1.2522216950724268,-0.0014996030581044817
2025-06-09 00:00:00+00:00,3596.0400307927925,0.0,110263.02,3596.0400307927925,0.0,0.0,1.2522216950724268,-0.0014996030581044817
2025-06-10 00:00:00+00:00,3596.0400307927925,0.0,110274.39,3596.0400307927925,0.0,0.0,1.2522216950724268,-0.0014996030581044817
2025-06-11 00:00:00+00:00,3596.0400307927925,0.0,108645.12,3596.0400307927925,0.0,0.0,1.2522216950724268,-0.0014996030581044817
2025-06-12 00:00:00+00:00,3596.0400307927925,0.0,105671.73,3596.0400307927925,0.0,0.0,1.2522216950724268,-0.0014996030581044817
2025-06-13 00:00:00+00:00,3596.0400307927925,0.0,106066.59,3596.0400307927925,0.0,0.0,1.2522216950724268,-0.0014996030581044817
2025-06-14 00:00:00+00:00,3596.0400307927925,0.0,105414.64,3596.0400307927925,0.0,0.0,1.2522216950724268,-0.0014996030581044817
2025-06-15 00:00:00+00:00,3596.0400307927925,0.0,105594.01,3596.0400307927925,0.0,0.0,1.2522216950724268,-0.0014996030581044817
2025-06-16 00:00:00+00:00,3596.0400307927925,0.0,106794.53,3596.0400307927925,0.0,0.0,1.2522216950724268,-0.0014996030581044817
2025-06-17 00:00:00+00:00,3596.0400307927925,0.0,104551.17,3596.0400307927925,0.0,0.0,1.2522216950724268,-0.0014996030581044817
2025-06-18 00:00:00+00:00,3596.0400307927925,0.0,104886.78,3596.0400307927925,0.0,0.0,1.2522216950724268,-0.0014996030581044817
2025-06-19 00:00:00+00:00,3596.0400307927925,0.0,104658.59,3596.0400307927925,0.0,0.0,1.2522216950724268,-0.0014996030581044817
2025-06-20 00:00:00+00:00,3596.0400307927925,0.0,103297.99,3596.0400307927925,0.0,0.0,1.2522216950724268,-0.0014996030581044817
2025-06-21 00:00:00+00:00,3596.0400307927925,0.0,102120.01,3596.0400307927925,0.0,0.0,1.2522216950724268,-0.0014996030581044817
2025-06-22 00:00:00+00:00,3596.0400307927925,0.0,100963.87,3596.0400307927925,0.0,0.0,1.2522216950724268,-0.0014996030581044817
2025-06-23 00:00:00+00:00,3596.0400307927925,0.0,105333.93,3596.0400307927925,0.0,0.0,1.2522216950724268,-0.0014996030581044817
2025-06-24 00:00:00+00:00,3596.0400307927925,0.0,106083.0,3596.0400307927925,0.0,0.0,1.2522216950724268,-0.0014996030581044817
2025-06-25 00:00:00+00:00,3596.0400307927925,0.0,107340.58,3596.0400307927925,0.0,0.0,1.2522216950724268,-0.0014996030581044817
2025-06-26 00:00:00+00:00,3596.0400307927925,0.0,106947.06,3596.0400307927925,0.0,0.0,1.2522216950724268,-0.0014996030581044817
2025-06-27 00:00:00+00:00,3656.0400307927925,0.0,107047.59,3656.0400307927925,60.0,0.0,1.2522216950724268,-0.0014996030581044817
2025-06-28 00:00:00+00:00,3656.0400307927925,0.0,107296.79,3656.0400307927925,0.0,0.0,1.2522216950724268,-0.0014996030581044817
2025-06-29 00:00:00+00:00,3656.0400307927925,0.0,108356.93,3656.0400307927925,0.0,0.0,1.2522216950724268,-0.0014996030581044817
2025-06-30 00:00:00+00:00,3656.0400307927925,0.0,107146.5,3656.0400307927925,0.0,0.0,1.2522216950724268,-0.0014996030581044817
2025-07-01 00:00:00+00:00,3656.0400307927925,0.0,105681.14,3656.0400307927925,0.0,0.0,1.2522216950724268,-0.0014996030581044817
2025-07-02 00:00:00+00:00,3656.0400307927925,0.0,108849.6,3656.0400307927925,0.0,0.0,1.2522216950724268,-0.0014996030581044817
2025-07-03 00:00:00+00:00,3656.0400307927925,0.0,109584.78,3656.0400307927925,0.0,0.0,1.2522216950724268,-0.0014996030581044817
2025-07-04 00:00:00+00:00,3656.0400307927925,0.0,107984.24,3656.0400307927925,0.0,0.0,1.2522216950724268,-0.0014996030581044817
2025-07-05 00:00:00+00:00,3656.0400307927925,0.0,108198.12,3656.0400307927925,0.0,0.0,1.2522216950724268,-0.0014996030581044817
2025-07-06 00:00:00+00:00,3656.0400307927925,0.0,109203.84,3656.0400307927925,0.0,0.0,1.2522216950724268,-0.0014996030581044817
2025-07-07 00:00:00+00:00,3656.0400307927925,0.0,108262.94,3656.0400307927925,0.0,0.0,1.2522216950724268,-0.0014996030581044817
2025-07-08 00:00:00+00:00,3656.0400307927925,0.0,108922.98,3656.0400307927925,0.0,0.0,1.2522216950724268,-0.0014996030581044817
2025-07-09 00:00:00+00:00,3656.0400307927925,0.0,111233.99,3656.0400307927925,0.0,0.0,1.2522216950724268,-0.0014996030581044817
2025-07-10 00:00:00+00:00,3656.0400307927925,0.0,116010.0,3656.0400307927925,0.0,0.0,1.2522216950724268,-0.0014996030581044817
2025-07-11 00:00:00+00:00,3656.0400307927925,0.0,117527.66,3656.0400307927925,0.0,0.0,1.2522216950724268,-0.0014996030581044817
2025-07-12 00:00:00+00:00,3656.0400307927925,0.0,117420.0,3656.0400307927925,0.0,0.0,1.2522216950724268,-0.0014996030581044817
2025-07-13 00:00:00+00:00,3656.0400307927925,0.0,119086.64,3656.0400307927925,0.0,0.0,1.2522216950724268,-0.0014996030581044817
2025-07-14 00:00:00+00:00,3656.0400307927925,0.0,119841.18,3656.0400307927925,0.0,0.0,1.2522216950724268,-0.0014996030581044817
2025-07-15 00:00:00+00:00,3656.0400307927925,0.0,117758.09,3656.0400307927925,0.0,0.0,1.2522216950724268,-0.0014996030581044817
2025-07-16 00:00:00+00:00,3656.0400307927925,0.0,118630.43,3656.0400307927925,0.0,0.0,1.2522216950724268,-0.0014996030581044817
2025-07-17 00:00:00+00:00,3656.0400307927925,0.0,119177.56,3656.0400307927925,0.0,0.0,1.2522216950724268,-0.0014996030581044817
2025-07-18 00:00:00+00:00,3656.0400307927925,0.0,117924.84,3656.0400307927925,0.0,0.0,1.2522216950724268,-0.0014996030581044817
2025-07-19 00:00:00+00:00,3656.0400307927925,0.0,117840.0,3656.0400307927925,0.0,0.0,1.2522216950724268,-0.0014996030581044817
2025-07-20 00:00:00+00:00,3656.0400307927925,0.0,117265.12,3656.0400307927925,0.0,0.0,1.2522216950724268,-0.0014996030581044817
2025-07-21 00:00:00+00:00,3656.0400307927925,0.0,117380.36,3656.0400307927925,0.0,0.0,1.2522216950724268,-0.0014996030581044817
2025-07-22 00:00:00+00:00,3656.0400307927925,0.0,119954.42,3656.0400307927925,0.0,0.0,1.2522216950724268,-0.0014996030581044817
2025-07-23 00:00:00+00:00,3656.0400307927925,0.0,118755.99,3656.0400307927925,0.0,0.0,1.2522216950724268,-0.0014996030581044817
2025-07-24 00:00:00+00:00,3656.0400307927925,0.0,118340.99,3656.0400307927925,0.0,0.0,1.2522216950724268,-0.0014996030581044817
2025-07-25 00:00:00+00:00,3656.0400307927925,0.0,117614.31,3656.0400307927925,0.0,0.0,1.2522216950724268,-0.0014996030581044817
2025-07-26 00:00:00+00:00,3656.0400307927925,0.0,117919.99,3656.0400307927925,0.0,0.0,1.2522216950724268,-0.0014996030581044817
2025-07-27 00:00:00+00:00,3716.0400307927925,0.0,119415.55,3716.0400307927925,60.0,0.0,1.2522216950724268,-0.0014996030581044817
2025-07-28 00:00:00+00:00,3716.0400307927925,0.0,118062.32,3716.0400307927925,0.0,0.0,1.2522216950724268,-0.0014996030581044817
2025-07-29 00:00:00+00:00,3716.0400307927925,0.0,117950.76,3716.0400307927925,0.0,0.0,1.2522216950724268,-0.0014996030581044817
2025-07-30 00:00:00+00:00,3716.0400307927925,0.0,117840.3,3716.0400307927925,0.0,0.0,1.2522216950724268,-0.0014996030581044817
2025-07-31 00:00:00+00:00,3716.0400307927925,0.0,115764.08,3716.0400307927925,0.0,0.0,1.2522216950724268,-0.0014996030581044817
2025-08-01 00:00:00+00:00,3716.0400307927925,0.0,113297.93,3716.0400307927925,0.0,0.0,1.2522216950724268,-0.0014996030581044817
2025-08-02 00:00:00+00:00,3716.0400307927925,0.0,112546.35,3716.0400307927925,0.0,0.0,1.2522216950724268,-0.0014996030581044817
2025-08-03 00:00:00+00:00,3716.0400307927925,0.0,114208.8,3716.0400307927925,0.0,0.0,1.2522216950724268,-0.0014996030581044817
2025-08-04 00:00:00+00:00,3716.0400307927925,0.0,115055.03,3716.0400307927925,0.0,0.0,1.2522216950724268,-0.0014996030581044817
2025-08-05 00:00:00+00:00,3716.0400307927925,0.0,114129.75,3716.0400307927925,0.0,0.0,1.2522216950724268,-0.0014996030581044817
2025-08-06 00:00:00+00:00,3716.0400307927925,0.0,114992.27,3716.0400307927925,0.0,0.0,1.2522216950724268,-0.0014996030581044817
2025-08-07 00:00:00+00:00,3716.0400307927925,0.0,117472.01,3716.0400307927925,0.0,0.0,1.2522216950724268,-0.0014996030581044817
2025-08-08 00:00:00+00:00,3716.0400307927925,0.0,116674.74,3716.0400307927925,0.0,0.0,1.2522216950724268,-0.0014996030581044817
2025-08-09 00:00:00+00:00,3716.0400307927925,0.0,116462.25,3716.0400307927925,0.0,0.0,1.2522216950724268,-0.0014996030581044817
2025-08-10 00:00:00+00:00,3716.0400307927925,0.0,119294.01,3716.0400307927925,0.0,0.0,1.2522216950724268,-0.0014996030581044817
2025-08-11 00:00:00+00:00,3716.0400307927925,0.0,118686.0,3716.0400307927925,0.0,0.0,1.2522216950724268,-0.0014996030581044817
2025-08-12 00:00:00+00:00,3716.0400307927925,0.0,120134.08,3716.0400307927925,0.0,0.0,1.2522216950724268,-0.0014996030581044817
2025-08-13 00:00:00+00:00,3716.0400307927925,0.0,123306.43,3716.0400307927925,0.0,0.0,1.2522216950724268,-0.0014996030581044817
2025-08-14 00:00:00+00:00,3716.0400307927925,0.0,118295.09,3716.0400307927925,0.0,0.0,1.2522216950724268,-0.0014996030581044817
2025-08-15 00:00:00+00:00,3716.0400307927925,0.0,117342.05,3716.0400307927925,0.0,0.0,1.2522216950724268,-0.0014996030581044817
2025-08-16 00:00:00+00:00,3716.0400307927925,0.0,117380.66,3716.0400307927925,0.0,0.0,1.2522216950724268,-0.0014996030581044817
2025-08-17 00:00:00+00:00,3716.0400307927925,0.0,117405.01,3716.0400307927925,0.0,0.0,1.2522216950724268,-0.0014996030581044817
2025-08-18 00:00:00+00:00,3716.0400307927925,0.0,116227.05,3716.0400307927925,0.0,0.0,1.2522216950724268,-0.0014996030581044817
2025-08-19 00:00:00+00:00,3716.0400307927925,0.0,112872.94,3716.0400307927925,0.0,0.0,1.2522216950724268,-0.0014996030581044817
2025-08-20 00:00:00+00:00,3716.0400307927925,0.0,114271.24,3716.0400307927925,0.0,0.0,1.2522216950724268,-0.0014996030581044817
2025-08-21 00:00:00+00:00,3716.0400307927925,0.0,112500.0,3716.0400307927925,0.0,0.0,1.2522216950724268,-0.0014996030581044817
2025-08-22 00:00:00+00:00,3716.0400307927925,0.0,116935.99,3716.0400307927925,0.0,0.0,1.2522216950724268,-0.0014996030581044817
2025-08-23 00:00:00+00:00,3716.0400307927925,0.0,115438.05,3716.0400307927925,0.0,0.0,1.2522216950724268,-0.0014996030581044817
2025-08-24 00:00:00+00:00,3716.0400307927925,0.0,113493.59,3716.0400307927925,0.0,0.0,1.2522216950724268,-0.0014996030581044817
2025-08-25 00:00:00+00:00,3716.0400307927925,0.0,110111.98,3716.0400307927925,0.0,0.0,1.2522216950724268,-0.0014996030581044817
2025-08-26 00:00:00+00:00,3716.0400307927925,0.0,111763.22,3716.0400307927925,0.0,0.0,1.2522216950724268,-0.0014996030581044817
2025-08-27 00:00:00+00:00,3776.0400307927925,0.0,111262.01,3776.0400307927925,60.0,0.0,1.2522216950724268,-0.0014996030581044817
2025-08-28 00:00:00+00:00,3776.0400307927925,0.0,112566.9,3776.0400307927925,0.0,0.0,1.2522216950724268,-0.0014996030581044817
2025-08-29 00:00:00+00:00,3776.0400307927925,0.0,108377.4,3776.0400307927925,0.0,0.0,1.2522216950724268,-0.0014996030581044817
2025-08-30 00:00:00+00:00,3776.0400307927925,0.0,108816.33,3776.0400307927925,0.0,0.0,1.2522216950724268,-0.0014996030581044817
2025-08-31 00:00:00+00:00,3776.0400307927925,0.0,108246.35,3776.0400307927925,0.0,0.0,1.2522216950724268,-0.0014996030581044817
2025-09-01 00:00:00+00:00,3776.0400307927925,0.0,109237.42,3776.0400307927925,0.0,0.0,1.2522216950724268,-0.0014996030581044817
2025-09-02 00:00:00+00:00,3776.0400307927925,0.0,111240.01,3776.0400307927925,0.0,0.0,1.2522216950724268,-0.0014996030581044817
2025-09-03 00:00:00+00:00,3776.0400307927925,0.0,111705.71,3776.0400307927925,0.0,0.0,1.2522216950724268,-0.0014996030581044817
2025-09-04 00:00:00+00:00,3776.0400307927925,0.0,110730.87,3776.0400307927925,0.0,0.0,1.2522216950724268,-0.0014996030581044817
2025-09-05 00:00:00+00:00,3776.0400307927925,0.0,110659.99,3776.0400307927925,0.0,0.0,1.2522216950724268,-0.0014996030581044817
2025-09-06 00:00:00+00:00,3776.0400307927925,0.0,110187.97,3776.0400307927925,0.0,0.0,1.2522216950724268,-0.0014996030581044817
2025-09-07 00:00:00+00:00,3776.0400307927925,0.0,111137.34,3776.0400307927925,0.0,0.0,1.2522216950724268,-0.0014996030581044817
2025-09-08 00:00:00+00:00,3776.0400307927925,0.0,112065.23,3776.0400307927925,0.0,0.0,1.2522216950724268,-0.0014996030581044817
2025-09-09 00:00:00+00:00,3776.0400307927925,0.0,111546.39,3776.0400307927925,0.0,0.0,1.2522216950724268,-0.0014996030581044817
2025-09-10 00:00:00+00:00,3776.0400307927925,0.0,113960.0,3776.0400307927925,0.0,0.0,1.2522216950724268,-0.0014996030581044817
2025-09-11 00:00:00+00:00,3776.0400307927925,0.0,115482.69,3776.0400307927925,0.0,0.0,1.2522216950724268,-0.0014996030581044817
2025-09-12 00:00:00+00:00,3776.0400307927925,0.0,116029.42,3776.0400307927925,0.0,0.0,1.2522216950724268,-0.0014996030581044817
2025-09-13 00:00:00+00:00,3776.0400307927925,0.0,115918.29,3776.0400307927925,0.0,0.0,1.2522216950724268,-0.0014996030581044817
2025-09-14 00:00:00+00:00,3776.0400307927925,0.0,115268.01,3776.0400307927925,0.0,0.0,1.2522216950724268,-0.0014996030581044817
2025-09-15 00:00:00+00:00,3776.0400307927925,0.0,115349.71,3776.0400307927925,0.0,0.0,1.2522216950724268,-0.0014996030581044817
2025-09-16 00:00:00+00:00,3776.0400307927925,0.0,116788.96,3776.0400307927925,0.0,0.0,1.2522216950724268,-0.0014996030581044817
2025-09-17 00:00:00+00:00,3776.0400307927925,0.0,116447.59,3776.0400307927925,0.0,0.0,1.2522216950724268,-0.0014996030581044817
2025-09-18 00:00:00+00:00,3776.0400307927925,0.0,117073.53,3776.0400307927925,0.0,0.0,1.2522216950724268,-0.0014996030581044817
2025-09-19 00:00:00+00:00,3776.0400307927925,0.0,115632.38,3776.0400307927925,0.0,0.0,1.2522216950724268,-0.0014996030581044817
2025-09-20 00:00:00+00:00,3776.0400307927925,0.0,115685.63,3776.0400307927925,0.0,0.0,1.2522216950724268,-0.0014996030581044817
2025-09-21 00:00:00+00:00,3776.0400307927925,0.0,115232.29,3776.0400307927925,0.0,0.0,1.2522216950724268,-0.0014996030581044817
2025-09-22 00:00:00+00:00,3776.0400307927925,0.0,112650.99,3776.0400307927925,0.0,0.0,1.2522216950724268,-0.0014996030581044817
2025-09-23 00:00:00+00:00,3776.0400307927925,0.0,111998.8,3776.0400307927925,0.0,0.0,1.2522216950724268,-0.0014996030581044817
2025-09-24 00:00:00+00:00,3776.0400307927925,0.0,113307.0,3776.0400307927925,0.0,0.0,1.2522216950724268,-0.0014996030581044817
2025-09-25 00:00:00+00:00,3776.0400307927925,0.0,108994.49,3776.0400307927925,0.0,0.0,1.2522216950724268,-0.0014996030581044817
2025-09-26 00:00:00+00:00,3776.0400307927925,0.0,109643.46,3776.0400307927925,0.0,0.0,1.2522216950724268,-0.0014996030581044817
2025-09-27 00:00:00+00:00,3836.0400307927925,0.0,109635.85,3836.0400307927925,60.0,0.0,1.2522216950724268,-0.0014996030581044817
2025-09-28 00:00:00+00:00,3836.0400307927925,0.0,112163.95,3836.0400307927925,0.0,0.0,1.2522216950724268,-0.0014996030581044817
2025-09-29 00:00:00+00:00,3836.0400307927925,0.0,114311.96,3836.0400307927925,0.0,0.0,1.2522216950724268,-0.0014996030581044817
2025-09-30 00:00:00+00:00,3836.0400307927925,0.0,114048.93,3836.0400307927925,0.0,0.0,1.2522216950724268,-0.0014996030581044817
2025-10-01 00:00:00+00:00,3836.0400307927925,0.0,118594.99,3836.0400307927925,0.0,0.0,1.2522216950724268,-0.0014996030581044817
2025-10-02 00:00:00+00:00,3836.0400307927925,0.0,120529.35,3836.0400307927925,0.0,0.0,1.2522216950724268,-0.0014996030581044817
2025-10-03 00:00:00+00:00,3836.0400307927925,0.0,122232.0,3836.0400307927925,0.0,0.0,1.2522216950724268,-0.0014996030581044817
2025-10-04 00:00:00+00:00,3836.0400307927925,0.0,122391.0,3836.0400307927925,0.0,0.0,1.2522216950724268,-0.0014996030581044817
2025-10-05 00:00:00+00:00,3836.0400307927925,0.0,123482.31,3836.0400307927925,0.0,0.0,1.2522216950724268,-0.0014996030581044817
2025-10-06 00:00:00+00:00,3836.0400307927925,0.0,124658.54,3836.0400307927925,0.0,0.0,1.2522216950724268,-0.0014996030581044817
2025-10-07 00:00:00+00:00,3836.0400307927925,0.0,121332.95,3836.0400307927925,0.0,0.0,1.2522216950724268,-0.0014996030581044817
2025-10-08 00:00:00+00:00,3836.0400307927925,0.0,123306.0,3836.0400307927925,0.0,0.0,1.2522216950724268,-0.0014996030581044817
2025-10-09 00:00:00+00:00,3836.0400307927925,0.0,121662.4,3836.0400307927925,0.0,0.0,1.2522216950724268,-0.0014996030581044817
2025-10-10 00:00:00+00:00,3836.0400307927925,0.0,112774.5,3836.0400307927925,0.0,0.0,1.2522216950724268,-0.0014996030581044817
2025-10-11 00:00:00+00:00,3836.0400307927925,0.0,110644.4,3836.0400307927925,0.0,0.0,1.2522216950724268,-0.0014996030581044817
2025-10-12 00:00:00+00:00,3836.0400307927925,0.0,114958.8,3836.0400307927925,0.0,0.0,1.2522216950724268,-0.0014996030581044817
2025-10-13 00:00:00+00:00,3836.0400307927925,0.0,115166.0,3836.0400307927925,0.0,0.0,1.2522216950724268,-0.0014996030581044817
2025-10-14 00:00:00+00:00,3836.0400307927925,0.0,113028.14,3836.0400307927925,0.0,0.0,1.2522216950724268,-0.0014996030581044817
2025-10-15 00:00:00+00:00,3836.0400307927925,0.0,110763.28,3836.0400307927925,0.0,0.0,1.2522216950724268,-0.0014996030581044817
2025-10-16 00:00:00+00:00,3836.0400307927925,0.0,108194.28,3836.0400307927925,0.0,0.0,1.2522216950724268,-0.0014996030581044817
2025-10-17 00:00:00+00:00,3836.0400307927925,0.0,106431.68,3836.0400307927925,0.0,0.0,1.2522216950724268,-0.0014996030581044817
2025-10-18 00:00:00+00:00,3836.0400307927925,0.0,107185.01,3836.0400307927925,0.0,0.0,1.2522216950724268,-0.0014996030581044817
2025-10-19 00:00:00+00:00,3836.0400307927925,0.0,108642.78,3836.0400307927925,0.0,0.0,1.2522216950724268,-0.0014996030581044817
2025-10-20 00:00:00+00:00,3836.0400307927925,0.0,110532.09,3836.0400307927925,0.0,0.0,1.2522216950724268,-0.0014996030581044817
2025-10-21 00:00:00+00:00,3836.0400307927925,0.0,108297.67,3836.0400307927925,0.0,0.0,1.2522216950724268,-0.0014996030581044817
2025-10-22 00:00:00+00:00,3836.0400307927925,0.0,107567.44,3836.0400307927925,0.0,0.0,1.2522216950724268,-0.0014996030581044817
2025-10-23 00:00:00+00:00,3836.0400307927925,0.0,110078.18,3836.0400307927925,0.0,0.0,1.2522216950724268,-0.0014996030581044817
2025-10-24 00:00:00+00:00,3836.0400307927925,0.0,111004.89,3836.0400307927925,0.0,0.0,1.2522216950724268,-0.0014996030581044817
2025-10-25 00:00:00+00:00,3836.0400307927925,0.0,111646.27,3836.0400307927925,0.0,0.0,1.2522216950724268,-0.0014996030581044817
2025-10-26 00:00:00+00:00,3836.0400307927925,0.0,114559.4,3836.0400307927925,0.0,0.0,1.2522216950724268,-0.0014996030581044817
2025-10-27 00:00:00+00:00,3896.0400307927925,0.0,114107.65,3896.0400307927925,60.0,0.0,1.2522216950724268,-0.0014996030581044817
2025-10-28 00:00:00+00:00,3896.0400307927925,0.0,112898.45,3896.0400307927925,0.0,0.0,1.2522216950724268,-0.0014996030581044817
2025-10-29 00:00:00+00:00,3896.0400307927925,0.0,110021.29,3896.0400307927925,0.0,0.0,1.2522216950724268,-0.0014996030581044817
2025-10-30 00:00:00+00:00,3896.0400307927925,0.0,108322.88,3896.0400307927925,0.0,0.0,1.2522216950724268,-0.0014996030581044817
2025-10-31 00:00:00+00:00,3896.0400307927925,0.0,109608.01,3896.0400307927925,0.0,0.0,1.2522216950724268,-0.0014996030581044817
2025-11-01 00:00:00+00:00,3896.0400307927925,0.0,110098.1,3896.0400307927925,0.0,0.0,1.2522216950724268,-0.0014996030581044817
2025-11-02 00:00:00+00:00,3896.0400307927925,0.0,110540.68,3896.0400307927925,0.0,0.0,1.2522216950724268,-0.0014996030581044817
2025-11-03 00:00:00+00:00,3896.0400307927925,0.0,106583.04,3896.0400307927925,0.0,0.0,1.2522216950724268,-0.0014996030581044817
2025-11-04 00:00:00+00:00,3896.0400307927925,0.0,101497.22,3896.0400307927925,0.0,0.0,1.2522216950724268,-0.0014996030581044817
2025-11-05 00:00:00+00:00,3896.0400307927925,0.0,103885.16,3896.0400307927925,0.0,0.0,1.2522216950724268,-0.0014996030581044817
2025-11-06 00:00:00+00:00,3896.0400307927925,0.0,101346.04,3896.0400307927925,0.0,0.0,1.2522216950724268,-0.0014996030581044817
2025-11-07 00:00:00+00:00,3896.0400307927925,0.0,103339.08,3896.0400307927925,0.0,0.0,1.2522216950724268,-0.0014996030581044817
2025-11-08 00:00:00+00:00,3896.0400307927925,0.0,102312.94,3896.0400307927925,0.0,0.0,1.2522216950724268,-0.0014996030581044817
2025-11-09 00:00:00+00:00,3896.0400307927925,0.0,104722.96,3896.0400307927925,0.0,0.0,1.2522216950724268,-0.0014996030581044817
2025-11-10 00:00:00+00:00,3896.0400307927925,0.0,106011.13,3896.0400307927925,0.0,0.0,1.2522216950724268,-0.0014996030581044817
2025-11-11 00:00:00+00:00,3896.0400307927925,0.0,103058.99,3896.0400307927925,0.0,0.0,1.2522216950724268,-0.0014996030581044817
2025-11-12 00:00:00+00:00,3896.0400307927925,0.0,101654.37,3896.0400307927925,0.0,0.0,1.2522216950724268,-0.0014996030581044817
2025-11-13 00:00:00+00:00,3896.0400307927925,0.0,99692.02,3896.0400307927925,0.0,0.0,1.2522216950724268,-0.0014996030581044817
2025-11-14 00:00:00+00:00,3896.0400307927925,0.0,94594.0,3896.0400307927925,0.0,0.0,1.2522216950724268,-0.0014996030581044817
2025-11-15 00:00:00+00:00,3896.0400307927925,0.0,95596.24,3896.0400307927925,0.0,0.0,1.2522216950724268,-0.0014996030581044817
2025-11-16 00:00:00+00:00,3896.0400307927925,0.0,94261.44,3896.0400307927925,0.0,0.0,1.2522216950724268,-0.0014996030581044817
2025-11-17 00:00:00+00:00,3896.0400307927925,0.0,92215.14,3896.0400307927925,0.0,0.0,1.2522216950724268,-0.0014996030581044817
2025-11-18 00:00:00+00:00,4.547473508864641e-13,0.042186161421206146,92960.83,3921.6605802293034,0.0,0.00657604881726459,1.260456366069261,0.0
2025-11-19 00:00:00+00:00,4.547473508864641e-13,0.042186161421206146,91554.96,3862.3523214720726,0.0,-0.015123251373723612,1.2413941675995852,-0.015123251373723723
2025-11-20 00:00:00+00:00,4.547473508864641e-13,0.042186161421206146,86637.23,3654.892169866164,0.0,-0.05371341978632305,1.1747146415550156,-0.06802434961047588
2025-11-21 00:00:00+00:00,4.547473508864641e-13,0.042186161421206146,85129.43,3591.2838756752694,0.0,-0.01740360350856085,1.154270373697691,-0.08424408430948827
2025-11-22 00:00:00+00:00,4.547473508864641e-13,0.042186161421206146,84739.74,3574.84435043104,0.0,-0.004577617869636841,1.14898656500866,-0.08843606495337886
2025-11-23 00:00:00+00:00,4.547473508864641e-13,0.042186161421206146,86830.0,3663.02439620333,0.0,0.02466682102163631,1.1773284109639932,-0.06595068051780528
2025-11-24 00:00:00+00:00,4.547473508864641e-13,0.042186161421206146,88300.01,3725.038475354117,0.0,0.01692974778302414,1.1972602840194022,-0.05013746112206641
2025-11-25 00:00:00+00:00,4.547473508864641e-13,0.042186161421206146,87369.96,3685.803235924325,0.0,-0.010532841389259029,1.1846497313461666,-0.060142212585666655
2025-11-26 00:00:00+00:00,4.547473508864641e-13,0.042186161421206146,90484.02,3817.173473759646,0.0,0.035642227603171595,1.2268732867008427,-0.026643587412031766
2025-11-27 00:00:00+00:00,0.0,0.0428482685149083,91333.95,3913.5016141272085,60.0,0.009517026306845144,1.2385494720455401,-0.017380128827495733
2025-11-28 00:00:00+00:00,0.0,0.0428482685149083,90890.7,3894.5091191079755,0.0,-0.004853069422706469,1.2325387054742467,-0.022148851278426696
2025-11-29 00:00:00+00:00,0.0,0.0428482685149083,90802.44,3890.72733092885,0.0,-0.000971056444718732,1.2313418408209307,-0.023098399938368375
2025-11-30 00:00:00+00:00,0.0,0.0428482685149083,90360.0,3871.769543007114,0.0,-0.004872556288134988,1.225342058391595,-0.027858407972637722
2025-12-01 00:00:00+00:00,0.0,0.0428482685149083,86286.01,3697.2061255600624,0.0,-0.0450862107127048,1.1700960281518122,-0.07168858863336758
2025-12-02 00:00:00+00:00,0.0,0.0428482685149083,91277.88,3911.099111711578,0.0,0.05785259974357393,1.2377891253300246,-0.017983360114181668
2025-12-03 00:00:00+00:00,0.0,0.0428482685149083,93429.95,4003.3115849344563,0.0,0.023577125147954625,1.2669726344447079,0.0
2025-12-04 00:00:00+00:00,0.0,0.0428482685149083,92078.06,3945.385439211837,0.0,-0.014469557138797606,1.2486401015173172,-0.014469557138797606
2025-12-05 00:00:00+00:00,0.0,0.0428482685149083,89330.04,3827.637540367499,0.0,-0.029844460232980485,1.2113751116622788,-0.043882181249160435
2025-12-06 00:00:00+00:00,0.0,0.0428482685149083,89236.79,3823.641939328483,0.0,-0.0010438817669846667,1.2101105792702356,-0.04488025520724359
2025-12-07 00:00:00+00:00,0.0,0.0428482685149083,90395.31,3873.2825153683752,0.0,0.01298253780755676,1.225820885616936,-0.03248037700972761
2025-12-08 00:00:00+00:00,0.0,0.0428482685149083,90634.34,3883.5245369914937,0.0,0.0026442743544992098,1.2290622923479824,-0.029921989683179606
2025-12-09 00:00:00+00:00,0.0,0.0428482685149083,92678.8,3971.1261080394834,0.0,0.022557233825501566,1.2567865378625829,-0.008039713175485685
2025-12-10 00:00:00+00:00,0.0,0.0428482685149083,92015.37,3942.6992812586373,0.0,-0.007158379262571457,1.2477899831724684,-0.015140541121984818
2025-12-11 00:00:00+00:00,0.0,0.0428482685149083,92513.38,3964.0381474617475,0.0,0.005412247975528528,1.2545433319827783,-0.00981023750949217
2025-12-12 00:00:00+00:00,0.0,0.0428482685149083,90268.42,3867.8454985765184,0.0,-0.02426632774632176,1.2241001723169218,-0.03383850681713918
2025-12-13 00:00:00+00:00,0.0,0.0428482685149083,90240.01,3866.6281792680097,0.0,-0.00031472800786813693,1.2237149137082575,-0.03414258489916755
2025-12-14 00:00:00+00:00,0.0,0.0428482685149083,88172.17,3778.024815702142,0.0,-0.022914891077693733,1.1956736197504834,-0.05627510236278599
2025-12-15 00:00:00+00:00,0.0,0.0428482685149083,86432.08,3703.464972142035,0.0,-0.019735138649757622,1.17207683508485,-0.07489964406488459
2025-12-16 00:00:00+00:00,0.0,0.0428482685149083,87863.42,3764.795412798164,0.0,0.016560286412174774,1.1914867631709305,-0.059579717210594296
2025-12-17 00:00:00+00:00,0.0,0.0428482685149083,86243.22,3695.3726481503095,0.0,-0.018439983328670806,1.1695157671217267,-0.07692105154717477
2025-12-18 00:00:00+00:00,0.0,0.0428482685149083,85516.41,3664.2300981109893,0.0,-0.008427445079160933,1.1596597372250956,-0.08470024868899051
2025-12-19 00:00:00+00:00,0.0,0.0428482685149083,88136.94,3776.515271202362,0.0,0.03064359226492308,1.1951958773786693,-0.056652176309630486
2025-12-20 00:00:00+00:00,0.0,0.0428482685149083,88360.9,3786.1115694189602,0.0,0.002541045786250251,1.198232924826626,-0.054255086297273825
2025-12-21 00:00:00+00:00,0.0,0.0428482685149083,88658.86,3798.8786395056627,0.0,0.003372079732098854,1.2022734617867674,-0.05106595904204114
2025-12-22 00:00:00+00:00,0.0,0.0428482685149083,88620.79,3797.2474059233,0.0,-0.00042939870871339103,1.2017572071147558,-0.05147343009388272
2025-12-23 00:00:00+00:00,0.0,0.0428482685149083,87486.0,3748.6236192952674,0.0,-0.01280500884724678,1.1863686954454087,-0.06361932121337921
2025-12-24 00:00:00+00:00,0.0,0.0428482685149083,87669.45,3756.4841341543274,0.0,0.00209690693368092,1.1888564001887902,-0.061655818075466606
2025-12-25 00:00:00+00:00,0.0,0.0428482685149083,87225.27,3737.4517902453754,0.0,-0.005066531157660981,1.182833022195249,-0.06640996810979727
2025-12-26 00:00:00+00:00,0.0,0.0428482685149083,87369.56,3743.6343669093912,0.0,0.0016542224518192317,1.1847896911373175,-0.06486560251824991
2025-12-27 00:00:00+00:00,7.105427357601002e-15,0.043533977643895744,87877.01,3825.6357887524023,60.0,0.005877022082467542,1.1917527263152115,-0.05936979701417466
2025-12-28 00:00:00+00:00,7.105427357601002e-15,0.043533977643895744,87952.71,3828.931310860046,0.0,0.0008614312207484431,1.1927793393210715,-0.05855950879014371
2025-12-29 00:00:00+00:00,7.105427357601002e-15,0.043533977643895744,87237.13,3797.779267137627,0.0,-0.008135963064696994,1.1830749306720216,-0.06621903385423722
2025-12-30 00:00:00+00:00,7.105427357601002e-15,0.043533977643895744,88485.49,3852.1253434691607,0.0,0.014309961824741313,1.2000046877657466,-0.05285666387602139
2025-12-31 00:00:00+00:00,7.105427357601002e-15,0.043533977643895744,87648.22,3815.675650007256,0.0,-0.009462229344042727,1.1886499681961809,-0.06181875134410819
2026-01-01 00:00:00+00:00,7.105427357601002e-15,0.043533977643895744,88839.04,3867.5167812651594,0.0,0.013586356916318154,1.2047993909126644,-0.04907228604767211
2026-01-02 00:00:00+00:00,7.105427357601002e-15,0.043533977643895744,89995.13,3917.8459774794915,0.0,0.013013310364452524,1.2204778193135142,-0.03669756857185125
2026-01-03 00:00:00+00:00,7.105427357601002e-15,0.043533977643895744,90628.01,3945.3977612507597,0.0,0.007032380529924165,1.2290606837672589,-0.029923259308647365
2026-01-04 00:00:00+00:00,7.105427357601002e-15,0.043533977643895744,91529.73,3984.653219571813,0.0,0.00994968332637991,1.241289448359647,-0.020271302936481606
2026-01-05 00:00:00+00:00,7.105427357601002e-15,0.043533977643895744,93859.71,4086.086516802538,0.0,0.025455991184503812,1.272887701614508,0.0
2026-01-06 00:00:00+00:00,7.105427357601002e-15,0.043533977643895744,93747.97,4081.2220301406087,0.0,-0.0011905001624233913,1.271372328598989,-0.0011905001624233913
2026-01-07 00:00:00+00:00,7.105427357601002e-15,0.043533977643895744,91364.16,3977.445298893314,0.0,-0.02542785726453589,1.2390440544972934,-0.026588085558755803
2026-01-08 00:00:00+00:00,7.105427357601002e-15,0.043533977643895744,91099.99,3965.944928019126,0.0,-0.0028913963637382523,1.2354614870236085,-0.029402605228590617
2026-01-09 00:00:00+00:00,7.105427357601002e-15,0.043533977643895744,90641.28,3945.9754571340945,0.0,-0.0050352365571061375,1.2292406461792504,-0.03428979271297561
2026-01-10 00:00:00+00:00,7.105427357601002e-15,0.043533977643895744,90504.7,3940.029586467491,0.0,-0.00150681896813476,1.2273884030571853,-0.03574494317103705
2026-01-11 00:00:00+00:00,7.105427357601002e-15,0.043533977643895744,91013.65,3962.1862043893516,0.0,0.005623464858730998,1.2342905786097913,-0.030322488744105813
2026-01-12 00:00:00+00:00,7.105427357601002e-15,0.043533977643895744,91296.2,3974.4867297726346,0.0,0.003104479383037706,1.2381224082637632,-0.02731214490221645
2026-01-13 00:00:00+00:00,7.105427357601002e-15,0.043533977643895744,95414.0,4153.7509429146685,0.0,0.04510373925749378,1.2939663585349521,0.0
2026-01-14 00:00:00+00:00,7.105427357601002e-15,0.043533977643895744,96951.78,4220.696623055898,0.0,0.01611692204498283,1.3148211134642902,0.0
2026-01-15 00:00:00+00:00,4214.367688469626,0.0,95604.8,4214.367688469626,0.0,-0.001499499999999987,1.3128495392046504,-0.001499500000000098
2026-01-16 00:00:00+00:00,4214.367688469626,0.0,95550.94,4214.367688469626,0.0,0.0,1.3128495392046504,-0.001499500000000098
2026-01-17 00:00:00+00:00,4214.367688469626,0.0,95147.77,4214.367688469626,0.0,0.0,1.3128495392046504,-0.001499500000000098
2026-01-18 00:00:00+00:00,4214.367688469626,0.0,93673.14,4214.367688469626,0.0,0.0,1.3128495392046504,-0.001499500000000098
2026-01-19 00:00:00+00:00,4214.367688469626,0.0,92631.0,4214.367688469626,0.0,0.0,1.3128495392046504,-0.001499500000000098
2026-01-20 00:00:00+00:00,4214.367688469626,0.0,88427.66,4214.367688469626,0.0,0.0,1.3128495392046504,-0.001499500000000098
2026-01-21 00:00:00+00:00,4214.367688469626,0.0,89454.73,4214.367688469626,0.0,0.0,1.3128495392046504,-0.001499500000000098
2026-01-22 00:00:00+00:00,4214.367688469626,0.0,89559.67,4214.367688469626,0.0,0.0,1.3128495392046504,-0.001499500000000098
2026-01-23 00:00:00+00:00,4214.367688469626,0.0,89600.26,4214.367688469626,0.0,0.0,1.3128495392046504,-0.001499500000000098
2026-01-24 00:00:00+00:00,4214.367688469626,0.0,89225.34,4214.367688469626,0.0,0.0,1.3128495392046504,-0.001499500000000098
2026-01-25 00:00:00+00:00,4214.367688469626,0.0,86670.36,4214.367688469626,0.0,0.0,1.3128495392046504,-0.001499500000000098
2026-01-26 00:00:00+00:00,4214.367688469626,0.0,88347.08,4214.367688469626,0.0,0.0,1.3128495392046504,-0.001499500000000098
2026-01-27 00:00:00+00:00,4274.367688469626,0.0,89250.0,4274.367688469626,60.0,0.0,1.3128495392046504,-0.001499500000000098
2026-01-28 00:00:00+00:00,4274.367688469626,0.0,89299.99,4274.367688469626,0.0,0.0,1.3128495392046504,-0.001499500000000098
2026-01-29 00:00:00+00:00,4274.367688469626,0.0,84650.16,4274.367688469626,0.0,0.0,1.3128495392046504,-0.001499500000000098
2026-01-30 00:00:00+00:00,4274.367688469626,0.0,84260.49,4274.367688469626,0.0,0.0,1.3128495392046504,-0.001499500000000098
2026-01-31 00:00:00+00:00,4274.367688469626,0.0,78741.09,4274.367688469626,0.0,0.0,1.3128495392046504,-0.001499500000000098
2026-02-01 00:00:00+00:00,0.0,0.054202489031448774,76968.21,4171.868558295246,0.0,-0.023979951572925762,1.281367470831985,-0.025443493635542103
2026-02-02 00:00:00+00:00,0.0,0.054202489031448774,78738.61,4267.828644876523,0.0,0.023001704210088958,1.3108411063804921,-0.0030270331401293094
2026-02-03 00:00:00+00:00,0.0,0.054202489031448774,75770.21,4106.933976435571,0.0,-0.03769942090671896,1.2614231557692248,-0.04061233665039987
2026-02-04 00:00:00+00:00,0.0,0.054202489031448774,73165.83,3965.7700980518457,0.0,-0.03437208369885758,1.218065413479448,-0.07358848971470378
2026-02-05 00:00:00+00:00,0.0,0.054202489031448774,62909.86,3409.870996619978,0.0,-0.14017431361060206,1.0473239302121522,-0.2034475872899063
2026-02-06 00:00:00+00:00,0.0,0.054202489031448774,70580.26,3825.6257684868024,0.0,0.12192683309102881,1.1750208202433696,-0.10632647421714636
2026-02-07 00:00:00+00:00,0.0,0.054202489031448774,69289.38,3755.6568594458863,0.0,-0.01828953307907888,1.1535302380829222,-0.12267134572884886
2026-02-08 00:00:00+00:00,0.0,0.054202489031448774,70330.38,3812.0816505276243,0.0,0.015023947392803771,1.1708608156958884,-0.1094904061808798
2026-02-09 00:00:00+00:00,0.0,0.054202489031448774,70138.0,3801.654175687754,0.0,-0.0027353755233513466,1.1676580716793827,-0.11192628432712215
2026-02-10 00:00:00+00:00,0.0,0.054202489031448774,68841.29,3731.3692661357836,0.0,-0.01848798083777714,1.1460704316250985,-0.1283449741650159
2026-02-11 00:00:00+00:00,0.0,0.054202489031448774,67082.52,3636.0395545019433,0.0,-0.025548184817570707,1.1167904124239874,-0.15061417786221243
2026-02-12 00:00:00+00:00,0.0,0.054202489031448774,66272.17,3592.1165675153084,0.0,-0.01207989801217968,1.1032996981409255,-0.1608746719666283
2026-02-13 00:00:00+00:00,0.0,0.054202489031448774,68853.96,3732.056011671813,0.0,0.03895737833844892,1.1462813619020982,-0.12818454908905708
2026-02-14 00:00:00+00:00,0.0,0.054202489031448774,69822.95,3784.577681518396,0.0,0.014073119396473155,1.1624131163700984,-0.11591538615669728
2026-02-15 00:00:00+00:00,0.0,0.054202489031448774,68832.58,3730.8971624563205,0.0,-0.014184018291979794,1.1459254274646677,-0.1284552584911085
2026-02-16 00:00:00+00:00,0.0,0.054202489031448774,68892.43,3734.141181424852,0.0,0.0008695010415125104,1.146921810817344,-0.12769744943064165
2026-02-17 00:00:00+00:00,0.0,0.054202489031448774,67503.52,3658.858802384183,0.0,-0.02016056045635195,1.1237992243116524,-0.14528355773762514
2026-02-18 00:00:00+00:00,0.0,0.054202489031448774,66461.0,3602.351623519117,0.0,-0.015443935368111283,1.1064433417246495,-0.15848374322998737
2026-02-19 00:00:00+00:00,0.0,0.054202489031448774,67003.73,3631.768940391155,0.0,0.008166142549766109,1.1154787157764126,-0.1516118015192579
2026-02-20 00:00:00+00:00,0.0,0.054202489031448774,68020.01,3686.8538459440356,0.0,0.01516751380855963,1.1323977546011057,-0.13874386180378218
2026-02-21 00:00:00+00:00,0.0,0.054202489031448774,67975.93,3684.4646002275294,0.0,-0.0006480445974647031,1.1316639103540553,-0.1393019941911735
2026-02-22 00:00:00+00:00,0.0,0.054202489031448774,67643.4,3666.440646549902,0.0,-0.004891878639983305,1.1261279478433543,-0.143512424381266
2026-02-23 00:00:00+00:00,0.0,0.054202489031448774,64656.02,3504.517214867132,0.0,-0.04416365824308066,1.0763940180168188,-0.18133804896033634
2026-02-24 00:00:00+00:00,0.0,0.054202489031448774,64058.15,3472.1111727499006,0.0,-0.009246934778849525,1.0664406727358735,-0.18890816262752586
2026-02-25 00:00:00+00:00,0.0,0.054202489031448774,67988.04,3685.1209923697,0.0,0.06134879012272432,1.1318655177458836,-0.13914865972630697
2026-02-26 00:00:00+00:00,0.0,0.054202489031448774,67485.18,3657.8647287353456,0.0,-0.00739630087880172,1.1234938998222943,-0.145515775250891
2026-02-27 00:00:00+00:00,-7.105427357601002e-15,0.055090240920235276,65872.1,3628.9098589218306,60.0,-0.02431879700599804,1.0961718797350388,-0.16629580365739216
2026-02-28 00:00:00+00:00,-7.105427357601002e-15,0.055090240920235276,66973.26,3689.5730286135563,0.0,0.016716637240956178,1.1144961874023065,-0.15235907304086993
2026-03-01 00:00:00+00:00,-7.105427357601002e-15,0.055090240920235276,65776.47,3623.641579182628,0.0,-0.01786966917841537,1.094580509232822,-0.1675061359877149
2026-03-02 00:00:00+00:00,-7.105427357601002e-15,0.055090240920235276,68830.06,3791.864587954249,0.0,0.04642374393153048,1.1453950345058908,-0.12885865402023833
2026-03-03 00:00:00+00:00,-7.105427357601002e-15,0.055090240920235276,68338.0,3764.7568840070385,0.0,-0.007148911391331003,1.1372067068961376,-0.13508636631197246
2026-03-04 00:00:00+00:00,-7.105427357601002e-15,0.055090240920235276,72666.77,4003.2298661953255,0.0,0.06334352775907992,1.2092413915022249,-0.08029968554724831
2026-03-05 00:00:00+00:00,-7.105427357601002e-15,0.055090240920235276,70890.72,3905.386843808941,0.0,-0.02444102029029238,1.1796862981166576,-0.10277809959377626
2026-03-06 00:00:00+00:00,-7.105427357601002e-15,0.055090240920235276,68114.02,3752.417771845724,0.0,-0.0391687374595715,1.1334794752210724,-0.13792114865376548
2026-03-07 00:00:00+00:00,-7.105427357601002e-15,0.055090240920235276,67262.91,3705.529916896103,0.0,-0.012495371731106153,1.119316227828606,-0.14869314436286163
2026-03-08 00:00:00+00:00,-7.105427357601002e-15,0.055090240920235276,65971.2,3634.3693017970254,0.0,-0.01920389706600567,1.0978209942050756,-0.1650415535901023
2026-03-09 00:00:00+00:00,-7.105427357601002e-15,0.055090240920235276,68432.16,3769.944181092088,0.0,0.03730355064027946,1.1387736152563666,-0.13389463890192166
2026-03-10 00:00:00+00:00,-7.105427357601002e-15,0.055090240920235276,69948.63,3853.486878740397,0.0,0.022160194855751936,1.1640090604670368,-0.11470157533437675
2026-03-11 00:00:00+00:00,-7.105427357601002e-15,0.055090240920235276,70191.86,3866.8864780394256,0.0,0.0034772661022810514,1.1680566297157469,-0.1116231571318842
2026-03-12 00:00:00+00:00,-7.105427357601002e-15,0.055090240920235276,70541.34,3886.1394154362292,0.0,0.0049789249066771735,1.173872295961848,-0.10719999554241288
2026-03-13 00:00:00+00:00,-7.105427357601002e-15,0.055090240920235276,70930.0,3907.550788472288,0.0,0.005509677020595349,1.1803399531760224,-0.10228095587386554
2026-03-14 00:00:00+00:00,-7.105427357601002e-15,0.055090240920235276,71211.95,3923.083481899748,0.0,0.0039750458198224425,1.185031858572864,-0.09871248154013701
2026-03-15 00:00:00+00:00,-7.105427357601002e-15,0.055090240920235276,72815.24,4011.4091142647526,0.0,0.022514339236602954,1.2117120678429556,-0.0784205885998156
2026-03-16 00:00:00+00:00,-7.105427357601002e-15,0.055090240920235276,74884.67,4125.4145115323145,0.0,0.028420286742170786,1.2461492722600012,-0.05222903747214136
2026-03-17 00:00:00+00:00,-7.105427357601002e-15,0.055090240920235276,73909.36,4071.6844486604004,0.0,-0.013024161019872138,1.2299192234832905,-0.06457295909806327
2026-03-18 00:00:00+00:00,-7.105427357601002e-15,0.055090240920235276,71246.54,3924.989053333179,0.0,-0.03602818371042593,1.18560746775065,-0.09827469637537845
2026-03-19 00:00:00+00:00,-7.105427357601002e-15,0.055090240920235276,69930.0,3852.460547552053,0.0,-0.018478651735228002,1.1636990402594003,-0.11493736422190048
2026-03-20 00:00:00+00:00,-7.105427357601002e-15,0.055090240920235276,70510.73,3884.4531031616607,0.0,0.008304447304447127,1.1733629176174702,-0.10758740820194612
2026-03-21 00:00:00+00:00,-7.105427357601002e-15,0.055090240920235276,68918.12,3796.715834569685,0.0,-0.022586775090826627,1.1468604332973282,-0.12774413070111057
2026-03-22 00:00:00+00:00,-7.105427357601002e-15,0.055090240920235276,67859.0,3738.3686586062454,0.0,-0.015367801675379433,1.1292357096090753,-0.14114878591068147
2026-03-23 00:00:00+00:00,-7.105427357601002e-15,0.055090240920235276,70906.45,3906.2534132986166,0.0,0.04490856039729452,1.1799480596768361,-0.10257901429046157
2026-03-24 00:00:00+00:00,-7.105427357601002e-15,0.055090240920235276,70556.74,3886.9878051464016,0.0,-0.004931991377371103,1.1741285660207643,-0.1070050868538528
2026-03-25 00:00:00+00:00,-7.105427357601002e-15,0.055090240920235276,71336.53,3929.9466241135915,0.0,0.011051956198656399,1.187104983504017,-0.0971357461881387
2026-03-26 00:00:00+00:00,-7.105427357601002e-15,0.055090240920235276,68820.31,3791.327458105277,0.0,-0.035272531478612756,1.1452327856049536,-0.12898205400163176
2026-03-27 00:00:00+00:00,7.105427357601002e-15,0.055960770345162544,66407.28,3716.2025453269057,60.0,-0.03564052809247453,1.1044160843371773,-0.1600255935750361
2026-03-28 00:00:00+00:00,7.105427357601002e-15,0.055960770345162544,66377.03,3714.5097320239647,0.0,-0.00045552234634516076,1.1039129981310987,-0.1604082206875207
2026-03-29 00:00:00+00:00,7.105427357601002e-15,0.055960770345162544,66010.93,3694.0224940006,0.0,-0.005515462201306831,1.0978244077163752,-0.16503895741084662
2026-03-30 00:00:00+00:00,7.105427357601002e-15,0.055960770345162544,66797.37,3738.03228223085,0.0,0.01191378458082637,1.1109036512174815,-0.1550914114160573
2026-03-31 00:00:00+00:00,7.105427357601002e-15,0.055960770345162544,68284.48,3821.252103418845,0.0,0.022263002270897836,1.135635701727285,-0.1362812095897119
2026-04-01 00:00:00+00:00,7.105427357601002e-15,0.055960770345162544,68113.92,3811.707434428774,0.0,-0.0024977857340350296,1.1327991270724496,-0.13843859406261672
2026-04-02 00:00:00+00:00,7.105427357601002e-15,0.055960770345162544,66901.99,3743.8868980243615,0.0,-0.01779269200774225,1.1126435810978101,-0.15376809080421805
2026-04-03 00:00:00+00:00,7.105427357601002e-15,0.055960770345162544,66964.3,3747.3738136245684,0.0,0.0009313624303253221,1.1136798555275873,-0.15297994219665056
2026-04-04 00:00:00+00:00,7.105427357601002e-15,0.055960770345162544,67300.42,3766.183347752984,0.0,0.0050193909291964545,1.1192698500924514,-0.14872841740166498
2026-04-05 00:00:00+00:00,7.105427357601002e-15,0.055960770345162544,69034.18,3863.205892946613,0.0,0.025761503420038023,1.1481039241635536,-0.12679838161517676
2026-04-06 00:00:00+00:00,7.105427357601002e-15,0.055960770345162544,68853.66,3853.1038546839045,0.0,-0.0026149365430283567,1.145101705257064,-0.12908174843652276
2026-04-07 00:00:00+00:00,7.105427357601002e-15,0.055960770345162544,71924.22,4024.934757674947,0.0,0.04459545069935289,1.1961680318996004,-0.09024275648575697
2026-04-08 00:00:00+00:00,7.105427357601002e-15,0.055960770345162544,71069.93,3977.1280311767773,0.0,-0.01187764010509973,1.1819603785114714,-0.10104852560722677
2026-04-09 00:00:00+00:00,7.105427357601002e-15,0.055960770345162544,71787.97,4017.3101027154185,0.0,0.010103288409036182,1.1939020651036263,-0.09196615959570842
2026-04-10 00:00:00+00:00,7.105427357601002e-15,0.055960770345162544,72962.7,4083.048898462991,0.0,0.01636388380950171,1.213438939776906,-0.077107199336237
2026-04-11 00:00:00+00:00,7.105427357601002e-15,0.055960770345162544,73043.16,4087.551502044963,0.0,0.0011027552434326182,1.2147770659303303,-0.07608947446117886
2026-04-12 00:00:00+00:00,7.105427357601002e-15,0.055960770345162544,70740.98,3958.7197357717364,0.0,-0.03151807780495808,1.1764896278506594,-0.10520935828993128
2026-04-13 00:00:00+00:00,7.105427357601002e-15,0.055960770345162544,74417.99,4164.488047938603,0.0,0.05197849959104328,1.2376417934907615,-0.058699483285735043
2026-04-14 00:00:00+00:00,7.105427357601002e-15,0.055960770345162544,74131.55,4148.458644880935,0.0,-0.0038490692909065594,1.2328780244702937,-0.06232261419813445
2026-04-15 00:00:00+00:00,7.105427357601002e-15,0.055960770345162544,74809.99,4186.424669913907,0.0,0.009151838859432937,1.2441611254835818,-0.05374114186114143
2026-04-16 00:00:00+00:00,7.105427357601002e-15,0.055960770345162544,75154.29,4205.691963143746,0.0,0.004602326507462395,1.2498871612109492,-0.04938614963540788
2026-04-17 00:00:00+00:00,7.105427357601002e-15,0.055960770345162544,77072.0,4313.008492042368,0.0,0.02551697314950352,1.2817804983434782,-0.025129361540108364
2026-04-18 00:00:00+00:00,7.105427357601002e-15,0.055960770345162544,75691.76,4235.76919838116,0.0,-0.017908449242267088,1.258825797349166,-0.04258778288674392
2026-04-19 00:00:00+00:00,7.105427357601002e-15,0.055960770345162544,73801.79,4130.005021251914,0.0,-0.02496929652580404,1.227393802740823,-0.0664936924332723
2026-04-20 00:00:00+00:00,7.105427357601002e-15,0.055960770345162544,75840.97,4244.119104924363,0.0,0.027630495141107048,1.2613073012436784,-0.04070045093785701
2026-04-21 00:00:00+00:00,7.105427357601002e-15,0.055960770345162544,76336.15,4271.829759183879,0.0,0.006529188643024764,1.2695426145503228,-0.03443700321686172
2026-04-22 00:00:00+00:00,7.105427357601002e-15,0.055960770345162544,78178.23,4374.913975021296,0.0,0.02413116197240761,1.3001781530129104,-0.011136846146924562
2026-04-23 00:00:00+00:00,7.105427357601002e-15,0.055960770345162544,78257.48,4379.348866071151,0.0,0.0010137093152404741,1.3014961557180917,-0.010134426356365633
2026-04-24 00:00:00+00:00,7.105427357601002e-15,0.055960770345162544,77437.13,4333.441448118497,0.0,-0.010482704017558464,1.2878529567377088,-0.02051089418204255
2026-04-25 00:00:00+00:00,7.105427357601002e-15,0.055960770345162544,77625.0,4343.954798043243,0.0,0.0024260971448710755,1.2909774131190639,-0.01813455845898526
2026-04-26 00:00:00+00:00,7.105427357601002e-15,0.055960770345162544,78657.55,4401.73709146314,0.0,0.01330177133655397,1.3081496994690296,-0.005074008872342217
2026-04-27 00:00:00+00:00,7.105427357601002e-15,0.05672242774343666,77371.32,4388.689108114316,60.0,-0.01659526269537903,1.28644061156146,-0.02158506705756602
2026-04-28 00:00:00+00:00,7.105427357601002e-15,0.05672242774343666,76342.77,4330.347255058804,0.0,-0.013293685567210223,1.2693390745704722,-0.03459180753036584
2026-04-29 00:00:00+00:00,7.105427357601002e-15,0.05672242774343666,75780.0,4298.42557439763,0.0,-0.007371621438415188,1.2599819874357505,-0.04170843125879653
2026-04-30 00:00:00+00:00,7.105427357601002e-15,0.05672242774343666,76346.57,4330.5628002842295,0.0,0.007476510952758142,1.269402256565092,-0.03454375384916708
2026-05-01 00:00:00+00:00,7.105427357601002e-15,0.05672242774343666,78231.13,4437.4596187124,0.0,0.024684278547156602,1.300736535454534,-0.010712162944087722
2026-05-02 00:00:00+00:00,7.105427357601002e-15,0.05672242774343666,78686.85,4463.309163483639,0.0,0.005825302536215604,1.3083137192934655,-0.004949261997838628
2026-05-03 00:00:00+00:00,7.105427357601002e-15,0.05672242774343666,78568.57,4456.600034730145,0.0,-0.0015031736560811026,1.306347096576734,-0.006444996053667551
2026-05-04 00:00:00+00:00,7.105427357601002e-15,0.05672242774343666,79861.01,4529.910369242873,0.0,0.01644983483853668,1.3278362905572232,0.0
2026-05-05 00:00:00+00:00,7.105427357601002e-15,0.05672242774343666,80905.52,4589.1575122451695,0.0,0.013079098298406144,1.345203191925612,0.0
2026-05-06 00:00:00+00:00,7.105427357601002e-15,0.05672242774343666,81447.01,4619.872139643962,0.0,0.006692868422327525,1.354206459890465,0.0
2026-05-07 00:00:00+00:00,7.105427357601002e-15,0.05672242774343666,80006.0,4538.134554041393,0.0,-0.017692607745821376,1.3302470161887656,-0.017692607745821376
2026-05-08 00:00:00+00:00,7.105427357601002e-15,0.05672242774343666,80193.17,4548.751290842132,0.0,0.0023394495412845107,1.3333590619605835,-0.01539454916761196
2026-05-09 00:00:00+00:00,7.105427357601002e-15,0.05672242774343666,80678.4,4576.27471445608,0.0,0.006050764672353104,1.3414269038682565,-0.00943693328950912
2026-05-10 00:00:00+00:00,7.105427357601002e-15,0.05672242774343666,82210.07,4663.15475535787,0.0,0.018984883190544366,1.366893736946849,0.0
2026-05-11 00:00:00+00:00,7.105427357601002e-15,0.05672242774343666,81745.65,4636.8117254652625,0.0,-0.005649186285816565,1.3591718995939204,-0.005649186285816565
2026-05-12 00:00:00+00:00,7.105427357601002e-15,0.05672242774343666,80504.47,4566.408982598664,0.0,-0.015183437895472052,1.3385349974671652,-0.020746850112158044
2026-05-13 00:00:00+00:00,7.105427357601002e-15,0.05672242774343666,79313.61,4498.860512296115,0.0,-0.014792470529897184,1.3187347579638962,-0.035232423473182894
2026-05-14 00:00:00+00:00,7.105427357601002e-15,0.05672242774343666,81089.99,4599.621098491001,0.0,0.022396912711450057,1.3482703452275688,-0.01362460827487455
2026-05-15 00:00:00+00:00,7.105427357601002e-15,0.05672242774343666,79113.21,4487.493337776331,0.0,-0.024377608136343265,1.315402739089759,-0.037670081049681725
2026-05-16 00:00:00+00:00,7.105427357601002e-15,0.05672242774343666,78148.05,4432.747119415475,0.0,-0.012199732509905914,1.2993551775300662,-0.04941024864715504
2026-05-17 00:00:00+00:00,7.105427357601002e-15,0.05672242774343666,77457.67,4393.587089749961,0.0,-0.008834257540655255,1.287876339254982,-0.057808003326113466
2026-05-18 00:00:00+00:00,7.105427357601002e-15,0.05672242774343666,77001.87,4367.733007184503,0.0,-0.00588450440091981,1.2802978252687955,-0.06335233627705228
2026-05-19 00:00:00+00:00,7.105427357601002e-15,0.05672242774343666,76834.36,4358.2314333132,0.0,-0.0021754017142699977,1.2775126631849296,-0.06538992121038223
2026-05-20 00:00:00+00:00,7.105427357601002e-15,0.05672242774343666,77552.23,4398.95076251738,0.0,0.009343085567446563,1.289448573310563,-0.056657779272052844
2026-05-21 00:00:00+00:00,7.105427357601002e-15,0.05672242774343666,77615.52,4402.5407249692635,0.0,0.000816095165800057,1.2905008860577896,-0.05588792224602168
2026-05-22 00:00:00+00:00,7.105427357601002e-15,0.05672242774343666,75539.5,4284.7838305253335,0.0,-0.026747485554435624,1.2559832322499724,-0.08114054640751445
2026-05-23 00:00:00+00:00,7.105427357601002e-15,0.05672242774343666,76752.01,4353.560341388527,0.0,0.01605133737978126,1.276143442854165,-0.06639162331329995
2026-05-24 00:00:00+00:00,7.105427357601002e-15,0.05672242774343666,77064.96,4371.311625150836,0.0,0.0040774176467821555,1.2813468126478837,-0.06258491204301397
2026-05-25 00:00:00+00:00,7.105427357601002e-15,0.05672242774343666,77322.01,4385.8921252022865,0.0,0.003335497741126403,1.2856207420470702,-0.059458166134635726
2026-05-26 00:00:00+00:00,7.105427357601002e-15,0.05672242774343666,75930.01,4306.9345057834225,0.0,-0.018002635989416205,1.2624761798075537,-0.07639039840253181
2026-05-27 00:00:00+00:00,7.105427357601002e-15,0.057511445220026165,74449.3,4281.686838619295,60.0,-0.01979311899209424,1.2374878385559382,-0.0946715131491912
2026-05-28 00:00:00+00:00,7.105427357601002e-15,0.057511445220026165,73617.51,4233.8493935997285,0.0,-0.011172569789104969,1.2236619193165033,-0.10478635885059673
2026-05-29 00:00:00+00:00,7.105427357601002e-15,0.057511445220026165,73460.78,4224.835624790394,0.0,-0.0021289771957785364,1.2210567709949358,-0.10669224827795376
2026-05-30 00:00:00+00:00,7.105427357601002e-15,0.057511445220026165,73884.38,4249.197472985597,0.0,0.0057663422577327594,1.2280978022526146,-0.10154113004003873
2026-05-31 00:00:00+00:00,7.105427357601002e-15,0.057511445220026165,73674.39,4237.120644603843,0.0,-0.0028421433596657053,1.2246073722389221,-0.10409467895122826
2026-06-01 00:00:00+00:00,7.105427357601002e-15,0.057511445220026165,71408.9,4106.829040572326,0.0,-0.03075003403489318,1.1869506538631942,-0.13164379806551985
2026-06-02 00:00:00+00:00,7.105427357601002e-15,0.057511445220026165,66760.83,3839.5118173884794,0.0,-0.06509090603552226,1.1096909603837832,-0.18816589001100015
2026-06-03 00:00:00+00:00,7.105427357601002e-15,0.057511445220026165,64142.75,3688.942252886833,0.0,-0.039215809629688625,1.0661735309335865,-0.2200026219192165
2026-06-04 00:00:00+00:00,7.105427357601002e-15,0.057511445220026165,63885.99,3674.1756142121394,0.0,-0.004002946552805975,1.0619056952732429,-0.22312490973500265
2026-06-05 00:00:00+00:00,7.105427357601002e-15,0.057511445220026165,61056.47,3511.445829733171,0.0,-0.04429014874779269,1.0148737340734628,-0.2575328230412942
2026-06-06 00:00:00+00:00,7.105427357601002e-15,0.057511445220026165,60884.62,3501.5624878721096,0.0,-0.0028146075264423587,1.012017262823151,-0.25962257674569855
2026-06-07 00:00:00+00:00,7.105427357601002e-15,0.057511445220026165,63332.01,3642.3154237891495,0.0,0.040197179517585946,1.052697502411749,-0.22986149255237776
2026-06-08 00:00:00+00:00,7.105427357601002e-15,0.057511445220026165,63085.99,3628.1664580361185,0.0,-0.003884607483640612,1.0486081858158707,-0.2328531783618486
2026-06-09 00:00:00+00:00,7.105427357601002e-15,0.057511445220026165,61730.0,3550.181513432215,0.0,-0.0214943127626277,1.0260690735044928,-0.2493424720809947
2026-06-10 00:00:00+00:00,7.105427357601002e-15,0.057511445220026165,61510.99,3537.585931814577,0.0,-0.003547869755386346,1.022428714071669,-0.2520057072209515
2026-06-11 00:00:00+00:00,7.105427357601002e-15,0.057511445220026165,63625.99,3659.2226384549326,0.0,0.03438409949181431,1.057584004699597,-0.22628659703872744
2026-06-12 00:00:00+00:00,7.105427357601002e-15,0.057511445220026165,63580.01,3656.578262203716,0.0,-0.0007226606611543396,1.0568197303435345,-0.22684572927805546
2026-06-13 00:00:00+00:00,7.105427357601002e-15,0.057511445220026165,64458.01,3707.073311106899,0.0,0.013809371845018514,1.0714137469730005,-0.2161689544600921
2026-06-14 00:00:00+00:00,7.105427357601002e-15,0.057511445220026165,65746.45,3781.173357586189,0.0,0.019988826834709705,1.0928300508295714,-0.20050109142312533
2026-06-15 00:00:00+00:00,7.105427357601002e-15,0.057511445220026165,66328.74,3814.6616970233586,0.0,0.00885659986204601,1.1025088093069884,-0.19342024949971748
2026-06-16 00:00:00+00:00,7.105427357601002e-15,0.057511445220026165,65675.01,3777.0647399396703,0.0,-0.009855908615179598,1.0916425832350283,-0.20136982581150253
2026-06-17 00:00:00+00:00,7.105427357601002e-15,0.057511445220026165,64509.4,3710.028824276756,0.0,-0.01774815108516914,1.0722679457367688,-0.21554403480417483
2026-06-18 00:00:00+00:00,7.105427357601002e-15,0.057511445220026165,62958.01,3620.8061432768595,0.0,-0.02404905331626095,1.0464809167404276,-0.23440945813542813
2026-06-19 00:00:00+00:00,7.105427357601002e-15,0.057511445220026165,63543.91,3654.5020990312732,0.0,0.009306202657930474,1.056219680229271,-0.22728471739984168
2026-06-20 00:00:00+00:00,7.105427357601002e-15,0.057511445220026165,64298.01,3697.8714798716946,0.0,0.011867384301658346,1.0687542450815264,-0.21811460818546102
2026-06-21 00:00:00+00:00,7.105427357601002e-15,0.057511445220026165,63311.99,3641.1640446558445,0.0,-0.01533515578475908,1.0523647322375786,-0.23010494247476432
2026-06-22 00:00:00+00:00,7.105427357601002e-15,0.057511445220026165,64020.01,3681.8832981005276,0.0,0.011183031839624658,1.0641333605450896,-0.22149518153328995
2026-06-23 00:00:00+00:00,7.105427357601002e-15,0.057511445220026165,62734.57,3607.9557859568968,0.0,-0.02007872226199292,1.0427669223489835,-0.2371265635629063
2026-06-24 00:00:00+00:00,7.105427357601002e-15,0.057511445220026165,61077.99,3512.683476034306,0.0,-0.02640617445851623,1.0152314370778661,-0.25727113261523205
2026-06-25 00:00:00+00:00,7.105427357601002e-15,0.057511445220026165,59794.0,3438.8393554862446,0.0,-0.021022139071701584,0.9938891006176518,-0.272884882157962
2026-06-26 00:00:00+00:00,7.105427357601002e-15,0.057511445220026165,60097.27,3456.280851478122,0.0,0.005071913569923314,0.9989300202340733,-0.26919701712488264
2026-06-27 00:00:00+00:00,0.0,0.058508330850398665,60029.0,3512.1965926185817,60.0,-0.0011816918343870997,0.9977495927860386,-0.2700606010422919
2026-06-28 00:00:00+00:00,0.0,0.058508330850398665,59577.01,3485.75141215751,0.0,-0.0075295273950923836,0.9902370098937139,-0.27555669974350117
2026-06-29 00:00:00+00:00,0.0,0.058508330850398665,60260.21,3525.7243037945022,0.0,0.01146751070589147,1.00159256340604,-0.2672491384419984
2026-06-30 00:00:00+00:00,0.0,0.058508330850398665,58624.71,3430.033928688675,0.0,-0.027140628949019585,0.9744087112845394,-0.2871364576876184
2026-07-01 00:00:00+00:00,0.0,0.058508330850398665,60024.0,3511.9040509643296,0.0,0.023868604211432443,0.997666487154362,-0.27012139993940454
2026-07-02 00:00:00+00:00,0.0,0.058508330850398665,61560.0,3601.772847150542,0.0,0.02558976409436231,1.0231965372054932,-0.2514439787463305
2026-07-03 00:00:00+00:00,0.0,0.058508330850398665,62583.26,3661.642081776521,0.0,0.016622157244964297,1.040204270939426,-0.2390013628543871
2026-07-04 00:00:00+00:00,0.0,0.058508330850398665,63144.01,3694.450628300882,0.0,0.008960063761459525,1.0495245675319858,-0.2321827665431786
2026-07-05 00:00:00+00:00,0.0,0.058508330850398665,63650.0,3724.055258627875,0.0,0.008013269983962124,1.0579346912464207,-0.22603003975315017
2026-07-06 00:00:00+00:00,0.0,0.058508330850398665,64042.02,3746.9916944878482,0.0,0.006158994501178405,1.0644505051924134,-0.22126316302391258
2026-07-07 00:00:00+00:00,0.0,0.058508330850398665,63363.99,3707.3212909213526,0.0,-0.010587267547151002,1.0531808829032412,-0.22950785826580056
2026-07-08 00:00:00+00:00,0.0,0.058508330850398665,62290.0,3644.4839286713327,0.0,-0.016949532376354548,1.0353299594303151,-0.24256733976785105
2026-07-09 00:00:00+00:00,0.0,0.058508330850398665,63230.0,3699.4817596707076,0.0,0.015090704768020657,1.0509538181855649,-0.23113714711063116
2026-07-10 00:00:00+00:00,0.0,0.058508330850398665,64161.72,3753.995141690641,0.0,0.014735410406452543,1.0664400540147574,-0.21980763742703036
2026-07-11 00:00:00+00:00,0.0,0.058508330850398665,63819.0,3733.9431665415923,0.0,-0.005341502690389244,1.0607436615970987,-0.22397503703073507
2026-07-12 00:00:00+00:00,0.0,0.058508330850398665,63780.0,3731.661341638427,0.0,-0.0006111032764536395,1.0600954376700191,-0.22444926842821544
2026-07-13 00:00:00+00:00,0.0,0.058508330850398665,62334.52,3647.0887195607925,0.0,-0.022663530887425565,1.0360699319747657,-0.24202598638795814
2026-07-14 00:00:00+00:00,0.0,0.058508330850398665,65043.98,3805.614701666714,0.0,0.043466445237727136,1.0811042089354026,-0.20907955043367
2026-07-15 00:00:00+00:00,0.0,0.058508330850398665,64756.28,3788.781854881054,0.0,-0.004423161067327097,1.076322310888716,-0.2125779189735446
2026-07-16 00:00:00+00:00,0.0,0.058508330850398665,63830.2,3734.598459847117,0.0,-0.01430100679038393,1.0609298182120548,-0.2238388475012023
2026-07-17 00:00:00+00:00,0.0,0.058508330850398665,63931.67,3740.5353001785065,0.0,0.0015896863866946553,1.0626163639013049,-0.22260499468319372
2026-07-18 00:00:00+00:00,0.0,0.058508330850398665,64834.22,3793.341994187534,0.0,0.014117416297744212,1.0776177614752949,-0.2116301857653493
2026-07-19 00:00:00+00:00,0.0,0.058508330850398665,64722.54,3786.807783798162,0.0,-0.0017225471363733202,1.0757615140861605,-0.21298818993126245
2026-07-20 00:00:00+00:00,0.0,0.058508330850398665,65255.51,3817.9909688914986,0.0,0.008234689182470278,1.0846200757891236,-0.2065073922924131
2026-07-21 00:00:00+00:00,0.0,0.058508330850398665,66556.16,3894.08982941207,0.0,0.01993165021620391,1.106238343757225,-0.19069177518644198
2026-07-22 00:00:00+00:00,0.0,0.058508330850398665,66114.49,3868.2484549253745,0.0,-0.006636049916341258,1.0988972908886814,-0.19606238496401018
2026-07-23 00:00:00+00:00,0.0,0.058508330850398665,65098.97,3808.832074780177,0.0,-0.015360021683597735,1.0820182046725844,-0.20841088416322295
2026-07-24 00:00:00+00:00,0.0,0.058508330850398665,64139.99,3752.7237556612617,0.0,-0.014731108648877278,1.0660788769394893,-0.22007186943388324
2026-07-25 00:00:00+00:00,0.0,0.058508330850398665,64375.0,3766.473798494414,0.0,0.0036640167857837636,1.0699850078395652,-0.21721419967178401
2026-07-26 00:00:00+00:00,0.0,0.058508330850398665,65399.99,3826.444252532764,0.0,0.015922174757281526,1.087021496122058,-0.20475054736143972
2026-07-27 00:00:00+00:00,-7.105427357601002e-15,0.05942438750005641,63755.86,3788.6529300393463,60.0,-0.02555670905924967,1.0592408040045163,-0.22507450625205083
2026-07-28 00:00:00+00:00,-7.105427357601002e-15,0.05942438750005641,63915.0,3798.1097270661053,0.0,0.0024960842815076045,1.0618847583257234,-0.22314022690776714
2026-07-29 00:00:00+00:00,-7.105427357601002e-15,0.05942438750005641,63984.28,3802.226648632109,0.0,0.001083939607290807,1.063035777273651,-0.22229815783040163
2026-07-30 00:00:00+00:00,-7.105427357601002e-15,0.05942438750005641,64780.02,3849.513010741404,0.0,0.01243649221339993,1.0762562134402802,-0.21262627492591257
2026-07-31 00:00:00+00:00,-7.105427357601002e-15,0.05942438750005641,62887.88,3737.0737501770473,0.0,-0.029208697373047987,1.0448201714060406,-0.23562443578109116
2026-08-01 00:00:00+00:00,-7.105427357601002e-15,0.05942438750005641,62823.64,3733.2563275240436,0.0,-0.0010215004862622612,1.0437528870928927,-0.2364052457916277
2026-08-02 00:00:00+00:00,-7.105427357601002e-15,0.05942438750005641,63570.0,3777.608313378586,0.0,0.01188024125950049,1.0561529232068565,-0.2273335558871432
2026-08-03 00:00:00+00:00,-7.105427357601002e-15,0.05942438750005641,63520.0,3774.637094003583,0.0,-0.0007865345288657899,1.0553222224649919,-0.22794128472473385
2026-08-04 00:00:00+00:00,-7.105427357601002e-15,0.05942438750005641,64106.56,3809.493062735616,0.0,0.009234256926952122,1.0650673390079557,-0.22081189618518948
2026-08-05 00:00:00+00:00,-7.105427357601002e-15,0.05942438750005641,64665.23,3842.6916853002726,0.0,0.008714708759914647,1.0743490906771074,-0.2140214987912532
2026-08-06 00:00:00+00:00,-7.105427357601002e-15,0.05942438750005641,64323.61,3822.3911260425034,0.0,-0.005282900872694674,1.0686734109283906,-0.21817374530120814
2026-08-07 00:00:00+00:00,-7.105427357601002e-15,0.05942438750005641,64923.19,3858.0208002997874,0.0,0.00932130519415808,1.0786348419445362,-0.21088610417235498
2026-08-08 00:00:00+00:00,-7.105427357601002e-15,0.05942438750005641,64962.6,3860.362715411164,0.0,0.0006070250090912666,1.0792896002692738,-0.21040709230256616
2026-08-09 00:00:00+00:00,-7.105427357601002e-15,0.05942438750005641,64901.59,3856.737233529786,0.0,-0.0009391557603912748,1.0782759792240506,-0.2111486430301942
2026-08-10 00:00:00+00:00,-7.105427357601002e-15,0.05942438750005641,63970.01,3801.3786626224837,0.0,-0.014353731549565985,1.0627986952819233,-0.22247160364064955
2026-08-11 00:00:00+00:00,-7.105427357601002e-15,0.05942438750005641,63600.0,3779.3910450035874,0.0,-0.005784116650912052,1.0566513436519755,-0.22696891858458856
2026-08-12 00:00:00+00:00,-7.105427357601002e-15,0.05942438750005641,63479.99,3772.259524259706,0.0,-0.0018869496855344892,1.054657495731352,-0.22842758934057372
2026-08-13 00:00:00+00:00,-7.105427357601002e-15,0.05942438750005641,63490.86,3772.9054673518312,0.0,0.00017123506163119195,1.0548380900726333,-0.2282954690912815
2026-08-14 00:00:00+00:00,-7.105427357601002e-15,0.05942438750005641,63043.56,3746.324938823056,0.0,-0.007045108540032374,1.047406641235911,-0.23373221127236832
2026-08-15 00:00:00+00:00,-7.105427357601002e-15,0.05942438750005641,63086.01,3748.847504072434,0.0,0.0006733439545609787,1.0481119061657542,-0.2332162494892538
2026-08-16 00:00:00+00:00,-7.105427357601002e-15,0.05942438750005641,62900.0,3737.793973753548,0.0,-0.002948514258549695,1.0450215332658688,-0.23547712231085893
2026-08-17 00:00:00+00:00,-7.105427357601002e-15,0.05942438750005641,64532.1,3834.78051659239,0.0,0.025947535771065233,1.0721372668818183,-0.21563963759422222
2026-08-18 00:00:00+00:00,-7.105427357601002e-15,0.05942438750005641,64725.42,3846.268439183901,0.0,0.002995718409907644,1.0753490882301642,-0.21328991481656145
2026-08-19 00:00:00+00:00,-7.105427357601002e-15,0.05942438750005641,69334.79,4120.177428195036,0.0,0.07121421537318717,1.1519292298007475,-0.15726497337404965
2026-08-20 00:00:00+00:00,4113.998628788651,0.0,73025.15,4113.998628788651,0.0,-0.0014996440114694032,1.1502017460296403,-0.15852877590998482
2026-08-21 00:00:00+00:00,4113.998628788651,0.0,78338.03,4113.998628788651,0.0,0.0,1.1502017460296403,-0.15852877590998482
2026-08-22 00:00:00+00:00,4113.998628788651,0.0,77074.93,4113.998628788651,0.0,0.0,1.1502017460296403,-0.15852877590998482
2026-08-23 00:00:00+00:00,4113.998628788651,0.0,77734.0,4113.998628788651,0.0,0.0,1.1502017460296403,-0.15852877590998482
2026-08-24 00:00:00+00:00,4113.998628788651,0.0,78992.75,4113.998628788651,0.0,0.0,1.1502017460296403,-0.15852877590998482
2026-08-25 00:00:00+00:00,4113.998628788651,0.0,78539.14,4113.998628788651,0.0,0.0,1.1502017460296403,-0.15852877590998482
2026-08-26 00:00:00+00:00,4113.998628788651,0.0,79023.75,4113.998628788651,0.0,0.0,1.1502017460296403,-0.15852877590998482
2026-08-27 00:00:00+00:00,4173.998628788651,0.0,80249.58,4173.998628788651,60.0,0.0,1.1502017460296403,-0.15852877590998482
2026-08-28 00:00:00+00:00,4173.998628788651,0.0,77845.87,4173.998628788651,0.0,0.0,1.1502017460296403,-0.15852877590998482
2026-08-29 00:00:00+00:00,4173.998628788651,0.0,78230.0,4173.998628788651,0.0,0.0,1.1502017460296403,-0.15852877590998482
2026-08-30 00:00:00+00:00,4173.998628788651,0.0,77682.0,4173.998628788651,0.0,0.0,1.1502017460296403,-0.15852877590998482
2026-08-31 00:00:00+00:00,4173.998628788651,0.0,78581.29,4173.998628788651,0.0,0.0,1.1502017460296403,-0.15852877590998482
2026-09-01 00:00:00+00:00,4173.998628788651,0.0,77439.0,4173.998628788651,0.0,0.0,1.1502017460296403,-0.15852877590998482
2026-09-02 00:00:00+00:00,4173.998628788651,0.0,77340.01,4173.998628788651,0.0,0.0,1.1502017460296403,-0.15852877590998482
2026-09-03 00:00:00+00:00,4173.998628788651,0.0,81270.37,4173.998628788651,0.0,0.0,1.1502017460296403,-0.15852877590998482
2026-09-04 00:00:00+00:00,4173.998628788651,0.0,79660.77,4173.998628788651,0.0,0.0,1.1502017460296403,-0.15852877590998482
2026-09-05 00:00:00+00:00,4173.998628788651,0.0,79831.75,4173.998628788651,0.0,0.0,1.1502017460296403,-0.15852877590998482
2026-09-06 00:00:00+00:00,4173.998628788651,0.0,80341.83,4173.998628788651,0.0,0.0,1.1502017460296403,-0.15852877590998482
2026-09-07 00:00:00+00:00,4173.998628788651,0.0,79112.01,4173.998628788651,0.0,0.0,1.1502017460296403,-0.15852877590998482
2026-09-08 00:00:00+00:00,4173.998628788651,0.0,78455.8,4173.998628788651,0.0,0.0,1.1502017460296403,-0.15852877590998482
2026-09-09 00:00:00+00:00,4173.998628788651,0.0,78306.43,4173.998628788651,0.0,0.0,1.1502017460296403,-0.15852877590998482
2026-09-10 00:00:00+00:00,4173.998628788651,0.0,76568.72,4173.998628788651,0.0,0.0,1.1502017460296403,-0.15852877590998482
2026-09-11 00:00:00+00:00,4173.998628788651,0.0,77225.7,4173.998628788651,0.0,0.0,1.1502017460296403,-0.15852877590998482
2026-09-12 00:00:00+00:00,4173.998628788651,0.0,77278.73,4173.998628788651,0.0,0.0,1.1502017460296403,-0.15852877590998482
2026-09-13 00:00:00+00:00,4173.998628788651,0.0,76842.01,4173.998628788651,0.0,0.0,1.1502017460296403,-0.15852877590998482
2026-09-14 00:00:00+00:00,4173.998628788651,0.0,78189.21,4173.998628788651,0.0,0.0,1.1502017460296403,-0.15852877590998482
2026-09-15 00:00:00+00:00,4173.998628788651,0.0,75644.48,4173.998628788651,0.0,0.0,1.1502017460296403,-0.15852877590998482
2026-09-16 00:00:00+00:00,4173.998628788651,0.0,76206.01,4173.998628788651,0.0,0.0,1.1502017460296403,-0.15852877590998482
2026-09-17 00:00:00+00:00,4173.998628788651,0.0,76417.01,4173.998628788651,0.0,0.0,1.1502017460296403,-0.15852877590998482
2026-09-18 00:00:00+00:00,4173.998628788651,0.0,80883.87,4173.998628788651,0.0,0.0,1.1502017460296403,-0.15852877590998482
2026-09-19 00:00:00+00:00,4173.998628788651,0.0,81249.99,4173.998628788651,0.0,0.0,1.1502017460296403,-0.15852877590998482
2026-09-20 00:00:00+00:00,4173.998628788651,0.0,81178.0,4173.998628788651,0.0,0.0,1.1502017460296403,-0.15852877590998482
2026-09-21 00:00:00+00:00,4173.998628788651,0.0,86620.0,4173.998628788651,0.0,0.0,1.1502017460296403,-0.15852877590998482
2026-09-22 00:00:00+00:00,4173.998628788651,0.0,86208.56,4173.998628788651,0.0,0.0,1.1502017460296403,-0.15852877590998482
2026-09-23 00:00:00+00:00,4173.998628788651,0.0,84397.6,4173.998628788651,0.0,0.0,1.1502017460296403,-0.15852877590998482
2026-09-24 00:00:00+00:00,4173.998628788651,0.0,84410.24,4173.998628788651,0.0,0.0,1.1502017460296403,-0.15852877590998482
2026-09-25 00:00:00+00:00,4173.998628788651,0.0,84099.99,4173.998628788651,0.0,0.0,1.1502017460296403,-0.15852877590998482
2026-09-26 00:00:00+00:00,4173.998628788651,0.0,84433.1,4173.998628788651,0.0,0.0,1.1502017460296403,-0.15852877590998482
