date,cash,units,price,equity,deposit,return,twr_index,drawdown
2021-09-27 00:00:00+00:00,-7.105427357601002e-15,0.0013880643102348689,42147.35,58.50323230597759,60.0,0.0,1.0,0.0
2021-09-28 00:00:00+00:00,-7.105427357601002e-15,0.0013880643102348689,41026.54,56.94747594642325,0.0,-0.026592656477809284,0.9734073435221907,-0.026592656477809284
2021-09-29 00:00:00+00:00,-7.105427357601002e-15,0.0013880643102348689,41524.28,57.638371076199554,0.0,0.012132146654336484,0.98521686416821,-0.014783135831790029
2021-09-30 00:00:00+00:00,-7.105427357601002e-15,0.0013880643102348689,43824.1,60.830669138163906,0.0,0.05538494586781506,1.0397830468582248,0.0
2021-10-01 00:00:00+00:00,-7.105427357601002e-15,0.0013880643102348689,48141.61,66.82365067824605,0.0,0.09851907968446594,1.142221515706207,0.0
2021-10-02 00:00:00+00:00,-7.105427357601002e-15,0.0013880643102348689,47634.9,66.12030461160694,0.0,-0.010525406192273268,1.130199170291845,-0.010525406192273379
2021-10-03 00:00:00+00:00,-7.105427357601002e-15,0.0013880643102348689,48200.01,66.90471363396378,0.0,0.011863360687227376,1.1436071306974223,0.0
2021-10-04 00:00:00+00:00,-7.105427357601002e-15,0.0013880643102348689,49224.94,68.32738238745281,0.0,0.021264103472177887,1.1679249110560928,0.0
2021-10-05 00:00:00+00:00,-7.105427357601002e-15,0.0013880643102348689,51471.99,71.44643229576607,0.0,0.045648608205515195,1.2212390577343535,0.0
2021-10-06 00:00:00+00:00,-7.105427357601002e-15,0.0013880643102348689,55315.0,76.78077732064176,0.0,0.0746621609150917,1.3124194047787108,0.0
2021-10-07 00:00:00+00:00,-7.105427357601002e-15,0.0013880643102348689,53785.22,74.65734430013066,0.0,-0.027655789568833078,1.2761234098940977,-0.027655789568832967
2021-10-08 00:00:00+00:00,-7.105427357601002e-15,0.0013880643102348689,53951.43,74.8880544691348,0.0,0.003090254162760653,1.2800669555737192,-0.02465099882491195
2021-10-09 00:00:00+00:00,-7.105427357601002e-15,0.0013880643102348689,54949.72,76.27374518939916,0.0,0.01850349471737811,1.3037526677240678,-0.006603633734068581
2021-10-10 00:00:00+00:00,-7.105427357601002e-15,0.0013880643102348689,54659.0,75.87020713312768,0.0,-0.005290654802244776,1.2968549624116341,-0.011859350989785966
2021-10-11 00:00:00+00:00,-7.105427357601002e-15,0.0013880643102348689,57471.35,79.77392979601672,0.0,0.051452642748678334,1.3635815774894506,0.0
2021-10-12 00:00:00+00:00,-7.105427357601002e-15,0.0013880643102348689,55996.93,77.72734001572022,0.0,-0.025654869774244138,1.3285990696924004,-0.025654869774244138
2021-10-13 00:00:00+00:00,-7.105427357601002e-15,0.0013880643102348689,57367.0,79.62908528524372,0.0,0.024466877023437084,1.3611057397440172,-0.0018156872946258895
2021-10-14 00:00:00+00:00,-7.105427357601002e-15,0.0013880643102348689,57347.94,79.60262877949063,0.0,-0.0003322467620758829,1.3606535167691443,-0.002147330800477243
2021-10-15 00:00:00+00:00,-7.105427357601002e-15,0.0013880643102348689,61672.42,85.60528512781514,0.0,0.07540776530072435,1.4632573578172772,0.0
2021-10-16 00:00:00+00:00,-7.105427357601002e-15,0.0013880643102348689,60875.57,84.49920608220447,0.0,-0.012920686426769246,1.4443510683352572,-0.012920686426769246
2021-10-17 00:00:00+00:00,-7.105427357601002e-15,0.0013880643102348689,61528.33,85.40527894135337,0.0,0.01072285647592297,1.4598386375418622,-0.0023363766169709477
2021-10-18 00:00:00+00:00,-7.105427357601002e-15,0.0013880643102348689,62009.84,86.07364578737457,0.0,0.007825825924415719,1.471263080597001,0.0
2021-10-19 00:00:00+00:00,-7.105427357601002e-15,0.0013880643102348689,64280.59,89.22559281984039,0.0,0.036619188180456286,1.5251395402083405,0.0
2021-10-20 00:00:00+00:00,-7.105427357601002e-15,0.0013880643102348689,66001.41,91.61420164617877,0.0,0.026770445013028166,1.565968204406683,0.0
2021-10-21 00:00:00+00:00,-7.105427357601002e-15,0.0013880643102348689,62193.15,86.32809185608372,0.0,-0.05769967641600393,1.4756123457346666,-0.05769967641600393
2021-10-22 00:00:00+00:00,-7.105427357601002e-15,0.0013880643102348689,60688.22,84.23915223368198,0.0,-0.024197680934314847,1.4399059490098431,-0.08050115899039123
2021-10-23 00:00:00+00:00,-7.105427357601002e-15,0.0013880643102348689,61286.75,85.06995036528684,0.0,0.009862375268214985,1.4541068418299135,-0.0714327163616657
2021-10-24 00:00:00+00:00,-7.105427357601002e-15,0.0013880643102348689,60852.22,84.46679478056049,0.0,-0.007090113278971355,1.443797059601612,-0.07801636358980824
2021-10-25 00:00:00+00:00,-7.105427357601002e-15,0.0013880643102348689,63078.78,87.55740325115704,0.0,0.036589626475418635,1.4966250547187427,-0.04428132671711116
2021-10-26 00:00:00+00:00,-7.105427357601002e-15,0.0013880643102348689,60328.81,83.74026803994045,0.0,-0.043595801947976964,1.4313784852428442,-0.08594664871553526
2021-10-27 00:00:00+00:00,0.0,0.0023811239261566173,58413.44,139.089639593114,60.0,-0.055536345365031714,1.3518849553383216,-0.13670983131453396
2021-10-28 00:00:00+00:00,0.0,0.0023811239261566173,60575.89,144.23870102723137,0.0,0.03701973381468382,1.4019313765330221,-0.10475105906496451
2021-10-29 00:00:00+00:00,0.0,0.0023811239261566173,62253.71,148.23379837301547,0.0,0.027697818389461615,1.4407618171947216,-0.0799546164855881
2021-10-30 00:00:00+00:00,0.0,0.0023811239261566173,61859.19,147.29439736166816,0.0,-0.006337292990249099,1.431631287429995,-0.08578521364524494
2021-10-31 00:00:00+00:00,0.0,0.0023811239261566173,61299.8,145.9624204486154,0.0,-0.009042957077194269,1.4186851071473972,-0.0940524187175874
2021-11-01 00:00:00+00:00,0.0,0.0023811239261566173,60911.11,145.0369013897576,0.0,-0.006340803722034938,1.4096895033396013,-0.0997968545129515
2021-11-02 00:00:00+00:00,0.0,0.0023811239261566173,63219.99,150.53463080038208,0.0,0.03790572852801399,1.4631248109619832,-0.06567399846005506
2021-11-03 00:00:00+00:00,0.0,0.0023811239261566173,62896.48,149.76431339903115,0.0,-0.00511721055318104,1.4556376932387076,-0.07045514133524666
2021-11-04 00:00:00+00:00,0.0,0.0023811239261566173,61395.01,146.1891272576248,0.0,-0.02387208314360345,1.4208885891987502,-0.09264531348700078
2021-11-05 00:00:00+00:00,0.0,0.0023811239261566173,60937.12,145.09883442307694,0.0,-0.0074580979789725665,1.4102914628833019,-0.09941245364069451
2021-11-06 00:00:00+00:00,0.0,0.0023811239261566173,61470.61,146.36914022644223,0.0,0.008754762286107276,1.4226382293949718,-0.0915280237544902
2021-11-07 00:00:00+00:00,0.0,0.0023811239261566173,63273.59,150.66225904282408,0.0,0.029330764734561754,1.4643652966037493,-0.06488184595129065
2021-11-08 00:00:00+00:00,0.0,0.0023811239261566173,67525.83,160.7873694465843,0.0,0.06720402619797627,1.5627765403601148,-0.002038141028398055
2021-11-09 00:00:00+00:00,0.0,0.0023811239261566173,66947.66,159.41067502619833,0.0,-0.008562205011030555,1.5493957272351224,-0.01058289505810206
2021-11-10 00:00:00+00:00,0.0,0.0023811239261566173,64882.43,154.49310646018188,0.0,-0.03084842696518464,1.5015993063033406,-0.04110485635800665
2021-11-11 00:00:00+00:00,0.0,0.0023811239261566173,64774.26,154.23554028508954,0.0,-0.0016671693708141255,1.499095885932636,-0.04270349697130893
2021-11-12 00:00:00+00:00,0.0,0.0023811239261566173,64122.23,152.68297605151764,0.0,-0.010066189872335096,1.4840057021080018,-0.0523398253349181
2021-11-13 00:00:00+00:00,0.0,0.0023811239261566173,64380.0,153.29675836596303,0.0,0.004019978718768913,1.4899713734490077,-0.048530251600139684
2021-11-14 00:00:00+00:00,0.0,0.0023811239261566173,65519.1,156.00909663024802,0.0,0.017693383038210664,1.5163340076754097,-0.0316955328924311
2021-11-15 00:00:00+00:00,0.0,0.0023811239261566173,63606.74,151.45553047882316,0.0,-0.029187824619080538,1.4720755165954322,-0.05995823385623911
2021-11-16 00:00:00+00:00,0.0,0.0023811239261566173,60058.87,143.0076123349299,0.0,-0.05577820840998926,1.3899657816355295,-0.11239207940230023
2021-11-17 00:00:00+00:00,0.0,0.0023811239261566173,60344.87,143.68861377781067,0.0,0.004761994356537125,1.3965847908434577,-0.10816529549359633
2021-11-18 00:00:00+00:00,0.0,0.0023811239261566173,56891.62,135.46599757981033,0.0,-0.05722524549311314,1.3166648833354928,-0.15920075539825318
2021-11-19 00:00:00+00:00,0.0,0.0023811239261566173,58052.24,138.22957763098623,0.0,0.02040054405200631,1.3435255632897083,-0.14204799336986162
2021-11-20 00:00:00+00:00,0.0,0.0023811239261566173,59707.51,142.17098063223548,0.0,0.028513456156041395,1.3818341205330902,-0.11758481644482544
2021-11-21 00:00:00+00:00,0.0,0.0023811239261566173,58622.02,139.58629442163172,0.0,-0.01818012507974298,1.356712203382342,-0.13362723485412287
2021-11-22 00:00:00+00:00,0.0,0.0023811239261566173,56247.18,133.93150607683796,0.0,-0.040511057107892046,1.3017503578321459,-0.16872491141966983
2021-11-23 00:00:00+00:00,0.0,0.0023811239261566173,57541.27,137.01289473843798,0.0,0.02300719787196437,1.3316999858946905,-0.1495996009706675
2021-11-24 00:00:00+00:00,0.0,0.0023811239261566173,57138.29,136.0533494186754,0.0,-0.007003321268369556,1.3223736630603868,-0.15555522817181955
2021-11-25 00:00:00+00:00,0.0,0.0023811239261566173,58960.36,140.39192389080756,0.0,0.03188877371023868,1.364542537562099,-0.12862691993219655
2021-11-26 00:00:00+00:00,0.0,0.0023811239261566173,53726.53,127.92952605237129,0.0,-0.0887686235294356,1.2434139747553483,-0.2059775088304201
2021-11-27 00:00:00+00:00,0.0,0.0034962757601624556,54721.03,191.31981076012252,60.0,0.02650119024409836,1.2763659250525103,-0.1849349677338421
2021-11-28 00:00:00+00:00,0.0,0.0034962757601624556,57274.88,200.24877461021342,0.0,0.0466703568993494,1.3359343783088793,-0.14689559178180078
2021-11-29 00:00:00+00:00,0.0,0.0034962757601624556,57776.25,202.00170238808607,0.0,0.008753750335225519,1.34762881432084,-0.1394277287823783
2021-11-30 00:00:00+00:00,0.0,0.0034962757601624556,56950.56,199.11486245567752,0.0,-0.014291166352956464,1.3283696267533434,-0.1517263102690909
2021-12-01 00:00:00+00:00,0.0,0.0034962757601624556,57184.07,199.93127780843307,0.0,0.004100223070677478,1.3338162385433447,-0.14824819891620744
2021-12-02 00:00:00+00:00,0.0,0.0034962757601624556,56480.34,197.47084366773393,0.0,-0.012306399317152494,1.3174017632961281,-0.15873019669944843
2021-12-03 00:00:00+00:00,0.0,0.0034962757601624556,53601.05,187.4040518342558,0.0,-0.050978623712250926,1.250242434527199,-0.2016169734423866
2021-12-04 00:00:00+00:00,0.0,0.0034962757601624556,49152.47,171.8505894131123,0.0,-0.08299426970180623,1.1464794767234059,-0.26787818967385335
2021-12-05 00:00:00+00:00,171.59286454395638,0.0,49396.33,171.59286454395638,0.0,-0.0014997031435042274,1.1447600978482007,-0.26897615505422756
2021-12-06 00:00:00+00:00,171.59286454395638,0.0,50441.92,171.59286454395638,0.0,0.0,1.1447600978482007,-0.26897615505422756
2021-12-07 00:00:00+00:00,0.0,0.003396694835965746,50588.95,171.8352252219293,0.0,0.0014124169942442144,1.146376976464734,-0.2679436445524285
2021-12-08 00:00:00+00:00,0.0,0.003396694835965746,50471.19,171.435230438046,0.0,-0.002327781066813861,1.143708461843488,-0.26964771147648015
2021-12-09 00:00:00+00:00,0.0,0.003396694835965746,47545.59,161.4978600259446,0.0,-0.057965742436427714,1.0774125517219055,-0.31198312412089
2021-12-10 00:00:00+00:00,0.0,0.003396694835965746,47140.54,160.12202878263668,0.0,-0.0085191917904478,1.068233867556351,-0.31784447184156883
2021-12-11 00:00:00+00:00,0.0,0.003396694835965746,49389.99,167.76272398139983,0.0,0.04771795147022084,1.1192077994072513,-0.28529340745376186
2021-12-12 00:00:00+00:00,0.0,0.003396694835965746,50053.9,170.01782364994585,0.0,0.013442197497913977,1.1342524116880892,-0.2756861802836942
2021-12-13 00:00:00+00:00,0.0,0.003396694835965746,46702.75,158.63498975039923,0.0,-0.06695082700848498,1.058313274689203,-0.3241795895273757
2021-12-14 00:00:00+00:00,158.39715049928344,0.0,48343.28,158.39715049928344,0.0,-0.0014992862009195473,1.0567265602002116,-0.32519283774309693
2021-12-15 00:00:00+00:00,0.0,0.003272027541494857,48864.98,159.88756037459538,0.0,0.009409322520095964,1.066669641220687,-0.318843359514551
2021-12-16 00:00:00+00:00,0.0,0.003272027541494857,47632.38,155.8544592269488,0.0,-0.02522460870750398,1.0397633169007217,-0.3360252692393143
2021-12-17 00:00:00+00:00,0.0,0.003272027541494857,46131.2,150.94255692220753,0.0,-0.03151595616259373,1.0069941817858055,-0.3569510677470381
2021-12-18 00:00:00+00:00,150.7248110866909,0.0,46834.48,150.7248110866909,0.0,-0.0014425741815733417,1.0055415179781666,-0.35787871353419454
2021-12-19 00:00:00+00:00,150.7248110866909,0.0,46681.23,150.7248110866909,0.0,0.0,1.0055415179781666,-0.35787871353419454
2021-12-20 00:00:00+00:00,0.0,0.003223971500246416,46914.16,151.24991479800042,0.0,0.0034838571534683282,1.0090446809886842,-0.3556416546969464
2021-12-21 00:00:00+00:00,0.0,0.003223971500246416,48889.88,157.61957977046723,0.0,0.04211351114460937,1.05153909540691,-0.3285054623409043
2021-12-22 00:00:00+00:00,0.0,0.003223971500246416,48588.16,156.6468430894129,0.0,-0.00617142034302387,1.0450496056420309,-0.3326495373908429
2021-12-23 00:00:00+00:00,0.0,0.003223971500246416,50838.81,163.9028745464425,0.0,0.04632095555789717,1.0934573019807734,-0.30173722627078203
2021-12-24 00:00:00+00:00,0.0,0.003223971500246416,50820.0,163.84223164252285,0.0,-0.00036999292469674927,1.0930527305155826,-0.30199557855664094
2021-12-25 00:00:00+00:00,0.0,0.003223971500246416,50399.66,162.48706746210928,0.0,-0.008271153089334793,1.0840119240467727,-0.3077688799834316
2021-12-26 00:00:00+00:00,0.0,0.003223971500246416,50775.49,163.69873267104688,0.0,0.007456994749567736,1.0920953952728583,-0.3026069161559807
2021-12-27 00:00:00+00:00,0.0,0.004403873785515135,50701.44,223.2827425038685,60.0,-0.0025411935718178125,1.089320169474579,-0.3043791269776752
2021-12-28 00:00:00+00:00,0.0,0.004403873785515135,47543.74,209.3766302513473,0.0,-0.06228028237462302,1.0214770017233301,-0.34770259137518744
2021-12-29 00:00:00+00:00,0.0,0.004403873785515135,46464.66,204.62449812687368,0.0,-0.02269657372348055,0.9982929736468766,-0.36250750759967576
2021-12-30 00:00:00+00:00,0.0,0.004403873785515135,47120.87,207.51436414366657,0.0,0.014122776320756536,1.0123916420162744,-0.3535043437233444
2021-12-31 00:00:00+00:00,207.2032403273349,0.0,46216.93,207.2032403273349,0.0,-0.0014992880980339018,1.0108737752768504,-0.35447362696623064
2022-01-01 00:00:00+00:00,207.2032403273349,0.0,47722.65,207.2032403273349,0.0,0.0,1.0108737752768504,-0.35447362696623064
2022-01-02 00:00:00+00:00,207.2032403273349,0.0,47286.18,207.2032403273349,0.0,0.0,1.0108737752768504,-0.35447362696623064
2022-01-03 00:00:00+00:00,207.2032403273349,0.0,46446.1,207.2032403273349,0.0,0.0,1.0108737752768504,-0.35447362696623064
2022-01-04 00:00:00+00:00,207.2032403273349,0.0,45832.01,207.2032403273349,0.0,0.0,1.0108737752768504,-0.35447362696623064
2022-01-05 00:00:00+00:00,207.2032403273349,0.0,43451.13,207.2032403273349,0.0,0.0,1.0108737752768504,-0.35447362696623064
2022-01-06 00:00:00+00:00,207.2032403273349,0.0,43082.31,207.2032403273349,0.0,0.0,1.0108737752768504,-0.35447362696623064
2022-01-07 00:00:00+00:00,207.2032403273349,0.0,41566.48,207.2032403273349,0.0,0.0,1.0108737752768504,-0.35447362696623064
2022-01-08 00:00:00+00:00,207.2032403273349,0.0,41679.74,207.2032403273349,0.0,0.0,1.0108737752768504,-0.35447362696623064
2022-01-09 00:00:00+00:00,207.2032403273349,0.0,41864.62,207.2032403273349,0.0,0.0,1.0108737752768504,-0.35447362696623064
2022-01-10 00:00:00+00:00,207.2032403273349,0.0,41822.49,207.2032403273349,0.0,0.0,1.0108737752768504,-0.35447362696623064
2022-01-11 00:00:00+00:00,207.2032403273349,0.0,42729.29,207.2032403273349,0.0,0.0,1.0108737752768504,-0.35447362696623064
2022-01-12 00:00:00+00:00,207.2032403273349,0.0,43902.66,207.2032403273349,0.0,0.0,1.0108737752768504,-0.35447362696623064
2022-01-13 00:00:00+00:00,207.2032403273349,0.0,42560.11,207.2032403273349,0.0,0.0,1.0108737752768504,-0.35447362696623064
2022-01-14 00:00:00+00:00,207.2032403273349,0.0,43059.96,207.2032403273349,0.0,0.0,1.0108737752768504,-0.35447362696623064
2022-01-15 00:00:00+00:00,207.2032403273349,0.0,43084.29,207.2032403273349,0.0,0.0,1.0108737752768504,-0.35447362696623064
2022-01-16 00:00:00+00:00,207.2032403273349,0.0,43071.66,207.2032403273349,0.0,0.0,1.0108737752768504,-0.35447362696623064
2022-01-17 00:00:00+00:00,207.2032403273349,0.0,42201.62,207.2032403273349,0.0,0.0,1.0108737752768504,-0.35447362696623064
2022-01-18 00:00:00+00:00,207.2032403273349,0.0,42352.12,207.2032403273349,0.0,0.0,1.0108737752768504,-0.35447362696623064
2022-01-19 00:00:00+00:00,207.2032403273349,0.0,41660.01,207.2032403273349,0.0,0.0,1.0108737752768504,-0.35447362696623064
2022-01-20 00:00:00+00:00,207.2032403273349,0.0,40680.91,207.2032403273349,0.0,0.0,1.0108737752768504,-0.35447362696623064
2022-01-21 00:00:00+00:00,207.2032403273349,0.0,36445.31,207.2032403273349,0.0,0.0,1.0108737752768504,-0.35447362696623064
2022-01-22 00:00:00+00:00,207.2032403273349,0.0,35071.42,207.2032403273349,0.0,0.0,1.0108737752768504,-0.35447362696623064
2022-01-23 00:00:00+00:00,207.2032403273349,0.0,36244.55,207.2032403273349,0.0,0.0,1.0108737752768504,-0.35447362696623064
2022-01-24 00:00:00+00:00,207.2032403273349,0.0,36660.35,207.2032403273349,0.0,0.0,1.0108737752768504,-0.35447362696623064
2022-01-25 00:00:00+00:00,207.2032403273349,0.0,36958.32,207.2032403273349,0.0,0.0,1.0108737752768504,-0.35447362696623064
2022-01-26 00:00:00+00:00,207.2032403273349,0.0,36809.34,207.2032403273349,0.0,0.0,1.0108737752768504,-0.35447362696623064
2022-01-27 00:00:00+00:00,267.2032403273349,0.0,37160.1,267.2032403273349,60.0,2.220446049250313e-16,1.0108737752768506,-0.3544736269662305
2022-01-28 00:00:00+00:00,267.2032403273349,0.0,37716.56,267.2032403273349,0.0,0.0,1.0108737752768506,-0.3544736269662305
2022-01-29 00:00:00+00:00,267.2032403273349,0.0,38166.84,267.2032403273349,0.0,0.0,1.0108737752768506,-0.3544736269662305
2022-01-30 00:00:00+00:00,267.2032403273349,0.0,37881.76,267.2032403273349,0.0,0.0,1.0108737752768506,-0.3544736269662305
2022-01-31 00:00:00+00:00,267.2032403273349,0.0,38466.9,267.2032403273349,0.0,0.0,1.0108737752768506,-0.3544736269662305
2022-02-01 00:00:00+00:00,267.2032403273349,0.0,38694.59,267.2032403273349,0.0,0.0,1.0108737752768506,-0.3544736269662305
2022-02-02 00:00:00+00:00,267.2032403273349,0.0,36896.36,267.2032403273349,0.0,0.0,1.0108737752768506,-0.3544736269662305
2022-02-03 00:00:00+00:00,267.2032403273349,0.0,37311.61,267.2032403273349,0.0,0.0,1.0108737752768506,-0.3544736269662305
2022-02-04 00:00:00+00:00,267.2032403273349,0.0,41574.25,267.2032403273349,0.0,0.0,1.0108737752768506,-0.3544736269662305
2022-02-05 00:00:00+00:00,267.2032403273349,0.0,41382.59,267.2032403273349,0.0,0.0,1.0108737752768506,-0.3544736269662305
2022-02-06 00:00:00+00:00,267.2032403273349,0.0,42380.87,267.2032403273349,0.0,0.0,1.0108737752768506,-0.3544736269662305
2022-02-07 00:00:00+00:00,267.2032403273349,0.0,43839.99,267.2032403273349,0.0,0.0,1.0108737752768506,-0.3544736269662305
2022-02-08 00:00:00+00:00,267.2032403273349,0.0,44042.99,267.2032403273349,0.0,0.0,1.0108737752768506,-0.3544736269662305
2022-02-09 00:00:00+00:00,267.2032403273349,0.0,44372.72,267.2032403273349,0.0,0.0,1.0108737752768506,-0.3544736269662305
2022-02-10 00:00:00+00:00,267.2032403273349,0.0,43495.44,267.2032403273349,0.0,0.0,1.0108737752768506,-0.3544736269662305
2022-02-11 00:00:00+00:00,267.2032403273349,0.0,42373.73,267.2032403273349,0.0,0.0,1.0108737752768506,-0.3544736269662305
2022-02-12 00:00:00+00:00,267.2032403273349,0.0,42217.87,267.2032403273349,0.0,0.0,1.0108737752768506,-0.3544736269662305
2022-02-13 00:00:00+00:00,267.2032403273349,0.0,42053.66,267.2032403273349,0.0,0.0,1.0108737752768506,-0.3544736269662305
2022-02-14 00:00:00+00:00,267.2032403273349,0.0,42535.94,267.2032403273349,0.0,0.0,1.0108737752768506,-0.3544736269662305
2022-02-15 00:00:00+00:00,267.2032403273349,0.0,44544.86,267.2032403273349,0.0,0.0,1.0108737752768506,-0.3544736269662305
2022-02-16 00:00:00+00:00,267.2032403273349,0.0,43873.56,267.2032403273349,0.0,0.0,1.0108737752768506,-0.3544736269662305
2022-02-17 00:00:00+00:00,267.2032403273349,0.0,40515.7,267.2032403273349,0.0,0.0,1.0108737752768506,-0.3544736269662305
2022-02-18 00:00:00+00:00,267.2032403273349,0.0,39974.44,267.2032403273349,0.0,0.0,1.0108737752768506,-0.3544736269662305
2022-02-19 00:00:00+00:00,267.2032403273349,0.0,40079.17,267.2032403273349,0.0,0.0,1.0108737752768506,-0.3544736269662305
2022-02-20 00:00:00+00:00,267.2032403273349,0.0,38386.89,267.2032403273349,0.0,0.0,1.0108737752768506,-0.3544736269662305
2022-02-21 00:00:00+00:00,267.2032403273349,0.0,37008.16,267.2032403273349,0.0,0.0,1.0108737752768506,-0.3544736269662305
2022-02-22 00:00:00+00:00,267.2032403273349,0.0,38230.33,267.2032403273349,0.0,0.0,1.0108737752768506,-0.3544736269662305
2022-02-23 00:00:00+00:00,267.2032403273349,0.0,37250.01,267.2032403273349,0.0,0.0,1.0108737752768506,-0.3544736269662305
2022-02-24 00:00:00+00:00,267.2032403273349,0.0,38327.21,267.2032403273349,0.0,0.0,1.0108737752768506,-0.3544736269662305
2022-02-25 00:00:00+00:00,267.2032403273349,0.0,39219.17,267.2032403273349,0.0,0.0,1.0108737752768506,-0.3544736269662305
2022-02-26 00:00:00+00:00,267.2032403273349,0.0,39116.72,267.2032403273349,0.0,0.0,1.0108737752768506,-0.3544736269662305
2022-02-27 00:00:00+00:00,327.2032403273349,0.0,37699.07,327.2032403273349,60.0,0.0,1.0108737752768506,-0.3544736269662305
2022-02-28 00:00:00+00:00,327.2032403273349,0.0,43160.0,327.2032403273349,0.0,0.0,1.0108737752768506,-0.3544736269662305
2022-03-01 00:00:00+00:00,327.2032403273349,0.0,44421.2,327.2032403273349,0.0,0.0,1.0108737752768506,-0.3544736269662305
2022-03-02 00:00:00+00:00,327.2032403273349,0.0,43892.98,327.2032403273349,0.0,0.0,1.0108737752768506,-0.3544736269662305
2022-03-03 00:00:00+00:00,327.2032403273349,0.0,42454.0,327.2032403273349,0.0,0.0,1.0108737752768506,-0.3544736269662305
2022-03-04 00:00:00+00:00,327.2032403273349,0.0,39148.66,327.2032403273349,0.0,0.0,1.0108737752768506,-0.3544736269662305
2022-03-05 00:00:00+00:00,327.2032403273349,0.0,39397.96,327.2032403273349,0.0,0.0,1.0108737752768506,-0.3544736269662305
2022-03-06 00:00:00+00:00,327.2032403273349,0.0,38420.81,327.2032403273349,0.0,0.0,1.0108737752768506,-0.3544736269662305
2022-03-07 00:00:00+00:00,327.2032403273349,0.0,37988.0,327.2032403273349,0.0,0.0,1.0108737752768506,-0.3544736269662305
2022-03-08 00:00:00+00:00,327.2032403273349,0.0,38730.63,327.2032403273349,0.0,0.0,1.0108737752768506,-0.3544736269662305
2022-03-09 00:00:00+00:00,327.2032403273349,0.0,41941.71,327.2032403273349,0.0,0.0,1.0108737752768506,-0.3544736269662305
2022-03-10 00:00:00+00:00,327.2032403273349,0.0,39422.0,327.2032403273349,0.0,0.0,1.0108737752768506,-0.3544736269662305
2022-03-11 00:00:00+00:00,327.2032403273349,0.0,38729.57,327.2032403273349,0.0,0.0,1.0108737752768506,-0.3544736269662305
2022-03-12 00:00:00+00:00,327.2032403273349,0.0,38807.36,327.2032403273349,0.0,0.0,1.0108737752768506,-0.3544736269662305
2022-03-13 00:00:00+00:00,327.2032403273349,0.0,37777.34,327.2032403273349,0.0,0.0,1.0108737752768506,-0.3544736269662305
2022-03-14 00:00:00+00:00,327.2032403273349,0.0,39671.37,327.2032403273349,0.0,0.0,1.0108737752768506,-0.3544736269662305
2022-03-15 00:00:00+00:00,327.2032403273349,0.0,39280.33,327.2032403273349,0.0,0.0,1.0108737752768506,-0.3544736269662305
2022-03-16 00:00:00+00:00,327.2032403273349,0.0,41114.0,327.2032403273349,0.0,0.0,1.0108737752768506,-0.3544736269662305
2022-03-17 00:00:00+00:00,327.2032403273349,0.0,40917.9,327.2032403273349,0.0,0.0,1.0108737752768506,-0.3544736269662305
2022-03-18 00:00:00+00:00,327.2032403273349,0.0,41757.51,327.2032403273349,0.0,0.0,1.0108737752768506,-0.3544736269662305
2022-03-19 00:00:00+00:00,327.2032403273349,0.0,42201.13,327.2032403273349,0.0,0.0,1.0108737752768506,-0.3544736269662305
2022-03-20 00:00:00+00:00,327.2032403273349,0.0,41262.11,327.2032403273349,0.0,0.0,1.0108737752768506,-0.3544736269662305
2022-03-21 00:00:00+00:00,327.2032403273349,0.0,41002.25,327.2032403273349,0.0,0.0,1.0108737752768506,-0.3544736269662305
2022-03-22 00:00:00+00:00,327.2032403273349,0.0,42364.13,327.2032403273349,0.0,0.0,1.0108737752768506,-0.3544736269662305
2022-03-23 00:00:00+00:00,327.2032403273349,0.0,42882.76,327.2032403273349,0.0,0.0,1.0108737752768506,-0.3544736269662305
2022-03-24 00:00:00+00:00,327.2032403273349,0.0,43991.46,327.2032403273349,0.0,0.0,1.0108737752768506,-0.3544736269662305
2022-03-25 00:00:00+00:00,327.2032403273349,0.0,44313.16,327.2032403273349,0.0,0.0,1.0108737752768506,-0.3544736269662305
2022-03-26 00:00:00+00:00,327.2032403273349,0.0,44511.27,327.2032403273349,0.0,0.0,1.0108737752768506,-0.3544736269662305
2022-03-27 00:00:00+00:00,387.2032403273349,0.0,46827.76,387.2032403273349,60.0,0.0,1.0108737752768506,-0.3544736269662305
2022-03-28 00:00:00+00:00,387.2032403273349,0.0,47122.21,387.2032403273349,0.0,0.0,1.0108737752768506,-0.3544736269662305
2022-03-29 00:00:00+00:00,387.2032403273349,0.0,47434.8,387.2032403273349,0.0,0.0,1.0108737752768506,-0.3544736269662305
2022-03-30 00:00:00+00:00,-5.684341886080802e-14,0.008150623463227263,47067.99,383.6334636609461,0.0,-0.009219387377468635,1.0015541383528492,-0.3604249846616011
2022-03-31 00:00:00+00:00,383.0582052821866,0.0,45510.34,383.0582052821866,0.0,-0.001499499999999876,1.0000523079223893,-0.36138402739710096
2022-04-01 00:00:00+00:00,383.0582052821866,0.0,46283.49,383.0582052821866,0.0,0.0,1.0000523079223893,-0.36138402739710096
2022-04-02 00:00:00+00:00,383.0582052821866,0.0,45811.0,383.0582052821866,0.0,0.0,1.0000523079223893,-0.36138402739710096
2022-04-03 00:00:00+00:00,383.0582052821866,0.0,46407.35,383.0582052821866,0.0,0.0,1.0000523079223893,-0.36138402739710096
2022-04-04 00:00:00+00:00,383.0582052821866,0.0,46580.51,383.0582052821866,0.0,0.0,1.0000523079223893,-0.36138402739710096
2022-04-05 00:00:00+00:00,-5.684341886080802e-14,0.008211253370157682,45497.55,373.59191077141764,0.0,-0.024712418061363373,0.97533859720578,-0.37716577229272785
2022-04-06 00:00:00+00:00,-5.684341886080802e-14,0.008211253370157682,43170.47,354.4836672787911,0.0,-0.05114736947374099,0.9254525936124957,-0.4090221046581639
2022-04-07 00:00:00+00:00,-5.684341886080802e-14,0.008211253370157682,43444.19,356.73125155127065,0.0,0.006340445216371338,0.9313203750826444,-0.4052750416886626
2022-04-08 00:00:00+00:00,-5.684341886080802e-14,0.008211253370157682,42252.01,346.94195950843607,0.0,-0.0274416440955626,0.9057634128106806,-0.42159527232939065
2022-04-09 00:00:00+00:00,-5.684341886080802e-14,0.008211253370157682,42753.97,351.0636802501204,0.0,0.011880144873581022,0.9165240133760607,-0.41472374036909954
2022-04-10 00:00:00+00:00,-5.684341886080802e-14,0.008211253370157682,42158.85,346.1769991444721,0.0,-0.013919643017946792,0.9037663262924901,-0.4228705769700408
2022-04-11 00:00:00+00:00,-5.684341886080802e-14,0.008211253370157682,39530.45,324.5945407863497,0.0,-0.06234515410168917,0.8474208754078673,-0.45885179978546264
2022-04-12 00:00:00+00:00,324.1078112724406,0.0,40074.94,324.1078112724406,0.0,-0.001499499999999876,0.8461501678051933,-0.4596632515116843
2022-04-13 00:00:00+00:00,324.1078112724406,0.0,41147.79,324.1078112724406,0.0,0.0,0.8461501678051933,-0.4596632515116843
2022-04-14 00:00:00+00:00,324.1078112724406,0.0,39942.38,324.1078112724406,0.0,0.0,0.8461501678051933,-0.4596632515116843
2022-04-15 00:00:00+00:00,324.1078112724406,0.0,40551.9,324.1078112724406,0.0,0.0,0.8461501678051933,-0.4596632515116843
2022-04-16 00:00:00+00:00,324.1078112724406,0.0,40378.71,324.1078112724406,0.0,0.0,0.8461501678051933,-0.4596632515116843
2022-04-17 00:00:00+00:00,324.1078112724406,0.0,39678.12,324.1078112724406,0.0,0.0,0.8461501678051933,-0.4596632515116843
2022-04-18 00:00:00+00:00,324.1078112724406,0.0,40801.13,324.1078112724406,0.0,0.0,0.8461501678051933,-0.4596632515116843
2022-04-19 00:00:00+00:00,324.1078112724406,0.0,41493.18,324.1078112724406,0.0,0.0,0.8461501678051933,-0.4596632515116843
2022-04-20 00:00:00+00:00,324.1078112724406,0.0,41358.19,324.1078112724406,0.0,0.0,0.8461501678051933,-0.4596632515116843
2022-04-21 00:00:00+00:00,0.0,0.00782486409915731,40480.01,316.7505769825289,0.0,-0.02269995980975381,0.8269425930029989,-0.47192887398610206
2022-04-22 00:00:00+00:00,0.0,0.00782486409915731,39709.18,310.7189369889755,0.0,-0.019042238378893628,0.8111957550213753,-0.4819845302486696
2022-04-23 00:00:00+00:00,0.0,0.00782486409915731,39441.6,308.62515985332294,0.0,-0.00673849220759537,0.8057295187473293,-0.4854751734550028
2022-04-24 00:00:00+00:00,0.0,0.00782486409915731,39450.13,308.6919059440888,0.0,0.00021626911687167016,0.8059037731587863,-0.4853638976251573
2022-04-25 00:00:00+00:00,0.0,0.00782486409915731,40426.08,316.32858206166134,0.0,0.024738828490552534,0.8258408883828506,-0.4726324033534597
2022-04-26 00:00:00+00:00,0.0,0.00782486409915731,38112.65,298.22630670874787,0.0,-0.05722617676509811,0.778581171724408,-0.5028116346593394
2022-04-27 00:00:00+00:00,0.0,0.00939678629839662,39235.72,368.68967610372624,60.0,0.0350853333847474,0.8058979517014461,-0.48536761510634485
2022-04-28 00:00:00+00:00,0.0,0.00939678629839662,39742.07,373.4477388459194,0.0,0.012905332182001628,0.8162983324729479,-0.47872611322767655
2022-04-29 00:00:00+00:00,0.0,0.00939678629839662,38596.11,362.6793976194088,0.0,-0.028834934868767537,0.7927604232226069,-0.49375701180154585
2022-04-30 00:00:00+00:00,0.0,0.00939678629839662,37630.8,353.6085858377036,0.0,-0.025010551581493567,0.7729330477658312,-0.5064184281706527
2022-05-01 00:00:00+00:00,353.07834976323994,0.0,38468.35,353.07834976323994,0.0,-0.001499499999999987,0.7717740346607063,-0.5071585537376109
2022-05-02 00:00:00+00:00,0.0,0.009164660024783198,38525.16,353.0699938003767,0.0,-2.3666030128488558e-05,0.7717557698331496,-0.5071702173381266
2022-05-03 00:00:00+00:00,352.5405653446731,0.0,37728.95,352.5405653446731,0.0,-0.001499499999999876,0.7705985220562849,-0.507909215597228
2022-05-04 00:00:00+00:00,0.0,0.009330033589122261,39690.0,370.30903315226254,0.0,0.05040120075321686,0.8094376128665759,-0.48310724918373604
2022-05-05 00:00:00+00:00,0.0,0.009330033589122261,36552.97,341.04043788217837,0.0,-0.07903829680020147,0.7454610425795809,-0.5239615718366244
2022-05-06 00:00:00+00:00,340.5290477455741,0.0,36013.77,340.5290477455741,0.0,-0.001499499999999876,0.744343223746233,-0.5246753914596554
2022-05-07 00:00:00+00:00,340.5290477455741,0.0,35472.39,340.5290477455741,0.0,0.0,0.744343223746233,-0.5246753914596554
2022-05-08 00:00:00+00:00,340.5290477455741,0.0,34038.4,340.5290477455741,0.0,0.0,0.744343223746233,-0.5246753914596554
2022-05-09 00:00:00+00:00,340.5290477455741,0.0,30076.31,340.5290477455741,0.0,0.0,0.744343223746233,-0.5246753914596554
2022-05-10 00:00:00+00:00,340.5290477455741,0.0,31017.1,340.5290477455741,0.0,0.0,0.744343223746233,-0.5246753914596554
2022-05-11 00:00:00+00:00,340.5290477455741,0.0,29103.94,340.5290477455741,0.0,0.0,0.744343223746233,-0.5246753914596554
2022-05-12 00:00:00+00:00,340.5290477455741,0.0,29029.75,340.5290477455741,0.0,0.0,0.744343223746233,-0.5246753914596554
2022-05-13 00:00:00+00:00,340.5290477455741,0.0,29287.05,340.5290477455741,0.0,0.0,0.744343223746233,-0.5246753914596554
2022-05-14 00:00:00+00:00,340.5290477455741,0.0,30086.74,340.5290477455741,0.0,0.0,0.744343223746233,-0.5246753914596554
2022-05-15 00:00:00+00:00,340.5290477455741,0.0,31328.89,340.5290477455741,0.0,0.0,0.744343223746233,-0.5246753914596554
2022-05-16 00:00:00+00:00,340.5290477455741,0.0,29874.01,340.5290477455741,0.0,0.0,0.744343223746233,-0.5246753914596554
2022-05-17 00:00:00+00:00,340.5290477455741,0.0,30444.93,340.5290477455741,0.0,0.0,0.744343223746233,-0.5246753914596554
2022-05-18 00:00:00+00:00,340.5290477455741,0.0,28715.32,340.5290477455741,0.0,0.0,0.744343223746233,-0.5246753914596554
2022-05-19 00:00:00+00:00,340.5290477455741,0.0,30319.23,340.5290477455741,0.0,0.0,0.744343223746233,-0.5246753914596554
2022-05-20 00:00:00+00:00,340.5290477455741,0.0,29201.01,340.5290477455741,0.0,0.0,0.744343223746233,-0.5246753914596554
2022-05-21 00:00:00+00:00,340.5290477455741,0.0,29445.06,340.5290477455741,0.0,0.0,0.744343223746233,-0.5246753914596554
2022-05-22 00:00:00+00:00,340.5290477455741,0.0,30293.94,340.5290477455741,0.0,0.0,0.744343223746233,-0.5246753914596554
2022-05-23 00:00:00+00:00,340.5290477455741,0.0,29109.15,340.5290477455741,0.0,0.0,0.744343223746233,-0.5246753914596554
2022-05-24 00:00:00+00:00,340.5290477455741,0.0,29654.58,340.5290477455741,0.0,0.0,0.744343223746233,-0.5246753914596554
2022-05-25 00:00:00+00:00,340.5290477455741,0.0,29542.15,340.5290477455741,0.0,0.0,0.744343223746233,-0.5246753914596554
2022-05-26 00:00:00+00:00,340.5290477455741,0.0,29201.35,340.5290477455741,0.0,0.0,0.744343223746233,-0.5246753914596554
2022-05-27 00:00:00+00:00,400.5290477455741,0.0,28629.8,400.5290477455741,60.0,0.0,0.744343223746233,-0.5246753914596554
2022-05-28 00:00:00+00:00,400.5290477455741,0.0,29031.33,400.5290477455741,0.0,0.0,0.744343223746233,-0.5246753914596554
2022-05-29 00:00:00+00:00,400.5290477455741,0.0,29468.1,400.5290477455741,0.0,0.0,0.744343223746233,-0.5246753914596554
2022-05-30 00:00:00+00:00,400.5290477455741,0.0,31734.22,400.5290477455741,0.0,0.0,0.744343223746233,-0.5246753914596554
2022-05-31 00:00:00+00:00,400.5290477455741,0.0,31801.04,400.5290477455741,0.0,0.0,0.744343223746233,-0.5246753914596554
2022-06-01 00:00:00+00:00,400.5290477455741,0.0,29805.83,400.5290477455741,0.0,0.0,0.744343223746233,-0.5246753914596554
2022-06-02 00:00:00+00:00,400.5290477455741,0.0,30452.62,400.5290477455741,0.0,0.0,0.744343223746233,-0.5246753914596554
2022-06-03 00:00:00+00:00,400.5290477455741,0.0,29700.21,400.5290477455741,0.0,0.0,0.744343223746233,-0.5246753914596554
2022-06-04 00:00:00+00:00,400.5290477455741,0.0,29864.04,400.5290477455741,0.0,0.0,0.744343223746233,-0.5246753914596554
2022-06-05 00:00:00+00:00,400.5290477455741,0.0,29919.21,400.5290477455741,0.0,0.0,0.744343223746233,-0.5246753914596554
2022-06-06 00:00:00+00:00,400.5290477455741,0.0,31373.1,400.5290477455741,0.0,0.0,0.744343223746233,-0.5246753914596554
2022-06-07 00:00:00+00:00,400.5290477455741,0.0,31125.33,400.5290477455741,0.0,0.0,0.744343223746233,-0.5246753914596554
2022-06-08 00:00:00+00:00,400.5290477455741,0.0,30204.77,400.5290477455741,0.0,0.0,0.744343223746233,-0.5246753914596554
2022-06-09 00:00:00+00:00,400.5290477455741,0.0,30109.93,400.5290477455741,0.0,0.0,0.744343223746233,-0.5246753914596554
2022-06-10 00:00:00+00:00,400.5290477455741,0.0,29091.88,400.5290477455741,0.0,0.0,0.744343223746233,-0.5246753914596554
2022-06-11 00:00:00+00:00,400.5290477455741,0.0,28424.7,400.5290477455741,0.0,0.0,0.744343223746233,-0.5246753914596554
2022-06-12 00:00:00+00:00,400.5290477455741,0.0,26574.53,400.5290477455741,0.0,0.0,0.744343223746233,-0.5246753914596554
2022-06-13 00:00:00+00:00,400.5290477455741,0.0,22487.41,400.5290477455741,0.0,0.0,0.744343223746233,-0.5246753914596554
2022-06-14 00:00:00+00:00,400.5290477455741,0.0,22136.41,400.5290477455741,0.0,0.0,0.744343223746233,-0.5246753914596554
2022-06-15 00:00:00+00:00,400.5290477455741,0.0,22583.72,400.5290477455741,0.0,0.0,0.744343223746233,-0.5246753914596554
2022-06-16 00:00:00+00:00,400.5290477455741,0.0,20401.31,400.5290477455741,0.0,0.0,0.744343223746233,-0.5246753914596554
2022-06-17 00:00:00+00:00,400.5290477455741,0.0,20468.81,400.5290477455741,0.0,0.0,0.744343223746233,-0.5246753914596554
2022-06-18 00:00:00+00:00,400.5290477455741,0.0,18970.79,400.5290477455741,0.0,0.0,0.744343223746233,-0.5246753914596554
2022-06-19 00:00:00+00:00,400.5290477455741,0.0,20574.0,400.5290477455741,0.0,0.0,0.744343223746233,-0.5246753914596554
2022-06-20 00:00:00+00:00,400.5290477455741,0.0,20573.89,400.5290477455741,0.0,0.0,0.744343223746233,-0.5246753914596554
2022-06-21 00:00:00+00:00,400.5290477455741,0.0,20723.52,400.5290477455741,0.0,0.0,0.744343223746233,-0.5246753914596554
2022-06-22 00:00:00+00:00,400.5290477455741,0.0,19987.99,400.5290477455741,0.0,0.0,0.744343223746233,-0.5246753914596554
2022-06-23 00:00:00+00:00,400.5290477455741,0.0,21110.13,400.5290477455741,0.0,0.0,0.744343223746233,-0.5246753914596554
2022-06-24 00:00:00+00:00,400.5290477455741,0.0,21237.69,400.5290477455741,0.0,0.0,0.744343223746233,-0.5246753914596554
2022-06-25 00:00:00+00:00,400.5290477455741,0.0,21491.19,400.5290477455741,0.0,0.0,0.744343223746233,-0.5246753914596554
2022-06-26 00:00:00+00:00,400.5290477455741,0.0,21038.07,400.5290477455741,0.0,0.0,0.744343223746233,-0.5246753914596554
2022-06-27 00:00:00+00:00,460.5290477455741,0.0,20742.56,460.5290477455741,60.0,0.0,0.744343223746233,-0.5246753914596554
2022-06-28 00:00:00+00:00,460.5290477455741,0.0,20281.29,460.5290477455741,0.0,0.0,0.744343223746233,-0.5246753914596554
2022-06-29 00:00:00+00:00,460.5290477455741,0.0,20123.01,460.5290477455741,0.0,0.0,0.744343223746233,-0.5246753914596554
2022-06-30 00:00:00+00:00,460.5290477455741,0.0,19942.21,460.5290477455741,0.0,0.0,0.744343223746233,-0.5246753914596554
2022-07-01 00:00:00+00:00,460.5290477455741,0.0,19279.8,460.5290477455741,0.0,0.0,0.744343223746233,-0.5246753914596554
2022-07-02 00:00:00+00:00,460.5290477455741,0.0,19252.81,460.5290477455741,0.0,0.0,0.744343223746233,-0.5246753914596554
2022-07-03 00:00:00+00:00,460.5290477455741,0.0,19315.83,460.5290477455741,0.0,0.0,0.744343223746233,-0.5246753914596554
2022-07-04 00:00:00+00:00,460.5290477455741,0.0,20236.71,460.5290477455741,0.0,0.0,0.744343223746233,-0.5246753914596554
2022-07-05 00:00:00+00:00,460.5290477455741,0.0,20175.83,460.5290477455741,0.0,0.0,0.744343223746233,-0.5246753914596554
2022-07-06 00:00:00+00:00,460.5290477455741,0.0,20564.51,460.5290477455741,0.0,0.0,0.744343223746233,-0.5246753914596554
2022-07-07 00:00:00+00:00,460.5290477455741,0.0,21624.98,460.5290477455741,0.0,0.0,0.744343223746233,-0.5246753914596554
2022-07-08 00:00:00+00:00,460.5290477455741,0.0,21594.75,460.5290477455741,0.0,0.0,0.744343223746233,-0.5246753914596554
2022-07-09 00:00:00+00:00,460.5290477455741,0.0,21591.83,460.5290477455741,0.0,0.0,0.744343223746233,-0.5246753914596554
2022-07-10 00:00:00+00:00,460.5290477455741,0.0,20862.47,460.5290477455741,0.0,0.0,0.744343223746233,-0.5246753914596554
2022-07-11 00:00:00+00:00,460.5290477455741,0.0,19963.61,460.5290477455741,0.0,0.0,0.744343223746233,-0.5246753914596554
2022-07-12 00:00:00+00:00,460.5290477455741,0.0,19328.75,460.5290477455741,0.0,0.0,0.744343223746233,-0.5246753914596554
2022-07-13 00:00:00+00:00,460.5290477455741,0.0,20234.87,460.5290477455741,0.0,0.0,0.744343223746233,-0.5246753914596554
2022-07-14 00:00:00+00:00,460.5290477455741,0.0,20588.84,460.5290477455741,0.0,0.0,0.744343223746233,-0.5246753914596554
2022-07-15 00:00:00+00:00,460.5290477455741,0.0,20830.04,460.5290477455741,0.0,0.0,0.744343223746233,-0.5246753914596554
2022-07-16 00:00:00+00:00,460.5290477455741,0.0,21195.6,460.5290477455741,0.0,0.0,0.744343223746233,-0.5246753914596554
2022-07-17 00:00:00+00:00,460.5290477455741,0.0,20798.16,460.5290477455741,0.0,0.0,0.744343223746233,-0.5246753914596554
2022-07-18 00:00:00+00:00,460.5290477455741,0.0,22432.58,460.5290477455741,0.0,0.0,0.744343223746233,-0.5246753914596554
2022-07-19 00:00:00+00:00,460.5290477455741,0.0,23396.62,460.5290477455741,0.0,0.0,0.744343223746233,-0.5246753914596554
2022-07-20 00:00:00+00:00,460.5290477455741,0.0,23223.3,460.5290477455741,0.0,0.0,0.744343223746233,-0.5246753914596554
2022-07-21 00:00:00+00:00,460.5290477455741,0.0,23152.19,460.5290477455741,0.0,0.0,0.744343223746233,-0.5246753914596554
2022-07-22 00:00:00+00:00,460.5290477455741,0.0,22684.83,460.5290477455741,0.0,0.0,0.744343223746233,-0.5246753914596554
2022-07-23 00:00:00+00:00,460.5290477455741,0.0,22451.07,460.5290477455741,0.0,0.0,0.744343223746233,-0.5246753914596554
2022-07-24 00:00:00+00:00,460.5290477455741,0.0,22579.68,460.5290477455741,0.0,0.0,0.744343223746233,-0.5246753914596554
2022-07-25 00:00:00+00:00,460.5290477455741,0.0,21310.9,460.5290477455741,0.0,0.0,0.744343223746233,-0.5246753914596554
2022-07-26 00:00:00+00:00,460.5290477455741,0.0,21254.67,460.5290477455741,0.0,0.0,0.744343223746233,-0.5246753914596554
2022-07-27 00:00:00+00:00,520.5290477455741,0.0,22952.45,520.5290477455741,60.0,0.0,0.744343223746233,-0.5246753914596554
2022-07-28 00:00:00+00:00,520.5290477455741,0.0,23842.93,520.5290477455741,0.0,0.0,0.744343223746233,-0.5246753914596554
2022-07-29 00:00:00+00:00,520.5290477455741,0.0,23773.75,520.5290477455741,0.0,0.0,0.744343223746233,-0.5246753914596554
2022-07-30 00:00:00+00:00,520.5290477455741,0.0,23643.51,520.5290477455741,0.0,0.0,0.744343223746233,-0.5246753914596554
2022-07-31 00:00:00+00:00,520.5290477455741,0.0,23293.32,520.5290477455741,0.0,0.0,0.744343223746233,-0.5246753914596554
2022-08-01 00:00:00+00:00,520.5290477455741,0.0,23268.01,520.5290477455741,0.0,0.0,0.744343223746233,-0.5246753914596554
2022-08-02 00:00:00+00:00,520.5290477455741,0.0,22987.79,520.5290477455741,0.0,0.0,0.744343223746233,-0.5246753914596554
2022-08-03 00:00:00+00:00,520.5290477455741,0.0,22818.37,520.5290477455741,0.0,0.0,0.744343223746233,-0.5246753914596554
2022-08-04 00:00:00+00:00,520.5290477455741,0.0,22622.98,520.5290477455741,0.0,0.0,0.744343223746233,-0.5246753914596554
2022-08-05 00:00:00+00:00,520.5290477455741,0.0,23312.42,520.5290477455741,0.0,0.0,0.744343223746233,-0.5246753914596554
2022-08-06 00:00:00+00:00,520.5290477455741,0.0,22954.21,520.5290477455741,0.0,0.0,0.744343223746233,-0.5246753914596554
2022-08-07 00:00:00+00:00,520.5290477455741,0.0,23174.39,520.5290477455741,0.0,0.0,0.744343223746233,-0.5246753914596554
2022-08-08 00:00:00+00:00,520.5290477455741,0.0,23810.0,520.5290477455741,0.0,0.0,0.744343223746233,-0.5246753914596554
2022-08-09 00:00:00+00:00,520.5290477455741,0.0,23149.95,520.5290477455741,0.0,0.0,0.744343223746233,-0.5246753914596554
2022-08-10 00:00:00+00:00,520.5290477455741,0.0,23954.05,520.5290477455741,0.0,0.0,0.744343223746233,-0.5246753914596554
2022-08-11 00:00:00+00:00,520.5290477455741,0.0,23934.39,520.5290477455741,0.0,0.0,0.744343223746233,-0.5246753914596554
2022-08-12 00:00:00+00:00,520.5290477455741,0.0,24403.68,520.5290477455741,0.0,0.0,0.744343223746233,-0.5246753914596554
2022-08-13 00:00:00+00:00,520.5290477455741,0.0,24441.38,520.5290477455741,0.0,0.0,0.744343223746233,-0.5246753914596554
2022-08-14 00:00:00+00:00,520.5290477455741,0.0,24305.24,520.5290477455741,0.0,0.0,0.744343223746233,-0.5246753914596554
2022-08-15 00:00:00+00:00,520.5290477455741,0.0,24094.82,520.5290477455741,0.0,0.0,0.744343223746233,-0.5246753914596554
2022-08-16 00:00:00+00:00,520.5290477455741,0.0,23854.74,520.5290477455741,0.0,0.0,0.744343223746233,-0.5246753914596554
2022-08-17 00:00:00+00:00,520.5290477455741,0.0,23342.66,520.5290477455741,0.0,0.0,0.744343223746233,-0.5246753914596554
2022-08-18 00:00:00+00:00,520.5290477455741,0.0,23191.2,520.5290477455741,0.0,0.0,0.744343223746233,-0.5246753914596554
2022-08-19 00:00:00+00:00,520.5290477455741,0.0,20834.39,520.5290477455741,0.0,0.0,0.744343223746233,-0.5246753914596554
2022-08-20 00:00:00+00:00,520.5290477455741,0.0,21140.07,520.5290477455741,0.0,0.0,0.744343223746233,-0.5246753914596554
2022-08-21 00:00:00+00:00,520.5290477455741,0.0,21515.61,520.5290477455741,0.0,0.0,0.744343223746233,-0.5246753914596554
2022-08-22 00:00:00+00:00,520.5290477455741,0.0,21399.83,520.5290477455741,0.0,0.0,0.744343223746233,-0.5246753914596554
2022-08-23 00:00:00+00:00,520.5290477455741,0.0,21529.12,520.5290477455741,0.0,0.0,0.744343223746233,-0.5246753914596554
2022-08-24 00:00:00+00:00,520.5290477455741,0.0,21368.08,520.5290477455741,0.0,0.0,0.744343223746233,-0.5246753914596554
2022-08-25 00:00:00+00:00,520.5290477455741,0.0,21559.04,520.5290477455741,0.0,0.0,0.744343223746233,-0.5246753914596554
2022-08-26 00:00:00+00:00,520.5290477455741,0.0,20241.05,520.5290477455741,0.0,0.0,0.744343223746233,-0.5246753914596554
2022-08-27 00:00:00+00:00,580.5290477455741,0.0,20037.6,580.5290477455741,60.0,0.0,0.744343223746233,-0.5246753914596554
2022-08-28 00:00:00+00:00,580.5290477455741,0.0,19555.61,580.5290477455741,0.0,0.0,0.744343223746233,-0.5246753914596554
2022-08-29 00:00:00+00:00,580.5290477455741,0.0,20285.73,580.5290477455741,0.0,0.0,0.744343223746233,-0.5246753914596554
2022-08-30 00:00:00+00:00,580.5290477455741,0.0,19811.66,580.5290477455741,0.0,0.0,0.744343223746233,-0.5246753914596554
2022-08-31 00:00:00+00:00,580.5290477455741,0.0,20050.02,580.5290477455741,0.0,0.0,0.744343223746233,-0.5246753914596554
2022-09-01 00:00:00+00:00,580.5290477455741,0.0,20131.46,580.5290477455741,0.0,0.0,0.744343223746233,-0.5246753914596554
2022-09-02 00:00:00+00:00,580.5290477455741,0.0,19951.86,580.5290477455741,0.0,0.0,0.744343223746233,-0.5246753914596554
2022-09-03 00:00:00+00:00,580.5290477455741,0.0,19831.9,580.5290477455741,0.0,0.0,0.744343223746233,-0.5246753914596554
2022-09-04 00:00:00+00:00,580.5290477455741,0.0,20000.3,580.5290477455741,0.0,0.0,0.744343223746233,-0.5246753914596554
2022-09-05 00:00:00+00:00,580.5290477455741,0.0,19796.84,580.5290477455741,0.0,0.0,0.744343223746233,-0.5246753914596554
2022-09-06 00:00:00+00:00,580.5290477455741,0.0,18790.61,580.5290477455741,0.0,0.0,0.744343223746233,-0.5246753914596554
2022-09-07 00:00:00+00:00,580.5290477455741,0.0,19292.84,580.5290477455741,0.0,0.0,0.744343223746233,-0.5246753914596554
2022-09-08 00:00:00+00:00,580.5290477455741,0.0,19319.77,580.5290477455741,0.0,0.0,0.744343223746233,-0.5246753914596554
2022-09-09 00:00:00+00:00,580.5290477455741,0.0,21360.11,580.5290477455741,0.0,0.0,0.744343223746233,-0.5246753914596554
2022-09-10 00:00:00+00:00,580.5290477455741,0.0,21648.34,580.5290477455741,0.0,0.0,0.744343223746233,-0.5246753914596554
2022-09-11 00:00:00+00:00,580.5290477455741,0.0,21826.87,580.5290477455741,0.0,0.0,0.744343223746233,-0.5246753914596554
2022-09-12 00:00:00+00:00,580.5290477455741,0.0,22395.74,580.5290477455741,0.0,0.0,0.744343223746233,-0.5246753914596554
2022-09-13 00:00:00+00:00,0.0,0.02588291496002852,20173.57,522.1507967501825,0.0,-0.10056043056260078,0.6694917486799575,-0.5724742387514721
2022-09-14 00:00:00+00:00,521.3691238356321,0.0,20226.71,521.3691238356321,0.0,-0.0014970252260754213,0.6684895026435342,-0.5731142556008582
2022-09-15 00:00:00+00:00,521.3691238356321,0.0,19701.88,521.3691238356321,0.0,0.0,0.6684895026435342,-0.5731142556008582
2022-09-16 00:00:00+00:00,521.3691238356321,0.0,19803.3,521.3691238356321,0.0,0.0,0.6684895026435342,-0.5731142556008582
2022-09-17 00:00:00+00:00,0.0,0.026287940977982833,20113.62,528.745655413575,0.0,0.0141483859337026,0.6779475501195639,-0.5670745113395033
2022-09-18 00:00:00+00:00,527.9262902958499,0.0,19416.18,527.9262902958499,0.0,-0.0015496394331302454,0.6768969758623046,-0.5677453897483387
2022-09-19 00:00:00+00:00,527.9262902958499,0.0,19537.02,527.9262902958499,0.0,0.0,0.6768969758623046,-0.5677453897483387
2022-09-20 00:00:00+00:00,527.9262902958499,0.0,18875.0,527.9262902958499,0.0,0.0,0.6768969758623046,-0.5677453897483387
2022-09-21 00:00:00+00:00,527.9262902958499,0.0,18461.36,527.9262902958499,0.0,0.0,0.6768969758623046,-0.5677453897483387
2022-09-22 00:00:00+00:00,527.9262902958499,0.0,19401.63,527.9262902958499,0.0,0.0,0.6768969758623046,-0.5677453897483387
2022-09-23 00:00:00+00:00,527.9262902958499,0.0,19289.91,527.9262902958499,0.0,0.0,0.6768969758623046,-0.5677453897483387
2022-09-24 00:00:00+00:00,527.9262902958499,0.0,18920.5,527.9262902958499,0.0,0.0,0.6768969758623046,-0.5677453897483387
2022-09-25 00:00:00+00:00,527.9262902958499,0.0,18807.38,527.9262902958499,0.0,0.0,0.6768969758623046,-0.5677453897483387
2022-09-26 00:00:00+00:00,527.9262902958499,0.0,19227.82,527.9262902958499,0.0,0.0,0.6768969758623046,-0.5677453897483387
2022-09-27 00:00:00+00:00,587.9262902958499,0.0,19079.13,587.9262902958499,60.0,0.0,0.6768969758623046,-0.5677453897483387
2022-09-28 00:00:00+00:00,587.9262902958499,0.0,19412.82,587.9262902958499,0.0,0.0,0.6768969758623046,-0.5677453897483387
2022-09-29 00:00:00+00:00,587.9262902958499,0.0,19591.51,587.9262902958499,0.0,0.0,0.6768969758623046,-0.5677453897483387
2022-09-30 00:00:00+00:00,0.0,0.02996576044510209,19422.61,582.0132784786443,0.0,-0.010057403308550872,0.670089149977719,-0.5720927486956202
2022-10-01 00:00:00+00:00,0.0,0.02996576044510209,19310.95,578.6673016673443,0.0,-0.005748969886127497,0.6662368276334762,-0.5745527745974246
2022-10-02 00:00:00+00:00,577.8381879150497,0.0,19056.8,577.8381879150497,0.0,-0.001432798690898185,0.6652822443790148,-0.5751623548250278
2022-10-03 00:00:00+00:00,577.8381879150497,0.0,19629.08,577.8381879150497,0.0,0.0,0.6652822443790148,-0.5751623548250278
2022-10-04 00:00:00+00:00,577.8381879150497,0.0,20337.82,577.8381879150497,0.0,0.0,0.6652822443790148,-0.5751623548250278
2022-10-05 00:00:00+00:00,577.8381879150497,0.0,20158.26,577.8381879150497,0.0,0.0,0.6652822443790148,-0.5751623548250278
2022-10-06 00:00:00+00:00,577.8381879150497,0.0,19960.67,577.8381879150497,0.0,0.0,0.6652822443790148,-0.5751623548250278
2022-10-07 00:00:00+00:00,577.8381879150497,0.0,19530.09,577.8381879150497,0.0,0.0,0.6652822443790148,-0.5751623548250278
2022-10-08 00:00:00+00:00,577.8381879150497,0.0,19417.96,577.8381879150497,0.0,0.0,0.6652822443790148,-0.5751623548250278
2022-10-09 00:00:00+00:00,577.8381879150497,0.0,19439.02,577.8381879150497,0.0,0.0,0.6652822443790148,-0.5751623548250278
2022-10-10 00:00:00+00:00,577.8381879150497,0.0,19131.87,577.8381879150497,0.0,0.0,0.6652822443790148,-0.5751623548250278
2022-10-11 00:00:00+00:00,577.8381879150497,0.0,19060.0,577.8381879150497,0.0,0.0,0.6652822443790148,-0.5751623548250278
2022-10-12 00:00:00+00:00,577.8381879150497,0.0,19155.53,577.8381879150497,0.0,0.0,0.6652822443790148,-0.5751623548250278
2022-10-13 00:00:00+00:00,577.8381879150497,0.0,19375.13,577.8381879150497,0.0,0.0,0.6652822443790148,-0.5751623548250278
2022-10-14 00:00:00+00:00,577.8381879150497,0.0,19176.93,577.8381879150497,0.0,0.0,0.6652822443790148,-0.5751623548250278
2022-10-15 00:00:00+00:00,577.8381879150497,0.0,19069.39,577.8381879150497,0.0,0.0,0.6652822443790148,-0.5751623548250278
2022-10-16 00:00:00+00:00,577.8381879150497,0.0,19262.98,577.8381879150497,0.0,0.0,0.6652822443790148,-0.5751623548250278
2022-10-17 00:00:00+00:00,577.8381879150497,0.0,19549.86,577.8381879150497,0.0,0.0,0.6652822443790148,-0.5751623548250278
2022-10-18 00:00:00+00:00,577.8381879150497,0.0,19327.44,577.8381879150497,0.0,0.0,0.6652822443790148,-0.5751623548250278
2022-10-19 00:00:00+00:00,577.8381879150497,0.0,19123.97,577.8381879150497,0.0,0.0,0.6652822443790148,-0.5751623548250278
2022-10-20 00:00:00+00:00,577.8381879150497,0.0,19041.92,577.8381879150497,0.0,0.0,0.6652822443790148,-0.5751623548250278
2022-10-21 00:00:00+00:00,577.8381879150497,0.0,19164.37,577.8381879150497,0.0,0.0,0.6652822443790148,-0.5751623548250278
2022-10-22 00:00:00+00:00,577.8381879150497,0.0,19204.35,577.8381879150497,0.0,0.0,0.6652822443790148,-0.5751623548250278
2022-10-23 00:00:00+00:00,577.8381879150497,0.0,19570.4,577.8381879150497,0.0,0.0,0.6652822443790148,-0.5751623548250278
2022-10-24 00:00:00+00:00,577.8381879150497,0.0,19329.72,577.8381879150497,0.0,0.0,0.6652822443790148,-0.5751623548250278
2022-10-25 00:00:00+00:00,577.8381879150497,0.0,20080.07,577.8381879150497,0.0,0.0,0.6652822443790148,-0.5751623548250278
2022-10-26 00:00:00+00:00,577.8381879150497,0.0,20771.59,577.8381879150497,0.0,0.0,0.6652822443790148,-0.5751623548250278
2022-10-27 00:00:00+00:00,637.8381879150497,0.0,20295.11,637.8381879150497,60.0,0.0,0.6652822443790148,-0.5751623548250278
2022-10-28 00:00:00+00:00,637.8381879150497,0.0,20591.84,637.8381879150497,0.0,0.0,0.6652822443790148,-0.5751623548250278
2022-10-29 00:00:00+00:00,637.8381879150497,0.0,20809.67,637.8381879150497,0.0,0.0,0.6652822443790148,-0.5751623548250278
2022-10-30 00:00:00+00:00,637.8381879150497,0.0,20627.48,637.8381879150497,0.0,0.0,0.6652822443790148,-0.5751623548250278
2022-10-31 00:00:00+00:00,637.8381879150497,0.0,20490.74,637.8381879150497,0.0,0.0,0.6652822443790148,-0.5751623548250278
2022-11-01 00:00:00+00:00,637.8381879150497,0.0,20483.62,637.8381879150497,0.0,0.0,0.6652822443790148,-0.5751623548250278
2022-11-02 00:00:00+00:00,637.8381879150497,0.0,20151.84,637.8381879150497,0.0,0.0,0.6652822443790148,-0.5751623548250278
2022-11-03 00:00:00+00:00,637.8381879150497,0.0,20207.82,637.8381879150497,0.0,0.0,0.6652822443790148,-0.5751623548250278
2022-11-04 00:00:00+00:00,637.8381879150497,0.0,21148.52,637.8381879150497,0.0,0.0,0.6652822443790148,-0.5751623548250278
2022-11-05 00:00:00+00:00,637.8381879150497,0.0,21299.37,637.8381879150497,0.0,0.0,0.6652822443790148,-0.5751623548250278
2022-11-06 00:00:00+00:00,637.8381879150497,0.0,20905.58,637.8381879150497,0.0,0.0,0.6652822443790148,-0.5751623548250278
2022-11-07 00:00:00+00:00,637.8381879150497,0.0,20591.13,637.8381879150497,0.0,0.0,0.6652822443790148,-0.5751623548250278
2022-11-08 00:00:00+00:00,637.8381879150497,0.0,18547.23,637.8381879150497,0.0,0.0,0.6652822443790148,-0.5751623548250278
2022-11-09 00:00:00+00:00,637.8381879150497,0.0,15922.81,637.8381879150497,0.0,0.0,0.6652822443790148,-0.5751623548250278
2022-11-10 00:00:00+00:00,637.8381879150497,0.0,17601.15,637.8381879150497,0.0,0.0,0.6652822443790148,-0.5751623548250278
2022-11-11 00:00:00+00:00,637.8381879150497,0.0,17070.31,637.8381879150497,0.0,0.0,0.6652822443790148,-0.5751623548250278
2022-11-12 00:00:00+00:00,637.8381879150497,0.0,16812.08,637.8381879150497,0.0,0.0,0.6652822443790148,-0.5751623548250278
2022-11-13 00:00:00+00:00,637.8381879150497,0.0,16329.85,637.8381879150497,0.0,0.0,0.6652822443790148,-0.5751623548250278
2022-11-14 00:00:00+00:00,637.8381879150497,0.0,16619.46,637.8381879150497,0.0,0.0,0.6652822443790148,-0.5751623548250278
2022-11-15 00:00:00+00:00,637.8381879150497,0.0,16900.57,637.8381879150497,0.0,0.0,0.6652822443790148,-0.5751623548250278
2022-11-16 00:00:00+00:00,637.8381879150497,0.0,16662.76,637.8381879150497,0.0,0.0,0.6652822443790148,-0.5751623548250278
2022-11-17 00:00:00+00:00,637.8381879150497,0.0,16692.56,637.8381879150497,0.0,0.0,0.6652822443790148,-0.5751623548250278
2022-11-18 00:00:00+00:00,637.8381879150497,0.0,16700.45,637.8381879150497,0.0,0.0,0.6652822443790148,-0.5751623548250278
2022-11-19 00:00:00+00:00,637.8381879150497,0.0,16700.68,637.8381879150497,0.0,0.0,0.6652822443790148,-0.5751623548250278
2022-11-20 00:00:00+00:00,637.8381879150497,0.0,16280.23,637.8381879150497,0.0,0.0,0.6652822443790148,-0.5751623548250278
2022-11-21 00:00:00+00:00,637.8381879150497,0.0,15781.29,637.8381879150497,0.0,0.0,0.6652822443790148,-0.5751623548250278
2022-11-22 00:00:00+00:00,637.8381879150497,0.0,16226.94,637.8381879150497,0.0,0.0,0.6652822443790148,-0.5751623548250278
2022-11-23 00:00:00+00:00,637.8381879150497,0.0,16603.11,637.8381879150497,0.0,0.0,0.6652822443790148,-0.5751623548250278
2022-11-24 00:00:00+00:00,637.8381879150497,0.0,16598.95,637.8381879150497,0.0,0.0,0.6652822443790148,-0.5751623548250278
2022-11-25 00:00:00+00:00,637.8381879150497,0.0,16522.14,637.8381879150497,0.0,0.0,0.6652822443790148,-0.5751623548250278
2022-11-26 00:00:00+00:00,637.8381879150497,0.0,16458.57,637.8381879150497,0.0,0.0,0.6652822443790148,-0.5751623548250278
2022-11-27 00:00:00+00:00,697.8381879150497,0.0,16428.78,697.8381879150497,60.0,0.0,0.6652822443790148,-0.5751623548250278
2022-11-28 00:00:00+00:00,697.8381879150497,0.0,16212.91,697.8381879150497,0.0,0.0,0.6652822443790148,-0.5751623548250278
2022-11-29 00:00:00+00:00,697.8381879150497,0.0,16442.53,697.8381879150497,0.0,0.0,0.6652822443790148,-0.5751623548250278
2022-11-30 00:00:00+00:00,697.8381879150497,0.0,17163.64,697.8381879150497,0.0,0.0,0.6652822443790148,-0.5751623548250278
2022-12-01 00:00:00+00:00,697.8381879150497,0.0,16977.37,697.8381879150497,0.0,0.0,0.6652822443790148,-0.5751623548250278
2022-12-02 00:00:00+00:00,697.8381879150497,0.0,17092.74,697.8381879150497,0.0,0.0,0.6652822443790148,-0.5751623548250278
2022-12-03 00:00:00+00:00,697.8381879150497,0.0,16885.2,697.8381879150497,0.0,0.0,0.6652822443790148,-0.5751623548250278
2022-12-04 00:00:00+00:00,697.8381879150497,0.0,17105.7,697.8381879150497,0.0,0.0,0.6652822443790148,-0.5751623548250278
2022-12-05 00:00:00+00:00,697.8381879150497,0.0,16966.35,697.8381879150497,0.0,0.0,0.6652822443790148,-0.5751623548250278
2022-12-06 00:00:00+00:00,697.8381879150497,0.0,17088.96,697.8381879150497,0.0,0.0,0.6652822443790148,-0.5751623548250278
2022-12-07 00:00:00+00:00,697.8381879150497,0.0,16836.64,697.8381879150497,0.0,0.0,0.6652822443790148,-0.5751623548250278
2022-12-08 00:00:00+00:00,697.8381879150497,0.0,17224.1,697.8381879150497,0.0,0.0,0.6652822443790148,-0.5751623548250278
2022-12-09 00:00:00+00:00,697.8381879150497,0.0,17128.56,697.8381879150497,0.0,0.0,0.6652822443790148,-0.5751623548250278
2022-12-10 00:00:00+00:00,697.8381879150497,0.0,17127.49,697.8381879150497,0.0,0.0,0.6652822443790148,-0.5751623548250278
2022-12-11 00:00:00+00:00,697.8381879150497,0.0,17085.05,697.8381879150497,0.0,0.0,0.6652822443790148,-0.5751623548250278
2022-12-12 00:00:00+00:00,697.8381879150497,0.0,17209.83,697.8381879150497,0.0,0.0,0.6652822443790148,-0.5751623548250278
2022-12-13 00:00:00+00:00,697.8381879150497,0.0,17774.7,697.8381879150497,0.0,0.0,0.6652822443790148,-0.5751623548250278
2022-12-14 00:00:00+00:00,697.8381879150497,0.0,17803.15,697.8381879150497,0.0,0.0,0.6652822443790148,-0.5751623548250278
2022-12-15 00:00:00+00:00,697.8381879150497,0.0,17356.34,697.8381879150497,0.0,0.0,0.6652822443790148,-0.5751623548250278
2022-12-16 00:00:00+00:00,697.8381879150497,0.0,16632.12,697.8381879150497,0.0,0.0,0.6652822443790148,-0.5751623548250278
2022-12-17 00:00:00+00:00,697.8381879150497,0.0,16776.52,697.8381879150497,0.0,0.0,0.6652822443790148,-0.5751623548250278
2022-12-18 00:00:00+00:00,697.8381879150497,0.0,16738.21,697.8381879150497,0.0,0.0,0.6652822443790148,-0.5751623548250278
2022-12-19 00:00:00+00:00,697.8381879150497,0.0,16438.88,697.8381879150497,0.0,0.0,0.6652822443790148,-0.5751623548250278
2022-12-20 00:00:00+00:00,697.8381879150497,0.0,16895.56,697.8381879150497,0.0,0.0,0.6652822443790148,-0.5751623548250278
2022-12-21 00:00:00+00:00,697.8381879150497,0.0,16824.67,697.8381879150497,0.0,0.0,0.6652822443790148,-0.5751623548250278
2022-12-22 00:00:00+00:00,697.8381879150497,0.0,16821.43,697.8381879150497,0.0,0.0,0.6652822443790148,-0.5751623548250278
2022-12-23 00:00:00+00:00,697.8381879150497,0.0,16778.5,697.8381879150497,0.0,0.0,0.6652822443790148,-0.5751623548250278
2022-12-24 00:00:00+00:00,697.8381879150497,0.0,16836.12,697.8381879150497,0.0,0.0,0.6652822443790148,-0.5751623548250278
2022-12-25 00:00:00+00:00,697.8381879150497,0.0,16832.11,697.8381879150497,0.0,0.0,0.6652822443790148,-0.5751623548250278
2022-12-26 00:00:00+00:00,697.8381879150497,0.0,16919.39,697.8381879150497,0.0,0.0,0.6652822443790148,-0.5751623548250278
2022-12-27 00:00:00+00:00,757.8381879150497,0.0,16706.36,757.8381879150497,60.0,0.0,0.6652822443790148,-0.5751623548250278
2022-12-28 00:00:00+00:00,757.8381879150497,0.0,16547.31,757.8381879150497,0.0,0.0,0.6652822443790148,-0.5751623548250278
2022-12-29 00:00:00+00:00,757.8381879150497,0.0,16633.47,757.8381879150497,0.0,0.0,0.6652822443790148,-0.5751623548250278
2022-12-30 00:00:00+00:00,757.8381879150497,0.0,16607.48,757.8381879150497,0.0,0.0,0.6652822443790148,-0.5751623548250278
2022-12-31 00:00:00+00:00,757.8381879150497,0.0,16542.4,757.8381879150497,0.0,0.0,0.6652822443790148,-0.5751623548250278
2023-01-01 00:00:00+00:00,757.8381879150497,0.0,16616.75,757.8381879150497,0.0,0.0,0.6652822443790148,-0.5751623548250278
2023-01-02 00:00:00+00:00,757.8381879150497,0.0,16672.87,757.8381879150497,0.0,0.0,0.6652822443790148,-0.5751623548250278
2023-01-03 00:00:00+00:00,757.8381879150497,0.0,16675.18,757.8381879150497,0.0,0.0,0.6652822443790148,-0.5751623548250278
2023-01-04 00:00:00+00:00,757.8381879150497,0.0,16850.36,757.8381879150497,0.0,0.0,0.6652822443790148,-0.5751623548250278
2023-01-05 00:00:00+00:00,757.8381879150497,0.0,16831.85,757.8381879150497,0.0,0.0,0.6652822443790148,-0.5751623548250278
2023-01-06 00:00:00+00:00,757.8381879150497,0.0,16950.65,757.8381879150497,0.0,0.0,0.6652822443790148,-0.5751623548250278
2023-01-07 00:00:00+00:00,757.8381879150497,0.0,16943.57,757.8381879150497,0.0,0.0,0.6652822443790148,-0.5751623548250278
2023-01-08 00:00:00+00:00,757.8381879150497,0.0,17127.83,757.8381879150497,0.0,0.0,0.6652822443790148,-0.5751623548250278
2023-01-09 00:00:00+00:00,757.8381879150497,0.0,17178.26,757.8381879150497,0.0,0.0,0.6652822443790148,-0.5751623548250278
2023-01-10 00:00:00+00:00,757.8381879150497,0.0,17440.66,757.8381879150497,0.0,0.0,0.6652822443790148,-0.5751623548250278
2023-01-11 00:00:00+00:00,757.8381879150497,0.0,17943.26,757.8381879150497,0.0,0.0,0.6652822443790148,-0.5751623548250278
2023-01-12 00:00:00+00:00,757.8381879150497,0.0,18846.62,757.8381879150497,0.0,0.0,0.6652822443790148,-0.5751623548250278
2023-01-13 00:00:00+00:00,757.8381879150497,0.0,19930.01,757.8381879150497,0.0,0.0,0.6652822443790148,-0.5751623548250278
2023-01-14 00:00:00+00:00,-1.1368683772161603e-13,0.03796800681136269,20954.92,795.6165452915601,0.0,0.04985016323926028,0.6984466728614902,-0.5539841288628724
2023-01-15 00:00:00+00:00,-1.1368683772161603e-13,0.03796800681136269,20871.5,792.4492541633563,0.0,-0.003980926674976515,0.6956662078704473,-0.555759685341745
2023-01-16 00:00:00+00:00,-1.1368683772161603e-13,0.03796800681136269,21185.65,804.376903503146,0.0,0.0150516254222266,0.7061371150502141,-0.5490731465280569
2023-01-17 00:00:00+00:00,-1.1368683772161603e-13,0.03796800681136269,21134.81,802.4466100368562,0.0,-0.0023997375582057723,0.7044425712939851,-0.5501552526343371
2023-01-18 00:00:00+00:00,-1.1368683772161603e-13,0.03796800681136269,20677.47,785.0823218017476,0.0,-0.02163918199406567,0.689199010289387,-0.5598895249916571
2023-01-19 00:00:00+00:00,-1.1368683772161603e-13,0.03796800681136269,21071.59,800.0462726462418,0.0,0.019060358931726196,0.7023353908008931,-0.5515008613683856
2023-01-20 00:00:00+00:00,-1.1368683772161603e-13,0.03796800681136269,22667.21,860.6287836745884,0.0,0.07572375886205074,0.7555188665741841,-0.5175388207448078
2023-01-21 00:00:00+00:00,-1.1368683772161603e-13,0.03796800681136269,22783.55,865.0459815870223,0.0,0.0051325240292035,0.7593965853113926,-0.5150625771491227
2023-01-22 00:00:00+00:00,-1.1368683772161603e-13,0.03796800681136269,22707.88,862.1729425116065,0.0,-0.003321255906125309,0.7568744349173357,-0.5166731784288674
2023-01-23 00:00:00+00:00,-1.1368683772161603e-13,0.03796800681136269,22916.45,870.0919296922525,0.0,0.00918491730623927,0.763826264013258,-0.512233861540849
2023-01-24 00:00:00+00:00,-1.1368683772161603e-13,0.03796800681136269,22632.89,859.3257216808224,0.0,-0.0123736442599095,0.7543749495459823,-0.5182693062201724
2023-01-25 00:00:00+00:00,-1.1368683772161603e-13,0.03796800681136269,23060.94,875.5779269964262,0.0,0.01891274158978362,0.7686422480285515,-0.5091584580928473
2023-01-26 00:00:00+00:00,-1.1368683772161603e-13,0.03796800681136269,23009.65,873.6305479270715,0.0,-0.002224107083232396,0.7669327053602395,-0.5102501422429477
2023-01-27 00:00:00+00:00,0.0,0.04057170156063598,23074.16,936.1579332823642,60.0,0.002892968156035236,0.7691514172546686,-0.5088333115000339
2023-01-28 00:00:00+00:00,0.0,0.04057170156063598,23022.6,934.0660563498977,0.0,-0.0022345342148967218,0.7674327220963768,-0.5099308402707045
2023-01-29 00:00:00+00:00,0.0,0.04057170156063598,23742.3,963.2655099630875,0.0,0.03126058742279336,0.7914231197965829,-0.49461099045977197
2023-01-30 00:00:00+00:00,0.0,0.04057170156063598,22826.15,926.0957455783109,0.0,-0.038587247233839994,0.7608842802064152,-0.5141125611201662
2023-01-31 00:00:00+00:00,0.0,0.04057170156063598,23125.13,938.2258729109099,0.0,0.01309813525276926,0.7708504454202648,-0.5077483417280966
2023-02-01 00:00:00+00:00,0.0,0.04057170156063598,23732.66,962.874398760043,0.0,0.026271419879585478,0.7911017811362661,-0.49481619172721314
2023-02-02 00:00:00+00:00,0.0,0.04057170156063598,23488.94,952.9862636556848,0.0,-0.010269392474337113,0.7829776464586305,-0.5000041225260466
2023-02-03 00:00:00+00:00,0.0,0.04057170156063598,23431.9,950.6720537986662,0.0,-0.002428376929737852,0.7810762816054699,-0.5012183009798685
2023-02-04 00:00:00+00:00,0.0,0.04057170156063598,23326.84,946.4095908327057,0.0,-0.004483631288969336,0.7775742235501918,-0.5034546542119605
2023-02-05 00:00:00+00:00,0.0,0.04057170156063598,22932.91,930.4271804369243,0.0,-0.016887413811729313,0.7644430058677656,-0.5118400209425713
2023-02-06 00:00:00+00:00,0.0,0.04057170156063598,22762.52,923.5141682080076,0.0,-0.007429933663019583,0.7587632450450088,-0.5154670172039091
2023-02-07 00:00:00+00:00,0.0,0.04057170156063598,23240.46,942.9050072518979,0.0,0.020996796488262248,0.7746948424839923,-0.5052933767722888
2023-02-08 00:00:00+00:00,0.0,0.04057170156063598,22963.0,931.647982936884,0.0,-0.01193866214352024,0.7654460224952483,-0.5111995120071662
2023-02-09 00:00:00+00:00,0.0,0.04057170156063598,21796.35,884.315007311168,0.0,-0.05080564386186481,0.7265570444808738,-0.5360333355196358
2023-02-10 00:00:00+00:00,0.0,0.04057170156063598,21625.19,877.3707548720495,0.0,-0.007852690932197426,0.7208516165659546,-0.5396767223386427
2023-02-11 00:00:00+00:00,0.0,0.04057170156063598,21862.55,887.0008539544821,0.0,0.01097608853378862,0.7287637477291072,-0.5346241732888679
2023-02-12 00:00:00+00:00,0.0,0.04057170156063598,21783.54,883.7952838141763,0.0,-0.0036139425638820333,0.7261300374021749,-0.536306014797221
2023-02-13 00:00:00+00:00,0.0,0.04057170156063598,21773.97,883.407012630241,0.0,-0.00043932253435396973,0.7258110321138728,-0.536509726013965
2023-02-14 00:00:00+00:00,0.0,0.04057170156063598,22199.84,900.685283173869,0.0,0.01955867487646956,0.7400069341127428,-0.5274444704366663
2023-02-15 00:00:00+00:00,0.0,0.04057170156063598,24324.05,986.8680973459875,0.0,0.09568582476270082,0.8108151079334381,-0.4822276048442239
2023-02-16 00:00:00+00:00,0.0,0.04057170156063598,23517.72,954.1539172266,0.0,-0.033149496074872276,0.7839369956955515,-0.4993914988251176
2023-02-17 00:00:00+00:00,0.0,0.04057170156063598,24569.97,996.8454901937791,0.0,0.04474285772600406,0.8190125771601087,-0.4769928438806216
2023-02-18 00:00:00+00:00,0.0,0.04057170156063598,24631.95,999.3601242565073,0.0,0.002522591602675872,0.8210786114097387,-0.47567351042045547
2023-02-19 00:00:00+00:00,0.0,0.04057170156063598,24271.76,984.7466030713819,0.0,-0.014622878010064122,0.8090720790384213,-0.48334067271502235
2023-02-20 00:00:00+00:00,0.0,0.04057170156063598,24842.2,1007.8903245096311,0.0,0.02350220997570851,0.8280870609254652,-0.4711980367192624
2023-02-21 00:00:00+00:00,0.0,0.04057170156063598,24452.16,992.0657380329206,0.0,-0.01570070283630276,0.8150855120592871,-0.4795005992039868
2023-02-22 00:00:00+00:00,0.0,0.04057170156063598,24182.21,981.1134071966269,0.0,-0.011039924489288588,0.8060870295538395,-0.48524687328549476
2023-02-23 00:00:00+00:00,0.0,0.04057170156063598,23940.2,971.2946497019375,0.0,-0.010007770174851549,0.7980198958211359,-0.4903984042744398
2023-02-24 00:00:00+00:00,0.0,0.04057170156063598,23185.29,940.6666664767978,0.0,-0.031533153440656325,0.7728558119975114,-0.5064677495860572
2023-02-25 00:00:00+00:00,0.0,0.04057170156063598,23157.07,939.5217330587566,0.0,-0.0012171510470647684,0.7719151297367085,-0.5070684528814088
2023-02-26 00:00:00+00:00,0.0,0.04057170156063598,23554.85,955.6603445055463,0.0,0.017177475388725716,0.7851746828799459,-0.4986011333624527
2023-02-27 00:00:00+00:00,-7.105427357601002e-15,0.04311513125293358,23492.09,1012.8645437557284,60.0,-0.002925517173430925,0.7828776408610374,-0.5000679843575396
2023-02-28 00:00:00+00:00,-7.105427357601002e-15,0.04311513125293358,23141.57,997.7518279489501,0.0,-0.014920766947512987,0.7711965060333311,-0.5075273534525412
2023-03-01 00:00:00+00:00,-7.105427357601002e-15,0.04311513125293358,23628.97,1018.7661429216299,0.0,0.021061665219775483,0.7874391886620657,-0.49715505944106175
2023-03-02 00:00:00+00:00,-7.105427357601002e-15,0.04311513125293358,23465.32,1011.7103516920873,0.0,-0.006925820296017959,0.7819855263473501,-0.5006376731361348
2023-03-03 00:00:00+00:00,-7.105427357601002e-15,0.04311513125293358,22354.34,963.8103031727032,0.0,-0.04734561471993559,0.7449619409003424,-0.5242802894694819
2023-03-04 00:00:00+00:00,-7.105427357601002e-15,0.04311513125293358,22346.57,963.4752986028678,0.0,-0.0003475835117476844,0.7447030044128059,-0.5244456417970758
2023-03-05 00:00:00+00:00,-7.105427357601002e-15,0.04311513125293358,22430.24,967.0827416348009,0.0,0.00374419877412957,0.7474913204890189,-0.5226650717520603
2023-03-06 00:00:00+00:00,-7.105427357601002e-15,0.04311513125293358,22410.0,966.2100913782415,0.0,-0.0009023532516816424,0.7468168192653718,-0.5230957964767061
2023-03-07 00:00:00+00:00,-7.105427357601002e-15,0.04311513125293358,22197.96,957.0679589473694,0.0,-0.009461847389558242,0.7397505524935275,-0.5276081912698825
2023-03-08 00:00:00+00:00,-7.105427357601002e-15,0.04311513125293358,21705.44,935.8328945026745,0.0,-0.022187624448372745,0.7233372450493248,-0.5380894433144738
2023-03-09 00:00:00+00:00,-7.105427357601002e-15,0.04311513125293358,20362.22,877.9197879011092,0.0,-0.06188402538718396,0.6785742246131967,-0.5666743279310091
2023-03-10 00:00:00+00:00,-7.105427357601002e-15,0.04311513125293358,20150.69,868.7996441871761,0.0,-0.010388356475865668,0.6715249536725807,-0.5711758694826059
2023-03-11 00:00:00+00:00,-7.105427357601002e-15,0.04311513125293358,20455.73,881.9514838245709,0.0,0.015137943167206513,0.6816904602566372,-0.5646843541661068
2023-03-12 00:00:00+00:00,-7.105427357601002e-15,0.04311513125293358,21997.11,948.4082848352177,0.0,0.07535199183798391,0.7330571942539268,-0.5318824531742847
2023-03-13 00:00:00+00:00,-7.105427357601002e-15,0.04311513125293358,24113.48,1039.6558551649887,0.0,0.09621127502658289,0.8035855615805065,-0.48684426713186646
2023-03-14 00:00:00+00:00,-7.105427357601002e-15,0.04311513125293358,24670.41,1063.667965213685,0.0,0.023096210086640312,0.8221453425333608,-0.4749923145183801
2023-03-15 00:00:00+00:00,-7.105427357601002e-15,0.04311513125293358,24285.66,1047.0794184641188,0.0,-0.01559560623435119,0.8093234875038047,-0.4831801276511596
2023-03-16 00:00:00+00:00,-7.105427357601002e-15,0.04311513125293358,24998.78,1077.825680863211,0.0,0.029363830342679753,0.8330883250832123,-0.4680043166017829
2023-03-17 00:00:00+00:00,-7.105427357601002e-15,0.04311513125293358,27395.13,1181.1446256411782,0.0,0.09585867790348157,0.9129470705025149,-0.41700791374087054
2023-03-18 00:00:00+00:00,-7.105427357601002e-15,0.04311513125293358,26907.49,1160.119963036998,0.0,-0.017800244057976533,0.8966963898355554,-0.427385315160152
2023-03-19 00:00:00+00:00,-7.105427357601002e-15,0.04311513125293358,27972.87,1206.053961571248,0.0,0.039594179910500626,0.9322003480198008,-0.4047131063092084
2023-03-20 00:00:00+00:00,-7.105427357601002e-15,0.04311513125293358,27717.01,1195.0225240888724,0.0,-0.009146719660871439,0.9236737727686969,-0.4101580286435891
2023-03-21 00:00:00+00:00,-7.105427357601002e-15,0.04311513125293358,28105.47,1211.7710279753871,0.0,0.014015220256441863,0.9366192641391488,-0.4018912634985352
2023-03-22 00:00:00+00:00,-7.105427357601002e-15,0.04311513125293358,27250.97,1174.9291483197553,0.0,-0.030403334297558482,0.908142915541993,-0.42007576336067953
2023-03-23 00:00:00+00:00,-7.105427357601002e-15,0.04311513125293358,28295.41,1219.9603160055692,0.0,0.038326709104299805,0.9429490448911017,-0.3978491758404712
2023-03-24 00:00:00+00:00,-7.105427357601002e-15,0.04311513125293358,27454.47,1183.7030775297274,0.0,-0.029720014659621374,0.9149245854536622,-0.41574510716179547
2023-03-25 00:00:00+00:00,-7.105427357601002e-15,0.04311513125293358,27462.95,1184.0686938427523,0.0,0.00030887502108045695,0.9152071828042811,-0.4155646454194537
2023-03-26 00:00:00+00:00,-7.105427357601002e-15,0.04311513125293358,27968.05,1205.8461466386088,0.0,0.018392051837111234,0.932039720752114,-0.40481568008256774
2023-03-27 00:00:00+00:00,-7.105427357601002e-15,0.045257222134765386,27124.91,1227.598077255519,60.0,-0.03171886354632336,0.9024764800298244,-0.4236942503109401
2023-03-28 00:00:00+00:00,-7.105427357601002e-15,0.045257222134765386,27261.07,1233.7603006213885,0.0,0.005019740157663044,0.9070066774579765,-0.4208013451961339
2023-03-29 00:00:00+00:00,-7.105427357601002e-15,0.045257222134765386,28348.6,1282.97888740961,0.0,0.0398931516627925,0.9431900324009731,-0.3976952854171578
2023-03-30 00:00:00+00:00,-7.105427357601002e-15,0.045257222134765386,28028.53,1268.4934083209357,0.0,-0.011290504645732002,0.9325409409583418,-0.4044956095953016
2023-03-31 00:00:00+00:00,-7.105427357601002e-15,0.045257222134765386,28465.36,1288.2631206660653,0.0,0.015585191231934026,0.9470747698547853,-0.3952145597913881
2023-04-01 00:00:00+00:00,-7.105427357601002e-15,0.045257222134765386,28452.73,1287.691521950503,0.0,-0.00044369718141634706,0.9466545554488103,-0.3954829013865703
2023-04-02 00:00:00+00:00,-7.105427357601002e-15,0.045257222134765386,28171.87,1274.980578541733,0.0,-0.00987110902890509,0.9373100251192654,-0.40145015557682073
2023-04-03 00:00:00+00:00,-7.105427357601002e-15,0.045257222134765386,27800.0,1258.1507753464778,0.0,-0.013200046713263913,0.9249374890028805,-0.4093510414834236
2023-04-04 00:00:00+00:00,-7.105427357601002e-15,0.045257222134765386,28165.47,1274.6909323200705,0.0,0.013146402877697971,0.9370970898699987,-0.4015861323154719
2023-04-05 00:00:00+00:00,-7.105427357601002e-15,0.045257222134765386,28170.01,1274.8964001085621,0.0,0.00016119028015504355,0.9372481408124473,-0.40148967381649125
2023-04-06 00:00:00+00:00,-7.105427357601002e-15,0.045257222134765386,28033.82,1268.7328190260287,0.0,-0.004834574073633413,0.9327169452503143,-0.40438321632225993
2023-04-07 00:00:00+00:00,-7.105427357601002e-15,0.045257222134765386,27906.33,1262.9629757760674,0.0,-0.004547721288072792,0.9284752085426533,-0.40709191544892465
2023-04-08 00:00:00+00:00,-7.105427357601002e-15,0.045257222134765386,27938.38,1264.4134697454865,0.0,0.0011484849494718397,0.9295415483456223,-0.4064109694373975
2023-04-09 00:00:00+00:00,-7.105427357601002e-15,0.045257222134765386,28323.76,1281.8546980117824,0.0,0.013793927922807203,0.9423635774647564,-0.39822304513404794
2023-04-10 00:00:00+00:00,-7.105427357601002e-15,0.045257222134765386,29637.34,1341.3036798635676,0.0,0.046377317135860574,0.9860678719541235,-0.3703142444531773
2023-04-11 00:00:00+00:00,-7.105427357601002e-15,0.045257222134765386,30200.42,1366.787116503211,0.0,0.01899900598366777,1.0048021813536825,-0.3583508410157128
2023-04-12 00:00:00+00:00,-7.105427357601002e-15,0.045257222134765386,29888.07,1352.6510231694174,0.0,-0.010342571394702293,0.9944099430554795,-0.3649871432528584
2023-04-13 00:00:00+00:00,-7.105427357601002e-15,0.045257222134765386,30373.84,1374.6356239658223,0.0,0.01625297317625396,1.0105720611861604,-0.3546662963255708
2023-04-14 00:00:00+00:00,-7.105427357601002e-15,0.045257222134765386,30466.93,1378.8486187743476,0.0,0.003064808400913499,1.0136692709290123,-0.35268847216915666
2023-04-15 00:00:00+00:00,-7.105427357601002e-15,0.045257222134765386,30295.09,1371.0716177227096,0.0,-0.005640213831849761,1.0079519594861974,-0.356339447601944
2023-04-16 00:00:00+00:00,-7.105427357601002e-15,0.045257222134765386,30304.65,1371.5042767663178,0.0,0.00031556268689070244,1.0082700315147897,-0.35613633234858366
2023-04-17 00:00:00+00:00,-7.105427357601002e-15,0.045257222134765386,29430.27,1331.9322668761217,0.0,-0.028852997807267133,0.9791784185063602,-0.37471372933950897
2023-04-18 00:00:00+00:00,-7.105427357601002e-15,0.045257222134765386,30380.01,1374.9148610263937,0.0,0.03227085582293321,1.0107773440749068,-0.3545352062509647
2023-04-19 00:00:00+00:00,-7.105427357601002e-15,0.045257222134765386,28797.1,1303.2767515370522,0.0,-0.05210366948529643,0.9581121354160022,-0.3881662905288594
2023-04-20 00:00:00+00:00,-7.105427357601002e-15,0.045257222134765386,28243.65,1278.2291419465664,0.0,-0.019218949130294316,0.9396982270243244,-0.39992509146738453
2023-04-21 00:00:00+00:00,-7.105427357601002e-15,0.045257222134765386,27262.84,1233.8404059045672,0.0,-0.03472674388756414,0.9070655673628526,-0.42076373912935006
2023-04-22 00:00:00+00:00,-7.105427357601002e-15,0.045257222134765386,27816.85,1258.9133595394485,0.0,0.020321067064179577,0.9254981075888412,-0.408993040226193
2023-04-23 00:00:00+00:00,-7.105427357601002e-15,0.045257222134765386,27590.6,1248.6739130314577,0.0,-0.008133559335438911,0.917970513815931,-0.41380003040117064
2023-04-24 00:00:00+00:00,-7.105427357601002e-15,0.045257222134765386,27510.93,1245.0682701439812,0.0,-0.002887577653258533,0.9153198026738858,-0.4154927283337251
2023-04-25 00:00:00+00:00,-7.105427357601002e-15,0.045257222134765386,28300.79,1280.8151396193468,0.0,0.02871077059190652,0.9415993395466848,-0.3987110741476134
2023-04-26 00:00:00+00:00,-7.105427357601002e-15,0.045257222134765386,28415.29,1285.9970915537776,0.0,0.004045823455811837,0.9454088842405998,-0.39627836530768
2023-04-27 00:00:00+00:00,-7.105427357601002e-15,0.04736559776238052,29472.77,1395.9953687631557,60.0,0.038878997112636426,0.9821654335212509,-0.3728062736156411
2023-04-28 00:00:00+00:00,-7.105427357601002e-15,0.04736559776238052,29311.7,1388.3661919315691,0.0,-0.005465044513970008,0.9767978557069745,-0.37623391524921446
2023-04-29 00:00:00+00:00,-7.105427357601002e-15,0.04736559776238052,29230.45,1384.5177371133757,0.0,-0.002771930662499922,0.9740902397796762,-0.37796295158576265
2023-04-30 00:00:00+00:00,-7.105427357601002e-15,0.04736559776238052,29233.21,1384.6484661631998,0.0,9.442208382015593e-05,0.9741822154099451,-0.377904217551438
2023-05-01 00:00:00+00:00,-7.105427357601002e-15,0.04736559776238052,28068.26,1329.4699130499146,0.0,-0.039850225137780027,0.9353608348006375,-0.40269487453927666
2023-05-02 00:00:00+00:00,-7.105427357601002e-15,0.04736559776238052,28669.86,1357.9650566637629,0.0,0.02143346256590206,0.9554088562389479,-0.3898925574922928
2023-05-03 00:00:00+00:00,-7.105427357601002e-15,0.04736559776238052,29026.16,1374.841419146499,0.0,0.012427685381093623,0.9672823769145961,-0.3823103341481433
2023-05-04 00:00:00+00:00,-7.105427357601002e-15,0.04736559776238052,28838.16,1365.9366867671715,0.0,-0.006476915995777599,0.9610173702151241,-0.38631105822532574
2023-05-05 00:00:00+00:00,-7.105427357601002e-15,0.04736559776238052,29505.61,1397.5508549936724,0.0,0.023144680520532424,0.9832598102234354,-0.3721074237289672
2023-05-06 00:00:00+00:00,-7.105427357601002e-15,0.04736559776238052,28848.2,1366.4122373687057,0.0,-0.02228084760830229,0.9613519482324788,-0.3860974025352464
2023-05-07 00:00:00+00:00,-7.105427357601002e-15,0.04736559776238052,28430.1,1346.6086809442545,0.0,-0.014493105289064778,0.9474189732268979,-0.39499475751753343
2023-05-08 00:00:00+00:00,-7.105427357601002e-15,0.04736559776238052,27668.79,1310.5487777117767,0.0,-0.02677830890499855,0.9220486952993715,-0.41119577478987246
2023-05-09 00:00:00+00:00,-7.105427357601002e-15,0.04736559776238052,27628.27,1308.629523690445,0.0,-0.0014644659199046783,0.920698386408613,-0.4120580585111886
2023-05-10 00:00:00+00:00,-7.105427357601002e-15,0.04736559776238052,27598.75,1307.2312912444995,0.0,-0.0010684708090662465,0.919714647058781,-0.41268625731309516
2023-05-11 00:00:00+00:00,-7.105427357601002e-15,0.04736559776238052,26968.62,1277.3848071264906,0.0,-0.02283183115177323,0.8987158775293222,-0.4260957055192385
2023-05-12 00:00:00+00:00,-7.105427357601002e-15,0.04736559776238052,26795.01,1269.1616656989636,0.0,-0.0064374817843850796,0.8929304104383896,-0.4297902039609388
2023-05-13 00:00:00+00:00,-7.105427357601002e-15,0.04736559776238052,26775.28,1268.2271424551118,0.0,-0.0007363311303112408,0.8922729179799822,-0.4302100671845708
2023-05-14 00:00:00+00:00,-7.105427357601002e-15,0.04736559776238052,26917.62,1274.9691616406092,0.0,0.005316097534741049,0.8970163278395717,-0.42718100832741046
2023-05-15 00:00:00+00:00,-7.105427357601002e-15,0.04736559776238052,27162.14,1286.5509976054664,0.0,0.009084012628159499,0.9051648354893317,-0.42197751337340705
2023-05-16 00:00:00+00:00,-7.105427357601002e-15,0.04736559776238052,27033.84,1280.473991412553,0.0,-0.0047234864410535815,0.9008893016619793,-0.4247077947516118
2023-05-17 00:00:00+00:00,-7.105427357601002e-15,0.04736559776238052,27405.61,1298.0830996926734,0.0,0.013752023389943968,0.9132783524101852,-0.4167963628889836
2023-05-18 00:00:00+00:00,-7.105427357601002e-15,0.04736559776238052,26821.28,1270.4059599521813,0.0,-0.021321546938747438,0.8938058451511295,-0.4292311666124943
2023-05-19 00:00:00+00:00,-7.105427357601002e-15,0.04736559776238052,26880.26,1273.1995829082066,0.0,0.0021990001968585915,0.8957713243805702,-0.4279760458355144
2023-05-20 00:00:00+00:00,-7.105427357601002e-15,0.04736559776238052,27102.43,1283.7227977630748,0.0,0.008265173030320483,0.9031750293721749,-0.4232481688768569
2023-05-21 00:00:00+00:00,-7.105427357601002e-15,0.04736559776238052,26747.78,1266.9245885166465,0.0,-0.013085542514084558,0.8913564941276657,-0.43079527948309493
2023-05-22 00:00:00+00:00,-7.105427357601002e-15,0.04736559776238052,26849.27,1271.7317230335505,0.0,0.0037943335858152683,0.8947385980102689,-0.428635526894833
2023-05-23 00:00:00+00:00,-7.105427357601002e-15,0.04736559776238052,27219.61,1289.2730985088706,0.0,0.013793298663241194,0.9070799947181543,-0.4207545260717279
2023-05-24 00:00:00+00:00,-7.105427357601002e-15,0.04736559776238052,26329.01,1247.0892971416943,0.0,-0.03271905806144926,0.8774011917045919,-0.4397068923650188
2023-05-25 00:00:00+00:00,-7.105427357601002e-15,0.04736559776238052,26473.79,1253.9468883857319,0.0,0.005498877473934849,0.8822259133532598,-0.4366259092166438
2023-05-26 00:00:00+00:00,-7.105427357601002e-15,0.04736559776238052,26705.92,1264.941864594313,0.0,0.008768294981564617,0.8899615304019215,-0.4316860790036846
2023-05-27 00:00:00+00:00,0.0,0.04960892367867013,26854.27,1332.211430876401,60.0,0.0057469568251022896,0.8950761008931433,-0.42842000343661424
2023-05-28 00:00:00+00:00,0.0,0.04960892367867013,28065.0,1392.2744430418772,0.0,0.04508519501740316,0.9354307814573275,-0.40265020782350724
2023-05-29 00:00:00+00:00,0.0,0.04960892367867013,27736.4,1375.9729507210664,0.0,-0.011708533760912077,0.924478258571638,-0.40964429803227953
2023-05-30 00:00:00+00:00,0.0,0.04960892367867013,27694.4,1373.8893759265623,0.0,-0.0015142556351941394,0.9230783621589814,-0.4105382474807532
2023-05-31 00:00:00+00:00,0.0,0.04960892367867013,27210.35,1349.8761764199019,0.0,-0.017478262753480966,0.9069445560031139,-0.42084101487441195
2023-06-01 00:00:00+00:00,0.0,0.04960892367867013,26817.93,1330.4086425899181,0.0,-0.014421718206491296,0.8938648571875256,-0.42919348255465073
2023-06-02 00:00:00+00:00,0.0,0.04960892367867013,27242.59,1351.4755681193021,0.0,0.01583492834831013,0.9080191431541625,-0.4201548022501551
2023-06-03 00:00:00+00:00,0.0,0.04960892367867013,27069.22,1342.8748690211312,0.0,-0.00636393235738586,0.902240570747918,-0.42384489786639024
2023-06-04 00:00:00+00:00,0.0,0.04960892367867013,27115.21,1345.156383421113,0.0,0.001698977658018963,0.903773457319777,-0.4228660232203115
2023-06-05 00:00:00+00:00,0.0,0.04960892367867013,25728.2,1276.348310189561,0.0,-0.05115247125137501,0.8575432115264713,-0.4523878523757263
2023-06-06 00:00:00+00:00,0.0,0.04960892367867013,27230.08,1350.854960484082,0.0,0.05837485716062529,0.9076021740083929,-0.4204210714787361
2023-06-07 00:00:00+00:00,0.0,0.04960892367867013,26339.34,1306.6663078065435,0.0,-0.03271161891555219,0.8779130375653037,-0.4393800365200077
2023-06-08 00:00:00+00:00,0.0,0.04960892367867013,26498.61,1314.5675210808452,0.0,0.006046848554291717,0.8832216447472994,-0.43599005250433165
2023-06-09 00:00:00+00:00,0.0,0.04960892367867013,26477.81,1313.535655468329,0.0,-0.000784946833060185,0.8825283627143647,-0.4364327703264328
2023-06-10 00:00:00+00:00,0.0,0.04960892367867013,25841.21,1281.9546146544874,0.0,-0.024042773930321393,0.8613099328025265,-0.4499824898240119
2023-06-11 00:00:00+00:00,0.0,0.04960892367867013,25925.55,1286.1386312775464,0.0,0.003263779056785765,0.864121058122609,-0.44818735419343403
2023-06-12 00:00:00+00:00,0.0,0.04960892367867013,25905.19,1285.1285935914486,0.0,-0.0007853256729366542,0.8634424416711401,-0.448620706830837
2023-06-13 00:00:00+00:00,0.0,0.04960892367867013,25934.25,1286.5702289135509,0.0,0.0011217829323004747,0.8644110366652307,-0.44800217895053596
2023-06-14 00:00:00+00:00,0.0,0.04960892367867013,25128.6,1246.6027995518302,0.0,-0.03106509731339835,0.8375580236924497,-0.46515004497822143
2023-06-15 00:00:00+00:00,0.0,0.04960892367867013,25598.49,1269.9135366992007,0.0,0.018699410233757652,0.8532198647720501,-0.45514866625576234
2023-06-16 00:00:00+00:00,1268.0093013509204,0.0,26345.0,1268.0093013509204,0.0,-0.001499499999999876,0.8519404615848245,-0.4559656708307118
2023-06-17 00:00:00+00:00,1268.0093013509204,0.0,26516.99,1268.0093013509204,0.0,0.0,0.8519404615848245,-0.4559656708307118
2023-06-18 00:00:00+00:00,1268.0093013509204,0.0,26339.97,1268.0093013509204,0.0,0.0,0.8519404615848245,-0.4559656708307118
2023-06-19 00:00:00+00:00,1268.0093013509204,0.0,26844.35,1268.0093013509204,0.0,0.0,0.8519404615848245,-0.4559656708307118
2023-06-20 00:00:00+00:00,1268.0093013509204,0.0,28307.99,1268.0093013509204,0.0,0.0,0.8519404615848245,-0.4559656708307118
2023-06-21 00:00:00+00:00,0.0,0.04472620828176164,29993.89,1341.5129713202475,0.0,0.057967768762435146,0.9013255492613359,-0.42442921463859995
2023-06-22 00:00:00+00:00,0.0,0.04472620828176164,29884.92,1336.639156403784,0.0,-0.003633073269255771,0.8980509675014172,-0.4265203054734611
2023-06-23 00:00:00+00:00,0.0,0.04472620828176164,30688.5,1372.580242854842,0.0,0.026889146766998273,0.9221987917708077,-0.41109992579944354
2023-06-24 00:00:00+00:00,0.0,0.04472620828176164,30527.43,1365.3761924868986,0.0,-0.005248545872232335,0.9173585891088814,-0.4141907948530462
2023-06-25 00:00:00+00:00,0.0,0.04472620828176164,30462.66,1362.479275976489,0.0,-0.00212169842007659,0.9154122308397253,-0.4154337053180729
2023-06-26 00:00:00+00:00,0.0,0.04472620828176164,30267.99,1353.7724250102785,0.0,-0.0063904465335593574,0.9095623379223777,-0.4191693449695586
2023-06-27 00:00:00+00:00,-7.105427357601002e-15,0.04670553049270515,30692.44,1433.5066923155232,60.0,0.014577241300431254,0.9228212476000566,-0.4107024363564924
2023-06-28 00:00:00+00:00,-7.105427357601002e-15,0.04670553049270515,30077.41,1404.7813898965949,0.0,-0.020038485047132015,0.9043293078288471,-0.4225110667738742
2023-06-29 00:00:00+00:00,-7.105427357601002e-15,0.04670553049270515,30447.31,1422.0577656258465,0.0,0.012298266373334643,0.9154509905457396,-0.41540895404540634
2023-06-30 00:00:00+00:00,-7.105427357601002e-15,0.04670553049270515,30472.0,1423.2109251737113,0.0,0.0008109090753829484,0.9161933380620415,-0.4149349038608542
2023-07-01 00:00:00+00:00,-7.105427357601002e-15,0.04670553049270515,30585.9,1428.5306850968304,0.0,0.003737857705434555,0.9196179383903845,-0.4127480137830697
2023-07-02 00:00:00+00:00,-7.105427357601002e-15,0.04670553049270515,30617.03,1429.9846282610683,0.0,0.00101778924275564,0.9205539156355234,-0.41215031502871124
2023-07-03 00:00:00+00:00,-7.105427357601002e-15,0.04670553049270515,31156.2,1455.1668491368202,0.0,0.017610133967925767,0.9367649934145635,-0.4017982033233638
2023-07-04 00:00:00+00:00,-7.105427357601002e-15,0.04670553049270515,30766.51,1436.9661709591178,0.0,-0.012507622880839286,0.9250482901489623,-0.4092802858028357
2023-07-05 00:00:00+00:00,-7.105427357601002e-15,0.04670553049270515,30504.81,1424.743333629177,0.0,-0.008506002143239488,0.9171798274103552,-0.41430494895785064
2023-07-06 00:00:00+00:00,-7.105427357601002e-15,0.04670553049270515,29895.43,1396.2819174575322,0.0,-0.019976521735424746,0.8988577646527991,-0.4260050988753248
2023-07-07 00:00:00+00:00,-7.105427357601002e-15,0.04670553049270515,30344.7,1417.26531114199,0.0,0.015028049437656676,0.9123658435774229,-0.4173790751242604
2023-07-08 00:00:00+00:00,-7.105427357601002e-15,0.04670553049270515,30284.63,1414.4597099252933,0.0,-0.001979587868721655,0.910559735221641,-0.4185324244392078
2023-07-09 00:00:00+00:00,-7.105427357601002e-15,0.04670553049270515,30160.71,1408.6719605866372,0.0,-0.004091844608965056,0.9068338662779337,-0.4209116994035542
2023-07-10 00:00:00+00:00,-7.105427357601002e-15,0.04670553049270515,30411.57,1420.3885099660372,0.0,0.008317443455409412,0.9143764056841507,-0.4160951652076541
2023-07-11 00:00:00+00:00,-7.105427357601002e-15,0.04670553049270515,30622.1,1430.2214253006664,0.0,0.006922694224599457,0.9207063539468904,-0.41205297058012147
2023-07-12 00:00:00+00:00,-7.105427357601002e-15,0.04670553049270515,30380.0,1418.9140163683824,0.0,-0.007906054777432114,0.9134271990786564,-0.4167013120009435
2023-07-13 00:00:00+00:00,-7.105427357601002e-15,0.04670553049270515,31454.23,1469.086498389561,0.0,0.03535977616853203,0.9457257803843269,-0.3960760009538985
2023-07-14 00:00:00+00:00,-7.105427357601002e-15,0.04670553049270515,30312.01,1415.7385073501835,0.0,-0.03631371678785322,0.911382962236479,-0.41800672601664635
2023-07-15 00:00:00+00:00,-7.105427357601002e-15,0.04670553049270515,30289.52,1414.6880999694024,0.0,-0.0007419501379156701,0.9107067615219536,-0.41843853600654435
2023-07-16 00:00:00+00:00,1412.5667751634983,0.0,30231.99,1412.5667751634983,0.0,-0.001499499999999987,0.9093411567330515,-0.4193105874218025
2023-07-17 00:00:00+00:00,0.0,0.04665422050631057,30138.0,1406.064897619188,0.0,-0.004602881547711379,0.9051555671021504,-0.42198343200391
2023-07-18 00:00:00+00:00,1403.956969147833,0.0,29859.13,1403.956969147833,0.0,-0.001499168690523689,0.9037985862158976,-0.4228499763452538
2023-07-19 00:00:00+00:00,-2.2737367544323206e-13,0.04694889028917463,29909.21,1404.2042189258843,0.0,0.00017610922804944806,0.9039577534872283,-0.4227483349001192
2023-07-20 00:00:00+00:00,-2.2737367544323206e-13,0.04694889028917463,29800.0,1399.0769306174036,0.0,-0.003651383637347849,0.9006570569372913,-0.4248561021846967
2023-07-21 00:00:00+00:00,-2.2737367544323206e-13,0.04694889028917463,29901.72,1403.8525717376185,0.0,0.003413422818792089,0.9037313802873471,-0.4228928928798049
2023-07-22 00:00:00+00:00,-2.2737367544323206e-13,0.04694889028917463,29794.0,1398.7952372756686,0.0,-0.0036024683529911616,0.9004757165902569,-0.4249719029694917
2023-07-23 00:00:00+00:00,-2.2737367544323206e-13,0.04694889028917463,30083.75,1412.398678236957,0.0,0.009725112438746075,0.9092329441824576,-0.41937969007043185
2023-07-24 00:00:00+00:00,-2.2737367544323206e-13,0.04694889028917463,29176.5,1369.8042975221033,0.0,-0.030157477043254333,0.8818127725413045,-0.43688973373798
2023-07-25 00:00:00+00:00,-2.2737367544323206e-13,0.04694889028917463,29228.91,1372.264888862159,0.0,0.001796308673076119,0.8833967804726498,-0.43587821388279535
2023-07-26 00:00:00+00:00,-2.2737367544323206e-13,0.04694889028917463,29351.96,1378.041949812242,0.0,0.0042098730332400525,0.8871157687564127,-0.4335033327879573
2023-07-27 00:00:00+00:00,1435.9751071235944,0.0,29222.78,1435.9751071235944,60.0,-0.001499840181882095,0.8857852368804506,-0.43435298725234417
2023-07-28 00:00:00+00:00,1435.9751071235944,0.0,29314.14,1435.9751071235944,0.0,0.0,0.8857852368804506,-0.43435298725234417
2023-07-29 00:00:00+00:00,0.0,0.048912356109702446,29352.9,1435.719497652485,0.0,-0.00017800411012791617,0.8856275634675953,-0.4344536747454949
2023-07-30 00:00:00+00:00,0.0,0.048912356109702446,29281.09,1432.2071013602472,0.0,-0.0024464362976061027,0.8834609320501677,-0.43583724780357525
2023-07-31 00:00:00+00:00,0.0,0.048912356109702446,29232.25,1429.8182218878494,0.0,-0.0016679706937138272,0.8819873451064669,-0.43677825474072385
2023-08-01 00:00:00+00:00,0.0,0.048912356109702446,29705.99,1452.98996147126,0.0,0.01620607377126304,0.8962808970865828,-0.42765064158747246
2023-08-02 00:00:00+00:00,0.0,0.048912356109702446,29186.01,1427.5565145413366,0.0,-0.0175042137966116,0.8805922046421604,-0.4376691671234788
2023-08-03 00:00:00+00:00,0.0,0.048912356109702446,29193.64,1427.9297158184536,0.0,0.00026142662186434684,0.88082241488746,-0.4375221588734698
2023-08-04 00:00:00+00:00,1425.7890235997045,0.0,29113.99,1425.7890235997045,0.0,-0.0014991579732774873,0.8795019229411399,-0.4383654020137865
2023-08-05 00:00:00+00:00,0.0,0.04889925233648766,29072.13,1421.605420829173,0.0,-0.0029342369041172045,0.876921255941604,-0.44001337097782667
2023-08-06 00:00:00+00:00,0.0,0.04889925233648766,29088.42,1422.4019896497343,0.0,0.0005603304608228221,0.877412621633051,-0.4396995934119321
2023-08-07 00:00:00+00:00,0.0,0.04889925233648766,29211.06,1428.3989939562814,0.0,0.004216110740975498,0.8811118904113856,-0.43733730484954325
2023-08-08 00:00:00+00:00,0.0,0.04889925233648766,29770.42,1455.751279743219,0.0,0.019148911405474367,0.8979842239391833,-0.4265629267489417
2023-08-09 00:00:00+00:00,0.0,0.04889925233648766,29581.99,1446.5371936254546,0.0,-0.006329437072100319,0.8923004893020214,-0.4301924606188936
2023-08-10 00:00:00+00:00,0.0,0.04889925233648766,29455.75,1440.3641520104964,0.0,-0.0042674613844437825,0.8884926314206048,-0.4326240922897674
2023-08-11 00:00:00+00:00,0.0,0.04889925233648766,29426.03,1438.910866231056,0.0,-0.0010089710837443144,0.8875961680473815,-0.43319655817426017
2023-08-12 00:00:00+00:00,0.0,0.04889925233648766,29430.17,1439.113309135729,0.0,0.0001406917616817438,0.887721045515926,-0.4331168135995025
2023-08-13 00:00:00+00:00,0.0,0.04889925233648766,29303.84,1432.9358665880607,0.0,-0.004292533818187172,0.8839104729069325,-0.43555017884808833
2023-08-14 00:00:00+00:00,0.0,0.04889925233648766,29430.93,1439.1504725675047,0.0,0.004336974266853755,0.8877439698821323,-0.43310217449882227
2023-08-15 00:00:00+00:00,0.0,0.04889925233648766,29200.0,1427.8581682254396,0.0,-0.007846507059070196,0.8807782805558052,-0.43755034228838885
2023-08-16 00:00:00+00:00,0.0,0.04889925233648766,28730.51,1404.900458245982,0.0,-0.016078424657534285,0.8666167533318961,-0.44659364673356083
2023-08-17 00:00:00+00:00,0.0,0.04889925233648766,26623.41,1301.864843647769,0.0,-0.07334015302895758,0.8030589480250765,-0.48718055336931887
2023-08-18 00:00:00+00:00,1299.9126973147193,0.0,26054.0,1299.9126973147193,0.0,-0.001499499999999987,0.8018547611325129,-0.48794952612954157
2023-08-19 00:00:00+00:00,1299.9126973147193,0.0,26100.01,1299.9126973147193,0.0,0.0,0.8018547611325129,-0.48794952612954157
2023-08-20 00:00:00+00:00,1299.9126973147193,0.0,26189.99,1299.9126973147193,0.0,0.0,0.8018547611325129,-0.48794952612954157
2023-08-21 00:00:00+00:00,1299.9126973147193,0.0,26126.92,1299.9126973147193,0.0,0.0,0.8018547611325129,-0.48794952612954157
2023-08-22 00:00:00+00:00,1299.9126973147193,0.0,26056.0,1299.9126973147193,0.0,0.0,0.8018547611325129,-0.48794952612954157
2023-08-23 00:00:00+00:00,1299.9126973147193,0.0,26432.72,1299.9126973147193,0.0,0.0,0.8018547611325129,-0.48794952612954157
2023-08-24 00:00:00+00:00,1299.9126973147193,0.0,26180.05,1299.9126973147193,0.0,0.0,0.8018547611325129,-0.48794952612954157
2023-08-25 00:00:00+00:00,1299.9126973147193,0.0,26060.01,1299.9126973147193,0.0,0.0,0.8018547611325129,-0.48794952612954157
2023-08-26 00:00:00+00:00,1299.9126973147193,0.0,26017.37,1299.9126973147193,0.0,0.0,0.8018547611325129,-0.48794952612954157
2023-08-27 00:00:00+00:00,1359.9126973147193,0.0,26101.77,1359.9126973147193,60.0,0.0,0.8018547611325129,-0.48794952612954157
2023-08-28 00:00:00+00:00,1359.9126973147193,0.0,26120.0,1359.9126973147193,0.0,0.0,0.8018547611325129,-0.48794952612954157
2023-08-29 00:00:00+00:00,1359.9126973147193,0.0,27716.34,1359.9126973147193,0.0,0.0,0.8018547611325129,-0.48794952612954157
2023-08-30 00:00:00+00:00,0.0,0.048991865649243856,27299.99,1337.4774423057008,0.0,-0.01649757006704844,0.7886261060271328,-0.49639711470008485
2023-08-31 00:00:00+00:00,0.0,0.048991865649243856,25940.78,1270.887208596592,0.0,-0.04978793032524931,0.7493620444075813,-0.5214704600649915
2023-09-01 00:00:00+00:00,1268.9810240432782,0.0,25805.05,1268.9810240432782,0.0,-0.0014998849153724514,0.7482380875810216,-0.5221881993035002
2023-09-02 00:00:00+00:00,1268.9810240432782,0.0,25869.51,1268.9810240432782,0.0,0.0,0.7482380875810216,-0.5221881993035002
2023-09-03 00:00:00+00:00,1268.9810240432782,0.0,25971.21,1268.9810240432782,0.0,0.0,0.7482380875810216,-0.5221881993035002
2023-09-04 00:00:00+00:00,0.0,0.048787860513511784,25826.02,1259.9962613791656,0.0,-0.007080297099703703,0.7429403396196339,-0.5255712488101758
2023-09-05 00:00:00+00:00,1258.1073841322586,0.0,25792.1,1258.1073841322586,0.0,-0.0014991133742250362,0.7418265878202588,-0.5262824712962013
2023-09-06 00:00:00+00:00,1258.1073841322586,0.0,25759.95,1258.1073841322586,0.0,0.0,0.7418265878202588,-0.5262824712962013
2023-09-07 00:00:00+00:00,1258.1073841322586,0.0,26255.0,1258.1073841322586,0.0,0.0,0.7418265878202588,-0.5262824712962013
2023-09-08 00:00:00+00:00,1258.1073841322586,0.0,25910.5,1258.1073841322586,0.0,0.0,0.7418265878202588,-0.5262824712962013
2023-09-09 00:00:00+00:00,0.0,0.04848314090378288,25901.61,1255.7914072648318,0.0,-0.0018408419636009032,0.7404610023076844,-0.5271545104019326
2023-09-10 00:00:00+00:00,1253.9078639452337,0.0,25841.61,1253.9078639452337,0.0,-0.0014998854974653808,0.7393503955888845,-0.5278637244943227
2023-09-11 00:00:00+00:00,1253.9078639452337,0.0,25162.52,1253.9078639452337,0.0,0.0,0.7393503955888845,-0.5278637244943227
2023-09-12 00:00:00+00:00,1253.9078639452337,0.0,25840.1,1253.9078639452337,0.0,0.0,0.7393503955888845,-0.5278637244943227
2023-09-13 00:00:00+00:00,0.0,0.04845295467662385,26222.0,1270.5333775304305,0.0,0.013258959500331402,0.7491534125405515,-0.5216036887387556
2023-09-14 00:00:00+00:00,0.0,0.04845295467662385,26522.73,1285.1046345903317,0.0,0.011468614140797806,0.7577451639612409,-0.5161171460385194
2023-09-15 00:00:00+00:00,0.0,0.04845295467662385,26600.0,1288.8485943981943,0.0,0.0029133501717206745,0.7599527409647879,-0.514707425842838
2023-09-16 00:00:00+00:00,0.0,0.04845295467662385,26559.67,1286.894486736086,0.0,-0.001516165413533832,0.7588005269030169,-0.5154432096592199
2023-09-17 00:00:00+00:00,0.0,0.04845295467662385,26527.51,1285.3362397136857,0.0,-0.0012108584180452464,0.7578817268973992,-0.516029939327825
2023-09-18 00:00:00+00:00,1283.4083942192406,0.0,26762.51,1283.4083942192406,0.0,-0.0014998764018935296,0.7567449979797994,-0.5167558346010502
2023-09-19 00:00:00+00:00,1283.4083942192406,0.0,27210.26,1283.4083942192406,0.0,0.0,0.7567449979797994,-0.5167558346010502
2023-09-20 00:00:00+00:00,1283.4083942192406,0.0,27125.0,1283.4083942192406,0.0,0.0,0.7567449979797994,-0.5167558346010502
2023-09-21 00:00:00+00:00,1283.4083942192406,0.0,26568.08,1283.4083942192406,0.0,0.0,0.7567449979797994,-0.5167558346010502
2023-09-22 00:00:00+00:00,1283.4083942192406,0.0,26580.14,1283.4083942192406,0.0,0.0,0.7567449979797994,-0.5167558346010502
2023-09-23 00:00:00+00:00,1283.4083942192406,0.0,26575.96,1283.4083942192406,0.0,0.0,0.7567449979797994,-0.5167558346010502
2023-09-24 00:00:00+00:00,1283.4083942192406,0.0,26248.38,1283.4083942192406,0.0,0.0,0.7567449979797994,-0.5167558346010502
2023-09-25 00:00:00+00:00,1283.4083942192406,0.0,26304.81,1283.4083942192406,0.0,0.0,0.7567449979797994,-0.5167558346010502
2023-09-26 00:00:00+00:00,1283.4083942192406,0.0,26221.67,1283.4083942192406,0.0,0.0,0.7567449979797994,-0.5167558346010502
2023-09-27 00:00:00+00:00,1343.4083942192406,0.0,26372.99,1343.4083942192406,60.0,0.0,0.7567449979797994,-0.5167558346010502
2023-09-28 00:00:00+00:00,1343.4083942192406,0.0,27021.39,1343.4083942192406,0.0,0.0,0.7567449979797994,-0.5167558346010502
2023-09-29 00:00:00+00:00,1343.4083942192406,0.0,26906.96,1343.4083942192406,0.0,0.0,0.7567449979797994,-0.5167558346010502
2023-09-30 00:00:00+00:00,1343.4083942192406,0.0,26962.56,1343.4083942192406,0.0,0.0,0.7567449979797994,-0.5167558346010502
2023-10-01 00:00:00+00:00,1343.4083942192406,0.0,27992.57,1343.4083942192406,0.0,0.0,0.7567449979797994,-0.5167558346010502
2023-10-02 00:00:00+00:00,1343.4083942192406,0.0,27494.51,1343.4083942192406,0.0,0.0,0.7567449979797994,-0.5167558346010502
2023-10-03 00:00:00+00:00,1343.4083942192406,0.0,27426.46,1343.4083942192406,0.0,0.0,0.7567449979797994,-0.5167558346010502
2023-10-04 00:00:00+00:00,1343.4083942192406,0.0,27778.57,1343.4083942192406,0.0,0.0,0.7567449979797994,-0.5167558346010502
2023-10-05 00:00:00+00:00,1343.4083942192406,0.0,27410.39,1343.4083942192406,0.0,0.0,0.7567449979797994,-0.5167558346010502
2023-10-06 00:00:00+00:00,1343.4083942192406,0.0,27931.09,1343.4083942192406,0.0,0.0,0.7567449979797994,-0.5167558346010502
2023-10-07 00:00:00+00:00,1343.4083942192406,0.0,27956.67,1343.4083942192406,0.0,0.0,0.7567449979797994,-0.5167558346010502
2023-10-08 00:00:00+00:00,1343.4083942192406,0.0,27917.05,1343.4083942192406,0.0,0.0,0.7567449979797994,-0.5167558346010502
2023-10-09 00:00:00+00:00,1343.4083942192406,0.0,27590.12,1343.4083942192406,0.0,0.0,0.7567449979797994,-0.5167558346010502
2023-10-10 00:00:00+00:00,1343.4083942192406,0.0,27390.12,1343.4083942192406,0.0,0.0,0.7567449979797994,-0.5167558346010502
2023-10-11 00:00:00+00:00,1343.4083942192406,0.0,26875.52,1343.4083942192406,0.0,0.0,0.7567449979797994,-0.5167558346010502
2023-10-12 00:00:00+00:00,1343.4083942192406,0.0,26759.63,1343.4083942192406,0.0,0.0,0.7567449979797994,-0.5167558346010502
2023-10-13 00:00:00+00:00,1343.4083942192406,0.0,26862.0,1343.4083942192406,0.0,0.0,0.7567449979797994,-0.5167558346010502
2023-10-14 00:00:00+00:00,1343.4083942192406,0.0,26852.48,1343.4083942192406,0.0,0.0,0.7567449979797994,-0.5167558346010502
2023-10-15 00:00:00+00:00,1343.4083942192406,0.0,27154.15,1343.4083942192406,0.0,0.0,0.7567449979797994,-0.5167558346010502
2023-10-16 00:00:00+00:00,1343.4083942192406,0.0,28500.78,1343.4083942192406,0.0,0.0,0.7567449979797994,-0.5167558346010502
2023-10-17 00:00:00+00:00,1343.4083942192406,0.0,28395.91,1343.4083942192406,0.0,0.0,0.7567449979797994,-0.5167558346010502
2023-10-18 00:00:00+00:00,1343.4083942192406,0.0,28320.0,1343.4083942192406,0.0,0.0,0.7567449979797994,-0.5167558346010502
2023-10-19 00:00:00+00:00,1343.4083942192406,0.0,28713.71,1343.4083942192406,0.0,0.0,0.7567449979797994,-0.5167558346010502
2023-10-20 00:00:00+00:00,1343.4083942192406,0.0,29669.04,1343.4083942192406,0.0,0.0,0.7567449979797994,-0.5167558346010502
2023-10-21 00:00:00+00:00,1343.4083942192406,0.0,29909.8,1343.4083942192406,0.0,0.0,0.7567449979797994,-0.5167558346010502
2023-10-22 00:00:00+00:00,1343.4083942192406,0.0,29992.46,1343.4083942192406,0.0,0.0,0.7567449979797994,-0.5167558346010502
2023-10-23 00:00:00+00:00,0.0,0.04472442840888381,33069.99,1479.0364002375036,0.0,0.10095813499593853,0.8331445616433453,-0.4679684049147035
2023-10-24 00:00:00+00:00,0.0,0.04472442840888381,33922.73,1517.1747093188953,0.0,0.025785916475934867,0.85462795772226,-0.4542494826412755
2023-10-25 00:00:00+00:00,0.0,0.04472442840888381,34496.05,1542.8161186142765,0.0,0.0169007624091575,0.8690718217839474,-0.44502588281272093
2023-10-26 00:00:00+00:00,0.0,0.04472442840888381,34151.66,1527.413472714541,0.0,-0.009983461874620403,0.8603954763848605,-0.45056644575306126
2023-10-27 00:00:00+00:00,7.105427357601002e-15,0.04647866538850987,33892.02,1575.2558569206842,60.0,-0.007959610158636443,0.8535470638105827,-0.4549397226529409
2023-10-28 00:00:00+00:00,7.105427357601002e-15,0.04647866538850987,34081.0,1584.039395105805,0.0,0.005575943835746777,0.858306394299557,-0.4519004971593572
2023-10-29 00:00:00+00:00,7.105427357601002e-15,0.04647866538850987,34525.89,1604.717288550499,0.0,0.013053901000557477,0.8695106409988889,-0.44474566051082065
2023-10-30 00:00:00+00:00,7.105427357601002e-15,0.04647866538850987,34474.73,1602.3394400292232,0.0,-0.0014817865665445185,0.8682222118115892,-0.44556842893209125
2023-10-31 00:00:00+00:00,7.105427357601002e-15,0.04647866538850987,34639.77,1610.0102789649425,0.0,0.004787274621149917,0.8723786299717134,-0.44291421274275367
2023-11-01 00:00:00+00:00,7.105427357601002e-15,0.04647866538850987,35421.43,1646.3407925525253,0.0,0.022565392322177802,0.8920641960105091,-0.43034335339618457
2023-11-02 00:00:00+00:00,7.105427357601002e-15,0.04647866538850987,34941.59,1624.0384697525026,0.0,-0.013546601591183705,0.8799797577533951,-0.4380602650314963
2023-11-03 00:00:00+00:00,7.105427357601002e-15,0.04647866538850987,34716.78,1613.5896009865116,0.0,-0.00643388008387713,0.8743180735157705,-0.4416757179006493
2023-11-04 00:00:00+00:00,7.105427357601002e-15,0.04647866538850987,35062.07,1629.6382193585102,0.0,0.009945910882288134,0.8830139631577322,-0.43612267434747165
2023-11-05 00:00:00+00:00,7.105427357601002e-15,0.04647866538850987,35011.88,1627.305455142661,0.0,-0.0014314614054445896,0.8817499627490032,-0.4369298429765486
2023-11-06 00:00:00+00:00,7.105427357601002e-15,0.04647866538850987,35046.09,1628.8954902856017,0.0,0.000977096916817688,0.8826115179190094,-0.43637966886216895
2023-11-07 00:00:00+00:00,7.105427357601002e-15,0.04647866538850987,35399.12,1645.3038535277078,0.0,0.010073306323187925,0.8915023341033814,-0.4307021486166409
2023-11-08 00:00:00+00:00,7.105427357601002e-15,0.04647866538850987,35624.72,1655.7894404393555,0.0,0.006373039781779832,0.8971839139441719,-0.42707399076209296
2023-11-09 00:00:00+00:00,7.105427357601002e-15,0.04647866538850987,36701.09,1705.8176815035856,0.0,0.030214132209319677,0.9242915473361559,-0.40976352857282095
2023-11-10 00:00:00+00:00,7.105427357601002e-15,0.04647866538850987,37301.63,1733.7299792160013,0.0,0.016363001752808914,0.9394157315453239,-0.4001054881562863
2023-11-11 00:00:00+00:00,7.105427357601002e-15,0.04647866538850987,37130.0,1725.7528458753716,0.0,-0.004601139414014743,0.9350933487967652,-0.4028656864389816
2023-11-12 00:00:00+00:00,7.105427357601002e-15,0.04647866538850987,37064.13,1722.6912961862304,0.0,-0.0017740371667115395,0.933434458441655,-0.40392502490475757
2023-11-13 00:00:00+00:00,7.105427357601002e-15,0.04647866538850987,36462.93,1694.7483225546582,0.0,-0.016220534516795615,0.9182936525893357,-0.41359367961288807
2023-11-14 00:00:00+00:00,7.105427357601002e-15,0.04647866538850987,35551.19,1652.3718641733385,0.0,-0.025004573137704322,0.895332111791276,-0.42825651933941966
2023-11-15 00:00:00+00:00,7.105427357601002e-15,0.04647866538850987,37858.2,1759.5986100112843,0.0,0.06489262384747163,0.9534325617403098,-0.3911545847116684
2023-11-16 00:00:00+00:00,7.105427357601002e-15,0.04647866538850987,36163.51,1680.8316805640306,0.0,-0.04476414620874736,0.910752967146386,-0.4184090299001608
2023-11-17 00:00:00+00:00,7.105427357601002e-15,0.04647866538850987,36613.92,1701.7661362416693,0.0,0.012454819789340155,0.9220962312248011,-0.41116541917645977
2023-11-18 00:00:00+00:00,7.105427357601002e-15,0.04647866538850987,36568.1,1699.6364837935678,0.0,-0.0012514366120863762,0.9209422862411796,-0.4119023083293648
2023-11-19 00:00:00+00:00,7.105427357601002e-15,0.04647866538850987,37359.86,1736.4364319015745,0.0,0.021651658139197894,0.9408822137888049,-0.3991690181568609
2023-11-20 00:00:00+00:00,7.105427357601002e-15,0.04647866538850987,37448.78,1740.5693148279206,0.0,0.0023800945720888755,0.9431216024388186,-0.39773898359823323
2023-11-21 00:00:00+00:00,7.105427357601002e-15,0.04647866538850987,35741.65,1661.224190783234,0.0,-0.0455857306967008,0.9001287150558017,-0.4251934921010454
2023-11-22 00:00:00+00:00,7.105427357601002e-15,0.04647866538850987,37408.34,1738.6897175996091,0.0,0.04663159087507118,0.9421031490311874,-0.398389350192373
2023-11-23 00:00:00+00:00,7.105427357601002e-15,0.04647866538850987,37294.28,1733.3883610253959,0.0,-0.003049052697874255,0.939230626882958,-0.4002236927672388
2023-11-24 00:00:00+00:00,7.105427357601002e-15,0.04647866538850987,37713.57,1752.8764006361444,0.0,0.01124274285493665,0.949790155302484,-0.3934805619745374
2023-11-25 00:00:00+00:00,7.105427357601002e-15,0.04647866538850987,37780.67,1755.9951190837132,0.0,0.001779200431038408,0.9514800223561942,-0.39240144232896934
2023-11-26 00:00:00+00:00,7.105427357601002e-15,0.04647866538850987,37447.43,1740.5065686296462,0.0,-0.008820383545342092,0.9430876036232819,-0.3977606946492245
2023-11-27 00:00:00+00:00,0.0,0.048078511382909916,37242.7,1790.573575880299,60.0,-0.005706955048821127,0.9377054450623035,-0.4011976472934946
2023-11-28 00:00:00+00:00,0.0,0.048078511382909916,37818.87,1818.2749717837905,0.0,0.0154706828452289,0.9522123886051066,-0.3919337660077954
2023-11-29 00:00:00+00:00,0.0,0.048078511382909916,37854.64,1819.994740135957,0.0,0.0009458241348827556,0.9531130140637837,-0.39135864228807826
2023-11-30 00:00:00+00:00,0.0,0.048078511382909916,37723.96,1813.7118402684384,0.0,-0.0034521527611938163,0.9498227223405536,-0.39345976523168025
2023-12-01 00:00:00+00:00,0.0,0.048078511382909916,38682.52,1859.7979781396402,0.0,0.025409845625962824,0.9739575710872589,-0.37804767150028196
2023-12-02 00:00:00+00:00,0.0,0.048078511382909916,39450.35,1896.7141015347802,0.0,0.019849534104810163,0.9932901751111936,-0.3657022075441607
2023-12-03 00:00:00+00:00,0.0,0.048078511382909916,39972.26,1921.8067574106349,0.0,0.013229540422328379,1.0064309476339288,-0.3573107392590724
2023-12-04 00:00:00+00:00,0.0,0.048078511382909916,41991.1,2018.8695793309084,0.0,0.05050602592898157,1.0572617751708575,-0.3248510587918132
2023-12-05 00:00:00+00:00,0.0,0.048078511382909916,44073.32,2118.979617302631,0.0,0.04958717442505667,1.1096883992292,-0.29137233048123046
2023-12-06 00:00:00+00:00,0.0,0.048078511382909916,43762.69,2104.044989311758,0.0,-0.007048028149456376,1.1018672841543073,-0.29636675824348235
2023-12-07 00:00:00+00:00,0.0,0.048078511382909916,43273.14,2080.5081540642545,0.0,-0.011186469570311997,1.0895412793095929,-0.3042379300910516
2023-12-08 00:00:00+00:00,0.0,0.048078511382909916,44170.99,2123.6754455094,0.0,0.02074843655902936,1.1121475574217916,-0.2898019549233669
2023-12-09 00:00:00+00:00,0.0,0.048078511382909916,43713.6,2101.684815187971,0.0,-0.010354986383597109,1.100631284608138,-0.29715604600979273
2023-12-10 00:00:00+00:00,0.0,0.048078511382909916,43789.51,2105.3344549870476,0.0,0.0017365305076681992,1.102542564411554,-0.29593553604155864
2023-12-11 00:00:00+00:00,0.0,0.048078511382909916,41253.4,1983.402061483736,0.0,-0.05791592552645597,1.0386877913613468,-0.3367120811019999
2023-12-12 00:00:00+00:00,0.0,0.048078511382909916,41492.39,1994.8923449191375,0.0,0.005793219467971067,1.0447051376954053,-0.33286950861736997
2023-12-13 00:00:00+00:00,0.0,0.048078511382909916,42869.03,2061.079146829307,0.0,0.033178132182793085,1.0793665028459065,-0.3107353649911053
2023-12-14 00:00:00+00:00,0.0,0.048078511382909916,43022.26,2068.44621712851,0.0,0.003574375254116857,1.0832245637638016,-0.30827167453619164
2023-12-15 00:00:00+00:00,0.0,0.048078511382909916,41940.3,2016.427190952657,0.0,-0.02514884155318653,1.0559827208431862,-0.32566784059113196
2023-12-16 00:00:00+00:00,0.0,0.048078511382909916,42278.03,2032.664746602007,0.0,0.008052636724105389,1.0644861660810687,-0.3202376886800309
2023-12-17 00:00:00+00:00,0.0,0.048078511382909916,41374.65,1989.231580988914,0.0,-0.02136759919986808,1.0417406523304442,-0.3347625772994919
2023-12-18 00:00:00+00:00,0.0,0.048078511382909916,42657.8,2050.923522869895,0.0,0.03101295116695857,1.0740481043098038,-0.31413160159484765
2023-12-19 00:00:00+00:00,0.0,0.048078511382909916,42275.99,2032.5666664387857,0.0,-0.00895053190741224,1.0644348024820833,-0.3202704885790587
2023-12-20 00:00:00+00:00,0.0,0.048078511382909916,43668.93,2099.5371480844965,0.0,0.03294872574243701,1.0995065728597706,-0.29787426732820943
2023-12-21 00:00:00+00:00,0.0,0.048078511382909916,43861.8,2108.8100505749185,0.0,0.004416641305385882,1.1043626990050064,-0.29477322981571685
2023-12-22 00:00:00+00:00,0.0,0.048078511382909916,43969.04,2113.9659901356213,0.0,0.0024449520995488694,1.107062812904602,-0.2930489841432967
2023-12-23 00:00:00+00:00,0.0,0.048078511382909916,43702.16,2101.1347970177508,0.0,-0.006069725424980632,1.1003432456020645,-0.29733998269845796
2023-12-24 00:00:00+00:00,0.0,0.048078511382909916,42991.5,2066.9673221183716,0.0,-0.016261438793872207,1.082450081261456,-0.30876624556270815
2023-12-25 00:00:00+00:00,0.0,0.048078511382909916,43576.13,2095.075462228162,0.0,0.013598734633590182,1.0971700326706386,-0.2993663411663352
2023-12-26 00:00:00+00:00,0.0,0.048078511382909916,42508.93,2043.766074880321,0.0,-0.02449047219200029,1.0702998204956222,-0.31652519030478055
2023-12-27 00:00:00+00:00,0.0,0.049487864779657754,43428.85,2149.2010563360395,60.0,0.022231008731456336,1.0940936651503366,-0.3013308558427156
2023-12-28 00:00:00+00:00,0.0,0.049487864779657754,42563.76,2106.389599393806,0.0,-0.01991970775187446,1.0722996390873647,-0.315248141009581
2023-12-29 00:00:00+00:00,0.0,0.049487864779657754,42066.95,2081.803533292624,0.0,-0.011672136108276221,1.0597836117510815,-0.3232406579081123
2023-12-30 00:00:00+00:00,0.0,0.049487864779657754,42140.28,2085.432478416916,0.0,0.0017431736790995966,1.061630998648627,-0.322060948835893
2023-12-31 00:00:00+00:00,0.0,0.049487864779657754,42283.58,2092.524089439841,0.0,0.0034005469351414686,1.0652411246873328,-0.3197555852732442
2024-01-01 00:00:00+00:00,0.0,0.049487864779657754,44179.55,2186.3515964261287,0.0,0.04483939155577632,1.1130058885785037,-0.28925383960768125
2024-01-02 00:00:00+00:00,0.0,0.049487864779657754,44946.91,2224.326604343447,0.0,0.017369122139089255,1.1323378237987494,-0.2769088027379383
2024-01-03 00:00:00+00:00,0.0,0.049487864779657754,42845.23,2120.318948693336,0.0,-0.04675916542427483,1.0793906521795802,-0.31071994364755207
2024-01-04 00:00:00+00:00,0.0,0.049487864779657754,44151.1,2184.9436666731476,0.0,0.030478772082679795,1.1122891538555366,-0.2897115339088492
2024-01-05 00:00:00+00:00,0.0,0.049487864779657754,44145.11,2184.647234363117,0.0,-0.00013567045894680163,1.1121382490755516,-0.28980789907102833
2024-01-06 00:00:00+00:00,0.0,0.049487864779657754,43968.32,2175.8982747487216,0.0,-0.004004747071646109,1.1076844166793007,-0.29265203880752977
2024-01-07 00:00:00+00:00,0.0,0.049487864779657754,43929.02,2173.953401662881,0.0,-0.0008938253724500855,1.1066943402430052,-0.2932842843623944
2024-01-08 00:00:00+00:00,0.0,0.049487864779657754,46951.04,2323.5067187843024,0.0,0.06879324874536241,1.1828274392764269,-0.24466701434427984
2024-01-09 00:00:00+00:00,0.0,0.049487864779657754,46110.0,2281.885444990019,0.0,-0.01791312822889546,1.1616392996840121,-0.25819739097184524
2024-01-10 00:00:00+00:00,0.0,0.049487864779657754,46653.99,2308.806348551505,0.0,0.01179765777488595,1.1753439225995423,-0.2494458576540135
2024-01-11 00:00:00+00:00,0.0,0.049487864779657754,46339.16,2293.226084082926,0.0,-0.006748190240534413,1.1674124782117847,-0.25451073979238537
2024-01-12 00:00:00+00:00,0.0,0.049487864779657754,42782.73,2117.2259571446075,0.0,-0.07674783056058854,1.07781610313967,-0.3117254232195378
2024-01-13 00:00:00+00:00,0.0,0.049487864779657754,42847.99,2120.4555352001275,0.0,0.0015253818538458752,1.079460184265182,-0.3106755416696535
2024-01-14 00:00:00+00:00,0.0,0.049487864779657754,41732.35,2065.24489373735,0.0,-0.0260371606696137,1.0513541060110188,-0.32862359334469515
2024-01-15 00:00:00+00:00,0.0,0.049487864779657754,42511.1,2103.7835684345087,0.0,0.018660583456239666,1.0709729870482976,-0.3160953178777536
2024-01-16 00:00:00+00:00,0.0,0.049487864779657754,43137.95,2134.805036471637,0.0,0.014745560571238991,1.086765084098979,-0.306010759962566
2024-01-17 00:00:00+00:00,0.0,0.049487864779657754,42776.1,2116.897852601118,0.0,-0.008388205744593757,1.077649074977516,-0.3118320844925342
2024-01-18 00:00:00+00:00,0.0,0.049487864779657754,41327.5,2045.2097316813058,0.0,-0.0338647048234878,1.0411548071500978,-0.33513668782018946
2024-01-19 00:00:00+00:00,0.0,0.049487864779657754,41659.03,2061.616443491706,0.0,0.008022019236585853,1.0495069710413196,-0.32980314154018286
2024-01-20 00:00:00+00:00,0.0,0.049487864779657754,41696.04,2063.447989367201,0.0,0.0008884028264699584,1.0504393560007927,-0.3292077367568359
2024-01-21 00:00:00+00:00,0.0,0.049487864779657754,41580.33,2057.721748533547,0.0,-0.00277508367701107,1.0475242988902649,-0.33106924141722727
2024-01-22 00:00:00+00:00,0.0,0.049487864779657754,39568.02,1958.1368233587934,0.0,-0.048395719803089765,0.9968286064342435,-0.3634426269772675
2024-01-23 00:00:00+00:00,0.0,0.049487864779657754,39897.6,1974.447033832873,0.0,0.008329453937801379,1.0051316443954204,-0.3581404516599067
2024-01-24 00:00:00+00:00,0.0,0.049487864779657754,40084.88,1983.7151211488074,0.0,0.004694016682707636,1.0098497491025298,-0.3551275522320432
2024-01-25 00:00:00+00:00,0.0,0.049487864779657754,39961.09,1977.5890183677336,0.0,-0.003088196846292135,1.0067311342921224,-0.35711904529150096
2024-01-26 00:00:00+00:00,0.0,0.049487864779657754,41823.51,2069.756207490664,0.0,0.04660583582680067,1.0536506802586698,-0.32715704106017973
2024-01-27 00:00:00+00:00,7.105427357601002e-15,0.050920315209753556,42120.63,2144.795756433402,60.0,0.007266338367923897,1.0613068626230224,-0.322267936452048
2024-01-28 00:00:00+00:00,7.105427357601002e-15,0.050920315209753556,42031.06,2140.234823800064,0.0,-0.0021265114030821763,1.0590499814774852,-0.3237091414134171
2024-01-29 00:00:00+00:00,7.105427357601002e-15,0.050920315209753556,43302.7,2204.9871334333952,0.0,0.030254768735311632,1.0910912937462225,-0.3032481178890747
2024-01-30 00:00:00+00:00,7.105427357601002e-15,0.050920315209753556,42941.1,2186.5743474535484,0.0,-0.008350518558888909,1.0819801156483526,-0.3090663574115827
2024-01-31 00:00:00+00:00,7.105427357601002e-15,0.050920315209753556,42580.0,2168.1870216313064,0.0,-0.008409193057467124,1.072881535971525,-0.3148765518020078
2024-02-01 00:00:00+00:00,7.105427357601002e-15,0.050920315209753556,43082.94,2193.7968849629,0.0,0.011811648661343543,1.0855540357296631,-0.30678411434224495
2024-02-02 00:00:00+00:00,7.105427357601002e-15,0.050920315209753556,43200.0,2199.757617061354,0.0,0.0027170847671955656,1.088503578064112,-0.30490058801894626
2024-02-03 00:00:00+00:00,7.105427357601002e-15,0.050920315209753556,43011.09,2190.1382603150787,0.0,-0.004372916666666948,1.0837436426258686,-0.3079401998225887
2024-02-04 00:00:00+00:00,7.105427357601002e-15,0.050920315209753556,42582.88,2168.33367213911,0.0,-0.00995580442160382,1.072954102876729,-0.3148302118412091
2024-02-05 00:00:00+00:00,7.105427357601002e-15,0.050920315209753556,42708.7,2174.7404661988016,0.0,0.0029547085589327615,1.076124369547841,-0.31280573480381413
2024-02-06 00:00:00+00:00,7.105427357601002e-15,0.050920315209753556,43098.95,2194.612119209408,0.0,0.009137482526979213,1.0859574371714409,-0.3065265092129438
2024-02-07 00:00:00+00:00,7.105427357601002e-15,0.050920315209753556,44349.6,2258.295611426486,0.0,0.029018108329785353,1.1174698677248178,-0.28640322033345056
2024-02-08 00:00:00+00:00,7.105427357601002e-15,0.050920315209753556,45288.65,2306.1123334242056,0.0,0.021173809910348895,1.1411309622845658,-0.27129365776815395
2024-02-09 00:00:00+00:00,7.105427357601002e-15,0.050920315209753556,47132.77,2400.015505108816,0.0,0.04071925305788504,1.187596962710019,-0.24162127981392956
2024-02-10 00:00:00+00:00,7.105427357601002e-15,0.050920315209753556,47751.09,2431.5005544093106,0.0,0.013118685789101692,1.203176674107903,-0.2316723476746675
2024-02-11 00:00:00+00:00,7.105427357601002e-15,0.050920315209753556,48299.99,2459.4507154279445,0.0,0.011495025558579064,1.2170072207282596,-0.2228404016738248
2024-02-12 00:00:00+00:00,7.105427357601002e-15,0.050920315209753556,49917.27,2541.8031228103746,0.0,0.03348406490353306,1.257757569495193,-0.19681793924306745
2024-02-13 00:00:00+00:00,7.105427357601002e-15,0.050920315209753556,49699.59,2530.7187885955154,0.0,-0.004360815405169416,1.2522727209101698,-0.20032046794677205
2024-02-14 00:00:00+00:00,7.105427357601002e-15,0.050920315209753556,51795.17,2637.426382742771,0.0,0.04216493536465804,1.3050747192462715,-0.16660203216530778
2024-02-15 00:00:00+00:00,7.105427357601002e-15,0.050920315209753556,51880.0,2641.7459530820142,0.0,0.001637797501195637,1.3072121673603267,-0.16523709505608652
2024-02-16 00:00:00+00:00,7.105427357601002e-15,0.050920315209753556,52124.11,2654.1761112278673,0.0,0.004705281418658558,1.3133629684816517,-0.16130930067046845
2024-02-17 00:00:00+00:00,7.105427357601002e-15,0.050920315209753556,51642.64,2629.6595070638273,0.0,-0.00923699224792518,1.3012314449230746,-0.16905628015858232
2024-02-18 00:00:00+00:00,7.105427357601002e-15,0.050920315209753556,52137.67,2654.8665907021114,0.0,0.009585683458475325,1.3137046376603216,-0.1610911166883745
2024-02-19 00:00:00+00:00,7.105427357601002e-15,0.050920315209753556,51774.73,2636.385571499884,0.0,-0.0069611856456184285,1.3045596957940582,-0.1669309171648653
2024-02-20 00:00:00+00:00,7.105427357601002e-15,0.050920315209753556,52258.82,2661.035586889773,0.0,0.009349928044047662,1.3167572350788974,-0.15914178118463596
2024-02-21 00:00:00+00:00,7.105427357601002e-15,0.050920315209753556,51849.39,2640.187282233444,0.0,-0.007834658340926892,1.3064408920241106,-0.16572961804221464
2024-02-22 00:00:00+00:00,7.105427357601002e-15,0.050920315209753556,51288.42,2611.6225130102284,0.0,-0.010819220824005882,1.2923062195197905,-0.1747557735315437
2024-02-23 00:00:00+00:00,7.105427357601002e-15,0.050920315209753556,50744.15,2583.908113051016,0.0,-0.01061194710228941,1.278592334278287,-0.18351322160929662
2024-02-24 00:00:00+00:00,7.105427357601002e-15,0.050920315209753556,51568.22,2625.8700172059175,0.0,0.016239704478250294,1.2993562959351226,-0.17025371761783303
2024-02-25 00:00:00+00:00,7.105427357601002e-15,0.050920315209753556,51728.85,2634.04934743806,0.0,0.0031149029382824267,1.3034036646792067,-0.1676691384848119
2024-02-26 00:00:00+00:00,7.105427357601002e-15,0.050920315209753556,54476.47,2773.9590239146833,0.0,0.05311581448263403,1.3726350119282926,-0.12345920685640022
2024-02-27 00:00:00+00:00,0.0,0.052020057793848856,57037.34,2967.0857232074068,60.0,0.04799158824806704,1.4385099462356359,-0.08139262202921849
2024-02-28 00:00:00+00:00,0.0,0.052020057793848856,62432.1,3247.7214501913513,0.0,0.09458295215029322,1.5745684636481618,0.0
2024-02-29 00:00:00+00:00,0.0,0.052020057793848856,61130.98,3180.0371125946185,0.0,-0.020840561185672124,1.5417535732404726,-0.020840561185672124
2024-03-01 00:00:00+00:00,0.0,0.052020057793848856,62387.9,3245.422163636863,0.0,0.02056109684484042,1.5734537177707486,-0.0007079691376711272
2024-03-02 00:00:00+00:00,0.0,0.052020057793848856,61987.28,3224.5818880834913,0.0,-0.006421437490282567,1.563349883078231,-0.007124860448391113
2024-03-03 00:00:00+00:00,0.0,0.052020057793848856,63113.97,3283.192366999243,0.0,0.018176148396896963,1.5917655625493325,0.0
2024-03-04 00:00:00+00:00,0.0,0.052020057793848856,68245.71,3550.1457783822493,0.0,0.08130909844524137,1.7211905853764011,0.0
2024-03-05 00:00:00+00:00,0.0,0.052020057793848856,63724.01,3314.9266830558026,0.0,-0.0662561793261438,1.6071510732972318,-0.0662561793261438
2024-03-06 00:00:00+00:00,0.0,0.052020057793848856,66074.04,3437.1753794730807,0.0,0.03687825044280779,1.6664199930777146,-0.03182134085790911
2024-03-07 00:00:00+00:00,0.0,0.052020057793848856,66823.17,3476.145165368187,0.0,0.011337735667442228,1.6853134224701707,-0.02084438714169734
2024-03-08 00:00:00+00:00,0.0,0.052020057793848856,68124.19,3543.8243009591406,0.0,0.01946959415424332,1.7181257908283638,-0.0017806247454967838
2024-03-09 00:00:00+00:00,0.0,0.052020057793848856,68313.27,3553.6602534868016,0.0,0.002775519239201163,1.7228944820161756,0.0
2024-03-10 00:00:00+00:00,0.0,0.052020057793848856,68955.88,3587.0888628257067,0.0,0.009406810711886537,1.7391014242850555,0.0
2024-03-11 00:00:00+00:00,0.0,0.052020057793848856,72078.1,3749.5069276708177,0.0,0.04527851721999632,1.8178453580718665,0.0
2024-03-12 00:00:00+00:00,0.0,0.052020057793848856,71452.01,3716.937689686666,0.0,-0.00868627225190477,1.802055058379793,-0.00868627225190477
2024-03-13 00:00:00+00:00,0.0,0.052020057793848856,73072.41,3801.2309913358195,0.0,0.022678158389106473,1.8429223484196204,0.0
2024-03-14 00:00:00+00:00,0.0,0.052020057793848856,71388.94,3713.6567846416083,0.0,-0.023038380696626892,1.8004644017624076,-0.023038380696626892
2024-03-15 00:00:00+00:00,0.0,0.052020057793848856,69499.85,3615.3862136638268,0.0,-0.02646194214397901,1.752820616930677,-0.0488906825435208
2024-03-16 00:00:00+00:00,0.0,0.052020057793848856,65300.63,3396.9425465747404,0.0,-0.06042056205876711,1.6469142100675307,-0.10635724208357156
2024-03-17 00:00:00+00:00,0.0,0.052020057793848856,68393.48,3557.832782322446,0.0,0.04736324902225286,1.724917417917246,-0.06403141760344289
2024-03-18 00:00:00+00:00,0.0,0.052020057793848856,67609.99,3517.0755872415434,0.0,-0.011455624132592712,1.7051574123178237,-0.07475352188329354
2024-03-19 00:00:00+00:00,0.0,0.052020057793848856,61937.4,3221.9871276007343,0.0,-0.08390165417862061,1.562091884789422,-0.15238323192022807
2024-03-20 00:00:00+00:00,0.0,0.052020057793848856,67840.51,3529.067250964181,0.0,0.09530768162693293,1.710971240816948,-0.07159884284643125
2024-03-21 00:00:00+00:00,0.0,0.052020057793848856,65501.27,3407.379850970498,0.0,-0.034481462477213065,1.6519744501771276,-0.1036114725106233
2024-03-22 00:00:00+00:00,0.0,0.052020057793848856,63796.64,3318.7048998533696,0.0,-0.026024380901316757,1.6089828378464748,-0.1269394289855772
2024-03-23 00:00:00+00:00,0.0,0.052020057793848856,63990.01,3328.764018428966,0.0,0.003031037371247214,1.613859724957683,-0.12429314976747008
2024-03-24 00:00:00+00:00,0.0,0.052020057793848856,67209.99,3496.267564124004,0.0,0.05032004214407859,1.6950692143321846,-0.08022754415791078
2024-03-25 00:00:00+00:00,0.0,0.052020057793848856,69880.01,3635.1621588347357,0.0,0.039726534701165495,1.7624084402962295,-0.04368817177372386
2024-03-26 00:00:00+00:00,0.0,0.052020057793848856,69988.0,3640.7798048758937,0.0,0.0015453632591067024,1.7651320015474028,-0.0422103226101338
2024-03-27 00:00:00+00:00,-7.105427357601002e-15,0.05287606330118828,69469.99,3673.2995887729166,60.0,-0.0075478929173838916,1.7518089742146754,-0.049439616532448216
2024-03-28 00:00:00+00:00,-7.105427357601002e-15,0.05287606330118828,70780.6,3742.5994860960873,0.0,0.018865844086057848,1.7848583291907665,-0.03150649254356608
2024-03-29 00:00:00+00:00,-7.105427357601002e-15,0.05287606330118828,69850.54,3693.4215746621835,0.0,-0.01314004119772949,1.7614052172130892,-0.04423253713127706
2024-03-30 00:00:00+00:00,-7.105427357601002e-15,0.05287606330118828,69582.18,3679.2317543146764,0.0,-0.0038419173280550556,1.7546380439873517,-0.04790451670846363
2024-03-31 00:00:00+00:00,-7.105427357601002e-15,0.05287606330118828,71280.01,3769.006320869333,0.0,0.02440035652806527,1.7974518378383502,-0.02467304746738952
2024-04-01 00:00:00+00:00,-7.105427357601002e-15,0.05287606330118828,69649.8,3682.8072337151034,0.0,-0.022870507453632394,1.756343202183523,-0.0469792698050151
2024-04-02 00:00:00+00:00,-7.105427357601002e-15,0.05287606330118828,65463.99,3461.4780791883563,0.0,-0.0600979471584987,1.6507905812265093,-0.10425385928922715
2024-04-03 00:00:00+00:00,-7.105427357601002e-15,0.05287606330118828,65963.28,3487.8785688340067,0.0,0.007626941162614864,1.6633810638613227,-0.09742205617738675
2024-04-04 00:00:00+00:00,-7.105427357601002e-15,0.05287606330118828,68487.79,3621.364719398489,0.0,0.03827144435510155,1.7270410596882209,-0.06287909462423769
2024-04-05 00:00:00+00:00,-7.105427357601002e-15,0.05287606330118828,67820.62,3586.0873962458354,0.0,-0.009741444423889245,1.7102171851874932,-0.0720080058424204
2024-04-06 00:00:00+00:00,-7.105427357601002e-15,0.05287606330118828,68896.0,3642.9492571986675,0.0,0.01585623959202964,1.7373347986302325,-0.05729354244357254
2024-04-07 00:00:00+00:00,-7.105427357601002e-15,0.05287606330118828,69360.39,3667.504372235106,0.0,0.006740449372967916,1.749045215884295,-0.05093927729284353
2024-04-08 00:00:00+00:00,-7.105427357601002e-15,0.05287606330118828,71620.0,3786.9836536311045,0.0,0.03257781566683815,1.8060252885203387,-0.02002095201185361
2024-04-09 00:00:00+00:00,-7.105427357601002e-15,0.05287606330118828,69146.0,3656.1682730239645,0.0,-0.034543423624685876,1.7436389919020852,-0.05387278340982449
2024-04-10 00:00:00+00:00,-7.105427357601002e-15,0.05287606330118828,70631.08,3734.6934571112934,0.0,0.02147745350417951,1.7810879172787366,-0.033552380106470214
2024-04-11 00:00:00+00:00,-7.105427357601002e-15,0.05287606330118828,70006.23,3701.6538489575455,0.0,-0.008846672031632585,1.765331216615068,-0.042102225235420176
2024-04-12 00:00:00+00:00,-7.105427357601002e-15,0.05287606330118828,67116.52,3548.8573600754694,0.0,-0.04127789769567636,1.6924620552566474,-0.08164223158506856
2024-04-13 00:00:00+00:00,-7.105427357601002e-15,0.05287606330118828,63924.51,3380.076437257443,0.0,-0.047559229828960214,1.6119698633939021,-0.12531861975832526
2024-04-14 00:00:00+00:00,-7.105427357601002e-15,0.05287606330118828,65661.84,3471.939608312496,0.0,0.027177838359652595,1.655779719781853,-0.10154667058991917
2024-04-15 00:00:00+00:00,-7.105427357601002e-15,0.05287606330118828,63419.99,3353.3994058007274,0.0,-0.034142357265650736,1.599247497035842,-0.1322219851491515
2024-04-16 00:00:00+00:00,-7.105427357601002e-15,0.05287606330118828,63793.39,3373.143327837391,0.0,0.005887733504845949,1.6086634401066808,-0.1271127394563455
2024-04-17 00:00:00+00:00,-7.105427357601002e-15,0.05287606330118828,61277.37,3240.1060950503356,0.0,-0.03944013635268473,1.5452175346832944,-0.16153953203270877
2024-04-18 00:00:00+00:00,-7.105427357601002e-15,0.05287606330118828,63470.08,3356.047967811484,0.0,0.03578335689015355,1.60051060519979,-0.13153660186914995
2024-04-19 00:00:00+00:00,-7.105427357601002e-15,0.05287606330118828,63818.01,3374.4451365158666,0.0,0.005481795516879773,1.6092842770600926,-0.1267758631067022
2024-04-20 00:00:00+00:00,-7.105427357601002e-15,0.05287606330118828,64940.59,3433.8027476565144,0.0,0.017590332258871744,1.6375921221925578,-0.11141556040228251
2024-04-21 00:00:00+00:00,-7.105427357601002e-15,0.05287606330118828,64941.15,3433.8323582519633,0.0,8.623266280816111e-06,1.6376062435854868,-0.11140789790204697
2024-04-22 00:00:00+00:00,-7.105427357601002e-15,0.05287606330118828,66819.32,3533.1425940623562,0.0,0.028921107802987844,1.6849676302950687,-0.08570882992438844
2024-04-23 00:00:00+00:00,-7.105427357601002e-15,0.05287606330118828,66414.0,3511.7108680851184,0.0,-0.0060659102786440044,1.6747467678272794,-0.09125483813062352
2024-04-24 00:00:00+00:00,-7.105427357601002e-15,0.05287606330118828,64289.59,3399.3804304474406,0.0,-0.031987382178456425,1.6211760029126536,-0.12032321692616255
2024-04-25 00:00:00+00:00,-7.105427357601002e-15,0.05287606330118828,64498.34,3410.4183086615635,0.0,0.003247026462604552,1.6264400042946505,-0.11746688313298292
2024-04-26 00:00:00+00:00,-7.105427357601002e-15,0.05287606330118828,63770.01,3371.9070854774095,0.0,-0.0112922286061935,1.608073871951897,-0.12743264884118177
2024-04-27 00:00:00+00:00,0.0,0.053815534916173635,63461.98,3415.2404005395133,60.0,-0.004942806701192515,1.6001254736416006,-0.13174558059173125
2024-04-28 00:00:00+00:00,0.0,0.053815534916173635,63118.62,3396.762298470696,0.0,-0.0054104835682718955,1.5914680210592895,-0.1364432568610191
2024-04-29 00:00:00+00:00,0.0,0.053815534916173635,63866.0,3436.9829529563453,0.0,0.01184087991784355,1.6103124027897406,-0.12621798516326643
2024-04-30 00:00:00+00:00,0.0,0.053815534916173635,60672.0,3265.0961344340867,0.0,-0.05001096044843889,1.5297791329041923,-0.1699166629478236
2024-05-01 00:00:00+00:00,0.0,0.053815534916173635,58364.97,3140.9420809164267,0.0,-0.03802462420886077,1.4716098562529536,-0.20148026990126966
2024-05-02 00:00:00+00:00,0.0,0.053815534916173635,59060.61,3178.378319625514,0.0,0.011918793070569755,1.4891496696102435,-0.19196287847545568
2024-05-03 00:00:00+00:00,0.0,0.053815534916173635,62882.01,3384.02900475418,0.0,0.06470302287768437,1.5855021547513313,-0.13968043411543485
2024-05-04 00:00:00+00:00,0.0,0.053815534916173635,63892.04,3438.3843094855624,0.0,0.016062304624168355,1.6109689733432224,-0.12586171917406463
2024-05-05 00:00:00+00:00,0.0,0.053815534916173635,64012.0,3444.8400210541067,0.0,0.0018775421789631874,1.6139936355396753,-0.12422048768156757
2024-05-06 00:00:00+00:00,0.0,0.053815534916173635,63165.19,3399.2684879317417,0.0,-0.013228925826407556,1.592642233450827,-0.1358061098903156
2024-05-07 00:00:00+00:00,0.0,0.053815534916173635,62312.08,3353.3579169394047,0.0,-0.013506014942723965,1.571131983647427,-0.14747792548354777
2024-05-08 00:00:00+00:00,0.0,0.053815534916173635,61193.03,3293.1356425914605,0.0,-0.01795879707433934,1.5429163431760986,-0.16278819642118347
2024-05-09 00:00:00+00:00,0.0,0.053815534916173635,63074.01,3394.361587458085,0.0,0.030738468090238502,1.5903432279567247,-0.13705358811210488
2024-05-10 00:00:00+00:00,0.0,0.053815534916173635,60799.99,3271.983984748008,0.0,-0.03605320162773862,1.5330062629018921,-0.16816556909383285
2024-05-11 00:00:00+00:00,0.0,0.053815534916173635,60825.99,3273.3831886558282,0.0,0.0004276316492815013,1.5336618248984557,-0.16780985036421525
2024-05-12 00:00:00+00:00,0.0,0.053815534916173635,61483.99,3308.7938106306706,0.0,0.010817744191257805,1.5502525861961047,-0.15880743020697086
2024-05-13 00:00:00+00:00,0.0,0.053815534916173635,62940.08,3387.154072866762,0.0,0.02368242529478004,1.5869663272567336,-0.13888595001432336
2024-05-14 00:00:00+00:00,0.0,0.053815534916173635,61577.49,3313.8255631453326,0.0,-0.021649003306001613,1.5526100879914393,-0.1575282109293078
2024-05-15 00:00:00+00:00,0.0,0.053815534916173635,66206.5,3562.93821242765,0.0,0.0751737363767182,1.669325589441941,-0.0941964587528854
2024-05-16 00:00:00+00:00,0.0,0.053815534916173635,65235.21,3510.6677215189193,0.0,-0.014670613912531327,1.6448355582249294,-0.10748515278712545
2024-05-17 00:00:00+00:00,0.0,0.053815534916173635,67024.0,3606.9324122216217,0.0,0.027420621471134998,1.6899379714492782,-0.08301184100433345
2024-05-18 00:00:00+00:00,0.0,0.053815534916173635,66915.2,3601.0772820227417,0.0,-0.0016232991167344224,1.6871946966328886,-0.08450038707288698
2024-05-19 00:00:00+00:00,0.0,0.053815534916173635,66274.01,3566.5712991898404,0.0,-0.009582127827459153,1.671027781379941,-0.09327282138994397
2024-05-20 00:00:00+00:00,0.0,0.053815534916173635,71446.62,3844.938073252589,0.0,0.07804884599558704,1.8014495713432115,-0.022503811466594636
2024-05-21 00:00:00+00:00,0.0,0.053815534916173635,70148.34,3775.0704405816196,0.0,-0.018171328468722492,1.7687148394624947,-0.04026621578535938
2024-05-22 00:00:00+00:00,0.0,0.053815534916173635,69166.62,3722.2386536437134,0.0,-0.013994914206095332,1.7439618270291695,-0.053697607756134524
2024-05-23 00:00:00+00:00,0.0,0.053815534916173635,67969.65,3657.823072815101,0.0,-0.017305602037514634,1.7137815176819857,-0.07007394036345493
2024-05-24 00:00:00+00:00,0.0,0.053815534916173635,68549.99,3689.054380348354,0.0,0.008538222574340226,1.728414165723745,-0.062134024688598855
2024-05-25 00:00:00+00:00,0.0,0.053815534916173635,69290.57,3728.909089196574,0.0,0.010803502670095222,1.7470870927781719,-0.052001787120130816
2024-05-26 00:00:00+00:00,0.0,0.053815534916173635,68507.67,3686.7769069107007,0.0,-0.011298795781301996,1.7273471125047226,-0.06271302532849976
2024-05-27 00:00:00+00:00,0.0,0.05469003706881751,69436.43,3797.480930626352,60.0,0.013752940575441075,1.7511032146961598,-0.04982257326370765
2024-05-28 00:00:00+00:00,0.0,0.05469003706881751,68398.39,3740.710484547437,0.0,-0.014949501292045086,1.7249250949255552,-0.06402725193237391
2024-05-29 00:00:00+00:00,0.0,0.05469003706881751,67652.42,3699.913357595211,0.0,-0.010906250863507161,1.7061126291195383,-0.0742352055242056
2024-05-30 00:00:00+00:00,0.0,0.05469003706881751,68352.17,3738.182711034116,0.0,0.01034331070492378,1.723759482140116,-0.06465973261526248
2024-05-31 00:00:00+00:00,0.0,0.05469003706881751,67540.01,3693.7656505283053,0.0,-0.011881992919902884,1.7032777841777118,-0.07577343905002798
2024-06-01 00:00:00+00:00,0.0,0.05469003706881751,67766.85,3706.171538536996,0.0,0.0033586018124664996,1.708998416030785,-0.07266933004729181
2024-06-02 00:00:00+00:00,0.0,0.05469003706881751,67765.63,3706.104816691772,0.0,-1.8002902599123516e-05,1.708967649098759,-0.07268602469102015
2024-06-03 00:00:00+00:00,3700.5469664388493,0.0,68809.9,3700.5469664388493,0.0,-0.0014996473461547088,1.706404800299124,-0.07407666863314444
2024-06-04 00:00:00+00:00,4.547473508864641e-13,0.05369871416761485,70537.84,3787.7913081609495,0.0,0.02357606659592215,1.7466351135105773,-0.05224703851012136
2024-06-05 00:00:00+00:00,4.547473508864641e-13,0.05369871416761485,71108.0,3818.408167030757,0.0,0.00808303741651284,1.7607532304860785,-0.04458631586078776
2024-06-06 00:00:00+00:00,4.547473508864641e-13,0.05369871416761485,70799.06,3801.818486275814,0.0,-0.004344658828823733,1.7531033584178672,-0.04873726235876219
2024-06-07 00:00:00+00:00,4.547473508864641e-13,0.05369871416761485,69355.6,3724.306540323429,0.0,-0.020388123797123736,1.7173608701172904,-0.06813172481738261
2024-06-08 00:00:00+00:00,4.547473508864641e-13,0.05369871416761485,69310.46,3721.882580365903,0.0,-0.0006508486697541782,1.7162431280794868,-0.06873823004467128
2024-06-09 00:00:00+00:00,4.547473508864641e-13,0.05369871416761485,69648.14,3740.015562166023,0.0,0.004871991904252138,1.7246046507052184,-0.06420113024070939
2024-06-10 00:00:00+00:00,3734.407945012484,0.0,69540.0,3734.407945012484,0.0,-0.0014993566364442934,1.722018853276941,-0.06560422648646003
2024-06-11 00:00:00+00:00,3734.407945012484,0.0,67314.24,3734.407945012484,0.0,0.0,1.722018853276941,-0.06560422648646003
2024-06-12 00:00:00+00:00,3734.407945012484,0.0,68263.99,3734.407945012484,0.0,0.0,1.722018853276941,-0.06560422648646003
2024-06-13 00:00:00+00:00,3734.407945012484,0.0,66773.01,3734.407945012484,0.0,0.0,1.722018853276941,-0.06560422648646003
2024-06-14 00:00:00+00:00,3734.407945012484,0.0,66043.99,3734.407945012484,0.0,0.0,1.722018853276941,-0.06560422648646003
2024-06-15 00:00:00+00:00,0.0,0.05645953343088572,66228.25,3739.216094944057,0.0,0.0012875266983070066,1.7242359985255231,-0.06440116698127607
2024-06-16 00:00:00+00:00,3733.609140409689,0.0,66676.87,3733.609140409689,0.0,-0.001499499999999876,1.7216505066457344,-0.06580409743138749
2024-06-17 00:00:00+00:00,3733.609140409689,0.0,66504.33,3733.609140409689,0.0,0.0,1.7216505066457344,-0.06580409743138749
2024-06-18 00:00:00+00:00,0.0,0.05605672974258639,65175.32,3653.5152991265854,0.0,-0.021452122670321927,1.6847174487817482,-0.08584458253140137
2024-06-19 00:00:00+00:00,3648.036852935545,0.0,64974.37,3648.036852935545,0.0,-0.001499499999999987,1.6821912149673,-0.0872153585798956
2024-06-20 00:00:00+00:00,3648.036852935545,0.0,64869.99,3648.036852935545,0.0,0.0,1.6821912149673,-0.0872153585798956
2024-06-21 00:00:00+00:00,0.0,0.0561518689133084,64143.56,3601.780772752932,0.0,-0.01267971844785265,1.6608615039860635,-0.09878921083662662
2024-06-22 00:00:00+00:00,0.0,0.0561518689133084,64262.01,3608.431961625714,0.0,0.0018466390078755168,1.6639285156260029,-0.09712499983903933
2024-06-23 00:00:00+00:00,3603.0211178992563,0.0,63210.01,3603.0211178992563,0.0,-0.001499499999999987,1.6614334548168217,-0.09847886090178071
2024-06-24 00:00:00+00:00,3603.0211178992563,0.0,60293.3,3603.0211178992563,0.0,0.0,1.6614334548168217,-0.09847886090178071
2024-06-25 00:00:00+00:00,3603.0211178992563,0.0,61806.01,3603.0211178992563,0.0,0.0,1.6614334548168217,-0.09847886090178071
2024-06-26 00:00:00+00:00,3603.0211178992563,0.0,60864.99,3603.0211178992563,0.0,0.0,1.6614334548168217,-0.09847886090178071
2024-06-27 00:00:00+00:00,3663.0211178992563,0.0,61706.47,3663.0211178992563,60.0,0.0,1.6614334548168217,-0.09847886090178071
2024-06-28 00:00:00+00:00,3663.0211178992563,0.0,60427.84,3663.0211178992563,0.0,0.0,1.6614334548168217,-0.09847886090178071
2024-06-29 00:00:00+00:00,3663.0211178992563,0.0,60986.68,3663.0211178992563,0.0,0.0,1.6614334548168217,-0.09847886090178071
2024-06-30 00:00:00+00:00,3663.0211178992563,0.0,62772.01,3663.0211178992563,0.0,0.0,1.6614334548168217,-0.09847886090178071
2024-07-01 00:00:00+00:00,3663.0211178992563,0.0,62899.99,3663.0211178992563,0.0,0.0,1.6614334548168217,-0.09847886090178071
2024-07-02 00:00:00+00:00,3663.0211178992563,0.0,62135.47,3663.0211178992563,0.0,0.0,1.6614334548168217,-0.09847886090178071
2024-07-03 00:00:00+00:00,3663.0211178992563,0.0,60208.58,3663.0211178992563,0.0,0.0,1.6614334548168217,-0.09847886090178071
2024-07-04 00:00:00+00:00,3663.0211178992563,0.0,57050.01,3663.0211178992563,0.0,0.0,1.6614334548168217,-0.09847886090178071
2024-07-05 00:00:00+00:00,3663.0211178992563,0.0,56628.79,3663.0211178992563,0.0,0.0,1.6614334548168217,-0.09847886090178071
2024-07-06 00:00:00+00:00,3663.0211178992563,0.0,58230.13,3663.0211178992563,0.0,0.0,1.6614334548168217,-0.09847886090178071
2024-07-07 00:00:00+00:00,3663.0211178992563,0.0,55857.81,3663.0211178992563,0.0,0.0,1.6614334548168217,-0.09847886090178071
2024-07-08 00:00:00+00:00,3663.0211178992563,0.0,56714.62,3663.0211178992563,0.0,0.0,1.6614334548168217,-0.09847886090178071
2024-07-09 00:00:00+00:00,3663.0211178992563,0.0,58050.0,3663.0211178992563,0.0,0.0,1.6614334548168217,-0.09847886090178071
2024-07-10 00:00:00+00:00,3663.0211178992563,0.0,57725.85,3663.0211178992563,0.0,0.0,1.6614334548168217,-0.09847886090178071
2024-07-11 00:00:00+00:00,3663.0211178992563,0.0,57339.89,3663.0211178992563,0.0,0.0,1.6614334548168217,-0.09847886090178071
2024-07-12 00:00:00+00:00,3663.0211178992563,0.0,57889.1,3663.0211178992563,0.0,0.0,1.6614334548168217,-0.09847886090178071
2024-07-13 00:00:00+00:00,3663.0211178992563,0.0,59204.02,3663.0211178992563,0.0,0.0,1.6614334548168217,-0.09847886090178071
2024-07-14 00:00:00+00:00,3663.0211178992563,0.0,60797.91,3663.0211178992563,0.0,0.0,1.6614334548168217,-0.09847886090178071
2024-07-15 00:00:00+00:00,3663.0211178992563,0.0,64724.14,3663.0211178992563,0.0,0.0,1.6614334548168217,-0.09847886090178071
2024-07-16 00:00:00+00:00,0.0,0.056509634742448016,65043.99,3675.612117091441,0.0,0.0034373263999651904,1.6671443438928488,-0.09538003849023169
2024-07-17 00:00:00+00:00,0.0,0.056509634742448016,64087.99,3621.588906277661,0.0,-0.014697745325894074,1.6426410809048069,-0.10867591230122242
2024-07-18 00:00:00+00:00,0.0,0.056509634742448016,63987.92,3615.933987128984,0.0,-0.001561447004345129,1.640076183909814,-0.11006766762786024
2024-07-19 00:00:00+00:00,0.0,0.056509634742448016,66660.0,3766.9322519315847,0.0,0.041759132036171875,1.7085643418230847,-0.07290486585707379
2024-07-20 00:00:00+00:00,0.0,0.056509634742448016,67139.96,3794.0546162225705,0.0,0.007200120012001321,1.720866210132437,-0.06622966962870214
2024-07-21 00:00:00+00:00,0.0,0.056509634742448016,68165.34,3851.998465494781,0.0,0.015272276003738927,1.7471477538590878,-0.05196887141916917
2024-07-22 00:00:00+00:00,0.0,0.056509634742448016,67532.01,3816.2092185233464,0.0,-0.009291085469536275,1.7309148547500748,-0.06077710966259464
2024-07-23 00:00:00+00:00,0.0,0.056509634742448016,65936.01,3726.0198414743995,0.0,-0.023633237038257815,1.6900077336947246,-0.08297398686169621
2024-07-24 00:00:00+00:00,0.0,0.056509634742448016,65376.0,3694.3738809222814,0.0,-0.008493234576978481,1.6756541015755475,-0.09076250390447116
2024-07-25 00:00:00+00:00,0.0,0.056509634742448016,65799.95,3718.331140571342,0.0,0.006484795643661334,1.686520375993728,-0.0848662845507373
2024-07-26 00:00:00+00:00,0.0,0.056509634742448016,67907.99,3837.4557109938128,0.0,0.0320371064111753,1.7405516087440545,-0.05554804832843496
2024-07-27 00:00:00+00:00,7.105427357601002e-15,0.057391859294601166,67896.5,3896.706374595888,60.0,-0.00019526906741307304,1.7402117328546307,-0.05573247058025432
2024-07-28 00:00:00+00:00,7.105427357601002e-15,0.057391859294601166,68249.88,3916.9875098334146,0.0,0.005204686544961978,1.7492689894460043,-0.050817854075038804
2024-07-29 00:00:00+00:00,7.105427357601002e-15,0.057391859294601166,66784.69,3832.8975315135576,0.0,-0.02146802309396012,1.711715642383029,-0.0711949183041306
2024-07-30 00:00:00+00:00,7.105427357601002e-15,0.057391859294601166,66188.0,3798.652382991062,0.0,-0.008934532749946156,1.6964222629175627,-0.07949335772485877
2024-07-31 00:00:00+00:00,7.105427357601002e-15,0.057391859294601166,64628.0,3709.1210824914842,0.0,-0.023569227050220576,1.6564389014298098,-0.10118898777787777
2024-08-01 00:00:00+00:00,7.105427357601002e-15,0.057391859294601166,65354.02,3750.78872017655,0.0,0.011233830537847211,1.67504705534477,-0.0910918971810235
2024-08-02 00:00:00+00:00,7.105427357601002e-15,0.057391859294601166,61498.33,3529.50350221295,0.0,-0.05899698289408961,1.5762243328737995,-0.1447147329753341
2024-08-03 00:00:00+00:00,3524.2115847693835,0.0,60697.99,3524.2115847693835,0.0,-0.0014993376377863132,1.5738610404059272,-0.1459970943672283
2024-08-04 00:00:00+00:00,3524.2115847693835,0.0,58161.0,3524.2115847693835,0.0,0.0,1.5738610404059272,-0.1459970943672283
2024-08-05 00:00:00+00:00,3524.2115847693835,0.0,54018.81,3524.2115847693835,0.0,0.0,1.5738610404059272,-0.1459970943672283
2024-08-06 00:00:00+00:00,3524.2115847693835,0.0,56022.01,3524.2115847693835,0.0,0.0,1.5738610404059272,-0.1459970943672283
2024-08-07 00:00:00+00:00,3524.2115847693835,0.0,55134.16,3524.2115847693835,0.0,0.0,1.5738610404059272,-0.1459970943672283
2024-08-08 00:00:00+00:00,3524.2115847693835,0.0,61685.99,3524.2115847693835,0.0,0.0,1.5738610404059272,-0.1459970943672283
2024-08-09 00:00:00+00:00,0.0,0.05704586823852135,60837.99,3470.5559614364793,0.0,-0.015224858678970388,1.5498992284854096,-0.15899916791691726
2024-08-10 00:00:00+00:00,0.0,0.05704586823852135,60923.51,3475.434524088238,0.0,0.0014057006156844576,1.5520779227851405,-0.15781697252946691
2024-08-11 00:00:00+00:00,3470.2231100193676,0.0,58712.59,3470.2231100193676,0.0,-0.001499499999999987,1.5497505819399242,-0.15907982597915904
2024-08-12 00:00:00+00:00,3470.2231100193676,0.0,59346.64,3470.2231100193676,0.0,0.0,1.5497505819399242,-0.15907982597915904
2024-08-13 00:00:00+00:00,3470.2231100193676,0.0,60587.15,3470.2231100193676,0.0,0.0,1.5497505819399242,-0.15907982597915904
2024-08-14 00:00:00+00:00,3470.2231100193676,0.0,58683.39,3470.2231100193676,0.0,0.0,1.5497505819399242,-0.15907982597915904
2024-08-15 00:00:00+00:00,3470.2231100193676,0.0,57541.06,3470.2231100193676,0.0,0.0,1.5497505819399242,-0.15907982597915904
2024-08-16 00:00:00+00:00,3470.2231100193676,0.0,58874.6,3470.2231100193676,0.0,0.0,1.5497505819399242,-0.15907982597915904
2024-08-17 00:00:00+00:00,3470.2231100193676,0.0,59491.99,3470.2231100193676,0.0,0.0,1.5497505819399242,-0.15907982597915904
2024-08-18 00:00:00+00:00,3470.2231100193676,0.0,58427.35,3470.2231100193676,0.0,0.0,1.5497505819399242,-0.15907982597915904
2024-08-19 00:00:00+00:00,3470.2231100193676,0.0,59438.5,3470.2231100193676,0.0,0.0,1.5497505819399242,-0.15907982597915904
2024-08-20 00:00:00+00:00,3470.2231100193676,0.0,59013.8,3470.2231100193676,0.0,0.0,1.5497505819399242,-0.15907982597915904
2024-08-21 00:00:00+00:00,3470.2231100193676,0.0,61156.03,3470.2231100193676,0.0,0.0,1.5497505819399242,-0.15907982597915904
2024-08-22 00:00:00+00:00,3470.2231100193676,0.0,60375.84,3470.2231100193676,0.0,0.0,1.5497505819399242,-0.15907982597915904
2024-08-23 00:00:00+00:00,3470.2231100193676,0.0,64037.24,3470.2231100193676,0.0,0.0,1.5497505819399242,-0.15907982597915904
2024-08-24 00:00:00+00:00,3470.2231100193676,0.0,64157.01,3470.2231100193676,0.0,0.0,1.5497505819399242,-0.15907982597915904
2024-08-25 00:00:00+00:00,3470.2231100193676,0.0,64220.0,3470.2231100193676,0.0,0.0,1.5497505819399242,-0.15907982597915904
2024-08-26 00:00:00+00:00,3470.2231100193676,0.0,62834.0,3470.2231100193676,0.0,0.0,1.5497505819399242,-0.15907982597915904
2024-08-27 00:00:00+00:00,3530.2231100193676,0.0,59415.0,3530.2231100193676,60.0,0.0,1.5497505819399242,-0.15907982597915904
2024-08-28 00:00:00+00:00,3530.2231100193676,0.0,59034.9,3530.2231100193676,0.0,0.0,1.5497505819399242,-0.15907982597915904
2024-08-29 00:00:00+00:00,3530.2231100193676,0.0,59359.01,3530.2231100193676,0.0,0.0,1.5497505819399242,-0.15907982597915904
2024-08-30 00:00:00+00:00,3530.2231100193676,0.0,59123.99,3530.2231100193676,0.0,0.0,1.5497505819399242,-0.15907982597915904
2024-08-31 00:00:00+00:00,3530.2231100193676,0.0,58973.99,3530.2231100193676,0.0,0.0,1.5497505819399242,-0.15907982597915904
2024-09-01 00:00:00+00:00,3530.2231100193676,0.0,57301.86,3530.2231100193676,0.0,0.0,1.5497505819399242,-0.15907982597915904
2024-09-02 00:00:00+00:00,3530.2231100193676,0.0,59132.13,3530.2231100193676,0.0,0.0,1.5497505819399242,-0.15907982597915904
2024-09-03 00:00:00+00:00,3530.2231100193676,0.0,57487.73,3530.2231100193676,0.0,0.0,1.5497505819399242,-0.15907982597915904
2024-09-04 00:00:00+00:00,3530.2231100193676,0.0,57970.9,3530.2231100193676,0.0,0.0,1.5497505819399242,-0.15907982597915904
2024-09-05 00:00:00+00:00,3530.2231100193676,0.0,56180.0,3530.2231100193676,0.0,0.0,1.5497505819399242,-0.15907982597915904
2024-09-06 00:00:00+00:00,3530.2231100193676,0.0,53962.97,3530.2231100193676,0.0,0.0,1.5497505819399242,-0.15907982597915904
2024-09-07 00:00:00+00:00,3530.2231100193676,0.0,54160.86,3530.2231100193676,0.0,0.0,1.5497505819399242,-0.15907982597915904
2024-09-08 00:00:00+00:00,3530.2231100193676,0.0,54869.95,3530.2231100193676,0.0,0.0,1.5497505819399242,-0.15907982597915904
2024-09-09 00:00:00+00:00,3530.2231100193676,0.0,57042.0,3530.2231100193676,0.0,0.0,1.5497505819399242,-0.15907982597915904
2024-09-10 00:00:00+00:00,3530.2231100193676,0.0,57635.99,3530.2231100193676,0.0,0.0,1.5497505819399242,-0.15907982597915904
2024-09-11 00:00:00+00:00,3530.2231100193676,0.0,57338.0,3530.2231100193676,0.0,0.0,1.5497505819399242,-0.15907982597915904
2024-09-12 00:00:00+00:00,3530.2231100193676,0.0,58132.32,3530.2231100193676,0.0,0.0,1.5497505819399242,-0.15907982597915904
2024-09-13 00:00:00+00:00,3530.2231100193676,0.0,60498.0,3530.2231100193676,0.0,0.0,1.5497505819399242,-0.15907982597915904
2024-09-14 00:00:00+00:00,3530.2231100193676,0.0,59993.03,3530.2231100193676,0.0,0.0,1.5497505819399242,-0.15907982597915904
2024-09-15 00:00:00+00:00,3530.2231100193676,0.0,59132.0,3530.2231100193676,0.0,0.0,1.5497505819399242,-0.15907982597915904
2024-09-16 00:00:00+00:00,3530.2231100193676,0.0,58213.99,3530.2231100193676,0.0,0.0,1.5497505819399242,-0.15907982597915904
2024-09-17 00:00:00+00:00,3530.2231100193676,0.0,60313.99,3530.2231100193676,0.0,0.0,1.5497505819399242,-0.15907982597915904
2024-09-18 00:00:00+00:00,3530.2231100193676,0.0,61759.99,3530.2231100193676,0.0,0.0,1.5497505819399242,-0.15907982597915904
2024-09-19 00:00:00+00:00,3530.2231100193676,0.0,62947.99,3530.2231100193676,0.0,0.0,1.5497505819399242,-0.15907982597915904
2024-09-20 00:00:00+00:00,3530.2231100193676,0.0,63201.05,3530.2231100193676,0.0,0.0,1.5497505819399242,-0.15907982597915904
2024-09-21 00:00:00+00:00,3530.2231100193676,0.0,63348.96,3530.2231100193676,0.0,0.0,1.5497505819399242,-0.15907982597915904
2024-09-22 00:00:00+00:00,-4.547473508864641e-13,0.05564311379699538,63578.76,3537.7201777518576,0.0,0.002123680996595434,1.5530417578002527,-0.1572939797859373
2024-09-23 00:00:00+00:00,-4.547473508864641e-13,0.05564311379699538,63339.99,3524.434271470549,0.0,-0.0037554994781275886,1.5472093102893234,-0.16045876180506613
2024-09-24 00:00:00+00:00,-4.547473508864641e-13,0.05564311379699538,64262.7,3575.7767290021743,0.0,0.014567574134444872,1.5697483966184664,-0.14822868257873778
2024-09-25 00:00:00+00:00,-4.547473508864641e-13,0.05564311379699538,63152.01,3513.9744789389897,0.0,-0.017283587524333677,1.5426175128143287,-0.16295034669410524
2024-09-26 00:00:00+00:00,-4.547473508864641e-13,0.05564311379699538,65173.99,3626.483742174238,0.0,0.03201766657941674,1.592008525999187,-0.13614996998414075
2024-09-27 00:00:00+00:00,0.0,0.05656234714280735,65769.95,3720.102743465082,60.0,0.009270412796801297,1.6067671022112266,-0.12814172361136444
2024-09-28 00:00:00+00:00,0.0,0.05656234714280735,65858.0,3725.0830581310065,0.0,0.0013387572896133015,1.6089181733820228,-0.1269745169883395
2024-09-29 00:00:00+00:00,0.0,0.05656234714280735,65602.01,3710.6036628859188,0.0,-0.003886999301527694,1.6026643095658717,-0.13036796643102166
2024-09-30 00:00:00+00:00,0.0,0.05656234714280735,63327.59,3581.957129297375,0.0,-0.03466997428889751,1.5470999791594893,-0.1605180866756598
2024-10-01 00:00:00+00:00,0.0,0.05656234714280735,60805.78,3439.317636649172,0.0,-0.03982166382772501,1.4854918838815196,-0.19394765321751706
2024-10-02 00:00:00+00:00,0.0,0.05656234714280735,60649.28,3430.465629321323,0.0,-0.002573768480562122,1.4816685716926545,-0.19602224534134904
2024-10-03 00:00:00+00:00,0.0,0.05656234714280735,60752.71,3436.315872886303,0.0,0.0017053788602270359,1.484195377952682,-0.19465115867446137
2024-10-04 00:00:00+00:00,0.0,0.05656234714280735,62086.0,3511.729884708337,0.0,0.021946181495442918,1.516767799091929,-0.17697682683558635
2024-10-05 00:00:00+00:00,0.0,0.05656234714280735,62058.0,3510.1461389883384,0.0,-0.00045098734014115127,1.5160837560166047,-0.1773479998673264
2024-10-06 00:00:00+00:00,0.0,0.05656234714280735,62819.91,3553.241556899915,0.0,0.012277385671468632,1.5346973009994693,-0.16724798398829255
2024-10-07 00:00:00+00:00,0.0,0.05656234714280735,62224.0,3519.5354886140444,0.0,-0.009486005312646983,1.5201391542488834,-0.17514747403629705
2024-10-08 00:00:00+00:00,0.0,0.05656234714280735,62160.49,3515.9432139470046,0.0,-0.001020667266649622,1.5185875979733892,-0.17598937400936143
2024-10-09 00:00:00+00:00,0.0,0.05656234714280735,60636.02,3429.715612598209,0.0,-0.02452474232426416,1.4813446284362686,-0.19619802228423744
2024-10-10 00:00:00+00:00,0.0,0.05656234714280735,60326.39,3412.202213052382,0.0,-0.005106370767738344,1.4737803335286754,-0.20030253320629543
2024-10-11 00:00:00+00:00,0.0,0.05656234714280735,62540.0,3537.4091903111716,0.0,0.036693891346722296,1.527859068956113,-0.17095852124951816
2024-10-12 00:00:00+00:00,0.0,0.05656234714280735,63206.22,3575.0921572246525,0.0,0.01065270227054671,1.5441348967290571,-0.1621269892064554
2024-10-13 00:00:00+00:00,0.0,0.05656234714280735,62870.02,3556.0758961152405,0.0,-0.005319096759780928,1.5359214938032009,-0.16658371682327533
2024-10-14 00:00:00+00:00,3550.743560309016,0.0,66083.99,3550.743560309016,0.0,-0.001499499999999876,1.5336183795232432,-0.1678334245398987
2024-10-15 00:00:00+00:00,4.547473508864641e-13,0.0536502580370288,67074.14,3598.5449186117953,0.0,0.01346235161477538,1.5542644893912672,-0.15663050549899127
2024-10-16 00:00:00+00:00,4.547473508864641e-13,0.0536502580370288,67620.01,3627.8309849664683,0.0,0.008138307848598592,1.5669135722840781,-0.14976690492262512
2024-10-17 00:00:00+00:00,4.547473508864641e-13,0.0536502580370288,67421.78,3617.1958943157883,0.0,-0.0029315286998625734,1.5623201201767232,-0.15225938764241742
2024-10-18 00:00:00+00:00,4.547473508864641e-13,0.0536502580370288,68428.0,3671.1798569578073,0.0,0.014924257413553743,1.5856365878126149,-0.1396074885236691
2024-10-19 00:00:00+00:00,4.547473508864641e-13,0.0536502580370288,68378.0,3668.497344055956,0.0,-0.0007306950371192,1.5844779710272257,-0.14023617306177938
2024-10-20 00:00:00+00:00,4.547473508864641e-13,0.0536502580370288,69031.99,3703.5840763095925,0.0,0.00956433355757702,1.5996324468567629,-0.13201310504020336
2024-10-21 00:00:00+00:00,4.547473508864641e-13,0.0536502580370288,67377.5,3614.8202608899087,0.0,-0.023967004283086735,1.5612940491515823,-0.15281615066936793
2024-10-22 00:00:00+00:00,4.547473508864641e-13,0.0536502580370288,67426.0,3617.4222984047046,0.0,0.0007198248673518926,1.5624179074334101,-0.15220632666740086
2024-10-23 00:00:00+00:00,4.547473508864641e-13,0.0536502580370288,66668.65,3576.7902754803604,0.0,-0.011232313944176009,1.5448683389851154,-0.16172901136615891
2024-10-24 00:00:00+00:00,4.547473508864641e-13,0.0536502580370288,68198.28,3658.855319681541,0.0,0.022943767422919148,1.5803134388538214,-0.1424959167655635
2024-10-25 00:00:00+00:00,4.547473508864641e-13,0.0536502580370288,66698.33,3578.3826151389,0.0,-0.02199395644582236,1.5455560939089226,-0.16135582422433659
2024-10-26 00:00:00+00:00,3573.0162947094045,0.0,67092.76,3573.0162947094045,0.0,-0.0014996497039729828,1.5432383011702184,-0.16261349671427727
2024-10-27 00:00:00+00:00,3633.0162947094045,0.0,68021.7,3633.0162947094045,60.0,0.0,1.5432383011702184,-0.16261349671427727
2024-10-28 00:00:00+00:00,4.547473508864641e-13,0.05332965295688746,69962.21,3731.0603793968826,0.0,0.02698696530215261,1.5848856196568522,-0.14001497620561443
2024-10-29 00:00:00+00:00,4.547473508864641e-13,0.05332965295688746,72736.42,3879.008035926409,0.0,0.03965297837218107,1.6477310548554862,-0.10591400865669598
2024-10-30 00:00:00+00:00,4.547473508864641e-13,0.05332965295688746,72344.74,3858.1198774562554,0.0,-0.005384922711345941,1.638858150476005,-0.11072859261737678
2024-10-31 00:00:00+00:00,4.547473508864641e-13,0.05332965295688746,70292.01,3748.6484989420633,0.0,-0.028374281253896405,1.5923567283791582,-0.1359610296414997
2024-11-01 00:00:00+00:00,4.547473508864641e-13,0.05332965295688746,69496.01,3706.198095188381,0.0,-0.011324188908525934,1.5743245799772303,-0.14574557016616763
2024-11-02 00:00:00+00:00,4.547473508864641e-13,0.05332965295688746,69374.74,3699.7308081743,0.0,-0.0017449922664622974,1.5715773957602686,-0.14723623753981874
2024-11-03 00:00:00+00:00,4.547473508864641e-13,0.05332965295688746,68775.99,3667.7996784663633,0.0,-0.008630662976178427,1.5580136409164815,-0.15459615417191042
2024-11-04 00:00:00+00:00,4.547473508864641e-13,0.05332965295688746,67850.01,3618.417486421344,0.0,-0.013463710227944459,1.5370369967239974,-0.16597842657772965
2024-11-05 00:00:00+00:00,4.547473508864641e-13,0.05332965295688746,69372.01,3699.585218221727,0.0,0.022431831623900944,1.5715155518342165,-0.14726979507202032
2024-11-06 00:00:00+00:00,4.547473508864641e-13,0.05332965295688746,75571.99,4030.2279999613706,0.0,0.0893729329739763,1.7119665059158573,-0.07105879562210693
2024-11-07 00:00:00+00:00,4.547473508864641e-13,0.05332965295688746,75857.89,4045.4749477417445,0.0,0.0037831476979763856,1.7184431280617256,-0.06754447384320927
2024-11-08 00:00:00+00:00,4.547473508864641e-13,0.05332965295688746,76509.78,4080.24001520781,0.0,0.008593568843003663,1.7332106873855107,-0.05953135308614166
2024-11-09 00:00:00+00:00,4.547473508864641e-13,0.05332965295688746,76677.46,4089.182331415621,0.0,0.0021916152418683943,1.7370092183453538,-0.05747020766506594
2024-11-10 00:00:00+00:00,4.547473508864641e-13,0.05332965295688746,80370.01,4286.104741441575,0.0,0.04815691599591321,1.8206582253573378,-0.012080879631947039
2024-11-11 00:00:00+00:00,4.547473508864641e-13,0.05332965295688746,88647.99,4727.566542025632,0.0,0.10299836966550124,2.0081830542872283,0.0
2024-11-12 00:00:00+00:00,4.547473508864641e-13,0.05332965295688746,87952.01,4690.450170160695,0.0,-0.007851052234800204,1.9924167042309786,-0.007851052234800204
2024-11-13 00:00:00+00:00,4.547473508864641e-13,0.05332965295688746,90375.2,4819.678051909295,0.0,0.027551274837266382,2.0473103244396067,0.0
2024-11-14 00:00:00+00:00,4.547473508864641e-13,0.05332965295688746,87325.59,4657.043408955442,0.0,-0.03374388106471682,1.9782261283491498,-0.03374388106471682
2024-11-15 00:00:00+00:00,4.547473508864641e-13,0.05332965295688746,91032.07,4854.708701047088,0.0,0.04244437398018186,2.0621906979581683,0.0
2024-11-16 00:00:00+00:00,4.547473508864641e-13,0.05332965295688746,90586.92,4830.969006033329,0.0,-0.004890034907478302,2.0521065134592757,-0.004890034907478302
2024-11-17 00:00:00+00:00,4.547473508864641e-13,0.05332965295688746,89855.99,4791.988762797551,0.0,-0.008068824947354392,2.035548425228847,-0.012919403019177822
2024-11-18 00:00:00+00:00,4.547473508864641e-13,0.05332965295688746,90464.08,4824.4179914641045,0.0,0.006767384122082332,2.0493237633214707,-0.006239449459954138
2024-11-19 00:00:00+00:00,4.547473508864641e-13,0.05332965295688746,92310.79,4922.902394876117,0.0,0.020413737695668566,2.0911581210794155,0.0
2024-11-20 00:00:00+00:00,4.547473508864641e-13,0.05332965295688746,94286.56,5028.269523298748,0.0,0.021403456735664683,2.1359161334513725,0.0
2024-11-21 00:00:00+00:00,4.547473508864641e-13,0.05332965295688746,98317.12,5243.21788932066,0.0,0.04274798019993509,2.227222234032874,0.0
2024-11-22 00:00:00+00:00,4.547473508864641e-13,0.05332965295688746,98892.0,5273.876040212515,0.0,0.005847201382627842,2.24024525095913,0.0
2024-11-23 00:00:00+00:00,4.547473508864641e-13,0.05332965295688746,97672.4,5208.835195466296,0.0,-0.012332645714516755,2.2126170999654224,-0.012332645714516755
2024-11-24 00:00:00+00:00,4.547473508864641e-13,0.05332965295688746,97900.04,5220.975157665402,0.0,0.002330648166728677,2.2177739319531296,-0.010030740605913468
2024-11-25 00:00:00+00:00,4.547473508864641e-13,0.05332965295688746,93010.01,4960.191554816633,0.0,-0.04994921350389658,2.1069978683226265,-0.059478926505683094
2024-11-26 00:00:00+00:00,4.547473508864641e-13,0.05332965295688746,91965.16,4904.470066924629,0.0,-0.011233737099910046,2.083328408199819,-0.07004449298224347
2024-11-27 00:00:00+00:00,-7.105427357601002e-15,0.053981096447961875,95863.11,5174.795786711578,60.0,0.04288449453598875,2.1726708939379344,-0.030163821122827783
2024-11-28 00:00:00+00:00,-7.105427357601002e-15,0.053981096447961875,95643.98,5162.966909046936,0.0,-0.002285863665387078,2.1677044644846375,-0.032380734405501044
2024-11-29 00:00:00+00:00,-7.105427357601002e-15,0.053981096447961875,97460.0,5260.997659818364,0.0,0.018987290156683212,2.208863298125745,-0.014008266648461554
2024-11-30 00:00:00+00:00,-7.105427357601002e-15,0.053981096447961875,96407.99,5204.209006544144,0.0,-0.010794274574184137,2.1850202211889376,-0.02465133214613391
2024-12-01 00:00:00+00:00,-7.105427357601002e-15,0.053981096447961875,97185.18,5246.162574892535,0.0,0.008061468764155144,2.2026346934510994,-0.016788589326069747
2024-12-02 00:00:00+00:00,-7.105427357601002e-15,0.053981096447961875,95840.62,5173.581751852464,0.0,-0.01383503122595442,2.172161173687833,-0.03039134989445813
2024-12-03 00:00:00+00:00,-7.105427357601002e-15,0.053981096447961875,95849.69,5174.071360397247,0.0,9.463628261174861e-05,2.172366738946544,-0.030299589736224042
2024-12-04 00:00:00+00:00,-7.105427357601002e-15,0.053981096447961875,98587.32,5321.851629466081,0.0,0.02856169905192174,2.23441322397474,-0.002603298447745095
2024-12-05 00:00:00+00:00,-7.105427357601002e-15,0.053981096447961875,96945.63,5233.2314032384265,0.0,-0.016652141472148774,2.197205458861873,-0.019212089425847734
2024-12-06 00:00:00+00:00,-7.105427357601002e-15,0.053981096447961875,99740.84,5384.119903840734,0.0,0.028832759145512865,2.2605569546504434,0.0
2024-12-07 00:00:00+00:00,-7.105427357601002e-15,0.053981096447961875,99831.99,5389.0402807819655,0.0,0.0009138683812970338,2.2626228061754197,0.0
2024-12-08 00:00:00+00:00,-7.105427357601002e-15,0.053981096447961875,101109.59,5458.006529603881,0.0,0.012797501081567075,2.291578723984628,0.0
2024-12-09 00:00:00+00:00,-7.105427357601002e-15,0.053981096447961875,97276.47,5251.09050918727,0.0,-0.03791054834660079,2.2047037179789672,-0.03791054834660079
2024-12-10 00:00:00+00:00,-7.105427357601002e-15,0.053981096447961875,96593.0,5214.196049197982,0.0,-0.007026056763778543,2.1892133445091333,-0.04467024344575021
2024-12-11 00:00:00+00:00,-7.105427357601002e-15,0.053981096447961875,101125.0,5458.8383783001445,0.0,0.046918513763937186,2.29192798094568,0.0
2024-12-12 00:00:00+00:00,-7.105427357601002e-15,0.053981096447961875,100004.29,5398.341223699949,0.0,-0.011082422744128517,2.266527866161743,-0.011082422744128517
2024-12-13 00:00:00+00:00,-7.105427357601002e-15,0.053981096447961875,101424.25,5474.992221412197,0.0,0.014198990863292016,2.2987102746247707,0.0
2024-12-14 00:00:00+00:00,-7.105427357601002e-15,0.053981096447961875,101420.0,5474.762801752293,0.0,-4.19031937628489e-05,2.2986139513227286,-4.190319376273788e-05
2024-12-15 00:00:00+00:00,-7.105427357601002e-15,0.053981096447961875,104463.99,5639.080719528925,0.0,0.030013705383553635,2.367603873248255,0.0
2024-12-16 00:00:00+00:00,-7.105427357601002e-15,0.053981096447961875,106058.66,5725.162754601596,0.0,0.01526526030644626,2.40374596267594,0.0
2024-12-17 00:00:00+00:00,-7.105427357601002e-15,0.053981096447961875,106133.74,5729.21565532291,0.0,0.0007079101319968917,2.405447598797665,0.0
2024-12-18 00:00:00+00:00,-7.105427357601002e-15,0.053981096447961875,100204.01,5409.122328282536,0.0,-0.05587035753192171,2.2710543814285367,-0.05587035753192171
2024-12-19 00:00:00+00:00,-7.105427357601002e-15,0.053981096447961875,97461.86,5261.098064657757,0.0,-0.027365671293993143,2.2089054537355803,-0.08170709898661854
2024-12-20 00:00:00+00:00,-7.105427357601002e-15,0.053981096447961875,97805.44,5279.644889775348,0.0,0.0035252764517319513,2.216692456115737,-0.07846986264688327
2024-12-21 00:00:00+00:00,-7.105427357601002e-15,0.053981096447961875,97291.99,5251.928295804142,0.0,-0.005249707991702657,2.205055468013719,-0.08330762677354075
2024-12-22 00:00:00+00:00,-7.105427357601002e-15,0.053981096447961875,95186.27,5138.2592213917405,0.0,-0.021643302804269737,2.1573307848192873,-0.10314787738564579
2024-12-23 00:00:00+00:00,-7.105427357601002e-15,0.053981096447961875,94881.47,5121.805783194402,0.0,-0.003202142493870186,2.150422704239883,-0.10601972567818685
2024-12-24 00:00:00+00:00,-7.105427357601002e-15,0.053981096447961875,98663.58,5325.968227881202,0.0,0.03986141867321402,2.2361416039779742,-0.07038440367785037
2024-12-25 00:00:00+00:00,-7.105427357601002e-15,0.053981096447961875,99429.6,5367.318827382271,0.0,0.0077639591022342636,2.2535029159380637,-0.06316690620720611
2024-12-26 00:00:00+00:00,-7.105427357601002e-15,0.053981096447961875,95791.6,5170.935598504585,0.0,-0.03658870195595687,2.1710501693899262,-0.09744441305846763
2024-12-27 00:00:00+00:00,0.0,0.05460651772589873,94299.03,5149.341653230056,60.0,-0.015779338906894425,2.136792432983252,-0.11168614354712902
2024-12-28 00:00:00+00:00,0.0,0.05460651772589873,95300.0,5204.001139278149,0.0,0.010614849378620228,2.159474162812745,-0.10225682575994044
2024-12-29 00:00:00+00:00,0.0,0.05460651772589873,93738.2,5118.716679893841,0.0,-0.01638824763903457,2.124084165462473,-0.1169692632156395
2024-12-30 00:00:00+00:00,0.0,0.05460651772589873,92792.05,5067.050723147481,0.0,-0.010093537106537154,2.1026446431209695,-0.1258821667235852
2024-12-31 00:00:00+00:00,0.0,0.05460651772589873,93576.0,5109.859502718699,0.0,0.008448460832582105,2.1204087540332157,-0.1184972164460878
2025-01-01 00:00:00+00:00,0.0,0.05460651772589873,94591.79,5165.32825735949,0.0,0.010855240659998211,2.143426301355813,-0.10892829158815187
2025-01-02 00:00:00+00:00,0.0,0.05460651772589873,96984.79,5296.001654277566,0.0,0.025298178626284695,2.1976510827997893,-0.08638580033992027
2025-01-03 00:00:00+00:00,0.0,0.05460651772589873,98174.18,5360.950100395572,0.0,0.012263675572221189,2.2246023627001863,-0.07518153219711454
2025-01-04 00:00:00+00:00,0.0,0.05460651772589873,98220.5,5363.479474296636,0.0,0.0004718144831972193,2.225651962314263,-0.0747451894496769
2025-01-05 00:00:00+00:00,0.0,0.05460651772589873,98363.61,5371.29421304839,0.0,0.0014570278098768874,2.228894799118462,-0.07339706745948271
2025-01-06 00:00:00+00:00,0.0,0.05460651772589873,102235.6,5582.730103617892,0.0,0.039364049367443865,2.3166331240258,-0.03692222387893962
2025-01-07 00:00:00+00:00,0.0,0.05460651772589873,96954.61,5294.353629572598,0.0,-0.05165509861535522,2.1969672115486487,-0.08667010137872999
2025-01-08 00:00:00+00:00,0.0,0.05460651772589873,95060.61,5190.9288849997465,0.0,-0.019534914327436148,2.1540496452908595,-0.10451192270098242
2025-01-09 00:00:00+00:00,0.0,0.05460651772589873,92552.49,5053.969185761065,0.0,-0.02638442989162393,2.0972162734416053,-0.1281388650952635
2025-01-10 00:00:00+00:00,0.0,0.05460651772589873,94726.11,5172.663004820433,0.0,0.02348526765730452,2.1464699589586362,-0.10766297298202443
2025-01-11 00:00:00+00:00,0.0,0.05460651772589873,94599.99,5165.776030804843,0.0,-0.0013314174940785017,2.1436121113047646,-0.1088510461104103
2025-01-12 00:00:00+00:00,0.0,0.05460651772589873,94545.06,5162.776494786159,0.0,-0.0005806554525006336,2.142367411244289,-0.10936849660947656
2025-01-13 00:00:00+00:00,0.0,0.05460651772589873,94536.1,5162.287220387335,0.0,-9.476962625010188e-05,2.142164379885435,-0.10945290142417952
2025-01-14 00:00:00+00:00,0.0,0.05460651772589873,96560.86,5272.852313218025,0.0,0.021417849900725594,2.188044935036502,-0.09037929733735584
2025-01-15 00:00:00+00:00,0.0,0.05460651772589873,100497.35,5487.810324180849,0.0,0.04076693186038338,2.2772448138105923,-0.05329685213311375
2025-01-16 00:00:00+00:00,0.0,0.05460651772589873,99987.3,5459.958269814754,0.0,-0.005075258203325883,2.265687208388319,-0.05810161505043954
2025-01-17 00:00:00+00:00,0.0,0.05460651772589873,104077.48,5683.30875648687,0.0,0.04090699518838892,2.358369664120254,-0.019571382349356625
2025-01-18 00:00:00+00:00,0.0,0.05460651772589873,104556.23,5709.451626848145,0.0,0.0045999384304846735,2.36921801937153,-0.015061471072678412
2025-01-19 00:00:00+00:00,0.0,0.05460651772589873,101331.57,5533.3641733981485,0.0,-0.030841395103859415,2.2961480303489097,-0.04543834939633995
2025-01-20 00:00:00+00:00,0.0,0.05460651772589873,102260.01,5584.063048715581,0.0,0.009162396279856155,2.3171862485201777,-0.0366922772799555
2025-01-21 00:00:00+00:00,0.0,0.05460651772589873,106143.82,5796.144388324605,0.0,0.03797975376689289,2.4051924116710044,-0.00010608716930193829
2025-01-22 00:00:00+00:00,0.0,0.05460651772589873,103706.66,5663.059567583753,0.0,-0.022960922265658157,2.3499669756726758,-0.023064573575712233
2025-01-23 00:00:00+00:00,0.0,0.05460651772589873,103910.34,5674.181823114163,0.0,0.0019640011547954472,2.354582313526628,-0.021145871270054406
2025-01-24 00:00:00+00:00,0.0,0.05460651772589873,104870.5,5726.612817173863,0.0,0.009240273874573157,2.37633929896384,-0.012100991037332975
2025-01-25 00:00:00+00:00,0.0,0.05460651772589873,104746.85,5719.860721257056,0.0,-0.0011790732379457491,2.373537420892153,-0.013265796320594103
2025-01-26 00:00:00+00:00,0.0,0.05460651772589873,102620.0,5603.720849031728,0.0,-0.020304667873067395,2.3253435318766407,-0.03330110660530017
2025-01-27 00:00:00+00:00,0.0,0.055190323017747914,102082.83,5633.984362265847,60.0,-0.005306561045241742,2.3130039544735794,-0.03843095329546664
2025-01-28 00:00:00+00:00,0.0,0.055190323017747914,101335.52,5592.740081971454,0.0,-0.0073206238502596666,2.2960713225587153,-0.04547023859244326
2025-01-29 00:00:00+00:00,0.0,0.055190323017747914,103733.24,5725.071023277569,0.0,0.023661199942527578,2.350399125204081,-0.022884919056685993
2025-01-30 00:00:00+00:00,0.0,0.055190323017747914,104722.94,5779.692885968234,0.0,0.00954081835292131,2.372823856314518,-0.013562441559505811
2025-01-31 00:00:00+00:00,0.0,0.055190323017747914,102429.56,5653.120502965791,0.0,-0.021899499765762886,2.3208602008289616,-0.03516493063951309
2025-02-01 00:00:00+00:00,0.0,0.055190323017747914,100635.65,5554.114030601023,0.0,-0.01751359666096397,2.2802135913651593,-0.052062662888645916
2025-02-02 00:00:00+00:00,0.0,0.055190323017747914,97700.59,5392.127121124551,0.0,-0.029165211334154506,2.213710680085983,-0.07970945565703424
2025-02-03 00:00:00+00:00,0.0,0.055190323017747914,101328.52,5592.35374971033,0.0,0.03713314320824468,2.2959127157912365,-0.04553617508075347
2025-02-04 00:00:00+00:00,0.0,0.055190323017747914,97763.13,5395.578723926082,0.0,-0.03518644109279401,2.2151277182628513,-0.0791203602314774
2025-02-05 00:00:00+00:00,0.0,0.055190323017747914,96612.43,5332.071219229559,0.0,-0.01177028599636698,2.1890550315004176,-0.0899593769597844
2025-02-06 00:00:00+00:00,0.0,0.055190323017747914,96554.35,5328.865765268689,0.0,-0.0006011648811646841,2.1877390484925425,-0.0905064614227894
2025-02-07 00:00:00+00:00,0.0,0.055190323017747914,96506.8,5326.2414654091945,0.0,-0.0004924687494660684,2.186661655379173,-0.09095435856838008
2025-02-08 00:00:00+00:00,0.0,0.055190323017747914,96444.74,5322.816353962713,0.0,-0.0006430634939713631,2.1852554930949317,-0.09153893263473856
2025-02-09 00:00:00+00:00,0.0,0.055190323017747914,96462.75,5323.810331680263,0.0,0.00018673905907151678,2.185663565649543,-0.09136928746981576
2025-02-10 00:00:00+00:00,0.0,0.055190323017747914,97430.82,5377.238427684054,0.0,0.010035687350816724,2.207598201848473,-0.08225055372151302
2025-02-11 00:00:00+00:00,0.0,0.055190323017747914,95778.2,5286.029796058463,0.0,-0.016961983897908373,2.170152956695668,-0.09781740505160297
2025-02-12 00:00:00+00:00,0.0,0.055190323017747914,97869.99,5401.476361843758,0.0,0.021839938524633062,2.217548963858952,-0.07811379263993601
2025-02-13 00:00:00+00:00,0.0,0.055190323017747914,96608.14,5331.834452743813,0.0,-0.0128931248485874,2.188957828210063,-0.08999978660762009
2025-02-14 00:00:00+00:00,0.0,0.055190323017747914,97500.48,5381.08298558547,0.0,0.009236695789816451,2.2091765657659765,-0.08159439146784664
2025-02-15 00:00:00+00:00,0.0,0.055190323017747914,97569.66,5384.901052131838,0.0,0.0007095349684431707,2.2107440537908527,-0.08094275057337874
2025-02-16 00:00:00+00:00,0.0,0.055190323017747914,96118.12,5304.790090658656,0.0,-0.014876960727340904,2.177854901324404,-0.0946155291792764
2025-02-17 00:00:00+00:00,0.0,0.055190323017747914,95780.0,5286.129138639895,0.0,-0.0035177550289163806,2.1701937412930197,-0.0978004499546089
2025-02-18 00:00:00+00:00,0.0,0.055190323017747914,95671.74,5280.154234269994,0.0,-0.0011302986009604776,2.167740774343423,-0.09882020484381238
2025-02-19 00:00:00+00:00,0.0,0.055190323017747914,96644.37,5333.833998146746,0.0,0.01016632497746972,2.18977873152231,-0.08965851818312509
2025-02-20 00:00:00+00:00,5325.835914066524,0.0,98305.0,5325.835914066524,0.0,-0.001499500000000098,2.186495158314392,-0.09102357523510951
2025-02-21 00:00:00+00:00,5325.835914066524,0.0,96181.98,5325.835914066524,0.0,0.0,2.186495158314392,-0.09102357523510951
2025-02-22 00:00:00+00:00,5325.835914066524,0.0,96551.01,5325.835914066524,0.0,0.0,2.186495158314392,-0.09102357523510951
2025-02-23 00:00:00+00:00,5325.835914066524,0.0,96258.0,5325.835914066524,0.0,0.0,2.186495158314392,-0.09102357523510951
2025-02-24 00:00:00+00:00,0.0,0.05524586497156227,91552.88,5057.9180462376435,0.0,-0.05030531772885827,2.0765028246627764,-0.13674992309094902
2025-02-25 00:00:00+00:00,5050.3336981273105,0.0,88680.4,5050.3336981273105,0.0,-0.001499499999999876,2.073389108677195,-0.13804436658127395
2025-02-26 00:00:00+00:00,5050.3336981273105,0.0,84250.09,5050.3336981273105,0.0,0.0,2.073389108677195,-0.13804436658127395
2025-02-27 00:00:00+00:00,5110.3336981273105,0.0,84708.58,5110.3336981273105,60.0,0.0,2.073389108677195,-0.13804436658127395
2025-02-28 00:00:00+00:00,5110.3336981273105,0.0,84349.94,5110.3336981273105,0.0,0.0,2.073389108677195,-0.13804436658127395
2025-03-01 00:00:00+00:00,5110.3336981273105,0.0,86064.53,5110.3336981273105,0.0,0.0,2.073389108677195,-0.13804436658127395
2025-03-02 00:00:00+00:00,5110.3336981273105,0.0,94270.0,5110.3336981273105,0.0,0.0,2.073389108677195,-0.13804436658127395
2025-03-03 00:00:00+00:00,5110.3336981273105,0.0,86220.61,5110.3336981273105,0.0,0.0,2.073389108677195,-0.13804436658127395
2025-03-04 00:00:00+00:00,5110.3336981273105,0.0,87281.98,5110.3336981273105,0.0,0.0,2.073389108677195,-0.13804436658127395
2025-03-05 00:00:00+00:00,5110.3336981273105,0.0,90606.01,5110.3336981273105,0.0,0.0,2.073389108677195,-0.13804436658127395
2025-03-06 00:00:00+00:00,5110.3336981273105,0.0,89931.89,5110.3336981273105,0.0,0.0,2.073389108677195,-0.13804436658127395
2025-03-07 00:00:00+00:00,5110.3336981273105,0.0,86801.75,5110.3336981273105,0.0,0.0,2.073389108677195,-0.13804436658127395
2025-03-08 00:00:00+00:00,5110.3336981273105,0.0,86222.45,5110.3336981273105,0.0,0.0,2.073389108677195,-0.13804436658127395
2025-03-09 00:00:00+00:00,5110.3336981273105,0.0,80734.37,5110.3336981273105,0.0,0.0,2.073389108677195,-0.13804436658127395
2025-03-10 00:00:00+00:00,5110.3336981273105,0.0,78595.86,5110.3336981273105,0.0,0.0,2.073389108677195,-0.13804436658127395
2025-03-11 00:00:00+00:00,5110.3336981273105,0.0,82932.99,5110.3336981273105,0.0,0.0,2.073389108677195,-0.13804436658127395
2025-03-12 00:00:00+00:00,5110.3336981273105,0.0,83680.12,5110.3336981273105,0.0,0.0,2.073389108677195,-0.13804436658127395
2025-03-13 00:00:00+00:00,5110.3336981273105,0.0,81115.78,5110.3336981273105,0.0,0.0,2.073389108677195,-0.13804436658127395
2025-03-14 00:00:00+00:00,5110.3336981273105,0.0,83983.2,5110.3336981273105,0.0,0.0,2.073389108677195,-0.13804436658127395
2025-03-15 00:00:00+00:00,5110.3336981273105,0.0,84338.44,5110.3336981273105,0.0,0.0,2.073389108677195,-0.13804436658127395
2025-03-16 00:00:00+00:00,5110.3336981273105,0.0,82574.53,5110.3336981273105,0.0,0.0,2.073389108677195,-0.13804436658127395
2025-03-17 00:00:00+00:00,5110.3336981273105,0.0,84010.03,5110.3336981273105,0.0,0.0,2.073389108677195,-0.13804436658127395
2025-03-18 00:00:00+00:00,5110.3336981273105,0.0,82715.03,5110.3336981273105,0.0,0.0,2.073389108677195,-0.13804436658127395
2025-03-19 00:00:00+00:00,5110.3336981273105,0.0,86845.94,5110.3336981273105,0.0,0.0,2.073389108677195,-0.13804436658127395
2025-03-20 00:00:00+00:00,5110.3336981273105,0.0,84223.39,5110.3336981273105,0.0,0.0,2.073389108677195,-0.13804436658127395
2025-03-21 00:00:00+00:00,5110.3336981273105,0.0,84088.79,5110.3336981273105,0.0,0.0,2.073389108677195,-0.13804436658127395
2025-03-22 00:00:00+00:00,5110.3336981273105,0.0,83840.59,5110.3336981273105,0.0,0.0,2.073389108677195,-0.13804436658127395
2025-03-23 00:00:00+00:00,5110.3336981273105,0.0,86082.5,5110.3336981273105,0.0,0.0,2.073389108677195,-0.13804436658127395
2025-03-24 00:00:00+00:00,5110.3336981273105,0.0,87498.16,5110.3336981273105,0.0,0.0,2.073389108677195,-0.13804436658127395
2025-03-25 00:00:00+00:00,5110.3336981273105,0.0,87392.87,5110.3336981273105,0.0,0.0,2.073389108677195,-0.13804436658127395
2025-03-26 00:00:00+00:00,5110.3336981273105,0.0,86909.17,5110.3336981273105,0.0,0.0,2.073389108677195,-0.13804436658127395
2025-03-27 00:00:00+00:00,5170.3336981273105,0.0,87232.01,5170.3336981273105,60.0,0.0,2.073389108677195,-0.13804436658127395
2025-03-28 00:00:00+00:00,5170.3336981273105,0.0,84424.38,5170.3336981273105,0.0,0.0,2.073389108677195,-0.13804436658127395
2025-03-29 00:00:00+00:00,5170.3336981273105,0.0,82648.54,5170.3336981273105,0.0,0.0,2.073389108677195,-0.13804436658127395
2025-03-30 00:00:00+00:00,5170.3336981273105,0.0,82389.99,5170.3336981273105,0.0,0.0,2.073389108677195,-0.13804436658127395
2025-03-31 00:00:00+00:00,5170.3336981273105,0.0,82550.01,5170.3336981273105,0.0,0.0,2.073389108677195,-0.13804436658127395
2025-04-01 00:00:00+00:00,5170.3336981273105,0.0,85158.34,5170.3336981273105,0.0,0.0,2.073389108677195,-0.13804436658127395
2025-04-02 00:00:00+00:00,5170.3336981273105,0.0,82516.29,5170.3336981273105,0.0,0.0,2.073389108677195,-0.13804436658127395
2025-04-03 00:00:00+00:00,5170.3336981273105,0.0,83213.09,5170.3336981273105,0.0,0.0,2.073389108677195,-0.13804436658127395
2025-04-04 00:00:00+00:00,5170.3336981273105,0.0,83889.87,5170.3336981273105,0.0,0.0,2.073389108677195,-0.13804436658127395
2025-04-05 00:00:00+00:00,5170.3336981273105,0.0,83537.99,5170.3336981273105,0.0,0.0,2.073389108677195,-0.13804436658127395
2025-04-06 00:00:00+00:00,5170.3336981273105,0.0,78430.0,5170.3336981273105,0.0,0.0,2.073389108677195,-0.13804436658127395
2025-04-07 00:00:00+00:00,5170.3336981273105,0.0,79163.24,5170.3336981273105,0.0,0.0,2.073389108677195,-0.13804436658127395
2025-04-08 00:00:00+00:00,5170.3336981273105,0.0,76322.42,5170.3336981273105,0.0,0.0,2.073389108677195,-0.13804436658127395
2025-04-09 00:00:00+00:00,5170.3336981273105,0.0,82615.22,5170.3336981273105,0.0,0.0,2.073389108677195,-0.13804436658127395
2025-04-10 00:00:00+00:00,5170.3336981273105,0.0,79607.3,5170.3336981273105,0.0,0.0,2.073389108677195,-0.13804436658127395
2025-04-11 00:00:00+00:00,5170.3336981273105,0.0,83423.84,5170.3336981273105,0.0,0.0,2.073389108677195,-0.13804436658127395
2025-04-12 00:00:00+00:00,5170.3336981273105,0.0,85276.9,5170.3336981273105,0.0,0.0,2.073389108677195,-0.13804436658127395
2025-04-13 00:00:00+00:00,5170.3336981273105,0.0,83760.0,5170.3336981273105,0.0,0.0,2.073389108677195,-0.13804436658127395
2025-04-14 00:00:00+00:00,5170.3336981273105,0.0,84591.58,5170.3336981273105,0.0,0.0,2.073389108677195,-0.13804436658127395
2025-04-15 00:00:00+00:00,5170.3336981273105,0.0,83643.99,5170.3336981273105,0.0,0.0,2.073389108677195,-0.13804436658127395
2025-04-16 00:00:00+00:00,5170.3336981273105,0.0,84030.38,5170.3336981273105,0.0,0.0,2.073389108677195,-0.13804436658127395
2025-04-17 00:00:00+00:00,5170.3336981273105,0.0,84947.91,5170.3336981273105,0.0,0.0,2.073389108677195,-0.13804436658127395
2025-04-18 00:00:00+00:00,5170.3336981273105,0.0,84474.69,5170.3336981273105,0.0,0.0,2.073389108677195,-0.13804436658127395
2025-04-19 00:00:00+00:00,5170.3336981273105,0.0,85077.01,5170.3336981273105,0.0,0.0,2.073389108677195,-0.13804436658127395
2025-04-20 00:00:00+00:00,5170.3336981273105,0.0,85179.24,5170.3336981273105,0.0,0.0,2.073389108677195,-0.13804436658127395
2025-04-21 00:00:00+00:00,5170.3336981273105,0.0,87516.23,5170.3336981273105,0.0,0.0,2.073389108677195,-0.13804436658127395
2025-04-22 00:00:00+00:00,5170.3336981273105,0.0,93442.99,5170.3336981273105,0.0,0.0,2.073389108677195,-0.13804436658127395
2025-04-23 00:00:00+00:00,5170.3336981273105,0.0,93691.08,5170.3336981273105,0.0,0.0,2.073389108677195,-0.13804436658127395
2025-04-24 00:00:00+00:00,5170.3336981273105,0.0,93980.47,5170.3336981273105,0.0,0.0,2.073389108677195,-0.13804436658127395
2025-04-25 00:00:00+00:00,5170.3336981273105,0.0,94638.68,5170.3336981273105,0.0,0.0,2.073389108677195,-0.13804436658127395
2025-04-26 00:00:00+00:00,5170.3336981273105,0.0,94628.0,5170.3336981273105,0.0,0.0,2.073389108677195,-0.13804436658127395
2025-04-27 00:00:00+00:00,5230.3336981273105,0.0,93749.3,5230.3336981273105,60.0,0.0,2.073389108677195,-0.13804436658127395
2025-04-28 00:00:00+00:00,5230.3336981273105,0.0,95011.18,5230.3336981273105,0.0,0.0,2.073389108677195,-0.13804436658127395
2025-04-29 00:00:00+00:00,5230.3336981273105,0.0,94256.82,5230.3336981273105,0.0,0.0,2.073389108677195,-0.13804436658127395
2025-04-30 00:00:00+00:00,5230.3336981273105,0.0,94172.0,5230.3336981273105,0.0,0.0,2.073389108677195,-0.13804436658127395
2025-05-01 00:00:00+00:00,5230.3336981273105,0.0,96489.91,5230.3336981273105,0.0,0.0,2.073389108677195,-0.13804436658127395
2025-05-02 00:00:00+00:00,5230.3336981273105,0.0,96887.14,5230.3336981273105,0.0,0.0,2.073389108677195,-0.13804436658127395
2025-05-03 00:00:00+00:00,5230.3336981273105,0.0,95856.42,5230.3336981273105,0.0,0.0,2.073389108677195,-0.13804436658127395
2025-05-04 00:00:00+00:00,5230.3336981273105,0.0,94277.62,5230.3336981273105,0.0,0.0,2.073389108677195,-0.13804436658127395
2025-05-05 00:00:00+00:00,5230.3336981273105,0.0,94733.68,5230.3336981273105,0.0,0.0,2.073389108677195,-0.13804436658127395
2025-05-06 00:00:00+00:00,5230.3336981273105,0.0,96834.02,5230.3336981273105,0.0,0.0,2.073389108677195,-0.13804436658127395
2025-05-07 00:00:00+00:00,0.0,0.05393246444655855,97030.5,5233.0939914818,0.0,0.0005277470834179621,2.07448333373209,-0.1375894720097015
2025-05-08 00:00:00+00:00,0.0,0.05393246444655855,103261.6,5569.152570694751,0.0,0.06421795208723036,2.207702405063455,-0.08220723404369756
2025-05-09 00:00:00+00:00,0.0,0.05393246444655855,102971.99,5553.533189666383,0.0,-0.002804624371499309,2.2015106290931965,-0.08478129800308432
2025-05-10 00:00:00+00:00,0.0,0.05393246444655855,104809.53,5652.636250385512,0.0,0.017845046988020696,2.2407966897139917,-0.06844917726163402
2025-05-11 00:00:00+00:00,0.0,0.05393246444655855,104118.0,5615.340333246783,0.0,-0.006597968715249425,2.2260119832580245,-0.07459552044672646
2025-05-12 00:00:00+00:00,0.0,0.05393246444655855,102791.32,5543.789211314824,0.0,-0.01274208110028996,2.1976479580371335,-0.08638709937576594
2025-05-13 00:00:00+00:00,0.0,0.05393246444655855,104103.72,5614.5701776544865,0.0,0.01276761500873791,2.2257066810900907,-0.07472244159357933
2025-05-14 00:00:00+00:00,0.0,0.05393246444655855,103507.82,5582.431822090783,0.0,-0.005724099004339123,2.212966515692912,-0.0800188219443908
2025-05-15 00:00:00+00:00,0.0,0.05393246444655855,103763.71,5596.232600418012,0.0,0.0024721803627976158,2.218437368056537,-0.07774446254185818
2025-05-16 00:00:00+00:00,0.0,0.05393246444655855,103463.9,5580.06310825229,0.0,-0.002889353127408456,2.212027519109183,-0.0804091844632826
2025-05-17 00:00:00+00:00,0.0,0.05393246444655855,103126.65,5561.874384617688,0.0,-0.00325959102643536,2.204817214057667,-0.0834066744335984
2025-05-18 00:00:00+00:00,0.0,0.05393246444655855,106454.26,5741.3405926347,0.0,0.0322672170578604,2.275960529676573,-0.05383075864376119
2025-05-19 00:00:00+00:00,0.0,0.05393246444655855,105573.74,5693.851979040217,0.0,-0.00827134583435174,2.2571352730302836,-0.06165685165684487
2025-05-20 00:00:00+00:00,0.0,0.05393246444655855,106849.99,5762.683286790138,0.0,0.012088706907607882,2.2844211197967703,-0.05031349635776239
2025-05-21 00:00:00+00:00,0.0,0.05393246444655855,109643.99,5913.370592453822,0.0,0.02614880918566298,2.3441560117580345,-0.025480325187822173
2025-05-22 00:00:00+00:00,0.0,0.05393246444655855,111696.21,6024.051874640339,0.0,0.018717122570968137,2.3880318671555814,-0.007240120986542586
2025-05-23 00:00:00+00:00,0.0,0.05393246444655855,107318.3,5787.940399215105,0.0,-0.03919479452346697,2.2944334488069273,-0.04615114045561697
2025-05-24 00:00:00+00:00,0.0,0.05393246444655855,107761.91,5811.865379768243,0.0,0.004133591381898505,2.3039176991372554,-0.04220831903017053
2025-05-25 00:00:00+00:00,0.0,0.05393246444655855,109004.19,5878.864601700913,0.0,0.011528006509906819,2.330477277371199,-0.031166890296815852
2025-05-26 00:00:00+00:00,0.0,0.05393246444655855,109434.79,5902.087920891601,0.0,0.003950306864350717,2.3396833777572117,-0.02733970221314519
2025-05-27 00:00:00+00:00,7.105427357601002e-15,0.054479914762514924,108938.17,5934.942215984361,60.0,-0.004599339296717853,2.3289223800560155,-0.03181329694311352
2025-05-28 00:00:00+00:00,7.105427357601002e-15,0.054479914762514924,107781.78,5871.942187352136,0.0,-0.010615103962183348,2.3042006268718653,-0.042090699450865854
2025-05-29 00:00:00+00:00,7.105427357601002e-15,0.054479914762514924,105589.75,5752.52057979526,0.0,-0.02033766746104959,2.2573385607590035,-0.061572340263280734
2025-05-30 00:00:00+00:00,7.105427357601002e-15,0.054479914762514924,103985.48,5665.1200869392005,0.0,-0.015193425498213564,2.223041855511867,-0.0758302709969535
2025-05-31 00:00:00+00:00,7.105427357601002e-15,0.054479914762514924,104591.88,5698.15670725119,0.0,0.005831583409529939,2.2360057095151604,-0.0704408981377096
2025-06-01 00:00:00+00:00,7.105427357601002e-15,0.054479914762514924,105642.93,5755.41782166233,0.0,0.0100490592577549,2.2584754633907567,-0.061099703639510006
2025-06-02 00:00:00+00:00,7.105427357601002e-15,0.054479914762514924,105857.99,5767.134272131158,0.0,0.0020357254385126033,2.263073099343838,-0.059188360421981834
2025-06-03 00:00:00+00:00,7.105427357601002e-15,0.054479914762514924,105376.89,5740.923985138911,0.0,-0.004544767948078454,2.2527879572577816,-0.06346413100671511
2025-06-04 00:00:00+00:00,7.105427357601002e-15,0.054479914762514924,104696.86,5703.876008702959,0.0,-0.006453312486257579,2.238250012604319,-0.06950788962391763
2025-06-05 00:00:00+00:00,7.105427357601002e-15,0.054479914762514924,101508.68,5530.184234055403,0.0,-0.030451534076571307,2.1700918660736126,-0.09784280183101557
2025-06-06 00:00:00+00:00,7.105427357601002e-15,0.054479914762514924,104288.44,5681.625321915652,0.0,0.02738445618640717,2.229518651700584,-0.07313771756450527
2025-06-07 00:00:00+00:00,7.105427357601002e-15,0.054479914762514924,105552.15,5750.472135000189,0.0,0.012117450409652175,2.25653473339996,-0.061906509820516153
2025-06-08 00:00:00+00:00,7.105427357601002e-15,0.054479914762514924,105734.0,5760.379307499753,0.0,0.0017228450581063814,2.260422393113844,-0.06029032008691859
2025-06-09 00:00:00+00:00,7.105427357601002e-15,0.054479914762514924,110263.02,6007.119931057478,0.0,0.042834093101556725,2.357245536349326,-0.020038708169087593
2025-06-10 00:00:00+00:00,7.105427357601002e-15,0.054479914762514924,110274.39,6007.7393676883285,0.0,0.00010311707406529536,2.357488608611888,-0.019937657427976707
2025-06-11 00:00:00+00:00,7.105427357601002e-15,0.054479914762514924,108645.12,5918.9768769632055,0.0,-0.014774690660270262,2.3226574436845366,-0.034417775367257986
2025-06-12 00:00:00+00:00,7.105427357601002e-15,0.054479914762514924,105671.73,5756.986843207491,0.0,-0.027367911232460407,2.259091160942365,-0.06084374397864856
2025-06-13 00:00:00+00:00,7.105427357601002e-15,0.054479914762514924,106066.59,5778.498782350617,0.0,0.003736666372359032,2.267532630915552,-0.05733443037838293
2025-06-14 00:00:00+00:00,7.105427357601002e-15,0.054479914762514924,105414.64,5742.9806019211965,0.0,-0.006146610351100978,2.253594991374907,-0.06312862832624566
2025-06-15 00:00:00+00:00,7.105427357601002e-15,0.054479914762514924,105594.01,5752.752664232148,0.0,0.0017015663099546607,2.2574296326885133,-0.06153447956344449
2025-06-16 00:00:00+00:00,7.105427357601002e-15,0.054479914762514924,106794.53,5818.156891502843,0.0,0.011369205507016922,2.2830948141001786,-0.05086487220035185
2025-06-17 00:00:00+00:00,7.105427357601002e-15,0.054479914762514924,104551.17,5695.938829921207,0.0,-0.02100631933114938,2.235135395371899,-0.07080270778332254
2025-06-18 00:00:00+00:00,7.105427357601002e-15,0.054479914762514924,104886.78,5714.222834114655,0.0,0.0032100071190022117,2.2423101959029763,-0.06781997786034955
2025-06-19 00:00:00+00:00,7.105427357601002e-15,0.054479914762514924,104658.59,5701.791062364997,0.0,-0.002175583996381514,2.2374318617258466,-0.06984801379826311
2025-06-20 00:00:00+00:00,7.105427357601002e-15,0.054479914762514924,103297.99,5627.6656903391195,0.0,-0.013000366238452021,2.2083444280898292,-0.0819403302763092
2025-06-21 00:00:00+00:00,7.105427357601002e-15,0.054479914762514924,102120.01,5563.489440347172,0.0,-0.011403706887229914,2.1831611155258455,-0.09240961365482525
2025-06-22 00:00:00+00:00,7.105427357601002e-15,0.054479914762514924,100963.87,5500.503031693637,0.0,-0.011321385495359881,2.1584447069384973,-0.10268479429052169
2025-06-23 00:00:00+00:00,7.105427357601002e-15,0.054479914762514924,105333.93,5738.583528000713,0.0,0.043283404251441615,2.2518695417433006,-0.0638459375008329
2025-06-24 00:00:00+00:00,7.105427357601002e-15,0.054479914762514924,106083.0,5779.392797751871,0.0,0.007111383767794521,2.2678834502496446,-0.057188586696621524
2025-06-25 00:00:00+00:00,7.105427357601002e-15,0.054479914762514924,107340.58,5847.905648958914,0.0,0.01185467982617383,2.2947684824354324,-0.046011859255447596
2025-06-26 00:00:00+00:00,7.105427357601002e-15,0.054479914762514924,106947.06,5826.466712901569,0.0,-0.0036660878858676416,2.286355659501105,-0.04950926362149244
2025-06-27 00:00:00+00:00,0.0,0.05504009944536283,107047.59,5891.909998986428,60.0,0.0009342344774416755,2.288491651785905,-0.04862128240507879
2025-06-28 00:00:00+00:00,0.0,0.05504009944536283,107296.79,5905.625991768212,0.0,0.002327936574751277,2.29381911520311,-0.04640653309194964
2025-06-29 00:00:00+00:00,0.0,0.05504009944536283,108356.93,5963.976202794219,0.0,0.009880444699230884,2.316483068120913,-0.03698460557661687
2025-06-30 00:00:00+00:00,0.0,0.05504009944536283,107146.5,5897.354015222569,0.0,-0.011170766835125301,2.290606175889419,-0.04774222600635658
2025-07-01 00:00:00+00:00,0.0,0.05504009944536283,105681.14,5816.7004550993115,0.0,-0.013676228341569785,2.259279322787345,-0.0607655207635287
2025-07-02 00:00:00+00:00,0.0,0.05504009944536283,108849.6,5991.092808587967,0.0,0.029981319277971652,2.327015497501952,-0.03260603196466072
2025-07-03 00:00:00+00:00,0.0,0.05504009944536283,109584.78,6031.557188898208,0.0,0.006754090047184302,2.3427323697132736,-0.026072165993447083
2025-07-04 00:00:00+00:00,0.0,0.05504009944536283,107984.24,5943.463308131927,0.0,-0.014605495398174795,2.308515602868271,-0.04029686449118408
2025-07-05 00:00:00+00:00,0.0,0.05504009944536283,108198.12,5955.235284601301,0.0,0.001980659399927198,2.3130879859969706,-0.03839601945469906
2025-07-06 00:00:00+00:00,0.0,0.05504009944536283,109203.84,6010.590213415491,0.0,0.009295170747883663,2.334588533781691,-0.029457746263685802
2025-07-07 00:00:00+00:00,0.0,0.05504009944536283,108262.94,5958.802983847349,0.0,-0.00861599738617247,2.31447372507684,-0.03781993578504772
2025-07-08 00:00:00+00:00,0.0,0.05504009944536283,108922.98,5995.131651085267,0.0,0.006096638424931022,2.3285842345226366,-0.03195387183385223
2025-07-09 00:00:00+00:00,0.0,0.05504009944536283,111233.99,6122.329871304495,0.0,0.02121691859697572,2.3779896166727044,-0.011414915934433556
2025-07-10 00:00:00+00:00,0.0,0.05504009944536283,116010.0,6385.201936656542,0.0,0.04293660597808269,2.480092419863752,0.0
2025-07-11 00:00:00+00:00,0.0,0.05504009944536283,117527.66,6468.734093980792,0.0,0.013082148090681978,2.5125373561789877,0.0
2025-07-12 00:00:00+00:00,0.0,0.05504009944536283,117420.0,6462.808476874504,0.0,-0.000916039679510372,2.5102357722644757,-0.000916039679510372
2025-07-13 00:00:00+00:00,0.0,0.05504009944536283,119086.64,6554.540508214123,0.0,0.014193834099812674,2.5458656423674126,0.0
2025-07-14 00:00:00+00:00,0.0,0.05504009944536283,119841.18,6596.070464849627,0.0,0.006336059191862198,2.561996397771981,0.0
2025-07-15 00:00:00+00:00,0.0,0.05504009944536283,117758.09,6481.416984095987,0.0,-0.01738208852749934,2.517463549578774,-0.01738208852749934
2025-07-16 00:00:00+00:00,0.0,0.05504009944536283,118630.43,6529.430664446154,0.0,0.007407898684497871,2.53611266449597,-0.010102954593738112
2025-07-17 00:00:00+00:00,0.0,0.05504009944536283,119177.56,6559.544754055695,0.0,0.004612054428193568,2.5478093541406563,-0.005537495542016435
2025-07-18 00:00:00+00:00,0.0,0.05504009944536283,117924.84,6490.594920678501,0.0,-0.010511374792368522,2.5210283751197817,-0.015990663643331682
2025-07-19 00:00:00+00:00,0.0,0.05504009944536283,117840.0,6485.925318641556,0.0,-0.0007194412983727583,2.5192146431923508,-0.016698600597891078
2025-07-20 00:00:00+00:00,0.0,0.05504009944536283,117265.12,6454.283866272405,0.0,-0.004878479293958016,2.506924706718501,-0.021495616114594163
2025-07-21 00:00:00+00:00,0.0,0.05504009944536283,117380.36,6460.626687332489,0.0,0.00098273041463659,2.5093883378749973,-0.020534010095694777
2025-07-22 00:00:00+00:00,0.0,0.05504009944536283,119954.42,6602.30320571082,0.0,0.021929222231044543,2.5644172724002496,0.0
2025-07-23 00:00:00+00:00,0.0,0.05504009944536283,118755.99,6536.341499332514,0.0,-0.009990711471907443,2.538796919338123,-0.009990711471907332
2025-07-24 00:00:00+00:00,0.0,0.05504009944536283,118340.99,6513.499858062689,0.0,-0.0034945605691131254,2.5299249397308183,-0.013450358894653291
2025-07-25 00:00:00+00:00,0.0,0.05504009944536283,117614.31,6473.503318597732,0.0,-0.006140560426273423,2.5143897827644652,-0.019508326579378954
2025-07-26 00:00:00+00:00,0.0,0.05504009944536283,117919.99,6490.327976196191,0.0,0.0025990034716014687,2.520924690538829,-0.01696002531628249
2025-07-27 00:00:00+00:00,-7.105427357601002e-15,0.05554815668729116,119415.55,6633.313682299053,60.0,0.012786057408380236,2.553157378354262,-0.004390819765243914
2025-07-28 00:00:00+00:00,-7.105427357601002e-15,0.05554815668729116,118062.32,6558.144250225109,0.0,-0.011332108758030368,2.5242247212663838,-0.015673171276157527
2025-07-29 00:00:00+00:00,-7.105427357601002e-15,0.05554815668729116,117950.76,6551.947297865075,0.0,-0.0009449246804569267,2.5218395190282394,-0.016603285990254735
2025-07-30 00:00:00+00:00,-7.105427357601002e-15,0.05554815668729116,117840.3,6545.811448477397,0.0,-0.000936492482117024,2.5194778352775637,-0.01752422961986344
2025-07-31 00:00:00+00:00,-7.105427357601002e-15,0.05554815668729116,115764.08,6430.481254600109,0.0,-0.017618930026484958,2.4750873315945285,-0.034834401470907994
2025-08-01 00:00:00+00:00,-7.105427357601002e-15,0.05554815668729116,113297.93,6293.491167985746,0.0,-0.021303240176054672,2.4223599517128602,-0.05539555602603874
2025-08-02 00:00:00+00:00,-7.105427357601002e-15,0.05554815668729116,112546.35,6251.742284382712,0.0,-0.006633660473761571,2.4062908382479598,-0.06166174118936829
2025-08-03 00:00:00+00:00,-7.105427357601002e-15,0.05554815668729116,114208.8,6344.088317467499,0.0,0.014771247579330682,2.4418347559675957,-0.04780131445531832
2025-08-04 00:00:00+00:00,-7.105427357601002e-15,0.05554815668729116,115055.03,6391.094834100985,0.0,0.00740949909288946,2.4599275283769235,-0.04074599915852439
2025-08-05 00:00:00+00:00,-7.105427357601002e-15,0.05554815668729116,114129.75,6339.6972356813685,0.0,-0.008042064740672372,2.440144631936354,-0.04846038193604063
2025-08-06 00:00:00+00:00,-7.105427357601002e-15,0.05554815668729116,114992.27,6387.608631787291,0.0,0.007557363439418818,2.458585691764644,-0.04126925121532543
2025-08-07 00:00:00+00:00,-7.105427357601002e-15,0.05554815668729116,117472.01,6525.353617851034,0.0,0.021564406024856986,2.511603631868761,-0.020594792080017466
2025-08-08 00:00:00+00:00,-7.105427357601002e-15,0.05554815668729116,116674.74,6481.066738968958,0.0,-0.006786893320374743,2.4945576459562018,-0.027241910743589948
2025-08-09 00:00:00+00:00,-7.105427357601002e-15,0.05554815668729116,116462.25,6469.263311154476,0.0,-0.0018212168289383213,2.4900145155906297,-0.029013514146229546
2025-08-10 00:00:00+00:00,-7.105427357601002e-15,0.05554815668729116,119294.01,6626.562359335278,0.0,0.024314831629991485,2.5505587992934506,-0.005404141227697945
2025-08-11 00:00:00+00:00,-7.105427357601002e-15,0.05554815668729116,118686.0,6592.788524587839,0.0,-0.005096735368355865,2.5375592760520203,-0.010473333118323103
2025-08-12 00:00:00+00:00,-7.105427357601002e-15,0.05554815668729116,120134.08,6673.226699323572,0.0,0.012200933555769122,2.5685198681729564,0.0
2025-08-13 00:00:00+00:00,-7.105427357601002e-15,0.05554815668729116,123306.43,6849.444894190499,0.0,0.02640674486373884,2.6363461170092437,0.0
2025-08-14 00:00:00+00:00,-7.105427357601002e-15,0.05554815668729116,118295.09,6571.07419465721,0.0,-0.04064135179325201,2.529201447019097,-0.04064135179325212
2025-08-15 00:00:00+00:00,-7.105427357601002e-15,0.05554815668729116,117342.05,6518.134579407954,0.0,-0.008056462867562675,2.508825029476602,-0.04837038911920477
2025-08-16 00:00:00+00:00,-7.105427357601002e-15,0.05554815668729116,117380.66,6520.279293737651,0.0,0.00032903805583761603,2.5096505283867376,-0.04805726676216304
2025-08-17 00:00:00+00:00,-7.105427357601002e-15,0.05554815668729116,117405.01,6521.631891352986,0.0,0.0002074447357851561,2.5101711421775117,-0.04785979125338402
2025-08-18 00:00:00+00:00,-7.105427357601002e-15,0.05554815668729116,116227.05,6456.1983847016245,0.0,-0.010033302667407429,2.4849858353610528,-0.05741290214954742
2025-08-19 00:00:00+00:00,-7.105427357601002e-15,0.05554815668729116,112872.94,6269.883756875214,0.0,-0.028858256318129105,2.4132734771772832,-0.08461432222147725
2025-08-20 00:00:00+00:00,-7.105427357601002e-15,0.05554815668729116,114271.24,6347.556744371053,0.0,0.012388265956392974,2.4431697508380648,-0.07327428099248379
2025-08-21 00:00:00+00:00,-7.105427357601002e-15,0.05554815668729116,112500.0,6249.167627320256,0.0,-0.01550031311465594,2.405299854707819,-0.08763881980850485
2025-08-22 00:00:00+00:00,-7.105427357601002e-15,0.05554815668729116,116935.99,6495.578694903513,0.0,0.03943102222222228,2.500143286729911,-0.05166348583768121
2025-08-23 00:00:00+00:00,-7.105427357601002e-15,0.05554815668729116,115438.05,6412.370889075351,0.0,-0.012809914210329953,2.4681166657133686,-0.06381159522662372
2025-08-24 00:00:00+00:00,-7.105427357601002e-15,0.05554815668729116,113493.59,6304.359720323181,0.0,-0.01684418612407268,2.426543249220167,-0.07958092696382524
2025-08-25 00:00:00+00:00,-7.105427357601002e-15,0.05554815668729116,110111.98,6116.51751818787,0.0,-0.029795603434520035,2.354242928849691,-0.10700536865757959
2025-08-26 00:00:00+00:00,-7.105427357601002e-15,0.05554815668729116,111763.22,6208.240856436193,0.0,0.014996006792358019,2.3895471718015817,-0.09361401510042944
2025-08-27 00:00:00+00:00,7.105427357601002e-15,0.056084201594440546,111262.01,6240.040998642659,60.0,-0.004542326634170202,2.3786930680395013,-0.09773111630047737
2025-08-28 00:00:00+00:00,7.105427357601002e-15,0.056084201594440546,112566.9,6313.2247124612295,0.0,0.011728082208833035,2.40659057589105,-0.08714923265797736
2025-08-29 00:00:00+00:00,7.105427357601002e-15,0.056084201594440546,108377.4,6078.259949881321,0.0,-0.0372178677746301,2.317022406049866,-0.12112359181488241
2025-08-30 00:00:00+00:00,7.105427357601002e-15,0.056084201594440546,108816.33,6102.876988487169,0.0,0.004050014117334522,2.326406379504548,-0.1175641299543404
2025-08-31 00:00:00+00:00,7.105427357601002e-15,0.056084201594440546,108246.35,6070.91011526237,0.0,-0.005238000583184577,2.314220661531979,-0.12218632955626252
2025-09-01 00:00:00+00:00,7.105427357601002e-15,0.056084201594440546,109237.42,6126.493484936572,0.0,0.009155689776144893,2.335408947982511,-0.11414933990842058
2025-09-02 00:00:00+00:00,7.105427357601002e-15,0.056084201594440546,111240.01,6238.807146207582,0.0,0.018332454208457083,2.378222725579421,-0.09790952324676028
2025-09-03 00:00:00+00:00,7.105427357601002e-15,0.056084201594440546,111705.71,6264.925558890113,0.0,0.004186443348935365,2.38817902029121,-0.09413297257021869
2025-09-04 00:00:00+00:00,7.105427357601002e-15,0.056084201594440546,110730.87,6210.252435807788,0.0,-0.008726859173089796,2.3673377183010014,-0.1020383465481437
2025-09-05 00:00:00+00:00,7.105427357601002e-15,0.056084201594440546,110659.99,6206.2771875987755,0.0,-0.0006401105671794971,2.365822360411434,-0.10261314129144028
2025-09-06 00:00:00+00:00,7.105427357601002e-15,0.056084201594440546,110187.97,6179.804322762167,0.0,-0.004265498307021387,2.355730949138386,-0.10644094341800481
2025-09-07 00:00:00+00:00,7.105427357601002e-15,0.056084201594440546,111137.34,6233.048981229881,0.0,0.008615913334277803,2.376027722835038,-0.09874211602743543
2025-09-08 00:00:00+00:00,7.105427357601002e-15,0.056084201594440546,112065.23,6285.088951047346,0.0,0.008349039125823854,2.39586527125703,-0.09121747869169128
2025-09-09 00:00:00+00:00,7.105427357601002e-15,0.056084201594440546,111546.39,6255.990223892087,0.0,-0.0046298035528058445,2.38477288571212,-0.09542496323757232
2025-09-10 00:00:00+00:00,7.105427357601002e-15,0.056084201594440546,113960.0,6391.355613702444,0.0,0.02163772399985331,2.4363739432154925,-0.0758520182549498
2025-09-11 00:00:00+00:00,7.105427357601002e-15,0.056084201594440546,115482.69,6476.754466628284,0.0,0.01336161811161829,2.4689278414218356,-0.06350390584424959
2025-09-12 00:00:00+00:00,7.105427357601002e-15,0.056084201594440546,116029.42,6507.4173821660115,0.0,0.004734302604139096,2.4806164929309107,-0.05907024994692189
2025-09-13 00:00:00+00:00,7.105427357601002e-15,0.056084201594440546,115918.29,6501.184744842822,0.0,-0.0009577743299931107,2.4782406221314237,-0.05997144830784962
2025-09-14 00:00:00+00:00,7.105427357601002e-15,0.056084201594440546,115268.01,6464.714310229989,0.0,-0.005609813602322822,2.4643381541795617,-0.06524483326370412
2025-09-15 00:00:00+00:00,7.105427357601002e-15,0.056084201594440546,115349.71,6469.296389500255,0.0,0.000708782948538822,2.4660848350426776,-0.06458229474046295
2025-09-16 00:00:00+00:00,7.105427357601002e-15,0.056084201594440546,116788.96,6550.015576645053,0.0,0.012477274541912609,2.4968548525731524,-0.05291083122057383
2025-09-17 00:00:00+00:00,7.105427357601002e-15,0.056084201594440546,116447.59,6530.870112746758,0.0,-0.0029229646363835293,2.4895566341368984,-0.05567913936841795
2025-09-18 00:00:00+00:00,7.105427357601002e-15,0.056084201594440546,117073.53,6565.975457892783,0.0,0.005375293726559871,2.50293873229429,-0.05060313737040545
2025-09-19 00:00:00+00:00,7.105427357601002e-15,0.056084201594440546,115632.38,6485.149710764956,0.0,-0.01230978514101344,2.472128094278627,-0.062290008762928006
2025-09-20 00:00:00+00:00,7.105427357601002e-15,0.056084201594440546,115685.63,6488.136194499859,0.0,0.00046051114748291155,2.4732665368240476,-0.06185818285885725
2025-09-21 00:00:00+00:00,7.105427357601002e-15,0.056084201594440546,115232.29,6462.710982549035,0.0,-0.003918723526854628,2.463574489058013,-0.06553450126921434
2025-09-22 00:00:00+00:00,7.105427357601002e-15,0.056084201594440546,112650.99,6317.940832973306,0.0,-0.022400839209218204,2.4083883530486925,-0.08646731265284469
2025-09-23 00:00:00+00:00,7.105427357601002e-15,0.056084201594440546,111998.8,6281.363277535428,0.0,-0.005789474198140576,2.394445050819615,-0.09175618657539897
2025-09-24 00:00:00+00:00,7.105427357601002e-15,0.056084201594440546,113307.0,6354.732630061275,0.0,0.011680482290881589,2.4224133238322025,-0.08114746079689017
2025-09-25 00:00:00+00:00,7.105427357601002e-15,0.056084201594440546,108994.49,6112.868949843234,0.0,-0.03806040226993923,2.3302152982630884,-0.1161193580657156
2025-09-26 00:00:00+00:00,7.105427357601002e-15,0.056084201594440546,109643.46,6149.265914151979,0.0,0.0059541541962351285,2.344089759459373,-0.11085659643257151
2025-09-27 00:00:00+00:00,0.0,0.05663060997016689,109635.85,6208.745060097722,60.0,-8.470182645026192e-05,2.3438912107753835,-0.11093190850282986
2025-09-28 00:00:00+00:00,0.0,0.05663060997016689,112163.95,6351.9129051633,0.0,0.02305906325348861,2.397939146463949,-0.09043083114433825
2025-09-29 00:00:00+00:00,0.0,0.05663060997016689,114311.96,6473.556021685319,0.0,0.01915062727373651,2.443861185282982,-0.07301201101190113
2025-09-30 00:00:00+00:00,0.0,0.05663060997016689,114048.93,6458.660472344865,0.0,-0.002300984079006363,2.4382378996043443,-0.07514499561599286
2025-10-01 00:00:00+00:00,0.0,0.05663060997016689,118594.99,6716.106623105843,0.0,0.03986061070454605,2.5354275513255433,-0.03827971032809063
2025-10-02 00:00:00+00:00,0.0,0.05663060997016689,120529.35,6825.650609807735,0.0,0.01631063841735636,2.5767819933486176,-0.02259343842461692
2025-10-03 00:00:00+00:00,0.0,0.05663060997016689,122232.0,6922.07271787344,0.0,0.014126434764644369,2.613182736080367,-0.008786168393986937
2025-10-04 00:00:00+00:00,0.0,0.05663060997016689,122391.0,6931.076984858696,0.0,0.0013008050265068682,2.616581977318641,-0.007496792459490753
2025-10-05 00:00:00+00:00,0.0,0.05663060997016689,123482.31,6992.878535825239,0.0,0.008916587003946486,2.6399129581723613,0.0
2025-10-06 00:00:00+00:00,0.0,0.05663060997016689,124658.54,7059.489158190448,0.0,0.00952549397561464,2.6650594331515793,0.0
2025-10-07 00:00:00+00:00,0.0,0.05663060997016689,121332.95,6871.158967979761,0.0,-0.02667759465175823,2.593962057871117,-0.02667759465175812
2025-10-08 00:00:00+00:00,0.0,0.05663060997016689,123306.0,6982.893992981399,0.0,0.016261452474369165,2.636143648595505,-0.010849958614949085
2025-10-09 00:00:00+00:00,0.0,0.05663060997016689,121662.4,6889.815922434432,0.0,-0.013329440578722984,2.601005328474573,-0.02403477531503251
2025-10-10 00:00:00+00:00,0.0,0.05663060997016689,112774.5,6386.488724080586,0.0,-0.07305379476321361,2.4109920190301666,-0.09533273853520186
2025-10-11 00:00:00+00:00,6376.911618781904,0.0,110644.4,6376.911618781904,0.0,-0.0014995885395633346,2.40737652302945,-0.09668936719261267
2025-10-12 00:00:00+00:00,6376.911618781904,0.0,114958.8,6376.911618781904,0.0,0.0,2.40737652302945,-0.09668936719261267
2025-10-13 00:00:00+00:00,6376.911618781904,0.0,115166.0,6376.911618781904,0.0,0.0,2.40737652302945,-0.09668936719261267
2025-10-14 00:00:00+00:00,6376.911618781904,0.0,113028.14,6376.911618781904,0.0,0.0,2.40737652302945,-0.09668936719261267
2025-10-15 00:00:00+00:00,6376.911618781904,0.0,110763.28,6376.911618781904,0.0,0.0,2.40737652302945,-0.09668936719261267
2025-10-16 00:00:00+00:00,6376.911618781904,0.0,108194.28,6376.911618781904,0.0,0.0,2.40737652302945,-0.09668936719261267
2025-10-17 00:00:00+00:00,6376.911618781904,0.0,106431.68,6376.911618781904,0.0,0.0,2.40737652302945,-0.09668936719261267
2025-10-18 00:00:00+00:00,6376.911618781904,0.0,107185.01,6376.911618781904,0.0,0.0,2.40737652302945,-0.09668936719261267
2025-10-19 00:00:00+00:00,6376.911618781904,0.0,108642.78,6376.911618781904,0.0,0.0,2.40737652302945,-0.09668936719261267
2025-10-20 00:00:00+00:00,6376.911618781904,0.0,110532.09,6376.911618781904,0.0,0.0,2.40737652302945,-0.09668936719261267
2025-10-21 00:00:00+00:00,6376.911618781904,0.0,108297.67,6376.911618781904,0.0,0.0,2.40737652302945,-0.09668936719261267
2025-10-22 00:00:00+00:00,6376.911618781904,0.0,107567.44,6376.911618781904,0.0,0.0,2.40737652302945,-0.09668936719261267
2025-10-23 00:00:00+00:00,6376.911618781904,0.0,110078.18,6376.911618781904,0.0,0.0,2.40737652302945,-0.09668936719261267
2025-10-24 00:00:00+00:00,6376.911618781904,0.0,111004.89,6376.911618781904,0.0,0.0,2.40737652302945,-0.09668936719261267
2025-10-25 00:00:00+00:00,6376.911618781904,0.0,111646.27,6376.911618781904,0.0,0.0,2.40737652302945,-0.09668936719261267
2025-10-26 00:00:00+00:00,6376.911618781904,0.0,114559.4,6376.911618781904,0.0,0.0,2.40737652302945,-0.09668936719261267
2025-10-27 00:00:00+00:00,6436.911618781904,0.0,114107.65,6436.911618781904,60.0,0.0,2.40737652302945,-0.09668936719261267
2025-10-28 00:00:00+00:00,6436.911618781904,0.0,112898.45,6436.911618781904,0.0,0.0,2.40737652302945,-0.09668936719261267
2025-10-29 00:00:00+00:00,6436.911618781904,0.0,110021.29,6436.911618781904,0.0,0.0,2.40737652302945,-0.09668936719261267
2025-10-30 00:00:00+00:00,6436.911618781904,0.0,108322.88,6436.911618781904,0.0,0.0,2.40737652302945,-0.09668936719261267
2025-10-31 00:00:00+00:00,6436.911618781904,0.0,109608.01,6436.911618781904,0.0,0.0,2.40737652302945,-0.09668936719261267
2025-11-01 00:00:00+00:00,6436.911618781904,0.0,110098.1,6436.911618781904,0.0,0.0,2.40737652302945,-0.09668936719261267
2025-11-02 00:00:00+00:00,6436.911618781904,0.0,110540.68,6436.911618781904,0.0,0.0,2.40737652302945,-0.09668936719261267
2025-11-03 00:00:00+00:00,6436.911618781904,0.0,106583.04,6436.911618781904,0.0,0.0,2.40737652302945,-0.09668936719261267
2025-11-04 00:00:00+00:00,6436.911618781904,0.0,101497.22,6436.911618781904,0.0,0.0,2.40737652302945,-0.09668936719261267
2025-11-05 00:00:00+00:00,6436.911618781904,0.0,103885.16,6436.911618781904,0.0,0.0,2.40737652302945,-0.09668936719261267
2025-11-06 00:00:00+00:00,6436.911618781904,0.0,101346.04,6436.911618781904,0.0,0.0,2.40737652302945,-0.09668936719261267
2025-11-07 00:00:00+00:00,6436.911618781904,0.0,103339.08,6436.911618781904,0.0,0.0,2.40737652302945,-0.09668936719261267
2025-11-08 00:00:00+00:00,6436.911618781904,0.0,102312.94,6436.911618781904,0.0,0.0,2.40737652302945,-0.09668936719261267
2025-11-09 00:00:00+00:00,6436.911618781904,0.0,104722.96,6436.911618781904,0.0,0.0,2.40737652302945,-0.09668936719261267
2025-11-10 00:00:00+00:00,6436.911618781904,0.0,106011.13,6436.911618781904,0.0,0.0,2.40737652302945,-0.09668936719261267
2025-11-11 00:00:00+00:00,6436.911618781904,0.0,103058.99,6436.911618781904,0.0,0.0,2.40737652302945,-0.09668936719261267
2025-11-12 00:00:00+00:00,6436.911618781904,0.0,101654.37,6436.911618781904,0.0,0.0,2.40737652302945,-0.09668936719261267
2025-11-13 00:00:00+00:00,6436.911618781904,0.0,99692.02,6436.911618781904,0.0,0.0,2.40737652302945,-0.09668936719261267
2025-11-14 00:00:00+00:00,6436.911618781904,0.0,94594.0,6436.911618781904,0.0,0.0,2.40737652302945,-0.09668936719261267
2025-11-15 00:00:00+00:00,6436.911618781904,0.0,95596.24,6436.911618781904,0.0,0.0,2.40737652302945,-0.09668936719261267
2025-11-16 00:00:00+00:00,6436.911618781904,0.0,94261.44,6436.911618781904,0.0,0.0,2.40737652302945,-0.09668936719261267
2025-11-17 00:00:00+00:00,6436.911618781904,0.0,92215.14,6436.911618781904,0.0,0.0,2.40737652302945,-0.09668936719261267
2025-11-18 00:00:00+00:00,6436.911618781904,0.0,92960.83,6436.911618781904,0.0,0.0,2.40737652302945,-0.09668936719261267
2025-11-19 00:00:00+00:00,6436.911618781904,0.0,91554.96,6436.911618781904,0.0,0.0,2.40737652302945,-0.09668936719261267
2025-11-20 00:00:00+00:00,6436.911618781904,0.0,86637.23,6436.911618781904,0.0,0.0,2.40737652302945,-0.09668936719261267
2025-11-21 00:00:00+00:00,6436.911618781904,0.0,85129.43,6436.911618781904,0.0,0.0,2.40737652302945,-0.09668936719261267
2025-11-22 00:00:00+00:00,6436.911618781904,0.0,84739.74,6436.911618781904,0.0,0.0,2.40737652302945,-0.09668936719261267
2025-11-23 00:00:00+00:00,6436.911618781904,0.0,86830.0,6436.911618781904,0.0,0.0,2.40737652302945,-0.09668936719261267
2025-11-24 00:00:00+00:00,6436.911618781904,0.0,88300.01,6436.911618781904,0.0,0.0,2.40737652302945,-0.09668936719261267
2025-11-25 00:00:00+00:00,6436.911618781904,0.0,87369.96,6436.911618781904,0.0,0.0,2.40737652302945,-0.09668936719261267
2025-11-26 00:00:00+00:00,6436.911618781904,0.0,90484.02,6436.911618781904,0.0,0.0,2.40737652302945,-0.09668936719261267
2025-11-27 00:00:00+00:00,6496.911618781904,0.0,91333.95,6496.911618781904,60.0,0.0,2.40737652302945,-0.09668936719261267
2025-11-28 00:00:00+00:00,6496.911618781904,0.0,90890.7,6496.911618781904,0.0,0.0,2.40737652302945,-0.09668936719261267
2025-11-29 00:00:00+00:00,6496.911618781904,0.0,90802.44,6496.911618781904,0.0,0.0,2.40737652302945,-0.09668936719261267
2025-11-30 00:00:00+00:00,6496.911618781904,0.0,90360.0,6496.911618781904,0.0,0.0,2.40737652302945,-0.09668936719261267
2025-12-01 00:00:00+00:00,6496.911618781904,0.0,86286.01,6496.911618781904,0.0,0.0,2.40737652302945,-0.09668936719261267
2025-12-02 00:00:00+00:00,6496.911618781904,0.0,91277.88,6496.911618781904,0.0,0.0,2.40737652302945,-0.09668936719261267
2025-12-03 00:00:00+00:00,6496.911618781904,0.0,93429.95,6496.911618781904,0.0,0.0,2.40737652302945,-0.09668936719261267
2025-12-04 00:00:00+00:00,6496.911618781904,0.0,92078.06,6496.911618781904,0.0,0.0,2.40737652302945,-0.09668936719261267
2025-12-05 00:00:00+00:00,6496.911618781904,0.0,89330.04,6496.911618781904,0.0,0.0,2.40737652302945,-0.09668936719261267
2025-12-06 00:00:00+00:00,6496.911618781904,0.0,89236.79,6496.911618781904,0.0,0.0,2.40737652302945,-0.09668936719261267
2025-12-07 00:00:00+00:00,6496.911618781904,0.0,90395.31,6496.911618781904,0.0,0.0,2.40737652302945,-0.09668936719261267
2025-12-08 00:00:00+00:00,6496.911618781904,0.0,90634.34,6496.911618781904,0.0,0.0,2.40737652302945,-0.09668936719261267
2025-12-09 00:00:00+00:00,6496.911618781904,0.0,92678.8,6496.911618781904,0.0,0.0,2.40737652302945,-0.09668936719261267
2025-12-10 00:00:00+00:00,6496.911618781904,0.0,92015.37,6496.911618781904,0.0,0.0,2.40737652302945,-0.09668936719261267
2025-12-11 00:00:00+00:00,6496.911618781904,0.0,92513.38,6496.911618781904,0.0,0.0,2.40737652302945,-0.09668936719261267
2025-12-12 00:00:00+00:00,6496.911618781904,0.0,90268.42,6496.911618781904,0.0,0.0,2.40737652302945,-0.09668936719261267
2025-12-13 00:00:00+00:00,6496.911618781904,0.0,90240.01,6496.911618781904,0.0,0.0,2.40737652302945,-0.09668936719261267
2025-12-14 00:00:00+00:00,6496.911618781904,0.0,88172.17,6496.911618781904,0.0,0.0,2.40737652302945,-0.09668936719261267
2025-12-15 00:00:00+00:00,6496.911618781904,0.0,86432.08,6496.911618781904,0.0,0.0,2.40737652302945,-0.09668936719261267
2025-12-16 00:00:00+00:00,6496.911618781904,0.0,87863.42,6496.911618781904,0.0,0.0,2.40737652302945,-0.09668936719261267
2025-12-17 00:00:00+00:00,6496.911618781904,0.0,86243.22,6496.911618781904,0.0,0.0,2.40737652302945,-0.09668936719261267
2025-12-18 00:00:00+00:00,6496.911618781904,0.0,85516.41,6496.911618781904,0.0,0.0,2.40737652302945,-0.09668936719261267
2025-12-19 00:00:00+00:00,6496.911618781904,0.0,88136.94,6496.911618781904,0.0,0.0,2.40737652302945,-0.09668936719261267
2025-12-20 00:00:00+00:00,6496.911618781904,0.0,88360.9,6496.911618781904,0.0,0.0,2.40737652302945,-0.09668936719261267
2025-12-21 00:00:00+00:00,6496.911618781904,0.0,88658.86,6496.911618781904,0.0,0.0,2.40737652302945,-0.09668936719261267
2025-12-22 00:00:00+00:00,6496.911618781904,0.0,88620.79,6496.911618781904,0.0,0.0,2.40737652302945,-0.09668936719261267
2025-12-23 00:00:00+00:00,6496.911618781904,0.0,87486.0,6496.911618781904,0.0,0.0,2.40737652302945,-0.09668936719261267
2025-12-24 00:00:00+00:00,6496.911618781904,0.0,87669.45,6496.911618781904,0.0,0.0,2.40737652302945,-0.09668936719261267
2025-12-25 00:00:00+00:00,6496.911618781904,0.0,87225.27,6496.911618781904,0.0,0.0,2.40737652302945,-0.09668936719261267
2025-12-26 00:00:00+00:00,6496.911618781904,0.0,87369.56,6496.911618781904,0.0,0.0,2.40737652302945,-0.09668936719261267
2025-12-27 00:00:00+00:00,6556.911618781904,0.0,87877.01,6556.911618781904,60.0,0.0,2.40737652302945,-0.09668936719261267
2025-12-28 00:00:00+00:00,6556.911618781904,0.0,87952.71,6556.911618781904,0.0,0.0,2.40737652302945,-0.09668936719261267
2025-12-29 00:00:00+00:00,6556.911618781904,0.0,87237.13,6556.911618781904,0.0,0.0,2.40737652302945,-0.09668936719261267
2025-12-30 00:00:00+00:00,6556.911618781904,0.0,88485.49,6556.911618781904,0.0,0.0,2.40737652302945,-0.09668936719261267
2025-12-31 00:00:00+00:00,6556.911618781904,0.0,87648.22,6556.911618781904,0.0,0.0,2.40737652302945,-0.09668936719261267
2026-01-01 00:00:00+00:00,6556.911618781904,0.0,88839.04,6556.911618781904,0.0,0.0,2.40737652302945,-0.09668936719261267
2026-01-02 00:00:00+00:00,6556.911618781904,0.0,89995.13,6556.911618781904,0.0,0.0,2.40737652302945,-0.09668936719261267
2026-01-03 00:00:00+00:00,6556.911618781904,0.0,90628.01,6556.911618781904,0.0,0.0,2.40737652302945,-0.09668936719261267
2026-01-04 00:00:00+00:00,6556.911618781904,0.0,91529.73,6556.911618781904,0.0,0.0,2.40737652302945,-0.09668936719261267
2026-01-05 00:00:00+00:00,6556.911618781904,0.0,93859.71,6556.911618781904,0.0,0.0,2.40737652302945,-0.09668936719261267
2026-01-06 00:00:00+00:00,6556.911618781904,0.0,93747.97,6556.911618781904,0.0,0.0,2.40737652302945,-0.09668936719261267
2026-01-07 00:00:00+00:00,6556.911618781904,0.0,91364.16,6556.911618781904,0.0,0.0,2.40737652302945,-0.09668936719261267
2026-01-08 00:00:00+00:00,6556.911618781904,0.0,91099.99,6556.911618781904,0.0,0.0,2.40737652302945,-0.09668936719261267
2026-01-09 00:00:00+00:00,6556.911618781904,0.0,90641.28,6556.911618781904,0.0,0.0,2.40737652302945,-0.09668936719261267
2026-01-10 00:00:00+00:00,6556.911618781904,0.0,90504.7,6556.911618781904,0.0,0.0,2.40737652302945,-0.09668936719261267
2026-01-11 00:00:00+00:00,6556.911618781904,0.0,91013.65,6556.911618781904,0.0,0.0,2.40737652302945,-0.09668936719261267
2026-01-12 00:00:00+00:00,6556.911618781904,0.0,91296.2,6556.911618781904,0.0,0.0,2.40737652302945,-0.09668936719261267
2026-01-13 00:00:00+00:00,6556.911618781904,0.0,95414.0,6556.911618781904,0.0,0.0,2.40737652302945,-0.09668936719261267
2026-01-14 00:00:00+00:00,6556.911618781904,0.0,96951.78,6556.911618781904,0.0,0.0,2.40737652302945,-0.09668936719261267
2026-01-15 00:00:00+00:00,6556.911618781904,0.0,95604.8,6556.911618781904,0.0,0.0,2.40737652302945,-0.09668936719261267
2026-01-16 00:00:00+00:00,6556.911618781904,0.0,95550.94,6556.911618781904,0.0,0.0,2.40737652302945,-0.09668936719261267
2026-01-17 00:00:00+00:00,6556.911618781904,0.0,95147.77,6556.911618781904,0.0,0.0,2.40737652302945,-0.09668936719261267
2026-01-18 00:00:00+00:00,6556.911618781904,0.0,93673.14,6556.911618781904,0.0,0.0,2.40737652302945,-0.09668936719261267
2026-01-19 00:00:00+00:00,6556.911618781904,0.0,92631.0,6556.911618781904,0.0,0.0,2.40737652302945,-0.09668936719261267
2026-01-20 00:00:00+00:00,6556.911618781904,0.0,88427.66,6556.911618781904,0.0,0.0,2.40737652302945,-0.09668936719261267
2026-01-21 00:00:00+00:00,6556.911618781904,0.0,89454.73,6556.911618781904,0.0,0.0,2.40737652302945,-0.09668936719261267
2026-01-22 00:00:00+00:00,6556.911618781904,0.0,89559.67,6556.911618781904,0.0,0.0,2.40737652302945,-0.09668936719261267
2026-01-23 00:00:00+00:00,6556.911618781904,0.0,89600.26,6556.911618781904,0.0,0.0,2.40737652302945,-0.09668936719261267
2026-01-24 00:00:00+00:00,6556.911618781904,0.0,89225.34,6556.911618781904,0.0,0.0,2.40737652302945,-0.09668936719261267
2026-01-25 00:00:00+00:00,6556.911618781904,0.0,86670.36,6556.911618781904,0.0,0.0,2.40737652302945,-0.09668936719261267
2026-01-26 00:00:00+00:00,6556.911618781904,0.0,88347.08,6556.911618781904,0.0,0.0,2.40737652302945,-0.09668936719261267
2026-01-27 00:00:00+00:00,6616.911618781904,0.0,89250.0,6616.911618781904,60.0,0.0,2.40737652302945,-0.09668936719261267
2026-01-28 00:00:00+00:00,6616.911618781904,0.0,89299.99,6616.911618781904,0.0,0.0,2.40737652302945,-0.09668936719261267
2026-01-29 00:00:00+00:00,6616.911618781904,0.0,84650.16,6616.911618781904,0.0,0.0,2.40737652302945,-0.09668936719261267
2026-01-30 00:00:00+00:00,6616.911618781904,0.0,84260.49,6616.911618781904,0.0,0.0,2.40737652302945,-0.09668936719261267
2026-01-31 00:00:00+00:00,6616.911618781904,0.0,78741.09,6616.911618781904,0.0,0.0,2.40737652302945,-0.09668936719261267
2026-02-01 00:00:00+00:00,6616.911618781904,0.0,76968.21,6616.911618781904,0.0,0.0,2.40737652302945,-0.09668936719261267
2026-02-02 00:00:00+00:00,6616.911618781904,0.0,78738.61,6616.911618781904,0.0,0.0,2.40737652302945,-0.09668936719261267
2026-02-03 00:00:00+00:00,6616.911618781904,0.0,75770.21,6616.911618781904,0.0,0.0,2.40737652302945,-0.09668936719261267
2026-02-04 00:00:00+00:00,6616.911618781904,0.0,73165.83,6616.911618781904,0.0,0.0,2.40737652302945,-0.09668936719261267
2026-02-05 00:00:00+00:00,6616.911618781904,0.0,62909.86,6616.911618781904,0.0,0.0,2.40737652302945,-0.09668936719261267
2026-02-06 00:00:00+00:00,6616.911618781904,0.0,70580.26,6616.911618781904,0.0,0.0,2.40737652302945,-0.09668936719261267
2026-02-07 00:00:00+00:00,6616.911618781904,0.0,69289.38,6616.911618781904,0.0,0.0,2.40737652302945,-0.09668936719261267
2026-02-08 00:00:00+00:00,6616.911618781904,0.0,70330.38,6616.911618781904,0.0,0.0,2.40737652302945,-0.09668936719261267
2026-02-09 00:00:00+00:00,6616.911618781904,0.0,70138.0,6616.911618781904,0.0,0.0,2.40737652302945,-0.09668936719261267
2026-02-10 00:00:00+00:00,6616.911618781904,0.0,68841.29,6616.911618781904,0.0,0.0,2.40737652302945,-0.09668936719261267
2026-02-11 00:00:00+00:00,6616.911618781904,0.0,67082.52,6616.911618781904,0.0,0.0,2.40737652302945,-0.09668936719261267
2026-02-12 00:00:00+00:00,6616.911618781904,0.0,66272.17,6616.911618781904,0.0,0.0,2.40737652302945,-0.09668936719261267
2026-02-13 00:00:00+00:00,6616.911618781904,0.0,68853.96,6616.911618781904,0.0,0.0,2.40737652302945,-0.09668936719261267
2026-02-14 00:00:00+00:00,6616.911618781904,0.0,69822.95,6616.911618781904,0.0,0.0,2.40737652302945,-0.09668936719261267
2026-02-15 00:00:00+00:00,6616.911618781904,0.0,68832.58,6616.911618781904,0.0,0.0,2.40737652302945,-0.09668936719261267
2026-02-16 00:00:00+00:00,6616.911618781904,0.0,68892.43,6616.911618781904,0.0,0.0,2.40737652302945,-0.09668936719261267
2026-02-17 00:00:00+00:00,6616.911618781904,0.0,67503.52,6616.911618781904,0.0,0.0,2.40737652302945,-0.09668936719261267
2026-02-18 00:00:00+00:00,6616.911618781904,0.0,66461.0,6616.911618781904,0.0,0.0,2.40737652302945,-0.09668936719261267
2026-02-19 00:00:00+00:00,6616.911618781904,0.0,67003.73,6616.911618781904,0.0,0.0,2.40737652302945,-0.09668936719261267
2026-02-20 00:00:00+00:00,6616.911618781904,0.0,68020.01,6616.911618781904,0.0,0.0,2.40737652302945,-0.09668936719261267
2026-02-21 00:00:00+00:00,6616.911618781904,0.0,67975.93,6616.911618781904,0.0,0.0,2.40737652302945,-0.09668936719261267
2026-02-22 00:00:00+00:00,6616.911618781904,0.0,67643.4,6616.911618781904,0.0,0.0,2.40737652302945,-0.09668936719261267
2026-02-23 00:00:00+00:00,6616.911618781904,0.0,64656.02,6616.911618781904,0.0,0.0,2.40737652302945,-0.09668936719261267
2026-02-24 00:00:00+00:00,6616.911618781904,0.0,64058.15,6616.911618781904,0.0,0.0,2.40737652302945,-0.09668936719261267
2026-02-25 00:00:00+00:00,6616.911618781904,0.0,67988.04,6616.911618781904,0.0,0.0,2.40737652302945,-0.09668936719261267
2026-02-26 00:00:00+00:00,6616.911618781904,0.0,67485.18,6616.911618781904,0.0,0.0,2.40737652302945,-0.09668936719261267
2026-02-27 00:00:00+00:00,6676.911618781904,0.0,65872.1,6676.911618781904,60.0,0.0,2.40737652302945,-0.09668936719261267
2026-02-28 00:00:00+00:00,6676.911618781904,0.0,66973.26,6676.911618781904,0.0,0.0,2.40737652302945,-0.09668936719261267
2026-03-01 00:00:00+00:00,6676.911618781904,0.0,65776.47,6676.911618781904,0.0,0.0,2.40737652302945,-0.09668936719261267
2026-03-02 00:00:00+00:00,6676.911618781904,0.0,68830.06,6676.911618781904,0.0,0.0,2.40737652302945,-0.09668936719261267
2026-03-03 00:00:00+00:00,6676.911618781904,0.0,68338.0,6676.911618781904,0.0,0.0,2.40737652302945,-0.09668936719261267
2026-03-04 00:00:00+00:00,6676.911618781904,0.0,72666.77,6676.911618781904,0.0,0.0,2.40737652302945,-0.09668936719261267
2026-03-05 00:00:00+00:00,6676.911618781904,0.0,70890.72,6676.911618781904,0.0,0.0,2.40737652302945,-0.09668936719261267
2026-03-06 00:00:00+00:00,6676.911618781904,0.0,68114.02,6676.911618781904,0.0,0.0,2.40737652302945,-0.09668936719261267
2026-03-07 00:00:00+00:00,6676.911618781904,0.0,67262.91,6676.911618781904,0.0,0.0,2.40737652302945,-0.09668936719261267
2026-03-08 00:00:00+00:00,6676.911618781904,0.0,65971.2,6676.911618781904,0.0,0.0,2.40737652302945,-0.09668936719261267
2026-03-09 00:00:00+00:00,6676.911618781904,0.0,68432.16,6676.911618781904,0.0,0.0,2.40737652302945,-0.09668936719261267
2026-03-10 00:00:00+00:00,6676.911618781904,0.0,69948.63,6676.911618781904,0.0,0.0,2.40737652302945,-0.09668936719261267
2026-03-11 00:00:00+00:00,6676.911618781904,0.0,70191.86,6676.911618781904,0.0,0.0,2.40737652302945,-0.09668936719261267
2026-03-12 00:00:00+00:00,6676.911618781904,0.0,70541.34,6676.911618781904,0.0,0.0,2.40737652302945,-0.09668936719261267
2026-03-13 00:00:00+00:00,6676.911618781904,0.0,70930.0,6676.911618781904,0.0,0.0,2.40737652302945,-0.09668936719261267
2026-03-14 00:00:00+00:00,6676.911618781904,0.0,71211.95,6676.911618781904,0.0,0.0,2.40737652302945,-0.09668936719261267
2026-03-15 00:00:00+00:00,6676.911618781904,0.0,72815.24,6676.911618781904,0.0,0.0,2.40737652302945,-0.09668936719261267
2026-03-16 00:00:00+00:00,6676.911618781904,0.0,74884.67,6676.911618781904,0.0,0.0,2.40737652302945,-0.09668936719261267
2026-03-17 00:00:00+00:00,6676.911618781904,0.0,73909.36,6676.911618781904,0.0,0.0,2.40737652302945,-0.09668936719261267
2026-03-18 00:00:00+00:00,6676.911618781904,0.0,71246.54,6676.911618781904,0.0,0.0,2.40737652302945,-0.09668936719261267
2026-03-19 00:00:00+00:00,6676.911618781904,0.0,69930.0,6676.911618781904,0.0,0.0,2.40737652302945,-0.09668936719261267
2026-03-20 00:00:00+00:00,6676.911618781904,0.0,70510.73,6676.911618781904,0.0,0.0,2.40737652302945,-0.09668936719261267
2026-03-21 00:00:00+00:00,6676.911618781904,0.0,68918.12,6676.911618781904,0.0,0.0,2.40737652302945,-0.09668936719261267
2026-03-22 00:00:00+00:00,6676.911618781904,0.0,67859.0,6676.911618781904,0.0,0.0,2.40737652302945,-0.09668936719261267
2026-03-23 00:00:00+00:00,6676.911618781904,0.0,70906.45,6676.911618781904,0.0,0.0,2.40737652302945,-0.09668936719261267
2026-03-24 00:00:00+00:00,6676.911618781904,0.0,70556.74,6676.911618781904,0.0,0.0,2.40737652302945,-0.09668936719261267
2026-03-25 00:00:00+00:00,6676.911618781904,0.0,71336.53,6676.911618781904,0.0,0.0,2.40737652302945,-0.09668936719261267
2026-03-26 00:00:00+00:00,6676.911618781904,0.0,68820.31,6676.911618781904,0.0,0.0,2.40737652302945,-0.09668936719261267
2026-03-27 00:00:00+00:00,6736.911618781904,0.0,66407.28,6736.911618781904,60.0,0.0,2.40737652302945,-0.09668936719261267
2026-03-28 00:00:00+00:00,6736.911618781904,0.0,66377.03,6736.911618781904,0.0,0.0,2.40737652302945,-0.09668936719261267
2026-03-29 00:00:00+00:00,6736.911618781904,0.0,66010.93,6736.911618781904,0.0,0.0,2.40737652302945,-0.09668936719261267
2026-03-30 00:00:00+00:00,6736.911618781904,0.0,66797.37,6736.911618781904,0.0,0.0,2.40737652302945,-0.09668936719261267
2026-03-31 00:00:00+00:00,6736.911618781904,0.0,68284.48,6736.911618781904,0.0,0.0,2.40737652302945,-0.09668936719261267
2026-04-01 00:00:00+00:00,6736.911618781904,0.0,68113.92,6736.911618781904,0.0,0.0,2.40737652302945,-0.09668936719261267
2026-04-02 00:00:00+00:00,6736.911618781904,0.0,66901.99,6736.911618781904,0.0,0.0,2.40737652302945,-0.09668936719261267
2026-04-03 00:00:00+00:00,6736.911618781904,0.0,66964.3,6736.911618781904,0.0,0.0,2.40737652302945,-0.09668936719261267
2026-04-04 00:00:00+00:00,6736.911618781904,0.0,67300.42,6736.911618781904,0.0,0.0,2.40737652302945,-0.09668936719261267
2026-04-05 00:00:00+00:00,6736.911618781904,0.0,69034.18,6736.911618781904,0.0,0.0,2.40737652302945,-0.09668936719261267
2026-04-06 00:00:00+00:00,6736.911618781904,0.0,68853.66,6736.911618781904,0.0,0.0,2.40737652302945,-0.09668936719261267
2026-04-07 00:00:00+00:00,6736.911618781904,0.0,71924.22,6736.911618781904,0.0,0.0,2.40737652302945,-0.09668936719261267
2026-04-08 00:00:00+00:00,6736.911618781904,0.0,71069.93,6736.911618781904,0.0,0.0,2.40737652302945,-0.09668936719261267
2026-04-09 00:00:00+00:00,6736.911618781904,0.0,71787.97,6736.911618781904,0.0,0.0,2.40737652302945,-0.09668936719261267
2026-04-10 00:00:00+00:00,6736.911618781904,0.0,72962.7,6736.911618781904,0.0,0.0,2.40737652302945,-0.09668936719261267
2026-04-11 00:00:00+00:00,6736.911618781904,0.0,73043.16,6736.911618781904,0.0,0.0,2.40737652302945,-0.09668936719261267
2026-04-12 00:00:00+00:00,6736.911618781904,0.0,70740.98,6736.911618781904,0.0,0.0,2.40737652302945,-0.09668936719261267
2026-04-13 00:00:00+00:00,6736.911618781904,0.0,74417.99,6736.911618781904,0.0,0.0,2.40737652302945,-0.09668936719261267
2026-04-14 00:00:00+00:00,6736.911618781904,0.0,74131.55,6736.911618781904,0.0,0.0,2.40737652302945,-0.09668936719261267
2026-04-15 00:00:00+00:00,6736.911618781904,0.0,74809.99,6736.911618781904,0.0,0.0,2.40737652302945,-0.09668936719261267
2026-04-16 00:00:00+00:00,6736.911618781904,0.0,75154.29,6736.911618781904,0.0,0.0,2.40737652302945,-0.09668936719261267
2026-04-17 00:00:00+00:00,6736.911618781904,0.0,77072.0,6736.911618781904,0.0,0.0,2.40737652302945,-0.09668936719261267
2026-04-18 00:00:00+00:00,6736.911618781904,0.0,75691.76,6736.911618781904,0.0,0.0,2.40737652302945,-0.09668936719261267
2026-04-19 00:00:00+00:00,6736.911618781904,0.0,73801.79,6736.911618781904,0.0,0.0,2.40737652302945,-0.09668936719261267
2026-04-20 00:00:00+00:00,6736.911618781904,0.0,75840.97,6736.911618781904,0.0,0.0,2.40737652302945,-0.09668936719261267
2026-04-21 00:00:00+00:00,6736.911618781904,0.0,76336.15,6736.911618781904,0.0,0.0,2.40737652302945,-0.09668936719261267
2026-04-22 00:00:00+00:00,6736.911618781904,0.0,78178.23,6736.911618781904,0.0,0.0,2.40737652302945,-0.09668936719261267
2026-04-23 00:00:00+00:00,6736.911618781904,0.0,78257.48,6736.911618781904,0.0,0.0,2.40737652302945,-0.09668936719261267
2026-04-24 00:00:00+00:00,6736.911618781904,0.0,77437.13,6736.911618781904,0.0,0.0,2.40737652302945,-0.09668936719261267
2026-04-25 00:00:00+00:00,6736.911618781904,0.0,77625.0,6736.911618781904,0.0,0.0,2.40737652302945,-0.09668936719261267
2026-04-26 00:00:00+00:00,6736.911618781904,0.0,78657.55,6736.911618781904,0.0,0.0,2.40737652302945,-0.09668936719261267
2026-04-27 00:00:00+00:00,6796.911618781904,0.0,77371.32,6796.911618781904,60.0,0.0,2.40737652302945,-0.09668936719261267
2026-04-28 00:00:00+00:00,6796.911618781904,0.0,76342.77,6796.911618781904,0.0,0.0,2.40737652302945,-0.09668936719261267
2026-04-29 00:00:00+00:00,6796.911618781904,0.0,75780.0,6796.911618781904,0.0,0.0,2.40737652302945,-0.09668936719261267
2026-04-30 00:00:00+00:00,6796.911618781904,0.0,76346.57,6796.911618781904,0.0,0.0,2.40737652302945,-0.09668936719261267
2026-05-01 00:00:00+00:00,6796.911618781904,0.0,78231.13,6796.911618781904,0.0,0.0,2.40737652302945,-0.09668936719261267
2026-05-02 00:00:00+00:00,6796.911618781904,0.0,78686.85,6796.911618781904,0.0,0.0,2.40737652302945,-0.09668936719261267
2026-05-03 00:00:00+00:00,0.0,0.08624984982518058,78568.57,6776.527363479188,0.0,-0.0029990466914984193,2.4001566884328676,-0.09939843795732906
2026-05-04 00:00:00+00:00,6766.366821902833,0.0,79861.01,6766.366821902833,0.0,-0.0014993729134945566,2.3965579585060883,-0.10074877554530681
2026-05-05 00:00:00+00:00,0.0,0.08459984540814194,80905.52,6844.5944846653365,0.0,0.011561250641818566,2.4242651657420224,-0.09035230674942374
2026-05-06 00:00:00+00:00,0.0,0.08459984540814194,81447.01,6890.404454955391,0.0,0.006692868422327525,2.4404904535171656,-0.08426415442782398
2026-05-07 00:00:00+00:00,0.0,0.08459984540814194,80006.0,6768.495231723804,0.0,-0.017692607745821598,2.3973118132156643,-0.10046590954232071
2026-05-08 00:00:00+00:00,0.0,0.08459984540814194,80193.17,6784.329784788846,0.0,0.0023394495412845107,2.4029202032374077,-0.09836149492702961
2026-05-09 00:00:00+00:00,0.0,0.08459984540814194,80678.4,6825.3801677762385,0.0,0.006050764672352882,2.4174597079136397,-0.09290589251330106
2026-05-10 00:00:00+00:00,0.0,0.08459984540814194,82210.07,6954.959212992529,0.0,0.018984883190544366,2.463354898086228,-0.07568481683983486
2026-05-11 00:00:00+00:00,0.0,0.08459984540814194,81745.65,6915.669352788078,0.0,-0.005649186285816565,2.44943894737886,-0.08090644549631532
2026-05-12 00:00:00+00:00,0.0,0.08459984540814194,80504.47,6810.665716664401,0.0,-0.015183437895472052,2.412248043242583,-0.09486144540125063
2026-05-13 00:00:00+00:00,0.0,0.08459984540814194,79313.61,6709.919144761661,0.0,-0.014792470529897184,2.3765649351521145,-0.1082506807956265
2026-05-14 00:00:00+00:00,0.0,0.08459984540814194,81089.99,6860.200618147776,0.0,0.022396912711450057,2.4297926525578095,-0.08827824913291105
2026-05-15 00:00:00+00:00,0.0,0.08459984540814194,79113.21,6692.96533574187,0.0,-0.024377608136343265,2.370560119421189,-0.11050384470492969
2026-05-16 00:00:00+00:00,0.0,0.08459984540814194,78148.05,6611.312948947747,0.0,-0.012199732509905914,2.3416399200656,-0.12135545986811935
2026-05-17 00:00:00+00:00,0.0,0.08459984540814194,77457.67,6552.906907674874,0.0,-0.008834257540655255,2.320953269944261,-0.12911763202233506
2026-05-18 00:00:00+00:00,0.0,0.08459984540814194,77001.87,6514.3462981378425,0.0,-0.005884504400919921,2.3072956102129445,-0.1342423431493831
2026-05-19 00:00:00+00:00,0.0,0.08459984540814194,76834.36,6500.174978033525,0.0,-0.0021754017142699977,2.3022763153871595,-0.13612571384023842
2026-05-20 00:00:00+00:00,0.0,0.08459984540814194,77552.23,6560.906669056668,0.0,0.009343085567446563,2.3237866800017275,-0.12805446246513086
2026-05-21 00:00:00+00:00,0.0,0.08459984540814194,77615.52,6566.26099327255,0.0,0.000816095165800057,2.3256831110776273,-0.1273428719271078
2026-05-22 00:00:00+00:00,0.0,0.08459984540814194,75539.5,6390.630022208338,0.0,-0.026747485554435624,2.2634769356598836,-0.15068425585421275
2026-05-23 00:00:00+00:00,0.0,0.08459984540814194,76752.01,6493.208180764164,0.0,0.016051337379781483,2.2998087676055143,-0.13705160230296853
2026-05-24 00:00:00+00:00,0.0,0.08459984540814194,77064.96,6519.683702384643,0.0,0.0040774176467821555,2.3091860484587734,-0.13353300127793621
2026-05-25 00:00:00+00:00,0.0,0.08459984540814194,77322.01,6541.430092646805,0.0,0.003335497741126403,2.316888333307248,-0.13064290256093836
2026-05-26 00:00:00+00:00,0.0,0.08459984540814194,75930.01,6423.667107838672,0.0,-0.018002635989416205,2.2751782360145927,-0.14629362193094908
2026-05-27 00:00:00+00:00,7.105427357601002e-15,0.08538886288473145,74449.3,6357.141069564237,60.0,-0.019696854794987284,2.230364380667098,-0.1631089524973297
2026-05-28 00:00:00+00:00,7.105427357601002e-15,0.08538886288473145,73617.51,6286.115467305346,0.0,-0.011172569789104858,2.2054454789689615,-0.17245917613143025
2026-05-29 00:00:00+00:00,7.105427357601002e-15,0.08538886288473145,73460.78,6272.732470825423,0.0,-0.0021289771957784254,2.200750135837704,-0.17422099167402205
2026-05-30 00:00:00+00:00,7.105427357601002e-15,0.08538886288473145,73884.38,6308.903193143395,0.0,0.005766342257732537,2.2134404143446957,-0.1694592672827635
2026-05-31 00:00:00+00:00,7.105427357601002e-15,0.08538886288473145,73674.39,6290.97238582623,0.0,-0.0028421433596654833,2.207149499369051,-0.1718197831111874
2026-06-01 00:00:00+00:00,7.105427357601002e-15,0.08538886288473145,71408.9,6097.524770849499,0.0,-0.030750034034893292,2.1392795771433546,-0.19728635296754382
2026-06-02 00:00:00+00:00,7.105427357601002e-15,0.08538886288473145,66760.83,5700.631358940866,0.0,-0.06509090603552203,2.000031931203805,-0.24953571153996468
2026-06-03 00:00:00+00:00,5692.084114826356,0.0,64142.75,5692.084114826356,0.0,-0.0014993504361766608,1.9970331824553873,-0.2506609204982023
2026-06-04 00:00:00+00:00,5692.084114826356,0.0,63885.99,5692.084114826356,0.0,0.0,1.9970331824553873,-0.2506609204982023
2026-06-05 00:00:00+00:00,5692.084114826356,0.0,61056.47,5692.084114826356,0.0,0.0,1.9970331824553873,-0.2506609204982023
2026-06-06 00:00:00+00:00,5692.084114826356,0.0,60884.62,5692.084114826356,0.0,0.0,1.9970331824553873,-0.2506609204982023
2026-06-07 00:00:00+00:00,5692.084114826356,0.0,63332.01,5692.084114826356,0.0,0.0,1.9970331824553873,-0.2506609204982023
2026-06-08 00:00:00+00:00,5692.084114826356,0.0,63085.99,5692.084114826356,0.0,0.0,1.9970331824553873,-0.2506609204982023
2026-06-09 00:00:00+00:00,5692.084114826356,0.0,61730.0,5692.084114826356,0.0,0.0,1.9970331824553873,-0.2506609204982023
2026-06-10 00:00:00+00:00,5692.084114826356,0.0,61510.99,5692.084114826356,0.0,0.0,1.9970331824553873,-0.2506609204982023
2026-06-11 00:00:00+00:00,5692.084114826356,0.0,63625.99,5692.084114826356,0.0,0.0,1.9970331824553873,-0.2506609204982023
2026-06-12 00:00:00+00:00,5692.084114826356,0.0,63580.01,5692.084114826356,0.0,0.0,1.9970331824553873,-0.2506609204982023
2026-06-13 00:00:00+00:00,5692.084114826356,0.0,64458.01,5692.084114826356,0.0,0.0,1.9970331824553873,-0.2506609204982023
2026-06-14 00:00:00+00:00,5692.084114826356,0.0,65746.45,5692.084114826356,0.0,0.0,1.9970331824553873,-0.2506609204982023
2026-06-15 00:00:00+00:00,5692.084114826356,0.0,66328.74,5692.084114826356,0.0,0.0,1.9970331824553873,-0.2506609204982023
2026-06-16 00:00:00+00:00,5692.084114826356,0.0,65675.01,5692.084114826356,0.0,0.0,1.9970331824553873,-0.2506609204982023
2026-06-17 00:00:00+00:00,5692.084114826356,0.0,64509.4,5692.084114826356,0.0,0.0,1.9970331824553873,-0.2506609204982023
2026-06-18 00:00:00+00:00,5692.084114826356,0.0,62958.01,5692.084114826356,0.0,0.0,1.9970331824553873,-0.2506609204982023
2026-06-19 00:00:00+00:00,5692.084114826356,0.0,63543.91,5692.084114826356,0.0,0.0,1.9970331824553873,-0.2506609204982023
2026-06-20 00:00:00+00:00,5692.084114826356,0.0,64298.01,5692.084114826356,0.0,0.0,1.9970331824553873,-0.2506609204982023
2026-06-21 00:00:00+00:00,5692.084114826356,0.0,63311.99,5692.084114826356,0.0,0.0,1.9970331824553873,-0.2506609204982023
2026-06-22 00:00:00+00:00,5692.084114826356,0.0,64020.01,5692.084114826356,0.0,0.0,1.9970331824553873,-0.2506609204982023
2026-06-23 00:00:00+00:00,5692.084114826356,0.0,62734.57,5692.084114826356,0.0,0.0,1.9970331824553873,-0.2506609204982023
2026-06-24 00:00:00+00:00,5692.084114826356,0.0,61077.99,5692.084114826356,0.0,0.0,1.9970331824553873,-0.2506609204982023
2026-06-25 00:00:00+00:00,5692.084114826356,0.0,59794.0,5692.084114826356,0.0,0.0,1.9970331824553873,-0.2506609204982023
2026-06-26 00:00:00+00:00,5692.084114826356,0.0,60097.27,5692.084114826356,0.0,0.0,1.9970331824553873,-0.2506609204982023
2026-06-27 00:00:00+00:00,5752.084114826356,0.0,60029.0,5752.084114826356,60.0,0.0,1.9970331824553873,-0.2506609204982023
2026-06-28 00:00:00+00:00,5752.084114826356,0.0,59577.01,5752.084114826356,0.0,0.0,1.9970331824553873,-0.2506609204982023
2026-06-29 00:00:00+00:00,5752.084114826356,0.0,60260.21,5752.084114826356,0.0,0.0,1.9970331824553873,-0.2506609204982023
2026-06-30 00:00:00+00:00,5752.084114826356,0.0,58624.71,5752.084114826356,0.0,0.0,1.9970331824553873,-0.2506609204982023
2026-07-01 00:00:00+00:00,5752.084114826356,0.0,60024.0,5752.084114826356,0.0,0.0,1.9970331824553873,-0.2506609204982023
2026-07-02 00:00:00+00:00,5752.084114826356,0.0,61560.0,5752.084114826356,0.0,0.0,1.9970331824553873,-0.2506609204982023
2026-07-03 00:00:00+00:00,5752.084114826356,0.0,62583.26,5752.084114826356,0.0,0.0,1.9970331824553873,-0.2506609204982023
2026-07-04 00:00:00+00:00,5752.084114826356,0.0,63144.01,5752.084114826356,0.0,0.0,1.9970331824553873,-0.2506609204982023
2026-07-05 00:00:00+00:00,5752.084114826356,0.0,63650.0,5752.084114826356,0.0,0.0,1.9970331824553873,-0.2506609204982023
2026-07-06 00:00:00+00:00,5752.084114826356,0.0,64042.02,5752.084114826356,0.0,0.0,1.9970331824553873,-0.2506609204982023
2026-07-07 00:00:00+00:00,5752.084114826356,0.0,63363.99,5752.084114826356,0.0,0.0,1.9970331824553873,-0.2506609204982023
2026-07-08 00:00:00+00:00,5752.084114826356,0.0,62290.0,5752.084114826356,0.0,0.0,1.9970331824553873,-0.2506609204982023
2026-07-09 00:00:00+00:00,5752.084114826356,0.0,63230.0,5752.084114826356,0.0,0.0,1.9970331824553873,-0.2506609204982023
2026-07-10 00:00:00+00:00,5752.084114826356,0.0,64161.72,5752.084114826356,0.0,0.0,1.9970331824553873,-0.2506609204982023
2026-07-11 00:00:00+00:00,5752.084114826356,0.0,63819.0,5752.084114826356,0.0,0.0,1.9970331824553873,-0.2506609204982023
2026-07-12 00:00:00+00:00,5752.084114826356,0.0,63780.0,5752.084114826356,0.0,0.0,1.9970331824553873,-0.2506609204982023
2026-07-13 00:00:00+00:00,5752.084114826356,0.0,62334.52,5752.084114826356,0.0,0.0,1.9970331824553873,-0.2506609204982023
2026-07-14 00:00:00+00:00,5752.084114826356,0.0,65043.98,5752.084114826356,0.0,0.0,1.9970331824553873,-0.2506609204982023
2026-07-15 00:00:00+00:00,5752.084114826356,0.0,64756.28,5752.084114826356,0.0,0.0,1.9970331824553873,-0.2506609204982023
2026-07-16 00:00:00+00:00,5752.084114826356,0.0,63830.2,5752.084114826356,0.0,0.0,1.9970331824553873,-0.2506609204982023
2026-07-17 00:00:00+00:00,5752.084114826356,0.0,63931.67,5752.084114826356,0.0,0.0,1.9970331824553873,-0.2506609204982023
2026-07-18 00:00:00+00:00,5752.084114826356,0.0,64834.22,5752.084114826356,0.0,0.0,1.9970331824553873,-0.2506609204982023
2026-07-19 00:00:00+00:00,5752.084114826356,0.0,64722.54,5752.084114826356,0.0,0.0,1.9970331824553873,-0.2506609204982023
2026-07-20 00:00:00+00:00,5752.084114826356,0.0,65255.51,5752.084114826356,0.0,0.0,1.9970331824553873,-0.2506609204982023
2026-07-21 00:00:00+00:00,5752.084114826356,0.0,66556.16,5752.084114826356,0.0,0.0,1.9970331824553873,-0.2506609204982023
2026-07-22 00:00:00+00:00,5752.084114826356,0.0,66114.49,5752.084114826356,0.0,0.0,1.9970331824553873,-0.2506609204982023
2026-07-23 00:00:00+00:00,5752.084114826356,0.0,65098.97,5752.084114826356,0.0,0.0,1.9970331824553873,-0.2506609204982023
2026-07-24 00:00:00+00:00,5752.084114826356,0.0,64139.99,5752.084114826356,0.0,0.0,1.9970331824553873,-0.2506609204982023
2026-07-25 00:00:00+00:00,5752.084114826356,0.0,64375.0,5752.084114826356,0.0,0.0,1.9970331824553873,-0.2506609204982023
2026-07-26 00:00:00+00:00,5752.084114826356,0.0,65399.99,5752.084114826356,0.0,0.0,1.9970331824553873,-0.2506609204982023
2026-07-27 00:00:00+00:00,5812.084114826356,0.0,63755.86,5812.084114826356,60.0,0.0,1.9970331824553873,-0.2506609204982023
2026-07-28 00:00:00+00:00,5812.084114826356,0.0,63915.0,5812.084114826356,0.0,0.0,1.9970331824553873,-0.2506609204982023
2026-07-29 00:00:00+00:00,5812.084114826356,0.0,63984.28,5812.084114826356,0.0,0.0,1.9970331824553873,-0.2506609204982023
2026-07-30 00:00:00+00:00,5812.084114826356,0.0,64780.02,5812.084114826356,0.0,0.0,1.9970331824553873,-0.2506609204982023
2026-07-31 00:00:00+00:00,5812.084114826356,0.0,62887.88,5812.084114826356,0.0,0.0,1.9970331824553873,-0.2506609204982023
2026-08-01 00:00:00+00:00,5812.084114826356,0.0,62823.64,5812.084114826356,0.0,0.0,1.9970331824553873,-0.2506609204982023
2026-08-02 00:00:00+00:00,5812.084114826356,0.0,63570.0,5812.084114826356,0.0,0.0,1.9970331824553873,-0.2506609204982023
2026-08-03 00:00:00+00:00,5812.084114826356,0.0,63520.0,5812.084114826356,0.0,0.0,1.9970331824553873,-0.2506609204982023
2026-08-04 00:00:00+00:00,5812.084114826356,0.0,64106.56,5812.084114826356,0.0,0.0,1.9970331824553873,-0.2506609204982023
2026-08-05 00:00:00+00:00,5812.084114826356,0.0,64665.23,5812.084114826356,0.0,0.0,1.9970331824553873,-0.2506609204982023
2026-08-06 00:00:00+00:00,5812.084114826356,0.0,64323.61,5812.084114826356,0.0,0.0,1.9970331824553873,-0.2506609204982023
2026-08-07 00:00:00+00:00,5812.084114826356,0.0,64923.19,5812.084114826356,0.0,0.0,1.9970331824553873,-0.2506609204982023
2026-08-08 00:00:00+00:00,5812.084114826356,0.0,64962.6,5812.084114826356,0.0,0.0,1.9970331824553873,-0.2506609204982023
2026-08-09 00:00:00+00:00,5812.084114826356,0.0,64901.59,5812.084114826356,0.0,0.0,1.9970331824553873,-0.2506609204982023
2026-08-10 00:00:00+00:00,5812.084114826356,0.0,63970.01,5812.084114826356,0.0,0.0,1.9970331824553873,-0.2506609204982023
2026-08-11 00:00:00+00:00,5812.084114826356,0.0,63600.0,5812.084114826356,0.0,0.0,1.9970331824553873,-0.2506609204982023
2026-08-12 00:00:00+00:00,5812.084114826356,0.0,63479.99,5812.084114826356,0.0,0.0,1.9970331824553873,-0.2506609204982023
2026-08-13 00:00:00+00:00,5812.084114826356,0.0,63490.86,5812.084114826356,0.0,0.0,1.9970331824553873,-0.2506609204982023
2026-08-14 00:00:00+00:00,5812.084114826356,0.0,63043.56,5812.084114826356,0.0,0.0,1.9970331824553873,-0.2506609204982023
2026-08-15 00:00:00+00:00,5812.084114826356,0.0,63086.01,5812.084114826356,0.0,0.0,1.9970331824553873,-0.2506609204982023
2026-08-16 00:00:00+00:00,5812.084114826356,0.0,62900.0,5812.084114826356,0.0,0.0,1.9970331824553873,-0.2506609204982023
2026-08-17 00:00:00+00:00,5812.084114826356,0.0,64532.1,5812.084114826356,0.0,0.0,1.9970331824553873,-0.2506609204982023
2026-08-18 00:00:00+00:00,5812.084114826356,0.0,64725.42,5812.084114826356,0.0,0.0,1.9970331824553873,-0.2506609204982023
2026-08-19 00:00:00+00:00,5812.084114826356,0.0,69334.79,5812.084114826356,0.0,0.0,1.9970331824553873,-0.2506609204982023
2026-08-20 00:00:00+00:00,5812.084114826356,0.0,73025.15,5812.084114826356,0.0,0.0,1.9970331824553873,-0.2506609204982023
2026-08-21 00:00:00+00:00,5812.084114826356,0.0,78338.03,5812.084114826356,0.0,0.0,1.9970331824553873,-0.2506609204982023
2026-08-22 00:00:00+00:00,9.094947017729282e-13,0.07408121124458848,77074.93,5709.804170991871,0.0,-0.017597808602524245,1.9618897747376476,-0.26384764619766654
2026-08-23 00:00:00+00:00,9.094947017729282e-13,0.07408121124458848,77734.0,5758.628874886842,0.0,0.008551029498178098,1.9786659520736032,-0.2575527857051496
2026-08-24 00:00:00+00:00,9.094947017729282e-13,0.07408121124458848,78992.75,5851.878599540968,0.0,0.016193042941312852,2.0107065748020445,-0.245530306082415
2026-08-25 00:00:00+00:00,9.094947017729282e-13,0.07408121124458848,78539.14,5818.27462130831,0.0,-0.005742425728943457,1.9991602416335454,-0.2498627922644755
2026-08-26 00:00:00+00:00,9.094947017729282e-13,0.07408121124458848,79023.75,5854.17511708955,0.0,0.00617029929281121,2.0114956586587134,-0.2452342211820735
2026-08-27 00:00:00+00:00,0.0,0.07483933908447987,80249.58,6005.825529007095,60.0,0.015655563778746107,2.042986757233516,-0.23341793739377448
2026-08-28 00:00:00+00:00,0.0,0.07483933908447987,77845.87,5825.933461256339,0.0,-0.02995292934866467,1.9817933192338428,-0.2563793157549724
2026-08-29 00:00:00+00:00,0.0,0.07483933908447987,78230.0,5854.681496578861,0.0,0.004934494276960466,1.9915724670257207,-0.2527099237443359
2026-08-30 00:00:00+00:00,0.0,0.07483933908447987,77682.0,5813.669538760565,0.0,-0.007004985299757238,1.9776215311708043,-0.25794467974316126
2026-08-31 00:00:00+00:00,0.0,0.07483933908447987,78581.29,5880.9718080058465,0.0,0.011576555701449331,2.0005155769827887,-0.24935423499465115
2026-09-01 00:00:00+00:00,0.0,0.07483933908447987,77439.0,5795.483579363037,0.0,-0.014536411911792002,1.9714352585198107,-0.26026593103461104
2026-09-02 00:00:00+00:00,0.0,0.07483933908447987,77340.01,5788.0752331870635,0.0,-0.0012782964656053997,1.968915179796675,-0.2612115304804574
2026-09-03 00:00:00+00:00,0.0,0.07483933908447987,81270.37,6082.22077795114,0.0,0.050819233149827614,2.068973939370997,-0.22366686699953942
2026-09-04 00:00:00+00:00,0.0,0.07483933908447987,79660.77,5961.759377760762,0.0,-0.01980549614822713,2.0279968839840024,-0.23904252987492125
2026-09-05 00:00:00+00:00,0.0,0.07483933908447987,79831.75,5974.555407957426,0.0,0.0021463513345401086,2.0323496778023844,-0.23740924779339
2026-09-06 00:00:00+00:00,0.0,0.07483933908447987,80341.83,6012.729458037637,0.0,0.006389437786344487,2.0453352496288,-0.23253672162572425
2026-09-07 00:00:00+00:00,0.0,0.07483933908447987,79112.01,5920.690542044762,0.0,-0.015307343634069603,2.0140266001158564,-0.2442845457543289
2026-09-08 00:00:00+00:00,0.0,0.07483933908447987,78455.8,5871.580219344136,0.0,-0.008294695078534753,1.9973208635878374,-0.2505529750134331
2026-09-09 00:00:00+00:00,0.0,0.07483933908447987,78306.43,5860.4014672650865,0.0,-0.0019038745382751188,1.9935182152508868,-0.2519798281220911
2026-09-10 00:00:00+00:00,0.0,0.07483933908447987,76568.72,5730.352399344596,0.0,-0.02219115339570432,1.9492797467391236,-0.26857925849931497
2026-09-11 00:00:00+00:00,0.0,0.07483933908447987,77225.7,5779.520348336317,0.0,0.00858026619747565,1.9660050858594933,-0.26230347383488395
2026-09-12 00:00:00+00:00,0.0,0.07483933908447987,77278.73,5783.489078487967,0.0,0.0006866884987770661,1.9673551189404903,-0.26179690611477857
2026-09-13 00:00:00+00:00,0.0,0.07483933908447987,76842.01,5750.805242322993,0.0,-0.005651231587268657,1.956237139548959,-0.26596866275676223
2026-09-14 00:00:00+00:00,0.0,0.07483933908447987,78189.21,5851.6287999376045,0.0,0.01753207652949218,1.9905340387893662,-0.25309956917716836
2026-09-15 00:00:00+00:00,0.0,0.07483933908447987,75644.48,5661.1828885891555,0.0,-0.03254579500163779,1.9257505260191454,-0.27740803748536313
2026-09-16 00:00:00+00:00,0.0,0.07483933908447987,76206.01,5703.207422665264,0.0,0.007423277944405227,1.9400459074253702,-0.27204403650722375
2026-09-17 00:00:00+00:00,0.0,0.07483933908447987,76417.01,5718.998523212089,0.0,0.002768810491455831,1.9454175268877556,-0.27002846439818706
2026-09-18 00:00:00+00:00,0.0,0.07483933908447987,80883.87,6053.295373394989,0.0,0.05845373955353672,2.059134456327338,-0.22735889837462342
2026-09-19 00:00:00+00:00,0.0,0.07483933908447987,81249.99,6080.695552220599,0.0,0.004526489644968823,2.068455107121502,-0.22386154642883882
2026-09-20 00:00:00+00:00,0.0,0.07483933908447987,81178.0,6075.307868199907,0.0,-0.0008860308782807635,2.0666223920262548,-0.22454922906452401
2026-09-21 00:00:00+00:00,0.0,0.07483933908447987,86620.0,6482.583551497646,0.0,0.06703786740249829,2.205164349913945,-0.17256466310538643
2026-09-22 00:00:00+00:00,0.0,0.07483933908447987,86208.56,6451.791653824728,0.0,-0.004749942276610408,2.1946899465414145,-0.1764949331932636
2026-09-23 00:00:00+00:00,0.0,0.07483933908447987,84397.6,6316.260604316299,0.0,-0.021006730654125283,2.1485866859651024,-0.1937940823239801
2026-09-24 00:00:00+00:00,0.0,0.07483933908447987,84410.24,6317.206573562326,0.0,0.00014976729196081173,2.1489084739746023,-0.19367333904692707
2026-09-25 00:00:00+00:00,0.0,0.07483933908447987,84099.99,6293.987668611367,0.0,-0.003675501929623737,2.141010156731924,-0.19663699424516712
2026-09-26 00:00:00+00:00,0.0,0.07483933908447987,84433.1,6318.9174008537975,0.0,0.003960880375847742,2.149490441846214,-0.19345496948099083
