date,equity,deposit,return,twr,drawdown
2021-09-27 00:00:00+00:00,98.19369710400451,100.0,0.0,1.0,0.0
2021-09-28 00:00:00+00:00,96.61821476830086,0.0,-0.01604463812005097,0.983955361879949,-0.01604463812005097
2021-09-29 00:00:00+00:00,97.21274133084597,0.0,0.006153359011764392,0.9900099924731469,-0.009990007526853084
2021-09-30 00:00:00+00:00,99.17308627225518,0.0,0.02016551446417414,1.009974053296041,0.0
2021-10-01 00:00:00+00:00,103.2110104223475,0.0,0.0407159270914208,1.0510960832142695,0.0
2021-10-02 00:00:00+00:00,103.50688436857124,0.0,0.0028666897554145976,1.0541092495879762,0.0
2021-10-03 00:00:00+00:00,104.60139849699195,0.0,0.0105743123763955,1.0652557300719674,0.0
2021-10-04 00:00:00+00:00,105.46668944085656,0.0,0.008272269360619422,1.074067812409066,0.0
2021-10-05 00:00:00+00:00,109.9466224595298,0.0,0.042477231839020524,1.1196912398875953,0.0
2021-10-06 00:00:00+00:00,115.50742100360415,0.0,0.050577256669446236,1.1763221511179207,0.0
2021-10-07 00:00:00+00:00,113.76790945748671,0.0,-0.015059738422028901,1.1586070472220464,-0.015059738422028901
2021-10-08 00:00:00+00:00,113.65699080038456,0.0,-0.0009749555707850854,1.1574774568270065,-0.016020011416944868
2021-10-09 00:00:00+00:00,115.05193224850807,0.0,0.012273256913632569,1.1716834750263825,-0.003943372219191721
2021-10-10 00:00:00+00:00,112.59350442020963,0.0,-0.021367983833494586,1.146646961474046,-0.025227094138857153
2021-10-11 00:00:00+00:00,117.76309009485203,0.0,0.045913711463754,1.1992937792139555,0.0
2021-10-12 00:00:00+00:00,115.26687084864093,0.0,-0.021196957758161106,1.1738723996363318,-0.021196957758161217
2021-10-13 00:00:00+00:00,118.48572527780598,0.0,0.02792523476577924,1.206653061981245,0.0
2021-10-14 00:00:00+00:00,120.85630044658197,0.0,0.020007263855775337,1.230794888174683,0.0
2021-10-15 00:00:00+00:00,127.25843824883698,0.0,0.05297314065214764,1.295993958899905,0.0
2021-10-16 00:00:00+00:00,125.75725520719762,0.0,-0.01179633399793889,1.2807059813014106,-0.01179633399793889
2021-10-17 00:00:00+00:00,126.79008597255016,0.0,0.008212892080467604,1.2912242813126484,-0.0036803239355415185
2021-10-18 00:00:00+00:00,126.05912588308453,0.0,-0.005765120228910292,1.2837802180883928,-0.00942422665448206
2021-10-19 00:00:00+00:00,130.60915368709823,0.0,0.03609439437358697,1.3301174875690847,0.0
2021-10-20 00:00:00+00:00,136.4598367498306,0.0,0.044795352374374264,1.3897005691240591,0.0
2021-10-21 00:00:00+00:00,130.3085913678983,0.0,-0.045077332117942404,1.3270565750251604,-0.045077332117942404
2021-10-22 00:00:00+00:00,127.38105538562169,0.0,-0.022466177797988207,1.2972426860626558,-0.06653079455791
2021-10-23 00:00:00+00:00,130.6705882312008,0.0,0.025824349120210144,1.330743134081177,-0.04242455990360827
2021-10-24 00:00:00+00:00,129.02289783037375,0.0,-0.01260949708064174,1.3139631324168963,-0.05449910461999796
2021-10-25 00:00:00+00:00,133.5958717161545,0.0,0.03544311872294825,1.3605340837167255,-0.020987604132390647
2021-10-26 00:00:00+00:00,129.01371455638736,0.0,-0.03429864337052768,1.3138696103858778,-0.05456640115357969
2021-10-27 00:00:00+00:00,219.8174632194359,100.0,-0.07128119183741588,1.2202154186386112,-0.1219580348824898
2021-10-28 00:00:00+00:00,232.92731496476136,0.0,0.05963971903469001,1.2929887233680146,-0.06959185878221441
2021-10-29 00:00:00+00:00,239.7005624779243,0.0,0.029078803034275458,1.3305872877803724,-0.04253670370225604
2021-10-30 00:00:00+00:00,236.6317147355008,0.0,-0.012802839136875854,1.3135519927773482,-0.05479495226421904
2021-10-31 00:00:00+00:00,234.5741143436468,0.0,-0.008695370331715302,1.3021301717501865,-0.06301386019368838
2021-11-01 00:00:00+00:00,234.43652373569688,0.0,-0.0005865549501696821,1.3013664008521812,-0.06356345405223207
2021-11-02 00:00:00+00:00,245.74812566820026,0.0,0.048250169181215385,1.3641575498600484,-0.018380232282779185
2021-11-03 00:00:00+00:00,245.33010781893216,0.0,-0.001701001169923444,1.3618371162717766,-0.020049968656086214
2021-11-04 00:00:00+00:00,240.35658717072954,0.0,-0.02027276917790033,1.3342289067557014,-0.03991626944739757
2021-11-05 00:00:00+00:00,238.01234562801477,0.0,-0.009753182013062967,1.321215929381023,-0.04928014081925758
2021-11-06 00:00:00+00:00,240.20036141995473,0.0,0.009192866807672173,1.3333616914439976,-0.04054029978240015
2021-11-07 00:00:00+00:00,246.38385049546056,0.0,0.0257430465089723,1.3676864834801223,-0.01584088409621398
2021-11-08 00:00:00+00:00,260.33799513964044,0.0,0.05663579254938611,1.4451464914311019,0.0
2021-11-09 00:00:00+00:00,257.3253961226119,0.0,-0.011571876073688925,1.428423435323935,-0.011571876073688814
2021-11-10 00:00:00+00:00,250.35152763539196,0.0,-0.027101361126039003,1.3897112159623237,-0.038359623607349014
2021-11-11 00:00:00+00:00,252.15949264212458,0.0,0.007221705510683796,1.399747301108898,-0.03141494000185818
2021-11-12 00:00:00+00:00,249.48401860762235,0.0,-0.01061024515265574,1.3848956390923644,-0.04169186493963817
2021-11-13 00:00:00+00:00,249.57952677731845,0.0,0.00038282279654278106,1.3854258087138416,-0.04132500273942474
2021-11-14 00:00:00+00:00,251.7242801071142,0.0,0.00859346660958038,1.3973314191410748,-0.03308666116102643
2021-11-15 00:00:00+00:00,246.0202081507278,0.0,-0.02265999908296168,1.3656678904647446,-0.05499691653242089
2021-11-16 00:00:00+00:00,230.0376794867898,0.0,-0.06496429209646903,1.2769482427218242,-0.11638837287887271
2021-11-17 00:00:00+00:00,232.4508496177396,0.0,0.010490325482040763,1.290343845411696,-0.10711899931065649
2021-11-18 00:00:00+00:00,218.11426008292938,0.0,-0.06167578891790004,1.2107608707705728,-0.16218813943797583
2021-11-19 00:00:00+00:00,227.47920062661927,0.0,0.04293593889793934,1.2627460255379939,-0.12621590058491594
2021-11-20 00:00:00+00:00,233.85070691697817,0.0,0.028009181818855478,1.2981145085583246,-0.10174192287397399
2021-11-21 00:00:00+00:00,227.92586802970604,0.0,-0.025335988782687613,1.2652254939308467,-0.12450017943999758
2021-11-22 00:00:00+00:00,218.69618203650867,0.0,-0.040494245225357384,1.2139911425142371,-0.1599528838685107
2021-11-23 00:00:00+00:00,227.35112524269098,0.0,0.039575191142282806,1.2620350740242763,-0.12670785867908363
2021-11-24 00:00:00+00:00,224.85707925920084,0.0,-0.010970018207861587,1.24819052628327,-0.13628788937015657
2021-11-25 00:00:00+00:00,234.73928482959417,0.0,0.04394883008776329,1.3030470396400493,-0.09832875257534213
2021-11-26 00:00:00+00:00,212.03891520992232,0.0,-0.09670460415754811,1.1770363914729933,-0.18552451363778633
2021-11-27 00:00:00+00:00,316.9900787171644,100.0,0.023350258618048292,1.2045204956167421,-0.16650630039316794
2021-11-28 00:00:00+00:00,332.0567443067705,0.0,0.047530401110911,1.2617718379197191,-0.1268900105274381
2021-11-29 00:00:00+00:00,338.6203332152333,0.0,0.019766467692639456,1.2867126101894415,-0.109631710128408
2021-11-30 00:00:00+00:00,341.907874303809,0.0,0.009708634615529954,1.2992048327769656,-0.10098744972879037
2021-12-01 00:00:00+00:00,341.1481931541105,0.0,-0.0022218884289967322,1.296318144592122,-0.10298495531176077
2021-12-02 00:00:00+00:00,336.4497074562996,0.0,-0.013772565096624723,1.2784645185597912,-0.11533915340738132
2021-12-03 00:00:00+00:00,317.1621552596233,0.0,-0.057326702235820814,1.205174363785252,-0.16605384233968556
2021-12-04 00:00:00+00:00,299.03656371693364,0.0,-0.05714928859608859,1.136299506260681,-0.21371327197741408
2021-12-05 00:00:00+00:00,302.43616861333925,0.0,0.011368525822225806,1.149217556539388,-0.20477435100621588
2021-12-06 00:00:00+00:00,310.86999381448805,0.0,0.027886298255323183,1.181264980081299,-0.18259845137809227
2021-12-07 00:00:00+00:00,310.01991916555517,0.0,-0.0027345020936313524,1.1780348085201333,-0.18483363762413652
2021-12-08 00:00:00+00:00,313.8804427234953,0.0,0.012452501659671045,1.1927042889283805,-0.17468277714374303
2021-12-09 00:00:00+00:00,293.27068042654435,0.0,-0.06566118652733832,1.1143899101410977,-0.22887408525793262
2021-12-10 00:00:00+00:00,285.1405362207906,0.0,-0.02772232189705759,1.083496434333333,-0.25025148608957515
2021-12-11 00:00:00+00:00,298.9238501217132,0.0,0.048338668656531913,1.1358712094631058,-0.21400964109993192
2021-12-12 00:00:00+00:00,302.47447790823753,0.0,0.011878034439468887,1.1493631268079099,-0.20467362054782645
2021-12-13 00:00:00+00:00,279.8902168641662,0.0,-0.07466501372364642,1.063545913171344,-0.26405667558440105
2021-12-14 00:00:00+00:00,282.16803429512345,0.0,0.008138253121089623,1.0722013190186328,-0.2580673825275307
2021-12-15 00:00:00+00:00,288.85892782334264,0.0,0.02371244334934519,1.0976258320549552,-0.2404743473666835
2021-12-16 00:00:00+00:00,282.8901504001418,0.0,-0.020663295637693313,1.0749452649876345,-0.25616865047145765
2021-12-17 00:00:00+00:00,275.34577290682523,0.0,-0.026668929556738608,1.0462776254383297,-0.2760058363341281
2021-12-18 00:00:00+00:00,277.88633370326534,0.0,0.009226801521662775,1.055931421424806,-0.26932568588314076
2021-12-19 00:00:00+00:00,276.7193856344419,0.0,-0.004199371927622542,1.05149717265618,-0.27239405908607806
2021-12-20 00:00:00+00:00,277.39073128230655,0.0,0.002426088242157176,1.0540481975834226,-0.270628822867903
2021-12-21 00:00:00+00:00,279.65419970750133,0.0,0.008159856007918354,1.0626490791011092,-0.26467725908617923
2021-12-22 00:00:00+00:00,277.3920129364547,0.0,-0.008089228673886284,1.0540530677001656,-0.27062545288654005
2021-12-23 00:00:00+00:00,288.5314203054171,0.0,0.04015763558237073,1.0963813466773489,-0.24133549562050094
2021-12-24 00:00:00+00:00,286.35328211984813,0.0,-0.007549050232599885,1.088104708817196,-0.2470626920737523
2021-12-25 00:00:00+00:00,286.6564354436101,0.0,0.001058668933415996,1.0892566514687245,-0.24626558073704086
2021-12-26 00:00:00+00:00,286.77884874216363,0.0,0.0004270383756221907,1.0897218058598035,-0.24594370721498815
2021-12-27 00:00:00+00:00,385.19926595061725,100.0,-0.005508017060792958,1.0837195995616096,-0.25009706214044636
2021-12-28 00:00:00+00:00,361.50428172483043,0.0,-0.0615135757523082,1.0170561318797153,-0.29622627331534845
2021-12-29 00:00:00+00:00,354.30542993015285,0.0,-0.019913600359945938,0.9968028825258302,-0.3102409420523765
2021-12-30 00:00:00+00:00,357.66112927357693,0.0,0.009471204954678791,1.006243806925647,-0.30370809264520837
2021-12-31 00:00:00+00:00,356.2591021326218,0.0,-0.003919987457968066,1.0022993438228405,-0.3064375481891237
2022-01-01 00:00:00+00:00,360.04890370522173,0.0,0.010637767708708612,1.0129615714170188,-0.2990595919352773
2022-01-02 00:00:00+00:00,362.7108032982035,0.0,0.007393161222235101,1.0204505596264335,-0.29387742649127546
2022-01-03 00:00:00+00:00,360.06375568764713,0.0,-0.007297956351137613,1.0130033559837859,-0.29903067821129514
2022-01-04 00:00:00+00:00,360.8793416939776,0.0,0.0022651155342554574,1.0152979256216776,-0.297442901711475
2022-01-05 00:00:00+00:00,350.5050197986776,0.0,-0.028747342107759977,0.9861108088125322,-0.31763955096621044
2022-01-06 00:00:00+00:00,344.8264704039253,0.0,-0.016201050124799665,0.9701347781703537,-0.32869450680418766
2022-01-07 00:00:00+00:00,336.0183961409697,0.0,-0.025543498016953214,0.9453541423879819,-0.3458419973384047
2022-01-08 00:00:00+00:00,335.7911005252405,0.0,-0.0006764380115481528,0.9447146689116961,-0.34628449467696343
2022-01-09 00:00:00+00:00,335.7911005252405,0.0,0.0,0.9447146689116961,-0.34628449467696343
2022-01-10 00:00:00+00:00,335.7911005252405,0.0,0.0,0.9447146689116961,-0.34628449467696343
2022-01-11 00:00:00+00:00,335.7911005252405,0.0,0.0,0.9447146689116961,-0.34628449467696343
2022-01-12 00:00:00+00:00,335.7911005252405,0.0,0.0,0.9447146689116961,-0.34628449467696343
2022-01-13 00:00:00+00:00,335.7911005252405,0.0,0.0,0.9447146689116961,-0.34628449467696343
2022-01-14 00:00:00+00:00,335.7911005252405,0.0,0.0,0.9447146689116961,-0.34628449467696343
2022-01-15 00:00:00+00:00,335.7911005252405,0.0,0.0,0.9447146689116961,-0.34628449467696343
2022-01-16 00:00:00+00:00,335.7911005252405,0.0,0.0,0.9447146689116961,-0.34628449467696343
2022-01-17 00:00:00+00:00,335.7911005252405,0.0,0.0,0.9447146689116961,-0.34628449467696343
2022-01-18 00:00:00+00:00,335.7911005252405,0.0,0.0,0.9447146689116961,-0.34628449467696343
2022-01-19 00:00:00+00:00,335.7911005252405,0.0,0.0,0.9447146689116961,-0.34628449467696343
2022-01-20 00:00:00+00:00,335.7911005252405,0.0,0.0,0.9447146689116961,-0.34628449467696343
2022-01-21 00:00:00+00:00,335.7911005252405,0.0,0.0,0.9447146689116961,-0.34628449467696343
2022-01-22 00:00:00+00:00,335.7911005252405,0.0,0.0,0.9447146689116961,-0.34628449467696343
2022-01-23 00:00:00+00:00,335.7911005252405,0.0,0.0,0.9447146689116961,-0.34628449467696343
2022-01-24 00:00:00+00:00,335.7911005252405,0.0,0.0,0.9447146689116961,-0.34628449467696343
2022-01-25 00:00:00+00:00,335.7911005252405,0.0,0.0,0.9447146689116961,-0.34628449467696343
2022-01-26 00:00:00+00:00,335.7911005252405,0.0,0.0,0.9447146689116961,-0.34628449467696343
2022-01-27 00:00:00+00:00,435.7911005252405,100.0,0.0,0.9447146689116961,-0.34628449467696343
2022-01-28 00:00:00+00:00,435.7911005252405,0.0,0.0,0.9447146689116961,-0.34628449467696343
2022-01-29 00:00:00+00:00,435.7911005252405,0.0,0.0,0.9447146689116961,-0.34628449467696343
2022-01-30 00:00:00+00:00,435.7911005252405,0.0,0.0,0.9447146689116961,-0.34628449467696343
2022-01-31 00:00:00+00:00,435.7911005252405,0.0,0.0,0.9447146689116961,-0.34628449467696343
2022-02-01 00:00:00+00:00,435.7911005252405,0.0,0.0,0.9447146689116961,-0.34628449467696343
2022-02-02 00:00:00+00:00,435.7911005252405,0.0,0.0,0.9447146689116961,-0.34628449467696343
2022-02-03 00:00:00+00:00,435.7911005252405,0.0,0.0,0.9447146689116961,-0.34628449467696343
2022-02-04 00:00:00+00:00,435.7911005252405,0.0,0.0,0.9447146689116961,-0.34628449467696343
2022-02-05 00:00:00+00:00,435.7911005252405,0.0,0.0,0.9447146689116961,-0.34628449467696343
2022-02-06 00:00:00+00:00,435.7911005252405,0.0,0.0,0.9447146689116961,-0.34628449467696343
2022-02-07 00:00:00+00:00,435.7911005252405,0.0,0.0,0.9447146689116961,-0.34628449467696343
2022-02-08 00:00:00+00:00,435.7911005252405,0.0,0.0,0.9447146689116961,-0.34628449467696343
2022-02-09 00:00:00+00:00,435.7911005252405,0.0,0.0,0.9447146689116961,-0.34628449467696343
2022-02-10 00:00:00+00:00,435.7911005252405,0.0,0.0,0.9447146689116961,-0.34628449467696343
2022-02-11 00:00:00+00:00,435.7911005252405,0.0,0.0,0.9447146689116961,-0.34628449467696343
2022-02-12 00:00:00+00:00,435.7911005252405,0.0,0.0,0.9447146689116961,-0.34628449467696343
2022-02-13 00:00:00+00:00,435.7911005252405,0.0,0.0,0.9447146689116961,-0.34628449467696343
2022-02-14 00:00:00+00:00,435.7911005252405,0.0,0.0,0.9447146689116961,-0.34628449467696343
2022-02-15 00:00:00+00:00,435.7911005252405,0.0,0.0,0.9447146689116961,-0.34628449467696343
2022-02-16 00:00:00+00:00,435.7911005252405,0.0,0.0,0.9447146689116961,-0.34628449467696343
2022-02-17 00:00:00+00:00,435.7911005252405,0.0,0.0,0.9447146689116961,-0.34628449467696343
2022-02-18 00:00:00+00:00,435.7911005252405,0.0,0.0,0.9447146689116961,-0.34628449467696343
2022-02-19 00:00:00+00:00,435.7911005252405,0.0,0.0,0.9447146689116961,-0.34628449467696343
2022-02-20 00:00:00+00:00,435.7911005252405,0.0,0.0,0.9447146689116961,-0.34628449467696343
2022-02-21 00:00:00+00:00,435.7911005252405,0.0,0.0,0.9447146689116961,-0.34628449467696343
2022-02-22 00:00:00+00:00,435.7911005252405,0.0,0.0,0.9447146689116961,-0.34628449467696343
2022-02-23 00:00:00+00:00,435.7911005252405,0.0,0.0,0.9447146689116961,-0.34628449467696343
2022-02-24 00:00:00+00:00,435.7911005252405,0.0,0.0,0.9447146689116961,-0.34628449467696343
2022-02-25 00:00:00+00:00,435.7911005252405,0.0,0.0,0.9447146689116961,-0.34628449467696343
2022-02-26 00:00:00+00:00,435.7911005252405,0.0,0.0,0.9447146689116961,-0.34628449467696343
2022-02-27 00:00:00+00:00,535.7911005252405,100.0,0.0,0.9447146689116961,-0.34628449467696343
2022-02-28 00:00:00+00:00,535.7911005252405,0.0,0.0,0.9447146689116961,-0.34628449467696343
2022-03-01 00:00:00+00:00,535.7911005252405,0.0,0.0,0.9447146689116961,-0.34628449467696343
2022-03-02 00:00:00+00:00,535.7911005252405,0.0,0.0,0.9447146689116961,-0.34628449467696343
2022-03-03 00:00:00+00:00,535.7911005252405,0.0,0.0,0.9447146689116961,-0.34628449467696343
2022-03-04 00:00:00+00:00,535.7911005252405,0.0,0.0,0.9447146689116961,-0.34628449467696343
2022-03-05 00:00:00+00:00,535.7911005252405,0.0,0.0,0.9447146689116961,-0.34628449467696343
2022-03-06 00:00:00+00:00,535.7911005252405,0.0,0.0,0.9447146689116961,-0.34628449467696343
2022-03-07 00:00:00+00:00,535.7911005252405,0.0,0.0,0.9447146689116961,-0.34628449467696343
2022-03-08 00:00:00+00:00,535.7911005252405,0.0,0.0,0.9447146689116961,-0.34628449467696343
2022-03-09 00:00:00+00:00,535.7911005252405,0.0,0.0,0.9447146689116961,-0.34628449467696343
2022-03-10 00:00:00+00:00,535.7911005252405,0.0,0.0,0.9447146689116961,-0.34628449467696343
2022-03-11 00:00:00+00:00,535.7911005252405,0.0,0.0,0.9447146689116961,-0.34628449467696343
2022-03-12 00:00:00+00:00,535.7911005252405,0.0,0.0,0.9447146689116961,-0.34628449467696343
2022-03-13 00:00:00+00:00,535.7911005252405,0.0,0.0,0.9447146689116961,-0.34628449467696343
2022-03-14 00:00:00+00:00,535.7911005252405,0.0,0.0,0.9447146689116961,-0.34628449467696343
2022-03-15 00:00:00+00:00,535.7911005252405,0.0,0.0,0.9447146689116961,-0.34628449467696343
2022-03-16 00:00:00+00:00,535.7911005252405,0.0,0.0,0.9447146689116961,-0.34628449467696343
2022-03-17 00:00:00+00:00,535.7911005252405,0.0,0.0,0.9447146689116961,-0.34628449467696343
2022-03-18 00:00:00+00:00,535.7911005252405,0.0,0.0,0.9447146689116961,-0.34628449467696343
2022-03-19 00:00:00+00:00,535.7911005252405,0.0,0.0,0.9447146689116961,-0.34628449467696343
2022-03-20 00:00:00+00:00,535.7911005252405,0.0,0.0,0.9447146689116961,-0.34628449467696343
2022-03-21 00:00:00+00:00,535.7911005252405,0.0,0.0,0.9447146689116961,-0.34628449467696343
2022-03-22 00:00:00+00:00,535.7911005252405,0.0,0.0,0.9447146689116961,-0.34628449467696343
2022-03-23 00:00:00+00:00,535.7911005252405,0.0,0.0,0.9447146689116961,-0.34628449467696343
2022-03-24 00:00:00+00:00,535.7911005252405,0.0,0.0,0.9447146689116961,-0.34628449467696343
2022-03-25 00:00:00+00:00,535.7911005252405,0.0,0.0,0.9447146689116961,-0.34628449467696343
2022-03-26 00:00:00+00:00,535.7911005252405,0.0,0.0,0.9447146689116961,-0.34628449467696343
2022-03-27 00:00:00+00:00,635.7911005252405,100.0,0.0,0.9447146689116961,-0.34628449467696343
2022-03-28 00:00:00+00:00,635.7911005252405,0.0,0.0,0.9447146689116961,-0.34628449467696343
2022-03-29 00:00:00+00:00,635.7911005252405,0.0,0.0,0.9447146689116961,-0.34628449467696343
2022-03-30 00:00:00+00:00,635.7911005252405,0.0,0.0,0.9447146689116961,-0.34628449467696343
2022-03-31 00:00:00+00:00,635.7911005252405,0.0,0.0,0.9447146689116961,-0.34628449467696343
2022-04-01 00:00:00+00:00,635.7911005252405,0.0,0.0,0.9447146689116961,-0.34628449467696343
2022-04-02 00:00:00+00:00,635.7911005252405,0.0,0.0,0.9447146689116961,-0.34628449467696343
2022-04-03 00:00:00+00:00,635.7911005252405,0.0,0.0,0.9447146689116961,-0.34628449467696343
2022-04-04 00:00:00+00:00,635.2343820900348,0.0,-0.0008756310598649897,0.943887447404887,-0.34685690827773963
2022-04-05 00:00:00+00:00,627.083495655765,0.0,-0.01283130552136047,0.9317761391894578,-0.35523758683679385
2022-04-06 00:00:00+00:00,626.714108834834,0.0,-0.0005890552430258822,0.9312272715693418,-0.35561738751677374
2022-04-07 00:00:00+00:00,626.714108834834,0.0,0.0,0.9312272715693418,-0.35561738751677374
2022-04-08 00:00:00+00:00,626.714108834834,0.0,0.0,0.9312272715693418,-0.35561738751677374
2022-04-09 00:00:00+00:00,626.714108834834,0.0,0.0,0.9312272715693418,-0.35561738751677374
2022-04-10 00:00:00+00:00,626.714108834834,0.0,0.0,0.9312272715693418,-0.35561738751677374
2022-04-11 00:00:00+00:00,626.714108834834,0.0,0.0,0.9312272715693418,-0.35561738751677374
2022-04-12 00:00:00+00:00,626.714108834834,0.0,0.0,0.9312272715693418,-0.35561738751677374
2022-04-13 00:00:00+00:00,626.714108834834,0.0,0.0,0.9312272715693418,-0.35561738751677374
2022-04-14 00:00:00+00:00,626.714108834834,0.0,0.0,0.9312272715693418,-0.35561738751677374
2022-04-15 00:00:00+00:00,626.714108834834,0.0,0.0,0.9312272715693418,-0.35561738751677374
2022-04-16 00:00:00+00:00,626.714108834834,0.0,0.0,0.9312272715693418,-0.35561738751677374
2022-04-17 00:00:00+00:00,626.714108834834,0.0,0.0,0.9312272715693418,-0.35561738751677374
2022-04-18 00:00:00+00:00,626.714108834834,0.0,0.0,0.9312272715693418,-0.35561738751677374
2022-04-19 00:00:00+00:00,626.714108834834,0.0,0.0,0.9312272715693418,-0.35561738751677374
2022-04-20 00:00:00+00:00,626.714108834834,0.0,0.0,0.9312272715693418,-0.35561738751677374
2022-04-21 00:00:00+00:00,626.714108834834,0.0,0.0,0.9312272715693418,-0.35561738751677374
2022-04-22 00:00:00+00:00,626.714108834834,0.0,0.0,0.9312272715693418,-0.35561738751677374
2022-04-23 00:00:00+00:00,626.714108834834,0.0,0.0,0.9312272715693418,-0.35561738751677374
2022-04-24 00:00:00+00:00,626.714108834834,0.0,0.0,0.9312272715693418,-0.35561738751677374
2022-04-25 00:00:00+00:00,626.714108834834,0.0,0.0,0.9312272715693418,-0.35561738751677374
2022-04-26 00:00:00+00:00,626.714108834834,0.0,0.0,0.9312272715693418,-0.35561738751677374
2022-04-27 00:00:00+00:00,726.714108834834,100.0,0.0,0.9312272715693418,-0.35561738751677374
2022-04-28 00:00:00+00:00,726.714108834834,0.0,0.0,0.9312272715693418,-0.35561738751677374
2022-04-29 00:00:00+00:00,726.714108834834,0.0,0.0,0.9312272715693418,-0.35561738751677374
2022-04-30 00:00:00+00:00,726.714108834834,0.0,0.0,0.9312272715693418,-0.35561738751677374
2022-05-01 00:00:00+00:00,726.714108834834,0.0,0.0,0.9312272715693418,-0.35561738751677374
2022-05-02 00:00:00+00:00,726.714108834834,0.0,0.0,0.9312272715693418,-0.35561738751677374
2022-05-03 00:00:00+00:00,726.714108834834,0.0,0.0,0.9312272715693418,-0.35561738751677374
2022-05-04 00:00:00+00:00,726.714108834834,0.0,0.0,0.9312272715693418,-0.35561738751677374
2022-05-05 00:00:00+00:00,726.714108834834,0.0,0.0,0.9312272715693418,-0.35561738751677374
2022-05-06 00:00:00+00:00,726.714108834834,0.0,0.0,0.9312272715693418,-0.35561738751677374
2022-05-07 00:00:00+00:00,726.714108834834,0.0,0.0,0.9312272715693418,-0.35561738751677374
2022-05-08 00:00:00+00:00,726.714108834834,0.0,0.0,0.9312272715693418,-0.35561738751677374
2022-05-09 00:00:00+00:00,726.714108834834,0.0,0.0,0.9312272715693418,-0.35561738751677374
2022-05-10 00:00:00+00:00,726.714108834834,0.0,0.0,0.9312272715693418,-0.35561738751677374
2022-05-11 00:00:00+00:00,726.714108834834,0.0,0.0,0.9312272715693418,-0.35561738751677374
2022-05-12 00:00:00+00:00,726.714108834834,0.0,0.0,0.9312272715693418,-0.35561738751677374
2022-05-13 00:00:00+00:00,726.714108834834,0.0,0.0,0.9312272715693418,-0.35561738751677374
2022-05-14 00:00:00+00:00,726.714108834834,0.0,0.0,0.9312272715693418,-0.35561738751677374
2022-05-15 00:00:00+00:00,726.714108834834,0.0,0.0,0.9312272715693418,-0.35561738751677374
2022-05-16 00:00:00+00:00,726.714108834834,0.0,0.0,0.9312272715693418,-0.35561738751677374
2022-05-17 00:00:00+00:00,726.714108834834,0.0,0.0,0.9312272715693418,-0.35561738751677374
2022-05-18 00:00:00+00:00,726.714108834834,0.0,0.0,0.9312272715693418,-0.35561738751677374
2022-05-19 00:00:00+00:00,726.714108834834,0.0,0.0,0.9312272715693418,-0.35561738751677374
2022-05-20 00:00:00+00:00,726.714108834834,0.0,0.0,0.9312272715693418,-0.35561738751677374
2022-05-21 00:00:00+00:00,726.714108834834,0.0,0.0,0.9312272715693418,-0.35561738751677374
2022-05-22 00:00:00+00:00,726.714108834834,0.0,0.0,0.9312272715693418,-0.35561738751677374
2022-05-23 00:00:00+00:00,726.714108834834,0.0,0.0,0.9312272715693418,-0.35561738751677374
2022-05-24 00:00:00+00:00,726.714108834834,0.0,0.0,0.9312272715693418,-0.35561738751677374
2022-05-25 00:00:00+00:00,726.714108834834,0.0,0.0,0.9312272715693418,-0.35561738751677374
2022-05-26 00:00:00+00:00,726.714108834834,0.0,0.0,0.9312272715693418,-0.35561738751677374
2022-05-27 00:00:00+00:00,826.714108834834,100.0,0.0,0.9312272715693418,-0.35561738751677374
2022-05-28 00:00:00+00:00,826.714108834834,0.0,0.0,0.9312272715693418,-0.35561738751677374
2022-05-29 00:00:00+00:00,826.714108834834,0.0,0.0,0.9312272715693418,-0.35561738751677374
2022-05-30 00:00:00+00:00,826.714108834834,0.0,0.0,0.9312272715693418,-0.35561738751677374
2022-05-31 00:00:00+00:00,826.714108834834,0.0,0.0,0.9312272715693418,-0.35561738751677374
2022-06-01 00:00:00+00:00,826.714108834834,0.0,0.0,0.9312272715693418,-0.35561738751677374
2022-06-02 00:00:00+00:00,826.714108834834,0.0,0.0,0.9312272715693418,-0.35561738751677374
2022-06-03 00:00:00+00:00,826.714108834834,0.0,0.0,0.9312272715693418,-0.35561738751677374
2022-06-04 00:00:00+00:00,826.714108834834,0.0,0.0,0.9312272715693418,-0.35561738751677374
2022-06-05 00:00:00+00:00,826.714108834834,0.0,0.0,0.9312272715693418,-0.35561738751677374
2022-06-06 00:00:00+00:00,826.714108834834,0.0,0.0,0.9312272715693418,-0.35561738751677374
2022-06-07 00:00:00+00:00,826.714108834834,0.0,0.0,0.9312272715693418,-0.35561738751677374
2022-06-08 00:00:00+00:00,826.714108834834,0.0,0.0,0.9312272715693418,-0.35561738751677374
2022-06-09 00:00:00+00:00,826.714108834834,0.0,0.0,0.9312272715693418,-0.35561738751677374
2022-06-10 00:00:00+00:00,826.714108834834,0.0,0.0,0.9312272715693418,-0.35561738751677374
2022-06-11 00:00:00+00:00,826.714108834834,0.0,0.0,0.9312272715693418,-0.35561738751677374
2022-06-12 00:00:00+00:00,826.714108834834,0.0,0.0,0.9312272715693418,-0.35561738751677374
2022-06-13 00:00:00+00:00,826.714108834834,0.0,0.0,0.9312272715693418,-0.35561738751677374
2022-06-14 00:00:00+00:00,826.714108834834,0.0,0.0,0.9312272715693418,-0.35561738751677374
2022-06-15 00:00:00+00:00,826.714108834834,0.0,0.0,0.9312272715693418,-0.35561738751677374
2022-06-16 00:00:00+00:00,826.714108834834,0.0,0.0,0.9312272715693418,-0.35561738751677374
2022-06-17 00:00:00+00:00,826.714108834834,0.0,0.0,0.9312272715693418,-0.35561738751677374
2022-06-18 00:00:00+00:00,826.714108834834,0.0,0.0,0.9312272715693418,-0.35561738751677374
2022-06-19 00:00:00+00:00,826.714108834834,0.0,0.0,0.9312272715693418,-0.35561738751677374
2022-06-20 00:00:00+00:00,826.714108834834,0.0,0.0,0.9312272715693418,-0.35561738751677374
2022-06-21 00:00:00+00:00,826.714108834834,0.0,0.0,0.9312272715693418,-0.35561738751677374
2022-06-22 00:00:00+00:00,826.714108834834,0.0,0.0,0.9312272715693418,-0.35561738751677374
2022-06-23 00:00:00+00:00,826.714108834834,0.0,0.0,0.9312272715693418,-0.35561738751677374
2022-06-24 00:00:00+00:00,826.714108834834,0.0,0.0,0.9312272715693418,-0.35561738751677374
2022-06-25 00:00:00+00:00,826.714108834834,0.0,0.0,0.9312272715693418,-0.35561738751677374
2022-06-26 00:00:00+00:00,826.714108834834,0.0,0.0,0.9312272715693418,-0.35561738751677374
2022-06-27 00:00:00+00:00,926.714108834834,100.0,0.0,0.9312272715693418,-0.35561738751677374
2022-06-28 00:00:00+00:00,926.714108834834,0.0,0.0,0.9312272715693418,-0.35561738751677374
2022-06-29 00:00:00+00:00,926.714108834834,0.0,0.0,0.9312272715693418,-0.35561738751677374
2022-06-30 00:00:00+00:00,926.714108834834,0.0,0.0,0.9312272715693418,-0.35561738751677374
2022-07-01 00:00:00+00:00,926.714108834834,0.0,0.0,0.9312272715693418,-0.35561738751677374
2022-07-02 00:00:00+00:00,926.714108834834,0.0,0.0,0.9312272715693418,-0.35561738751677374
2022-07-03 00:00:00+00:00,926.714108834834,0.0,0.0,0.9312272715693418,-0.35561738751677374
2022-07-04 00:00:00+00:00,926.714108834834,0.0,0.0,0.9312272715693418,-0.35561738751677374
2022-07-05 00:00:00+00:00,926.714108834834,0.0,0.0,0.9312272715693418,-0.35561738751677374
2022-07-06 00:00:00+00:00,926.714108834834,0.0,0.0,0.9312272715693418,-0.35561738751677374
2022-07-07 00:00:00+00:00,926.714108834834,0.0,0.0,0.9312272715693418,-0.35561738751677374
2022-07-08 00:00:00+00:00,926.714108834834,0.0,0.0,0.9312272715693418,-0.35561738751677374
2022-07-09 00:00:00+00:00,926.714108834834,0.0,0.0,0.9312272715693418,-0.35561738751677374
2022-07-10 00:00:00+00:00,926.714108834834,0.0,0.0,0.9312272715693418,-0.35561738751677374
2022-07-11 00:00:00+00:00,926.714108834834,0.0,0.0,0.9312272715693418,-0.35561738751677374
2022-07-12 00:00:00+00:00,926.714108834834,0.0,0.0,0.9312272715693418,-0.35561738751677374
2022-07-13 00:00:00+00:00,926.714108834834,0.0,0.0,0.9312272715693418,-0.35561738751677374
2022-07-14 00:00:00+00:00,926.714108834834,0.0,0.0,0.9312272715693418,-0.35561738751677374
2022-07-15 00:00:00+00:00,926.714108834834,0.0,0.0,0.9312272715693418,-0.35561738751677374
2022-07-16 00:00:00+00:00,926.714108834834,0.0,0.0,0.9312272715693418,-0.35561738751677374
2022-07-17 00:00:00+00:00,926.714108834834,0.0,0.0,0.9312272715693418,-0.35561738751677374
2022-07-18 00:00:00+00:00,926.714108834834,0.0,0.0,0.9312272715693418,-0.35561738751677374
2022-07-19 00:00:00+00:00,926.714108834834,0.0,0.0,0.9312272715693418,-0.35561738751677374
2022-07-20 00:00:00+00:00,926.714108834834,0.0,0.0,0.9312272715693418,-0.35561738751677374
2022-07-21 00:00:00+00:00,926.714108834834,0.0,0.0,0.9312272715693418,-0.35561738751677374
2022-07-22 00:00:00+00:00,926.714108834834,0.0,0.0,0.9312272715693418,-0.35561738751677374
2022-07-23 00:00:00+00:00,926.714108834834,0.0,0.0,0.9312272715693418,-0.35561738751677374
2022-07-24 00:00:00+00:00,926.714108834834,0.0,0.0,0.9312272715693418,-0.35561738751677374
2022-07-25 00:00:00+00:00,926.714108834834,0.0,0.0,0.9312272715693418,-0.35561738751677374
2022-07-26 00:00:00+00:00,926.714108834834,0.0,0.0,0.9312272715693418,-0.35561738751677374
2022-07-27 00:00:00+00:00,1026.714108834834,100.0,0.0,0.9312272715693418,-0.35561738751677374
2022-07-28 00:00:00+00:00,1026.714108834834,0.0,0.0,0.9312272715693418,-0.35561738751677374
2022-07-29 00:00:00+00:00,1026.714108834834,0.0,0.0,0.9312272715693418,-0.35561738751677374
2022-07-30 00:00:00+00:00,1026.714108834834,0.0,0.0,0.9312272715693418,-0.35561738751677374
2022-07-31 00:00:00+00:00,1026.714108834834,0.0,0.0,0.9312272715693418,-0.35561738751677374
2022-08-01 00:00:00+00:00,1026.714108834834,0.0,0.0,0.9312272715693418,-0.35561738751677374
2022-08-02 00:00:00+00:00,1026.714108834834,0.0,0.0,0.9312272715693418,-0.35561738751677374
2022-08-03 00:00:00+00:00,1026.714108834834,0.0,0.0,0.9312272715693418,-0.35561738751677374
2022-08-04 00:00:00+00:00,1026.714108834834,0.0,0.0,0.9312272715693418,-0.35561738751677374
2022-08-05 00:00:00+00:00,1026.714108834834,0.0,0.0,0.9312272715693418,-0.35561738751677374
2022-08-06 00:00:00+00:00,1026.714108834834,0.0,0.0,0.9312272715693418,-0.35561738751677374
2022-08-07 00:00:00+00:00,1026.714108834834,0.0,0.0,0.9312272715693418,-0.35561738751677374
2022-08-08 00:00:00+00:00,1026.714108834834,0.0,0.0,0.9312272715693418,-0.35561738751677374
2022-08-09 00:00:00+00:00,1026.714108834834,0.0,0.0,0.9312272715693418,-0.35561738751677374
2022-08-10 00:00:00+00:00,1026.714108834834,0.0,0.0,0.9312272715693418,-0.35561738751677374
2022-08-11 00:00:00+00:00,1026.714108834834,0.0,0.0,0.9312272715693418,-0.35561738751677374
2022-08-12 00:00:00+00:00,1026.714108834834,0.0,0.0,0.9312272715693418,-0.35561738751677374
2022-08-13 00:00:00+00:00,1026.714108834834,0.0,0.0,0.9312272715693418,-0.35561738751677374
2022-08-14 00:00:00+00:00,1026.714108834834,0.0,0.0,0.9312272715693418,-0.35561738751677374
2022-08-15 00:00:00+00:00,1026.714108834834,0.0,0.0,0.9312272715693418,-0.35561738751677374
2022-08-16 00:00:00+00:00,1026.714108834834,0.0,0.0,0.9312272715693418,-0.35561738751677374
2022-08-17 00:00:00+00:00,1026.714108834834,0.0,0.0,0.9312272715693418,-0.35561738751677374
2022-08-18 00:00:00+00:00,1026.714108834834,0.0,0.0,0.9312272715693418,-0.35561738751677374
2022-08-19 00:00:00+00:00,1026.714108834834,0.0,0.0,0.9312272715693418,-0.35561738751677374
2022-08-20 00:00:00+00:00,1026.714108834834,0.0,0.0,0.9312272715693418,-0.35561738751677374
2022-08-21 00:00:00+00:00,1026.714108834834,0.0,0.0,0.9312272715693418,-0.35561738751677374
2022-08-22 00:00:00+00:00,1026.714108834834,0.0,0.0,0.9312272715693418,-0.35561738751677374
2022-08-23 00:00:00+00:00,1026.714108834834,0.0,0.0,0.9312272715693418,-0.35561738751677374
2022-08-24 00:00:00+00:00,1026.714108834834,0.0,0.0,0.9312272715693418,-0.35561738751677374
2022-08-25 00:00:00+00:00,1026.714108834834,0.0,0.0,0.9312272715693418,-0.35561738751677374
2022-08-26 00:00:00+00:00,1026.714108834834,0.0,0.0,0.9312272715693418,-0.35561738751677374
2022-08-27 00:00:00+00:00,1126.714108834834,100.0,0.0,0.9312272715693418,-0.35561738751677374
2022-08-28 00:00:00+00:00,1126.714108834834,0.0,0.0,0.9312272715693418,-0.35561738751677374
2022-08-29 00:00:00+00:00,1126.714108834834,0.0,0.0,0.9312272715693418,-0.35561738751677374
2022-08-30 00:00:00+00:00,1126.714108834834,0.0,0.0,0.9312272715693418,-0.35561738751677374
2022-08-31 00:00:00+00:00,1126.714108834834,0.0,0.0,0.9312272715693418,-0.35561738751677374
2022-09-01 00:00:00+00:00,1126.714108834834,0.0,0.0,0.9312272715693418,-0.35561738751677374
2022-09-02 00:00:00+00:00,1126.714108834834,0.0,0.0,0.9312272715693418,-0.35561738751677374
2022-09-03 00:00:00+00:00,1126.714108834834,0.0,0.0,0.9312272715693418,-0.35561738751677374
2022-09-04 00:00:00+00:00,1126.714108834834,0.0,0.0,0.9312272715693418,-0.35561738751677374
2022-09-05 00:00:00+00:00,1126.714108834834,0.0,0.0,0.9312272715693418,-0.35561738751677374
2022-09-06 00:00:00+00:00,1126.714108834834,0.0,0.0,0.9312272715693418,-0.35561738751677374
2022-09-07 00:00:00+00:00,1126.714108834834,0.0,0.0,0.9312272715693418,-0.35561738751677374
2022-09-08 00:00:00+00:00,1126.714108834834,0.0,0.0,0.9312272715693418,-0.35561738751677374
2022-09-09 00:00:00+00:00,1126.714108834834,0.0,0.0,0.9312272715693418,-0.35561738751677374
2022-09-10 00:00:00+00:00,1126.714108834834,0.0,0.0,0.9312272715693418,-0.35561738751677374
2022-09-11 00:00:00+00:00,1126.714108834834,0.0,0.0,0.9312272715693418,-0.35561738751677374
2022-09-12 00:00:00+00:00,1126.714108834834,0.0,0.0,0.9312272715693418,-0.35561738751677374
2022-09-13 00:00:00+00:00,1126.714108834834,0.0,0.0,0.9312272715693418,-0.35561738751677374
2022-09-14 00:00:00+00:00,1126.714108834834,0.0,0.0,0.9312272715693418,-0.35561738751677374
2022-09-15 00:00:00+00:00,1126.714108834834,0.0,0.0,0.9312272715693418,-0.35561738751677374
2022-09-16 00:00:00+00:00,1126.714108834834,0.0,0.0,0.9312272715693418,-0.35561738751677374
2022-09-17 00:00:00+00:00,1126.714108834834,0.0,0.0,0.9312272715693418,-0.35561738751677374
2022-09-18 00:00:00+00:00,1126.714108834834,0.0,0.0,0.9312272715693418,-0.35561738751677374
2022-09-19 00:00:00+00:00,1126.714108834834,0.0,0.0,0.9312272715693418,-0.35561738751677374
2022-09-20 00:00:00+00:00,1126.714108834834,0.0,0.0,0.9312272715693418,-0.35561738751677374
2022-09-21 00:00:00+00:00,1126.714108834834,0.0,0.0,0.9312272715693418,-0.35561738751677374
2022-09-22 00:00:00+00:00,1126.714108834834,0.0,0.0,0.9312272715693418,-0.35561738751677374
2022-09-23 00:00:00+00:00,1126.714108834834,0.0,0.0,0.9312272715693418,-0.35561738751677374
2022-09-24 00:00:00+00:00,1126.714108834834,0.0,0.0,0.9312272715693418,-0.35561738751677374
2022-09-25 00:00:00+00:00,1126.714108834834,0.0,0.0,0.9312272715693418,-0.35561738751677374
2022-09-26 00:00:00+00:00,1126.714108834834,0.0,0.0,0.9312272715693418,-0.35561738751677374
2022-09-27 00:00:00+00:00,1226.714108834834,100.0,0.0,0.9312272715693418,-0.35561738751677374
2022-09-28 00:00:00+00:00,1226.714108834834,0.0,0.0,0.9312272715693418,-0.35561738751677374
2022-09-29 00:00:00+00:00,1226.714108834834,0.0,0.0,0.9312272715693418,-0.35561738751677374
2022-09-30 00:00:00+00:00,1226.714108834834,0.0,0.0,0.9312272715693418,-0.35561738751677374
2022-10-01 00:00:00+00:00,1226.714108834834,0.0,0.0,0.9312272715693418,-0.35561738751677374
2022-10-02 00:00:00+00:00,1226.714108834834,0.0,0.0,0.9312272715693418,-0.35561738751677374
2022-10-03 00:00:00+00:00,1226.714108834834,0.0,0.0,0.9312272715693418,-0.35561738751677374
2022-10-04 00:00:00+00:00,1226.714108834834,0.0,0.0,0.9312272715693418,-0.35561738751677374
2022-10-05 00:00:00+00:00,1226.714108834834,0.0,0.0,0.9312272715693418,-0.35561738751677374
2022-10-06 00:00:00+00:00,1226.714108834834,0.0,0.0,0.9312272715693418,-0.35561738751677374
2022-10-07 00:00:00+00:00,1226.714108834834,0.0,0.0,0.9312272715693418,-0.35561738751677374
2022-10-08 00:00:00+00:00,1226.714108834834,0.0,0.0,0.9312272715693418,-0.35561738751677374
2022-10-09 00:00:00+00:00,1226.714108834834,0.0,0.0,0.9312272715693418,-0.35561738751677374
2022-10-10 00:00:00+00:00,1226.714108834834,0.0,0.0,0.9312272715693418,-0.35561738751677374
2022-10-11 00:00:00+00:00,1226.714108834834,0.0,0.0,0.9312272715693418,-0.35561738751677374
2022-10-12 00:00:00+00:00,1226.714108834834,0.0,0.0,0.9312272715693418,-0.35561738751677374
2022-10-13 00:00:00+00:00,1226.714108834834,0.0,0.0,0.9312272715693418,-0.35561738751677374
2022-10-14 00:00:00+00:00,1226.714108834834,0.0,0.0,0.9312272715693418,-0.35561738751677374
2022-10-15 00:00:00+00:00,1226.714108834834,0.0,0.0,0.9312272715693418,-0.35561738751677374
2022-10-16 00:00:00+00:00,1226.714108834834,0.0,0.0,0.9312272715693418,-0.35561738751677374
2022-10-17 00:00:00+00:00,1226.714108834834,0.0,0.0,0.9312272715693418,-0.35561738751677374
2022-10-18 00:00:00+00:00,1226.714108834834,0.0,0.0,0.9312272715693418,-0.35561738751677374
2022-10-19 00:00:00+00:00,1226.714108834834,0.0,0.0,0.9312272715693418,-0.35561738751677374
2022-10-20 00:00:00+00:00,1226.714108834834,0.0,0.0,0.9312272715693418,-0.35561738751677374
2022-10-21 00:00:00+00:00,1226.714108834834,0.0,0.0,0.9312272715693418,-0.35561738751677374
2022-10-22 00:00:00+00:00,1226.714108834834,0.0,0.0,0.9312272715693418,-0.35561738751677374
2022-10-23 00:00:00+00:00,1226.714108834834,0.0,0.0,0.9312272715693418,-0.35561738751677374
2022-10-24 00:00:00+00:00,1226.714108834834,0.0,0.0,0.9312272715693418,-0.35561738751677374
2022-10-25 00:00:00+00:00,1226.714108834834,0.0,0.0,0.9312272715693418,-0.35561738751677374
2022-10-26 00:00:00+00:00,1226.714108834834,0.0,0.0,0.9312272715693418,-0.35561738751677374
2022-10-27 00:00:00+00:00,1326.714108834834,100.0,0.0,0.9312272715693418,-0.35561738751677374
2022-10-28 00:00:00+00:00,1326.714108834834,0.0,0.0,0.9312272715693418,-0.35561738751677374
2022-10-29 00:00:00+00:00,1326.714108834834,0.0,0.0,0.9312272715693418,-0.35561738751677374
2022-10-30 00:00:00+00:00,1326.714108834834,0.0,0.0,0.9312272715693418,-0.35561738751677374
2022-10-31 00:00:00+00:00,1326.714108834834,0.0,0.0,0.9312272715693418,-0.35561738751677374
2022-11-01 00:00:00+00:00,1326.714108834834,0.0,0.0,0.9312272715693418,-0.35561738751677374
2022-11-02 00:00:00+00:00,1326.714108834834,0.0,0.0,0.9312272715693418,-0.35561738751677374
2022-11-03 00:00:00+00:00,1326.714108834834,0.0,0.0,0.9312272715693418,-0.35561738751677374
2022-11-04 00:00:00+00:00,1326.714108834834,0.0,0.0,0.9312272715693418,-0.35561738751677374
2022-11-05 00:00:00+00:00,1326.714108834834,0.0,0.0,0.9312272715693418,-0.35561738751677374
2022-11-06 00:00:00+00:00,1326.714108834834,0.0,0.0,0.9312272715693418,-0.35561738751677374
2022-11-07 00:00:00+00:00,1326.714108834834,0.0,0.0,0.9312272715693418,-0.35561738751677374
2022-11-08 00:00:00+00:00,1326.714108834834,0.0,0.0,0.9312272715693418,-0.35561738751677374
2022-11-09 00:00:00+00:00,1326.714108834834,0.0,0.0,0.9312272715693418,-0.35561738751677374
2022-11-10 00:00:00+00:00,1326.714108834834,0.0,0.0,0.9312272715693418,-0.35561738751677374
2022-11-11 00:00:00+00:00,1326.714108834834,0.0,0.0,0.9312272715693418,-0.35561738751677374
2022-11-12 00:00:00+00:00,1326.714108834834,0.0,0.0,0.9312272715693418,-0.35561738751677374
2022-11-13 00:00:00+00:00,1326.714108834834,0.0,0.0,0.9312272715693418,-0.35561738751677374
2022-11-14 00:00:00+00:00,1326.714108834834,0.0,0.0,0.9312272715693418,-0.35561738751677374
2022-11-15 00:00:00+00:00,1326.714108834834,0.0,0.0,0.9312272715693418,-0.35561738751677374
2022-11-16 00:00:00+00:00,1326.714108834834,0.0,0.0,0.9312272715693418,-0.35561738751677374
2022-11-17 00:00:00+00:00,1326.714108834834,0.0,0.0,0.9312272715693418,-0.35561738751677374
2022-11-18 00:00:00+00:00,1326.714108834834,0.0,0.0,0.9312272715693418,-0.35561738751677374
2022-11-19 00:00:00+00:00,1326.714108834834,0.0,0.0,0.9312272715693418,-0.35561738751677374
2022-11-20 00:00:00+00:00,1326.714108834834,0.0,0.0,0.9312272715693418,-0.35561738751677374
2022-11-21 00:00:00+00:00,1326.714108834834,0.0,0.0,0.9312272715693418,-0.35561738751677374
2022-11-22 00:00:00+00:00,1326.714108834834,0.0,0.0,0.9312272715693418,-0.35561738751677374
2022-11-23 00:00:00+00:00,1326.714108834834,0.0,0.0,0.9312272715693418,-0.35561738751677374
2022-11-24 00:00:00+00:00,1326.714108834834,0.0,0.0,0.9312272715693418,-0.35561738751677374
2022-11-25 00:00:00+00:00,1326.714108834834,0.0,0.0,0.9312272715693418,-0.35561738751677374
2022-11-26 00:00:00+00:00,1326.714108834834,0.0,0.0,0.9312272715693418,-0.35561738751677374
2022-11-27 00:00:00+00:00,1426.714108834834,100.0,0.0,0.9312272715693418,-0.35561738751677374
2022-11-28 00:00:00+00:00,1426.714108834834,0.0,0.0,0.9312272715693418,-0.35561738751677374
2022-11-29 00:00:00+00:00,1426.714108834834,0.0,0.0,0.9312272715693418,-0.35561738751677374
2022-11-30 00:00:00+00:00,1426.714108834834,0.0,0.0,0.9312272715693418,-0.35561738751677374
2022-12-01 00:00:00+00:00,1426.714108834834,0.0,0.0,0.9312272715693418,-0.35561738751677374
2022-12-02 00:00:00+00:00,1426.714108834834,0.0,0.0,0.9312272715693418,-0.35561738751677374
2022-12-03 00:00:00+00:00,1426.714108834834,0.0,0.0,0.9312272715693418,-0.35561738751677374
2022-12-04 00:00:00+00:00,1426.714108834834,0.0,0.0,0.9312272715693418,-0.35561738751677374
2022-12-05 00:00:00+00:00,1426.714108834834,0.0,0.0,0.9312272715693418,-0.35561738751677374
2022-12-06 00:00:00+00:00,1426.714108834834,0.0,0.0,0.9312272715693418,-0.35561738751677374
2022-12-07 00:00:00+00:00,1426.714108834834,0.0,0.0,0.9312272715693418,-0.35561738751677374
2022-12-08 00:00:00+00:00,1426.714108834834,0.0,0.0,0.9312272715693418,-0.35561738751677374
2022-12-09 00:00:00+00:00,1426.714108834834,0.0,0.0,0.9312272715693418,-0.35561738751677374
2022-12-10 00:00:00+00:00,1426.714108834834,0.0,0.0,0.9312272715693418,-0.35561738751677374
2022-12-11 00:00:00+00:00,1426.714108834834,0.0,0.0,0.9312272715693418,-0.35561738751677374
2022-12-12 00:00:00+00:00,1426.714108834834,0.0,0.0,0.9312272715693418,-0.35561738751677374
2022-12-13 00:00:00+00:00,1426.714108834834,0.0,0.0,0.9312272715693418,-0.35561738751677374
2022-12-14 00:00:00+00:00,1426.714108834834,0.0,0.0,0.9312272715693418,-0.35561738751677374
2022-12-15 00:00:00+00:00,1426.714108834834,0.0,0.0,0.9312272715693418,-0.35561738751677374
2022-12-16 00:00:00+00:00,1426.714108834834,0.0,0.0,0.9312272715693418,-0.35561738751677374
2022-12-17 00:00:00+00:00,1426.714108834834,0.0,0.0,0.9312272715693418,-0.35561738751677374
2022-12-18 00:00:00+00:00,1426.714108834834,0.0,0.0,0.9312272715693418,-0.35561738751677374
2022-12-19 00:00:00+00:00,1426.714108834834,0.0,0.0,0.9312272715693418,-0.35561738751677374
2022-12-20 00:00:00+00:00,1426.714108834834,0.0,0.0,0.9312272715693418,-0.35561738751677374
2022-12-21 00:00:00+00:00,1426.714108834834,0.0,0.0,0.9312272715693418,-0.35561738751677374
2022-12-22 00:00:00+00:00,1426.714108834834,0.0,0.0,0.9312272715693418,-0.35561738751677374
2022-12-23 00:00:00+00:00,1426.714108834834,0.0,0.0,0.9312272715693418,-0.35561738751677374
2022-12-24 00:00:00+00:00,1426.714108834834,0.0,0.0,0.9312272715693418,-0.35561738751677374
2022-12-25 00:00:00+00:00,1426.714108834834,0.0,0.0,0.9312272715693418,-0.35561738751677374
2022-12-26 00:00:00+00:00,1426.714108834834,0.0,0.0,0.9312272715693418,-0.35561738751677374
2022-12-27 00:00:00+00:00,1526.714108834834,100.0,0.0,0.9312272715693418,-0.35561738751677374
2022-12-28 00:00:00+00:00,1526.714108834834,0.0,0.0,0.9312272715693418,-0.35561738751677374
2022-12-29 00:00:00+00:00,1526.714108834834,0.0,0.0,0.9312272715693418,-0.35561738751677374
2022-12-30 00:00:00+00:00,1526.714108834834,0.0,0.0,0.9312272715693418,-0.35561738751677374
2022-12-31 00:00:00+00:00,1526.714108834834,0.0,0.0,0.9312272715693418,-0.35561738751677374
2023-01-01 00:00:00+00:00,1526.714108834834,0.0,0.0,0.9312272715693418,-0.35561738751677374
2023-01-02 00:00:00+00:00,1526.714108834834,0.0,0.0,0.9312272715693418,-0.35561738751677374
2023-01-03 00:00:00+00:00,1526.714108834834,0.0,0.0,0.9312272715693418,-0.35561738751677374
2023-01-04 00:00:00+00:00,1526.714108834834,0.0,0.0,0.9312272715693418,-0.35561738751677374
2023-01-05 00:00:00+00:00,1526.714108834834,0.0,0.0,0.9312272715693418,-0.35561738751677374
2023-01-06 00:00:00+00:00,1526.714108834834,0.0,0.0,0.9312272715693418,-0.35561738751677374
2023-01-07 00:00:00+00:00,1526.714108834834,0.0,0.0,0.9312272715693418,-0.35561738751677374
2023-01-08 00:00:00+00:00,1526.714108834834,0.0,0.0,0.9312272715693418,-0.35561738751677374
2023-01-09 00:00:00+00:00,1526.714108834834,0.0,0.0,0.9312272715693418,-0.35561738751677374
2023-01-10 00:00:00+00:00,1526.714108834834,0.0,0.0,0.9312272715693418,-0.35561738751677374
2023-01-11 00:00:00+00:00,1526.714108834834,0.0,0.0,0.9312272715693418,-0.35561738751677374
2023-01-12 00:00:00+00:00,1526.714108834834,0.0,0.0,0.9312272715693418,-0.35561738751677374
2023-01-13 00:00:00+00:00,1540.898017782614,0.0,0.009290481345328727,0.9398788211641181,-0.34963076287624406
2023-01-14 00:00:00+00:00,1628.9843635408336,0.0,0.057165590935717825,0.9936075493839308,-0.31245202110965264
2023-01-15 00:00:00+00:00,1626.2587453489382,0.0,-0.0016732009544713211,0.9919450442839317,-0.31360242704417673
2023-01-16 00:00:00+00:00,1651.1865148709476,0.0,0.015328292372478902,1.0071498679401474,-0.30308112436214996
2023-01-17 00:00:00+00:00,1643.979887902915,0.0,-0.0043645141860887415,1.0027541480540052,-0.30612283668142437
2023-01-18 00:00:00+00:00,1599.7398794524167,0.0,-0.026910310020234696,0.9757697230557956,-0.32479528626228826
2023-01-19 00:00:00+00:00,1634.8724168607448,0.0,0.02196140626334442,0.997198998363295,-0.30996684123296925
2023-01-20 00:00:00+00:00,1754.3839659453242,0.0,0.07310145296479065,1.0700956940386857,-0.2595244147332153
2023-01-21 00:00:00+00:00,1746.1222603761548,0.0,-0.004709177540116016,1.0650564234305437,-0.2630114457283579
2023-01-22 00:00:00+00:00,1742.9670438949065,0.0,-0.0018069848560138269,1.0631318826026046,-0.2643431728849822
2023-01-23 00:00:00+00:00,1752.0914377491881,0.0,0.005234977842089261,1.068697354451248,-0.26049202569565344
2023-01-24 00:00:00+00:00,1708.9439110406952,0.0,-0.024626298478989228,1.0423792944168253,-0.278703369798465
2023-01-25 00:00:00+00:00,1752.616129423556,0.0,0.025555091715248723,1.0690173928877236,-0.2602705682597648
2023-01-26 00:00:00+00:00,1745.611144193747,0.0,-0.003996873652026167,1.064744665436533,-0.2632271733351157
2023-01-27 00:00:00+00:00,1847.033214327252,100.0,0.000814654591450692,1.0656120645669533,-0.26262695796901714
2023-01-28 00:00:00+00:00,1832.970978366871,0.0,-0.007613418021561125,1.0574991144705863,-0.26824088717582917
2023-01-29 00:00:00+00:00,1900.896021827827,0.0,0.03705734802275784,1.0966872271892811,-0.24112383506307933
2023-01-30 00:00:00+00:00,1820.7316229206215,0.0,-0.04217190103334678,1.0504378419797193,-0.27312708558736476
2023-01-31 00:00:00+00:00,1843.9532541935678,0.0,0.012754011069295634,1.0638351378439357,-0.26385654039097484
2023-02-01 00:00:00+00:00,1899.0505091638133,0.0,0.02987996297896478,1.0956224923784343,-0.24186060107065022
2023-02-02 00:00:00+00:00,1887.8308824115088,0.0,-0.005908019138071596,1.089149533725361,-0.24633970314885079
2023-02-03 00:00:00+00:00,1894.2859037501648,0.0,0.003419279448596768,1.0928736403424768,-0.2437627279846044
2023-02-04 00:00:00+00:00,1890.4630050847259,0.0,-0.0020181212655759895,1.0906680888083142,-0.24528890650507973
2023-02-05 00:00:00+00:00,1854.3652272099675,0.0,-0.019094675631137537,1.0698421354312868,-0.25969987003058637
2023-02-06 00:00:00+00:00,1839.3986221831783,0.0,-0.008071012553070633,1.061207426126417,-0.26567484167260924
2023-02-07 00:00:00+00:00,1888.3601783112463,0.0,0.026618241167298162,1.0894549013235777,-0.2461283975130365
2023-02-08 00:00:00+00:00,1865.521420744888,0.0,-0.012094492263008294,1.0762784974486233,-0.2552460917766167
2023-02-09 00:00:00+00:00,1761.1338643986705,0.0,-0.05595623571266006,1.0160540041529205,-0.29691971701308917
2023-02-10 00:00:00+00:00,1738.1817946579818,0.0,-0.01303255260980718,1.0028122268893922,-0.30608264779003425
2023-02-11 00:00:00+00:00,1761.2625086513626,0.0,0.013278653627782688,1.016128223103962,-0.2968683596237299
2023-02-12 00:00:00+00:00,1746.696022064874,0.0,-0.008270480132823943,1.0077243548223789,-0.30268359588622185
2023-02-13 00:00:00+00:00,1741.8892761462275,0.0,-0.002751907520212926,1.0049511905920414,-0.30460254614267046
2023-02-14 00:00:00+00:00,1785.4766364365382,0.0,0.025023037277515092,1.0300981216963092,-0.2872015897321094
2023-02-15 00:00:00+00:00,1942.9016140283052,0.0,0.0881697213949304,1.1209215860957138,-0.22435435248804025
2023-02-16 00:00:00+00:00,1886.842912923767,0.0,-0.02885308278081522,1.0885795427812914,-0.2467341205642819
2023-02-17 00:00:00+00:00,1963.4572663657918,0.0,0.04060452140305992,1.1327807941250876,-0.21614812004053952
2023-02-18 00:00:00+00:00,1965.4578710920027,0.0,0.0010189194134659907,1.133935006467423,-0.21534943814276708
2023-02-19 00:00:00+00:00,1942.5407534953788,0.0,-0.011659938344998122,1.1207133942047778,-0.22449841531639048
2023-02-20 00:00:00+00:00,1980.9719620019177,0.0,0.019783990857018763,1.1428855777490636,-0.20915589905540632
2023-02-21 00:00:00+00:00,1942.2800667439578,0.0,-0.019531773291156962,1.120562995746736,-0.22460248674370498
2023-02-22 00:00:00+00:00,1921.6085315405137,0.0,-0.010642921974737596,1.1086369312152253,-0.2328549819766973
2023-02-23 00:00:00+00:00,1913.165269999467,0.0,-0.004393850986016301,1.1037657457418713,-0.23622570287055644
2023-02-24 00:00:00+00:00,1857.0539063283873,0.0,-0.029329072898702235,1.0713933197219174,-0.25862649490922096
2023-02-25 00:00:00+00:00,1849.6957340782938,0.0,-0.003962282529881733,1.0671481566885512,-0.2615640261965594
2023-02-26 00:00:00+00:00,1890.2446965675801,0.0,0.02192196356526277,1.090542139698215,-0.24537605968356113
2023-02-27 00:00:00+00:00,1983.105336425935,100.0,-0.003776950230099385,1.0864232163127487,-0.2482262367485777
2023-02-28 00:00:00+00:00,1951.680733775325,0.0,-0.015846159088677148,1.0692075811894246,-0.2601389633997533
2023-03-01 00:00:00+00:00,2005.2735112713633,0.0,0.02745980762558875,1.0985678156807073,-0.2398225216650418
2023-03-02 00:00:00+00:00,1988.6061629872888,0.0,-0.008311758067111374,1.0894367857764542,-0.24614093295302886
2023-03-03 00:00:00+00:00,1894.2678676878083,0.0,-0.04743940608016883,1.037754551697331,-0.2819035593618874
2023-03-04 00:00:00+00:00,1892.5723294358459,0.0,-0.0008950889580532362,1.0368256690569373,-0.2825463195567198
2023-03-05 00:00:00+00:00,1895.8351894941413,0.0,0.0017240345362483644,1.0386131923184603,-0.2813094046334771
2023-03-06 00:00:00+00:00,1895.3987949222042,0.0,-0.00023018592246593084,1.038374118182701,-0.2814748370911392
2023-03-07 00:00:00+00:00,1882.6806282232703,0.0,-0.0067100215179021205,1.0314066055060624,-0.28629615639541184
2023-03-08 00:00:00+00:00,1843.3295055331132,0.0,-0.020901645292485838,1.0098485104854478,-0.30121374097831877
2023-03-09 00:00:00+00:00,1729.1470820097315,0.0,-0.06194357719585175,0.9472948813200766,-0.3444990615574287
2023-03-10 00:00:00+00:00,1713.116399860564,0.0,-0.009270860944076365,0.9385126422023228,-0.3505761196064414
2023-03-11 00:00:00+00:00,1750.4660499573365,0.0,0.021802167149770124,0.9589742516997902,-0.33641727161504864
2023-03-12 00:00:00+00:00,1881.1481290311267,0.0,0.07465559190763815,1.0305670420846225,-0.2868771102477846
2023-03-13 00:00:00+00:00,2034.0312052270515,0.0,0.08127115235452842,1.1143224131734375,-0.22892079122723086
2023-03-14 00:00:00+00:00,2074.952176266792,0.0,0.02011816285540835,1.1367405329550924,-0.21340809413072082
2023-03-15 00:00:00+00:00,2031.652305656422,0.0,-0.02086788847744625,1.1130191582855926,-0.2298226062996629
2023-03-16 00:00:00+00:00,2079.5386657719237,0.0,0.023570155179692298,1.1392531925643545,-0.21166940561425496
2023-03-17 00:00:00+00:00,2257.464673665707,0.0,0.08556032682745873,1.2367280680593864,-0.1442195823105259
2023-03-18 00:00:00+00:00,2217.9582555767756,0.0,-0.017500348311001557,1.215084896102355,-0.1591960376978261
2023-03-19 00:00:00+00:00,2282.9783369549377,0.0,0.02931528635161529,1.2507054577731183,-0.13454762877736515
2023-03-20 00:00:00+00:00,2247.0189160916048,0.0,-0.015751100341712454,1.2310054706098064,-0.14817945591746595
2023-03-21 00:00:00+00:00,2299.575764889606,0.0,0.02338958894454568,1.2597981825558568,-0.1282557235368561
2023-03-22 00:00:00+00:00,2223.8724343636172,0.0,-0.03292056373259922,1.2183249161968142,-0.15695403654868956
2023-03-23 00:00:00+00:00,2315.3011807318994,0.0,0.041112405979547795,1.2684131847664961,-0.12229438863986031
2023-03-24 00:00:00+00:00,2241.5710629063415,0.0,-0.031844720004094995,1.2280209220481046,-0.15024467807964703
2023-03-25 00:00:00+00:00,2238.337934645613,0.0,-0.0014423492140089866,1.226249687036402,-0.15147032200031885
2023-03-26 00:00:00+00:00,2279.488035343368,0.0,0.018384221640898035,1.248793333069961,-0.1358707643310928
2023-03-27 00:00:00+00:00,2305.0203312093004,100.0,-0.03266860934536575,1.2079969915188011,-0.1641006647550699
2023-03-28 00:00:00+00:00,2341.14471652783,0.0,0.01567204628497887,1.226928776281999,-0.1510004116835283
2023-03-29 00:00:00+00:00,2409.242312059465,0.0,0.029087307183910838,1.2626168304904932,-0.12630529985915329
2023-03-30 00:00:00+00:00,2392.4219896171026,0.0,-0.006981581868360953,1.2538017677200535,-0.13240507093613962
2023-03-31 00:00:00+00:00,2429.686489763517,0.0,0.01557605652687477,1.2733310549275565,-0.11889136327861105
2023-04-01 00:00:00+00:00,2428.64750462138,0.0,-0.00042762107231286706,1.2727865517364392,-0.11926814389867002
2023-04-02 00:00:00+00:00,2400.5251022377497,0.0,-0.011579450014922776,1.258048383480941,-0.12946653440294553
2023-04-03 00:00:00+00:00,2388.6606839870265,0.0,-0.004942426238185638,1.2518305721415177,-0.13376908184453118
2023-04-04 00:00:00+00:00,2438.072887151682,0.0,0.020686154168276127,1.2777261323493985,-0.11585009552623982
2023-04-05 00:00:00+00:00,2457.454846250874,0.0,0.00794970453973387,1.287883677584273,-0.10882136501683948
2023-04-06 00:00:00+00:00,2432.0623891220703,0.0,-0.010332827546167489,1.2745761976442707,-0.11802976016494948
2023-04-07 00:00:00+00:00,2420.914739927188,0.0,-0.004583619747890788,1.268734025014557,-0.12207237637330937
2023-04-08 00:00:00+00:00,2415.1839919756676,0.0,-0.0023671828904195946,1.2657306995380493,-0.12415059162298514
2023-04-09 00:00:00+00:00,2440.805841821534,0.0,0.010608653390794975,1.279158397815537,-0.11485900882698052
2023-04-10 00:00:00+00:00,2536.5566515203273,0.0,0.039229179174422146,1.3293387317959093,-0.08013565428962866
2023-04-11 00:00:00+00:00,2556.462982345973,0.0,0.007847776951370067,1.339771085655861,-0.07291676407897563
2023-04-12 00:00:00+00:00,2553.5354612953356,0.0,-0.0011451450972902455,1.3382368533656308,-0.07397840890137053
2023-04-13 00:00:00+00:00,2626.7324914508936,0.0,0.028664974998399817,1.3765973793092938,-0.04743402314454992
2023-04-14 00:00:00+00:00,2675.6460438955683,0.0,0.01862144417213063,1.4022316105556032,-0.029695868986265084
2023-04-15 00:00:00+00:00,2661.780714396218,0.0,-0.005182049221713614,1.3949651773294613,-0.03472403275321023
2023-04-16 00:00:00+00:00,2676.3111855593393,0.0,0.0054589287105932804,1.402580192786263,-0.02945466006196118
2023-04-17 00:00:00+00:00,2607.3127899514157,0.0,-0.025781155786449794,1.3664200543330514,-0.05447644066871671
2023-04-18 00:00:00+00:00,2672.7581051715106,0.0,0.025100676632401342,1.4007181222608935,-0.030743159557624966
2023-04-19 00:00:00+00:00,2503.4447494384067,0.0,-0.0633478036809616,1.3119857056395452,-0.09214345160239779
2023-04-20 00:00:00+00:00,2478.513528474642,0.0,-0.00995876620379077,1.2989199467343655,-0.10118458271446995
2023-04-21 00:00:00+00:00,2379.093773313245,0.0,-0.040112653822221844,1.246816820568231,-0.13723845439812032
2023-04-22 00:00:00+00:00,2421.3514120452423,0.0,0.01776207361223392,1.2689628727161355,-0.12191402031533494
2023-04-23 00:00:00+00:00,2403.197356624042,0.0,-0.007497488935679142,1.2594488376181587,-0.12849746023259567
2023-04-24 00:00:00+00:00,2388.8741628200387,0.0,-0.005960057239795091,1.2519424504553611,-0.13369166525423615
2023-04-25 00:00:00+00:00,2443.165533874952,0.0,0.022726760538455126,1.2803950467347869,-0.11400328317800135
2023-04-26 00:00:00+00:00,2449.23427241258,0.0,0.0024839653529340477,1.2835755036689445,-0.11180249803060216
2023-04-27 00:00:00+00:00,2630.0033491914182,100.0,0.03297727689367891,1.3259043284673786,-0.08251216307188347
2023-04-28 00:00:00+00:00,2611.823234105874,0.0,-0.006912582484403962,1.3167389054304195,-0.08885437342308644
2023-04-29 00:00:00+00:00,2616.0954836813535,0.0,0.0016357345779345334,1.3188927407881437,-0.08736398101616083
2023-04-30 00:00:00+00:00,2596.6066545855415,0.0,-0.007449586308060696,1.3090675354845678,-0.09416274180742579
2023-05-01 00:00:00+00:00,2511.4469201296392,0.0,-0.03279654787355346,1.2661346393873336,-0.12387107681138687
2023-05-02 00:00:00+00:00,2565.3338012591794,0.0,0.021456508078123493,1.2933014675053398,-0.10507240949351282
2023-05-03 00:00:00+00:00,2603.3608327889515,0.0,0.014823424347781389,1.31247262396778,-0.0918065180588975
2023-05-04 00:00:00+00:00,2578.3158481146816,0.0,-0.00962025100740238,1.2998463078848659,-0.1005435673184577
2023-05-05 00:00:00+00:00,2675.9021108727256,0.0,0.03784883951646245,1.3490439821880664,-0.06650018514584422
2023-05-06 00:00:00+00:00,2588.905059977568,0.0,-0.032511297981219656,1.305184811293379,-0.096849475791981
2023-05-07 00:00:00+00:00,2552.1930678760173,0.0,-0.014180509231137561,1.2866766260284928,-0.10965661013761951
2023-05-08 00:00:00+00:00,2498.0413622319516,0.0,-0.021217715197828557,1.2593762878257173,-0.1285476626119887
2023-05-09 00:00:00+00:00,2495.25067347396,0.0,-0.001117150740649886,1.2579693746730158,-0.12952120623614283
2023-05-10 00:00:00+00:00,2490.6536802850455,0.0,-0.00184229714384343,1.2556518212870131,-0.13112488683167034
2023-05-11 00:00:00+00:00,2431.438239895317,0.0,-0.02377505988024453,1.2257986240471763,-0.15178244467570168
2023-05-12 00:00:00+00:00,2428.6517988760597,0.0,-0.0011460052628675665,1.2243938523728024,-0.1527545064581599
2023-05-13 00:00:00+00:00,2421.12918463664,0.0,-0.0030974445340008483,1.220601360327306,-0.15537880238108792
2023-05-14 00:00:00+00:00,2431.1650571967057,0.0,0.004145120641950495,1.2256609002215917,-0.15187774562020884
2023-05-15 00:00:00+00:00,2453.586249317741,0.0,0.009222406374534087,1.2369644431208124,-0.1440560175350324
2023-05-16 00:00:00+00:00,2450.6373784684934,0.0,-0.0012018614996996968,1.235477783180128,-0.1450847436534567
2023-05-17 00:00:00+00:00,2470.1831294507283,0.0,0.007975782608216742,1.2453316853960543,-0.13826612542038874
2023-05-18 00:00:00+00:00,2426.521067970794,0.0,-0.01767563746969769,1.223319653995466,-0.15349782098281595
2023-05-19 00:00:00+00:00,2435.9200722696437,0.0,0.0038734484620444043,1.2280581196278235,-0.1502189384193846
2023-05-20 00:00:00+00:00,2451.9493642917655,0.0,0.006580385048178705,1.236139214916517,-0.144627051827534
2023-05-21 00:00:00+00:00,2424.707379245178,0.0,-0.011110337531157088,1.2224052910032948,-0.15413053399675114
2023-05-22 00:00:00+00:00,2436.820010082733,0.0,0.004995502113465777,1.2285118192180136,-0.14990499129161572
2023-05-23 00:00:00+00:00,2476.490949101861,0.0,0.01627979861252915,1.2485117442279947,-0.13606561574832698
2023-05-24 00:00:00+00:00,2398.849597243983,0.0,-0.03135135700214686,1.2093692068133297,-0.1631511310554311
2023-05-25 00:00:00+00:00,2409.859498371427,0.0,0.0045896587848162085,1.2149197988174667,-0.15931028029251615
2023-05-26 00:00:00+00:00,2434.301533026254,0.0,0.010142514396106916,1.2272421403670881,-0.1507835727077239
2023-05-27 00:00:00+00:00,2543.85785770871,100.0,0.003925694723026174,1.2320599183614025,-0.14744980826039555
2023-05-28 00:00:00+00:00,2656.5124646928084,0.0,0.04428494565555963,1.2866216248904305,-0.10969466935057015
2023-05-29 00:00:00+00:00,2628.831748602335,0.0,-0.010419945872030434,1.2732150972012883,-0.11897160270551743
2023-05-30 00:00:00+00:00,2630.7427471299243,0.0,0.0007269383172221477,1.2741406460415097,-0.11833114940496325
2023-05-31 00:00:00+00:00,2588.1588354994046,0.0,-0.016187029946952314,1.2535160932474065,-0.13260274949284023
2023-06-01 00:00:00+00:00,2559.066749481527,0.0,-0.011240456195673931,1.2394260005106867,-0.14235269029141395
2023-06-02 00:00:00+00:00,2607.957531081258,0.0,0.019104926282065948,1.2631051428825193,-0.12596740166341913
2023-06-03 00:00:00+00:00,2590.0114501325006,0.0,-0.0068812780633421555,1.2544133651711071,-0.1319818630089986
2023-06-04 00:00:00+00:00,2591.554626580965,0.0,0.000595818388519298,1.2551607677208805,-0.13146468184141114
2023-06-05 00:00:00+00:00,2468.3080195146995,0.0,-0.04755701685858904,1.195469065930139,-0.17276963060935913
2023-06-06 00:00:00+00:00,2595.27353751473,0.0,0.0514382795810846,1.2569619379739916,-0.13021832359067942
2023-06-07 00:00:00+00:00,2515.3382116913754,0.0,-0.030800347118670857,1.2182470739694353,-0.15700790114154606
2023-06-08 00:00:00+00:00,2531.867647612248,0.0,0.00657145661129932,1.2262527317578678,-0.15146821514022957
2023-06-09 00:00:00+00:00,2527.80637955726,0.0,-0.0016040601722678849,1.2242857485897203,-0.15282931118122656
2023-06-10 00:00:00+00:00,2442.829638810267,0.0,-0.033616791789993106,1.183129189487924,-0.18130847183783216
2023-06-11 00:00:00+00:00,2448.367516062417,0.0,0.002266992820198155,1.1858113348658599,-0.17945250402153157
2023-06-12 00:00:00+00:00,2441.661465626583,0.0,-0.0027389884859357894,1.1825634112731702,-0.1816999741651799
2023-06-13 00:00:00+00:00,2442.009907206625,0.0,0.00014270675314631553,1.1827321710579826,-0.1815831972253935
2023-06-14 00:00:00+00:00,2347.0920430264277,0.0,-0.03886874655998929,1.136760854052784,-0.21339403251287636
2023-06-15 00:00:00+00:00,2382.915463271665,0.0,0.01526289535669223,1.1541111160137758,-0.20138814794417081
2023-06-16 00:00:00+00:00,2453.6808102942255,0.0,0.029696960766456115,1.1883847085461678,-0.17767180310604191
2023-06-17 00:00:00+00:00,2468.952991492091,0.0,0.006224192296647724,1.1957814434945548,-0.17255347427761836
2023-06-18 00:00:00+00:00,2455.0347927761895,0.0,-0.005637287855970841,1.1890404792847478,-0.1772180285285383
2023-06-19 00:00:00+00:00,2492.9312938685853,0.0,0.015436237891171212,1.2073947909852194,-0.164517370284338
2023-06-20 00:00:00+00:00,2607.235770324726,0.0,0.045851434709522465,1.2627555744126957,-0.12620929303699013
2023-06-21 00:00:00+00:00,2757.299521655278,0.0,0.05755664794053583,1.3354355524441164,-0.07591682894260832
2023-06-22 00:00:00+00:00,2741.7263576485198,0.0,-0.00564797690075014,1.3278930432914715,-0.08113602934711239
2023-06-23 00:00:00+00:00,2799.3211139651103,0.0,0.021006748596890334,1.355787758615455,-0.06183368492086683
2023-06-24 00:00:00+00:00,2780.4300122713535,0.0,-0.006748458259938084,1.3466382815171036,-0.06816486113905817
2023-06-25 00:00:00+00:00,2789.628264782703,0.0,0.003308212208454453,1.3510932467203907,-0.0650821527564116
2023-06-26 00:00:00+00:00,2756.770171797129,0.0,-0.011778663630701791,1.3351791738335583,-0.07609423560143369
2023-06-27 00:00:00+00:00,2899.2412891096774,100.0,0.01540611464352204,1.3557490972552813,-0.06186043747529846
2023-06-28 00:00:00+00:00,2827.775623416972,0.0,-0.02464978198301382,1.3223301775842708,-0.08498537316117227
2023-06-29 00:00:00+00:00,2863.392196072996,0.0,0.012595261222666077,1.338985271593559,-0.07346052491357691
2023-06-30 00:00:00+00:00,2911.018936446745,0.0,0.01663297833914168,1.3612565846124045,-0.058049413894104784
2023-07-01 00:00:00+00:00,2912.58021296356,0.0,0.0005363333426888772,1.3619866719066869,-0.057544214387610815
2023-07-02 00:00:00+00:00,2921.762877746133,0.0,0.003152759447345721,1.3662806882536997,-0.05457287800581567
2023-07-03 00:00:00+00:00,2964.1547578053987,0.0,0.014509007689209596,1.3861040652651913,-0.04085566862321477
2023-07-04 00:00:00+00:00,2929.9684908247623,0.0,-0.01153322608767815,1.370117813699438,-0.05191769704769811
2023-07-05 00:00:00+00:00,2899.7591723382593,0.0,-0.010310458484828033,1.3559912708619666,-0.06169286027248799
2023-07-06 00:00:00+00:00,2827.1470930798623,0.0,-0.025040727502844806,1.3220362629520759,-0.08518875367237833
2023-07-07 00:00:00+00:00,2867.9385337982276,0.0,0.014428481920241154,1.341111239269983,-0.07198941614430698
2023-07-08 00:00:00+00:00,2861.1517586424634,0.0,-0.0023664297807581836,1.3379375936940652,-0.0741854880268018
2023-07-09 00:00:00+00:00,2852.3738853310574,0.0,-0.0030679509693575246,1.3338328667565515,-0.07702584155625525
2023-07-10 00:00:00+00:00,2877.286713534771,0.0,0.008734068255158656,1.3454826540557772,-0.06896452225866001
2023-07-11 00:00:00+00:00,2888.6759310946927,0.0,0.00395831861536311,1.3508085030919743,-0.06527918719555303
2023-07-12 00:00:00+00:00,2870.56027918025,0.0,-0.00627126487933094,1.342337225167832,-0.07114106900087314
2023-07-13 00:00:00+00:00,3009.5727291788535,0.0,0.0484269398579924,1.407342509240179,-0.026159273412819428
2023-07-14 00:00:00+00:00,2903.742816907351,0.0,-0.03516443089925847,1.3578541108224138,-0.060403828349777866
2023-07-15 00:00:00+00:00,2898.7773785123245,0.0,-0.001710013147898204,1.3555321624399799,-0.06201055015701462
2023-07-16 00:00:00+00:00,2890.094236103673,0.0,-0.002995449900022207,1.3514717337595221,-0.06482025056076868
2023-07-17 00:00:00+00:00,2878.325121769498,0.0,-0.004072225115414274,1.345968236622534,-0.06862851302386197
2023-07-18 00:00:00+00:00,2853.7761630886253,0.0,-0.008528904012685246,1.3344886027282572,-0.07657209103643337
2023-07-19 00:00:00+00:00,2851.9263321900107,0.0,-0.0006482046218412307,1.3336235810481742,-0.07717066127496075
2023-07-20 00:00:00+00:00,2847.0737404293595,0.0,-0.0017015137122861068,1.3313544022379926,-0.07874086804890146
2023-07-21 00:00:00+00:00,2853.2280276429356,0.0,0.0021616184808224137,1.3342322825183945,-0.07674945728364946
2023-07-22 00:00:00+00:00,2832.570722796136,0.0,-0.00723997684260258,1.3245724716903087,-0.08343376983283612
2023-07-23 00:00:00+00:00,2862.407276652658,0.0,0.010533383550285658,1.3385247015747725,-0.073779226181246
2023-07-24 00:00:00+00:00,2786.3694070147485,0.0,-0.026564308391092806,1.3029677186130448,-0.09838364045520398
2023-07-25 00:00:00+00:00,2793.8214547526673,0.0,0.002674465101130563,1.3064524603043752,-0.095972298966993
2023-07-26 00:00:00+00:00,2809.2614271277794,0.0,0.0055264706872539815,1.3136725315305382,-0.09097621637676845
2023-07-27 00:00:00+00:00,2894.855786798364,100.0,-0.005127910200989683,1.3069361367553427,-0.09563760870975235
2023-07-28 00:00:00+00:00,2908.0581533260156,0.0,0.004560630131510868,1.3128965890805895,-0.09151314633822882
2023-07-29 00:00:00+00:00,2914.1235850270705,0.0,0.0020857326027396983,1.3156349403004606,-0.08961828568838603
2023-07-30 00:00:00+00:00,2898.756035237985,0.0,-0.005273472226107634,1.3086969759830893,-0.09441915837396464
2023-07-31 00:00:00+00:00,2892.431030517075,0.0,-0.002181972074925098,1.3058414357269552,-0.0963951104819799
2023-08-01 00:00:00+00:00,2931.83988149752,0.0,0.013624819594540094,1.3236332897078102,-0.08408365687755248
2023-08-02 00:00:00+00:00,2880.0657256629147,0.0,-0.017659271286043055,1.3002588903616223,-0.10025807205607229
2023-08-03 00:00:00+00:00,2878.142137977174,0.0,-0.0006678971485269969,1.299390451156403,-0.1008590071241563
2023-08-04 00:00:00+00:00,2869.95508626385,0.0,-0.0028445612901795148,1.2956942553782145,-0.10341666878690448
2023-08-05 00:00:00+00:00,2871.0291680912205,0.0,0.00037425039594229936,1.2961791694663098,-0.10308112212020282
2023-08-06 00:00:00+00:00,2868.404986430499,0.0,-0.0009140212471148157,1.29499443416535,-0.10390092503152326
2023-08-07 00:00:00+00:00,2875.2891261813584,0.0,0.0023999887684711396,1.2981024062625797,-0.10175029731616148
2023-08-08 00:00:00+00:00,2925.7657534510263,0.0,0.017555322283955954,1.320891012362098,-0.085981234294079
2023-08-09 00:00:00+00:00,2913.570770977662,0.0,-0.004168133576305633,1.3153853621828313,-0.08979098660079121
2023-08-10 00:00:00+00:00,2904.0869687027653,0.0,-0.0032550444181297378,1.3111037244019685,-0.09275375736918767
2023-08-11 00:00:00+00:00,2900.125740712311,0.0,-0.001364018375876519,1.309315354829204,-0.09399125791558116
2023-08-12 00:00:00+00:00,2901.0196964381257,0.0,0.00030824722985811626,1.3097189476603408,-0.09371198323060637
2023-08-13 00:00:00+00:00,2887.8297073121676,0.0,-0.004546673413542424,1.3037640833418007,-0.0978325788614639
2023-08-14 00:00:00+00:00,2898.4726864605245,0.0,0.0036854594027508902,1.3085690529417215,-0.09450767745637345
2023-08-15 00:00:00+00:00,2874.5357203412887,0.0,-0.00825847565548965,1.2977622672744753,-0.10198566375833273
2023-08-16 00:00:00+00:00,2833.1408955023676,0.0,-0.01440052546433701,1.2790738086979334,-0.1149175420747206
2023-08-17 00:00:00+00:00,2629.0263680135527,0.0,-0.07204531472926334,1.1869225335883333,-0.1786835863172972
2023-08-18 00:00:00+00:00,2625.084142974716,0.0,-0.001499500000000098,1.1851427432492174,-0.17991515027961458
2023-08-19 00:00:00+00:00,2625.084142974716,0.0,0.0,1.1851427432492174,-0.17991515027961458
2023-08-20 00:00:00+00:00,2625.084142974716,0.0,0.0,1.1851427432492174,-0.17991515027961458
2023-08-21 00:00:00+00:00,2625.084142974716,0.0,0.0,1.1851427432492174,-0.17991515027961458
2023-08-22 00:00:00+00:00,2625.084142974716,0.0,0.0,1.1851427432492174,-0.17991515027961458
2023-08-23 00:00:00+00:00,2625.084142974716,0.0,0.0,1.1851427432492174,-0.17991515027961458
2023-08-24 00:00:00+00:00,2625.084142974716,0.0,0.0,1.1851427432492174,-0.17991515027961458
2023-08-25 00:00:00+00:00,2625.084142974716,0.0,0.0,1.1851427432492174,-0.17991515027961458
2023-08-26 00:00:00+00:00,2625.084142974716,0.0,0.0,1.1851427432492174,-0.17991515027961458
2023-08-27 00:00:00+00:00,2725.084142974716,100.0,0.0,1.1851427432492174,-0.17991515027961458
2023-08-28 00:00:00+00:00,2725.084142974716,0.0,0.0,1.1851427432492174,-0.17991515027961458
2023-08-29 00:00:00+00:00,2725.084142974716,0.0,0.0,1.1851427432492174,-0.17991515027961458
2023-08-30 00:00:00+00:00,2697.0056603064195,0.0,-0.010303712177359037,1.1729313735336917,-0.18836506853214618
2023-08-31 00:00:00+00:00,2694.4956496743453,0.0,-0.0009306656893663945,1.1718397665483624,-0.1891204293151546
2023-09-01 00:00:00+00:00,2694.4956496743453,0.0,0.0,1.1718397665483624,-0.1891204293151546
2023-09-02 00:00:00+00:00,2694.4956496743453,0.0,0.0,1.1718397665483624,-0.1891204293151546
2023-09-03 00:00:00+00:00,2694.4956496743453,0.0,0.0,1.1718397665483624,-0.1891204293151546
2023-09-04 00:00:00+00:00,2694.4956496743453,0.0,0.0,1.1718397665483624,-0.1891204293151546
2023-09-05 00:00:00+00:00,2694.4956496743453,0.0,0.0,1.1718397665483624,-0.1891204293151546
2023-09-06 00:00:00+00:00,2694.4956496743453,0.0,0.0,1.1718397665483624,-0.1891204293151546
2023-09-07 00:00:00+00:00,2694.4956496743453,0.0,0.0,1.1718397665483624,-0.1891204293151546
2023-09-08 00:00:00+00:00,2694.4956496743453,0.0,0.0,1.1718397665483624,-0.1891204293151546
2023-09-09 00:00:00+00:00,2694.4956496743453,0.0,0.0,1.1718397665483624,-0.1891204293151546
2023-09-10 00:00:00+00:00,2694.4956496743453,0.0,0.0,1.1718397665483624,-0.1891204293151546
2023-09-11 00:00:00+00:00,2694.4956496743453,0.0,0.0,1.1718397665483624,-0.1891204293151546
2023-09-12 00:00:00+00:00,2694.4956496743453,0.0,0.0,1.1718397665483624,-0.1891204293151546
2023-09-13 00:00:00+00:00,2694.4956496743453,0.0,0.0,1.1718397665483624,-0.1891204293151546
2023-09-14 00:00:00+00:00,2694.4956496743453,0.0,0.0,1.1718397665483624,-0.1891204293151546
2023-09-15 00:00:00+00:00,2694.4956496743453,0.0,0.0,1.1718397665483624,-0.1891204293151546
2023-09-16 00:00:00+00:00,2694.4956496743453,0.0,0.0,1.1718397665483624,-0.1891204293151546
2023-09-17 00:00:00+00:00,2694.4956496743453,0.0,0.0,1.1718397665483624,-0.1891204293151546
2023-09-18 00:00:00+00:00,2694.4956496743453,0.0,0.0,1.1718397665483624,-0.1891204293151546
2023-09-19 00:00:00+00:00,2694.4956496743453,0.0,0.0,1.1718397665483624,-0.1891204293151546
2023-09-20 00:00:00+00:00,2694.4956496743453,0.0,0.0,1.1718397665483624,-0.1891204293151546
2023-09-21 00:00:00+00:00,2694.4956496743453,0.0,0.0,1.1718397665483624,-0.1891204293151546
2023-09-22 00:00:00+00:00,2694.4956496743453,0.0,0.0,1.1718397665483624,-0.1891204293151546
2023-09-23 00:00:00+00:00,2694.4956496743453,0.0,0.0,1.1718397665483624,-0.1891204293151546
2023-09-24 00:00:00+00:00,2694.4956496743453,0.0,0.0,1.1718397665483624,-0.1891204293151546
2023-09-25 00:00:00+00:00,2694.4956496743453,0.0,0.0,1.1718397665483624,-0.1891204293151546
2023-09-26 00:00:00+00:00,2694.4956496743453,0.0,0.0,1.1718397665483624,-0.1891204293151546
2023-09-27 00:00:00+00:00,2794.4956496743453,100.0,0.0,1.1718397665483624,-0.1891204293151546
2023-09-28 00:00:00+00:00,2794.4956496743453,0.0,0.0,1.1718397665483624,-0.1891204293151546
2023-09-29 00:00:00+00:00,2794.4956496743453,0.0,0.0,1.1718397665483624,-0.1891204293151546
2023-09-30 00:00:00+00:00,2794.4956496743453,0.0,0.0,1.1718397665483624,-0.1891204293151546
2023-10-01 00:00:00+00:00,2794.4956496743453,0.0,0.0,1.1718397665483624,-0.1891204293151546
2023-10-02 00:00:00+00:00,2794.4956496743453,0.0,0.0,1.1718397665483624,-0.1891204293151546
2023-10-03 00:00:00+00:00,2794.4956496743453,0.0,0.0,1.1718397665483624,-0.1891204293151546
2023-10-04 00:00:00+00:00,2794.4956496743453,0.0,0.0,1.1718397665483624,-0.1891204293151546
2023-10-05 00:00:00+00:00,2794.4956496743453,0.0,0.0,1.1718397665483624,-0.1891204293151546
2023-10-06 00:00:00+00:00,2794.4956496743453,0.0,0.0,1.1718397665483624,-0.1891204293151546
2023-10-07 00:00:00+00:00,2794.4956496743453,0.0,0.0,1.1718397665483624,-0.1891204293151546
2023-10-08 00:00:00+00:00,2794.4956496743453,0.0,0.0,1.1718397665483624,-0.1891204293151546
2023-10-09 00:00:00+00:00,2794.4956496743453,0.0,0.0,1.1718397665483624,-0.1891204293151546
2023-10-10 00:00:00+00:00,2794.4956496743453,0.0,0.0,1.1718397665483624,-0.1891204293151546
2023-10-11 00:00:00+00:00,2794.4956496743453,0.0,0.0,1.1718397665483624,-0.1891204293151546
2023-10-12 00:00:00+00:00,2794.4956496743453,0.0,0.0,1.1718397665483624,-0.1891204293151546
2023-10-13 00:00:00+00:00,2794.4956496743453,0.0,0.0,1.1718397665483624,-0.1891204293151546
2023-10-14 00:00:00+00:00,2794.4956496743453,0.0,0.0,1.1718397665483624,-0.1891204293151546
2023-10-15 00:00:00+00:00,2794.4956496743453,0.0,0.0,1.1718397665483624,-0.1891204293151546
2023-10-16 00:00:00+00:00,2794.4956496743453,0.0,0.0,1.1718397665483624,-0.1891204293151546
2023-10-17 00:00:00+00:00,2785.541015730592,0.0,-0.003204382853412846,1.1680847432934875,-0.1917187979076399
2023-10-18 00:00:00+00:00,2780.9364812949534,0.0,-0.0016530126139359114,1.1661538844786774,-0.19305489693030586
2023-10-19 00:00:00+00:00,2804.8180680773958,0.0,0.008587605989232028,1.1761683545613928,-0.18612517033020304
2023-10-20 00:00:00+00:00,2862.7662946931055,0.0,0.02066024433999436,1.2004682801516002,-0.16931031748705372
2023-10-21 00:00:00+00:00,2877.370269277802,0.0,0.0051013506103410045,1.2065922897452466,-0.1650726781681624
2023-10-22 00:00:00+00:00,2882.3842439379246,0.0,0.0017425545518621188,1.208694842631984,-0.16361777176303027
2023-10-23 00:00:00+00:00,3069.0604771313174,0.0,0.0647645204091023,1.2869753844359997,-0.10944987787256655
2023-10-24 00:00:00+00:00,3120.7858189129847,0.0,0.01685380336004827,1.3086658144945065,-0.0944407212319639
2023-10-25 00:00:00+00:00,3155.259835703593,0.0,0.011046582108161562,1.3231220988664643,-0.08443738630524511
2023-10-26 00:00:00+00:00,3144.0217537248036,0.0,-0.0035616977884432854,1.3184095378130911,-0.0876983436416231
2023-10-27 00:00:00+00:00,3212.875223120622,100.0,-0.009906588771938729,1.305348596688975,-0.09673614098712413
2023-10-28 00:00:00+00:00,3223.0301526404746,0.0,0.0031606983821765855,1.3094744098867064,-0.09388119636926351
2023-10-29 00:00:00+00:00,3250.7966486815358,0.0,0.00861502831995331,1.3207555690121344,-0.08607495721474256
2023-10-30 00:00:00+00:00,3254.4351011406616,0.0,0.0011192494801548492,1.3222338239961628,-0.08505204708570469
2023-10-31 00:00:00+00:00,3268.1676516361676,0.0,0.004219641832984511,1.327813177152884,-0.08119129442858408
2023-11-01 00:00:00+00:00,3336.6550289428815,0.0,0.020955894741943926,1.355638690330266,-0.06193683590664778
2023-11-02 00:00:00+00:00,3278.5496593984835,0.0,-0.01741425740461,1.3320312492292063,-0.07827250930795226
2023-11-03 00:00:00+00:00,3283.9712454228147,0.0,0.0016536537760802883,1.334233967734351,-0.07674829116245241
2023-11-04 00:00:00+00:00,3319.438742842734,0.0,0.010800185132361806,1.3486439415957678,-0.06677700178323742
2023-11-05 00:00:00+00:00,3338.3556303802397,0.0,0.005698821096877804,1.3563296221423102,-0.06145873087290821
2023-11-06 00:00:00+00:00,3346.1234802342815,0.0,0.002326849117976426,1.3594855965272774,-0.05927488694865535
2023-11-07 00:00:00+00:00,3358.598227159221,0.0,0.0037281191201186115,1.3645539207732167,-0.05576775166791281
2023-11-08 00:00:00+00:00,3374.415754349321,0.0,0.004709562180493121,1.3709803723117338,-0.05132083118156605
2023-11-09 00:00:00+00:00,3583.753679826683,0.0,0.06203679117119565,1.456031595368645,0.0
2023-11-10 00:00:00+00:00,3594.6559110385333,0.0,0.00304212626922995,1.4604610273337446,0.0
2023-11-11 00:00:00+00:00,3568.978372349785,0.0,-0.007143253575369268,1.4500285838785554,-0.007143253575369268
2023-11-12 00:00:00+00:00,3559.6917594656343,0.0,-0.0026020367498154062,1.4462555562150206,-0.009726703316868313
2023-11-13 00:00:00+00:00,3527.637777023332,0.0,-0.009004707319690497,1.4332324482218282,-0.018643824520004904
2023-11-14 00:00:00+00:00,3425.465081742478,0.0,-0.028963488243134994,1.3917210370580757,-0.04706732257084767
2023-11-15 00:00:00+00:00,3617.6638187767207,0.0,0.05610880054175715,1.4698088351361347,0.0
2023-11-16 00:00:00+00:00,3452.940018363108,0.0,-0.045533197296733,1.4028837394573999,-0.045533197296732886
2023-11-17 00:00:00+00:00,3480.471905856513,0.0,0.007973462425349798,1.4140695802410976,-0.03792279210913474
2023-11-18 00:00:00+00:00,3478.6972795362854,0.0,-0.0005098809495464041,1.4133485731007995,-0.038413336949431054
2023-11-19 00:00:00+00:00,3557.9039517091023,0.0,0.022769061464116724,1.4455291936319532,-0.01651891111535786
2023-11-20 00:00:00+00:00,3569.5069909272243,0.0,0.0032612008012606886,1.4502433545964715,-0.013311581800262484
2023-11-21 00:00:00+00:00,3409.0786833714947,0.0,-0.044944107957624824,1.3850634607026597,-0.05765741258836954
2023-11-22 00:00:00+00:00,3592.4705580562368,0.0,0.05379514282825881,1.4595731473973617,-0.006963958505409984
2023-11-23 00:00:00+00:00,3584.7361406142345,0.0,-0.0021529522140849577,1.4564307561580536,-0.00910191764961188
2023-11-24 00:00:00+00:00,3622.2678921232177,0.0,0.010469878405765298,1.4716794090814453,0.0
2023-11-25 00:00:00+00:00,3627.8273477750413,0.0,0.0015347996938361863,1.4739381421879285,0.0
2023-11-26 00:00:00+00:00,3594.3737941853547,0.0,-0.009221374222839973,1.460346406997496,-0.009221374222839973
2023-11-27 00:00:00+00:00,3659.211625169996,100.0,-0.009782557693982952,1.4460604840178424,-0.01891372329147023
2023-11-28 00:00:00+00:00,3709.075290646012,0.0,0.013626887587760095,1.4657657876786554,-0.005544570884869038
2023-11-29 00:00:00+00:00,3699.207013763178,0.0,-0.0026605760491626995,1.4618660063302755,-0.008190395181532528
2023-11-30 00:00:00+00:00,3705.4025856504422,0.0,0.0016748378407083209,1.4643143948357227,-0.006529274924604533
2023-12-01 00:00:00+00:00,3788.9518741927996,0.0,0.022547965197064146,1.4973317048480386,0.0
2023-12-02 00:00:00+00:00,3886.847270623215,0.0,0.025837065151763428,1.5360183616599983,0.0
2023-12-03 00:00:00+00:00,3937.9989505880367,0.0,0.013160198074008589,1.556232667544758,0.0
2023-12-04 00:00:00+00:00,4098.941369825318,0.0,0.04086908637018527,1.6198344748467486,0.0
2023-12-05 00:00:00+00:00,4263.651536889736,0.0,0.04018358698100566,1.6849252343615846,0.0
2023-12-06 00:00:00+00:00,4205.633095520241,0.0,-0.01360768835527737,1.6619972968704495,-0.01360768835527737
2023-12-07 00:00:00+00:00,4251.67820246414,0.0,0.010948436513148252,1.6801935687602596,-0.0028082347541775743
2023-12-08 00:00:00+00:00,4311.0319005981655,0.0,0.013960063604913975,1.7036491778487202,0.0
2023-12-09 00:00:00+00:00,4270.287384623949,0.0,-0.009451221172490754,1.6875476126685398,-0.009451221172490754
2023-12-10 00:00:00+00:00,4282.6312657156905,0.0,0.0028906441135994054,1.692425712241519,-0.006587897175739932
2023-12-11 00:00:00+00:00,4040.241100449575,0.0,-0.05659842050996855,1.5966370900981903,-0.06281345311107955
2023-12-12 00:00:00+00:00,4041.915821503577,0.0,0.00041451017708227234,1.597298912421143,-0.06242497974956962
2023-12-13 00:00:00+00:00,4165.69973148465,0.0,0.030625058869985677,1.6462162856470046,-0.03371168955937209
2023-12-14 00:00:00+00:00,4210.202237035505,0.0,0.01068308049533706,1.6638029467393063,-0.023388753757231706
2023-12-15 00:00:00+00:00,4081.305030900836,0.0,-0.030615442887947486,1.6128648826466103,-0.05328813959030432
2023-12-16 00:00:00+00:00,4108.244850664413,0.0,0.006600785670173526,1.62351105805191,-0.0470390975083288
2023-12-17 00:00:00+00:00,4030.014012092094,0.0,-0.01904239922790074,1.592595512333574,-0.06518575946215577
2023-12-18 00:00:00+00:00,4126.560567382063,0.0,0.02395687831364346,1.6307491292254042,-0.042790528455729615
2023-12-19 00:00:00+00:00,4076.0053684169707,0.0,-0.012251170954499013,1.6107705428593633,-0.054517465330884196
2023-12-20 00:00:00+00:00,4180.428898507603,0.0,0.025619085514400952,1.6520370111409552,-0.03029506742282362
2023-12-21 00:00:00+00:00,4216.3234942584,0.0,0.008586342842384465,1.6662219673069196,-0.02196884841576463
2023-12-22 00:00:00+00:00,4276.6065177396185,0.0,0.014297532806320179,1.6900448305471016,-0.007985415940385931
2023-12-23 00:00:00+00:00,4249.245660233424,0.0,-0.006397796335178341,1.6792322679239402,-0.014332123210726078
2023-12-24 00:00:00+00:00,4175.98595988055,0.0,-0.017240636623689576,1.6502812345858895,-0.03132566490609345
2023-12-25 00:00:00+00:00,4218.000711541052,0.0,0.010061037576310161,1.6668847760985377,-0.021579796021506392
2023-12-26 00:00:00+00:00,4124.232818619388,0.0,-0.02223041183115526,1.6298292410507842,-0.04333048009987128
2023-12-27 00:00:00+00:00,4379.6596507227905,100.0,0.037686241038989765,1.6912513786814178,-0.007277201978260317
2023-12-28 00:00:00+00:00,4300.9413313636,0.0,-0.017973615677236432,1.6608534763874019,-0.025120020023933876
2023-12-29 00:00:00+00:00,4239.362465556078,0.0,-0.014317532154756951,1.6370741533348854,-0.03907789548426999
2023-12-30 00:00:00+00:00,4239.295321582755,0.0,-1.5838224230346754e-05,1.6370482249873632,-0.039093114784029104
2023-12-31 00:00:00+00:00,4242.324363398851,0.0,0.0007145154055854253,1.638217921163803,-0.03840653201120925
2024-01-01 00:00:00+00:00,4411.752155719341,0.0,0.03993749129186064,1.7036442351244525,-2.9012570967879014e-06
2024-01-02 00:00:00+00:00,4464.0884846270665,0.0,0.0118629349656183,1.7238544558902844,0.0
2024-01-03 00:00:00+00:00,4232.396328827591,0.0,-0.051901335871220144,1.6343841067820233,-0.051901335871220144
2024-01-04 00:00:00+00:00,4354.952007668212,0.0,0.028956569592945014,1.6817102639116601,-0.02444765092239698
2024-01-05 00:00:00+00:00,4355.640412103181,0.0,0.00015807394289457655,1.681976098483883,-0.024293441516078262
2024-01-06 00:00:00+00:00,4325.962149179202,0.0,-0.00681375414772778,1.6705155268664593,-0.030941666125913314
2024-01-07 00:00:00+00:00,4310.86763523036,0.0,-0.003489284794529701,1.6646866224395385,-0.034322986635312414
2024-01-08 00:00:00+00:00,4579.09403451751,0.0,0.062220977766768604,1.768265051762986,0.0
2024-01-09 00:00:00+00:00,4533.031337965502,0.0,-0.010059347155744192,1.7504774597439323,-0.010059347155744192
2024-01-10 00:00:00+00:00,4723.927551716433,0.0,0.04211226429257575,1.8241940291668655,0.0
2024-01-11 00:00:00+00:00,4725.085315296357,0.0,0.0002450849567969815,1.8246411116816932,0.0
2024-01-12 00:00:00+00:00,4430.662274685597,0.0,-0.06231062953670574,1.7109465753342523,-0.06231062953670574
2024-01-13 00:00:00+00:00,4470.930140974189,0.0,0.009088453100716043,1.7264964330420085,-0.05378848367021005
2024-01-14 00:00:00+00:00,4329.814928965823,0.0,-0.0315628309006899,1.6720033180752594,-0.08365359775641257
2024-01-15 00:00:00+00:00,4405.931549081292,0.0,0.01757964748245011,1.7013965469965093,-0.06754455103315882
2024-01-16 00:00:00+00:00,4495.857385081916,0.0,0.020410175464340652,1.7361223490551314,-0.048512971707065144
2024-01-17 00:00:00+00:00,4435.177109335053,0.0,-0.013496930740777402,1.7126900259524185,-0.061355126228683
2024-01-18 00:00:00+00:00,4301.996578824244,0.0,-0.03002823274644273,1.6612609712306081,-0.08954097296454344
2024-01-19 00:00:00+00:00,4337.392921269836,0.0,0.00822788716751277,1.6749296390576862,-0.08204981881945228
2024-01-20 00:00:00+00:00,4326.88317279711,0.0,-0.002423056583411576,1.6708711897690163,-0.08427406404920568
2024-01-21 00:00:00+00:00,4309.636061998979,0.0,-0.003986035700377255,1.6642110375558652,-0.08792418032166693
2024-01-22 00:00:00+00:00,4085.582440953289,0.0,-0.05198898882003633,1.5776903885301923,-0.1353420799139492
2024-01-23 00:00:00+00:00,4060.8278775797776,0.0,-0.006059004739538465,1.5681311549885635,-0.14058104634983015
2024-01-24 00:00:00+00:00,4068.1766723755945,0.0,0.001809678966299133,1.5709689689561446,-0.13902577394617066
2024-01-25 00:00:00+00:00,4049.482398411101,0.0,-0.004595246340070358,1.5637499795511847,-0.14298216260733942
2024-01-26 00:00:00+00:00,4203.046883960565,0.0,0.037922003466348775,1.6230505116962275,-0.11048232920701229
2024-01-27 00:00:00+00:00,4322.933571884686,100.0,0.004731493241251217,1.6307299642225275,-0.10627358235968176
2024-01-28 00:00:00+00:00,4309.609564028096,0.0,-0.0030821680775401372,1.6257037803837127,-0.10902819739418701
2024-01-29 00:00:00+00:00,4434.957682407655,0.0,0.029085724940335123,1.6729885533744162,-0.08311363661399984
2024-01-30 00:00:00+00:00,4427.66796693833,0.0,-0.0016436944817401766,1.6702386713212203,-0.08462071766988022
2024-01-31 00:00:00+00:00,4363.744337717915,0.0,-0.014437313208157554,1.646124912490979,-0.0978363350731386
2024-02-01 00:00:00+00:00,4411.414964231082,0.0,0.010924248265675729,1.6641075897113442,-0.08798087522120568
2024-02-02 00:00:00+00:00,4422.417099751535,0.0,0.0024940150971197728,1.668257899163316,-0.08570628575514538
2024-02-03 00:00:00+00:00,4401.435182429101,0.0,-0.004744445593703239,1.6603429403244698,-0.09004410253904493
2024-02-04 00:00:00+00:00,4368.355706280792,0.0,-0.007515611335221828,1.6478644481018117,-0.09688297739655449
2024-02-05 00:00:00+00:00,4384.767646385137,0.0,0.0037570063446865642,1.6540554852885136,-0.09348996101263884
2024-02-06 00:00:00+00:00,4457.909534468799,0.0,0.01668090397993205,1.6816466260160912,-0.0783685540954463
2024-02-07 00:00:00+00:00,4576.379031552742,0.0,0.026575123646617405,1.7263365930323857,-0.053876084463922
2024-02-08 00:00:00+00:00,4635.4701008633965,0.0,0.012912188632812072,1.748627376765346,-0.04165955399650545
2024-02-09 00:00:00+00:00,4803.2835289545155,0.0,0.03620203009396228,1.8119312376821313,-0.0069656843300257565
2024-02-10 00:00:00+00:00,4853.710671792844,0.0,0.010498473082912962,1.8309537490090262,0.0
2024-02-11 00:00:00+00:00,4895.0381318722475,0.0,0.008514611371373437,1.8465436086207974,0.0
2024-02-12 00:00:00+00:00,5104.6794057399675,0.0,0.04282730148774894,1.925626088457476,0.0
2024-02-13 00:00:00+00:00,5076.836978770744,0.0,-0.005454294923578518,1.915123155858492,-0.005454294923578518
2024-02-14 00:00:00+00:00,5306.520213119278,0.0,0.045241404305274235,2.0017660168470788,0.0
2024-02-15 00:00:00+00:00,5343.940539110937,0.0,0.007051763583062254,2.0158819975464928,0.0
2024-02-16 00:00:00+00:00,5346.445537561204,0.0,0.00046875492568343446,2.016826952162439,0.0
2024-02-17 00:00:00+00:00,5303.712099585993,0.0,-0.007992868846224854,2.0007067188482734,-0.007992868846224854
2024-02-18 00:00:00+00:00,5400.112238380689,0.0,0.018175975050044757,2.0370715142525166,0.0
2024-02-19 00:00:00+00:00,5418.109647885841,0.0,0.0033327843405248636,2.0438606342957466,0.0
2024-02-20 00:00:00+00:00,5496.993498413409,0.0,0.014559293859685685,2.073617801878702,0.0
2024-02-21 00:00:00+00:00,5438.45056466441,0.0,-0.010649991448215435,2.0515337900218267,-0.010649991448215435
2024-02-22 00:00:00+00:00,5403.273345743901,0.0,-0.0064682428390667734,2.0382639712754145,-0.017049347556361116
2024-02-23 00:00:00+00:00,5334.2207665510205,0.0,-0.01277976788778834,2.012215430828473,-0.02961122873974087
2024-02-24 00:00:00+00:00,5436.079396978152,0.0,0.019095315864287032,2.0506393200671353,-0.011081348641368893
2024-02-25 00:00:00+00:00,5526.536456036783,0.0,0.01664012838166329,2.084762221617539,0.0
2024-02-26 00:00:00+00:00,5752.320182455809,0.0,0.04085447155105548,2.169934080491328,0.0
2024-02-27 00:00:00+00:00,6071.160571511393,100.0,0.038043847024202826,2.252486720702144,0.0
2024-02-28 00:00:00+00:00,6533.042707566068,0.0,0.07607806293611041,2.4238515472024744,0.0
2024-02-29 00:00:00+00:00,6415.506712569806,0.0,-0.017991003619208135,2.3802440252443313,-0.017991003619208246
2024-03-01 00:00:00+00:00,6564.115670188975,0.0,0.02316402495971226,2.435380057255297,0.0
2024-03-02 00:00:00+00:00,6528.747113187818,0.0,-0.0053881678474655414,2.422257820734435,-0.00538816784746543
2024-03-03 00:00:00+00:00,6650.273228390152,0.0,0.018614002517704398,2.467345733908115,0.0
2024-03-04 00:00:00+00:00,7093.747371970172,0.0,0.06668510125070037,2.6318809339942613,0.0
2024-03-05 00:00:00+00:00,6736.305273551565,0.0,-0.050388332100884115,2.499264843442173,-0.050388332100884226
2024-03-06 00:00:00+00:00,7075.37856776318,0.0,0.05033520311837747,2.6250658469834547,-0.002589435913601057
2024-03-07 00:00:00+00:00,7160.252703436086,0.0,0.011995702400944275,2.6565553556667507,0.0
2024-03-08 00:00:00+00:00,7258.546586215123,0.0,0.013727711416088306,2.693023780950208,0.0
2024-03-09 00:00:00+00:00,7286.18901624177,0.0,0.003808259642384071,2.703279514731181,0.0
2024-03-10 00:00:00+00:00,7311.751952401528,0.0,0.0035084096916473406,2.7127637267798956,0.0
2024-03-11 00:00:00+00:00,7650.074410201547,0.0,0.04627105241020901,2.8382861593582422,0.0
2024-03-12 00:00:00+00:00,7550.08754405,0.0,-0.013070051451814835,2.801189613220456,-0.013070051451814835
2024-03-13 00:00:00+00:00,7677.010735652163,0.0,0.016810823829743082,2.8482799183220116,0.0
2024-03-14 00:00:00+00:00,7479.273658754955,0.0,-0.025757040559929556,2.7749166569397588,-0.025757040559929556
2024-03-15 00:00:00+00:00,7256.446645806231,0.0,-0.029792600607398745,2.6922446732607344,-0.05478227194509777
2024-03-16 00:00:00+00:00,6822.751027713584,0.0,-0.05976694093703494,2.531337444885913,-0.11127504407039346
2024-03-17 00:00:00+00:00,7115.26504408204,0.0,0.04287332414451028,2.639864295679643,-0.07317245095950786
2024-03-18 00:00:00+00:00,6977.899313167614,0.0,-0.01930577850064441,2.5888996603154926,-0.09106557832957862
2024-03-19 00:00:00+00:00,6347.452919001095,0.0,-0.09034902423668367,2.354995102159306,-0.17318691642263562
2024-03-20 00:00:00+00:00,6990.903088605421,0.0,0.10137139697061137,2.5937242455241427,-0.08937171910681918
2024-03-21 00:00:00+00:00,6815.910866603204,0.0,-0.02503141865711722,2.5287996480533126,-0.11216603684686732
2024-03-22 00:00:00+00:00,6594.115270593692,0.0,-0.03254085922635419,2.4465103346943557,-0.14105691685820954
2024-03-23 00:00:00+00:00,6602.637868019683,0.0,0.001292455026377537,2.449672339273516,-0.1399467715530307
2024-03-24 00:00:00+00:00,6906.383950767603,0.0,0.0460037471113075,2.56236644607502,-0.1003811003292927
2024-03-25 00:00:00+00:00,7179.522203687167,0.0,0.039548663217486846,2.6637046136906295,-0.06480237544212986
2024-03-26 00:00:00+00:00,7184.768375720257,0.0,0.0007307132542044847,2.665651017957139,-0.06411901414256493
2024-03-27 00:00:00+00:00,7189.693557648722,100.0,-0.013232829939629598,2.6303769113581117,-0.07650336807214919
2024-03-28 00:00:00+00:00,7320.685878985749,0.0,0.01821945821288451,2.678300953578737,-0.05967775977700018
2024-03-29 00:00:00+00:00,7221.763060975165,0.0,-0.013512780038075989,2.6421096619172584,-0.07238412737404432
2024-03-30 00:00:00+00:00,7200.475757880986,0.0,-0.002947660137066932,2.6343216205890654,-0.07511842370429445
2024-03-31 00:00:00+00:00,7413.4089545486295,0.0,0.029572101042710353,2.7122240457321216,-0.04776773227753672
2024-04-01 00:00:00+00:00,7203.8623735070505,0.0,-0.028265887168278714,2.635560626880365,-0.07468342211497403
2024-04-02 00:00:00+00:00,6761.105305274428,0.0,-0.06146106703272225,2.473576258522867,-0.13155436633485484
2024-04-03 00:00:00+00:00,6817.393953507677,0.0,0.00832536185900512,2.4941696759609138,-0.1243242421797196
2024-04-04 00:00:00+00:00,7002.507481763994,0.0,0.027153121782125034,2.5618941689175636,-0.10054691168597096
2024-04-05 00:00:00+00:00,6950.027619878845,0.0,-0.007494438531028713,2.54269421054561,-0.10728780756788447
2024-04-06 00:00:00+00:00,7047.243626778672,0.0,0.013987859072928543,2.5782610588282733,-0.09480067522745894
2024-04-07 00:00:00+00:00,7149.813751471754,0.0,0.014554644358161228,2.615786731602015,-0.08162582098214699
2024-04-08 00:00:00+00:00,7470.745263712114,0.0,0.04488669542955548,2.733200753932107,-0.040403038918204515
2024-04-09 00:00:00+00:00,7170.978600131924,0.0,-0.04012540288801647,2.6235299725067507,-0.0789072535917279
2024-04-10 00:00:00+00:00,7300.177792398892,0.0,0.018016954096696125,2.6707979915927114,-0.062311967860890216
2024-04-11 00:00:00+00:00,7227.507234504859,0.0,-0.00995462849818518,2.6442111897927068,-0.07164630386802939
2024-04-12 00:00:00+00:00,6846.2342336612055,0.0,-0.05275304312715423,2.5047210028602684,-0.12061978643733218
2024-04-13 00:00:00+00:00,6468.019863758189,0.0,-0.055244146927289184,2.366349827766389,-0.1692003961603391
2024-04-14 00:00:00+00:00,6689.4862827021825,0.0,0.03424021935753796,2.4473741649457823,-0.14075363548271347
2024-04-15 00:00:00+00:00,6498.668899073016,0.0,-0.02852496822104056,2.3775628946657084,-0.1652636107246136
2024-04-16 00:00:00+00:00,6512.1331180622565,0.0,0.0020718425878198943,2.382488830726097,-0.16353416832370982
2024-04-17 00:00:00+00:00,6271.006611457195,0.0,-0.03702726928850175,2.2942717752139545,-0.1945062139238184
2024-04-18 00:00:00+00:00,6476.246307887131,0.0,0.032728349553158065,2.3693595038431012,-0.16814373173022035
2024-04-19 00:00:00+00:00,6494.722908781485,0.0,0.0028529799541212597,2.3761192390116723,-0.16577046247213656
2024-04-20 00:00:00+00:00,6640.325442541032,0.0,0.022418590570304264,2.429388483377298,-0.14706821202864506
2024-04-21 00:00:00+00:00,6634.775831073666,0.0,-0.0008357438977030229,2.4273581367771655,-0.14778104456559904
2024-04-22 00:00:00+00:00,6800.1625602595195,0.0,0.024927252012234113,2.4878655047765568,-0.12653756789388293
2024-04-23 00:00:00+00:00,6785.527354555315,0.0,-0.002152184683015368,2.4825111587437743,-0.1284174203614511
2024-04-24 00:00:00+00:00,6585.21444768734,0.0,-0.02952061002797357,2.4092259149364064,-0.154147069802136
2024-04-25 00:00:00+00:00,6609.901347031518,0.0,0.003748837572457031,2.418257711566857,-0.15097610455663735
2024-04-26 00:00:00+00:00,6542.924581684903,0.0,-0.010132793491190784,2.3937540055670707,-0.1595790883582512
2024-04-27 00:00:00+00:00,6708.390088019079,100.0,0.010005541943342466,2.417704811671816,-0.15117022167675764
2024-04-28 00:00:00+00:00,6689.971597363268,0.0,-0.0027455902853211755,2.4110667848281158,-0.15350076047001315
2024-04-29 00:00:00+00:00,6709.35214649808,0.0,0.0028969553686073457,2.4180515376944944,-0.1510484899535347
2024-04-30 00:00:00+00:00,6344.505502090282,0.0,-0.05437881876541961,2.2865607513607613,-0.19721347025898073
2024-05-01 00:00:00+00:00,6154.440134907702,0.0,-0.029957475349333462,2.2180611640171177,-0.22126292793447433
2024-05-02 00:00:00+00:00,6212.584319185151,0.0,0.00944751805248023,2.239016336905675,-0.2139057953879997
2024-05-03 00:00:00+00:00,6560.727463719408,0.0,0.05603837737206274,2.3644871793354088,-0.16985435169996088
2024-05-04 00:00:00+00:00,6641.423855927793,0.0,0.012299915314975873,2.3935701714045803,-0.15964363052677466
2024-05-05 00:00:00+00:00,6663.235162354588,0.0,0.0032841310688713765,2.401430969570014,-0.15688379006486364
2024-05-06 00:00:00+00:00,6552.433941677902,0.0,-0.016628742341660452,2.3614981927257506,-0.17090375228395227
2024-05-07 00:00:00+00:00,6453.039362471698,0.0,-0.015169108165133505,2.325676371208526,-0.18348040294486345
2024-05-08 00:00:00+00:00,6352.920921632905,0.0,-0.015514927961084779,2.2895936698484287,-0.19614864567198786
2024-05-09 00:00:00+00:00,6527.590176619226,0.0,0.02749432224026882,2.352544496006521,-0.174047297502817
2024-05-10 00:00:00+00:00,6280.491780408447,0.0,-0.037854459229969106,2.263490196295754,-0.2053132904053795
2024-05-11 00:00:00+00:00,6284.029589941545,0.0,0.0005633013554979804,2.2647652233914837,-0.20486564230466864
2024-05-12 00:00:00+00:00,6341.728380318609,0.0,0.009181813922298998,2.285559876250358,-0.19756486658908334
2024-05-13 00:00:00+00:00,6458.499702634207,0.0,0.01841316992982467,2.327644278636545,-0.18278949211992657
2024-05-14 00:00:00+00:00,6315.0528990749835,0.0,-0.022210545817740956,2.2759460287384856,-0.2009401835479363
2024-05-15 00:00:00+00:00,6743.498466317342,0.0,0.06784512720473268,2.4303578765693543,-0.14672786865655563
2024-05-16 00:00:00+00:00,6614.173558521134,0.0,-0.019177717388409676,2.383749160059812,-0.16309168044686617
2024-05-17 00:00:00+00:00,6842.196709771657,0.0,0.03447492709905653,2.465928738575311,-0.13423932714167808
2024-05-18 00:00:00+00:00,6856.288419555243,0.0,0.0020595300575707576,2.4710073929322345,-0.13245626701326363
2024-05-19 00:00:00+00:00,6775.291934374587,0.0,-0.0118134594439816,2.441816247310051,-0.14270495971878283
2024-05-20 00:00:00+00:00,7550.050105775481,0.0,0.11435052229559917,2.721039210539835,-0.04467282410119888
2024-05-21 00:00:00+00:00,7549.0919452861,0.0,-0.00012690783186297683,2.7206938893532113,-0.04479406260181207
2024-05-22 00:00:00+00:00,7444.259747181872,0.0,-0.01388672953833725,2.6829123491551563,-0.05805874910787456
2024-05-23 00:00:00+00:00,7392.931983978214,0.0,-0.006894945225828342,2.664413815462033,-0.064553382438724
2024-05-24 00:00:00+00:00,7394.626492057296,0.0,0.00022920650193380965,2.6650245164323794,-0.06433897199176697
2024-05-25 00:00:00+00:00,7460.987082184328,0.0,0.00897416390108563,2.688940883243255,-0.05594219657056276
2024-05-26 00:00:00+00:00,7460.50102538948,0.0,-6.514644637423128e-05,2.6887657083002012,-0.056003698581628125
2024-05-27 00:00:00+00:00,7674.139952075804,100.0,0.015232077081631656,2.729721194823478,-0.04162467415364823
2024-05-28 00:00:00+00:00,7565.594964301312,0.0,-0.014144254398843925,2.6911113238059783,-0.05518017857199409
2024-05-29 00:00:00+00:00,7457.950166367109,0.0,-0.01422819995547353,2.6528216537884277,-0.06862326391316653
2024-05-30 00:00:00+00:00,7493.4826083492235,0.0,0.004764371065705708,2.665460680518215,-0.06418583954048296
2024-05-31 00:00:00+00:00,7446.354852862796,0.0,-0.006289165925856377,2.64869715602959,-0.07007133007137878
2024-06-01 00:00:00+00:00,7500.4556750296615,0.0,0.007265410155153473,2.6679410272449333,-0.06331501686931107
2024-06-02 00:00:00+00:00,7475.534955462503,0.0,-0.003322560741225944,2.6590766311279035,-0.066427209621157
2024-06-03 00:00:00+00:00,7539.4321485936725,0.0,0.008547507771932583,2.6818051092986335,-0.058447488939729064
2024-06-04 00:00:00+00:00,7692.175805222174,0.0,0.020259305159605834,2.7361366173865047,-0.03937228929436576
2024-06-05 00:00:00+00:00,7772.109455328667,0.0,0.010391552680351746,2.764569325186716,-0.029389875832362522
2024-06-06 00:00:00+00:00,7712.92183851703,0.0,-0.00761538642138615,2.7435160614867087,-0.036781446992408595
2024-06-07 00:00:00+00:00,7514.84276764887,0.0,-0.02568145704251612,2.673058571608185,-0.06151830288402749
2024-06-08 00:00:00+00:00,7513.966837848343,0.0,-0.00011655996374237976,2.672746999997997,-0.06162769227661624
2024-06-09 00:00:00+00:00,7555.478721035467,0.0,0.005524629544281012,2.687512937038574,-0.05644353290183257
2024-06-10 00:00:00+00:00,7520.417492706344,0.0,-0.004640503881177982,2.6750415228235305,-0.06082211034951224
2024-06-11 00:00:00+00:00,7241.9208092032895,0.0,-0.03703207751074378,2.5759791778058716,-0.09560181875542584
2024-06-12 00:00:00+00:00,7353.66346162005,0.0,0.015429974361878429,2.6157264704761487,-0.0816469780058926
2024-06-13 00:00:00+00:00,7183.8282257896735,0.0,-0.023095323401291612,2.555315421711183,-0.1028566380453999
2024-06-14 00:00:00+00:00,7141.1635529545965,0.0,-0.005938988446565596,2.5401394329443097,-0.10818476210696126
2024-06-15 00:00:00+00:00,7216.024706737771,0.0,0.010483047087221697,2.5667678342279734,-0.09883582097502674
2024-06-16 00:00:00+00:00,7287.310761484494,0.0,0.009878854028889439,2.59212455898836,-0.0899333515943751
2024-06-17 00:00:00+00:00,7194.774109383137,0.0,-0.012698326602241128,2.5592089147446355,-0.10148967512563667
2024-06-18 00:00:00+00:00,7080.967555710205,0.0,-0.015817946740608657,2.518727484433114,-0.11570226359038649
2024-06-19 00:00:00+00:00,7121.61668908817,0.0,0.005740618504202155,2.533186538037293,-0.11062584764152927
2024-06-20 00:00:00+00:00,7080.5038783812115,0.0,-0.005772960340585498,2.5185625526178987,-0.11576016935103661
2024-06-21 00:00:00+00:00,7033.05663118034,0.0,-0.006701111674515259,2.501685383693554,-0.12168555920326973
2024-06-22 00:00:00+00:00,7025.237895691767,0.0,-0.0011117122893493647,2.4989042293084163,-0.12266199216101648
2024-06-23 00:00:00+00:00,6897.701771859839,0.0,-0.018153993604990926,2.4535391379100666,-0.1385891807447408
2024-06-24 00:00:00+00:00,6643.211295916184,0.0,-0.03689496652086133,2.363015893559252,-0.1703709040818714
2024-06-25 00:00:00+00:00,6780.050399692796,0.0,0.020598336810501827,2.4116900908233543,-0.15328192453635758
2024-06-26 00:00:00+00:00,6696.896070299678,0.0,-0.012264559183348567,2.382111774972556,-0.16366654848449236
2024-06-27 00:00:00+00:00,6914.134269612838,100.0,0.01750634892381009,2.423813854880742,-0.14902540326560754
2024-06-28 00:00:00+00:00,6771.738390398158,0.0,-0.020594896434178334,2.373895659563747,-0.16655113695346901
2024-06-29 00:00:00+00:00,6810.779289662325,0.0,0.0057652698632781885,2.3875818086683966,-0.16174607934076335
2024-06-30 00:00:00+00:00,6981.553863685966,0.0,0.025074160644560806,2.4474484184909793,-0.14072756587322055
2024-07-01 00:00:00+00:00,6993.640084650597,0.0,0.0017311648954678738,2.451685355276539,-0.13924002359961707
2024-07-02 00:00:00+00:00,6923.815122552234,0.0,-0.009984065701581057,2.4272075676098543,-0.14783390775728977
2024-07-03 00:00:00+00:00,6694.801495113353,0.0,-0.03307621930760962,2.346924717798501,-0.17602034031081837
2024-07-04 00:00:00+00:00,6298.099458451511,0.0,-0.05925523511808395,2.207857141840908,-0.22484544877821966
2024-07-05 00:00:00+00:00,6288.656173317117,0.0,-0.00149938647312442,2.2045467107078407,-0.22600770502690237
2024-07-06 00:00:00+00:00,6288.656173317117,0.0,0.0,2.2045467107078407,-0.22600770502690237
2024-07-07 00:00:00+00:00,6288.656173317117,0.0,0.0,2.2045467107078407,-0.22600770502690237
2024-07-08 00:00:00+00:00,6288.656173317117,0.0,0.0,2.2045467107078407,-0.22600770502690237
2024-07-09 00:00:00+00:00,6288.656173317117,0.0,0.0,2.2045467107078407,-0.22600770502690237
2024-07-10 00:00:00+00:00,6288.656173317117,0.0,0.0,2.2045467107078407,-0.22600770502690237
2024-07-11 00:00:00+00:00,6288.656173317117,0.0,0.0,2.2045467107078407,-0.22600770502690237
2024-07-12 00:00:00+00:00,6288.656173317117,0.0,0.0,2.2045467107078407,-0.22600770502690237
2024-07-13 00:00:00+00:00,6314.9417282848,0.0,0.004179836557007821,2.2137613556408886,-0.22277254373753153
2024-07-14 00:00:00+00:00,6467.165173584863,0.0,0.02410528106985521,2.267124695340196,-0.20403725744911605
2024-07-15 00:00:00+00:00,6905.042684449563,0.0,0.06770779763801471,2.420626715432436,-0.15014437314908158
2024-07-16 00:00:00+00:00,6899.408090021394,0.0,-0.0008160115274680191,2.418651456128946,-0.15083786513727548
2024-07-17 00:00:00+00:00,6793.455192455609,0.0,-0.015356809770250335,2.3815086858166348,-0.16387828650646197
2024-07-18 00:00:00+00:00,6814.343479673005,0.0,0.003074766319294042,2.38883126851289,-0.16130740762298168
2024-07-19 00:00:00+00:00,7052.400153771738,0.0,0.034934645547124,2.472284242150274,-0.13200797918529206
2024-07-20 00:00:00+00:00,7095.254206765311,0.0,0.006076520341894431,2.4873071276386454,-0.1267336080142094
2024-07-21 00:00:00+00:00,7178.763632653204,0.0,0.011769758130479202,2.516582130927169,-0.11645547379706045
2024-07-22 00:00:00+00:00,7067.384224657222,0.0,-0.015515124009566672,2.4775370470855744,-0.13016377668907286
2024-07-23 00:00:00+00:00,6987.79469162915,0.0,-0.011261526258950827,2.4496361985722968,-0.1399594601588755
2024-07-24 00:00:00+00:00,6845.992023075407,0.0,-0.020292907106102098,2.399925958750924,-0.1574121829413534
2024-07-25 00:00:00+00:00,6762.286157707151,0.0,-0.012226988446102927,2.370582091781774,-0.16771449444535658
2024-07-26 00:00:00+00:00,6903.9511795033195,0.0,0.020949279354987027,2.42024407825644,-0.15027871288638572
2024-07-27 00:00:00+00:00,6981.92668972883,100.0,-0.003190128261607139,2.412523189222407,-0.15298943277889598
2024-07-28 00:00:00+00:00,7021.203004927974,0.0,0.005625426468158556,2.426094661026105,-0.14822463711524037
2024-07-29 00:00:00+00:00,6952.021278056394,0.0,-0.009853258312432,2.4021897236406025,-0.1566173997899094
2024-07-30 00:00:00+00:00,6883.805527302602,0.0,-0.009812362193008628,2.3786185680159178,-0.16489297533045222
2024-07-31 00:00:00+00:00,6742.91171739007,0.0,-0.020467430312160584,2.3299343582358407,-0.18198547016107192
2024-08-01 00:00:00+00:00,6773.171488026516,0.0,0.0044876415270875825,2.340390268417248,-0.17831451418720567
2024-08-02 00:00:00+00:00,6501.186715700862,0.0,-0.04015619164618289,2.246409108271824,-0.2113102740283911
2024-08-03 00:00:00+00:00,6445.420633040301,0.0,-0.008577831263618552,2.2271397899920125,-0.21807552141712505
2024-08-04 00:00:00+00:00,6439.078776770541,0.0,-0.000983932101692675,2.2249484356576823,-0.21884488201270202
2024-08-05 00:00:00+00:00,6439.078776770541,0.0,0.0,2.2249484356576823,-0.21884488201270202
2024-08-06 00:00:00+00:00,6439.078776770541,0.0,0.0,2.2249484356576823,-0.21884488201270202
2024-08-07 00:00:00+00:00,6439.078776770541,0.0,0.0,2.2249484356576823,-0.21884488201270202
2024-08-08 00:00:00+00:00,6439.078776770541,0.0,0.0,2.2249484356576823,-0.21884488201270202
2024-08-09 00:00:00+00:00,6439.078776770541,0.0,0.0,2.2249484356576823,-0.21884488201270202
2024-08-10 00:00:00+00:00,6439.078776770541,0.0,0.0,2.2249484356576823,-0.21884488201270202
2024-08-11 00:00:00+00:00,6439.078776770541,0.0,0.0,2.2249484356576823,-0.21884488201270202
2024-08-12 00:00:00+00:00,6439.078776770541,0.0,0.0,2.2249484356576823,-0.21884488201270202
2024-08-13 00:00:00+00:00,6439.078776770541,0.0,0.0,2.2249484356576823,-0.21884488201270202
2024-08-14 00:00:00+00:00,6439.078776770541,0.0,0.0,2.2249484356576823,-0.21884488201270202
2024-08-15 00:00:00+00:00,6439.078776770541,0.0,0.0,2.2249484356576823,-0.21884488201270202
2024-08-16 00:00:00+00:00,6439.078776770541,0.0,0.0,2.2249484356576823,-0.21884488201270202
2024-08-17 00:00:00+00:00,6439.078776770541,0.0,0.0,2.2249484356576823,-0.21884488201270202
2024-08-18 00:00:00+00:00,6439.078776770541,0.0,0.0,2.2249484356576823,-0.21884488201270202
2024-08-19 00:00:00+00:00,6439.078776770541,0.0,0.0,2.2249484356576823,-0.21884488201270202
2024-08-20 00:00:00+00:00,6439.078776770541,0.0,0.0,2.2249484356576823,-0.21884488201270202
2024-08-21 00:00:00+00:00,6439.078776770541,0.0,0.0,2.2249484356576823,-0.21884488201270202
2024-08-22 00:00:00+00:00,6439.078776770541,0.0,0.0,2.2249484356576823,-0.21884488201270202
2024-08-23 00:00:00+00:00,6439.078776770541,0.0,0.0,2.2249484356576823,-0.21884488201270202
2024-08-24 00:00:00+00:00,6440.638167824203,0.0,0.0002421761105468878,2.2254872650159974,-0.21865570490449404
2024-08-25 00:00:00+00:00,6444.78585547828,0.0,0.000643987062461715,2.226920450022341,-0.21815252928712425
2024-08-26 00:00:00+00:00,6353.522240800545,0.0,-0.014160845173801673,2.195385374315202,-0.22922415026941778
2024-08-27 00:00:00+00:00,6447.318186169947,100.0,-0.0009764748426875913,2.193241635727179,-0.22997679349603073
2024-08-28 00:00:00+00:00,6447.318186169947,0.0,0.0,2.193241635727179,-0.22997679349603073
2024-08-29 00:00:00+00:00,6447.318186169947,0.0,0.0,2.193241635727179,-0.22997679349603073
2024-08-30 00:00:00+00:00,6447.318186169947,0.0,0.0,2.193241635727179,-0.22997679349603073
2024-08-31 00:00:00+00:00,6447.318186169947,0.0,0.0,2.193241635727179,-0.22997679349603073
2024-09-01 00:00:00+00:00,6447.318186169947,0.0,0.0,2.193241635727179,-0.22997679349603073
2024-09-02 00:00:00+00:00,6447.318186169947,0.0,0.0,2.193241635727179,-0.22997679349603073
2024-09-03 00:00:00+00:00,6447.318186169947,0.0,0.0,2.193241635727179,-0.22997679349603073
2024-09-04 00:00:00+00:00,6447.318186169947,0.0,0.0,2.193241635727179,-0.22997679349603073
2024-09-05 00:00:00+00:00,6447.318186169947,0.0,0.0,2.193241635727179,-0.22997679349603073
2024-09-06 00:00:00+00:00,6447.318186169947,0.0,0.0,2.193241635727179,-0.22997679349603073
2024-09-07 00:00:00+00:00,6447.318186169947,0.0,0.0,2.193241635727179,-0.22997679349603073
2024-09-08 00:00:00+00:00,6447.318186169947,0.0,0.0,2.193241635727179,-0.22997679349603073
2024-09-09 00:00:00+00:00,6447.318186169947,0.0,0.0,2.193241635727179,-0.22997679349603073
2024-09-10 00:00:00+00:00,6447.318186169947,0.0,0.0,2.193241635727179,-0.22997679349603073
2024-09-11 00:00:00+00:00,6447.318186169947,0.0,0.0,2.193241635727179,-0.22997679349603073
2024-09-12 00:00:00+00:00,6447.318186169947,0.0,0.0,2.193241635727179,-0.22997679349603073
2024-09-13 00:00:00+00:00,6447.318186169947,0.0,0.0,2.193241635727179,-0.22997679349603073
2024-09-14 00:00:00+00:00,6447.318186169947,0.0,0.0,2.193241635727179,-0.22997679349603073
2024-09-15 00:00:00+00:00,6447.318186169947,0.0,0.0,2.193241635727179,-0.22997679349603073
2024-09-16 00:00:00+00:00,6447.318186169947,0.0,0.0,2.193241635727179,-0.22997679349603073
2024-09-17 00:00:00+00:00,6447.318186169947,0.0,0.0,2.193241635727179,-0.22997679349603073
2024-09-18 00:00:00+00:00,6447.318186169947,0.0,0.0,2.193241635727179,-0.22997679349603073
2024-09-19 00:00:00+00:00,6447.318186169947,0.0,0.0,2.193241635727179,-0.22997679349603073
2024-09-20 00:00:00+00:00,6447.318186169947,0.0,0.0,2.193241635727179,-0.22997679349603073
2024-09-21 00:00:00+00:00,6447.318186169947,0.0,0.0,2.193241635727179,-0.22997679349603073
2024-09-22 00:00:00+00:00,6447.318186169947,0.0,0.0,2.193241635727179,-0.22997679349603073
2024-09-23 00:00:00+00:00,6447.318186169947,0.0,0.0,2.193241635727179,-0.22997679349603073
2024-09-24 00:00:00+00:00,6447.318186169947,0.0,0.0,2.193241635727179,-0.22997679349603073
2024-09-25 00:00:00+00:00,6368.708056939324,0.0,-0.012192686472221603,2.1665001281049348,-0.2393654450292685
2024-09-26 00:00:00+00:00,6362.541211177426,0.0,-0.0009683040432633128,2.16440229727116,-0.2401019705442925
2024-09-27 00:00:00+00:00,6494.340216710749,100.0,0.004997846690165231,2.175219648128763,-0.23630411669291418
2024-09-28 00:00:00+00:00,6499.960632459,0.0,0.000865432909380015,2.1771021547973834,-0.23564318914274218
2024-09-29 00:00:00+00:00,6483.620255089383,0.0,-0.002513919436375911,2.1716290953754624,-0.23756472058588252
2024-09-30 00:00:00+00:00,6338.439267171881,0.0,-0.022391963471879994,2.1230020559973433,-0.25463714351219613
2024-10-01 00:00:00+00:00,6332.378426824003,0.0,-0.0009562039001095313,2.120972033151458,-0.2553498623825665
2024-10-02 00:00:00+00:00,6332.378426824003,0.0,0.0,2.120972033151458,-0.2553498623825665
2024-10-03 00:00:00+00:00,6332.378426824003,0.0,0.0,2.120972033151458,-0.2553498623825665
2024-10-04 00:00:00+00:00,6332.378426824003,0.0,0.0,2.120972033151458,-0.2553498623825665
2024-10-05 00:00:00+00:00,6332.378426824003,0.0,0.0,2.120972033151458,-0.2553498623825665
2024-10-06 00:00:00+00:00,6332.378426824003,0.0,0.0,2.120972033151458,-0.2553498623825665
2024-10-07 00:00:00+00:00,6332.378426824003,0.0,0.0,2.120972033151458,-0.2553498623825665
2024-10-08 00:00:00+00:00,6332.378426824003,0.0,0.0,2.120972033151458,-0.2553498623825665
2024-10-09 00:00:00+00:00,6332.378426824003,0.0,0.0,2.120972033151458,-0.2553498623825665
2024-10-10 00:00:00+00:00,6332.378426824003,0.0,0.0,2.120972033151458,-0.2553498623825665
2024-10-11 00:00:00+00:00,6332.378426824003,0.0,0.0,2.120972033151458,-0.2553498623825665
2024-10-12 00:00:00+00:00,6332.378426824003,0.0,0.0,2.120972033151458,-0.2553498623825665
2024-10-13 00:00:00+00:00,6332.378426824003,0.0,0.0,2.120972033151458,-0.2553498623825665
2024-10-14 00:00:00+00:00,6332.378426824003,0.0,0.0,2.120972033151458,-0.2553498623825665
2024-10-15 00:00:00+00:00,6386.716136267192,0.0,0.00858093212070421,2.139171950197843,-0.24896007009799825
2024-10-16 00:00:00+00:00,6420.006775295364,0.0,0.005212481393862101,2.1503223441865207,-0.24504528843733664
2024-10-17 00:00:00+00:00,6407.917443816157,0.0,-0.0018830714518444092,2.1462731335679197,-0.24646692210211574
2024-10-18 00:00:00+00:00,6469.283166063084,0.0,0.009576546949141118,2.166827018997213,-0.2392506772038958
2024-10-19 00:00:00+00:00,6466.233846717068,0.0,-0.00047135351286076155,2.1658056774700474,-0.23960925906960218
2024-10-20 00:00:00+00:00,6506.118333899061,0.0,0.00616811704114939,2.1791646203770685,-0.23491907998253714
2024-10-21 00:00:00+00:00,6405.216966603328,0.0,-0.015508689224111305,2.145368633511462,-0.24678448220238525
2024-10-22 00:00:00+00:00,6408.174806368961,0.0,0.0004617860380149441,2.1463593347928125,-0.24643665779265012
2024-10-23 00:00:00+00:00,6361.986766234888,0.0,-0.00720767481064466,2.130889074680834,-0.25186809731250326
2024-10-24 00:00:00+00:00,6455.273373259755,0.0,0.014663124972212893,2.1621345674848023,-0.2408981457276972
2024-10-25 00:00:00+00:00,6363.7968421986825,0.0,-0.014170822174627618,2.13149534301136,-0.25165524311702003
2024-10-26 00:00:00+00:00,6387.851702791648,0.0,0.0037799541986407448,2.1395522977825587,-0.24882653421120948
2024-10-27 00:00:00+00:00,6545.243993723749,100.0,0.008984599768810941,2.158775318862575,-0.2420775412641465
2024-10-28 00:00:00+00:00,6665.321454960409,0.0,0.01834575782840231,2.1983796880683597,-0.2281728793834713
2024-10-29 00:00:00+00:00,6836.987714725805,0.0,0.02575513588135192,2.2549992556533645,-0.20829436701507997
2024-10-30 00:00:00+00:00,6812.750818230979,0.0,-0.003544967097516172,2.24700535748715,-0.21110093743492975
2024-10-31 00:00:00+00:00,6685.729258432613,0.0,-0.018644680128099722,2.2051106613506755,-0.22580970810981327
2024-11-01 00:00:00+00:00,6636.473310694966,0.0,-0.007367326111137551,2.188864891997359,-0.231513420462245
2024-11-02 00:00:00+00:00,6628.969204184736,0.0,-0.0011307370886487478,2.186389861281936,-0.23238237673985718
2024-11-03 00:00:00+00:00,6591.918954551675,0.0,-0.005589141915106732,2.1741698180654807,-0.2366727005727951
2024-11-04 00:00:00+00:00,6534.619931327923,0.0,-0.008692313060703949,2.1552712533597216,-0.24330778042719814
2024-11-05 00:00:00+00:00,6628.800273610208,0.0,0.014412520279989183,2.1863341440076463,-0.23240193846689516
2024-11-06 00:00:00+00:00,7012.450890261533,0.0,0.057876327663494154,2.312871135308118,-0.18797618154374218
2024-11-07 00:00:00+00:00,7030.142191088409,0.0,0.0025228413152162954,2.3187061421650443,-0.18592757430560114
2024-11-08 00:00:00+00:00,7070.480708388277,0.0,0.005737937612556587,2.3320107333506392,-0.18125647751486396
2024-11-09 00:00:00+00:00,7206.881495524165,0.0,0.01929158606911474,2.3769989191271725,-0.16546161638231183
2024-11-10 00:00:00+00:00,7480.265917618961,0.0,0.037933802888889145,2.467167527592445,-0.13380440183494624
2024-11-11 00:00:00+00:00,8140.865567121691,0.0,0.08831232161770597,2.6850488197739497,-0.05730865758595283
2024-11-12 00:00:00+00:00,7997.154306896446,0.0,-0.017653068834062147,2.637649468135663,-0.07395005274286248
2024-11-13 00:00:00+00:00,8102.491314353613,0.0,0.013171811298717806,2.672392089202109,-0.061752297584403926
2024-11-14 00:00:00+00:00,7812.705836104101,0.0,-0.035764984744402706,2.5768140269007334,-0.0953087123477685
2024-11-15 00:00:00+00:00,8066.62487120265,0.0,0.032500780193865486,2.6605624931895036,-0.06590553966447821
2024-11-16 00:00:00+00:00,8072.834843245244,0.0,0.0007698352336629188,2.662610687938123,-0.0651864408373426
2024-11-17 00:00:00+00:00,7982.815871428853,0.0,-0.011150850173989646,2.6329203150852614,-0.07561040677617936
2024-11-18 00:00:00+00:00,8124.246741570286,0.0,0.017716914985804078,2.6795675404720236,-0.05923307493927088
2024-11-19 00:00:00+00:00,8159.478679375841,0.0,0.004336640543581627,2.6911878617073,-0.055153306949991876
2024-11-20 00:00:00+00:00,8252.227490256702,0.0,0.011367002050669761,2.7217785996500643,-0.04441323265252384
2024-11-21 00:00:00+00:00,8726.756898722708,0.0,0.057503190384205594,2.8782895526493983,0.0
2024-11-22 00:00:00+00:00,8740.254301376042,0.0,0.0015466688037695242,2.882741313308697,0.0
2024-11-23 00:00:00+00:00,8716.868745407513,0.0,-0.0026756150521669575,2.8750282072593047,-0.0026756150521669575
2024-11-24 00:00:00+00:00,8705.193308017253,0.0,-0.0013394072724121076,2.8711773735701116,-0.004011438586320026
2024-11-25 00:00:00+00:00,8444.571507433437,0.0,-0.029938657461378915,2.7852181776719345,-0.033829998961935726
2024-11-26 00:00:00+00:00,8309.223963666525,0.0,-0.016027757435385537,2.7405773763155823,-0.049315537379920005
2024-11-27 00:00:00+00:00,8915.521190673766,100.0,0.060931950952472835,2.9075661025907,0.0
2024-11-28 00:00:00+00:00,8842.257352885443,0.0,-0.008217560838166382,2.8836730012516707,-0.008217560838166382
2024-11-29 00:00:00+00:00,8966.54499017561,0.0,0.014056098157967378,2.9242061920127447,0.0
2024-11-30 00:00:00+00:00,8989.828334814232,0.0,0.002596690772659338,2.9317994512488976,0.0
2024-12-01 00:00:00+00:00,9041.63298413485,0.0,0.0057625849339077995,2.9486941945959035,0.0
2024-12-02 00:00:00+00:00,8906.23091482413,0.0,-0.014975399858444649,2.9045363199715557,-0.014975399858444538
2024-12-03 00:00:00+00:00,8883.681918169885,0.0,-0.002531822593630717,2.897182549292631,-0.017469307396364986
2024-12-04 00:00:00+00:00,9233.40852432178,0.0,0.03936730393696286,3.0112368152714986,0.0
2024-12-05 00:00:00+00:00,9088.69393554509,0.0,-0.015672932524917083,2.964041903849202,-0.015672932524917083
2024-12-06 00:00:00+00:00,9434.329006619391,0.0,0.03802912426421923,3.0767618217350363,0.0
2024-12-07 00:00:00+00:00,9437.909772888388,0.0,0.0003795464697577966,3.0779295958227615,0.0
2024-12-08 00:00:00+00:00,9524.139840562926,0.0,0.009136564106837053,3.1060512968913274,0.0
2024-12-09 00:00:00+00:00,9050.851619257612,0.0,-0.049693539703144496,2.9517006134492547,-0.049693539703144496
2024-12-10 00:00:00+00:00,8941.148036846096,0.0,-0.012120802221317839,2.9159236340970938,-0.0612120163580433
2024-12-11 00:00:00+00:00,9387.302076062128,0.0,0.049898965700763354,3.06142520750095,-0.014367466962004527
2024-12-12 00:00:00+00:00,9357.042800100697,0.0,-0.003223426253491146,3.0515569291139917,-0.01754458074529419
2024-12-13 00:00:00+00:00,9465.97567459615,0.0,0.011641805731003041,3.087082562059833,-0.0061070256149597935
2024-12-14 00:00:00+00:00,9436.516883000822,0.0,-0.0031120713392900345,3.0774753408964246,-0.009200091454865222
2024-12-15 00:00:00+00:00,9697.863540168,0.0,0.027695246075167157,3.16270677775281,0.0
2024-12-16 00:00:00+00:00,9819.28836299539,0.0,0.012520780718810354,3.2023063357949484,0.0
2024-12-17 00:00:00+00:00,9749.437385350499,0.0,-0.007113649692591761,3.179526250313736,-0.007113649692591761
2024-12-18 00:00:00+00:00,9165.78788433336,0.0,-0.05986494173439483,2.9891840965957255,-0.06655273320262067
2024-12-19 00:00:00+00:00,8826.57310589198,0.0,-0.03700879648559008,2.878557990706852,-0.1010984931295551
2024-12-20 00:00:00+00:00,8892.19480491648,0.0,0.007434561322638089,2.899958806609532,-0.09441555475371499
2024-12-21 00:00:00+00:00,8753.511009587892,0.0,-0.01559612653244058,2.854730682122784,-0.10853916434758615
2024-12-22 00:00:00+00:00,8576.190105668691,0.0,-0.02025711782677575,2.796902066331311,-0.12659759153335304
2024-12-23 00:00:00+00:00,8669.633057395968,0.0,0.010895625047480317,2.82737606254058,-0.11708132637513424
2024-12-24 00:00:00+00:00,8962.622369136046,0.0,0.033794891871476995,2.9229269308541412,-0.08724318526867392
2024-12-25 00:00:00+00:00,9013.576627576418,0.0,0.005685195285683342,2.93954434126183,-0.08205398452858814
2024-12-26 00:00:00+00:00,8656.596046536408,0.0,-0.039604764655558844,2.8231243794315755,-0.1184090204378414
2024-12-27 00:00:00+00:00,8660.931485822091,100.0,-0.011051059816126307,2.791925863046113,-0.12815153508634014
2024-12-28 00:00:00+00:00,8781.35623243331,0.0,0.013904364306351447,2.8307458173622306,-0.11602903641024731
2024-12-29 00:00:00+00:00,8644.153267926613,0.0,-0.01562434786553224,2.7865172599928627,-0.12984050624840338
2024-12-30 00:00:00+00:00,8588.748026875239,0.0,-0.006409562548705616,2.7686569033218906,-0.13541784795095424
2024-12-31 00:00:00+00:00,8618.733048278318,0.0,0.003491198171055032,2.778322833239047,-0.1323994203229938
2025-01-01 00:00:00+00:00,8701.227872845686,0.0,0.009571572075068202,2.8049157504852023,-0.12409511884224433
2025-01-02 00:00:00+00:00,8929.69477649599,0.0,0.026256857881321594,2.878564024714773,-0.10109660886012928
2025-01-03 00:00:00+00:00,9129.257658630879,0.0,0.022348231057142343,2.9428948386518763,-0.08100770817688652
2025-01-04 00:00:00+00:00,9171.032719183673,0.0,0.004575953720979742,2.9563613892392575,-0.07680244197956687
2025-01-05 00:00:00+00:00,9163.117388174294,0.0,-0.0008630795736691566,2.9538098141118208,-0.07759923493435561
2025-01-06 00:00:00+00:00,9449.420735476935,0.0,0.031245190383802912,3.04610216411129,-0.04877864741971405
2025-01-07 00:00:00+00:00,8867.440672983152,0.0,-0.061588967068509914,2.8584958782385232,-0.10736338797864475
2025-01-08 00:00:00+00:00,8703.98204097942,0.0,-0.018433574921087326,2.805803580305394,-0.1238178718436459
2025-01-09 00:00:00+00:00,8457.856550932318,0.0,-0.028277343506490693,2.7264629086533567,-0.1485939748557713
2025-01-10 00:00:00+00:00,8633.959440463068,0.0,0.020821219710960737,2.7832311919082136,-0.13086666294300753
2025-01-11 00:00:00+00:00,8638.808808523807,0.0,0.0005616621312827252,2.7847944274713132,-0.13037850366054715
2025-01-12 00:00:00+00:00,8622.736018325711,0.0,-0.0018605331538575909,2.779613225112325,-0.13199646328579395
2025-01-13 00:00:00+00:00,8516.836984606134,0.0,-0.01228137258226536,2.7454757594601285,-0.14265673812290514
2025-01-14 00:00:00+00:00,8716.228322216231,0.0,0.023411430554616697,2.809751274542113,-0.12258510588600091
2025-01-15 00:00:00+00:00,9148.166705663049,0.0,0.04955565268361295,2.9489903328306606,-0.07910423813385858
2025-01-16 00:00:00+00:00,8999.518510438073,0.0,-0.016248960038403926,2.9010723067588557,-0.09406783656795703
2025-01-17 00:00:00+00:00,9392.217822780065,0.0,0.04363559138041895,3.0276623125016346,-0.054536950866057476
2025-01-18 00:00:00+00:00,9287.798817026774,0.0,-0.011117609037987863,2.994001946612191,-0.06504823940619264
2025-01-19 00:00:00+00:00,9008.998659593557,0.0,-0.030017893682420138,2.9041283144938275,-0.093113521953889
2025-01-20 00:00:00+00:00,9123.536066003819,0.0,0.012713666716810179,2.9410504339871535,-0.08158366952202911
2025-01-21 00:00:00+00:00,9404.158316637455,0.0,0.030758057906878022,3.031511433542779,-0.053334966846565246
2025-01-22 00:00:00+00:00,9181.302143711695,0.0,-0.023697620289047205,2.959671826688777,-0.07576867534315357
2025-01-23 00:00:00+00:00,9271.759625248904,0.0,0.009852358643829495,2.988831574993353,-0.06666281686277264
2025-01-24 00:00:00+00:00,9309.578441910562,0.0,0.004078925488822049,3.0010227962863896,-0.0628558040368089
2025-01-25 00:00:00+00:00,9308.813571347895,0.0,-8.215952714074604e-05,3.000776233672508,-0.06293279936081186
2025-01-26 00:00:00+00:00,9104.56528708443,0.0,-0.021941387342005902,2.934935040002814,-0.08349335377552558
2025-01-27 00:00:00+00:00,9128.840103548078,100.0,-0.008317276130006324,2.9105243748514793,-0.09111619262716053
2025-01-28 00:00:00+00:00,8994.925515507319,0.0,-0.014669397921507232,2.8678287346365368,-0.10444897086192728
2025-01-29 00:00:00+00:00,9177.565667405452,0.0,0.020304798698250526,2.9260594197943903,-0.08626498749126754
2025-01-30 00:00:00+00:00,9350.634412674843,0.0,0.018857805167665775,2.981238478241886,-0.06903395065050333
2025-01-31 00:00:00+00:00,9248.616554608567,0.0,-0.010910260583815612,2.948712389581769,-0.07919103284359164
2025-02-01 00:00:00+00:00,8983.124350348295,0.0,-0.028706153260076306,2.864066199806549,-0.10562391617803613
2025-02-02 00:00:00+00:00,8591.826466992909,0.0,-0.04355921927544226,2.739309712189793,-0.1445822401279483
2025-02-03 00:00:00+00:00,8819.525326342558,0.0,0.026501799148807015,2.8119063479886233,-0.12191213046749672
2025-02-04 00:00:00+00:00,8592.267362788227,0.0,-0.02576759577701393,2.739450281850833,-0.14453834374630958
2025-02-05 00:00:00+00:00,8518.921743189256,0.0,-0.008536235722438001,2.716065688495055,-0.15184076609559827
2025-02-06 00:00:00+00:00,8515.21972390855,0.0,-0.0004345643019511014,2.714885383305081,-0.1522093458210234
2025-02-07 00:00:00+00:00,8512.188886842478,0.0,-0.00035593175095216534,2.7139190693969666,-0.15251110143300617
2025-02-08 00:00:00+00:00,8508.233182356242,0.0,-0.0004647106095531095,2.7126578824119494,-0.1529049385156488
2025-02-09 00:00:00+00:00,8509.381139781266,0.0,0.00013492312686080865,2.713023882695548,-0.15279064580120494
2025-02-10 00:00:00+00:00,8571.08592292646,0.0,0.007251383165425063,2.7326970584059227,-0.1466472061525771
2025-02-11 00:00:00+00:00,8465.747921830041,0.0,-0.01228992475908508,2.699112417168741,-0.157134847781917
2025-02-12 00:00:00+00:00,8599.078619336715,0.0,0.015749429198436582,2.741621897081561,-0.14386020274322886
2025-02-13 00:00:00+00:00,8518.648298583295,0.0,-0.009353364972446654,2.7159785068617053,-0.15186799073440793
2025-02-14 00:00:00+00:00,8575.526051423258,0.0,0.006676851872077005,2.7341126930397657,-0.14620513894057463
2025-02-15 00:00:00+00:00,8579.935584719387,0.0,0.0005141997435129664,2.7355185730852623,-0.1457661178420051
2025-02-16 00:00:00+00:00,8487.414423102382,0.0,-0.010783433127607989,2.7060202914830676,-0.15497769178559284
2025-02-17 00:00:00+00:00,8465.862653832542,0.0,-0.0025392620408845046,2.6991489968750413,-0.1571234248565424
2025-02-18 00:00:00+00:00,8458.96216128211,0.0,-0.0008150962084541025,2.6969489307616357,-0.1578104503571366
2025-02-19 00:00:00+00:00,8520.957598833638,0.0,0.007328964992335596,2.7167147750613045,-0.15163807263089324
2025-02-20 00:00:00+00:00,8626.806157341189,0.0,0.012422143553682208,2.7504621959915254,-0.14109959898363567
2025-02-21 00:00:00+00:00,8491.484859591119,0.0,-0.015686140998417475,2.707318058174385,-0.15457243177757574
2025-02-22 00:00:00+00:00,8515.006832303909,0.0,0.002770065907403918,2.714817507627833,-0.15223054169366335
2025-02-23 00:00:00+00:00,8496.330374496754,0.0,-0.002193357935580287,2.7088629411038254,-0.15409000356258218
2025-02-24 00:00:00+00:00,8196.426019158696,0.0,-0.035298104254311236,2.6132452145981024,-0.1839490228065942
2025-02-25 00:00:00+00:00,8013.334139967206,0.0,-0.0223380140031183,2.554870506400828,-0.2021779809623988
2025-02-26 00:00:00+00:00,7730.946174411014,0.0,-0.03523975920931055,2.4648374849442938,-0.23029303680516988
2025-02-27 00:00:00+00:00,7860.406464044896,100.0,0.003810696513629086,2.474230232554833,-0.22735991716400727
2025-02-28 00:00:00+00:00,7837.291721613434,0.0,-0.0029406548550884315,2.4669543754088643,-0.22963198497483484
2025-03-01 00:00:00+00:00,7947.798932815636,0.0,0.014100178368689376,2.501738872129548,-0.21876965855344677
2025-03-02 00:00:00+00:00,8476.650498672978,0.0,0.06654063223388396,2.668206158365132,-0.1667860977133001
2025-03-03 00:00:00+00:00,7957.858460472067,0.0,-0.06120248065932732,2.504905322562692,-0.21778085545308445
2025-03-04 00:00:00+00:00,8026.264924264393,0.0,0.008596089529879336,2.526437712979312,-0.21105682965457362
2025-03-05 00:00:00+00:00,8240.502313525067,0.0,0.026692040604466838,2.593873490998812,-0.1899983265170967
2025-03-06 00:00:00+00:00,8197.054538129416,0.0,-0.005272466864591485,2.5801973789665786,-0.19426903350079905
2025-03-07 00:00:00+00:00,7995.313572608526,0.0,-0.024611397250374756,2.5166951162884565,-0.2140991983942392
2025-03-08 00:00:00+00:00,7957.977050495696,0.0,-0.004669800849430361,2.5049426512966555,-0.21776919862514577
2025-03-09 00:00:00+00:00,7604.264258717729,0.0,-0.044447576253808685,2.3936040217917296,-0.2525374618173325
2025-03-10 00:00:00+00:00,7596.468811010323,0.0,-0.0010251416103100874,2.3911502387103853,-0.2533037167673715
2025-03-11 00:00:00+00:00,7596.468811010323,0.0,0.0,2.3911502387103853,-0.2533037167673715
2025-03-12 00:00:00+00:00,7596.468811010323,0.0,0.0,2.3911502387103853,-0.2533037167673715
2025-03-13 00:00:00+00:00,7429.705439063737,0.0,-0.021952748848896753,2.338657918059997,-0.26969575273958213
2025-03-14 00:00:00+00:00,7422.164663316311,0.0,-0.0010149494901612321,2.3362842983984002,-0.27043697466300165
2025-03-15 00:00:00+00:00,7435.849885930549,0.0,0.0018438317168947282,2.3405920134874703,-0.2690917832174117
2025-03-16 00:00:00+00:00,7330.5444652637125,0.0,-0.01416185402909842,2.307444891050787,-0.27944279869215527
2025-03-17 00:00:00+00:00,7323.151785291737,0.0,-0.0010084762471609388,2.3051178876865297,-0.280169463514395
2025-03-18 00:00:00+00:00,7323.151785291737,0.0,0.0,2.3051178876865297,-0.280169463514395
2025-03-19 00:00:00+00:00,7323.151785291737,0.0,0.0,2.3051178876865297,-0.280169463514395
2025-03-20 00:00:00+00:00,7167.357715560172,0.0,-0.02127418279714899,2.2560783883749087,-0.2954832699305595
2025-03-21 00:00:00+00:00,7160.209765135867,0.0,-0.0009972922669657658,2.2538284188445137,-0.2961858790174058
2025-03-22 00:00:00+00:00,7160.209765135867,0.0,0.0,2.2538284188445137,-0.2961858790174058
2025-03-23 00:00:00+00:00,7160.209765135867,0.0,0.0,2.2538284188445137,-0.2961858790174058
2025-03-24 00:00:00+00:00,7231.231359585572,0.0,0.009918926509041581,2.276183977295022,-0.28920479847535374
2025-03-25 00:00:00+00:00,7225.41876482895,0.0,-0.0008038181144511825,2.2743543393822487,-0.28977614853400424
2025-03-26 00:00:00+00:00,7198.715829281626,0.0,-0.0036956938298587927,2.265949022083281,-0.29240091843968563
2025-03-27 00:00:00+00:00,7316.67104831818,100.0,0.0024942252843929147,2.2716008094273064,-0.29063600691924474
2025-03-28 00:00:00+00:00,7159.738809940094,0.0,-0.021448584655744285,2.2228781871622476,-0.3058508605765742
2025-03-29 00:00:00+00:00,7152.66282915304,0.0,-0.0009883015253615568,2.220681313259182,-0.30653688922989475
2025-03-30 00:00:00+00:00,7152.66282915304,0.0,0.0,2.220681313259182,-0.30653688922989475
2025-03-31 00:00:00+00:00,7152.66282915304,0.0,0.0,2.220681313259182,-0.30653688922989475
2025-04-01 00:00:00+00:00,7152.66282915304,0.0,0.0,2.220681313259182,-0.30653688922989475
2025-04-02 00:00:00+00:00,7152.66282915304,0.0,0.0,2.220681313259182,-0.30653688922989475
2025-04-03 00:00:00+00:00,7152.66282915304,0.0,0.0,2.220681313259182,-0.30653688922989475
2025-04-04 00:00:00+00:00,7152.66282915304,0.0,0.0,2.220681313259182,-0.30653688922989475
2025-04-05 00:00:00+00:00,7152.66282915304,0.0,0.0,2.220681313259182,-0.30653688922989475
2025-04-06 00:00:00+00:00,7152.66282915304,0.0,0.0,2.220681313259182,-0.30653688922989475
2025-04-07 00:00:00+00:00,7152.66282915304,0.0,0.0,2.220681313259182,-0.30653688922989475
2025-04-08 00:00:00+00:00,7152.66282915304,0.0,0.0,2.220681313259182,-0.30653688922989475
2025-04-09 00:00:00+00:00,7152.66282915304,0.0,0.0,2.220681313259182,-0.30653688922989475
2025-04-10 00:00:00+00:00,7152.66282915304,0.0,0.0,2.220681313259182,-0.30653688922989475
2025-04-11 00:00:00+00:00,7152.66282915304,0.0,0.0,2.220681313259182,-0.30653688922989475
2025-04-12 00:00:00+00:00,7152.66282915304,0.0,0.0,2.220681313259182,-0.30653688922989475
2025-04-13 00:00:00+00:00,7152.66282915304,0.0,0.0,2.220681313259182,-0.30653688922989475
2025-04-14 00:00:00+00:00,7152.66282915304,0.0,0.0,2.220681313259182,-0.30653688922989475
2025-04-15 00:00:00+00:00,7152.66282915304,0.0,0.0,2.220681313259182,-0.30653688922989475
2025-04-16 00:00:00+00:00,7152.66282915304,0.0,0.0,2.220681313259182,-0.30653688922989475
2025-04-17 00:00:00+00:00,7152.66282915304,0.0,0.0,2.220681313259182,-0.30653688922989475
2025-04-18 00:00:00+00:00,7152.66282915304,0.0,0.0,2.220681313259182,-0.30653688922989475
2025-04-19 00:00:00+00:00,7152.66282915304,0.0,0.0,2.220681313259182,-0.30653688922989475
2025-04-20 00:00:00+00:00,7152.66282915304,0.0,0.0,2.220681313259182,-0.30653688922989475
2025-04-21 00:00:00+00:00,7152.66282915304,0.0,0.0,2.220681313259182,-0.30653688922989475
2025-04-22 00:00:00+00:00,7152.66282915304,0.0,0.0,2.220681313259182,-0.30653688922989475
2025-04-23 00:00:00+00:00,7158.094414966201,0.0,0.0007593795405849146,2.22236765321463,-0.3060102875314257
2025-04-24 00:00:00+00:00,7172.664902523586,0.0,0.002035526037058144,2.2268913404366644,-0.3045976534022453
2025-04-25 00:00:00+00:00,7205.805096086415,0.0,0.00462034599597283,2.2371803489249174,-0.3013846539545524
2025-04-26 00:00:00+00:00,7205.267369118956,0.0,-7.462413433179105e-05,2.237013401278035,-0.3014367875199818
2025-04-27 00:00:00+00:00,7260.379521359628,100.0,-0.0062298656607404634,2.223077108306797,-0.3057887424892676
2025-04-28 00:00:00+00:00,7324.712786963504,0.0,0.0088608681425828,2.2427755014342976,-0.29963742807336846
2025-04-29 00:00:00+00:00,7286.253945995313,0.0,-0.005250559590082471,2.23099967501684,-0.30331472349193256
2025-04-30 00:00:00+00:00,7281.9296460709775,0.0,-0.0005934874019470904,2.2296756048159696,-0.303728197426662
2025-05-01 00:00:00+00:00,7400.10151635649,0.0,0.01622809832408545,2.265858999761738,-0.2924290301542136
2025-05-02 00:00:00+00:00,7420.35312752065,0.0,0.0027366666686121643,2.272059900562161,-0.29049264426535903
2025-05-03 00:00:00+00:00,7367.804879253596,0.0,-0.007081637135591623,2.2559699967960514,-0.29551711790370494
2025-05-04 00:00:00+00:00,7287.3143732344815,0.0,-0.010924625086877748,2.2313243703738097,-0.3032133292707301
2025-05-05 00:00:00+00:00,7310.565260094803,0.0,0.0031905974779569135,2.238443628282428,-0.30099016347642726
2025-05-06 00:00:00+00:00,7417.644959494468,0.0,0.01464725306320247,2.271230678573594,-0.2907515895071987
2025-05-07 00:00:00+00:00,7427.661918338295,0.0,0.0013504230653431648,2.2742978008686547,-0.2897938040946112
2025-05-08 00:00:00+00:00,7745.336349587162,0.0,0.04276910214027829,2.3715674758114167,-0.2594189227612751
2025-05-09 00:00:00+00:00,7730.571429744119,0.0,-0.0019062980839856802,2.3670465612762346,-0.26083069104985135
2025-05-10 00:00:00+00:00,7824.253038833531,0.0,0.012118329148213203,2.395731210614926,-0.25187319406773623
2025-05-11 00:00:00+00:00,7788.99740187673,0.0,-0.004505942839759802,2.3849361827204665,-0.2552442106921592
2025-05-12 00:00:00+00:00,7721.3604975662165,0.0,-0.008683647049903542,2.3642262386731776,-0.2617114071048807
2025-05-13 00:00:00+00:00,7788.269377791379,0.0,0.008665426286760258,2.3847132668696247,-0.2553138217247921
2025-05-14 00:00:00+00:00,7757.889157030806,0.0,-0.0039007665614653186,2.375411057099537,-0.2582186686677935
2025-05-15 00:00:00+00:00,7770.9349611765065,0.0,0.0016816177547314126,2.3794055905079405,-0.256971276010897
2025-05-16 00:00:00+00:00,7755.650024129642,0.0,-0.0019669366843536595,2.3747254503650144,-0.2584327664656396
2025-05-17 00:00:00+00:00,7738.456318052275,0.0,-0.0022169265018242568,2.3694608585795436,-0.2600767665185465
2025-05-18 00:00:00+00:00,7908.1047933083355,0.0,0.021922779981364604,2.421406027656638,-0.2438555922678327
2025-05-19 00:00:00+00:00,7863.214053277963,0.0,-0.005676548452969166,2.4076607990163335,-0.24814788263576604
2025-05-20 00:00:00+00:00,7928.279931354284,0.0,0.008274717899762196,2.4275835129265095,-0.24192651846223823
2025-05-21 00:00:00+00:00,8070.723859538608,0.0,0.017966561400158954,2.471198841165517,-0.22830654471035783
2025-05-22 00:00:00+00:00,8175.35030130612,0.0,0.012963699859939615,2.5032347212366175,-0.21830254237210311
2025-05-23 00:00:00+00:00,7952.155348679984,0.0,-0.027300965022927226,2.4348939976679596,-0.23964363732131344
2025-05-24 00:00:00+00:00,7974.771508659169,0.0,0.002844028944044563,2.4418189066730074,-0.2374811618180669
2025-05-25 00:00:00+00:00,8038.105525518446,0.0,0.007941797052179789,2.4612113368679798,-0.23142539195676215
2025-05-26 00:00:00+00:00,8060.058408652365,0.0,0.0027311016338646965,2.4679331551713863,-0.22932633658898827
2025-05-27 00:00:00+00:00,8134.377924261875,100.0,-0.0031861412273294087,2.4600699715994017,-0.23178181172079904
2025-05-28 00:00:00+00:00,8074.789692080387,0.0,-0.0073254811537287745,2.442048775385596,-0.23740937958099007
2025-05-29 00:00:00+00:00,7961.835418358904,0.0,-0.013988509673789618,2.4078881524672484,-0.2480768858518626
2025-05-30 00:00:00+00:00,7879.1681406742155,0.0,-0.010382942291681685,2.382887188735357,-0.25588406015384435
2025-05-31 00:00:00+00:00,7910.415647133848,0.0,0.003965838258778387,2.3923373339147966,-0.2529330166906356
2025-06-01 00:00:00+00:00,7964.575758717616,0.0,0.006846683410800525,2.40871691025195,-0.24781808556925455
2025-06-02 00:00:00+00:00,7975.657699250611,0.0,0.0013914037443696348,2.412068407980001,-0.24677149683706845
2025-06-03 00:00:00+00:00,7950.866842789976,0.0,-0.003108314999898276,2.404570939566696,-0.24911276829180073
2025-06-04 00:00:00+00:00,7915.8252171010845,0.0,-0.004407271104114652,2.39397334354695,-0.25242213189055696
2025-06-05 00:00:00+00:00,7751.539802944637,0.0,-0.02075404770200473,2.3442887065776485,-0.2679373986262633
2025-06-06 00:00:00+00:00,7894.779526817043,0.0,0.01847887355464417,2.3876085211620772,-0.25440970638139415
2025-06-07 00:00:00+00:00,7959.897908063913,0.0,0.008248283695025949,2.4073021935972836,-0.24825986611937023
2025-06-08 00:00:00+00:00,7969.268552934764,0.0,0.0011772317910456742,2.4101361462702404,-0.24737489373516097
2025-06-09 00:00:00+00:00,8202.646820919268,0.0,0.029284778952336943,2.4807164505588015,-0.22533443386421603
2025-06-10 00:00:00+00:00,8327.435060024382,0.0,0.015213167387246873,2.5184560051614495,-0.21354931693745605
2025-06-11 00:00:00+00:00,8201.414608342948,0.0,-0.015133165347201771,2.4803437940156883,-0.22545080516166116
2025-06-12 00:00:00+00:00,7927.083265132855,0.0,-0.033449271413620196,2.397378101250569,-0.2513589114030098
2025-06-13 00:00:00+00:00,7943.718030279553,0.0,0.0020984723624470902,2.4024089329383793,-0.24978790876919665
2025-06-14 00:00:00+00:00,7910.123353768411,0.0,-0.00422908723384785,2.3922489359896075,-0.2529606211468992
2025-06-15 00:00:00+00:00,7919.366205407037,0.0,0.001168483881382576,2.395044240311566,-0.2520877176739512
2025-06-16 00:00:00+00:00,7981.228435708683,0.0,0.007811512777298857,2.413753158996956,-0.2462453913242626
2025-06-17 00:00:00+00:00,7865.629151257364,0.0,-0.014483896230073734,2.3787926087170312,-0.2571626948592618
2025-06-18 00:00:00+00:00,7882.922976526026,0.0,0.0021986575944654696,2.3840227591518452,-0.2555294499768619
2025-06-19 00:00:00+00:00,7871.164453275658,0.0,-0.0014916450770079415,2.3804666433396817,-0.2566399358077812
2025-06-20 00:00:00+00:00,7801.0533759521495,0.0,-0.008907332293677461,2.35926303593344,-0.2632612909133908
2025-06-21 00:00:00+00:00,7740.352621236916,0.0,-0.007781097217249178,2.3409053808897795,-0.2689939264325043
2025-06-22 00:00:00+00:00,7680.77727143771,0.0,-0.007696722967859615,2.322888080679099,-0.2746202776685762
2025-06-23 00:00:00+00:00,7905.964405472967,0.0,0.029318274189860327,2.390991150340807,-0.25335339607749874
2025-06-24 00:00:00+00:00,7944.563629852446,0.0,0.004882291697741348,2.402664666583489,-0.2497080495620212
2025-06-25 00:00:00+00:00,8009.366135085798,0.0,0.008156836328914396,2.4222628090220764,-0.2435880409233966
2025-06-26 00:00:00+00:00,7989.088234785675,0.0,-0.0025317734210319465,2.4161301884234403,-0.2455031046167374
2025-06-27 00:00:00+00:00,8094.2349186021,100.0,0.0006442141662694745,2.417686693718374,-0.24501704702832505
2025-06-28 00:00:00+00:00,8107.21567528229,0.0,0.0016037039708789447,2.4215639474694313,-0.24380627786869857
2025-06-29 00:00:00+00:00,8162.438064475451,0.0,0.0068115110544704205,2.4380584570667265,-0.23865545597107996
2025-06-30 00:00:00+00:00,8099.387112194547,0.0,-0.007724524435329561,2.419225614940353,-0.2445364805051362
2025-07-01 00:00:00+00:00,8023.056929173352,0.0,-0.00942419246837467,2.396426367120733,-0.25165611411569155
2025-07-02 00:00:00+00:00,8188.101103775729,0.0,0.020571233142101297,2.4457238126266523,-0.23626175756869938
2025-07-03 00:00:00+00:00,8243.009345253824,0.0,0.006705857778523949,2.462124488679676,-0.23114023753493518
2025-07-04 00:00:00+00:00,8078.241371173568,0.0,-0.019988813208749567,2.41290954217877,-0.24650883171057303
2025-07-05 00:00:00+00:00,8085.703486027579,0.0,0.0009237301178741664,2.4151384193945864,-0.2458128092248718
2025-07-06 00:00:00+00:00,8186.842222866899,0.0,0.012508341050854854,2.4453477944293964,-0.2363791786264704
2025-07-07 00:00:00+00:00,8110.555978817092,0.0,-0.009318152466250007,2.422561670847895,-0.24349471386643207
2025-07-08 00:00:00+00:00,8215.856245678384,0.0,0.012983113258365098,2.4540140633958876,-0.23367292005600793
2025-07-09 00:00:00+00:00,8485.432271673602,0.0,0.03281167755789527,2.5345343815665737,-0.20852844300500228
2025-07-10 00:00:00+00:00,8911.656499914709,0.0,0.05023011375200581,2.6618443318610323,-0.1687727366656665
2025-07-11 00:00:00+00:00,8997.447110892781,0.0,0.009626786106364582,2.6874693378922974,-0.160770689595768
2025-07-12 00:00:00+00:00,8977.317073037922,0.0,-0.002237305494187103,2.6814566479771718,-0.1626483019428182
2025-07-13 00:00:00+00:00,9092.077603500851,0.0,0.012783388347460178,2.7157347496451427,-0.15194411000314811
2025-07-14 00:00:00+00:00,9171.807911958353,0.0,0.008769206768187043,2.7395495891923316,-0.1445073325527868
2025-07-15 00:00:00+00:00,9184.093944744825,0.0,0.0013395431854230644,2.7432193341756625,-0.14336136317992854
2025-07-16 00:00:00+00:00,9456.462932297543,0.0,0.029656598592239902,2.8245738888197818,-0.11795637498915212
2025-07-17 00:00:00+00:00,9587.5308961408,0.0,0.01386014673579572,2.863722897384921,-0.10573112091912862
2025-07-18 00:00:00+00:00,9590.367448151355,0.0,0.00029585844794466354,2.8645701539966852,-0.10546654391651844
2025-07-19 00:00:00+00:00,9629.776781486222,0.0,0.004109262084891485,2.8763414235200155,-0.10179067150176768
2025-07-20 00:00:00+00:00,9759.904587378096,0.0,0.013513065655068157,2.9152096140224337,-0.0896531098737764
2025-07-21 00:00:00+00:00,9771.389629173933,0.0,0.001176757589484101,2.9186401090606715,-0.08858185226175708
2025-07-22 00:00:00+00:00,9889.802628668576,0.0,0.01211833771740145,2.954009175577822,-0.07753697934569659
2025-07-23 00:00:00+00:00,9712.755519437947,0.0,-0.017901986104091105,2.9011265443652703,-0.09405089952298784
2025-07-24 00:00:00+00:00,9767.588084816642,0.0,0.005645418055562068,2.9175046165403002,-0.08893643811373475
2025-07-25 00:00:00+00:00,9747.251429044329,0.0,-0.0020820550166243956,2.9114302114174078,-0.09083332257322374
2025-07-26 00:00:00+00:00,9778.862702490023,0.0,0.003243096135952861,2.920872259486152,-0.08788480763472384
2025-07-27 00:00:00+00:00,10086.109773858128,100.0,0.021193371629538493,2.9827753907638517,-0.06855401139397854
2025-07-28 00:00:00+00:00,9943.097421228153,0.0,-0.014179139017567066,2.940482203840033,-0.08176111355377857
2025-07-29 00:00:00+00:00,9932.10973969764,0.0,-0.0011050562078426251,2.937232805726629,-0.08277581913552845
2025-07-30 00:00:00+00:00,9942.229379286082,0.0,0.001018881169626562,2.940225496923193,-0.08184127668931951
2025-07-31 00:00:00+00:00,9723.345534002994,0.0,-0.02201556984182207,2.8754947571449745,-0.10205506418824395
2025-08-01 00:00:00+00:00,9387.077537763646,0.0,-0.03458356951970942,2.7760498843076915,-0.13310920530076087
2025-08-02 00:00:00+00:00,9254.916672872148,0.0,-0.014079021331167452,2.7369658187701384,-0.1453141792911241
2025-08-03 00:00:00+00:00,9443.379539266767,0.0,0.020363540057258156,2.7927001318560105,-0.12790975034474839
2025-08-04 00:00:00+00:00,9708.260135642038,0.0,0.02804934348702859,2.87103353711071,-0.10344819138047967
2025-08-05 00:00:00+00:00,9552.487846584596,0.0,-0.016045335300148622,2.824966841349797,-0.11783366576373455
2025-08-06 00:00:00+00:00,9667.93091151303,0.0,0.012085130782941489,2.859106935084982,-0.1071725702421813
2025-08-07 00:00:00+00:00,10021.432921667496,0.0,0.03656439142872836,2.963648440196021,-0.07452687862221097
2025-08-08 00:00:00+00:00,10076.972446679045,0.0,0.0055420742168983406,2.9800731998043823,-0.06939783789779075
2025-08-09 00:00:00+00:00,10312.571916986235,0.0,0.02337998556151999,3.0497472681880815,-0.04764037278432176
2025-08-10 00:00:00+00:00,10451.640032251638,0.0,0.013485298952081948,3.090874021827893,-0.034797518501424984
2025-08-11 00:00:00+00:00,10392.783178720132,0.0,-0.005631350998492657,3.0734682253188574,-0.04023291245935967
2025-08-12 00:00:00+00:00,10829.895176083774,0.0,0.04205918567209754,3.2027357960648355,0.0
2025-08-13 00:00:00+00:00,11152.787040263727,0.0,0.029814865142278935,3.298224931910858,0.0
2025-08-14 00:00:00+00:00,10690.244004805061,0.0,-0.041473313691797076,3.161436614683613,-0.041473313691797076
2025-08-15 00:00:00+00:00,10534.603577859805,0.0,-0.014559108929159903,3.1154089146377997,-0.05542860812926487
2025-08-16 00:00:00+00:00,10519.45675766838,0.0,-0.0014378158683880926,3.1109295302638156,-0.05678672786532213
2025-08-17 00:00:00+00:00,10570.2067008889,0.0,0.004824388216009945,3.1259378620304576,-0.05223630087005138
2025-08-18 00:00:00+00:00,10351.664992534004,0.0,-0.02067525399825132,3.061308302750227,-0.07183155607988545
2025-08-19 00:00:00+00:00,9941.952974951855,0.0,-0.03957933509997169,2.9401437555913503,-0.10856784595101887
2025-08-20 00:00:00+00:00,10271.56293692956,0.0,0.03315344206597404,3.0376196412579834,-0.07901380167600958
2025-08-21 00:00:00+00:00,10069.457385895737,0.0,-0.019676221844213027,2.9778507633182527,-0.09713533042969069
2025-08-22 00:00:00+00:00,10899.05428894185,0.0,0.08238744862341107,3.2231882900893205,-0.022750613851573953
2025-08-23 00:00:00+00:00,10767.524400687245,0.0,-0.01206800927563545,3.184290823907403,-0.034544068508222114
2025-08-24 00:00:00+00:00,10666.969866213381,0.0,-0.009338686473507885,3.1545537302624638,-0.04356015875641239
2025-08-25 00:00:00+00:00,10092.122840973725,0.0,-0.05389037678454778,2.984553641151519,-0.0951030621727823
2025-08-26 00:00:00+00:00,10399.541709295534,0.0,0.030461268968476896,3.0754669323654826,-0.06753875316087632
2025-08-27 00:00:00+00:00,10379.650010187734,100.0,-0.011528556013255531,3.040011239568792,-0.0782886848752512
2025-08-28 00:00:00+00:00,10453.445017957445,0.0,0.007109585361479542,3.0616244589763637,-0.07173569960173021
2025-08-29 00:00:00+00:00,10081.11234940212,0.0,-0.03561817830540215,2.9525749730923634,-0.10479878296785505
2025-08-30 00:00:00+00:00,10117.83787090357,0.0,0.0036430028977534334,2.963331212275173,-0.10153756234013456
2025-08-31 00:00:00+00:00,10105.526428930043,0.0,-0.0012168056190079435,2.9597254142050953,-0.10263081648274663
2025-09-01 00:00:00+00:00,10081.522126789558,0.0,-0.0023753638476236016,2.9526949894573,-0.10476239479924498
2025-09-02 00:00:00+00:00,10199.823969066187,0.0,0.011734521909371853,2.987343453502779,-0.09425720950692318
2025-09-03 00:00:00+00:00,10347.460200957992,0.0,0.014474390179629815,3.030583428249341,-0.08114713495493964
2025-09-04 00:00:00+00:00,10144.070885504356,0.0,-0.019655964990791253,2.9710143864819996,-0.0992080747019537
2025-09-05 00:00:00+00:00,10150.119450502398,0.0,0.0005962660421354737,2.972785901471355,-0.09867096306586853
2025-09-06 00:00:00+00:00,10091.024882298017,0.0,-0.005822056429242828,2.9554781742009313,-0.10391855158021412
2025-09-07 00:00:00+00:00,10174.233735200589,0.0,0.008245827740306133,2.9798485381156268,-0.09652961831526052
2025-09-08 00:00:00+00:00,10223.714520592936,0.0,0.004863342702768225,2.994340562758826,-0.09213573222732685
2025-09-09 00:00:00+00:00,10199.834515596798,0.0,-0.0023357464596686084,2.98734654239032,-0.09425627297663652
2025-09-10 00:00:00+00:00,10366.97077297129,0.0,0.016386173434374873,3.0362977209425077,-0.07941459917853455
2025-09-11 00:00:00+00:00,10556.433521477053,0.0,0.01827561325818805,3.091787923827171,-0.06259033642198741
2025-09-12 00:00:00+00:00,10836.64029513732,0.0,0.026543697081991446,3.1738554059189985,-0.03770801827024117
2025-09-13 00:00:00+00:00,10785.498736301794,0.0,-0.0047193186672880305,3.158876970854572,-0.042249380783
2025-09-14 00:00:00+00:00,10689.441488593284,0.0,-0.008906147973037237,3.1307435451235217,-0.05077924951901458
2025-09-15 00:00:00+00:00,10613.728359009896,0.0,-0.007082982741818733,3.1085685426243512,-0.057502563712847676
2025-09-16 00:00:00+00:00,10667.944659415061,0.0,0.00510812963845475,3.124447513730099,-0.05268816462438164
2025-09-17 00:00:00+00:00,10738.277371112763,0.0,0.006592901814093111,3.1450466894114086,-0.04644263070642185
2025-09-18 00:00:00+00:00,10768.690683190704,0.0,0.0028322337956883104,3.153954196934177,-0.04374193329898102
2025-09-19 00:00:00+00:00,10574.072932494064,0.0,-0.01807255463288837,3.0969541874004567,-0.06102395945257533
2025-09-20 00:00:00+00:00,10588.630366900277,0.0,0.001376710232580125,3.101217795920083,-0.05973126152940611
2025-09-21 00:00:00+00:00,10529.398161968316,0.0,-0.005593943964378956,3.083869757348371,-0.0649910721638679
2025-09-22 00:00:00+00:00,10148.472722357532,0.0,-0.03617732312438038,2.9723036046632747,-0.09881719227037611
2025-09-23 00:00:00+00:00,10079.299429296843,0.0,-0.006816128392235443,2.9520440016731855,-0.10495976999273648
2025-09-24 00:00:00+00:00,10137.457754091083,0.0,0.005770076105209743,2.9690775202287676,-0.09979531974837019
2025-09-25 00:00:00+00:00,9632.267096491807,0.0,-0.049834057991058,2.8211163389057403,-0.14465617198785174
2025-09-26 00:00:00+00:00,9823.26886793325,0.0,0.01982936826066717,2.877057293696087,-0.12769524423271017
2025-09-27 00:00:00+00:00,9908.832684598197,100.0,-0.001469590574088575,2.872829197416159,-0.12897717507951834
2025-09-28 00:00:00+00:00,10168.481088014329,0.0,0.02620373273833909,2.9481080459081492,-0.10615312576630886
2025-09-29 00:00:00+00:00,10356.790654549583,0.0,0.018518947412629494,3.002703903777072,-0.08960002250743193
2025-09-30 00:00:00+00:00,10272.661088382896,0.0,-0.008123130897671471,2.978312546919742,-0.0969953206938412
2025-10-01 00:00:00+00:00,10719.835917862605,0.0,0.04353057359065482,3.1079602004194022,-0.0576870090485988
2025-10-02 00:00:00+00:00,10960.168376369555,0.0,0.02241941577729567,3.177638852371892,-0.03656090231211229
2025-10-03 00:00:00+00:00,11080.123744003507,0.0,0.010944664672541071,3.212417044061541,-0.026016384455502695
2025-10-04 00:00:00+00:00,11062.90577238505,0.0,-0.001553951202736048,3.2074251047322315,-0.027529907466323333
2025-10-05 00:00:00+00:00,11148.692532881098,0.0,0.007754450978890937,3.2322969254753415,-0.019988935805333452
2025-10-06 00:00:00+00:00,11381.741383382081,0.0,0.020903693398454326,3.2998638693782447,0.0
2025-10-07 00:00:00+00:00,10966.608599545118,0.0,-0.036473573757621836,3.179506041148366,-0.036473573757621836
2025-10-08 00:00:00+00:00,11150.642855697115,0.0,0.01678132801781862,3.2328623749595127,-0.020304320745011983
2025-10-09 00:00:00+00:00,10904.58101199686,0.0,-0.02206705450838986,3.1615226247131583,-0.04192331870076582
2025-10-10 00:00:00+00:00,9888.413127147032,0.0,-0.09318724705991666,2.866909034798497,-0.13120384710334254
2025-10-11 00:00:00+00:00,9691.032067698008,0.0,-0.019960842747067886,2.809683114384736,-0.14854575049057028
2025-10-12 00:00:00+00:00,10328.652310393496,0.0,0.06579487491541736,2.99454586344764,-0.09252442464789679
2025-10-13 00:00:00+00:00,10428.448917902868,0.0,0.009662113169299769,3.0234795044709295,-0.08375629294046938
2025-10-14 00:00:00+00:00,10197.70892480657,0.0,-0.022126012690169006,2.95658195858654,-0.10402911283015615
2025-10-15 00:00:00+00:00,9936.541172247425,0.0,-0.025610434116611902,2.880862611125796,-0.12697531620642177
2025-10-16 00:00:00+00:00,9707.419339403305,0.0,-0.023058509885115153,2.814434212129493,-0.14710596450762548
2025-10-17 00:00:00+00:00,9549.781509458633,0.0,-0.016238901857757893,2.768730891173606,-0.16095602704505318
2025-10-18 00:00:00+00:00,9598.928691565721,0.0,0.0051464195341444086,2.782979941916731,-0.15663795475263176
2025-10-19 00:00:00+00:00,9692.418951860296,0.0,0.009739655673942194,2.8100852082984877,-0.14842389882345064
2025-10-20 00:00:00+00:00,9779.564960699958,0.0,0.008991151669412334,2.835351110610272,-0.14076724893972536
2025-10-21 00:00:00+00:00,9556.107123494496,0.0,-0.022849466014433828,2.7705648517693953,-0.16040025848356565
2025-10-22 00:00:00+00:00,9450.214051979328,0.0,-0.011081193434387182,2.739863686724424,-0.16970402562677078
2025-10-23 00:00:00+00:00,9493.09375719044,0.0,0.004537432165584665,2.752295632345885,-0.16593661396569415
2025-10-24 00:00:00+00:00,9610.173815736334,0.0,0.012333182578884161,2.7862401968906725,-0.15564995794337066
2025-10-25 00:00:00+00:00,9661.900455024479,0.0,0.005382487380555467,2.801237099589633,-0.15110525449722934
2025-10-26 00:00:00+00:00,10015.609228423482,0.0,0.03660861287543726,2.9037865041408226,-0.12002839538712562
2025-10-27 00:00:00+00:00,10053.420077144992,100.0,-0.006209223009819742,2.8857562461637074,-0.12549233532247583
2025-10-28 00:00:00+00:00,9848.53542956163,0.0,-0.020379596795038646,2.8269456974181266,-0.14331444892277467
2025-10-29 00:00:00+00:00,9623.02284829037,0.0,-0.022898082957020893,2.762214060323653,-0.16293090573942215
2025-10-30 00:00:00+00:00,9436.412016880988,0.0,-0.019392121826099062,2.708648868756093,-0.17916345159218572
2025-10-31 00:00:00+00:00,9471.396773701184,0.0,0.0037074215027503854,2.7186909718155197,-0.17612026452237517
2025-11-01 00:00:00+00:00,9514.014222576749,0.0,0.0044995949271071645,2.730923979920673,-0.17241313944407366
2025-11-02 00:00:00+00:00,9569.685033501286,0.0,0.00585145340569615,2.746903854343677,-0.16757055349036443
2025-11-03 00:00:00+00:00,9062.407117827592,0.0,-0.05300884134617079,2.601293663735588,-0.21169667395227443
2025-11-04 00:00:00+00:00,8734.050815775372,0.0,-0.03623279088910891,2.507041534376292,-0.24025910352215074
2025-11-05 00:00:00+00:00,8729.068195761341,0.0,-0.0005704821415775108,2.5056113119527375,-0.24069252213581738
2025-11-06 00:00:00+00:00,8618.49774791158,0.0,-0.012666924506724797,2.4738729226210365,-0.2503106126353146
2025-11-07 00:00:00+00:00,8613.68839972281,0.0,-0.0005580262743510866,2.4724924365308083,-0.2507289590110663
2025-11-08 00:00:00+00:00,8576.755487449815,0.0,-0.004287700060543687,2.461891130561001,-0.25394160849887815
2025-11-09 00:00:00+00:00,8572.008731780606,0.0,-0.0005534442104772053,2.460528611167967,-0.2543545101963325
2025-11-10 00:00:00+00:00,8553.524774876587,0.0,-0.0021563156877676404,2.4552229347235044,-0.25596235726350924
2025-11-11 00:00:00+00:00,8421.335347763366,0.0,-0.015454380573198034,2.417278985098243,-0.26746099815514424
2025-11-12 00:00:00+00:00,8416.821644593618,0.0,-0.0005359842570510365,2.41598336161733,-0.26785362752780895
2025-11-13 00:00:00+00:00,8416.821644593618,0.0,0.0,2.41598336161733,-0.26785362752780895
2025-11-14 00:00:00+00:00,8416.821644593618,0.0,0.0,2.41598336161733,-0.26785362752780895
2025-11-15 00:00:00+00:00,8416.821644593618,0.0,0.0,2.41598336161733,-0.26785362752780895
2025-11-16 00:00:00+00:00,8416.821644593618,0.0,0.0,2.41598336161733,-0.26785362752780895
2025-11-17 00:00:00+00:00,8416.821644593618,0.0,0.0,2.41598336161733,-0.26785362752780895
2025-11-18 00:00:00+00:00,8416.821644593618,0.0,0.0,2.41598336161733,-0.26785362752780895
2025-11-19 00:00:00+00:00,8416.821644593618,0.0,0.0,2.41598336161733,-0.26785362752780895
2025-11-20 00:00:00+00:00,8416.821644593618,0.0,0.0,2.41598336161733,-0.26785362752780895
2025-11-21 00:00:00+00:00,8416.821644593618,0.0,0.0,2.41598336161733,-0.26785362752780895
2025-11-22 00:00:00+00:00,8416.821644593618,0.0,0.0,2.41598336161733,-0.26785362752780895
2025-11-23 00:00:00+00:00,8416.821644593618,0.0,0.0,2.41598336161733,-0.26785362752780895
2025-11-24 00:00:00+00:00,8416.821644593618,0.0,0.0,2.41598336161733,-0.26785362752780895
2025-11-25 00:00:00+00:00,8416.821644593618,0.0,0.0,2.41598336161733,-0.26785362752780895
2025-11-26 00:00:00+00:00,8416.821644593618,0.0,0.0,2.41598336161733,-0.26785362752780895
2025-11-27 00:00:00+00:00,8516.821644593618,100.0,0.0,2.41598336161733,-0.26785362752780895
2025-11-28 00:00:00+00:00,8516.821644593618,0.0,0.0,2.41598336161733,-0.26785362752780895
2025-11-29 00:00:00+00:00,8516.821644593618,0.0,0.0,2.41598336161733,-0.26785362752780895
2025-11-30 00:00:00+00:00,8516.821644593618,0.0,0.0,2.41598336161733,-0.26785362752780895
2025-12-01 00:00:00+00:00,8516.821644593618,0.0,0.0,2.41598336161733,-0.26785362752780895
2025-12-02 00:00:00+00:00,8516.821644593618,0.0,0.0,2.41598336161733,-0.26785362752780895
2025-12-03 00:00:00+00:00,8516.821644593618,0.0,0.0,2.41598336161733,-0.26785362752780895
2025-12-04 00:00:00+00:00,8516.821644593618,0.0,0.0,2.41598336161733,-0.26785362752780895
2025-12-05 00:00:00+00:00,8516.821644593618,0.0,0.0,2.41598336161733,-0.26785362752780895
2025-12-06 00:00:00+00:00,8516.821644593618,0.0,0.0,2.41598336161733,-0.26785362752780895
2025-12-07 00:00:00+00:00,8516.821644593618,0.0,0.0,2.41598336161733,-0.26785362752780895
2025-12-08 00:00:00+00:00,8516.821644593618,0.0,0.0,2.41598336161733,-0.26785362752780895
2025-12-09 00:00:00+00:00,8516.821644593618,0.0,0.0,2.41598336161733,-0.26785362752780895
2025-12-10 00:00:00+00:00,8516.821644593618,0.0,0.0,2.41598336161733,-0.26785362752780895
2025-12-11 00:00:00+00:00,8516.821644593618,0.0,0.0,2.41598336161733,-0.26785362752780895
2025-12-12 00:00:00+00:00,8516.821644593618,0.0,0.0,2.41598336161733,-0.26785362752780895
2025-12-13 00:00:00+00:00,8516.821644593618,0.0,0.0,2.41598336161733,-0.26785362752780895
2025-12-14 00:00:00+00:00,8516.821644593618,0.0,0.0,2.41598336161733,-0.26785362752780895
2025-12-15 00:00:00+00:00,8516.821644593618,0.0,0.0,2.41598336161733,-0.26785362752780895
2025-12-16 00:00:00+00:00,8516.821644593618,0.0,0.0,2.41598336161733,-0.26785362752780895
2025-12-17 00:00:00+00:00,8516.821644593618,0.0,0.0,2.41598336161733,-0.26785362752780895
2025-12-18 00:00:00+00:00,8516.821644593618,0.0,0.0,2.41598336161733,-0.26785362752780895
2025-12-19 00:00:00+00:00,8516.821644593618,0.0,0.0,2.41598336161733,-0.26785362752780895
2025-12-20 00:00:00+00:00,8516.821644593618,0.0,0.0,2.41598336161733,-0.26785362752780895
2025-12-21 00:00:00+00:00,8516.821644593618,0.0,0.0,2.41598336161733,-0.26785362752780895
2025-12-22 00:00:00+00:00,8516.821644593618,0.0,0.0,2.41598336161733,-0.26785362752780895
2025-12-23 00:00:00+00:00,8516.821644593618,0.0,0.0,2.41598336161733,-0.26785362752780895
2025-12-24 00:00:00+00:00,8516.821644593618,0.0,0.0,2.41598336161733,-0.26785362752780895
2025-12-25 00:00:00+00:00,8516.821644593618,0.0,0.0,2.41598336161733,-0.26785362752780895
2025-12-26 00:00:00+00:00,8516.821644593618,0.0,0.0,2.41598336161733,-0.26785362752780895
2025-12-27 00:00:00+00:00,8616.821644593618,100.0,0.0,2.41598336161733,-0.26785362752780895
2025-12-28 00:00:00+00:00,8616.821644593618,0.0,0.0,2.41598336161733,-0.26785362752780895
2025-12-29 00:00:00+00:00,8616.821644593618,0.0,0.0,2.41598336161733,-0.26785362752780895
2025-12-30 00:00:00+00:00,8616.821644593618,0.0,0.0,2.41598336161733,-0.26785362752780895
2025-12-31 00:00:00+00:00,8616.821644593618,0.0,0.0,2.41598336161733,-0.26785362752780895
2026-01-01 00:00:00+00:00,8616.821644593618,0.0,0.0,2.41598336161733,-0.26785362752780895
2026-01-02 00:00:00+00:00,8616.821644593618,0.0,0.0,2.41598336161733,-0.26785362752780895
2026-01-03 00:00:00+00:00,8616.821644593618,0.0,0.0,2.41598336161733,-0.26785362752780895
2026-01-04 00:00:00+00:00,8616.821644593618,0.0,0.0,2.41598336161733,-0.26785362752780895
2026-01-05 00:00:00+00:00,8616.821644593618,0.0,0.0,2.41598336161733,-0.26785362752780895
2026-01-06 00:00:00+00:00,8616.821644593618,0.0,0.0,2.41598336161733,-0.26785362752780895
2026-01-07 00:00:00+00:00,8616.821644593618,0.0,0.0,2.41598336161733,-0.26785362752780895
2026-01-08 00:00:00+00:00,8616.821644593618,0.0,0.0,2.41598336161733,-0.26785362752780895
2026-01-09 00:00:00+00:00,8616.821644593618,0.0,0.0,2.41598336161733,-0.26785362752780895
2026-01-10 00:00:00+00:00,8616.821644593618,0.0,0.0,2.41598336161733,-0.26785362752780895
2026-01-11 00:00:00+00:00,8616.821644593618,0.0,0.0,2.41598336161733,-0.26785362752780895
2026-01-12 00:00:00+00:00,8616.821644593618,0.0,0.0,2.41598336161733,-0.26785362752780895
2026-01-13 00:00:00+00:00,8616.821644593618,0.0,0.0,2.41598336161733,-0.26785362752780895
2026-01-14 00:00:00+00:00,8616.821644593618,0.0,0.0,2.41598336161733,-0.26785362752780895
2026-01-15 00:00:00+00:00,8616.821644593618,0.0,0.0,2.41598336161733,-0.26785362752780895
2026-01-16 00:00:00+00:00,8616.821644593618,0.0,0.0,2.41598336161733,-0.26785362752780895
2026-01-17 00:00:00+00:00,8616.821644593618,0.0,0.0,2.41598336161733,-0.26785362752780895
2026-01-18 00:00:00+00:00,8616.821644593618,0.0,0.0,2.41598336161733,-0.26785362752780895
2026-01-19 00:00:00+00:00,8616.821644593618,0.0,0.0,2.41598336161733,-0.26785362752780895
2026-01-20 00:00:00+00:00,8616.821644593618,0.0,0.0,2.41598336161733,-0.26785362752780895
2026-01-21 00:00:00+00:00,8616.821644593618,0.0,0.0,2.41598336161733,-0.26785362752780895
2026-01-22 00:00:00+00:00,8616.821644593618,0.0,0.0,2.41598336161733,-0.26785362752780895
2026-01-23 00:00:00+00:00,8616.821644593618,0.0,0.0,2.41598336161733,-0.26785362752780895
2026-01-24 00:00:00+00:00,8616.821644593618,0.0,0.0,2.41598336161733,-0.26785362752780895
2026-01-25 00:00:00+00:00,8616.821644593618,0.0,0.0,2.41598336161733,-0.26785362752780895
2026-01-26 00:00:00+00:00,8616.821644593618,0.0,0.0,2.41598336161733,-0.26785362752780895
2026-01-27 00:00:00+00:00,8716.821644593618,100.0,0.0,2.41598336161733,-0.26785362752780895
2026-01-28 00:00:00+00:00,8716.821644593618,0.0,0.0,2.41598336161733,-0.26785362752780895
2026-01-29 00:00:00+00:00,8716.821644593618,0.0,0.0,2.41598336161733,-0.26785362752780895
2026-01-30 00:00:00+00:00,8716.821644593618,0.0,0.0,2.41598336161733,-0.26785362752780895
2026-01-31 00:00:00+00:00,8716.821644593618,0.0,0.0,2.41598336161733,-0.26785362752780895
2026-02-01 00:00:00+00:00,8716.821644593618,0.0,0.0,2.41598336161733,-0.26785362752780895
2026-02-02 00:00:00+00:00,8716.821644593618,0.0,0.0,2.41598336161733,-0.26785362752780895
2026-02-03 00:00:00+00:00,8716.821644593618,0.0,0.0,2.41598336161733,-0.26785362752780895
2026-02-04 00:00:00+00:00,8716.821644593618,0.0,0.0,2.41598336161733,-0.26785362752780895
2026-02-05 00:00:00+00:00,8716.821644593618,0.0,0.0,2.41598336161733,-0.26785362752780895
2026-02-06 00:00:00+00:00,8716.821644593618,0.0,0.0,2.41598336161733,-0.26785362752780895
2026-02-07 00:00:00+00:00,8716.821644593618,0.0,0.0,2.41598336161733,-0.26785362752780895
2026-02-08 00:00:00+00:00,8716.821644593618,0.0,0.0,2.41598336161733,-0.26785362752780895
2026-02-09 00:00:00+00:00,8716.821644593618,0.0,0.0,2.41598336161733,-0.26785362752780895
2026-02-10 00:00:00+00:00,8716.821644593618,0.0,0.0,2.41598336161733,-0.26785362752780895
2026-02-11 00:00:00+00:00,8716.821644593618,0.0,0.0,2.41598336161733,-0.26785362752780895
2026-02-12 00:00:00+00:00,8716.821644593618,0.0,0.0,2.41598336161733,-0.26785362752780895
2026-02-13 00:00:00+00:00,8716.821644593618,0.0,0.0,2.41598336161733,-0.26785362752780895
2026-02-14 00:00:00+00:00,8716.821644593618,0.0,0.0,2.41598336161733,-0.26785362752780895
2026-02-15 00:00:00+00:00,8716.821644593618,0.0,0.0,2.41598336161733,-0.26785362752780895
2026-02-16 00:00:00+00:00,8716.821644593618,0.0,0.0,2.41598336161733,-0.26785362752780895
2026-02-17 00:00:00+00:00,8716.821644593618,0.0,0.0,2.41598336161733,-0.26785362752780895
2026-02-18 00:00:00+00:00,8716.821644593618,0.0,0.0,2.41598336161733,-0.26785362752780895
2026-02-19 00:00:00+00:00,8716.821644593618,0.0,0.0,2.41598336161733,-0.26785362752780895
2026-02-20 00:00:00+00:00,8716.821644593618,0.0,0.0,2.41598336161733,-0.26785362752780895
2026-02-21 00:00:00+00:00,8716.821644593618,0.0,0.0,2.41598336161733,-0.26785362752780895
2026-02-22 00:00:00+00:00,8716.821644593618,0.0,0.0,2.41598336161733,-0.26785362752780895
2026-02-23 00:00:00+00:00,8716.821644593618,0.0,0.0,2.41598336161733,-0.26785362752780895
2026-02-24 00:00:00+00:00,8716.821644593618,0.0,0.0,2.41598336161733,-0.26785362752780895
2026-02-25 00:00:00+00:00,8716.821644593618,0.0,0.0,2.41598336161733,-0.26785362752780895
2026-02-26 00:00:00+00:00,8716.821644593618,0.0,0.0,2.41598336161733,-0.26785362752780895
2026-02-27 00:00:00+00:00,8816.821644593618,100.0,0.0,2.41598336161733,-0.26785362752780895
2026-02-28 00:00:00+00:00,8816.821644593618,0.0,0.0,2.41598336161733,-0.26785362752780895
2026-03-01 00:00:00+00:00,8816.821644593618,0.0,0.0,2.41598336161733,-0.26785362752780895
2026-03-02 00:00:00+00:00,8816.821644593618,0.0,0.0,2.41598336161733,-0.26785362752780895
2026-03-03 00:00:00+00:00,8816.821644593618,0.0,0.0,2.41598336161733,-0.26785362752780895
2026-03-04 00:00:00+00:00,8816.821644593618,0.0,0.0,2.41598336161733,-0.26785362752780895
2026-03-05 00:00:00+00:00,8816.821644593618,0.0,0.0,2.41598336161733,-0.26785362752780895
2026-03-06 00:00:00+00:00,8816.821644593618,0.0,0.0,2.41598336161733,-0.26785362752780895
2026-03-07 00:00:00+00:00,8816.821644593618,0.0,0.0,2.41598336161733,-0.26785362752780895
2026-03-08 00:00:00+00:00,8816.821644593618,0.0,0.0,2.41598336161733,-0.26785362752780895
2026-03-09 00:00:00+00:00,8816.821644593618,0.0,0.0,2.41598336161733,-0.26785362752780895
2026-03-10 00:00:00+00:00,8816.821644593618,0.0,0.0,2.41598336161733,-0.26785362752780895
2026-03-11 00:00:00+00:00,8816.821644593618,0.0,0.0,2.41598336161733,-0.26785362752780895
2026-03-12 00:00:00+00:00,8816.821644593618,0.0,0.0,2.41598336161733,-0.26785362752780895
2026-03-13 00:00:00+00:00,8816.821644593618,0.0,0.0,2.41598336161733,-0.26785362752780895
2026-03-14 00:00:00+00:00,8816.821644593618,0.0,0.0,2.41598336161733,-0.26785362752780895
2026-03-15 00:00:00+00:00,8816.821644593618,0.0,0.0,2.41598336161733,-0.26785362752780895
2026-03-16 00:00:00+00:00,8816.821644593618,0.0,0.0,2.41598336161733,-0.26785362752780895
2026-03-17 00:00:00+00:00,8816.821644593618,0.0,0.0,2.41598336161733,-0.26785362752780895
2026-03-18 00:00:00+00:00,8816.821644593618,0.0,0.0,2.41598336161733,-0.26785362752780895
2026-03-19 00:00:00+00:00,8816.821644593618,0.0,0.0,2.41598336161733,-0.26785362752780895
2026-03-20 00:00:00+00:00,8816.821644593618,0.0,0.0,2.41598336161733,-0.26785362752780895
2026-03-21 00:00:00+00:00,8816.821644593618,0.0,0.0,2.41598336161733,-0.26785362752780895
2026-03-22 00:00:00+00:00,8816.821644593618,0.0,0.0,2.41598336161733,-0.26785362752780895
2026-03-23 00:00:00+00:00,8816.821644593618,0.0,0.0,2.41598336161733,-0.26785362752780895
2026-03-24 00:00:00+00:00,8816.821644593618,0.0,0.0,2.41598336161733,-0.26785362752780895
2026-03-25 00:00:00+00:00,8816.821644593618,0.0,0.0,2.41598336161733,-0.26785362752780895
2026-03-26 00:00:00+00:00,8816.821644593618,0.0,0.0,2.41598336161733,-0.26785362752780895
2026-03-27 00:00:00+00:00,8916.821644593618,100.0,0.0,2.41598336161733,-0.26785362752780895
2026-03-28 00:00:00+00:00,8916.821644593618,0.0,0.0,2.41598336161733,-0.26785362752780895
2026-03-29 00:00:00+00:00,8916.821644593618,0.0,0.0,2.41598336161733,-0.26785362752780895
2026-03-30 00:00:00+00:00,8916.821644593618,0.0,0.0,2.41598336161733,-0.26785362752780895
2026-03-31 00:00:00+00:00,8916.821644593618,0.0,0.0,2.41598336161733,-0.26785362752780895
2026-04-01 00:00:00+00:00,8916.821644593618,0.0,0.0,2.41598336161733,-0.26785362752780895
2026-04-02 00:00:00+00:00,8916.821644593618,0.0,0.0,2.41598336161733,-0.26785362752780895
2026-04-03 00:00:00+00:00,8916.821644593618,0.0,0.0,2.41598336161733,-0.26785362752780895
2026-04-04 00:00:00+00:00,8916.821644593618,0.0,0.0,2.41598336161733,-0.26785362752780895
2026-04-05 00:00:00+00:00,8916.821644593618,0.0,0.0,2.41598336161733,-0.26785362752780895
2026-04-06 00:00:00+00:00,8916.821644593618,0.0,0.0,2.41598336161733,-0.26785362752780895
2026-04-07 00:00:00+00:00,8916.821644593618,0.0,0.0,2.41598336161733,-0.26785362752780895
2026-04-08 00:00:00+00:00,8916.821644593618,0.0,0.0,2.41598336161733,-0.26785362752780895
2026-04-09 00:00:00+00:00,8916.821644593618,0.0,0.0,2.41598336161733,-0.26785362752780895
2026-04-10 00:00:00+00:00,8916.821644593618,0.0,0.0,2.41598336161733,-0.26785362752780895
2026-04-11 00:00:00+00:00,8916.821644593618,0.0,0.0,2.41598336161733,-0.26785362752780895
2026-04-12 00:00:00+00:00,8916.821644593618,0.0,0.0,2.41598336161733,-0.26785362752780895
2026-04-13 00:00:00+00:00,8916.821644593618,0.0,0.0,2.41598336161733,-0.26785362752780895
2026-04-14 00:00:00+00:00,8916.821644593618,0.0,0.0,2.41598336161733,-0.26785362752780895
2026-04-15 00:00:00+00:00,8916.821644593618,0.0,0.0,2.41598336161733,-0.26785362752780895
2026-04-16 00:00:00+00:00,8916.821644593618,0.0,0.0,2.41598336161733,-0.26785362752780895
2026-04-17 00:00:00+00:00,8916.821644593618,0.0,0.0,2.41598336161733,-0.26785362752780895
2026-04-18 00:00:00+00:00,8916.821644593618,0.0,0.0,2.41598336161733,-0.26785362752780895
2026-04-19 00:00:00+00:00,8916.821644593618,0.0,0.0,2.41598336161733,-0.26785362752780895
2026-04-20 00:00:00+00:00,8916.821644593618,0.0,0.0,2.41598336161733,-0.26785362752780895
2026-04-21 00:00:00+00:00,8916.821644593618,0.0,0.0,2.41598336161733,-0.26785362752780895
2026-04-22 00:00:00+00:00,8916.821644593618,0.0,0.0,2.41598336161733,-0.26785362752780895
2026-04-23 00:00:00+00:00,8916.821644593618,0.0,0.0,2.41598336161733,-0.26785362752780895
2026-04-24 00:00:00+00:00,8916.821644593618,0.0,0.0,2.41598336161733,-0.26785362752780895
2026-04-25 00:00:00+00:00,8916.821644593618,0.0,0.0,2.41598336161733,-0.26785362752780895
2026-04-26 00:00:00+00:00,8916.821644593618,0.0,0.0,2.41598336161733,-0.26785362752780895
2026-04-27 00:00:00+00:00,9016.821644593618,100.0,0.0,2.41598336161733,-0.26785362752780895
2026-04-28 00:00:00+00:00,9016.821644593618,0.0,0.0,2.41598336161733,-0.26785362752780895
2026-04-29 00:00:00+00:00,9016.821644593618,0.0,0.0,2.41598336161733,-0.26785362752780895
2026-04-30 00:00:00+00:00,9016.821644593618,0.0,0.0,2.41598336161733,-0.26785362752780895
2026-05-01 00:00:00+00:00,9016.821644593618,0.0,0.0,2.41598336161733,-0.26785362752780895
2026-05-02 00:00:00+00:00,9016.821644593618,0.0,0.0,2.41598336161733,-0.26785362752780895
2026-05-03 00:00:00+00:00,9016.821644593618,0.0,0.0,2.41598336161733,-0.26785362752780895
2026-05-04 00:00:00+00:00,9016.821644593618,0.0,0.0,2.41598336161733,-0.26785362752780895
2026-05-05 00:00:00+00:00,9016.821644593618,0.0,0.0,2.41598336161733,-0.26785362752780895
2026-05-06 00:00:00+00:00,9016.821644593618,0.0,0.0,2.41598336161733,-0.26785362752780895
2026-05-07 00:00:00+00:00,9016.821644593618,0.0,0.0,2.41598336161733,-0.26785362752780895
2026-05-08 00:00:00+00:00,9016.821644593618,0.0,0.0,2.41598336161733,-0.26785362752780895
2026-05-09 00:00:00+00:00,9016.821644593618,0.0,0.0,2.41598336161733,-0.26785362752780895
2026-05-10 00:00:00+00:00,9016.821644593618,0.0,0.0,2.41598336161733,-0.26785362752780895
2026-05-11 00:00:00+00:00,9016.821644593618,0.0,0.0,2.41598336161733,-0.26785362752780895
2026-05-12 00:00:00+00:00,9016.821644593618,0.0,0.0,2.41598336161733,-0.26785362752780895
2026-05-13 00:00:00+00:00,9016.821644593618,0.0,0.0,2.41598336161733,-0.26785362752780895
2026-05-14 00:00:00+00:00,9016.821644593618,0.0,0.0,2.41598336161733,-0.26785362752780895
2026-05-15 00:00:00+00:00,9016.821644593618,0.0,0.0,2.41598336161733,-0.26785362752780895
2026-05-16 00:00:00+00:00,9016.821644593618,0.0,0.0,2.41598336161733,-0.26785362752780895
2026-05-17 00:00:00+00:00,9016.821644593618,0.0,0.0,2.41598336161733,-0.26785362752780895
2026-05-18 00:00:00+00:00,9016.821644593618,0.0,0.0,2.41598336161733,-0.26785362752780895
2026-05-19 00:00:00+00:00,9016.821644593618,0.0,0.0,2.41598336161733,-0.26785362752780895
2026-05-20 00:00:00+00:00,9016.821644593618,0.0,0.0,2.41598336161733,-0.26785362752780895
2026-05-21 00:00:00+00:00,9016.821644593618,0.0,0.0,2.41598336161733,-0.26785362752780895
2026-05-22 00:00:00+00:00,9016.821644593618,0.0,0.0,2.41598336161733,-0.26785362752780895
2026-05-23 00:00:00+00:00,9016.821644593618,0.0,0.0,2.41598336161733,-0.26785362752780895
2026-05-24 00:00:00+00:00,9016.821644593618,0.0,0.0,2.41598336161733,-0.26785362752780895
2026-05-25 00:00:00+00:00,9016.821644593618,0.0,0.0,2.41598336161733,-0.26785362752780895
2026-05-26 00:00:00+00:00,9016.821644593618,0.0,0.0,2.41598336161733,-0.26785362752780895
2026-05-27 00:00:00+00:00,9116.821644593618,100.0,0.0,2.41598336161733,-0.26785362752780895
2026-05-28 00:00:00+00:00,9116.821644593618,0.0,0.0,2.41598336161733,-0.26785362752780895
2026-05-29 00:00:00+00:00,9116.821644593618,0.0,0.0,2.41598336161733,-0.26785362752780895
2026-05-30 00:00:00+00:00,9116.821644593618,0.0,0.0,2.41598336161733,-0.26785362752780895
2026-05-31 00:00:00+00:00,9116.821644593618,0.0,0.0,2.41598336161733,-0.26785362752780895
2026-06-01 00:00:00+00:00,9116.821644593618,0.0,0.0,2.41598336161733,-0.26785362752780895
2026-06-02 00:00:00+00:00,9116.821644593618,0.0,0.0,2.41598336161733,-0.26785362752780895
2026-06-03 00:00:00+00:00,9116.821644593618,0.0,0.0,2.41598336161733,-0.26785362752780895
2026-06-04 00:00:00+00:00,9116.821644593618,0.0,0.0,2.41598336161733,-0.26785362752780895
2026-06-05 00:00:00+00:00,9116.821644593618,0.0,0.0,2.41598336161733,-0.26785362752780895
2026-06-06 00:00:00+00:00,9116.821644593618,0.0,0.0,2.41598336161733,-0.26785362752780895
2026-06-07 00:00:00+00:00,9116.821644593618,0.0,0.0,2.41598336161733,-0.26785362752780895
2026-06-08 00:00:00+00:00,9116.821644593618,0.0,0.0,2.41598336161733,-0.26785362752780895
2026-06-09 00:00:00+00:00,9116.821644593618,0.0,0.0,2.41598336161733,-0.26785362752780895
2026-06-10 00:00:00+00:00,9116.821644593618,0.0,0.0,2.41598336161733,-0.26785362752780895
2026-06-11 00:00:00+00:00,9116.821644593618,0.0,0.0,2.41598336161733,-0.26785362752780895
2026-06-12 00:00:00+00:00,9116.821644593618,0.0,0.0,2.41598336161733,-0.26785362752780895
2026-06-13 00:00:00+00:00,9116.821644593618,0.0,0.0,2.41598336161733,-0.26785362752780895
2026-06-14 00:00:00+00:00,9116.821644593618,0.0,0.0,2.41598336161733,-0.26785362752780895
2026-06-15 00:00:00+00:00,9116.821644593618,0.0,0.0,2.41598336161733,-0.26785362752780895
2026-06-16 00:00:00+00:00,9116.821644593618,0.0,0.0,2.41598336161733,-0.26785362752780895
2026-06-17 00:00:00+00:00,9116.821644593618,0.0,0.0,2.41598336161733,-0.26785362752780895
2026-06-18 00:00:00+00:00,9116.821644593618,0.0,0.0,2.41598336161733,-0.26785362752780895
2026-06-19 00:00:00+00:00,9116.821644593618,0.0,0.0,2.41598336161733,-0.26785362752780895
2026-06-20 00:00:00+00:00,9116.821644593618,0.0,0.0,2.41598336161733,-0.26785362752780895
2026-06-21 00:00:00+00:00,9116.821644593618,0.0,0.0,2.41598336161733,-0.26785362752780895
2026-06-22 00:00:00+00:00,9116.821644593618,0.0,0.0,2.41598336161733,-0.26785362752780895
2026-06-23 00:00:00+00:00,9116.821644593618,0.0,0.0,2.41598336161733,-0.26785362752780895
2026-06-24 00:00:00+00:00,9116.821644593618,0.0,0.0,2.41598336161733,-0.26785362752780895
2026-06-25 00:00:00+00:00,9116.821644593618,0.0,0.0,2.41598336161733,-0.26785362752780895
2026-06-26 00:00:00+00:00,9116.821644593618,0.0,0.0,2.41598336161733,-0.26785362752780895
2026-06-27 00:00:00+00:00,9216.821644593618,100.0,0.0,2.41598336161733,-0.26785362752780895
2026-06-28 00:00:00+00:00,9216.821644593618,0.0,0.0,2.41598336161733,-0.26785362752780895
2026-06-29 00:00:00+00:00,9216.821644593618,0.0,0.0,2.41598336161733,-0.26785362752780895
2026-06-30 00:00:00+00:00,9216.821644593618,0.0,0.0,2.41598336161733,-0.26785362752780895
2026-07-01 00:00:00+00:00,9216.821644593618,0.0,0.0,2.41598336161733,-0.26785362752780895
2026-07-02 00:00:00+00:00,9216.821644593618,0.0,0.0,2.41598336161733,-0.26785362752780895
2026-07-03 00:00:00+00:00,9216.821644593618,0.0,0.0,2.41598336161733,-0.26785362752780895
2026-07-04 00:00:00+00:00,9216.821644593618,0.0,0.0,2.41598336161733,-0.26785362752780895
2026-07-05 00:00:00+00:00,9216.821644593618,0.0,0.0,2.41598336161733,-0.26785362752780895
2026-07-06 00:00:00+00:00,9216.821644593618,0.0,0.0,2.41598336161733,-0.26785362752780895
2026-07-07 00:00:00+00:00,9216.821644593618,0.0,0.0,2.41598336161733,-0.26785362752780895
2026-07-08 00:00:00+00:00,9216.821644593618,0.0,0.0,2.41598336161733,-0.26785362752780895
2026-07-09 00:00:00+00:00,9216.821644593618,0.0,0.0,2.41598336161733,-0.26785362752780895
2026-07-10 00:00:00+00:00,9216.821644593618,0.0,0.0,2.41598336161733,-0.26785362752780895
2026-07-11 00:00:00+00:00,9216.821644593618,0.0,0.0,2.41598336161733,-0.26785362752780895
2026-07-12 00:00:00+00:00,9216.821644593618,0.0,0.0,2.41598336161733,-0.26785362752780895
2026-07-13 00:00:00+00:00,9216.821644593618,0.0,0.0,2.41598336161733,-0.26785362752780895
2026-07-14 00:00:00+00:00,9216.821644593618,0.0,0.0,2.41598336161733,-0.26785362752780895
2026-07-15 00:00:00+00:00,9216.821644593618,0.0,0.0,2.41598336161733,-0.26785362752780895
2026-07-16 00:00:00+00:00,9216.821644593618,0.0,0.0,2.41598336161733,-0.26785362752780895
2026-07-17 00:00:00+00:00,9216.821644593618,0.0,0.0,2.41598336161733,-0.26785362752780895
2026-07-18 00:00:00+00:00,9216.821644593618,0.0,0.0,2.41598336161733,-0.26785362752780895
2026-07-19 00:00:00+00:00,9216.821644593618,0.0,0.0,2.41598336161733,-0.26785362752780895
2026-07-20 00:00:00+00:00,9216.821644593618,0.0,0.0,2.41598336161733,-0.26785362752780895
2026-07-21 00:00:00+00:00,9216.821644593618,0.0,0.0,2.41598336161733,-0.26785362752780895
2026-07-22 00:00:00+00:00,9216.821644593618,0.0,0.0,2.41598336161733,-0.26785362752780895
2026-07-23 00:00:00+00:00,9216.821644593618,0.0,0.0,2.41598336161733,-0.26785362752780895
2026-07-24 00:00:00+00:00,9216.821644593618,0.0,0.0,2.41598336161733,-0.26785362752780895
2026-07-25 00:00:00+00:00,9216.821644593618,0.0,0.0,2.41598336161733,-0.26785362752780895
2026-07-26 00:00:00+00:00,9216.821644593618,0.0,0.0,2.41598336161733,-0.26785362752780895
2026-07-27 00:00:00+00:00,9316.821644593618,100.0,0.0,2.41598336161733,-0.26785362752780895
2026-07-28 00:00:00+00:00,9316.821644593618,0.0,0.0,2.41598336161733,-0.26785362752780895
2026-07-29 00:00:00+00:00,9316.821644593618,0.0,0.0,2.41598336161733,-0.26785362752780895
2026-07-30 00:00:00+00:00,9316.821644593618,0.0,0.0,2.41598336161733,-0.26785362752780895
2026-07-31 00:00:00+00:00,9316.821644593618,0.0,0.0,2.41598336161733,-0.26785362752780895
2026-08-01 00:00:00+00:00,9316.821644593618,0.0,0.0,2.41598336161733,-0.26785362752780895
2026-08-02 00:00:00+00:00,9316.821644593618,0.0,0.0,2.41598336161733,-0.26785362752780895
2026-08-03 00:00:00+00:00,9316.821644593618,0.0,0.0,2.41598336161733,-0.26785362752780895
2026-08-04 00:00:00+00:00,9316.821644593618,0.0,0.0,2.41598336161733,-0.26785362752780895
2026-08-05 00:00:00+00:00,9316.821644593618,0.0,0.0,2.41598336161733,-0.26785362752780895
2026-08-06 00:00:00+00:00,9316.821644593618,0.0,0.0,2.41598336161733,-0.26785362752780895
2026-08-07 00:00:00+00:00,9316.821644593618,0.0,0.0,2.41598336161733,-0.26785362752780895
2026-08-08 00:00:00+00:00,9316.821644593618,0.0,0.0,2.41598336161733,-0.26785362752780895
2026-08-09 00:00:00+00:00,9316.821644593618,0.0,0.0,2.41598336161733,-0.26785362752780895
2026-08-10 00:00:00+00:00,9316.821644593618,0.0,0.0,2.41598336161733,-0.26785362752780895
2026-08-11 00:00:00+00:00,9316.821644593618,0.0,0.0,2.41598336161733,-0.26785362752780895
2026-08-12 00:00:00+00:00,9316.821644593618,0.0,0.0,2.41598336161733,-0.26785362752780895
2026-08-13 00:00:00+00:00,9316.821644593618,0.0,0.0,2.41598336161733,-0.26785362752780895
2026-08-14 00:00:00+00:00,9316.821644593618,0.0,0.0,2.41598336161733,-0.26785362752780895
2026-08-15 00:00:00+00:00,9316.821644593618,0.0,0.0,2.41598336161733,-0.26785362752780895
2026-08-16 00:00:00+00:00,9316.821644593618,0.0,0.0,2.41598336161733,-0.26785362752780895
2026-08-17 00:00:00+00:00,9316.821644593618,0.0,0.0,2.41598336161733,-0.26785362752780895
2026-08-18 00:00:00+00:00,9316.821644593618,0.0,0.0,2.41598336161733,-0.26785362752780895
2026-08-19 00:00:00+00:00,9316.821644593618,0.0,0.0,2.41598336161733,-0.26785362752780895
2026-08-20 00:00:00+00:00,9729.545697723752,0.0,0.04429880369875172,2.5230085342930666,-0.23542041909491007
2026-08-21 00:00:00+00:00,10467.53455393383,0.0,0.0758502893287949,2.7143794615982144,-0.17742683666837034
2026-08-22 00:00:00+00:00,10219.50657967534,0.0,-0.023694975448184996,2.650062306898587,-0.1969176875778491
2026-08-23 00:00:00+00:00,10336.869101042968,0.0,0.011484167112435717,2.6804960652893772,-0.18769495609695186
2026-08-24 00:00:00+00:00,10472.942914335741,0.0,0.013163929228729776,2.7157819257907354,-0.17700182998687186
2026-08-25 00:00:00+00:00,10374.889744141561,0.0,-0.009362523122317556,2.6903553547153476,-0.18470716938324483
2026-08-26 00:00:00+00:00,10512.102358481943,0.0,0.013225452773400592,2.725936522402801,-0.17392455255543082
2026-08-27 00:00:00+00:00,10724.212492388413,100.0,0.010664863229381538,2.7550082625862027,-0.16511457089128434
2026-08-28 00:00:00+00:00,10413.650096789288,0.0,-0.02895899310271488,2.6752259973120465,-0.18929201227440073
2026-08-29 00:00:00+00:00,10469.281796178027,0.0,0.005342190189959517,2.6895175633908117,-0.1849610560154512
2026-08-30 00:00:00+00:00,10360.40291842193,0.0,-0.010399842116757707,2.6615470053613004,-0.19343733235189942
2026-08-31 00:00:00+00:00,10514.70160602896,0.0,0.014893116495756198,2.7011857349710775,-0.1814251005814883
2026-09-01 00:00:00+00:00,10341.940527684163,0.0,-0.016430430916436034,2.6568040893601728,-0.19487463891631274
2026-09-02 00:00:00+00:00,10293.202430227102,0.0,-0.004712664642249176,2.644283462666862,-0.19866892473806996
2026-09-03 00:00:00+00:00,10807.30106578593,0.0,0.049945450800532365,2.776353392254151,-0.15864608294363758
2026-09-04 00:00:00+00:00,10590.245520490196,0.0,-0.020084158290259446,2.7205926712544195,-0.1755439681919274
2026-09-05 00:00:00+00:00,10641.951489076297,0.0,0.0048824145281674,2.733875732437778,-0.17151863208439244
2026-09-06 00:00:00+00:00,10737.525763557602,0.0,0.008980897402079746,2.7584283899008373,-0.1640781259196077
2026-09-07 00:00:00+00:00,10594.526352606517,0.0,-0.013317724595028557,2.72169240028903,-0.1752107032215705
2026-09-08 00:00:00+00:00,10530.099848208947,0.0,-0.006081112288867874,2.705141483187114,-0.1802263395499364
2026-09-09 00:00:00+00:00,10491.660255216451,0.0,-0.0036504490504934983,2.695266502028363,-0.18321888153034593
2026-09-10 00:00:00+00:00,10296.395057340427,0.0,-0.01861146788268697,2.64510363609058,-0.19842037708392912
2026-09-11 00:00:00+00:00,10471.037928317584,0.0,0.016961554991292926,2.6899687068717992,-0.18482434022993832
2026-09-12 00:00:00+00:00,10489.94581388143,0.0,0.0018057317424771124,2.6948260687520675,-0.18335235166539687
2026-09-13 00:00:00+00:00,10378.566858186277,0.0,-0.010617686465812182,2.666213250474161,-0.19202326034845651
2026-09-14 00:00:00+00:00,10553.320011682761,0.0,0.016837888687747382,2.711106652403442,-0.17841863794391477
2026-09-15 00:00:00+00:00,10156.161579112995,0.0,-0.03763350605592386,2.6090782037819618,-0.20933762510828657
2026-09-16 00:00:00+00:00,10234.86599745834,0.0,0.007749425580940716,2.6292970611570246,-0.2032104458744134
2026-09-17 00:00:00+00:00,10296.861896573766,0.0,0.0060573239679757584,2.6452235652644993,-0.1983840334107757
2026-09-18 00:00:00+00:00,10931.630067731252,0.0,0.06164675971508382,2.8082930267850372,-0.1489670065346752
2026-09-19 00:00:00+00:00,10994.26810158271,0.0,0.005729981115657923,2.8243844927957493,-0.14409060355331704
2026-09-20 00:00:00+00:00,11006.919609466548,0.0,0.001150736708159572,2.827634615709566,-0.1431056771919671
2026-09-21 00:00:00+00:00,11674.921039952762,0.0,0.06068922588584158,2.9992415716249887,-0.09110142407477517
2026-09-22 00:00:00+00:00,11605.33413377458,0.0,-0.005960374887337361,2.981364967480417,-0.09651880032185656
2026-09-23 00:00:00+00:00,11344.846291870925,0.0,-0.022445527108570507,2.9144466592822926,-0.11679791208131618
2026-09-24 00:00:00+00:00,11350.974766684318,0.0,0.0005401990168685256,2.916021040502353,-0.11632080718172622
2026-09-25 00:00:00+00:00,11329.517114134367,0.0,-0.0018903797242972864,2.910508653451763,-0.11799129641061323
2026-09-26 00:00:00+00:00,11365.434736844836,0.0,0.00317026951357513,2.9197357503047976,-0.11519509110691595
