date,cash,units,price,equity,deposit,return,twr_index,drawdown
2021-09-27 00:00:00+00:00,40.0,0.0,2925.59,40.0,40.0,0.0,1.0,0.0
2021-09-28 00:00:00+00:00,40.0,0.0,2804.91,40.0,0.0,0.0,1.0,0.0
2021-09-29 00:00:00+00:00,40.0,0.0,2850.45,40.0,0.0,0.0,1.0,0.0
2021-09-30 00:00:00+00:00,40.0,0.0,3000.61,40.0,0.0,0.0,1.0,0.0
2021-10-01 00:00:00+00:00,40.0,0.0,3309.91,40.0,0.0,0.0,1.0,0.0
2021-10-02 00:00:00+00:00,40.0,0.0,3387.76,40.0,0.0,0.0,1.0,0.0
2021-10-03 00:00:00+00:00,40.0,0.0,3417.73,40.0,0.0,0.0,1.0,0.0
2021-10-04 00:00:00+00:00,40.0,0.0,3386.31,40.0,0.0,0.0,1.0,0.0
2021-10-05 00:00:00+00:00,40.0,0.0,3515.27,40.0,0.0,0.0,1.0,0.0
2021-10-06 00:00:00+00:00,40.0,0.0,3574.89,40.0,0.0,0.0,1.0,0.0
2021-10-07 00:00:00+00:00,40.0,0.0,3587.47,40.0,0.0,0.0,1.0,0.0
2021-10-08 00:00:00+00:00,40.0,0.0,3563.13,40.0,0.0,0.0,1.0,0.0
2021-10-09 00:00:00+00:00,40.0,0.0,3574.82,40.0,0.0,0.0,1.0,0.0
2021-10-10 00:00:00+00:00,40.0,0.0,3414.22,40.0,0.0,0.0,1.0,0.0
2021-10-11 00:00:00+00:00,40.0,0.0,3542.12,40.0,0.0,0.0,1.0,0.0
2021-10-12 00:00:00+00:00,40.0,0.0,3491.46,40.0,0.0,0.0,1.0,0.0
2021-10-13 00:00:00+00:00,40.0,0.0,3607.42,40.0,0.0,0.0,1.0,0.0
2021-10-14 00:00:00+00:00,40.0,0.0,3790.82,40.0,0.0,0.0,1.0,0.0
2021-10-15 00:00:00+00:00,0.0,0.010535997468905784,3868.99,40.76366884722179,0.0,0.019091721180544585,1.0190917211805446,0.0
2021-10-16 00:00:00+00:00,0.0,0.010535997468905784,3829.96,40.3524488660104,0.0,-0.010087904078325272,1.0088112216502598,-0.010087904078325272
2021-10-17 00:00:00+00:00,0.0,0.010535997468905784,3846.85,40.53040186326022,0.0,0.00440996772812241,1.0132600465815051,-0.005722423681632782
2021-10-18 00:00:00+00:00,0.0,0.010535997468905784,3744.96,39.456889081153406,0.0,-0.026486605924327722,0.9864222270288349,-0.03205746202497306
2021-10-19 00:00:00+00:00,0.0,0.010535997468905784,3877.03,40.84837826687179,0.0,0.03526606425702816,1.0212094566717946,0.0
2021-10-20 00:00:00+00:00,0.0,0.010535997468905784,4161.15,43.8418658677373,0.0,0.07328289953907996,1.0960466466934322,0.0
2021-10-21 00:00:00+00:00,0.0,0.010535997468905784,4052.99,42.70229238150045,0.0,-0.02599281448637991,1.067557309537511,-0.02599281448637991
2021-10-22 00:00:00+00:00,0.0,0.010535997468905784,3972.2,41.85108914598755,0.0,-0.01993343186141594,1.0462772286496886,-0.045408120351345116
2021-10-23 00:00:00+00:00,0.0,0.010535997468905784,4167.12,43.90476577262667,0.0,0.04907104375409088,1.0976191443156664,0.0
2021-10-24 00:00:00+00:00,0.0,0.010535997468905784,4082.33,43.01141854723815,0.0,-0.020347386204380813,1.0752854636809535,-0.020347386204380924
2021-10-25 00:00:00+00:00,0.0,0.010535997468905784,4220.37,44.465807637845906,0.0,0.033814022874191885,1.1116451909461473,0.0
2021-10-26 00:00:00+00:00,0.0,0.010535997468905784,4131.52,43.52968426273363,0.0,-0.021052656520636703,1.0882421065683405,-0.021052656520636703
2021-10-27 00:00:00+00:00,7.105427357601002e-15,0.020203158689250215,3922.0,79.23678837923936,40.0,-0.09861996373746917,0.9809197094809837,-0.11759640803546323
2021-10-28 00:00:00+00:00,7.105427357601002e-15,0.020203158689250215,4286.02,86.59114220530023,0.0,0.09281489036206025,1.0719636647704451,-0.0356962153921867
2021-10-29 00:00:00+00:00,7.105427357601002e-15,0.020203158689250215,4418.89,89.27553590034088,0.0,0.031000788610412222,1.1051953837400366,-0.005802037609339394
2021-10-30 00:00:00+00:00,7.105427357601002e-15,0.020203158689250215,4322.68,87.33179000284812,0.0,-0.021772436064260492,1.0811325879090408,-0.027448149180708037
2021-10-31 00:00:00+00:00,7.105427357601002e-15,0.020203158689250215,4287.21,86.61518396414041,0.0,-0.008205557663301555,1.0722612921172787,-0.035428479473156416
2021-11-01 00:00:00+00:00,7.105427357601002e-15,0.020203158689250215,4319.43,87.26612973710806,0.0,0.007515377133380463,1.080319740113066,-0.028179360724278846
2021-11-02 00:00:00+00:00,7.105427357601002e-15,0.020203158689250215,4589.89,92.7302760362027,0.0,0.06261474314898052,1.147963683159019,0.0
2021-11-03 00:00:00+00:00,7.105427357601002e-15,0.020203158689250215,4603.35,93.00221055216,0.0,0.0029325321521864733,1.151330123569425,0.0
2021-11-04 00:00:00+00:00,7.105427357601002e-15,0.020203158689250215,4532.32,91.56718019046252,0.0,-0.015430067233645373,1.1335650223546276,-0.015430067233645373
2021-11-05 00:00:00+00:00,7.105427357601002e-15,0.020203158689250215,4474.24,90.39378073379089,0.0,-0.012814629152398505,1.1190388069730228,-0.028046965796648116
2021-11-06 00:00:00+00:00,7.105427357601002e-15,0.020203158689250215,4518.0,91.27787095803248,0.0,0.009780431983979376,1.129983489912056,-0.018540845253999683
2021-11-07 00:00:00+00:00,7.105427357601002e-15,0.020203158689250215,4612.59,93.18888773844867,0.0,0.020936254980079783,1.1536411123801351,0.0
2021-11-08 00:00:00+00:00,7.105427357601002e-15,0.020203158689250215,4807.98,97.13638291474123,0.0,0.04236014907026164,1.2025095218741402,0.0
2021-11-09 00:00:00+00:00,7.105427357601002e-15,0.020203158689250215,4732.33,95.60801395989947,0.0,-0.015734258461973516,1.1835889262539883,-0.015734258461973516
2021-11-10 00:00:00+00:00,7.105427357601002e-15,0.020203158689250215,4628.78,93.51597687762762,0.0,-0.021881398803549,1.1576903449391605,-0.0372713696812379
2021-11-11 00:00:00+00:00,7.105427357601002e-15,0.020203158689250215,4719.0,95.33870585457177,0.0,0.019491097006122393,1.180254999755421,-0.01850673255712343
2021-11-12 00:00:00+00:00,7.105427357601002e-15,0.020203158689250215,4665.46,94.2570287383493,0.0,-0.011345624072896854,1.166864270218039,-0.029642386199609683
2021-11-13 00:00:00+00:00,7.105427357601002e-15,0.020203158689250215,4644.28,93.82912583731098,0.0,-0.004539745276993079,1.1615670036584247,-0.03404756259385422
2021-11-14 00:00:00+00:00,7.105427357601002e-15,0.020203158689250215,4626.5,93.46991367581612,0.0,-0.0038283652148448644,1.1571201009469072,-0.03774558130441452
2021-11-15 00:00:00+00:00,7.105427357601002e-15,0.020203158689250215,4563.78,92.20277156282634,0.0,-0.013556684318599355,1.1414333890196642,-0.05079056069284782
2021-11-16 00:00:00+00:00,7.105427357601002e-15,0.020203158689250215,4209.76,85.050449323658,0.0,-0.07757166208712929,1.052890503871664,-0.12442231456869568
2021-11-17 00:00:00+00:00,84.91948678800819,0.0,4287.8,84.91948678800819,0.0,-0.001539821796254559,1.051269240124733,-0.1257705481730369
2021-11-18 00:00:00+00:00,84.91948678800819,0.0,3996.9,84.91948678800819,0.0,0.0,1.051269240124733,-0.1257705481730369
2021-11-19 00:00:00+00:00,84.91948678800819,0.0,4294.76,84.91948678800819,0.0,0.0,1.051269240124733,-0.1257705481730369
2021-11-20 00:00:00+00:00,84.91948678800819,0.0,4412.17,84.91948678800819,0.0,0.0,1.051269240124733,-0.1257705481730369
2021-11-21 00:00:00+00:00,84.91948678800819,0.0,4258.31,84.91948678800819,0.0,0.0,1.051269240124733,-0.1257705481730369
2021-11-22 00:00:00+00:00,84.91948678800819,0.0,4085.97,84.91948678800819,0.0,0.0,1.051269240124733,-0.1257705481730369
2021-11-23 00:00:00+00:00,84.91948678800819,0.0,4339.44,84.91948678800819,0.0,0.0,1.051269240124733,-0.1257705481730369
2021-11-24 00:00:00+00:00,84.91948678800819,0.0,4269.36,84.91948678800819,0.0,0.0,1.051269240124733,-0.1257705481730369
2021-11-25 00:00:00+00:00,84.91948678800819,0.0,4524.85,84.91948678800819,0.0,0.0,1.051269240124733,-0.1257705481730369
2021-11-26 00:00:00+00:00,84.91948678800819,0.0,4041.2,84.91948678800819,0.0,0.0,1.051269240124733,-0.1257705481730369
2021-11-27 00:00:00+00:00,124.91948678800819,0.0,4095.29,124.91948678800819,40.0,0.0,1.051269240124733,-0.1257705481730369
2021-11-28 00:00:00+00:00,124.91948678800819,0.0,4294.78,124.91948678800819,0.0,0.0,1.051269240124733,-0.1257705481730369
2021-11-29 00:00:00+00:00,124.91948678800819,0.0,4444.53,124.91948678800819,0.0,0.0,1.051269240124733,-0.1257705481730369
2021-11-30 00:00:00+00:00,124.91948678800819,0.0,4630.26,124.91948678800819,0.0,0.0,1.051269240124733,-0.1257705481730369
2021-12-01 00:00:00+00:00,124.91948678800819,0.0,4582.95,124.91948678800819,0.0,0.0,1.051269240124733,-0.1257705481730369
2021-12-02 00:00:00+00:00,124.91948678800819,0.0,4511.21,124.91948678800819,0.0,0.0,1.051269240124733,-0.1257705481730369
2021-12-03 00:00:00+00:00,124.91948678800819,0.0,4215.73,124.91948678800819,0.0,0.0,1.051269240124733,-0.1257705481730369
2021-12-04 00:00:00+00:00,124.91948678800819,0.0,4117.25,124.91948678800819,0.0,0.0,1.051269240124733,-0.1257705481730369
2021-12-05 00:00:00+00:00,124.91948678800819,0.0,4196.44,124.91948678800819,0.0,0.0,1.051269240124733,-0.1257705481730369
2021-12-06 00:00:00+00:00,124.91948678800819,0.0,4347.59,124.91948678800819,0.0,0.0,1.051269240124733,-0.1257705481730369
2021-12-07 00:00:00+00:00,124.91948678800819,0.0,4306.4,124.91948678800819,0.0,0.0,1.051269240124733,-0.1257705481730369
2021-12-08 00:00:00+00:00,124.91948678800819,0.0,4436.91,124.91948678800819,0.0,0.0,1.051269240124733,-0.1257705481730369
2021-12-09 00:00:00+00:00,124.91948678800819,0.0,4105.64,124.91948678800819,0.0,0.0,1.051269240124733,-0.1257705481730369
2021-12-10 00:00:00+00:00,124.91948678800819,0.0,3897.94,124.91948678800819,0.0,0.0,1.051269240124733,-0.1257705481730369
2021-12-11 00:00:00+00:00,124.91948678800819,0.0,4089.37,124.91948678800819,0.0,0.0,1.051269240124733,-0.1257705481730369
2021-12-12 00:00:00+00:00,124.91948678800819,0.0,4130.0,124.91948678800819,0.0,0.0,1.051269240124733,-0.1257705481730369
2021-12-13 00:00:00+00:00,124.91948678800819,0.0,3781.93,124.91948678800819,0.0,0.0,1.051269240124733,-0.1257705481730369
2021-12-14 00:00:00+00:00,124.91948678800819,0.0,3858.99,124.91948678800819,0.0,0.0,1.051269240124733,-0.1257705481730369
2021-12-15 00:00:00+00:00,124.91948678800819,0.0,4019.08,124.91948678800819,0.0,0.0,1.051269240124733,-0.1257705481730369
2021-12-16 00:00:00+00:00,124.91948678800819,0.0,3958.11,124.91948678800819,0.0,0.0,1.051269240124733,-0.1257705481730369
2021-12-17 00:00:00+00:00,124.91948678800819,0.0,3875.42,124.91948678800819,0.0,0.0,1.051269240124733,-0.1257705481730369
2021-12-18 00:00:00+00:00,124.91948678800819,0.0,3959.93,124.91948678800819,0.0,0.0,1.051269240124733,-0.1257705481730369
2021-12-19 00:00:00+00:00,124.91948678800819,0.0,3924.14,124.91948678800819,0.0,0.0,1.051269240124733,-0.1257705481730369
2021-12-20 00:00:00+00:00,124.91948678800819,0.0,3944.73,124.91948678800819,0.0,0.0,1.051269240124733,-0.1257705481730369
2021-12-21 00:00:00+00:00,124.91948678800819,0.0,4014.15,124.91948678800819,0.0,0.0,1.051269240124733,-0.1257705481730369
2021-12-22 00:00:00+00:00,124.91948678800819,0.0,3979.51,124.91948678800819,0.0,0.0,1.051269240124733,-0.1257705481730369
2021-12-23 00:00:00+00:00,124.91948678800819,0.0,4111.41,124.91948678800819,0.0,0.0,1.051269240124733,-0.1257705481730369
2021-12-24 00:00:00+00:00,124.91948678800819,0.0,4046.36,124.91948678800819,0.0,0.0,1.051269240124733,-0.1257705481730369
2021-12-25 00:00:00+00:00,124.91948678800819,0.0,4094.83,124.91948678800819,0.0,0.0,1.051269240124733,-0.1257705481730369
2021-12-26 00:00:00+00:00,124.91948678800819,0.0,4063.56,124.91948678800819,0.0,0.0,1.051269240124733,-0.1257705481730369
2021-12-27 00:00:00+00:00,164.9194867880082,0.0,4037.23,164.9194867880082,40.0,0.0,1.051269240124733,-0.1257705481730369
2021-12-28 00:00:00+00:00,164.9194867880082,0.0,3792.75,164.9194867880082,0.0,0.0,1.051269240124733,-0.1257705481730369
2021-12-29 00:00:00+00:00,164.9194867880082,0.0,3630.19,164.9194867880082,0.0,0.0,1.051269240124733,-0.1257705481730369
2021-12-30 00:00:00+00:00,164.9194867880082,0.0,3709.27,164.9194867880082,0.0,0.0,1.051269240124733,-0.1257705481730369
2021-12-31 00:00:00+00:00,164.9194867880082,0.0,3676.23,164.9194867880082,0.0,0.0,1.051269240124733,-0.1257705481730369
2022-01-01 00:00:00+00:00,164.9194867880082,0.0,3765.54,164.9194867880082,0.0,0.0,1.051269240124733,-0.1257705481730369
2022-01-02 00:00:00+00:00,164.9194867880082,0.0,3828.27,164.9194867880082,0.0,0.0,1.051269240124733,-0.1257705481730369
2022-01-03 00:00:00+00:00,164.9194867880082,0.0,3765.89,164.9194867880082,0.0,0.0,1.051269240124733,-0.1257705481730369
2022-01-04 00:00:00+00:00,164.9194867880082,0.0,3785.11,164.9194867880082,0.0,0.0,1.051269240124733,-0.1257705481730369
2022-01-05 00:00:00+00:00,164.9194867880082,0.0,3540.63,164.9194867880082,0.0,0.0,1.051269240124733,-0.1257705481730369
2022-01-06 00:00:00+00:00,164.9194867880082,0.0,3406.81,164.9194867880082,0.0,0.0,1.051269240124733,-0.1257705481730369
2022-01-07 00:00:00+00:00,164.9194867880082,0.0,3199.24,164.9194867880082,0.0,0.0,1.051269240124733,-0.1257705481730369
2022-01-08 00:00:00+00:00,164.9194867880082,0.0,3080.95,164.9194867880082,0.0,0.0,1.051269240124733,-0.1257705481730369
2022-01-09 00:00:00+00:00,164.9194867880082,0.0,3151.97,164.9194867880082,0.0,0.0,1.051269240124733,-0.1257705481730369
2022-01-10 00:00:00+00:00,164.9194867880082,0.0,3082.68,164.9194867880082,0.0,0.0,1.051269240124733,-0.1257705481730369
2022-01-11 00:00:00+00:00,164.9194867880082,0.0,3239.72,164.9194867880082,0.0,0.0,1.051269240124733,-0.1257705481730369
2022-01-12 00:00:00+00:00,164.9194867880082,0.0,3371.26,164.9194867880082,0.0,0.0,1.051269240124733,-0.1257705481730369
2022-01-13 00:00:00+00:00,164.9194867880082,0.0,3240.61,164.9194867880082,0.0,0.0,1.051269240124733,-0.1257705481730369
2022-01-14 00:00:00+00:00,164.9194867880082,0.0,3307.42,164.9194867880082,0.0,0.0,1.051269240124733,-0.1257705481730369
2022-01-15 00:00:00+00:00,164.9194867880082,0.0,3326.04,164.9194867880082,0.0,0.0,1.051269240124733,-0.1257705481730369
2022-01-16 00:00:00+00:00,164.9194867880082,0.0,3346.88,164.9194867880082,0.0,0.0,1.051269240124733,-0.1257705481730369
2022-01-17 00:00:00+00:00,164.9194867880082,0.0,3209.67,164.9194867880082,0.0,0.0,1.051269240124733,-0.1257705481730369
2022-01-18 00:00:00+00:00,164.9194867880082,0.0,3159.85,164.9194867880082,0.0,0.0,1.051269240124733,-0.1257705481730369
2022-01-19 00:00:00+00:00,164.9194867880082,0.0,3084.02,164.9194867880082,0.0,0.0,1.051269240124733,-0.1257705481730369
2022-01-20 00:00:00+00:00,164.9194867880082,0.0,3001.48,164.9194867880082,0.0,0.0,1.051269240124733,-0.1257705481730369
2022-01-21 00:00:00+00:00,164.9194867880082,0.0,2568.15,164.9194867880082,0.0,0.0,1.051269240124733,-0.1257705481730369
2022-01-22 00:00:00+00:00,164.9194867880082,0.0,2412.18,164.9194867880082,0.0,0.0,1.051269240124733,-0.1257705481730369
2022-01-23 00:00:00+00:00,164.9194867880082,0.0,2539.01,164.9194867880082,0.0,0.0,1.051269240124733,-0.1257705481730369
2022-01-24 00:00:00+00:00,164.9194867880082,0.0,2439.29,164.9194867880082,0.0,0.0,1.051269240124733,-0.1257705481730369
2022-01-25 00:00:00+00:00,164.9194867880082,0.0,2458.83,164.9194867880082,0.0,0.0,1.051269240124733,-0.1257705481730369
2022-01-26 00:00:00+00:00,164.9194867880082,0.0,2462.99,164.9194867880082,0.0,0.0,1.051269240124733,-0.1257705481730369
2022-01-27 00:00:00+00:00,204.9194867880082,0.0,2424.25,204.9194867880082,40.0,0.0,1.051269240124733,-0.1257705481730369
2022-01-28 00:00:00+00:00,204.9194867880082,0.0,2544.99,204.9194867880082,0.0,0.0,1.051269240124733,-0.1257705481730369
2022-01-29 00:00:00+00:00,204.9194867880082,0.0,2601.43,204.9194867880082,0.0,0.0,1.051269240124733,-0.1257705481730369
2022-01-30 00:00:00+00:00,204.9194867880082,0.0,2601.68,204.9194867880082,0.0,0.0,1.051269240124733,-0.1257705481730369
2022-01-31 00:00:00+00:00,204.9194867880082,0.0,2686.94,204.9194867880082,0.0,0.0,1.051269240124733,-0.1257705481730369
2022-02-01 00:00:00+00:00,204.9194867880082,0.0,2787.23,204.9194867880082,0.0,0.0,1.051269240124733,-0.1257705481730369
2022-02-02 00:00:00+00:00,204.9194867880082,0.0,2680.67,204.9194867880082,0.0,0.0,1.051269240124733,-0.1257705481730369
2022-02-03 00:00:00+00:00,204.9194867880082,0.0,2695.46,204.9194867880082,0.0,0.0,1.051269240124733,-0.1257705481730369
2022-02-04 00:00:00+00:00,204.9194867880082,0.0,2994.99,204.9194867880082,0.0,0.0,1.051269240124733,-0.1257705481730369
2022-02-05 00:00:00+00:00,204.9194867880082,0.0,3012.65,204.9194867880082,0.0,0.0,1.051269240124733,-0.1257705481730369
2022-02-06 00:00:00+00:00,204.9194867880082,0.0,3054.99,204.9194867880082,0.0,0.0,1.051269240124733,-0.1257705481730369
2022-02-07 00:00:00+00:00,204.9194867880082,0.0,3139.77,204.9194867880082,0.0,0.0,1.051269240124733,-0.1257705481730369
2022-02-08 00:00:00+00:00,204.9194867880082,0.0,3116.69,204.9194867880082,0.0,0.0,1.051269240124733,-0.1257705481730369
2022-02-09 00:00:00+00:00,204.9194867880082,0.0,3243.94,204.9194867880082,0.0,0.0,1.051269240124733,-0.1257705481730369
2022-02-10 00:00:00+00:00,204.9194867880082,0.0,3072.49,204.9194867880082,0.0,0.0,1.051269240124733,-0.1257705481730369
2022-02-11 00:00:00+00:00,204.9194867880082,0.0,2927.54,204.9194867880082,0.0,0.0,1.051269240124733,-0.1257705481730369
2022-02-12 00:00:00+00:00,204.9194867880082,0.0,2918.88,204.9194867880082,0.0,0.0,1.051269240124733,-0.1257705481730369
2022-02-13 00:00:00+00:00,204.9194867880082,0.0,2871.13,204.9194867880082,0.0,0.0,1.051269240124733,-0.1257705481730369
2022-02-14 00:00:00+00:00,204.9194867880082,0.0,2929.75,204.9194867880082,0.0,0.0,1.051269240124733,-0.1257705481730369
2022-02-15 00:00:00+00:00,204.9194867880082,0.0,3183.52,204.9194867880082,0.0,0.0,1.051269240124733,-0.1257705481730369
2022-02-16 00:00:00+00:00,204.9194867880082,0.0,3122.3,204.9194867880082,0.0,0.0,1.051269240124733,-0.1257705481730369
2022-02-17 00:00:00+00:00,204.9194867880082,0.0,2891.87,204.9194867880082,0.0,0.0,1.051269240124733,-0.1257705481730369
2022-02-18 00:00:00+00:00,204.9194867880082,0.0,2779.48,204.9194867880082,0.0,0.0,1.051269240124733,-0.1257705481730369
2022-02-19 00:00:00+00:00,204.9194867880082,0.0,2763.63,204.9194867880082,0.0,0.0,1.051269240124733,-0.1257705481730369
2022-02-20 00:00:00+00:00,204.9194867880082,0.0,2621.99,204.9194867880082,0.0,0.0,1.051269240124733,-0.1257705481730369
2022-02-21 00:00:00+00:00,204.9194867880082,0.0,2568.02,204.9194867880082,0.0,0.0,1.051269240124733,-0.1257705481730369
2022-02-22 00:00:00+00:00,204.9194867880082,0.0,2636.29,204.9194867880082,0.0,0.0,1.051269240124733,-0.1257705481730369
2022-02-23 00:00:00+00:00,204.9194867880082,0.0,2579.71,204.9194867880082,0.0,0.0,1.051269240124733,-0.1257705481730369
2022-02-24 00:00:00+00:00,204.9194867880082,0.0,2596.2,204.9194867880082,0.0,0.0,1.051269240124733,-0.1257705481730369
2022-02-25 00:00:00+00:00,204.9194867880082,0.0,2768.49,204.9194867880082,0.0,0.0,1.051269240124733,-0.1257705481730369
2022-02-26 00:00:00+00:00,204.9194867880082,0.0,2779.47,204.9194867880082,0.0,0.0,1.051269240124733,-0.1257705481730369
2022-02-27 00:00:00+00:00,244.9194867880082,0.0,2616.79,244.9194867880082,40.0,0.0,1.051269240124733,-0.1257705481730369
2022-02-28 00:00:00+00:00,244.9194867880082,0.0,2920.95,244.9194867880082,0.0,0.0,1.051269240124733,-0.1257705481730369
2022-03-01 00:00:00+00:00,244.9194867880082,0.0,2976.33,244.9194867880082,0.0,0.0,1.051269240124733,-0.1257705481730369
2022-03-02 00:00:00+00:00,244.9194867880082,0.0,2947.3,244.9194867880082,0.0,0.0,1.051269240124733,-0.1257705481730369
2022-03-03 00:00:00+00:00,244.9194867880082,0.0,2833.99,244.9194867880082,0.0,0.0,1.051269240124733,-0.1257705481730369
2022-03-04 00:00:00+00:00,244.9194867880082,0.0,2622.1,244.9194867880082,0.0,0.0,1.051269240124733,-0.1257705481730369
2022-03-05 00:00:00+00:00,244.9194867880082,0.0,2665.15,244.9194867880082,0.0,0.0,1.051269240124733,-0.1257705481730369
2022-03-06 00:00:00+00:00,244.9194867880082,0.0,2551.29,244.9194867880082,0.0,0.0,1.051269240124733,-0.1257705481730369
2022-03-07 00:00:00+00:00,244.9194867880082,0.0,2491.12,244.9194867880082,0.0,0.0,1.051269240124733,-0.1257705481730369
2022-03-08 00:00:00+00:00,244.9194867880082,0.0,2575.97,244.9194867880082,0.0,0.0,1.051269240124733,-0.1257705481730369
2022-03-09 00:00:00+00:00,244.9194867880082,0.0,2726.98,244.9194867880082,0.0,0.0,1.051269240124733,-0.1257705481730369
2022-03-10 00:00:00+00:00,244.9194867880082,0.0,2606.7,244.9194867880082,0.0,0.0,1.051269240124733,-0.1257705481730369
2022-03-11 00:00:00+00:00,244.9194867880082,0.0,2556.86,244.9194867880082,0.0,0.0,1.051269240124733,-0.1257705481730369
2022-03-12 00:00:00+00:00,244.9194867880082,0.0,2568.8,244.9194867880082,0.0,0.0,1.051269240124733,-0.1257705481730369
2022-03-13 00:00:00+00:00,244.9194867880082,0.0,2515.65,244.9194867880082,0.0,0.0,1.051269240124733,-0.1257705481730369
2022-03-14 00:00:00+00:00,244.9194867880082,0.0,2589.41,244.9194867880082,0.0,0.0,1.051269240124733,-0.1257705481730369
2022-03-15 00:00:00+00:00,244.9194867880082,0.0,2617.73,244.9194867880082,0.0,0.0,1.051269240124733,-0.1257705481730369
2022-03-16 00:00:00+00:00,244.9194867880082,0.0,2773.81,244.9194867880082,0.0,0.0,1.051269240124733,-0.1257705481730369
2022-03-17 00:00:00+00:00,244.9194867880082,0.0,2811.92,244.9194867880082,0.0,0.0,1.051269240124733,-0.1257705481730369
2022-03-18 00:00:00+00:00,244.9194867880082,0.0,2938.92,244.9194867880082,0.0,0.0,1.051269240124733,-0.1257705481730369
2022-03-19 00:00:00+00:00,244.9194867880082,0.0,2950.84,244.9194867880082,0.0,0.0,1.051269240124733,-0.1257705481730369
2022-03-20 00:00:00+00:00,244.9194867880082,0.0,2861.38,244.9194867880082,0.0,0.0,1.051269240124733,-0.1257705481730369
2022-03-21 00:00:00+00:00,244.9194867880082,0.0,2890.03,244.9194867880082,0.0,0.0,1.051269240124733,-0.1257705481730369
2022-03-22 00:00:00+00:00,244.9194867880082,0.0,2969.64,244.9194867880082,0.0,0.0,1.051269240124733,-0.1257705481730369
2022-03-23 00:00:00+00:00,244.9194867880082,0.0,3036.0,244.9194867880082,0.0,0.0,1.051269240124733,-0.1257705481730369
2022-03-24 00:00:00+00:00,244.9194867880082,0.0,3110.76,244.9194867880082,0.0,0.0,1.051269240124733,-0.1257705481730369
2022-03-25 00:00:00+00:00,0.0,0.07861529718176584,3102.14,243.87565799944306,0.0,-0.00426192624463817,1.0467888081600645,-0.12949644961761397
2022-03-26 00:00:00+00:00,0.0,0.07861529718176584,3145.0,247.24510963665355,0.0,0.01381626876930131,1.0612515236783004,-0.11746933860090003
2022-03-27 00:00:00+00:00,0.0,0.09131480208797518,3295.65,300.9416275012354,40.0,0.05539651677928026,1.1200411615167822,-0.06858021400847536
2022-03-28 00:00:00+00:00,0.0,0.09131480208797518,3332.92,304.34493017505423,0.0,0.011308846509793247,1.1327075350970262,-0.05804693061251265
2022-03-29 00:00:00+00:00,0.0,0.09131480208797518,3400.51,310.51689764818053,0.0,0.020279514659818032,1.1556782941603125,-0.03894457953300867
2022-03-30 00:00:00+00:00,0.0,0.09131480208797518,3385.79,309.1727437614455,0.0,-0.00432876245033853,1.1506756373558802,-0.04310476014982034
2022-03-31 00:00:00+00:00,0.0,0.09131480208797518,3281.51,299.65043619971146,0.0,-0.030799311239031235,1.1152356202657858,-0.0725764744651135
2022-04-01 00:00:00+00:00,0.0,0.09131480208797518,3455.21,315.51181732239274,0.0,0.05293294855112429,1.1742683299756957,-0.02348521270287307
2022-04-02 00:00:00+00:00,0.0,0.09131480208797518,3443.77,314.4671759865063,0.0,-0.003310942026678698,1.1703803956113814,-0.02671839655180841
2022-04-03 00:00:00+00:00,0.0,0.09131480208797518,3521.91,321.60251462166065,0.0,0.022690249348824132,1.196936618620779,-0.004634394282945542
2022-04-04 00:00:00+00:00,0.0,0.09131480208797518,3519.5,321.3824459486287,0.0,-0.0006842877870244513,1.1961175695108146,-0.005315510810561919
2022-04-05 00:00:00+00:00,0.0,0.09131480208797518,3406.99,311.1086175657106,0.0,-0.031967609035374434,1.1578805506883505,-0.03711319567452098
2022-04-06 00:00:00+00:00,0.0,0.09131480208797518,3168.51,289.33186356377024,0.0,-0.06999727031778791,1.076832072786109,-0.10451264360232249
2022-04-07 00:00:00+00:00,0.0,0.09131480208797518,3227.19,294.69021615029266,0.0,0.018519745874243876,1.096774729123343,-0.08792844532823907
2022-04-08 00:00:00+00:00,0.0,0.09131480208797518,3192.39,291.51246103763106,0.0,-0.01078337501045823,1.0849477959172122,-0.09776365493863626
2022-04-09 00:00:00+00:00,0.0,0.09131480208797518,3258.57,297.55567463981333,0.0,0.02073054983883571,1.107439360273009,-0.07905979942093266
2022-04-10 00:00:00+00:00,0.0,0.09131480208797518,3203.04,292.48496367986803,0.0,-0.017041217466557512,1.0885672453035713,-0.09475374165269568
2022-04-11 00:00:00+00:00,0.0,0.09131480208797518,2979.74,272.0943683736231,0.0,-0.06971502073030633,1.0126777572309003,-0.15786300331941028
2022-04-12 00:00:00+00:00,271.68727464700237,0.0,3027.66,271.68727464700237,0.0,-0.0014961490348148754,1.0111626403818408,-0.15912296577417584
2022-04-13 00:00:00+00:00,271.68727464700237,0.0,3118.28,271.68727464700237,0.0,0.0,1.0111626403818408,-0.15912296577417584
2022-04-14 00:00:00+00:00,271.68727464700237,0.0,3021.98,271.68727464700237,0.0,0.0,1.0111626403818408,-0.15912296577417584
2022-04-15 00:00:00+00:00,271.68727464700237,0.0,3040.56,271.68727464700237,0.0,0.0,1.0111626403818408,-0.15912296577417584
2022-04-16 00:00:00+00:00,271.68727464700237,0.0,3059.3,271.68727464700237,0.0,0.0,1.0111626403818408,-0.15912296577417584
2022-04-17 00:00:00+00:00,271.68727464700237,0.0,2988.06,271.68727464700237,0.0,0.0,1.0111626403818408,-0.15912296577417584
2022-04-18 00:00:00+00:00,271.68727464700237,0.0,3055.56,271.68727464700237,0.0,0.0,1.0111626403818408,-0.15912296577417584
2022-04-19 00:00:00+00:00,271.68727464700237,0.0,3101.77,271.68727464700237,0.0,0.0,1.0111626403818408,-0.15912296577417584
2022-04-20 00:00:00+00:00,271.68727464700237,0.0,3076.04,271.68727464700237,0.0,0.0,1.0111626403818408,-0.15912296577417584
2022-04-21 00:00:00+00:00,271.68727464700237,0.0,2983.58,271.68727464700237,0.0,0.0,1.0111626403818408,-0.15912296577417584
2022-04-22 00:00:00+00:00,271.68727464700237,0.0,2962.39,271.68727464700237,0.0,0.0,1.0111626403818408,-0.15912296577417584
2022-04-23 00:00:00+00:00,271.68727464700237,0.0,2933.03,271.68727464700237,0.0,0.0,1.0111626403818408,-0.15912296577417584
2022-04-24 00:00:00+00:00,271.68727464700237,0.0,2921.0,271.68727464700237,0.0,0.0,1.0111626403818408,-0.15912296577417584
2022-04-25 00:00:00+00:00,271.68727464700237,0.0,3006.62,271.68727464700237,0.0,0.0,1.0111626403818408,-0.15912296577417584
2022-04-26 00:00:00+00:00,271.68727464700237,0.0,2809.67,271.68727464700237,0.0,0.0,1.0111626403818408,-0.15912296577417584
2022-04-27 00:00:00+00:00,311.68727464700237,0.0,2888.96,311.68727464700237,40.0,0.0,1.0111626403818408,-0.15912296577417584
2022-04-28 00:00:00+00:00,311.68727464700237,0.0,2936.93,311.68727464700237,0.0,0.0,1.0111626403818408,-0.15912296577417584
2022-04-29 00:00:00+00:00,311.68727464700237,0.0,2817.13,311.68727464700237,0.0,0.0,1.0111626403818408,-0.15912296577417584
2022-04-30 00:00:00+00:00,311.68727464700237,0.0,2726.66,311.68727464700237,0.0,0.0,1.0111626403818408,-0.15912296577417584
2022-05-01 00:00:00+00:00,311.68727464700237,0.0,2824.81,311.68727464700237,0.0,0.0,1.0111626403818408,-0.15912296577417584
2022-05-02 00:00:00+00:00,311.68727464700237,0.0,2856.54,311.68727464700237,0.0,0.0,1.0111626403818408,-0.15912296577417584
2022-05-03 00:00:00+00:00,311.68727464700237,0.0,2781.7,311.68727464700237,0.0,0.0,1.0111626403818408,-0.15912296577417584
2022-05-04 00:00:00+00:00,311.68727464700237,0.0,2940.64,311.68727464700237,0.0,0.0,1.0111626403818408,-0.15912296577417584
2022-05-05 00:00:00+00:00,311.68727464700237,0.0,2747.97,311.68727464700237,0.0,0.0,1.0111626403818408,-0.15912296577417584
2022-05-06 00:00:00+00:00,311.68727464700237,0.0,2692.85,311.68727464700237,0.0,0.0,1.0111626403818408,-0.15912296577417584
2022-05-07 00:00:00+00:00,311.68727464700237,0.0,2635.34,311.68727464700237,0.0,0.0,1.0111626403818408,-0.15912296577417584
2022-05-08 00:00:00+00:00,311.68727464700237,0.0,2519.71,311.68727464700237,0.0,0.0,1.0111626403818408,-0.15912296577417584
2022-05-09 00:00:00+00:00,311.68727464700237,0.0,2228.55,311.68727464700237,0.0,0.0,1.0111626403818408,-0.15912296577417584
2022-05-10 00:00:00+00:00,311.68727464700237,0.0,2342.05,311.68727464700237,0.0,0.0,1.0111626403818408,-0.15912296577417584
2022-05-11 00:00:00+00:00,311.68727464700237,0.0,2084.99,311.68727464700237,0.0,0.0,1.0111626403818408,-0.15912296577417584
2022-05-12 00:00:00+00:00,311.68727464700237,0.0,1960.22,311.68727464700237,0.0,0.0,1.0111626403818408,-0.15912296577417584
2022-05-13 00:00:00+00:00,311.68727464700237,0.0,2009.69,311.68727464700237,0.0,0.0,1.0111626403818408,-0.15912296577417584
2022-05-14 00:00:00+00:00,311.68727464700237,0.0,2056.48,311.68727464700237,0.0,0.0,1.0111626403818408,-0.15912296577417584
2022-05-15 00:00:00+00:00,311.68727464700237,0.0,2145.29,311.68727464700237,0.0,0.0,1.0111626403818408,-0.15912296577417584
2022-05-16 00:00:00+00:00,311.68727464700237,0.0,2023.66,311.68727464700237,0.0,0.0,1.0111626403818408,-0.15912296577417584
2022-05-17 00:00:00+00:00,311.68727464700237,0.0,2090.72,311.68727464700237,0.0,0.0,1.0111626403818408,-0.15912296577417584
2022-05-18 00:00:00+00:00,311.68727464700237,0.0,1915.11,311.68727464700237,0.0,0.0,1.0111626403818408,-0.15912296577417584
2022-05-19 00:00:00+00:00,311.68727464700237,0.0,2019.55,311.68727464700237,0.0,0.0,1.0111626403818408,-0.15912296577417584
2022-05-20 00:00:00+00:00,311.68727464700237,0.0,1959.08,311.68727464700237,0.0,0.0,1.0111626403818408,-0.15912296577417584
2022-05-21 00:00:00+00:00,311.68727464700237,0.0,1975.07,311.68727464700237,0.0,0.0,1.0111626403818408,-0.15912296577417584
2022-05-22 00:00:00+00:00,311.68727464700237,0.0,2043.19,311.68727464700237,0.0,0.0,1.0111626403818408,-0.15912296577417584
2022-05-23 00:00:00+00:00,311.68727464700237,0.0,1973.32,311.68727464700237,0.0,0.0,1.0111626403818408,-0.15912296577417584
2022-05-24 00:00:00+00:00,311.68727464700237,0.0,1979.41,311.68727464700237,0.0,0.0,1.0111626403818408,-0.15912296577417584
2022-05-25 00:00:00+00:00,311.68727464700237,0.0,1942.63,311.68727464700237,0.0,0.0,1.0111626403818408,-0.15912296577417584
2022-05-26 00:00:00+00:00,311.68727464700237,0.0,1792.23,311.68727464700237,0.0,0.0,1.0111626403818408,-0.15912296577417584
2022-05-27 00:00:00+00:00,351.68727464700237,0.0,1727.27,351.68727464700237,40.0,0.0,1.0111626403818408,-0.15912296577417584
2022-05-28 00:00:00+00:00,351.68727464700237,0.0,1792.22,351.68727464700237,0.0,0.0,1.0111626403818408,-0.15912296577417584
2022-05-29 00:00:00+00:00,351.68727464700237,0.0,1813.64,351.68727464700237,0.0,0.0,1.0111626403818408,-0.15912296577417584
2022-05-30 00:00:00+00:00,351.68727464700237,0.0,1998.78,351.68727464700237,0.0,0.0,1.0111626403818408,-0.15912296577417584
2022-05-31 00:00:00+00:00,351.68727464700237,0.0,1941.9,351.68727464700237,0.0,0.0,1.0111626403818408,-0.15912296577417584
2022-06-01 00:00:00+00:00,351.68727464700237,0.0,1817.95,351.68727464700237,0.0,0.0,1.0111626403818408,-0.15912296577417584
2022-06-02 00:00:00+00:00,351.68727464700237,0.0,1834.08,351.68727464700237,0.0,0.0,1.0111626403818408,-0.15912296577417584
2022-06-03 00:00:00+00:00,351.68727464700237,0.0,1775.12,351.68727464700237,0.0,0.0,1.0111626403818408,-0.15912296577417584
2022-06-04 00:00:00+00:00,351.68727464700237,0.0,1804.58,351.68727464700237,0.0,0.0,1.0111626403818408,-0.15912296577417584
2022-06-05 00:00:00+00:00,351.68727464700237,0.0,1806.23,351.68727464700237,0.0,0.0,1.0111626403818408,-0.15912296577417584
2022-06-06 00:00:00+00:00,351.68727464700237,0.0,1859.84,351.68727464700237,0.0,0.0,1.0111626403818408,-0.15912296577417584
2022-06-07 00:00:00+00:00,351.68727464700237,0.0,1813.33,351.68727464700237,0.0,0.0,1.0111626403818408,-0.15912296577417584
2022-06-08 00:00:00+00:00,351.68727464700237,0.0,1791.88,351.68727464700237,0.0,0.0,1.0111626403818408,-0.15912296577417584
2022-06-09 00:00:00+00:00,351.68727464700237,0.0,1788.81,351.68727464700237,0.0,0.0,1.0111626403818408,-0.15912296577417584
2022-06-10 00:00:00+00:00,351.68727464700237,0.0,1662.91,351.68727464700237,0.0,0.0,1.0111626403818408,-0.15912296577417584
2022-06-11 00:00:00+00:00,351.68727464700237,0.0,1532.89,351.68727464700237,0.0,0.0,1.0111626403818408,-0.15912296577417584
2022-06-12 00:00:00+00:00,351.68727464700237,0.0,1434.84,351.68727464700237,0.0,0.0,1.0111626403818408,-0.15912296577417584
2022-06-13 00:00:00+00:00,351.68727464700237,0.0,1209.82,351.68727464700237,0.0,0.0,1.0111626403818408,-0.15912296577417584
2022-06-14 00:00:00+00:00,351.68727464700237,0.0,1208.9,351.68727464700237,0.0,0.0,1.0111626403818408,-0.15912296577417584
2022-06-15 00:00:00+00:00,351.68727464700237,0.0,1237.52,351.68727464700237,0.0,0.0,1.0111626403818408,-0.15912296577417584
2022-06-16 00:00:00+00:00,351.68727464700237,0.0,1068.5,351.68727464700237,0.0,0.0,1.0111626403818408,-0.15912296577417584
2022-06-17 00:00:00+00:00,351.68727464700237,0.0,1086.94,351.68727464700237,0.0,0.0,1.0111626403818408,-0.15912296577417584
2022-06-18 00:00:00+00:00,351.68727464700237,0.0,995.13,351.68727464700237,0.0,0.0,1.0111626403818408,-0.15912296577417584
2022-06-19 00:00:00+00:00,351.68727464700237,0.0,1128.53,351.68727464700237,0.0,0.0,1.0111626403818408,-0.15912296577417584
2022-06-20 00:00:00+00:00,351.68727464700237,0.0,1128.24,351.68727464700237,0.0,0.0,1.0111626403818408,-0.15912296577417584
2022-06-21 00:00:00+00:00,351.68727464700237,0.0,1125.85,351.68727464700237,0.0,0.0,1.0111626403818408,-0.15912296577417584
2022-06-22 00:00:00+00:00,351.68727464700237,0.0,1050.19,351.68727464700237,0.0,0.0,1.0111626403818408,-0.15912296577417584
2022-06-23 00:00:00+00:00,351.68727464700237,0.0,1144.72,351.68727464700237,0.0,0.0,1.0111626403818408,-0.15912296577417584
2022-06-24 00:00:00+00:00,351.68727464700237,0.0,1225.02,351.68727464700237,0.0,0.0,1.0111626403818408,-0.15912296577417584
2022-06-25 00:00:00+00:00,351.68727464700237,0.0,1242.36,351.68727464700237,0.0,0.0,1.0111626403818408,-0.15912296577417584
2022-06-26 00:00:00+00:00,351.68727464700237,0.0,1197.79,351.68727464700237,0.0,0.0,1.0111626403818408,-0.15912296577417584
2022-06-27 00:00:00+00:00,391.68727464700237,0.0,1192.51,391.68727464700237,40.0,0.0,1.0111626403818408,-0.15912296577417584
2022-06-28 00:00:00+00:00,391.68727464700237,0.0,1144.05,391.68727464700237,0.0,0.0,1.0111626403818408,-0.15912296577417584
2022-06-29 00:00:00+00:00,391.68727464700237,0.0,1100.21,391.68727464700237,0.0,0.0,1.0111626403818408,-0.15912296577417584
2022-06-30 00:00:00+00:00,391.68727464700237,0.0,1071.01,391.68727464700237,0.0,0.0,1.0111626403818408,-0.15912296577417584
2022-07-01 00:00:00+00:00,391.68727464700237,0.0,1059.73,391.68727464700237,0.0,0.0,1.0111626403818408,-0.15912296577417584
2022-07-02 00:00:00+00:00,391.68727464700237,0.0,1067.01,391.68727464700237,0.0,0.0,1.0111626403818408,-0.15912296577417584
2022-07-03 00:00:00+00:00,391.68727464700237,0.0,1074.26,391.68727464700237,0.0,0.0,1.0111626403818408,-0.15912296577417584
2022-07-04 00:00:00+00:00,391.68727464700237,0.0,1151.0,391.68727464700237,0.0,0.0,1.0111626403818408,-0.15912296577417584
2022-07-05 00:00:00+00:00,391.68727464700237,0.0,1132.5,391.68727464700237,0.0,0.0,1.0111626403818408,-0.15912296577417584
2022-07-06 00:00:00+00:00,391.68727464700237,0.0,1186.57,391.68727464700237,0.0,0.0,1.0111626403818408,-0.15912296577417584
2022-07-07 00:00:00+00:00,391.68727464700237,0.0,1237.49,391.68727464700237,0.0,0.0,1.0111626403818408,-0.15912296577417584
2022-07-08 00:00:00+00:00,391.68727464700237,0.0,1214.04,391.68727464700237,0.0,0.0,1.0111626403818408,-0.15912296577417584
2022-07-09 00:00:00+00:00,391.68727464700237,0.0,1217.02,391.68727464700237,0.0,0.0,1.0111626403818408,-0.15912296577417584
2022-07-10 00:00:00+00:00,391.68727464700237,0.0,1168.36,391.68727464700237,0.0,0.0,1.0111626403818408,-0.15912296577417584
2022-07-11 00:00:00+00:00,391.68727464700237,0.0,1096.4,391.68727464700237,0.0,0.0,1.0111626403818408,-0.15912296577417584
2022-07-12 00:00:00+00:00,391.68727464700237,0.0,1038.58,391.68727464700237,0.0,0.0,1.0111626403818408,-0.15912296577417584
2022-07-13 00:00:00+00:00,391.68727464700237,0.0,1115.0,391.68727464700237,0.0,0.0,1.0111626403818408,-0.15912296577417584
2022-07-14 00:00:00+00:00,391.68727464700237,0.0,1193.42,391.68727464700237,0.0,0.0,1.0111626403818408,-0.15912296577417584
2022-07-15 00:00:00+00:00,391.68727464700237,0.0,1231.25,391.68727464700237,0.0,0.0,1.0111626403818408,-0.15912296577417584
2022-07-16 00:00:00+00:00,391.68727464700237,0.0,1355.85,391.68727464700237,0.0,0.0,1.0111626403818408,-0.15912296577417584
2022-07-17 00:00:00+00:00,0.0,0.28845618100521236,1338.65,386.14186670262757,0.0,-0.01415774344308851,0.9968468591400788,-0.17102788709193018
2022-07-18 00:00:00+00:00,0.0,0.28845618100521236,1581.04,456.06076041648095,0.0,0.18107048145519733,1.177346399861674,-0.020925507494733875
2022-07-19 00:00:00+00:00,0.0,0.28845618100521236,1542.32,444.89173708795914,0.0,-0.024490208976369887,1.148512940491485,-0.04490324641962107
2022-07-20 00:00:00+00:00,0.0,0.28845618100521236,1521.58,438.909155893911,0.0,-0.013447274236215612,1.1330685720168534,-0.057746694387135755
2022-07-21 00:00:00+00:00,0.0,0.28845618100521236,1575.45,454.44829036466183,0.0,0.035403987959883754,1.1731837180982607,-0.024387169700057276
2022-07-22 00:00:00+00:00,0.0,0.28845618100521236,1535.27,442.85812101187236,0.0,-0.0255038243041672,1.143263046675373,-0.04926902791291832
2022-07-23 00:00:00+00:00,0.0,0.28845618100521236,1548.67,446.72343383734227,0.0,0.008728106456844964,1.1532415682549326,-0.04097094677672264
2022-07-24 00:00:00+00:00,0.0,0.28845618100521236,1597.7,460.8664403920278,0.0,0.03165942389275944,1.1897525319150661,-0.010608639455255142
2022-07-25 00:00:00+00:00,0.0,0.28845618100521236,1440.79,415.6047810304999,0.0,-0.0982099267697315,1.072907022881585,-0.10777669252095956
2022-07-26 00:00:00+00:00,0.0,0.28845618100521236,1449.12,418.0076210182733,0.0,0.0057815503994336215,1.079110088908281,-0.1026182585012202
2022-07-27 00:00:00+00:00,0.0,0.3160177838573415,1635.74,516.9229297668078,40.0,0.1409431450197387,1.231203258661544,0.0
2022-07-28 00:00:00+00:00,0.0,0.3160177838573415,1724.52,544.9789886176626,0.0,0.05427512929927736,1.298026974719091,0.0
2022-07-29 00:00:00+00:00,0.0,0.3160177838573415,1721.68,544.0814981115078,0.0,-0.0016468350613503269,1.295889338386545,-0.0016468350613503269
2022-07-30 00:00:00+00:00,0.0,0.3160177838573415,1697.0,536.2821792059086,0.0,-0.014334835741833585,1.2773129775811805,-0.01595806369308561
2022-07-31 00:00:00+00:00,0.0,0.3160177838573415,1678.12,530.3157634466819,0.0,-0.01112551561579278,1.2631022121028463,-0.026906037622063006
2022-08-01 00:00:00+00:00,0.0,0.3160177838573415,1630.28,515.1974726669467,0.0,-0.028508092389102013,1.2270935775433394,-0.05464709020481062
2022-08-02 00:00:00+00:00,0.0,0.3160177838573415,1630.91,515.3965638707768,0.0,0.00038643668572269085,1.2275677715185167,-0.05428177115951105
2022-08-03 00:00:00+00:00,0.0,0.3160177838573415,1618.16,511.36733712659577,0.0,-0.007817721394804078,1.2179709886875445,-0.06167513279057357
2022-08-04 00:00:00+00:00,0.0,0.3160177838573415,1607.96,508.1439557312509,0.0,-0.00630345577693181,1.2102935624227666,-0.06758982209542364
2022-08-05 00:00:00+00:00,0.0,0.3160177838573415,1736.81,548.8628471812693,0.0,0.08013259036294418,1.3072775206792986,0.0
2022-08-06 00:00:00+00:00,0.0,0.3160177838573415,1690.6,534.2596653892216,0.0,-0.026606249388246184,1.272495768944457,-0.026606249388246295
2022-08-07 00:00:00+00:00,0.0,0.3160177838573415,1700.19,537.2902759364135,0.0,0.0056725422926773295,1.2797140550110473,-0.021084632170473294
2022-08-08 00:00:00+00:00,0.0,0.3160177838573415,1777.05,561.5794028036887,0.0,0.04520671219099026,1.3375657199826967,0.0
2022-08-09 00:00:00+00:00,0.0,0.3160177838573415,1702.76,538.1024416409268,0.0,-0.04180523901972366,1.2816484653542313,-0.04180523901972366
2022-08-10 00:00:00+00:00,0.0,0.3160177838573415,1853.57,585.7610836244526,0.0,0.08856797199840272,1.3951614707455207,0.0
2022-08-11 00:00:00+00:00,0.0,0.3160177838573415,1880.19,594.173477030735,0.0,0.014361475423102288,1.4151980479188917,0.0
2022-08-12 00:00:00+00:00,0.0,0.3160177838573415,1958.28,618.8513057721548,0.0,0.04153303655481633,1.4739755201754117,0.0
2022-08-13 00:00:00+00:00,0.0,0.3160177838573415,1983.55,626.8370751702298,0.0,0.012904181220254607,1.4929959674019742,0.0
2022-08-14 00:00:00+00:00,0.0,0.3160177838573415,1935.31,611.5923772769517,0.0,-0.024320032265382818,1.4566862573026718,-0.024320032265382818
2022-08-15 00:00:00+00:00,0.0,0.3160177838573415,1899.06,600.136732612123,0.0,-0.018730849321297427,1.4294012865087307,-0.0425953467268283
2022-08-16 00:00:00+00:00,0.0,0.3160177838573415,1876.67,593.0610944315572,0.0,-0.01179004349520274,1.412548583168694,-0.05388318923142854
2022-08-17 00:00:00+00:00,0.0,0.3160177838573415,1834.25,579.6556200403287,0.0,-0.022603867488690144,1.3806195221734117,-0.07526908825086354
2022-08-18 00:00:00+00:00,0.0,0.3160177838573415,1846.39,583.4920759363569,0.0,0.006618508927354494,1.3897571648061964,-0.06914874845605112
2022-08-19 00:00:00+00:00,0.0,0.3160177838573415,1609.01,508.4757744043011,0.0,-0.12856438780539325,1.2110838857147288,-0.1888230697486829
2022-08-20 00:00:00+00:00,507.7101595414299,0.0,1576.04,507.7101595414299,0.0,-0.0015057056823761794,1.2092603498261738,-0.1900444634619749
2022-08-21 00:00:00+00:00,507.7101595414299,0.0,1618.13,507.7101595414299,0.0,0.0,1.2092603498261738,-0.1900444634619749
2022-08-22 00:00:00+00:00,507.7101595414299,0.0,1624.66,507.7101595414299,0.0,0.0,1.2092603498261738,-0.1900444634619749
2022-08-23 00:00:00+00:00,507.7101595414299,0.0,1665.41,507.7101595414299,0.0,0.0,1.2092603498261738,-0.1900444634619749
2022-08-24 00:00:00+00:00,507.7101595414299,0.0,1656.56,507.7101595414299,0.0,0.0,1.2092603498261738,-0.1900444634619749
2022-08-25 00:00:00+00:00,507.7101595414299,0.0,1695.11,507.7101595414299,0.0,0.0,1.2092603498261738,-0.1900444634619749
2022-08-26 00:00:00+00:00,507.7101595414299,0.0,1508.18,507.7101595414299,0.0,0.0,1.2092603498261738,-0.1900444634619749
2022-08-27 00:00:00+00:00,547.7101595414299,0.0,1491.06,547.7101595414299,40.0,0.0,1.2092603498261738,-0.1900444634619749
2022-08-28 00:00:00+00:00,547.7101595414299,0.0,1426.76,547.7101595414299,0.0,0.0,1.2092603498261738,-0.1900444634619749
2022-08-29 00:00:00+00:00,547.7101595414299,0.0,1551.8,547.7101595414299,0.0,0.0,1.2092603498261738,-0.1900444634619749
2022-08-30 00:00:00+00:00,547.7101595414299,0.0,1524.59,547.7101595414299,0.0,0.0,1.2092603498261738,-0.1900444634619749
2022-08-31 00:00:00+00:00,547.7101595414299,0.0,1554.1,547.7101595414299,0.0,0.0,1.2092603498261738,-0.1900444634619749
2022-09-01 00:00:00+00:00,547.7101595414299,0.0,1586.16,547.7101595414299,0.0,0.0,1.2092603498261738,-0.1900444634619749
2022-09-02 00:00:00+00:00,547.7101595414299,0.0,1575.35,547.7101595414299,0.0,0.0,1.2092603498261738,-0.1900444634619749
2022-09-03 00:00:00+00:00,547.7101595414299,0.0,1557.46,547.7101595414299,0.0,0.0,1.2092603498261738,-0.1900444634619749
2022-09-04 00:00:00+00:00,547.7101595414299,0.0,1579.28,547.7101595414299,0.0,0.0,1.2092603498261738,-0.1900444634619749
2022-09-05 00:00:00+00:00,547.7101595414299,0.0,1617.8,547.7101595414299,0.0,0.0,1.2092603498261738,-0.1900444634619749
2022-09-06 00:00:00+00:00,547.7101595414299,0.0,1559.01,547.7101595414299,0.0,0.0,1.2092603498261738,-0.1900444634619749
2022-09-07 00:00:00+00:00,547.7101595414299,0.0,1630.0,547.7101595414299,0.0,0.0,1.2092603498261738,-0.1900444634619749
2022-09-08 00:00:00+00:00,547.7101595414299,0.0,1635.37,547.7101595414299,0.0,0.0,1.2092603498261738,-0.1900444634619749
2022-09-09 00:00:00+00:00,547.7101595414299,0.0,1718.23,547.7101595414299,0.0,0.0,1.2092603498261738,-0.1900444634619749
2022-09-10 00:00:00+00:00,547.7101595414299,0.0,1774.12,547.7101595414299,0.0,0.0,1.2092603498261738,-0.1900444634619749
2022-09-11 00:00:00+00:00,0.0,0.30825961703210647,1766.11,544.4203922365735,0.0,-0.006006401830505936,1.2019970462474197,-0.19490938187926532
2022-09-12 00:00:00+00:00,0.0,0.30825961703210647,1716.37,529.0875588853966,0.0,-0.028163591169293012,1.1681444928502096,-0.21758362490225103
2022-09-13 00:00:00+00:00,0.0,0.30825961703210647,1574.4,485.3239410553484,0.0,-0.08271526535653728,1.0715211111493268,-0.2823014029877614
2022-09-14 00:00:00+00:00,0.0,0.30825961703210647,1638.39,505.04947394923295,0.0,0.040644054878048896,1.115072073993868,-0.2531312218248972
2022-09-15 00:00:00+00:00,0.0,0.30825961703210647,1472.75,453.9893509840348,0.0,-0.1010992498733514,1.0023391237583656,-0.32863909505222666
2022-09-16 00:00:00+00:00,453.31167192605164,0.0,1433.9,453.31167192605164,0.0,-0.0014927201629603148,1.0008429119382076,-0.32964124901166547
2022-09-17 00:00:00+00:00,453.31167192605164,0.0,1468.83,453.31167192605164,0.0,0.0,1.0008429119382076,-0.32964124901166547
2022-09-18 00:00:00+00:00,453.31167192605164,0.0,1334.51,453.31167192605164,0.0,0.0,1.0008429119382076,-0.32964124901166547
2022-09-19 00:00:00+00:00,453.31167192605164,0.0,1375.98,453.31167192605164,0.0,0.0,1.0008429119382076,-0.32964124901166547
2022-09-20 00:00:00+00:00,453.31167192605164,0.0,1322.93,453.31167192605164,0.0,0.0,1.0008429119382076,-0.32964124901166547
2022-09-21 00:00:00+00:00,453.31167192605164,0.0,1245.78,453.31167192605164,0.0,0.0,1.0008429119382076,-0.32964124901166547
2022-09-22 00:00:00+00:00,453.31167192605164,0.0,1326.46,453.31167192605164,0.0,0.0,1.0008429119382076,-0.32964124901166547
2022-09-23 00:00:00+00:00,453.31167192605164,0.0,1327.25,453.31167192605164,0.0,0.0,1.0008429119382076,-0.32964124901166547
2022-09-24 00:00:00+00:00,453.31167192605164,0.0,1317.13,453.31167192605164,0.0,0.0,1.0008429119382076,-0.32964124901166547
2022-09-25 00:00:00+00:00,453.31167192605164,0.0,1294.63,453.31167192605164,0.0,0.0,1.0008429119382076,-0.32964124901166547
2022-09-26 00:00:00+00:00,453.31167192605164,0.0,1336.17,453.31167192605164,0.0,0.0,1.0008429119382076,-0.32964124901166547
2022-09-27 00:00:00+00:00,493.31167192605164,0.0,1328.02,493.31167192605164,40.0,0.0,1.0008429119382076,-0.32964124901166547
2022-09-28 00:00:00+00:00,493.31167192605164,0.0,1337.2,493.31167192605164,0.0,0.0,1.0008429119382076,-0.32964124901166547
2022-09-29 00:00:00+00:00,493.31167192605164,0.0,1335.7,493.31167192605164,0.0,0.0,1.0008429119382076,-0.32964124901166547
2022-09-30 00:00:00+00:00,493.31167192605164,0.0,1328.72,493.31167192605164,0.0,0.0,1.0008429119382076,-0.32964124901166547
2022-10-01 00:00:00+00:00,493.31167192605164,0.0,1311.79,493.31167192605164,0.0,0.0,1.0008429119382076,-0.32964124901166547
2022-10-02 00:00:00+00:00,493.31167192605164,0.0,1276.72,493.31167192605164,0.0,0.0,1.0008429119382076,-0.32964124901166547
2022-10-03 00:00:00+00:00,493.31167192605164,0.0,1323.09,493.31167192605164,0.0,0.0,1.0008429119382076,-0.32964124901166547
2022-10-04 00:00:00+00:00,493.31167192605164,0.0,1361.49,493.31167192605164,0.0,0.0,1.0008429119382076,-0.32964124901166547
2022-10-05 00:00:00+00:00,493.31167192605164,0.0,1352.2,493.31167192605164,0.0,0.0,1.0008429119382076,-0.32964124901166547
2022-10-06 00:00:00+00:00,493.31167192605164,0.0,1352.06,493.31167192605164,0.0,0.0,1.0008429119382076,-0.32964124901166547
2022-10-07 00:00:00+00:00,493.31167192605164,0.0,1331.1,493.31167192605164,0.0,0.0,1.0008429119382076,-0.32964124901166547
2022-10-08 00:00:00+00:00,493.31167192605164,0.0,1315.48,493.31167192605164,0.0,0.0,1.0008429119382076,-0.32964124901166547
2022-10-09 00:00:00+00:00,493.31167192605164,0.0,1323.13,493.31167192605164,0.0,0.0,1.0008429119382076,-0.32964124901166547
2022-10-10 00:00:00+00:00,493.31167192605164,0.0,1290.03,493.31167192605164,0.0,0.0,1.0008429119382076,-0.32964124901166547
2022-10-11 00:00:00+00:00,493.31167192605164,0.0,1280.11,493.31167192605164,0.0,0.0,1.0008429119382076,-0.32964124901166547
2022-10-12 00:00:00+00:00,493.31167192605164,0.0,1294.44,493.31167192605164,0.0,0.0,1.0008429119382076,-0.32964124901166547
2022-10-13 00:00:00+00:00,493.31167192605164,0.0,1287.08,493.31167192605164,0.0,0.0,1.0008429119382076,-0.32964124901166547
2022-10-14 00:00:00+00:00,493.31167192605164,0.0,1296.27,493.31167192605164,0.0,0.0,1.0008429119382076,-0.32964124901166547
2022-10-15 00:00:00+00:00,493.31167192605164,0.0,1274.92,493.31167192605164,0.0,0.0,1.0008429119382076,-0.32964124901166547
2022-10-16 00:00:00+00:00,493.31167192605164,0.0,1305.95,493.31167192605164,0.0,0.0,1.0008429119382076,-0.32964124901166547
2022-10-17 00:00:00+00:00,493.31167192605164,0.0,1331.4,493.31167192605164,0.0,0.0,1.0008429119382076,-0.32964124901166547
2022-10-18 00:00:00+00:00,493.31167192605164,0.0,1310.71,493.31167192605164,0.0,0.0,1.0008429119382076,-0.32964124901166547
2022-10-19 00:00:00+00:00,493.31167192605164,0.0,1285.09,493.31167192605164,0.0,0.0,1.0008429119382076,-0.32964124901166547
2022-10-20 00:00:00+00:00,493.31167192605164,0.0,1282.57,493.31167192605164,0.0,0.0,1.0008429119382076,-0.32964124901166547
2022-10-21 00:00:00+00:00,493.31167192605164,0.0,1299.75,493.31167192605164,0.0,0.0,1.0008429119382076,-0.32964124901166547
2022-10-22 00:00:00+00:00,493.31167192605164,0.0,1313.61,493.31167192605164,0.0,0.0,1.0008429119382076,-0.32964124901166547
2022-10-23 00:00:00+00:00,493.31167192605164,0.0,1364.2,493.31167192605164,0.0,0.0,1.0008429119382076,-0.32964124901166547
2022-10-24 00:00:00+00:00,493.31167192605164,0.0,1343.61,493.31167192605164,0.0,0.0,1.0008429119382076,-0.32964124901166547
2022-10-25 00:00:00+00:00,493.31167192605164,0.0,1459.74,493.31167192605164,0.0,0.0,1.0008429119382076,-0.32964124901166547
2022-10-26 00:00:00+00:00,-5.684341886080802e-14,0.33743856220257307,1566.1,528.4625322654497,0.0,0.07125487260854269,1.0721578461295276,-0.2818749216079699
2022-10-27 00:00:00+00:00,0.0,0.36294128546280213,1514.05,549.5112532549556,40.0,-0.03586115921833177,1.033709022902293,-0.3076277193828634
2022-10-28 00:00:00+00:00,0.0,0.36294128546280213,1554.41,564.1595635362343,0.0,0.026656979624186672,1.0612645832631373,-0.2891711656061007
2022-10-29 00:00:00+00:00,0.0,0.36294128546280213,1619.55,587.8015588712811,0.0,0.041906575485232356,1.1057385476314576,-0.25938276340049304
2022-10-30 00:00:00+00:00,0.0,0.36294128546280213,1590.44,577.236338051459,0.0,-0.017974128615973473,1.08586386076069,-0.2726947128663395
2022-10-31 00:00:00+00:00,0.0,0.36294128546280213,1572.69,570.7941302344943,0.0,-0.0111604335907044,1.0737451492541246,-0.28081175522356283
2022-11-01 00:00:00+00:00,0.0,0.36294128546280213,1578.48,572.895560277324,0.0,0.00368159014173175,1.0776982388103509,-0.2781639988715445
2022-11-02 00:00:00+00:00,0.0,0.36294128546280213,1518.34,551.068271369591,0.0,-0.03809994425016483,1.0366379959931757,-0.3056659102723006
2022-11-03 00:00:00+00:00,0.0,0.36294128546280213,1531.01,555.6667374564047,0.0,0.008344639540550869,1.0452883664037778,-0.29987194257280647
2022-11-04 00:00:00+00:00,0.0,0.36294128546280213,1644.78,596.9585675035077,0.0,0.07431042253153142,1.1229641865785367,-0.24784513079921144
2022-11-05 00:00:00+00:00,0.0,0.36294128546280213,1626.98,590.4982126222699,0.0,-0.010822116027675244,1.11081133785646,-0.25598503806448314
2022-11-06 00:00:00+00:00,0.0,0.36294128546280213,1568.29,569.1971885784579,0.0,-0.0360729695509473,1.0707410742891168,-0.2828238671318323
2022-11-07 00:00:00+00:00,0.0,0.36294128546280213,1568.1,569.12822973422,0.0,-0.00012115106262233777,1.0706113528701733,-0.2829107537824167
2022-11-08 00:00:00+00:00,0.0,0.36294128546280213,1334.77,484.44313959718437,0.0,-0.14879790829666473,0.9113066229644291,-0.38961213368162506
2022-11-09 00:00:00+00:00,483.72034107990856,0.0,1102.73,483.72034107990856,0.0,-0.0014920193066967347,0.9099469358886456,-0.3905228441627454
2022-11-10 00:00:00+00:00,483.72034107990856,0.0,1299.28,483.72034107990856,0.0,0.0,0.9099469358886456,-0.3905228441627454
2022-11-11 00:00:00+00:00,483.72034107990856,0.0,1289.28,483.72034107990856,0.0,0.0,0.9099469358886456,-0.3905228441627454
2022-11-12 00:00:00+00:00,483.72034107990856,0.0,1257.25,483.72034107990856,0.0,0.0,0.9099469358886456,-0.3905228441627454
2022-11-13 00:00:00+00:00,483.72034107990856,0.0,1221.49,483.72034107990856,0.0,0.0,0.9099469358886456,-0.3905228441627454
2022-11-14 00:00:00+00:00,483.72034107990856,0.0,1243.28,483.72034107990856,0.0,0.0,0.9099469358886456,-0.3905228441627454
2022-11-15 00:00:00+00:00,483.72034107990856,0.0,1253.23,483.72034107990856,0.0,0.0,0.9099469358886456,-0.3905228441627454
2022-11-16 00:00:00+00:00,483.72034107990856,0.0,1216.17,483.72034107990856,0.0,0.0,0.9099469358886456,-0.3905228441627454
2022-11-17 00:00:00+00:00,483.72034107990856,0.0,1200.43,483.72034107990856,0.0,0.0,0.9099469358886456,-0.3905228441627454
2022-11-18 00:00:00+00:00,483.72034107990856,0.0,1212.58,483.72034107990856,0.0,0.0,0.9099469358886456,-0.3905228441627454
2022-11-19 00:00:00+00:00,483.72034107990856,0.0,1217.67,483.72034107990856,0.0,0.0,0.9099469358886456,-0.3905228441627454
2022-11-20 00:00:00+00:00,483.72034107990856,0.0,1142.21,483.72034107990856,0.0,0.0,0.9099469358886456,-0.3905228441627454
2022-11-21 00:00:00+00:00,483.72034107990856,0.0,1107.34,483.72034107990856,0.0,0.0,0.9099469358886456,-0.3905228441627454
2022-11-22 00:00:00+00:00,483.72034107990856,0.0,1139.6,483.72034107990856,0.0,0.0,0.9099469358886456,-0.3905228441627454
2022-11-23 00:00:00+00:00,483.72034107990856,0.0,1184.52,483.72034107990856,0.0,0.0,0.9099469358886456,-0.3905228441627454
2022-11-24 00:00:00+00:00,483.72034107990856,0.0,1203.73,483.72034107990856,0.0,0.0,0.9099469358886456,-0.3905228441627454
2022-11-25 00:00:00+00:00,483.72034107990856,0.0,1199.3,483.72034107990856,0.0,0.0,0.9099469358886456,-0.3905228441627454
2022-11-26 00:00:00+00:00,483.72034107990856,0.0,1205.6,483.72034107990856,0.0,0.0,0.9099469358886456,-0.3905228441627454
2022-11-27 00:00:00+00:00,523.7203410799086,0.0,1193.88,523.7203410799086,40.0,2.220446049250313e-16,0.9099469358886458,-0.3905228441627453
2022-11-28 00:00:00+00:00,523.7203410799086,0.0,1167.77,523.7203410799086,0.0,0.0,0.9099469358886458,-0.3905228441627453
2022-11-29 00:00:00+00:00,523.7203410799086,0.0,1216.49,523.7203410799086,0.0,0.0,0.9099469358886458,-0.3905228441627453
2022-11-30 00:00:00+00:00,523.7203410799086,0.0,1294.46,523.7203410799086,0.0,0.0,0.9099469358886458,-0.3905228441627453
2022-12-01 00:00:00+00:00,523.7203410799086,0.0,1276.41,523.7203410799086,0.0,0.0,0.9099469358886458,-0.3905228441627453
2022-12-02 00:00:00+00:00,523.7203410799086,0.0,1295.59,523.7203410799086,0.0,0.0,0.9099469358886458,-0.3905228441627453
2022-12-03 00:00:00+00:00,523.7203410799086,0.0,1240.51,523.7203410799086,0.0,0.0,0.9099469358886458,-0.3905228441627453
2022-12-04 00:00:00+00:00,523.7203410799086,0.0,1279.41,523.7203410799086,0.0,0.0,0.9099469358886458,-0.3905228441627453
2022-12-05 00:00:00+00:00,523.7203410799086,0.0,1259.41,523.7203410799086,0.0,0.0,0.9099469358886458,-0.3905228441627453
2022-12-06 00:00:00+00:00,523.7203410799086,0.0,1271.32,523.7203410799086,0.0,0.0,0.9099469358886458,-0.3905228441627453
2022-12-07 00:00:00+00:00,523.7203410799086,0.0,1231.18,523.7203410799086,0.0,0.0,0.9099469358886458,-0.3905228441627453
2022-12-08 00:00:00+00:00,523.7203410799086,0.0,1280.18,523.7203410799086,0.0,0.0,0.9099469358886458,-0.3905228441627453
2022-12-09 00:00:00+00:00,523.7203410799086,0.0,1263.1,523.7203410799086,0.0,0.0,0.9099469358886458,-0.3905228441627453
2022-12-10 00:00:00+00:00,523.7203410799086,0.0,1266.35,523.7203410799086,0.0,0.0,0.9099469358886458,-0.3905228441627453
2022-12-11 00:00:00+00:00,523.7203410799086,0.0,1263.01,523.7203410799086,0.0,0.0,0.9099469358886458,-0.3905228441627453
2022-12-12 00:00:00+00:00,523.7203410799086,0.0,1275.4,523.7203410799086,0.0,0.0,0.9099469358886458,-0.3905228441627453
2022-12-13 00:00:00+00:00,523.7203410799086,0.0,1320.69,523.7203410799086,0.0,0.0,0.9099469358886458,-0.3905228441627453
2022-12-14 00:00:00+00:00,0.0,0.39595641376698826,1307.44,517.6892536155111,0.0,-0.011515854915929769,0.8994681189937573,-0.3975414946639406
2022-12-15 00:00:00+00:00,0.0,0.39595641376698826,1266.54,501.49463629244127,0.0,-0.031282506271798405,0.8713305019200525,-0.4163879066356142
2022-12-16 00:00:00+00:00,0.0,0.39595641376698826,1166.83,462.01382227573487,0.0,-0.07872629368199979,0.8027338809318101,-0.46233352369418557
2022-12-17 00:00:00+00:00,461.3170789224612,0.0,1187.16,461.3170789224612,0.0,-0.0015080573776813377,0.8015233121803561,-0.4631443555905105
2022-12-18 00:00:00+00:00,461.3170789224612,0.0,1183.06,461.3170789224612,0.0,0.0,0.8015233121803561,-0.4631443555905105
2022-12-19 00:00:00+00:00,461.3170789224612,0.0,1167.82,461.3170789224612,0.0,0.0,0.8015233121803561,-0.4631443555905105
2022-12-20 00:00:00+00:00,461.3170789224612,0.0,1216.94,461.3170789224612,0.0,0.0,0.8015233121803561,-0.4631443555905105
2022-12-21 00:00:00+00:00,461.3170789224612,0.0,1213.78,461.3170789224612,0.0,0.0,0.8015233121803561,-0.4631443555905105
2022-12-22 00:00:00+00:00,461.3170789224612,0.0,1217.71,461.3170789224612,0.0,0.0,0.8015233121803561,-0.4631443555905105
2022-12-23 00:00:00+00:00,461.3170789224612,0.0,1219.99,461.3170789224612,0.0,0.0,0.8015233121803561,-0.4631443555905105
2022-12-24 00:00:00+00:00,461.3170789224612,0.0,1220.41,461.3170789224612,0.0,0.0,0.8015233121803561,-0.4631443555905105
2022-12-25 00:00:00+00:00,461.3170789224612,0.0,1218.51,461.3170789224612,0.0,0.0,0.8015233121803561,-0.4631443555905105
2022-12-26 00:00:00+00:00,461.3170789224612,0.0,1228.11,461.3170789224612,0.0,0.0,0.8015233121803561,-0.4631443555905105
2022-12-27 00:00:00+00:00,501.3170789224612,0.0,1211.55,501.3170789224612,40.0,0.0,0.8015233121803561,-0.4631443555905105
2022-12-28 00:00:00+00:00,501.3170789224612,0.0,1190.15,501.3170789224612,0.0,0.0,0.8015233121803561,-0.4631443555905105
2022-12-29 00:00:00+00:00,501.3170789224612,0.0,1200.49,501.3170789224612,0.0,0.0,0.8015233121803561,-0.4631443555905105
2022-12-30 00:00:00+00:00,501.3170789224612,0.0,1199.99,501.3170789224612,0.0,0.0,0.8015233121803561,-0.4631443555905105
2022-12-31 00:00:00+00:00,501.3170789224612,0.0,1196.13,501.3170789224612,0.0,0.0,0.8015233121803561,-0.4631443555905105
2023-01-01 00:00:00+00:00,501.3170789224612,0.0,1200.34,501.3170789224612,0.0,0.0,0.8015233121803561,-0.4631443555905105
2023-01-02 00:00:00+00:00,501.3170789224612,0.0,1214.0,501.3170789224612,0.0,0.0,0.8015233121803561,-0.4631443555905105
2023-01-03 00:00:00+00:00,501.3170789224612,0.0,1214.55,501.3170789224612,0.0,0.0,0.8015233121803561,-0.4631443555905105
2023-01-04 00:00:00+00:00,501.3170789224612,0.0,1256.9,501.3170789224612,0.0,0.0,0.8015233121803561,-0.4631443555905105
2023-01-05 00:00:00+00:00,501.3170789224612,0.0,1251.24,501.3170789224612,0.0,0.0,0.8015233121803561,-0.4631443555905105
2023-01-06 00:00:00+00:00,501.3170789224612,0.0,1269.14,501.3170789224612,0.0,0.0,0.8015233121803561,-0.4631443555905105
2023-01-07 00:00:00+00:00,501.3170789224612,0.0,1264.07,501.3170789224612,0.0,0.0,0.8015233121803561,-0.4631443555905105
2023-01-08 00:00:00+00:00,501.3170789224612,0.0,1290.16,501.3170789224612,0.0,0.0,0.8015233121803561,-0.4631443555905105
2023-01-09 00:00:00+00:00,-5.684341886080802e-14,0.387990527977341,1320.39,512.2988132360013,0.0,0.021905765383346543,0.8190812938062618,-0.45138412179935083
2023-01-10 00:00:00+00:00,-5.684341886080802e-14,0.387990527977341,1335.62,518.2079089770962,0.0,0.01153447087602899,0.8285289631347703,-0.4450561279301184
2023-01-11 00:00:00+00:00,-5.684341886080802e-14,0.387990527977341,1389.39,539.0701596664378,0.0,0.040258456746679494,0.8618842605605027,-0.4227149440595581
2023-01-12 00:00:00+00:00,-5.684341886080802e-14,0.387990527977341,1415.92,549.3635483736766,0.0,0.019094710628405176,0.8783416911110825,-0.41169185296627275
2023-01-13 00:00:00+00:00,-5.684341886080802e-14,0.387990527977341,1451.2,563.0518542007173,0.0,0.024916661958303,0.9002270341123816,-0.3970331777393177
2023-01-14 00:00:00+00:00,-5.684341886080802e-14,0.387990527977341,1549.9,601.3465193120808,0.0,0.06801267916207254,0.9614538865564911,-0.3560237887115275
2023-01-15 00:00:00+00:00,-5.684341886080802e-14,0.387990527977341,1552.52,602.3630544953814,0.0,0.001690431640751111,0.9630791586274493,-0.35493519094807446
2023-01-16 00:00:00+00:00,-5.684341886080802e-14,0.387990527977341,1576.94,611.8377831885882,0.0,0.01572926596758828,0.9782276868613416,-0.3447887950001651
2023-01-17 00:00:00+00:00,-5.684341886080802e-14,0.387990527977341,1565.57,607.4263308854856,0.0,-0.007210166525042472,0.9711745023396643,-0.34951297689728766
2023-01-18 00:00:00+00:00,-5.684341886080802e-14,0.387990527977341,1511.43,586.4205237007925,0.0,-0.034581653966286874,0.9375896817588731,-0.37200789403978574
2023-01-19 00:00:00+00:00,-5.684341886080802e-14,0.387990527977341,1551.09,601.8082280403737,0.0,0.026240050812806226,0.9621920826497888,-0.35552934926934854
2023-01-20 00:00:00+00:00,-5.684341886080802e-14,0.387990527977341,1658.52,643.4900504609795,0.0,0.06926097131694497,1.0288344408875874,-0.31089268601448006
2023-01-21 00:00:00+00:00,-5.684341886080802e-14,0.387990527977341,1626.66,631.1286722396214,0.0,-0.01920989798133277,1.0090706362384552,-0.3241303672143322
2023-01-22 00:00:00+00:00,-5.684341886080802e-14,0.387990527977341,1627.44,631.4313048514439,0.0,0.00047951016192704365,1.0095544958626337,-0.3238062808572736
2023-01-23 00:00:00+00:00,-5.684341886080802e-14,0.387990527977341,1626.29,630.9851157442699,0.0,-0.000706631273656777,1.0088411130833963,-0.3242841004862701
2023-01-24 00:00:00+00:00,-5.684341886080802e-14,0.387990527977341,1555.97,603.7016218169033,0.0,-0.043239520626702554,0.9652193069651612,-0.35350173206108493
2023-01-25 00:00:00+00:00,-5.684341886080802e-14,0.387990527977341,1611.94,625.4174516677951,0.0,0.03597113054878953,0.9999393366642172,-0.33024645846548784
2023-01-26 00:00:00+00:00,-5.684341886080802e-14,0.387990527977341,1601.09,621.207754439241,0.0,-0.006731019765003787,0.9932087252253256,-0.33475458279123793
2023-01-27 00:00:00+00:00,0.0,0.4129362333294017,1597.62,659.7151850917187,40.0,-0.0024026894977664526,0.9908223530521366,-0.3363529609686028
2023-01-28 00:00:00+00:00,0.0,0.4129362333294017,1572.1,649.1770524171524,0.0,-0.01597376096944203,0.9749951936213017,-0.3469539001381683
2023-01-29 00:00:00+00:00,0.0,0.4129362333294017,1644.72,679.1644816815336,0.0,0.04619299026779489,1.0200331371113973,-0.3167877480028293
2023-01-30 00:00:00+00:00,0.0,0.4129362333294017,1566.2,646.740728640509,0.0,-0.04774064886424434,0.9713360932826685,-0.34940474422517576
2023-01-31 00:00:00+00:00,0.0,0.4129362333294017,1585.33,654.6401987841003,0.0,0.01221427659302754,0.9832002609908138,-0.3414581938210306
2023-02-01 00:00:00+00:00,0.0,0.4129362333294017,1641.68,677.9091555322123,0.0,0.03554465000977736,1.018147770157254,-0.3180505558035924
2023-02-02 00:00:00+00:00,0.0,0.4129362333294017,1643.12,678.5037837082065,0.0,0.0008771502363431605,1.0190408387144798,-0.31745238368744144
2023-02-03 00:00:00+00:00,0.0,0.4129362333294017,1663.52,686.9276828681263,0.0,0.012415404839573707,1.0316926432751787,-0.30897827870863503
2023-02-04 00:00:00+00:00,0.0,0.4129362333294017,1666.38,688.1086804954484,0.0,0.0017192459363277734,1.0334663766596688,-0.3077902424223907
2023-02-05 00:00:00+00:00,0.0,0.4129362333294017,1629.02,672.681382818262,0.0,-0.022419856215268985,1.010296209091644,-0.3233094856580868
2023-02-06 00:00:00+00:00,0.0,0.4129362333294017,1614.29,666.5988321013199,0.0,-0.009042246258486819,1.0011608619750219,-0.3294282879295485
2023-02-07 00:00:00+00:00,0.0,0.4129362333294017,1671.03,690.0288339804301,0.0,0.035148579251559564,1.0363502438757106,-0.3058586449639862
2023-02-08 00:00:00+00:00,0.0,0.4129362333294017,1650.43,681.5223475738445,0.0,-0.012327726013297124,1.0235744020153972,-0.314415829403369
2023-02-09 00:00:00+00:00,0.0,0.4129362333294017,1545.35,638.1310081755909,0.0,-0.06366825615142735,0.9584052047978368,-0.35806577799027917
2023-02-10 00:00:00+00:00,0.0,0.4129362333294017,1513.06,624.7972972013845,0.0,-0.02089494289319571,0.9383793827750444,-0.37147895690036037
2023-02-11 00:00:00+00:00,623.8562904838766,0.0,1538.51,623.8562904838766,0.0,-0.0015060992128532735,0.9369660903252892,-0.37242557194863435
2023-02-12 00:00:00+00:00,623.8562904838766,0.0,1514.83,623.8562904838766,0.0,0.0,0.9369660903252892,-0.37242557194863435
2023-02-13 00:00:00+00:00,623.8562904838766,0.0,1505.24,623.8562904838766,0.0,0.0,0.9369660903252892,-0.37242557194863435
2023-02-14 00:00:00+00:00,623.8562904838766,0.0,1555.71,623.8562904838766,0.0,0.0,0.9369660903252892,-0.37242557194863435
2023-02-15 00:00:00+00:00,623.8562904838766,0.0,1674.92,623.8562904838766,0.0,0.0,0.9369660903252892,-0.37242557194863435
2023-02-16 00:00:00+00:00,623.8562904838766,0.0,1637.84,623.8562904838766,0.0,0.0,0.9369660903252892,-0.37242557194863435
2023-02-17 00:00:00+00:00,623.8562904838766,0.0,1693.87,623.8562904838766,0.0,0.0,0.9369660903252892,-0.37242557194863435
2023-02-18 00:00:00+00:00,623.8562904838766,0.0,1691.62,623.8562904838766,0.0,0.0,0.9369660903252892,-0.37242557194863435
2023-02-19 00:00:00+00:00,623.8562904838766,0.0,1679.75,623.8562904838766,0.0,0.0,0.9369660903252892,-0.37242557194863435
2023-02-20 00:00:00+00:00,623.8562904838766,0.0,1703.27,623.8562904838766,0.0,0.0,0.9369660903252892,-0.37242557194863435
2023-02-21 00:00:00+00:00,623.8562904838766,0.0,1659.76,623.8562904838766,0.0,0.0,0.9369660903252892,-0.37242557194863435
2023-02-22 00:00:00+00:00,623.8562904838766,0.0,1643.14,623.8562904838766,0.0,0.0,0.9369660903252892,-0.37242557194863435
2023-02-23 00:00:00+00:00,623.8562904838766,0.0,1650.53,623.8562904838766,0.0,0.0,0.9369660903252892,-0.37242557194863435
2023-02-24 00:00:00+00:00,623.8562904838766,0.0,1607.8,623.8562904838766,0.0,0.0,0.9369660903252892,-0.37242557194863435
2023-02-25 00:00:00+00:00,623.8562904838766,0.0,1594.58,623.8562904838766,0.0,0.0,0.9369660903252892,-0.37242557194863435
2023-02-26 00:00:00+00:00,623.8562904838766,0.0,1641.36,623.8562904838766,0.0,0.0,0.9369660903252892,-0.37242557194863435
2023-02-27 00:00:00+00:00,663.8562904838766,0.0,1633.45,663.8562904838766,40.0,0.0,0.9369660903252892,-0.37242557194863435
2023-02-28 00:00:00+00:00,663.8562904838766,0.0,1605.23,663.8562904838766,0.0,0.0,0.9369660903252892,-0.37242557194863435
2023-03-01 00:00:00+00:00,663.8562904838766,0.0,1665.22,663.8562904838766,0.0,0.0,0.9369660903252892,-0.37242557194863435
2023-03-02 00:00:00+00:00,663.8562904838766,0.0,1647.86,663.8562904838766,0.0,0.0,0.9369660903252892,-0.37242557194863435
2023-03-03 00:00:00+00:00,663.8562904838766,0.0,1569.45,663.8562904838766,0.0,0.0,0.9369660903252892,-0.37242557194863435
2023-03-04 00:00:00+00:00,663.8562904838766,0.0,1566.73,663.8562904838766,0.0,0.0,0.9369660903252892,-0.37242557194863435
2023-03-05 00:00:00+00:00,663.8562904838766,0.0,1564.58,663.8562904838766,0.0,0.0,0.9369660903252892,-0.37242557194863435
2023-03-06 00:00:00+00:00,663.8562904838766,0.0,1565.84,663.8562904838766,0.0,0.0,0.9369660903252892,-0.37242557194863435
2023-03-07 00:00:00+00:00,663.8562904838766,0.0,1561.96,663.8562904838766,0.0,0.0,0.9369660903252892,-0.37242557194863435
2023-03-08 00:00:00+00:00,663.8562904838766,0.0,1532.38,663.8562904838766,0.0,0.0,0.9369660903252892,-0.37242557194863435
2023-03-09 00:00:00+00:00,663.8562904838766,0.0,1437.32,663.8562904838766,0.0,0.0,0.9369660903252892,-0.37242557194863435
2023-03-10 00:00:00+00:00,663.8562904838766,0.0,1426.44,663.8562904838766,0.0,0.0,0.9369660903252892,-0.37242557194863435
2023-03-11 00:00:00+00:00,663.8562904838766,0.0,1471.97,663.8562904838766,0.0,0.0,0.9369660903252892,-0.37242557194863435
2023-03-12 00:00:00+00:00,663.8562904838766,0.0,1580.33,663.8562904838766,0.0,0.0,0.9369660903252892,-0.37242557194863435
2023-03-13 00:00:00+00:00,663.8562904838766,0.0,1673.45,663.8562904838766,0.0,0.0,0.9369660903252892,-0.37242557194863435
2023-03-14 00:00:00+00:00,663.8562904838766,0.0,1699.4,663.8562904838766,0.0,0.0,0.9369660903252892,-0.37242557194863435
2023-03-15 00:00:00+00:00,0.0,0.3900539990662722,1649.96,643.5734962993865,0.0,-0.030552989367180983,0.9083389753301715,-0.39159984677600246
2023-03-16 00:00:00+00:00,0.0,0.3900539990662722,1673.73,652.8450798571918,0.0,0.01440640985235997,0.9214248788936507,-0.3828349848144189
2023-03-17 00:00:00+00:00,0.0,0.3900539990662722,1789.27,697.9119189093088,0.0,0.0690314447372038,0.9850321695004824,-0.34023119217489994
2023-03-18 00:00:00+00:00,0.0,0.3900539990662722,1758.84,686.0425757177221,0.0,-0.017006935789456112,0.9682797906432391,-0.3514518379254674
2023-03-19 00:00:00+00:00,0.0,0.3900539990662722,1780.68,694.5613550573296,0.0,0.012417275022173824,0.9803031871020691,-0.3433986370318626
2023-03-20 00:00:00+00:00,0.0,0.3900539990662722,1732.78,675.8777685020551,0.0,-0.026899836017701184,0.9539331921213936,-0.36106110602470454
2023-03-21 00:00:00+00:00,0.0,0.3900539990662722,1801.23,702.5769647381414,0.0,0.039502995186925016,0.9916164104184131,-0.33582110597125925
2023-03-22 00:00:00+00:00,0.0,0.3900539990662722,1734.33,676.4823522006078,0.0,-0.03714128678736206,0.9547865009360083,-0.3604895647524937
2023-03-23 00:00:00+00:00,0.0,0.3900539990662722,1813.79,707.4760429664138,0.0,0.04581596351328754,0.9985309644258719,-0.3311897779848273
2023-03-24 00:00:00+00:00,0.0,0.3900539990662722,1749.57,682.4267751463778,0.0,-0.03540652445983272,0.9631764534100269,-0.3548700234695936
2023-03-25 00:00:00+00:00,0.0,0.3900539990662722,1741.88,679.4272598935582,0.0,-0.004395365718433686,0.9589429406459059,-0.3577056056523693
2023-03-26 00:00:00+00:00,0.0,0.3900539990662722,1773.88,691.9089878636789,0.0,0.018370955519323884,0.9765596387540815,-0.345906043903498
2023-03-27 00:00:00+00:00,0.0,0.41256965397251016,1715.22,707.6477218867288,40.0,-0.0350642445791296,0.9423173127347019,-0.3688413543577962
2023-03-28 00:00:00+00:00,0.0,0.41256965397251016,1772.99,731.4818707967208,0.0,0.03368081062487627,0.9740553236934617,-0.34758341953966776
2023-03-29 00:00:00+00:00,0.0,0.41256965397251016,1793.07,739.7662694484887,0.0,0.011325500989853188,0.9850869882261237,-0.3401944749118676
2023-03-30 00:00:00+00:00,0.0,0.41256965397251016,1793.61,739.989057061634,0.0,0.00030115946393616255,0.9853836564954284,-0.33999576823363
2023-03-31 00:00:00+00:00,0.0,0.41256965397251016,1821.52,751.5038761040067,0.0,0.015560796382714237,1.0007170109330081,-0.3297255767713838
2023-04-01 00:00:00+00:00,0.0,0.41256965397251016,1820.79,751.2027002566068,0.0,-0.0004007641969343556,1.000315959383763,-0.3299941987623347
2023-04-02 00:00:00+00:00,0.0,0.41256965397251016,1794.51,740.3603697502092,0.0,-0.014433295437694671,0.9858781036109361,-0.33966459043656727
2023-04-03 00:00:00+00:00,0.0,0.41256965397251016,1810.51,746.9614842137694,0.0,0.008916082941861525,0.9946682745532963,-0.3337769851554516
2023-04-04 00:00:00+00:00,0.0,0.41256965397251016,1870.37,771.6579037005638,0.0,0.03306250724933846,1.0275545015914016,-0.3117499818974776
2023-04-05 00:00:00+00:00,0.0,0.41256965397251016,1908.69,787.4675728407905,0.0,0.02048792484909412,1.0486069609983546,-0.29764916724920554
2023-04-06 00:00:00+00:00,0.0,0.41256965397251016,1872.41,772.4995457946678,0.0,-0.019007801162053473,1.0286752483865527,-0.31099931222413535
2023-04-07 00:00:00+00:00,0.0,0.41256965397251016,1863.72,768.9143155016467,0.0,-0.004641077541777783,1.0239010867934832,-0.31419701784244125
2023-04-08 00:00:00+00:00,0.0,0.41256965397251016,1848.82,762.7670276574562,0.0,-0.00799476316184844,1.0157152401034102,-0.3196798502604803
2023-04-09 00:00:00+00:00,0.0,0.41256965397251016,1858.92,766.9339811625787,0.0,0.005462943931805242,1.0212640355107752,-0.3159632994267759
2023-04-10 00:00:00+00:00,0.0,0.41256965397251016,1910.2,788.0905530182889,0.0,0.027585910098336663,1.0494365333810398,-0.2970935245008002
2023-04-11 00:00:00+00:00,0.0,0.41256965397251016,1889.86,779.698886256488,0.0,-0.010648099675426792,1.0382620285705642,-0.30457814271441863
2023-04-12 00:00:00+00:00,0.0,0.41256965397251016,1917.39,791.0569288303514,0.0,0.01456721661922078,1.0533866164482633,-0.2944477818775987
2023-04-13 00:00:00+00:00,0.0,0.41256965397251016,2012.01,830.0942694892302,0.0,0.049348332890022384,1.1053694898586466,-0.2596299561464006
2023-04-14 00:00:00+00:00,0.0,0.41256965397251016,2099.99,866.3921476457315,0.0,0.04372741686174497,1.15370444232795,-0.2272554866068658
2023-04-15 00:00:00+00:00,0.0,0.41256965397251016,2090.6,862.5181185949297,0.0,-0.004471449864046906,1.1485457107561525,-0.2307107749562205
2023-04-16 00:00:00+00:00,0.0,0.41256965397251016,2118.67,874.0989487819381,0.0,0.013426767435186227,1.163966966903156,-0.22038170744116303
2023-04-17 00:00:00+00:00,0.0,0.41256965397251016,2074.0,855.6694623389861,0.0,-0.02108398193206107,1.139425908403454,-0.23681916543537795
2023-04-18 00:00:00+00:00,0.0,0.41256965397251016,2103.5,867.8402671311751,0.0,0.014223722275795492,1.1556327860784306,-0.225963893198321
2023-04-19 00:00:00+00:00,0.0,0.41256965397251016,1933.73,797.7983169762621,0.0,-0.08070834323746134,1.0623635785231489,-0.2884350649842592
2023-04-20 00:00:00+00:00,0.0,0.41256965397251016,1942.98,801.6145862755078,0.0,0.004783501316109273,1.067445396099201,-0.2850312931811141
2023-04-21 00:00:00+00:00,0.0,0.41256965397251016,1848.78,762.7505248712973,0.0,-0.04848222832967919,1.0156932646760546,-0.3196945692736829
2023-04-22 00:00:00+00:00,761.6026609491951,0.0,1874.16,761.6026609491951,0.0,-0.0015049008616493387,1.0141647470068722,-0.3207183615025676
2023-04-23 00:00:00+00:00,761.6026609491951,0.0,1862.0,761.6026609491951,0.0,0.0,1.0141647470068722,-0.3207183615025676
2023-04-24 00:00:00+00:00,761.6026609491951,0.0,1841.84,761.6026609491951,0.0,0.0,1.0141647470068722,-0.3207183615025676
2023-04-25 00:00:00+00:00,761.6026609491951,0.0,1866.1,761.6026609491951,0.0,0.0,1.0141647470068722,-0.3207183615025676
2023-04-26 00:00:00+00:00,761.6026609491951,0.0,1866.01,761.6026609491951,0.0,0.0,1.0141647470068722,-0.3207183615025676
2023-04-27 00:00:00+00:00,801.6026609491951,0.0,1908.68,801.6026609491951,40.0,0.0,1.0141647470068722,-0.3207183615025676
2023-04-28 00:00:00+00:00,801.6026609491951,0.0,1890.94,801.6026609491951,0.0,0.0,1.0141647470068722,-0.3207183615025676
2023-04-29 00:00:00+00:00,801.6026609491951,0.0,1907.8,801.6026609491951,0.0,0.0,1.0141647470068722,-0.3207183615025676
2023-04-30 00:00:00+00:00,801.6026609491951,0.0,1870.09,801.6026609491951,0.0,0.0,1.0141647470068722,-0.3207183615025676
2023-05-01 00:00:00+00:00,801.6026609491951,0.0,1830.73,801.6026609491951,0.0,0.0,1.0141647470068722,-0.3207183615025676
2023-05-02 00:00:00+00:00,801.6026609491951,0.0,1870.08,801.6026609491951,0.0,0.0,1.0141647470068722,-0.3207183615025676
2023-05-03 00:00:00+00:00,801.6026609491951,0.0,1905.12,801.6026609491951,0.0,0.0,1.0141647470068722,-0.3207183615025676
2023-05-04 00:00:00+00:00,801.6026609491951,0.0,1877.07,801.6026609491951,0.0,0.0,1.0141647470068722,-0.3207183615025676
2023-05-05 00:00:00+00:00,801.6026609491951,0.0,1993.3,801.6026609491951,0.0,0.0,1.0141647470068722,-0.3207183615025676
2023-05-06 00:00:00+00:00,801.6026609491951,0.0,1896.33,801.6026609491951,0.0,0.0,1.0141647470068722,-0.3207183615025676
2023-05-07 00:00:00+00:00,801.6026609491951,0.0,1870.4,801.6026609491951,0.0,0.0,1.0141647470068722,-0.3207183615025676
2023-05-08 00:00:00+00:00,801.6026609491951,0.0,1847.56,801.6026609491951,0.0,0.0,1.0141647470068722,-0.3207183615025676
2023-05-09 00:00:00+00:00,801.6026609491951,0.0,1846.52,801.6026609491951,0.0,0.0,1.0141647470068722,-0.3207183615025676
2023-05-10 00:00:00+00:00,801.6026609491951,0.0,1840.84,801.6026609491951,0.0,0.0,1.0141647470068722,-0.3207183615025676
2023-05-11 00:00:00+00:00,801.6026609491951,0.0,1794.3,801.6026609491951,0.0,0.0,1.0141647470068722,-0.3207183615025676
2023-05-12 00:00:00+00:00,801.6026609491951,0.0,1807.45,801.6026609491951,0.0,0.0,1.0141647470068722,-0.3207183615025676
2023-05-13 00:00:00+00:00,801.6026609491951,0.0,1795.11,801.6026609491951,0.0,0.0,1.0141647470068722,-0.3207183615025676
2023-05-14 00:00:00+00:00,801.6026609491951,0.0,1799.21,801.6026609491951,0.0,0.0,1.0141647470068722,-0.3207183615025676
2023-05-15 00:00:00+00:00,801.6026609491951,0.0,1816.2,801.6026609491951,0.0,0.0,1.0141647470068722,-0.3207183615025676
2023-05-16 00:00:00+00:00,801.6026609491951,0.0,1824.21,801.6026609491951,0.0,0.0,1.0141647470068722,-0.3207183615025676
2023-05-17 00:00:00+00:00,801.6026609491951,0.0,1822.12,801.6026609491951,0.0,0.0,1.0141647470068722,-0.3207183615025676
2023-05-18 00:00:00+00:00,801.6026609491951,0.0,1800.56,801.6026609491951,0.0,0.0,1.0141647470068722,-0.3207183615025676
2023-05-19 00:00:00+00:00,801.6026609491951,0.0,1812.32,801.6026609491951,0.0,0.0,1.0141647470068722,-0.3207183615025676
2023-05-20 00:00:00+00:00,801.6026609491951,0.0,1819.42,801.6026609491951,0.0,0.0,1.0141647470068722,-0.3207183615025676
2023-05-21 00:00:00+00:00,801.6026609491951,0.0,1804.91,801.6026609491951,0.0,0.0,1.0141647470068722,-0.3207183615025676
2023-05-22 00:00:00+00:00,801.6026609491951,0.0,1817.35,801.6026609491951,0.0,0.0,1.0141647470068722,-0.3207183615025676
2023-05-23 00:00:00+00:00,801.6026609491951,0.0,1854.05,801.6026609491951,0.0,0.0,1.0141647470068722,-0.3207183615025676
2023-05-24 00:00:00+00:00,801.6026609491951,0.0,1799.89,801.6026609491951,0.0,0.0,1.0141647470068722,-0.3207183615025676
2023-05-25 00:00:00+00:00,801.6026609491951,0.0,1805.6,801.6026609491951,0.0,0.0,1.0141647470068722,-0.3207183615025676
2023-05-26 00:00:00+00:00,801.6026609491951,0.0,1827.79,801.6026609491951,0.0,0.0,1.0141647470068722,-0.3207183615025676
2023-05-27 00:00:00+00:00,841.6026609491951,0.0,1829.89,841.6026609491951,40.0,0.0,1.0141647470068722,-0.3207183615025676
2023-05-28 00:00:00+00:00,841.6026609491951,0.0,1908.64,841.6026609491951,0.0,0.0,1.0141647470068722,-0.3207183615025676
2023-05-29 00:00:00+00:00,0.0,0.4402829911277412,1892.6,833.279589008363,0.0,-0.00988955041021966,1.00413511361708,-0.32743615150922467
2023-05-30 00:00:00+00:00,0.0,0.4402829911277412,1900.59,836.7974501074737,0.0,0.004221705590193414,1.0083742764395467,-0.3245967849502891
2023-05-31 00:00:00+00:00,0.0,0.4402829911277412,1873.63,824.9274206666698,0.0,-0.014185068847042182,0.9940704179046653,-0.3341774260552829
2023-06-01 00:00:00+00:00,0.0,0.4402829911277412,1861.78,819.7100672218061,0.0,-0.006324621189882751,0.9877832990753499,-0.338388501615156
2023-06-02 00:00:00+00:00,0.0,0.4402829911277412,1906.68,839.4787735234416,0.0,0.02411670551837486,1.0116053780151189,-0.322432611941038
2023-06-03 00:00:00+00:00,0.0,0.4402829911277412,1892.06,833.041836193154,0.0,-0.007667778547003179,1.0038486119995416,-0.3276280486233454
2023-06-04 00:00:00+00:00,0.0,0.4402829911277412,1890.01,832.1392560613422,0.0,-0.001083475154064928,1.0027609669699975,-0.32835654692695215
2023-06-05 00:00:00+00:00,0.0,0.4402829911277412,1810.5,797.1323554367755,0.0,-0.042068560483806916,0.9605762565802195,-0.3566116201561086
2023-06-06 00:00:00+00:00,0.0,0.4402829911277412,1884.64,829.7749363989863,0.0,0.04095001380834029,0.9999118675511434,-0.3302648571173755
2023-06-07 00:00:00+00:00,0.0,0.4402829911277412,1832.13,806.6556765348686,0.0,-0.027862085066644005,0.9720522380382866,-0.34892507464049216
2023-06-08 00:00:00+00:00,0.0,0.4402829911277412,1845.64,812.6038997450044,0.0,0.007373930889183589,0.9792200840622571,-0.3441240931372107
2023-06-09 00:00:00+00:00,0.0,0.4402829911277412,1840.37,810.283608381761,0.0,-0.002855378080232507,0.9764240404985023,-0.3459968668250194
2023-06-10 00:00:00+00:00,0.0,0.4402829911277412,1751.53,771.1688674499726,0.0,-0.04827290164477782,0.9292892188279215,-0.37756749574815185
2023-06-11 00:00:00+00:00,770.0081035053636,0.0,1752.76,770.0081035053636,0.0,-0.001505200733073364,0.9278904520145045,-0.37850438160984046
2023-06-12 00:00:00+00:00,770.0081035053636,0.0,1742.57,770.0081035053636,0.0,0.0,0.9278904520145045,-0.37850438160984046
2023-06-13 00:00:00+00:00,770.0081035053636,0.0,1740.12,770.0081035053636,0.0,0.0,0.9278904520145045,-0.37850438160984046
2023-06-14 00:00:00+00:00,770.0081035053636,0.0,1650.95,770.0081035053636,0.0,0.0,0.9278904520145045,-0.37850438160984046
2023-06-15 00:00:00+00:00,770.0081035053636,0.0,1666.96,770.0081035053636,0.0,0.0,0.9278904520145045,-0.37850438160984046
2023-06-16 00:00:00+00:00,770.0081035053636,0.0,1717.92,770.0081035053636,0.0,0.0,0.9278904520145045,-0.37850438160984046
2023-06-17 00:00:00+00:00,770.0081035053636,0.0,1727.76,770.0081035053636,0.0,0.0,0.9278904520145045,-0.37850438160984046
2023-06-18 00:00:00+00:00,770.0081035053636,0.0,1720.95,770.0081035053636,0.0,0.0,0.9278904520145045,-0.37850438160984046
2023-06-19 00:00:00+00:00,770.0081035053636,0.0,1737.11,770.0081035053636,0.0,0.0,0.9278904520145045,-0.37850438160984046
2023-06-20 00:00:00+00:00,770.0081035053636,0.0,1791.99,770.0081035053636,0.0,0.0,0.9278904520145045,-0.37850438160984046
2023-06-21 00:00:00+00:00,770.0081035053636,0.0,1889.11,770.0081035053636,0.0,0.0,0.9278904520145045,-0.37850438160984046
2023-06-22 00:00:00+00:00,770.0081035053636,0.0,1872.01,770.0081035053636,0.0,0.0,0.9278904520145045,-0.37850438160984046
2023-06-23 00:00:00+00:00,770.0081035053636,0.0,1892.63,770.0081035053636,0.0,0.0,0.9278904520145045,-0.37850438160984046
2023-06-24 00:00:00+00:00,770.0081035053636,0.0,1874.96,770.0081035053636,0.0,0.0,0.9278904520145045,-0.37850438160984046
2023-06-25 00:00:00+00:00,770.0081035053636,0.0,1898.8,770.0081035053636,0.0,0.0,0.9278904520145045,-0.37850438160984046
2023-06-26 00:00:00+00:00,770.0081035053636,0.0,1858.97,770.0081035053636,0.0,0.0,0.9278904520145045,-0.37850438160984046
2023-06-27 00:00:00+00:00,810.0081035053636,0.0,1889.58,810.0081035053636,40.0,0.0,0.9278904520145045,-0.37850438160984046
2023-06-28 00:00:00+00:00,810.0081035053636,0.0,1828.02,810.0081035053636,0.0,0.0,0.9278904520145045,-0.37850438160984046
2023-06-29 00:00:00+00:00,810.0081035053636,0.0,1851.99,810.0081035053636,0.0,0.0,0.9278904520145045,-0.37850438160984046
2023-06-30 00:00:00+00:00,810.0081035053636,0.0,1933.79,810.0081035053636,0.0,0.0,0.9278904520145045,-0.37850438160984046
2023-07-01 00:00:00+00:00,810.0081035053636,0.0,1924.5,810.0081035053636,0.0,0.0,0.9278904520145045,-0.37850438160984046
2023-07-02 00:00:00+00:00,810.0081035053636,0.0,1937.48,810.0081035053636,0.0,0.0,0.9278904520145045,-0.37850438160984046
2023-07-03 00:00:00+00:00,810.0081035053636,0.0,1955.54,810.0081035053636,0.0,0.0,0.9278904520145045,-0.37850438160984046
2023-07-04 00:00:00+00:00,810.0081035053636,0.0,1936.2,810.0081035053636,0.0,0.0,0.9278904520145045,-0.37850438160984046
2023-07-05 00:00:00+00:00,810.0081035053636,0.0,1910.36,810.0081035053636,0.0,0.0,0.9278904520145045,-0.37850438160984046
2023-07-06 00:00:00+00:00,810.0081035053636,0.0,1846.17,810.0081035053636,0.0,0.0,0.9278904520145045,-0.37850438160984046
2023-07-07 00:00:00+00:00,810.0081035053636,0.0,1870.91,810.0081035053636,0.0,0.0,0.9278904520145045,-0.37850438160984046
2023-07-08 00:00:00+00:00,810.0081035053636,0.0,1865.24,810.0081035053636,0.0,0.0,0.9278904520145045,-0.37850438160984046
2023-07-09 00:00:00+00:00,810.0081035053636,0.0,1862.8,810.0081035053636,0.0,0.0,0.9278904520145045,-0.37850438160984046
2023-07-10 00:00:00+00:00,810.0081035053636,0.0,1880.4,810.0081035053636,0.0,0.0,0.9278904520145045,-0.37850438160984046
2023-07-11 00:00:00+00:00,810.0081035053636,0.0,1878.3,810.0081035053636,0.0,0.0,0.9278904520145045,-0.37850438160984046
2023-07-12 00:00:00+00:00,810.0081035053636,0.0,1871.82,810.0081035053636,0.0,0.0,0.9278904520145045,-0.37850438160984046
2023-07-13 00:00:00+00:00,810.0081035053636,0.0,2004.49,810.0081035053636,0.0,0.0,0.9278904520145045,-0.37850438160984046
2023-07-14 00:00:00+00:00,0.0,0.40349141544586875,1937.83,781.8977695934678,0.0,-0.03470376875274017,0.8956891563399175,-0.4000726218312938
2023-07-15 00:00:00+00:00,0.0,0.40349141544586875,1931.41,779.3073547063054,0.0,-0.0033129841110932645,0.8927217523964849,-0.4020601717029765
2023-07-16 00:00:00+00:00,0.0,0.40349141544586875,1922.11,775.5548845426588,0.0,-0.004815135056772113,0.8884231765905776,-0.40493933273204985
2023-07-17 00:00:00+00:00,0.0,0.40349141544586875,1911.2,771.1527932001444,0.0,-0.005676053919910884,0.8833804387365509,-0.4083169291650809
2023-07-18 00:00:00+00:00,0.0,0.40349141544586875,1897.21,765.5079482980567,0.0,-0.007320008371703657,0.8769140865296001,-0.4126480541969878
2023-07-19 00:00:00+00:00,0.0,0.40349141544586875,1888.63,762.0459919535311,0.0,-0.004522430305553993,0.8729483036893114,-0.4153043124367135
2023-07-20 00:00:00+00:00,0.0,0.40349141544586875,1891.59,763.2403265432508,0.0,0.0015672736322094316,0.8743164525479656,-0.4143879343027289
2023-07-21 00:00:00+00:00,0.0,0.40349141544586875,1891.73,763.2968153414133,0.0,7.401181017030467e-05,0.8743811622912804,-0.4143445920936891
2023-07-22 00:00:00+00:00,0.0,0.40349141544586875,1866.52,753.124796758023,0.0,-0.013326426075602749,0.862728786370106,-0.42214928559292964
2023-07-23 00:00:00+00:00,0.0,0.40349141544586875,1888.73,762.0863410950757,0.0,0.011899149218867144,0.872994524934536,-0.41527335371597085
2023-07-24 00:00:00+00:00,0.0,0.40349141544586875,1850.0,746.4591185748571,0.0,-0.020505842550285203,0.8550930366589674,-0.42726366625962753
2023-07-25 00:00:00+00:00,745.3398031265542,0.0,1857.66,745.3398031265542,0.0,-0.001499499999999876,0.8538108246504974,-0.4281224843920711
2023-07-26 00:00:00+00:00,745.3398031265542,0.0,1872.0,745.3398031265542,0.0,0.0,0.8538108246504974,-0.4281224843920711
2023-07-27 00:00:00+00:00,785.3398031265542,0.0,1861.28,785.3398031265542,40.0,0.0,0.8538108246504974,-0.4281224843920711
2023-07-28 00:00:00+00:00,785.3398031265542,0.0,1874.19,785.3398031265542,0.0,0.0,0.8538108246504974,-0.4281224843920711
2023-07-29 00:00:00+00:00,785.3398031265542,0.0,1880.46,785.3398031265542,0.0,0.0,0.8538108246504974,-0.4281224843920711
2023-07-30 00:00:00+00:00,785.3398031265542,0.0,1861.79,785.3398031265542,0.0,0.0,0.8538108246504974,-0.4281224843920711
2023-07-31 00:00:00+00:00,785.3398031265542,0.0,1856.14,785.3398031265542,0.0,0.0,0.8538108246504974,-0.4281224843920711
2023-08-01 00:00:00+00:00,785.3398031265542,0.0,1873.47,785.3398031265542,0.0,0.0,0.8538108246504974,-0.4281224843920711
2023-08-02 00:00:00+00:00,785.3398031265542,0.0,1839.9,785.3398031265542,0.0,0.0,0.8538108246504974,-0.4281224843920711
2023-08-03 00:00:00+00:00,785.3398031265542,0.0,1835.81,785.3398031265542,0.0,0.0,0.8538108246504974,-0.4281224843920711
2023-08-04 00:00:00+00:00,785.3398031265542,0.0,1830.23,785.3398031265542,0.0,0.0,0.8538108246504974,-0.4281224843920711
2023-08-05 00:00:00+00:00,785.3398031265542,0.0,1836.48,785.3398031265542,0.0,0.0,0.8538108246504974,-0.4281224843920711
2023-08-06 00:00:00+00:00,785.3398031265542,0.0,1830.28,785.3398031265542,0.0,0.0,0.8538108246504974,-0.4281224843920711
2023-08-07 00:00:00+00:00,785.3398031265542,0.0,1829.1,785.3398031265542,0.0,0.0,0.8538108246504974,-0.4281224843920711
2023-08-08 00:00:00+00:00,785.3398031265542,0.0,1856.3,785.3398031265542,0.0,0.0,0.8538108246504974,-0.4281224843920711
2023-08-09 00:00:00+00:00,785.3398031265542,0.0,1855.35,785.3398031265542,0.0,0.0,0.8538108246504974,-0.4281224843920711
2023-08-10 00:00:00+00:00,785.3398031265542,0.0,1852.47,785.3398031265542,0.0,0.0,0.8538108246504974,-0.4281224843920711
2023-08-11 00:00:00+00:00,785.3398031265542,0.0,1848.84,785.3398031265542,0.0,0.0,0.8538108246504974,-0.4281224843920711
2023-08-12 00:00:00+00:00,785.3398031265542,0.0,1849.93,785.3398031265542,0.0,0.0,0.8538108246504974,-0.4281224843920711
2023-08-13 00:00:00+00:00,785.3398031265542,0.0,1840.73,785.3398031265542,0.0,0.0,0.8538108246504974,-0.4281224843920711
2023-08-14 00:00:00+00:00,785.3398031265542,0.0,1845.5,785.3398031265542,0.0,0.0,0.8538108246504974,-0.4281224843920711
2023-08-15 00:00:00+00:00,785.3398031265542,0.0,1828.98,785.3398031265542,0.0,0.0,0.8538108246504974,-0.4281224843920711
2023-08-16 00:00:00+00:00,785.3398031265542,0.0,1807.81,785.3398031265542,0.0,0.0,0.8538108246504974,-0.4281224843920711
2023-08-17 00:00:00+00:00,785.3398031265542,0.0,1681.49,785.3398031265542,0.0,0.0,0.8538108246504974,-0.4281224843920711
2023-08-18 00:00:00+00:00,785.3398031265542,0.0,1661.59,785.3398031265542,0.0,0.0,0.8538108246504974,-0.4281224843920711
2023-08-19 00:00:00+00:00,785.3398031265542,0.0,1669.67,785.3398031265542,0.0,0.0,0.8538108246504974,-0.4281224843920711
2023-08-20 00:00:00+00:00,785.3398031265542,0.0,1685.24,785.3398031265542,0.0,0.0,0.8538108246504974,-0.4281224843920711
2023-08-21 00:00:00+00:00,785.3398031265542,0.0,1667.55,785.3398031265542,0.0,0.0,0.8538108246504974,-0.4281224843920711
2023-08-22 00:00:00+00:00,785.3398031265542,0.0,1634.99,785.3398031265542,0.0,0.0,0.8538108246504974,-0.4281224843920711
2023-08-23 00:00:00+00:00,785.3398031265542,0.0,1679.61,785.3398031265542,0.0,0.0,0.8538108246504974,-0.4281224843920711
2023-08-24 00:00:00+00:00,785.3398031265542,0.0,1661.16,785.3398031265542,0.0,0.0,0.8538108246504974,-0.4281224843920711
2023-08-25 00:00:00+00:00,785.3398031265542,0.0,1653.8,785.3398031265542,0.0,0.0,0.8538108246504974,-0.4281224843920711
2023-08-26 00:00:00+00:00,785.3398031265542,0.0,1647.04,785.3398031265542,0.0,0.0,0.8538108246504974,-0.4281224843920711
2023-08-27 00:00:00+00:00,825.3398031265542,0.0,1658.33,825.3398031265542,40.0,0.0,0.8538108246504974,-0.4281224843920711
2023-08-28 00:00:00+00:00,825.3398031265542,0.0,1653.08,825.3398031265542,0.0,0.0,0.8538108246504974,-0.4281224843920711
2023-08-29 00:00:00+00:00,825.3398031265542,0.0,1729.42,825.3398031265542,0.0,0.0,0.8538108246504974,-0.4281224843920711
2023-08-30 00:00:00+00:00,825.3398031265542,0.0,1705.23,825.3398031265542,0.0,0.0,0.8538108246504974,-0.4281224843920711
2023-08-31 00:00:00+00:00,825.3398031265542,0.0,1645.76,825.3398031265542,0.0,0.0,0.8538108246504974,-0.4281224843920711
2023-09-01 00:00:00+00:00,825.3398031265542,0.0,1629.12,825.3398031265542,0.0,0.0,0.8538108246504974,-0.4281224843920711
2023-09-02 00:00:00+00:00,825.3398031265542,0.0,1637.03,825.3398031265542,0.0,0.0,0.8538108246504974,-0.4281224843920711
2023-09-03 00:00:00+00:00,825.3398031265542,0.0,1635.84,825.3398031265542,0.0,0.0,0.8538108246504974,-0.4281224843920711
2023-09-04 00:00:00+00:00,825.3398031265542,0.0,1630.51,825.3398031265542,0.0,0.0,0.8538108246504974,-0.4281224843920711
2023-09-05 00:00:00+00:00,825.3398031265542,0.0,1634.45,825.3398031265542,0.0,0.0,0.8538108246504974,-0.4281224843920711
2023-09-06 00:00:00+00:00,825.3398031265542,0.0,1633.15,825.3398031265542,0.0,0.0,0.8538108246504974,-0.4281224843920711
2023-09-07 00:00:00+00:00,825.3398031265542,0.0,1648.11,825.3398031265542,0.0,0.0,0.8538108246504974,-0.4281224843920711
2023-09-08 00:00:00+00:00,825.3398031265542,0.0,1636.44,825.3398031265542,0.0,0.0,0.8538108246504974,-0.4281224843920711
2023-09-09 00:00:00+00:00,825.3398031265542,0.0,1635.54,825.3398031265542,0.0,0.0,0.8538108246504974,-0.4281224843920711
2023-09-10 00:00:00+00:00,825.3398031265542,0.0,1617.42,825.3398031265542,0.0,0.0,0.8538108246504974,-0.4281224843920711
2023-09-11 00:00:00+00:00,825.3398031265542,0.0,1551.85,825.3398031265542,0.0,0.0,0.8538108246504974,-0.4281224843920711
2023-09-12 00:00:00+00:00,825.3398031265542,0.0,1592.97,825.3398031265542,0.0,0.0,0.8538108246504974,-0.4281224843920711
2023-09-13 00:00:00+00:00,825.3398031265542,0.0,1607.62,825.3398031265542,0.0,0.0,0.8538108246504974,-0.4281224843920711
2023-09-14 00:00:00+00:00,825.3398031265542,0.0,1626.47,825.3398031265542,0.0,0.0,0.8538108246504974,-0.4281224843920711
2023-09-15 00:00:00+00:00,825.3398031265542,0.0,1641.29,825.3398031265542,0.0,0.0,0.8538108246504974,-0.4281224843920711
2023-09-16 00:00:00+00:00,825.3398031265542,0.0,1634.4,825.3398031265542,0.0,0.0,0.8538108246504974,-0.4281224843920711
2023-09-17 00:00:00+00:00,825.3398031265542,0.0,1622.48,825.3398031265542,0.0,0.0,0.8538108246504974,-0.4281224843920711
2023-09-18 00:00:00+00:00,825.3398031265542,0.0,1636.66,825.3398031265542,0.0,0.0,0.8538108246504974,-0.4281224843920711
2023-09-19 00:00:00+00:00,825.3398031265542,0.0,1643.12,825.3398031265542,0.0,0.0,0.8538108246504974,-0.4281224843920711
2023-09-20 00:00:00+00:00,825.3398031265542,0.0,1622.26,825.3398031265542,0.0,0.0,0.8538108246504974,-0.4281224843920711
2023-09-21 00:00:00+00:00,825.3398031265542,0.0,1583.94,825.3398031265542,0.0,0.0,0.8538108246504974,-0.4281224843920711
2023-09-22 00:00:00+00:00,825.3398031265542,0.0,1593.08,825.3398031265542,0.0,0.0,0.8538108246504974,-0.4281224843920711
2023-09-23 00:00:00+00:00,825.3398031265542,0.0,1593.86,825.3398031265542,0.0,0.0,0.8538108246504974,-0.4281224843920711
2023-09-24 00:00:00+00:00,825.3398031265542,0.0,1580.71,825.3398031265542,0.0,0.0,0.8538108246504974,-0.4281224843920711
2023-09-25 00:00:00+00:00,825.3398031265542,0.0,1588.33,825.3398031265542,0.0,0.0,0.8538108246504974,-0.4281224843920711
2023-09-26 00:00:00+00:00,825.3398031265542,0.0,1594.01,825.3398031265542,0.0,0.0,0.8538108246504974,-0.4281224843920711
2023-09-27 00:00:00+00:00,865.3398031265542,0.0,1598.64,865.3398031265542,40.0,0.0,0.8538108246504974,-0.4281224843920711
2023-09-28 00:00:00+00:00,865.3398031265542,0.0,1652.99,865.3398031265542,0.0,0.0,0.8538108246504974,-0.4281224843920711
2023-09-29 00:00:00+00:00,865.3398031265542,0.0,1667.45,865.3398031265542,0.0,0.0,0.8538108246504974,-0.4281224843920711
2023-09-30 00:00:00+00:00,865.3398031265542,0.0,1670.89,865.3398031265542,0.0,0.0,0.8538108246504974,-0.4281224843920711
2023-10-01 00:00:00+00:00,865.3398031265542,0.0,1733.79,865.3398031265542,0.0,0.0,0.8538108246504974,-0.4281224843920711
2023-10-02 00:00:00+00:00,0.0,0.49835235098955055,1662.4,828.4609482850288,0.0,-0.04261777247305465,0.8174233091905113,-0.4524946302347056
2023-10-03 00:00:00+00:00,0.0,0.49835235098955055,1656.88,825.7100433075666,0.0,-0.0033205004812318917,0.814709054698974,-0.4543126220784883
2023-10-04 00:00:00+00:00,0.0,0.49835235098955055,1646.58,820.5770140923742,0.0,-0.006216503307421295,0.8096444131658518,-0.45770488946815546
2023-10-05 00:00:00+00:00,0.0,0.49835235098955055,1611.79,803.2393358014476,0.0,-0.021128642398183017,0.7925377258903837,-0.469162848932866
2023-10-06 00:00:00+00:00,0.0,0.49835235098955055,1645.03,819.8045679483404,0.0,0.0206230340180793,0.8088822583720323,-0.4582153763083481
2023-10-07 00:00:00+00:00,0.0,0.49835235098955055,1633.57,814.093450006,0.0,-0.006966438302037137,0.803247230025471,-0.46198968546228847
2023-10-08 00:00:00+00:00,0.0,0.49835235098955055,1632.84,813.7296527897777,0.0,-0.00044687402437604273,0.8028882797032206,-0.46223010829670175
2023-10-09 00:00:00+00:00,0.0,0.49835235098955055,1580.13,787.4615003691185,0.0,-0.03228117880502679,0.7769700995856607,-0.4795899543267358
2023-10-10 00:00:00+00:00,786.2807018493152,0.0,1567.63,786.2807018493152,0.0,-0.001499499999999876,0.7758050329213321,-0.4803703091902227
2023-10-11 00:00:00+00:00,786.2807018493152,0.0,1566.87,786.2807018493152,0.0,0.0,0.7758050329213321,-0.4803703091902227
2023-10-12 00:00:00+00:00,786.2807018493152,0.0,1539.61,786.2807018493152,0.0,0.0,0.7758050329213321,-0.4803703091902227
2023-10-13 00:00:00+00:00,786.2807018493152,0.0,1552.16,786.2807018493152,0.0,0.0,0.7758050329213321,-0.4803703091902227
2023-10-14 00:00:00+00:00,786.2807018493152,0.0,1554.94,786.2807018493152,0.0,0.0,0.7758050329213321,-0.4803703091902227
2023-10-15 00:00:00+00:00,786.2807018493152,0.0,1557.77,786.2807018493152,0.0,0.0,0.7758050329213321,-0.4803703091902227
2023-10-16 00:00:00+00:00,786.2807018493152,0.0,1599.42,786.2807018493152,0.0,0.0,0.7758050329213321,-0.4803703091902227
2023-10-17 00:00:00+00:00,786.2807018493152,0.0,1565.01,786.2807018493152,0.0,0.0,0.7758050329213321,-0.4803703091902227
2023-10-18 00:00:00+00:00,786.2807018493152,0.0,1563.44,786.2807018493152,0.0,0.0,0.7758050329213321,-0.4803703091902227
2023-10-19 00:00:00+00:00,786.2807018493152,0.0,1566.57,786.2807018493152,0.0,0.0,0.7758050329213321,-0.4803703091902227
2023-10-20 00:00:00+00:00,786.2807018493152,0.0,1603.89,786.2807018493152,0.0,0.0,0.7758050329213321,-0.4803703091902227
2023-10-21 00:00:00+00:00,786.2807018493152,0.0,1628.94,786.2807018493152,0.0,0.0,0.7758050329213321,-0.4803703091902227
2023-10-22 00:00:00+00:00,786.2807018493152,0.0,1663.7,786.2807018493152,0.0,0.0,0.7758050329213321,-0.4803703091902227
2023-10-23 00:00:00+00:00,786.2807018493152,0.0,1765.46,786.2807018493152,0.0,0.0,0.7758050329213321,-0.4803703091902227
2023-10-24 00:00:00+00:00,0.0,0.4446989500331442,1784.98,793.7787318301617,0.0,0.009536072757745817,0.7832031661610953,-0.4754150826515757
2023-10-25 00:00:00+00:00,0.0,0.4446989500331442,1787.15,794.7437285517337,0.0,0.0012156998957972842,0.7841553061685854,-0.47477734482221845
2023-10-26 00:00:00+00:00,0.0,0.4446989500331442,1803.38,801.9611925107716,0.0,0.00908149847522588,0.7912766113858957,-0.4700075360800674
2023-10-27 00:00:00+00:00,7.105427357601002e-15,0.4668461671770107,1779.4,830.7060698747729,40.0,-0.014034497854891637,0.7801714414807744,-0.47744571417806037
2023-10-28 00:00:00+00:00,7.105427357601002e-15,0.4668461671770107,1776.2,829.2121621398064,0.0,-0.0017983589974148728,0.7787684131494613,-0.478385454379606
2023-10-29 00:00:00+00:00,7.105427357601002e-15,0.4668461671770107,1795.14,838.054228546139,0.0,0.010663213602071897,0.7870725870854206,-0.472823367061708
2023-10-30 00:00:00+00:00,7.105427357601002e-15,0.4668461671770107,1809.04,844.5433902698994,0.0,0.007743128669630117,0.7931669913995617,-0.46874137056124443
2023-10-31 00:00:00+00:00,7.105427357601002e-15,0.4668461671770107,1814.67,847.1717341911061,0.0,0.003112147879538396,0.7956354443699657,-0.4670880151441502
2023-11-01 00:00:00+00:00,7.105427357601002e-15,0.4668461671770107,1846.99,862.2602023142671,0.0,0.017810400789124214,0.8098060305162277,-0.45759663910853987
2023-11-02 00:00:00+00:00,7.105427357601002e-15,0.4668461671770107,1800.8,840.6965778523609,0.0,-0.025008256677080065,0.7895541934464305,-0.47116120158022434
2023-11-03 00:00:00+00:00,7.105427357601002e-15,0.4668461671770107,1832.71,855.5936390469793,0.0,0.01771990226565978,0.8035450165877431,-0.46179022975793693
2023-11-04 00:00:00+00:00,7.105427357601002e-15,0.4668461671770107,1855.54,866.2517370436304,0.0,0.012456962640024827,0.8135547468389548,-0.4550857707575352
2023-11-05 00:00:00+00:00,7.105427357601002e-15,0.4668461671770107,1891.71,883.137562910423,0.0,0.019492977785442456,0.8294133514463278,-0.44446376979194036
2023-11-06 00:00:00+00:00,7.105427357601002e-15,0.4668461671770107,1900.95,887.4512214951385,0.0,0.004884469606863506,0.8334645957529941,-0.44175026995997757
2023-11-07 00:00:00+00:00,7.105427357601002e-15,0.4668461671770107,1885.27,880.131073593803,0.0,-0.008248507325284704,0.8265897569295602,-0.4463549969475509
2023-11-08 00:00:00+00:00,7.105427357601002e-15,0.4668461671770107,1888.12,881.4615851702574,0.0,0.001511719806712053,0.8278393290371359,-0.44551804083054936
2023-11-09 00:00:00+00:00,7.105427357601002e-15,0.4668461671770107,2121.32,990.3301113559364,0.0,0.12350909899794527,0.9300850186815761,-0.377034473642915
2023-11-10 00:00:00+00:00,7.105427357601002e-15,0.4668461671770107,2077.72,969.9756184670186,0.0,-0.020553240435200792,0.9109687576674355,-0.38983843388897366
2023-11-11 00:00:00+00:00,7.105427357601002e-15,0.4668461671770107,2053.17,958.5145450628231,0.0,-0.01181583659010832,0.9002048996881431,-0.39704800324770606
2023-11-12 00:00:00+00:00,7.105427357601002e-15,0.4668461671770107,2044.68,954.5510211034903,0.0,-0.004135069185698281,0.8964824901466281,-0.3995412514699317
2023-11-13 00:00:00+00:00,7.105427357601002e-15,0.4668461671770107,2053.65,958.7386312230681,0.0,0.0043869945419332534,0.90041535393784,-0.3969070422174742
2023-11-14 00:00:00+00:00,7.105427357601002e-15,0.4668461671770107,1979.39,924.0706348485033,0.0,-0.036160007791006143,0.8678563277243061,-0.41871488826959136
2023-11-15 00:00:00+00:00,7.105427357601002e-15,0.4668461671770107,2058.48,960.9934982105331,0.0,0.0399567543536139,0.9025330498254156,-0.3954886218507664
2023-11-16 00:00:00+00:00,7.105427357601002e-15,0.4668461671770107,1961.77,915.8448053828444,0.0,-0.04698126773153011,0.8601309029750134,-0.4238893327543518
2023-11-17 00:00:00+00:00,7.105427357601002e-15,0.4668461671770107,1960.82,915.4013015240262,0.0,-0.00048425656422523833,0.8597143789391547,-0.42416831812668576
2023-11-18 00:00:00+00:00,7.105427357601002e-15,0.4668461671770107,1962.6,916.2322877016012,0.0,0.0009077834783406402,0.8604948134484476,-0.42364558763957594
2023-11-19 00:00:00+00:00,7.105427357601002e-15,0.4668461671770107,2011.47,939.0470598915417,0.0,0.024900642005502904,0.8819216867457194,-0.40929399274909706
2023-11-20 00:00:00+00:00,7.105427357601002e-15,0.4668461671770107,2021.4,943.6828423316095,0.0,0.004936688093782227,0.8862754590363253,-0.40637786143617594
2023-11-21 00:00:00+00:00,7.105427357601002e-15,0.4668461671770107,1933.01,902.4183096148334,0.0,-0.04372711981794808,0.8475211858473369,-0.43233524781574284
2023-11-22 00:00:00+00:00,7.105427357601002e-15,0.4668461671770107,2063.21,963.2016805812804,0.0,0.06735609231199025,0.9046069010776376,-0.394099568365357
2023-11-23 00:00:00+00:00,7.105427357601002e-15,0.4668461671770107,2062.2,962.7301659524314,0.0,-0.0004895284532356881,0.9041640702605668,-0.39439617386646986
2023-11-24 00:00:00+00:00,7.105427357601002e-15,0.4668461671770107,2080.84,971.4321785086111,0.0,0.009038890505285835,0.9123367102904656,-0.38892218719246674
2023-11-25 00:00:00+00:00,7.105427357601002e-15,0.4668461671770107,2083.09,972.4825823847593,0.0,0.0010812940927702464,0.9133232145859201,-0.38826143236325494
2023-11-26 00:00:00+00:00,7.105427357601002e-15,0.4668461671770107,2062.33,962.7908559541645,0.0,-0.00996596402459815,0.9042210682865265,-0.394357996920782
2023-11-27 00:00:00+00:00,0.0,0.4862125519268955,2027.5,985.7959490317807,40.0,-0.0176517120174986,0.8882600183889778,-0.40504861514483737
2023-11-28 00:00:00+00:00,0.0,0.4862125519268955,2048.14,995.8313761035516,0.0,0.010180024660912279,0.8973025272814801,-0.39899199537496777
2023-11-29 00:00:00+00:00,0.0,0.4862125519268955,2028.81,986.4328874748048,0.0,-0.009437831398244168,0.8888339373157791,-0.40466420759161403
2023-11-30 00:00:00+00:00,0.0,0.4862125519268955,2051.96,997.6887080519125,0.0,0.01141062987662722,0.8989760923962747,-0.3978710512121333
2023-12-01 00:00:00+00:00,0.0,0.4862125519268955,2087.24,1014.8422868838933,0.0,0.01719331760853038,0.9144324738753195,-0.38751845695433307
2023-12-02 00:00:00+00:00,0.0,0.4862125519268955,2164.74,1052.5237596582276,0.0,0.03713037312431733,0.9483856928273027,-0.36477678872928976
2023-12-03 00:00:00+00:00,0.0,0.4862125519268955,2192.95,1066.2398157480854,0.0,0.013031588089100765,0.9607446645258245,-0.35649882149537404
2023-12-04 00:00:00+00:00,0.0,0.4862125519268955,2243.37,1090.7546526162396,0.0,0.02299186027953226,0.9828339716169083,-0.34170353230948136
2023-12-05 00:00:00+00:00,0.0,0.4862125519268955,2293.33,1115.0458317105072,0.0,0.022270066908267383,1.0047217499245351,-0.3270432259285374
2023-12-06 00:00:00+00:00,0.0,0.4862125519268955,2232.7,1085.5667646871796,0.0,-0.02643753842665464,0.9781593800528096,-0.3448345465025292
2023-12-07 00:00:00+00:00,0.0,0.4862125519268955,2355.73,1145.3854949507456,0.0,0.05510368611994454,1.0320595675065192,-0.30873251499637344
2023-12-08 00:00:00+00:00,0.0,0.4862125519268955,2358.72,1146.839270481007,0.0,0.0012692456266210073,1.0333695045989892,-0.30785512676420723
2023-12-09 00:00:00+00:00,0.0,0.4862125519268955,2340.49,1137.9756156593796,0.0,-0.007728768145434772,1.025382831289381,-0.3132045540124979
2023-12-10 00:00:00+00:00,0.0,0.4862125519268955,2352.39,1143.7615450273097,0.0,0.005084405402287606,1.0305962932962016,-0.30971260753665253
2023-12-11 00:00:00+00:00,0.0,0.4862125519268955,2225.12,1081.8812735435736,0.0,-0.05410242349270333,0.9748385361862802,-0.3470588283753785
2023-12-12 00:00:00+00:00,0.0,0.4862125519268955,2203.46,1071.3499096688372,0.0,-0.009734306464370346,0.9653491591217648,-0.35341475784317755
2023-12-13 00:00:00+00:00,0.0,0.4862125519268955,2260.16,1098.9181613630922,0.0,0.025732257449647467,0.9901897722130867,-0.33677665992885564
2023-12-14 00:00:00+00:00,0.0,0.4862125519268955,2315.32,1125.7376457273797,0.0,0.024405351833498568,1.0143557019858789,-0.32059046097023125
2023-12-15 00:00:00+00:00,0.0,0.4862125519268955,2220.5,1079.6349715536714,0.0,-0.04095330235129491,0.9728144862306912,-0.3484145252424713
2023-12-16 00:00:00+00:00,0.0,0.4862125519268955,2228.96,1083.748329742973,0.0,0.0038099527133528266,0.9765208634220948,-0.34593201539493756
2023-12-17 00:00:00+00:00,0.0,0.4862125519268955,2196.52,1067.9755945584645,0.0,-0.014553872658100708,0.9623087031278711,-0.3554512375526202
2023-12-18 00:00:00+00:00,0.0,0.4862125519268955,2219.43,1079.1147241231097,0.0,0.010430134940724312,0.9723457127561282,-0.34872850698441715
2023-12-19 00:00:00+00:00,0.0,0.4862125519268955,2177.91,1058.927178967105,0.0,-0.01870750598126547,0.9541555495188851,-0.3609121723354338
2023-12-20 00:00:00+00:00,0.0,0.4862125519268955,2202.17,1070.7226954768514,0.0,0.011139119614676396,0.9647840023159833,-0.35379329657879455
2023-12-21 00:00:00+00:00,0.0,0.4862125519268955,2239.61,1088.9264934209946,0.0,0.017001412243378367,0.9811866928651738,-0.34280687001949606
2023-12-22 00:00:00+00:00,0.0,0.4862125519268955,2324.54,1130.2205254561457,0.0,0.0379217810243746,1.0183950397760373,-0.317884936053652
2023-12-23 00:00:00+00:00,0.0,0.4862125519268955,2308.2,1122.27581235766,0.0,-0.00702934774191899,1.011236386902806,-0.32267976003813226
2023-12-24 00:00:00+00:00,0.0,0.4862125519268955,2264.05,1100.8095281900878,0.0,-0.01912745862576881,0.9918940047514506,-0.33563517490439865
2023-12-25 00:00:00+00:00,0.0,0.4862125519268955,2271.35,1104.358879819154,0.0,0.003224310417172749,0.9950921789237019,-0.33349305647803984
2023-12-26 00:00:00+00:00,0.0,0.4862125519268955,2230.88,1084.6818578426726,0.0,-0.017817597464063195,0.9773620270400019,-0.3453686089047172
2023-12-27 00:00:00+00:00,0.0,0.5041158322131849,2378.35,1198.9638895442283,40.0,0.06848278245318462,1.0442944981157858,-0.3005376297613134
2023-12-28 00:00:00+00:00,0.0,0.5041158322131849,2344.15,1181.7231280825374,0.0,-0.014379717030714612,1.0292778387361488,-0.3105957007189786
2023-12-29 00:00:00+00:00,0.0,0.5041158322131849,2299.2,1159.0631214245545,0.0,-0.0191753940660796,1.0095410305749004,-0.3238152998285416
2023-12-30 00:00:00+00:00,0.0,0.5041158322131849,2291.68,1155.2721703663115,0.0,-0.0032707028531662186,1.0062391218458107,-0.3260268990566597
2023-12-31 00:00:00+00:00,0.0,0.5041158322131849,2281.87,1150.3267940523,0.0,-0.004280702366822653,1.0019317116553357,-0.32891197730504274
2024-01-01 00:00:00+00:00,0.0,0.5041158322131849,2352.04,1185.7006019986993,0.0,0.030751094497057263,1.0327422084000473,-0.3082752861033068
2024-01-02 00:00:00+00:00,0.0,0.5041158322131849,2355.34,1187.364184245003,0.0,0.0014030373633102666,1.0341911843051002,-0.3073047704845846
2024-01-03 00:00:00+00:00,0.0,0.5041158322131849,2209.72,1113.9548367581187,0.0,-0.061825468934421535,0.9702518293675926,-0.35013097787801184
2024-01-04 00:00:00+00:00,0.0,0.5041158322131849,2267.11,1142.8860443688336,0.0,0.025971616313379187,0.9954508376072819,-0.33325282898150865
2024-01-05 00:00:00+00:00,0.0,0.5041158322131849,2268.78,1143.7279178086296,0.0,0.0007366206315528867,0.99618410723196,-0.33276168925930694
2024-01-06 00:00:00+00:00,0.0,0.5041158322131849,2240.78,1129.6126745066606,0.0,-0.012341434603619472,0.9838897662193917,-0.34099636723634275
2024-01-07 00:00:00+00:00,0.0,0.5041158322131849,2221.42,1119.8529919950133,0.0,-0.008639848624139801,0.9753891075764158,-0.346690058866179
2024-01-08 00:00:00+00:00,0.0,0.5041158322131849,2330.44,1174.8117000228947,0.0,0.049076716694726796,1.023258002476066,-0.3146277519713059
2024-01-09 00:00:00+00:00,0.0,0.5041158322131849,2344.29,1181.7937042990472,0.0,0.005943083709514019,1.0293393104412114,-0.3105545273290935
2024-01-10 00:00:00+00:00,0.0,0.5041158322131849,2584.38,1302.8268744551108,0.0,0.10241480362924382,1.1347588937879094,-0.23994510463243135
2024-01-11 00:00:00+00:00,0.0,0.5041158322131849,2618.01,1319.7802898924404,0.0,0.013012792236436033,1.1495252755112195,-0.23005466819072695
2024-01-12 00:00:00+00:00,0.0,0.5041158322131849,2522.54,1271.6523513910474,0.0,-0.036466629233654735,1.107605963494437,-0.25813197913599906
2024-01-13 00:00:00+00:00,0.0,0.5041158322131849,2578.19,1299.7063974537111,0.0,0.022061097148112552,1.1320409662569166,-0.24176555665664035
2024-01-14 00:00:00+00:00,0.0,0.5041158322131849,2472.87,1246.6129180050184,0.0,-0.04085036401506492,1.0857966807053558,-0.2727397096759766
2024-01-15 00:00:00+00:00,0.0,0.5041158322131849,2511.78,1266.2280650364337,0.0,0.01573475354547571,1.1028814238767501,-0.2612964482443171
2024-01-16 00:00:00+00:00,0.0,0.5041158322131849,2587.4,1304.3493042683947,0.0,0.03010613986893751,1.1360849262828365,-0.23905693579347953
2024-01-17 00:00:00+00:00,0.0,0.5041158322131849,2530.19,1275.5088375074783,0.0,-0.02211099945891626,1.1109649530925139,-0.25588214747441596
2024-01-18 00:00:00+00:00,0.0,0.5041158322131849,2470.81,1245.5744393906593,0.0,-0.023468593267699345,1.084892168473717,-0.2733455466985728
2024-01-19 00:00:00+00:00,0.0,0.5041158322131849,2492.0,1256.2566538752567,0.0,0.008576134951695957,1.0941963501185856,-0.2671136600438089
2024-01-20 00:00:00+00:00,0.0,0.5041158322131849,2472.01,1246.1793783893154,0.0,-0.008021669341893856,1.0854190688028271,-0.2729926319281284
2024-01-21 00:00:00+00:00,0.0,0.5041158322131849,2457.05,1238.6378055394061,0.0,-0.0060517554540636675,1.078850378033255,-0.27739230273300175
2024-01-22 00:00:00+00:00,0.0,0.5041158322131849,2314.2,1166.6248589077525,0.0,-0.05813882501373613,1.0161272846887766,-0.31940386519798647
2024-01-23 00:00:00+00:00,1164.8704713327152,0.0,2242.6,1164.8704713327152,0.0,-0.0015038146681357611,1.0145992175733687,-0.32042735564857827
2024-01-24 00:00:00+00:00,1164.8704713327152,0.0,2235.02,1164.8704713327152,0.0,0.0,1.0145992175733687,-0.32042735564857827
2024-01-25 00:00:00+00:00,1164.8704713327152,0.0,2218.64,1164.8704713327152,0.0,0.0,1.0145992175733687,-0.32042735564857827
2024-01-26 00:00:00+00:00,1164.8704713327152,0.0,2267.68,1164.8704713327152,0.0,0.0,1.0145992175733687,-0.32042735564857827
2024-01-27 00:00:00+00:00,1204.8704713327152,0.0,2267.94,1204.8704713327152,40.0,0.0,1.0145992175733687,-0.32042735564857827
2024-01-28 00:00:00+00:00,1204.8704713327152,0.0,2256.9,1204.8704713327152,0.0,0.0,1.0145992175733687,-0.32042735564857827
2024-01-29 00:00:00+00:00,1204.8704713327152,0.0,2317.6,1204.8704713327152,0.0,0.0,1.0145992175733687,-0.32042735564857827
2024-01-30 00:00:00+00:00,1204.8704713327152,0.0,2343.01,1204.8704713327152,0.0,0.0,1.0145992175733687,-0.32042735564857827
2024-01-31 00:00:00+00:00,1204.8704713327152,0.0,2283.14,1204.8704713327152,0.0,0.0,1.0145992175733687,-0.32042735564857827
2024-02-01 00:00:00+00:00,1204.8704713327152,0.0,2304.28,1204.8704713327152,0.0,0.0,1.0145992175733687,-0.32042735564857827
2024-02-02 00:00:00+00:00,1204.8704713327152,0.0,2309.06,1204.8704713327152,0.0,0.0,1.0145992175733687,-0.32042735564857827
2024-02-03 00:00:00+00:00,1204.8704713327152,0.0,2296.49,1204.8704713327152,0.0,0.0,1.0145992175733687,-0.32042735564857827
2024-02-04 00:00:00+00:00,1204.8704713327152,0.0,2289.79,1204.8704713327152,0.0,0.0,1.0145992175733687,-0.32042735564857827
2024-02-05 00:00:00+00:00,1204.8704713327152,0.0,2301.83,1204.8704713327152,0.0,0.0,1.0145992175733687,-0.32042735564857827
2024-02-06 00:00:00+00:00,1204.8704713327152,0.0,2372.64,1204.8704713327152,0.0,0.0,1.0145992175733687,-0.32042735564857827
2024-02-07 00:00:00+00:00,1204.8704713327152,0.0,2425.1,1204.8704713327152,0.0,0.0,1.0145992175733687,-0.32042735564857827
2024-02-08 00:00:00+00:00,1204.8704713327152,0.0,2419.55,1204.8704713327152,0.0,0.0,1.0145992175733687,-0.32042735564857827
2024-02-09 00:00:00+00:00,1204.8704713327152,0.0,2486.56,1204.8704713327152,0.0,0.0,1.0145992175733687,-0.32042735564857827
2024-02-10 00:00:00+00:00,1204.8704713327152,0.0,2500.24,1204.8704713327152,0.0,0.0,1.0145992175733687,-0.32042735564857827
2024-02-11 00:00:00+00:00,1204.8704713327152,0.0,2507.21,1204.8704713327152,0.0,0.0,1.0145992175733687,-0.32042735564857827
2024-02-12 00:00:00+00:00,1204.8704713327152,0.0,2659.99,1204.8704713327152,0.0,0.0,1.0145992175733687,-0.32042735564857827
2024-02-13 00:00:00+00:00,0.0,0.4522818777109091,2639.99,1194.0196343380228,0.0,-0.009005812037778838,1.0054619277262256,-0.32654745914962335
2024-02-14 00:00:00+00:00,0.0,0.4522818777109091,2774.81,1254.9962770910076,0.0,0.05106837525899732,1.0568092347599833,-0.29215533207435107
2024-02-15 00:00:00+00:00,0.0,0.4522818777109091,2822.59,1276.606305208035,0.0,0.017219196990064356,1.0750066411542347,-0.2799668152989726
2024-02-16 00:00:00+00:00,0.0,0.4522818777109091,2801.8,1267.2033649704251,0.0,-0.007365575588378137,1.0670885984808047,-0.28527027414702866
2024-02-17 00:00:00+00:00,0.0,0.4522818777109091,2785.93,1260.025651571153,0.0,-0.005664215861232003,1.06104437831595,-0.28931865759669906
2024-02-18 00:00:00+00:00,0.0,0.4522818777109091,2881.2,1303.1145460606713,0.0,0.03419683911656057,1.0973287422167515,-0.26501560206739205
2024-02-19 00:00:00+00:00,0.0,0.4522818777109091,2944.8,1331.8796734830853,0.0,0.022074135776759762,1.1215513258641852,-0.24879145667362756
2024-02-20 00:00:00+00:00,0.0,0.4522818777109091,3014.81,1363.5439277416258,0.0,0.023774110296115092,1.1482152107880343,-0.23093214190920253
2024-02-21 00:00:00+00:00,0.0,0.4522818777109091,2967.9,1342.327384858207,0.0,-0.01555985285971584,1.1303491510568848,-0.2428987246202322
2024-02-22 00:00:00+00:00,0.0,0.4522818777109091,2971.4,1343.9103714301953,0.0,0.001179285016341458,1.1316821548739604,-0.24200588643032395
2024-02-23 00:00:00+00:00,0.0,0.4522818777109091,2922.24,1321.676194321927,0.0,-0.016544389849902474,1.1129591641175478,-0.254546436549152
2024-02-24 00:00:00+00:00,0.0,0.4522818777109091,2992.62,1353.5077928752207,0.0,0.024084264126149835,1.1397639665877737,-0.23659273603322217
2024-02-25 00:00:00+00:00,0.0,0.4522818777109091,3112.59,1407.7680497441986,0.0,0.04008861800028085,1.1854555288547959,-0.20598879384941837
2024-02-26 00:00:00+00:00,0.0,0.4522818777109091,3175.94,1436.4201066971848,0.0,0.020352825139192898,1.209582897943867,-0.189828422612076
2024-02-27 00:00:00+00:00,0.0,0.4648576644597803,3242.36,1507.2358969378133,40.0,0.02145318775263072,1.235532306955828,-0.17244765965052788
2024-02-28 00:00:00+00:00,0.0,0.4648576644597803,3383.1,1572.6599646338825,0.0,0.043406654412218026,1.28916263081899,-0.13652638120495608
2024-02-29 00:00:00+00:00,0.0,0.4648576644597803,3340.09,1552.6664364854676,0.0,-0.012713192042800858,1.272773258718986,-0.14750388714458962
2024-03-01 00:00:00+00:00,0.0,0.4648576644597803,3433.43,1596.0562508861433,0.0,0.02794535476588944,1.3083413589704251,-0.12368058083430344
2024-03-02 00:00:00+00:00,0.0,0.4648576644597803,3421.4,1590.4640131826923,0.0,-0.0035037848448926656,1.3037572123449184,-0.12675101553446133
2024-03-03 00:00:00+00:00,0.0,0.4648576644597803,3487.81,1621.3352106794662,0.0,0.019410182966037137,1.3290633783798238,-0.1098010929710791
2024-03-04 00:00:00+00:00,0.0,0.4648576644597803,3627.76,1686.3920408206127,0.0,0.04012546555001584,1.3823926651827911,-0.07408144739442835
2024-03-05 00:00:00+00:00,0.0,0.4648576644597803,3553.65,1651.9414393074983,0.0,-0.020428584029814623,1.3541523404599052,-0.09299665235109555
2024-03-06 00:00:00+00:00,0.0,0.4648576644597803,3818.59,1775.1008289294725,0.0,0.07455433146201806,1.4551102629006205,-0.025375624133319064
2024-03-07 00:00:00+00:00,0.0,0.4648576644597803,3868.76,1798.4227379554197,0.0,0.013138357351797358,1.4742280215208767,-0.01257066079941016
2024-03-08 00:00:00+00:00,0.0,0.4648576644597803,3883.36,1805.2096598565324,0.0,0.0037738190014371398,1.4797914912409433,-0.008844281196558446
2024-03-09 00:00:00+00:00,0.0,0.4648576644597803,3905.21,1815.3667998249784,0.0,0.0056265708046638885,1.4881176428425498,-0.003267473366263207
2024-03-10 00:00:00+00:00,0.0,0.4648576644597803,3878.47,1802.936505877324,0.0,-0.006847263015305138,1.477928109944291,-0.010092363132034099
2024-03-11 00:00:00+00:00,0.0,0.4648576644597803,4064.8,1889.553434496115,0.0,0.0480421403285316,1.548930939597716,0.0
2024-03-12 00:00:00+00:00,0.0,0.4648576644597803,3979.96,1850.1149102433471,0.0,-0.02087187561503645,1.5166018456901509,-0.02087187561503645
2024-03-13 00:00:00+00:00,0.0,0.4648576644597803,4004.79,1861.6573260518835,0.0,0.006238756168403636,1.5260635548099626,-0.014763333989372351
2024-03-14 00:00:00+00:00,0.0,0.4648576644597803,3881.7,1804.437996133529,0.0,-0.030735694006427394,1.4791589323549628,-0.0450452666797877
2024-03-15 00:00:00+00:00,0.0,0.4648576644597803,3742.19,1739.585703364745,0.0,-0.03594043846768169,1.4259973117627376,-0.07936675851210406
2024-03-16 00:00:00+00:00,0.0,0.4648576644597803,3523.09,1637.7353890816073,0.0,-0.05854860389237315,1.342507160004752,-0.1332685494981305
2024-03-17 00:00:00+00:00,0.0,0.4648576644597803,3644.71,1694.2713782332057,0.0,0.03452083256459515,1.3888516248920462,-0.10334825821688676
2024-03-18 00:00:00+00:00,0.0,0.4648576644597803,3520.46,1636.512813424078,0.0,-0.03409050377121903,1.3415049733360003,-0.13391556780161407
2024-03-19 00:00:00+00:00,0.0,0.4648576644597803,3158.64,1468.3180132692403,0.0,-0.10277634172806971,1.2036299997665145,-0.22292855737059658
2024-03-20 00:00:00+00:00,1466.1209120144472,0.0,3516.53,1466.1209120144472,0.0,-0.0014963388277865475,1.201828961463575,-0.2240913195421671
2024-03-21 00:00:00+00:00,1466.1209120144472,0.0,3492.85,1466.1209120144472,0.0,0.0,1.201828961463575,-0.2240913195421671
2024-03-22 00:00:00+00:00,1466.1209120144472,0.0,3336.35,1466.1209120144472,0.0,0.0,1.201828961463575,-0.2240913195421671
2024-03-23 00:00:00+00:00,1466.1209120144472,0.0,3329.53,1466.1209120144472,0.0,0.0,1.201828961463575,-0.2240913195421671
2024-03-24 00:00:00+00:00,1466.1209120144472,0.0,3454.98,1466.1209120144472,0.0,0.0,1.201828961463575,-0.2240913195421671
2024-03-25 00:00:00+00:00,1466.1209120144472,0.0,3590.42,1466.1209120144472,0.0,0.0,1.201828961463575,-0.2240913195421671
2024-03-26 00:00:00+00:00,1466.1209120144472,0.0,3587.33,1466.1209120144472,0.0,0.0,1.201828961463575,-0.2240913195421671
2024-03-27 00:00:00+00:00,1506.1209120144472,0.0,3501.19,1506.1209120144472,40.0,0.0,1.201828961463575,-0.2240913195421671
2024-03-28 00:00:00+00:00,1506.1209120144472,0.0,3560.49,1506.1209120144472,0.0,0.0,1.201828961463575,-0.2240913195421671
2024-03-29 00:00:00+00:00,1506.1209120144472,0.0,3509.74,1506.1209120144472,0.0,0.0,1.201828961463575,-0.2240913195421671
2024-03-30 00:00:00+00:00,1506.1209120144472,0.0,3505.64,1506.1209120144472,0.0,0.0,1.201828961463575,-0.2240913195421671
2024-03-31 00:00:00+00:00,1506.1209120144472,0.0,3645.29,1506.1209120144472,0.0,0.0,1.201828961463575,-0.2240913195421671
2024-04-01 00:00:00+00:00,1506.1209120144472,0.0,3503.8,1506.1209120144472,0.0,0.0,1.201828961463575,-0.2240913195421671
2024-04-02 00:00:00+00:00,1506.1209120144472,0.0,3278.96,1506.1209120144472,0.0,0.0,1.201828961463575,-0.2240913195421671
2024-04-03 00:00:00+00:00,1506.1209120144472,0.0,3310.83,1506.1209120144472,0.0,0.0,1.201828961463575,-0.2240913195421671
2024-04-04 00:00:00+00:00,1506.1209120144472,0.0,3327.4,1506.1209120144472,0.0,0.0,1.201828961463575,-0.2240913195421671
2024-04-05 00:00:00+00:00,1506.1209120144472,0.0,3317.85,1506.1209120144472,0.0,0.0,1.201828961463575,-0.2240913195421671
2024-04-06 00:00:00+00:00,1506.1209120144472,0.0,3351.59,1506.1209120144472,0.0,0.0,1.201828961463575,-0.2240913195421671
2024-04-07 00:00:00+00:00,1506.1209120144472,0.0,3454.2,1506.1209120144472,0.0,0.0,1.201828961463575,-0.2240913195421671
2024-04-08 00:00:00+00:00,1506.1209120144472,0.0,3694.61,1506.1209120144472,0.0,0.0,1.201828961463575,-0.2240913195421671
2024-04-09 00:00:00+00:00,2.2737367544323206e-13,0.40704279031804713,3506.39,1427.2507695432976,0.0,-0.05236640819604599,1.1388934954857435,-0.26472287022587737
2024-04-10 00:00:00+00:00,2.2737367544323206e-13,0.40704279031804713,3545.64,1443.2271990632808,0.0,0.011193848944355711,1.1516420972379202,-0.2564922891029464
2024-04-11 00:00:00+00:00,2.2737367544323206e-13,0.40704279031804713,3502.52,1425.6755139447666,0.0,-0.012161415146489718,1.1376364995932358,-0.2655343950397817
2024-04-12 00:00:00+00:00,2.2737367544323206e-13,0.40704279031804713,3237.43,1317.7725406593554,0.0,-0.07568550643536665,1.051533904982164,-0.32112279631055385
2024-04-13 00:00:00+00:00,2.2737367544323206e-13,0.40704279031804713,3007.01,1223.9817409142713,0.0,-0.07117373966386897,0.9766923045812319,-0.36944102566968173
2024-04-14 00:00:00+00:00,1222.1463802937706,0.0,3155.11,1222.1463802937706,0.0,-0.001499499999999876,0.9752277544705125,-0.37038654885169
2024-04-15 00:00:00+00:00,1222.1463802937706,0.0,3101.99,1222.1463802937706,0.0,0.0,0.9752277544705125,-0.37038654885169
2024-04-16 00:00:00+00:00,1222.1463802937706,0.0,3084.22,1222.1463802937706,0.0,0.0,0.9752277544705125,-0.37038654885169
2024-04-17 00:00:00+00:00,1222.1463802937706,0.0,2985.41,1222.1463802937706,0.0,0.0,0.9752277544705125,-0.37038654885169
2024-04-18 00:00:00+00:00,1222.1463802937706,0.0,3064.4,1222.1463802937706,0.0,0.0,0.9752277544705125,-0.37038654885169
2024-04-19 00:00:00+00:00,1222.1463802937706,0.0,3056.46,1222.1463802937706,0.0,0.0,0.9752277544705125,-0.37038654885169
2024-04-20 00:00:00+00:00,1222.1463802937706,0.0,3155.79,1222.1463802937706,0.0,0.0,0.9752277544705125,-0.37038654885169
2024-04-21 00:00:00+00:00,1222.1463802937706,0.0,3147.67,1222.1463802937706,0.0,0.0,0.9752277544705125,-0.37038654885169
2024-04-22 00:00:00+00:00,1222.1463802937706,0.0,3200.2,1222.1463802937706,0.0,0.0,0.9752277544705125,-0.37038654885169
2024-04-23 00:00:00+00:00,1222.1463802937706,0.0,3219.46,1222.1463802937706,0.0,0.0,0.9752277544705125,-0.37038654885169
2024-04-24 00:00:00+00:00,1222.1463802937706,0.0,3140.8,1222.1463802937706,0.0,0.0,0.9752277544705125,-0.37038654885169
2024-04-25 00:00:00+00:00,1222.1463802937706,0.0,3155.8,1222.1463802937706,0.0,0.0,0.9752277544705125,-0.37038654885169
2024-04-26 00:00:00+00:00,1222.1463802937706,0.0,3131.3,1222.1463802937706,0.0,0.0,0.9752277544705125,-0.37038654885169
2024-04-27 00:00:00+00:00,1262.1463802937706,0.0,3255.56,1262.1463802937706,40.0,0.0,0.9752277544705125,-0.37038654885169
2024-04-28 00:00:00+00:00,1262.1463802937706,0.0,3263.45,1262.1463802937706,0.0,0.0,0.9752277544705125,-0.37038654885169
2024-04-29 00:00:00+00:00,1262.1463802937706,0.0,3216.73,1262.1463802937706,0.0,0.0,0.9752277544705125,-0.37038654885169
2024-04-30 00:00:00+00:00,1262.1463802937706,0.0,3014.05,1262.1463802937706,0.0,0.0,0.9752277544705125,-0.37038654885169
2024-05-01 00:00:00+00:00,1262.1463802937706,0.0,2972.46,1262.1463802937706,0.0,0.0,0.9752277544705125,-0.37038654885169
2024-05-02 00:00:00+00:00,1262.1463802937706,0.0,2986.19,1262.1463802937706,0.0,0.0,0.9752277544705125,-0.37038654885169
2024-05-03 00:00:00+00:00,1262.1463802937706,0.0,3102.61,1262.1463802937706,0.0,0.0,0.9752277544705125,-0.37038654885169
2024-05-04 00:00:00+00:00,1262.1463802937706,0.0,3117.23,1262.1463802937706,0.0,0.0,0.9752277544705125,-0.37038654885169
2024-05-05 00:00:00+00:00,1262.1463802937706,0.0,3136.41,1262.1463802937706,0.0,0.0,0.9752277544705125,-0.37038654885169
2024-05-06 00:00:00+00:00,1262.1463802937706,0.0,3062.6,1262.1463802937706,0.0,0.0,0.9752277544705125,-0.37038654885169
2024-05-07 00:00:00+00:00,1262.1463802937706,0.0,3005.69,1262.1463802937706,0.0,0.0,0.9752277544705125,-0.37038654885169
2024-05-08 00:00:00+00:00,1262.1463802937706,0.0,2974.21,1262.1463802937706,0.0,0.0,0.9752277544705125,-0.37038654885169
2024-05-09 00:00:00+00:00,1262.1463802937706,0.0,3036.23,1262.1463802937706,0.0,0.0,0.9752277544705125,-0.37038654885169
2024-05-10 00:00:00+00:00,1262.1463802937706,0.0,2909.99,1262.1463802937706,0.0,0.0,0.9752277544705125,-0.37038654885169
2024-05-11 00:00:00+00:00,1262.1463802937706,0.0,2912.45,1262.1463802937706,0.0,0.0,0.9752277544705125,-0.37038654885169
2024-05-12 00:00:00+00:00,1262.1463802937706,0.0,2929.29,1262.1463802937706,0.0,0.0,0.9752277544705125,-0.37038654885169
2024-05-13 00:00:00+00:00,1262.1463802937706,0.0,2950.99,1262.1463802937706,0.0,0.0,0.9752277544705125,-0.37038654885169
2024-05-14 00:00:00+00:00,1262.1463802937706,0.0,2881.93,1262.1463802937706,0.0,0.0,0.9752277544705125,-0.37038654885169
2024-05-15 00:00:00+00:00,1262.1463802937706,0.0,3032.55,1262.1463802937706,0.0,0.0,0.9752277544705125,-0.37038654885169
2024-05-16 00:00:00+00:00,1262.1463802937706,0.0,2944.7,1262.1463802937706,0.0,0.0,0.9752277544705125,-0.37038654885169
2024-05-17 00:00:00+00:00,1262.1463802937706,0.0,3092.01,1262.1463802937706,0.0,0.0,0.9752277544705125,-0.37038654885169
2024-05-18 00:00:00+00:00,1262.1463802937706,0.0,3122.94,1262.1463802937706,0.0,0.0,0.9752277544705125,-0.37038654885169
2024-05-19 00:00:00+00:00,1262.1463802937706,0.0,3071.19,1262.1463802937706,0.0,0.0,0.9752277544705125,-0.37038654885169
2024-05-20 00:00:00+00:00,1262.1463802937706,0.0,3661.78,1262.1463802937706,0.0,0.0,0.9752277544705125,-0.37038654885169
2024-05-21 00:00:00+00:00,0.0,0.3441637469968005,3789.6,1304.2429356190753,0.0,0.03335314824220825,1.0077546703352833,-0.3493869580802521
2024-05-22 00:00:00+00:00,0.0,0.3441637469968005,3737.73,1286.3911620623512,0.0,-0.013687460417986075,0.9939610681740285,-0.3582921983389542
2024-05-23 00:00:00+00:00,0.0,0.3441637469968005,3783.61,1302.1813947745645,0.0,0.012274829910132734,1.0061617712231585,-0.3504153442215596
2024-05-24 00:00:00+00:00,0.0,0.3441637469968005,3728.28,1283.1388146532315,0.0,-0.014623600212495536,0.9914480637316947,-0.35991461053183504
2024-05-25 00:00:00+00:00,0.0,0.3441637469968005,3749.26,1290.3593700652243,0.0,0.005627259755168534,0.9970271995200718,-0.3563126837798095
2024-05-26 00:00:00+00:00,0.0,0.3441637469968005,3826.47,1316.9322529708472,0.0,0.020593397097027122,1.0175593765563256,-0.34305697527056744
2024-05-27 00:00:00+00:00,-7.105427357601002e-15,0.3546015839392246,3894.22,1380.8965802078071,40.0,0.018197084309309774,1.0360759903212498,-0.33110252766315296
2024-05-28 00:00:00+00:00,-7.105427357601002e-15,0.3546015839392246,3844.69,1363.3331637552974,0.0,-0.012718849987930825,1.022898295224257,-0.3396101342711114
2024-05-29 00:00:00+00:00,-7.105427357601002e-15,0.3546015839392246,3767.43,1335.9366453801529,0.0,-0.020095248251484565,1.0023429000457051,-0.352880832565698
2024-05-30 00:00:00+00:00,-7.105427357601002e-15,0.3546015839392246,3747.91,1329.0148224616592,0.0,-0.0051812508792465906,0.9971495100135368,-0.3562337193209443
2024-05-31 00:00:00+00:00,-7.105427357601002e-15,0.3546015839392246,3762.29,1334.1139932387052,0.0,0.0038368050460122483,1.0009753782851853,-0.35376371360678227
2024-06-01 00:00:00+00:00,-7.105427357601002e-15,0.3546015839392246,3815.82,1353.095816026972,0.0,0.014228036647892628,1.0152172926510652,-0.3445690400407816
2024-06-02 00:00:00+00:00,-7.105427357601002e-15,0.3546015839392246,3780.91,1340.7166747316535,0.0,-0.00914875439617191,1.0059293189818541,-0.35056541691709553
2024-06-03 00:00:00+00:00,-7.105427357601002e-15,0.3546015839392246,3767.06,1335.8054427940954,0.0,-0.0036631392971532284,1.002244459763333,-0.3529443862593169
2024-06-04 00:00:00+00:00,-7.105427357601002e-15,0.3546015839392246,3810.23,1351.1135931727517,0.0,0.011459865253008905,1.0137300462227956,-0.3455292161146457
2024-06-05 00:00:00+00:00,-7.105427357601002e-15,0.3546015839392246,3865.99,1370.8861774932027,0.0,0.014634287169015936,1.0285652628310797,-0.33595150271953644
2024-06-06 00:00:00+00:00,-7.105427357601002e-15,0.3546015839392246,3813.46,1352.2589562888754,0.0,-0.013587722679054948,1.0145894032824219,-0.34497440954602654
2024-06-07 00:00:00+00:00,-7.105427357601002e-15,0.3546015839392246,3678.32,1304.3380982353287,0.0,-0.03543763406460265,0.9786347552830759,-0.3681869667234847
2024-06-08 00:00:00+00:00,1302.378702558436,0.0,3681.57,1302.378702558436,0.0,-0.0015022145558299949,0.9771646359088485,-0.36913608545863574
2024-06-09 00:00:00+00:00,1302.378702558436,0.0,3706.4,1302.378702558436,0.0,0.0,0.9771646359088485,-0.36913608545863574
2024-06-10 00:00:00+00:00,1302.378702558436,0.0,3667.85,1302.378702558436,0.0,0.0,0.9771646359088485,-0.36913608545863574
2024-06-11 00:00:00+00:00,1302.378702558436,0.0,3497.33,1302.378702558436,0.0,0.0,0.9771646359088485,-0.36913608545863574
2024-06-12 00:00:00+00:00,1302.378702558436,0.0,3560.12,1302.378702558436,0.0,0.0,0.9771646359088485,-0.36913608545863574
2024-06-13 00:00:00+00:00,1302.378702558436,0.0,3469.4,1302.378702558436,0.0,0.0,0.9771646359088485,-0.36913608545863574
2024-06-14 00:00:00+00:00,1302.378702558436,0.0,3481.8,1302.378702558436,0.0,0.0,0.9771646359088485,-0.36913608545863574
2024-06-15 00:00:00+00:00,1302.378702558436,0.0,3568.74,1302.378702558436,0.0,0.0,0.9771646359088485,-0.36913608545863574
2024-06-16 00:00:00+00:00,1302.378702558436,0.0,3624.41,1302.378702558436,0.0,0.0,0.9771646359088485,-0.36913608545863574
2024-06-17 00:00:00+00:00,1302.378702558436,0.0,3511.46,1302.378702558436,0.0,0.0,0.9771646359088485,-0.36913608545863574
2024-06-18 00:00:00+00:00,1302.378702558436,0.0,3483.42,1302.378702558436,0.0,0.0,0.9771646359088485,-0.36913608545863574
2024-06-19 00:00:00+00:00,1302.378702558436,0.0,3560.51,1302.378702558436,0.0,0.0,0.9771646359088485,-0.36913608545863574
2024-06-20 00:00:00+00:00,1302.378702558436,0.0,3513.08,1302.378702558436,0.0,0.0,0.9771646359088485,-0.36913608545863574
2024-06-21 00:00:00+00:00,1302.378702558436,0.0,3518.5,1302.378702558436,0.0,0.0,0.9771646359088485,-0.36913608545863574
2024-06-22 00:00:00+00:00,1302.378702558436,0.0,3495.75,1302.378702558436,0.0,0.0,0.9771646359088485,-0.36913608545863574
2024-06-23 00:00:00+00:00,1302.378702558436,0.0,3420.91,1302.378702558436,0.0,0.0,0.9771646359088485,-0.36913608545863574
2024-06-24 00:00:00+00:00,1302.378702558436,0.0,3352.73,1302.378702558436,0.0,0.0,0.9771646359088485,-0.36913608545863574
2024-06-25 00:00:00+00:00,1302.378702558436,0.0,3394.91,1302.378702558436,0.0,0.0,0.9771646359088485,-0.36913608545863574
2024-06-26 00:00:00+00:00,1302.378702558436,0.0,3371.44,1302.378702558436,0.0,0.0,0.9771646359088485,-0.36913608545863574
2024-06-27 00:00:00+00:00,1342.378702558436,0.0,3450.44,1342.378702558436,40.0,0.0,0.9771646359088485,-0.36913608545863574
2024-06-28 00:00:00+00:00,1342.378702558436,0.0,3380.15,1342.378702558436,0.0,0.0,0.9771646359088485,-0.36913608545863574
2024-06-29 00:00:00+00:00,1342.378702558436,0.0,3378.8,1342.378702558436,0.0,0.0,0.9771646359088485,-0.36913608545863574
2024-06-30 00:00:00+00:00,1342.378702558436,0.0,3438.16,1342.378702558436,0.0,0.0,0.9771646359088485,-0.36913608545863574
2024-07-01 00:00:00+00:00,1342.378702558436,0.0,3442.2,1342.378702558436,0.0,0.0,0.9771646359088485,-0.36913608545863574
2024-07-02 00:00:00+00:00,1342.378702558436,0.0,3421.35,1342.378702558436,0.0,0.0,0.9771646359088485,-0.36913608545863574
2024-07-03 00:00:00+00:00,1342.378702558436,0.0,3295.48,1342.378702558436,0.0,0.0,0.9771646359088485,-0.36913608545863574
2024-07-04 00:00:00+00:00,1342.378702558436,0.0,3059.7,1342.378702558436,0.0,0.0,0.9771646359088485,-0.36913608545863574
2024-07-05 00:00:00+00:00,1342.378702558436,0.0,2981.78,1342.378702558436,0.0,0.0,0.9771646359088485,-0.36913608545863574
2024-07-06 00:00:00+00:00,1342.378702558436,0.0,3066.83,1342.378702558436,0.0,0.0,0.9771646359088485,-0.36913608545863574
2024-07-07 00:00:00+00:00,1342.378702558436,0.0,2931.0,1342.378702558436,0.0,0.0,0.9771646359088485,-0.36913608545863574
2024-07-08 00:00:00+00:00,1342.378702558436,0.0,3019.01,1342.378702558436,0.0,0.0,0.9771646359088485,-0.36913608545863574
2024-07-09 00:00:00+00:00,1342.378702558436,0.0,3066.65,1342.378702558436,0.0,0.0,0.9771646359088485,-0.36913608545863574
2024-07-10 00:00:00+00:00,1342.378702558436,0.0,3101.05,1342.378702558436,0.0,0.0,0.9771646359088485,-0.36913608545863574
2024-07-11 00:00:00+00:00,1342.378702558436,0.0,3099.57,1342.378702558436,0.0,0.0,0.9771646359088485,-0.36913608545863574
2024-07-12 00:00:00+00:00,1342.378702558436,0.0,3133.88,1342.378702558436,0.0,0.0,0.9771646359088485,-0.36913608545863574
2024-07-13 00:00:00+00:00,1342.378702558436,0.0,3175.93,1342.378702558436,0.0,0.0,0.9771646359088485,-0.36913608545863574
2024-07-14 00:00:00+00:00,1342.378702558436,0.0,3245.08,1342.378702558436,0.0,0.0,0.9771646359088485,-0.36913608545863574
2024-07-15 00:00:00+00:00,1342.378702558436,0.0,3483.39,1342.378702558436,0.0,0.0,0.9771646359088485,-0.36913608545863574
2024-07-16 00:00:00+00:00,1342.378702558436,0.0,3444.13,1342.378702558436,0.0,0.0,0.9771646359088485,-0.36913608545863574
2024-07-17 00:00:00+00:00,1342.378702558436,0.0,3387.05,1342.378702558436,0.0,0.0,0.9771646359088485,-0.36913608545863574
2024-07-18 00:00:00+00:00,1342.378702558436,0.0,3426.5,1342.378702558436,0.0,0.0,0.9771646359088485,-0.36913608545863574
2024-07-19 00:00:00+00:00,1342.378702558436,0.0,3503.53,1342.378702558436,0.0,0.0,0.9771646359088485,-0.36913608545863574
2024-07-20 00:00:00+00:00,1342.378702558436,0.0,3517.5,1342.378702558436,0.0,0.0,0.9771646359088485,-0.36913608545863574
2024-07-21 00:00:00+00:00,1342.378702558436,0.0,3535.92,1342.378702558436,0.0,0.0,0.9771646359088485,-0.36913608545863574
2024-07-22 00:00:00+00:00,1342.378702558436,0.0,3439.6,1342.378702558436,0.0,0.0,0.9771646359088485,-0.36913608545863574
2024-07-23 00:00:00+00:00,1342.378702558436,0.0,3482.51,1342.378702558436,0.0,0.0,0.9771646359088485,-0.36913608545863574
2024-07-24 00:00:00+00:00,1342.378702558436,0.0,3335.81,1342.378702558436,0.0,0.0,0.9771646359088485,-0.36913608545863574
2024-07-25 00:00:00+00:00,1342.378702558436,0.0,3175.48,1342.378702558436,0.0,0.0,0.9771646359088485,-0.36913608545863574
2024-07-26 00:00:00+00:00,1342.378702558436,0.0,3274.61,1342.378702558436,0.0,0.0,0.9771646359088485,-0.36913608545863574
2024-07-27 00:00:00+00:00,1382.378702558436,0.0,3249.01,1382.378702558436,40.0,0.0,0.9771646359088485,-0.36913608545863574
2024-07-28 00:00:00+00:00,1382.378702558436,0.0,3270.16,1382.378702558436,0.0,0.0,0.9771646359088485,-0.36913608545863574
2024-07-29 00:00:00+00:00,1382.378702558436,0.0,3317.66,1382.378702558436,0.0,0.0,0.9771646359088485,-0.36913608545863574
2024-07-30 00:00:00+00:00,1382.378702558436,0.0,3279.21,1382.378702558436,0.0,0.0,0.9771646359088485,-0.36913608545863574
2024-07-31 00:00:00+00:00,1382.378702558436,0.0,3232.74,1382.378702558436,0.0,0.0,0.9771646359088485,-0.36913608545863574
2024-08-01 00:00:00+00:00,1382.378702558436,0.0,3203.4,1382.378702558436,0.0,0.0,0.9771646359088485,-0.36913608545863574
2024-08-02 00:00:00+00:00,1382.378702558436,0.0,2989.61,1382.378702558436,0.0,0.0,0.9771646359088485,-0.36913608545863574
2024-08-03 00:00:00+00:00,1382.378702558436,0.0,2903.64,1382.378702558436,0.0,0.0,0.9771646359088485,-0.36913608545863574
2024-08-04 00:00:00+00:00,1382.378702558436,0.0,2688.92,1382.378702558436,0.0,0.0,0.9771646359088485,-0.36913608545863574
2024-08-05 00:00:00+00:00,1382.378702558436,0.0,2419.59,1382.378702558436,0.0,0.0,0.9771646359088485,-0.36913608545863574
2024-08-06 00:00:00+00:00,1382.378702558436,0.0,2461.33,1382.378702558436,0.0,0.0,0.9771646359088485,-0.36913608545863574
2024-08-07 00:00:00+00:00,1382.378702558436,0.0,2342.8,1382.378702558436,0.0,0.0,0.9771646359088485,-0.36913608545863574
2024-08-08 00:00:00+00:00,1382.378702558436,0.0,2682.5,1382.378702558436,0.0,0.0,0.9771646359088485,-0.36913608545863574
2024-08-09 00:00:00+00:00,1382.378702558436,0.0,2598.78,1382.378702558436,0.0,0.0,0.9771646359088485,-0.36913608545863574
2024-08-10 00:00:00+00:00,1382.378702558436,0.0,2609.92,1382.378702558436,0.0,0.0,0.9771646359088485,-0.36913608545863574
2024-08-11 00:00:00+00:00,1382.378702558436,0.0,2555.38,1382.378702558436,0.0,0.0,0.9771646359088485,-0.36913608545863574
2024-08-12 00:00:00+00:00,1382.378702558436,0.0,2722.3,1382.378702558436,0.0,0.0,0.9771646359088485,-0.36913608545863574
2024-08-13 00:00:00+00:00,1382.378702558436,0.0,2702.44,1382.378702558436,0.0,0.0,0.9771646359088485,-0.36913608545863574
2024-08-14 00:00:00+00:00,1382.378702558436,0.0,2661.45,1382.378702558436,0.0,0.0,0.9771646359088485,-0.36913608545863574
2024-08-15 00:00:00+00:00,1382.378702558436,0.0,2569.89,1382.378702558436,0.0,0.0,0.9771646359088485,-0.36913608545863574
2024-08-16 00:00:00+00:00,1382.378702558436,0.0,2592.73,1382.378702558436,0.0,0.0,0.9771646359088485,-0.36913608545863574
2024-08-17 00:00:00+00:00,1382.378702558436,0.0,2614.51,1382.378702558436,0.0,0.0,0.9771646359088485,-0.36913608545863574
2024-08-18 00:00:00+00:00,1382.378702558436,0.0,2612.15,1382.378702558436,0.0,0.0,0.9771646359088485,-0.36913608545863574
2024-08-19 00:00:00+00:00,1382.378702558436,0.0,2636.36,1382.378702558436,0.0,0.0,0.9771646359088485,-0.36913608545863574
2024-08-20 00:00:00+00:00,1382.378702558436,0.0,2572.82,1382.378702558436,0.0,0.0,0.9771646359088485,-0.36913608545863574
2024-08-21 00:00:00+00:00,1382.378702558436,0.0,2630.71,1382.378702558436,0.0,0.0,0.9771646359088485,-0.36913608545863574
2024-08-22 00:00:00+00:00,1382.378702558436,0.0,2622.88,1382.378702558436,0.0,0.0,0.9771646359088485,-0.36913608545863574
2024-08-23 00:00:00+00:00,1382.378702558436,0.0,2762.48,1382.378702558436,0.0,0.0,0.9771646359088485,-0.36913608545863574
2024-08-24 00:00:00+00:00,1382.378702558436,0.0,2768.0,1382.378702558436,0.0,0.0,0.9771646359088485,-0.36913608545863574
2024-08-25 00:00:00+00:00,1382.378702558436,0.0,2746.13,1382.378702558436,0.0,0.0,0.9771646359088485,-0.36913608545863574
2024-08-26 00:00:00+00:00,1382.378702558436,0.0,2680.49,1382.378702558436,0.0,0.0,0.9771646359088485,-0.36913608545863574
2024-08-27 00:00:00+00:00,1422.378702558436,0.0,2457.33,1422.378702558436,40.0,0.0,0.9771646359088485,-0.36913608545863574
2024-08-28 00:00:00+00:00,1422.378702558436,0.0,2528.33,1422.378702558436,0.0,0.0,0.9771646359088485,-0.36913608545863574
2024-08-29 00:00:00+00:00,1422.378702558436,0.0,2527.61,1422.378702558436,0.0,0.0,0.9771646359088485,-0.36913608545863574
2024-08-30 00:00:00+00:00,1422.378702558436,0.0,2526.0,1422.378702558436,0.0,0.0,0.9771646359088485,-0.36913608545863574
2024-08-31 00:00:00+00:00,1422.378702558436,0.0,2513.01,1422.378702558436,0.0,0.0,0.9771646359088485,-0.36913608545863574
2024-09-01 00:00:00+00:00,1422.378702558436,0.0,2425.72,1422.378702558436,0.0,0.0,0.9771646359088485,-0.36913608545863574
2024-09-02 00:00:00+00:00,1422.378702558436,0.0,2538.01,1422.378702558436,0.0,0.0,0.9771646359088485,-0.36913608545863574
2024-09-03 00:00:00+00:00,1422.378702558436,0.0,2425.29,1422.378702558436,0.0,0.0,0.9771646359088485,-0.36913608545863574
2024-09-04 00:00:00+00:00,1422.378702558436,0.0,2450.71,1422.378702558436,0.0,0.0,0.9771646359088485,-0.36913608545863574
2024-09-05 00:00:00+00:00,1422.378702558436,0.0,2368.81,1422.378702558436,0.0,0.0,0.9771646359088485,-0.36913608545863574
2024-09-06 00:00:00+00:00,1422.378702558436,0.0,2225.23,1422.378702558436,0.0,0.0,0.9771646359088485,-0.36913608545863574
2024-09-07 00:00:00+00:00,1422.378702558436,0.0,2273.58,1422.378702558436,0.0,0.0,0.9771646359088485,-0.36913608545863574
2024-09-08 00:00:00+00:00,1422.378702558436,0.0,2297.3,1422.378702558436,0.0,0.0,0.9771646359088485,-0.36913608545863574
2024-09-09 00:00:00+00:00,1422.378702558436,0.0,2359.5,1422.378702558436,0.0,0.0,0.9771646359088485,-0.36913608545863574
2024-09-10 00:00:00+00:00,1422.378702558436,0.0,2388.52,1422.378702558436,0.0,0.0,0.9771646359088485,-0.36913608545863574
2024-09-11 00:00:00+00:00,1422.378702558436,0.0,2340.55,1422.378702558436,0.0,0.0,0.9771646359088485,-0.36913608545863574
2024-09-12 00:00:00+00:00,1422.378702558436,0.0,2361.76,1422.378702558436,0.0,0.0,0.9771646359088485,-0.36913608545863574
2024-09-13 00:00:00+00:00,1422.378702558436,0.0,2439.19,1422.378702558436,0.0,0.0,0.9771646359088485,-0.36913608545863574
2024-09-14 00:00:00+00:00,1422.378702558436,0.0,2417.79,1422.378702558436,0.0,0.0,0.9771646359088485,-0.36913608545863574
2024-09-15 00:00:00+00:00,1422.378702558436,0.0,2316.1,1422.378702558436,0.0,0.0,0.9771646359088485,-0.36913608545863574
2024-09-16 00:00:00+00:00,1422.378702558436,0.0,2295.68,1422.378702558436,0.0,0.0,0.9771646359088485,-0.36913608545863574
2024-09-17 00:00:00+00:00,1422.378702558436,0.0,2341.8,1422.378702558436,0.0,0.0,0.9771646359088485,-0.36913608545863574
2024-09-18 00:00:00+00:00,1422.378702558436,0.0,2374.75,1422.378702558436,0.0,0.0,0.9771646359088485,-0.36913608545863574
2024-09-19 00:00:00+00:00,1422.378702558436,0.0,2465.21,1422.378702558436,0.0,0.0,0.9771646359088485,-0.36913608545863574
2024-09-20 00:00:00+00:00,1422.378702558436,0.0,2561.4,1422.378702558436,0.0,0.0,0.9771646359088485,-0.36913608545863574
2024-09-21 00:00:00+00:00,1422.378702558436,0.0,2612.4,1422.378702558436,0.0,0.0,0.9771646359088485,-0.36913608545863574
2024-09-22 00:00:00+00:00,0.0,0.5436562628246521,2581.0,1403.176814350427,0.0,-0.013499842322913347,0.963973067400552,-0.3776526488321601
2024-09-23 00:00:00+00:00,0.0,0.5436562628246521,2646.97,1439.0418180089691,0.0,0.025559860519178468,0.9886120845475548,-0.3617455373418299
2024-09-24 00:00:00+00:00,0.0,0.5436562628246521,2653.2,1442.4287965263668,0.0,0.002353634533069915,0.9909389160895561,-0.3602433195976317
2024-09-25 00:00:00+00:00,0.0,0.5436562628246521,2579.95,1402.6059752744611,0.0,-0.02760817126488757,0.9635809047811136,-0.37790583159803615
2024-09-26 00:00:00+00:00,0.0,0.5436562628246521,2632.26,1431.0446343828187,0.0,0.02027558673617702,0.983118072993327,-0.36529250732853225
2024-09-27 00:00:00+00:00,0.0,0.5588296201900533,2694.43,1505.7272935286853,40.0,0.02423590313856594,1.0069448273841668,-0.3499097980148246
2024-09-28 00:00:00+00:00,0.0,0.5588296201900533,2675.21,1494.9865882286326,0.0,-0.007133234116306508,0.9997620541882317,-0.3545470436223017
2024-09-29 00:00:00+00:00,0.0,0.5588296201900533,2657.62,1485.1567752094895,0.0,-0.00657518475185126,0.9931884339740538,-0.3587910160591137
2024-09-30 00:00:00+00:00,0.0,0.5588296201900533,2602.23,1454.2032025471624,0.0,-0.020841956336872913,0.9724884439988793,-0.3721550657052203
2024-10-01 00:00:00+00:00,0.0,0.5588296201900533,2447.79,1367.8975560050105,0.0,-0.059349096736260876,0.9147721332610941,-0.40941709544605254
2024-10-02 00:00:00+00:00,1365.8408137032295,0.0,2364.1,1365.8408137032295,0.0,-0.001503579191842297,0.9133967009162455,-0.4103050836123977
2024-10-03 00:00:00+00:00,1365.8408137032295,0.0,2349.8,1365.8408137032295,0.0,0.0,0.9133967009162455,-0.4103050836123977
2024-10-04 00:00:00+00:00,1365.8408137032295,0.0,2414.41,1365.8408137032295,0.0,0.0,0.9133967009162455,-0.4103050836123977
2024-10-05 00:00:00+00:00,1365.8408137032295,0.0,2414.66,1365.8408137032295,0.0,0.0,0.9133967009162455,-0.4103050836123977
2024-10-06 00:00:00+00:00,1365.8408137032295,0.0,2440.03,1365.8408137032295,0.0,0.0,0.9133967009162455,-0.4103050836123977
2024-10-07 00:00:00+00:00,1365.8408137032295,0.0,2422.71,1365.8408137032295,0.0,0.0,0.9133967009162455,-0.4103050836123977
2024-10-08 00:00:00+00:00,1365.8408137032295,0.0,2440.89,1365.8408137032295,0.0,0.0,0.9133967009162455,-0.4103050836123977
2024-10-09 00:00:00+00:00,1365.8408137032295,0.0,2370.47,1365.8408137032295,0.0,0.0,0.9133967009162455,-0.4103050836123977
2024-10-10 00:00:00+00:00,1365.8408137032295,0.0,2386.49,1365.8408137032295,0.0,0.0,0.9133967009162455,-0.4103050836123977
2024-10-11 00:00:00+00:00,1365.8408137032295,0.0,2439.5,1365.8408137032295,0.0,0.0,0.9133967009162455,-0.4103050836123977
2024-10-12 00:00:00+00:00,1365.8408137032295,0.0,2476.4,1365.8408137032295,0.0,0.0,0.9133967009162455,-0.4103050836123977
2024-10-13 00:00:00+00:00,1365.8408137032295,0.0,2468.91,1365.8408137032295,0.0,0.0,0.9133967009162455,-0.4103050836123977
2024-10-14 00:00:00+00:00,1365.8408137032295,0.0,2629.79,1365.8408137032295,0.0,0.0,0.9133967009162455,-0.4103050836123977
2024-10-15 00:00:00+00:00,1365.8408137032295,0.0,2607.41,1365.8408137032295,0.0,0.0,0.9133967009162455,-0.4103050836123977
2024-10-16 00:00:00+00:00,1365.8408137032295,0.0,2611.1,1365.8408137032295,0.0,0.0,0.9133967009162455,-0.4103050836123977
2024-10-17 00:00:00+00:00,1365.8408137032295,0.0,2605.8,1365.8408137032295,0.0,0.0,0.9133967009162455,-0.4103050836123977
2024-10-18 00:00:00+00:00,1365.8408137032295,0.0,2642.17,1365.8408137032295,0.0,0.0,0.9133967009162455,-0.4103050836123977
2024-10-19 00:00:00+00:00,1365.8408137032295,0.0,2648.2,1365.8408137032295,0.0,0.0,0.9133967009162455,-0.4103050836123977
2024-10-20 00:00:00+00:00,1365.8408137032295,0.0,2746.91,1365.8408137032295,0.0,0.0,0.9133967009162455,-0.4103050836123977
2024-10-21 00:00:00+00:00,0.0,0.4964831174468006,2666.7,1323.971529295383,0.0,-0.030654585796367817,0.8853969033818891,-0.4283819370204833
2024-10-22 00:00:00+00:00,0.0,0.4964831174468006,2622.81,1302.180885270643,0.0,-0.016458544268196595,0.8708245592526541,-0.4377899382145325
2024-10-23 00:00:00+00:00,0.0,0.4964831174468006,2524.61,1253.4262431373675,0.0,-0.03744076010080777,0.8382202258397838,-0.4588395102641025
2024-10-24 00:00:00+00:00,0.0,0.4964831174468006,2535.82,1258.991818883946,0.0,0.004440289787333462,0.8419421665481166,-0.4564366008682198
2024-10-25 00:00:00+00:00,0.0,0.4964831174468006,2440.62,1211.7266261030104,0.0,-0.03754209683652643,0.8103338922008123,-0.47684311063521656
2024-10-26 00:00:00+00:00,1209.9145994135793,0.0,2482.51,1209.9145994135793,0.0,-0.0014954088243969155,0.8091221117477073,-0.4776254440641168
2024-10-27 00:00:00+00:00,1249.9145994135793,0.0,2507.8,1249.9145994135793,40.0,0.0,0.8091221117477073,-0.4776254440641168
2024-10-28 00:00:00+00:00,1249.9145994135793,0.0,2567.48,1249.9145994135793,0.0,0.0,0.8091221117477073,-0.4776254440641168
2024-10-29 00:00:00+00:00,1249.9145994135793,0.0,2638.8,1249.9145994135793,0.0,0.0,0.8091221117477073,-0.4776254440641168
2024-10-30 00:00:00+00:00,1249.9145994135793,0.0,2659.19,1249.9145994135793,0.0,0.0,0.8091221117477073,-0.4776254440641168
2024-10-31 00:00:00+00:00,1249.9145994135793,0.0,2518.61,1249.9145994135793,0.0,0.0,0.8091221117477073,-0.4776254440641168
2024-11-01 00:00:00+00:00,1249.9145994135793,0.0,2511.49,1249.9145994135793,0.0,0.0,0.8091221117477073,-0.4776254440641168
2024-11-02 00:00:00+00:00,1249.9145994135793,0.0,2494.23,1249.9145994135793,0.0,0.0,0.8091221117477073,-0.4776254440641168
2024-11-03 00:00:00+00:00,1249.9145994135793,0.0,2457.73,1249.9145994135793,0.0,0.0,0.8091221117477073,-0.4776254440641168
2024-11-04 00:00:00+00:00,1249.9145994135793,0.0,2398.21,1249.9145994135793,0.0,0.0,0.8091221117477073,-0.4776254440641168
2024-11-05 00:00:00+00:00,1249.9145994135793,0.0,2422.55,1249.9145994135793,0.0,0.0,0.8091221117477073,-0.4776254440641168
2024-11-06 00:00:00+00:00,1249.9145994135793,0.0,2721.87,1249.9145994135793,0.0,0.0,0.8091221117477073,-0.4776254440641168
2024-11-07 00:00:00+00:00,1249.9145994135793,0.0,2895.47,1249.9145994135793,0.0,0.0,0.8091221117477073,-0.4776254440641168
2024-11-08 00:00:00+00:00,-2.2737367544323206e-13,0.4310325828013544,2961.75,1276.6107521119113,0.0,0.02135838137330115,0.8264036503879857,-0.46646836907872924
2024-11-09 00:00:00+00:00,-2.2737367544323206e-13,0.4310325828013544,3126.21,1347.498370679422,0.0,0.05552798176753604,0.872292177219355,-0.4368424344045292
2024-11-10 00:00:00+00:00,-2.2737367544323206e-13,0.4310325828013544,3183.21,1372.0672278990992,0.0,0.01823294020555255,0.8881966283283668,-0.42657441618472236
2024-11-11 00:00:00+00:00,-2.2737367544323206e-13,0.4310325828013544,3371.59,1453.2651458472185,0.0,0.05917925615966291,0.9407594441163601,-0.3926395166716138
2024-11-12 00:00:00+00:00,-2.2737367544323206e-13,0.4310325828013544,3243.8,1398.1834920910333,0.0,-0.03790199876022893,0.9051027808317882,-0.4156596929577383
2024-11-13 00:00:00+00:00,-2.2737367544323206e-13,0.4310325828013544,3187.16,1373.7698066011644,0.0,-0.017461002527899505,0.8892987788876755,-0.42586286053615685
2024-11-14 00:00:00+00:00,-2.2737367544323206e-13,0.4310325828013544,3058.82,1318.4510849244389,0.0,-0.040267824646393446,0.8534886516011748,-0.4489821141910688
2024-11-15 00:00:00+00:00,-2.2737367544323206e-13,0.4310325828013544,3090.01,1331.894991182013,0.0,0.010196742534702707,0.8621914556378426,-0.4433635266774588
2024-11-16 00:00:00+00:00,-2.2737367544323206e-13,0.4310325828013544,3132.87,1350.369047680879,0.0,0.013870505273445799,0.8741504867699872,-0.4356426975388463
2024-11-17 00:00:00+00:00,-2.2737367544323206e-13,0.4310325828013544,3076.0,1325.856224696966,0.0,-0.01815268427990957,0.8582823089705224,-0.44588729747148503
2024-11-18 00:00:00+00:00,-2.2737367544323206e-13,0.4310325828013544,3207.8,1382.6663191101845,0.0,0.04284785435630689,0.8950578643418862,-0.4221447570965636
2024-11-19 00:00:00+00:00,-2.2737367544323206e-13,0.4310325828013544,3107.44,1339.4078891002405,0.0,-0.031286239790510706,0.8670548693717035,-0.44022367479024427
2024-11-20 00:00:00+00:00,-2.2737367544323206e-13,0.4310325828013544,3069.97,1323.2570982226737,0.0,-0.012058157196920938,0.8565997854584637,-0.44697354571473835
2024-11-21 00:00:00+00:00,-2.2737367544323206e-13,0.4310325828013544,3355.81,1446.4634516906128,0.0,0.09310840171076595,0.9363564223882863,-0.39548213645246566
2024-11-22 00:00:00+00:00,-2.2737367544323206e-13,0.4310325828013544,3327.78,1434.381608394691,0.0,-0.008352677892967564,0.9285353387990655,-0.4005314794472231
2024-11-23 00:00:00+00:00,-2.2737367544323206e-13,0.4310325828013544,3393.91,1462.8857930953445,0.0,0.019872106930145517,0.9469872923400994,-0.38861877690554214
2024-11-24 00:00:00+00:00,-2.2737367544323206e-13,0.4310325828013544,3361.2,1448.7867173119123,0.0,-0.009637851327819469,0.9378603696071912,-0.394511178238347
2024-11-25 00:00:00+00:00,-2.2737367544323206e-13,0.4310325828013544,3414.49,1471.7564436493963,0.0,0.015854456741639655,0.9527296362668266,-0.3849114819061805
2024-11-26 00:00:00+00:00,-2.2737367544323206e-13,0.4310325828013544,3324.73,1433.066959017147,0.0,-0.02628796687060131,0.9276843111520042,-0.40108090849231803
2024-11-27 00:00:00+00:00,-7.105427357601002e-15,0.44304557326830135,3653.28,1618.56953190962,40.0,0.1015322919678956,1.0218742254859257,-0.3402712804282133
2024-11-28 00:00:00+00:00,-7.105427357601002e-15,0.44304557326830135,3578.79,1585.5670671568641,0.0,-0.020389896202864355,1.0010383160958853,-0.3537230805423306
2024-11-29 00:00:00+00:00,-7.105427357601002e-15,0.44304557326830135,3592.21,1591.5127387501248,0.0,0.0037498707663763398,1.0047920804134358,-0.35129962561507255
2024-11-30 00:00:00+00:00,-7.105427357601002e-15,0.44304557326830135,3703.6,1640.863585156481,0.0,0.03100876619128612,1.035949443105832,-0.3311842273775706
2024-12-01 00:00:00+00:00,-7.105427357601002e-15,0.44304557326830135,3707.61,1642.6401979052869,0.0,0.0010827303164488988,1.037071096974191,-0.3304600802644331
2024-12-02 00:00:00+00:00,-7.105427357601002e-15,0.44304557326830135,3643.42,1614.2011025571946,0.0,-0.017313039936778685,1.0191162436549979,-0.3420518516340826
2024-12-03 00:00:00+00:00,-7.105427357601002e-15,0.44304557326830135,3614.51,1601.392655034008,0.0,-0.007934852418881255,1.011029706663911,-0.3472725730906423
2024-12-04 00:00:00+00:00,-7.105427357601002e-15,0.44304557326830135,3837.8,1700.320301089087,0.0,0.06177600836627928,1.0734870862813375,-0.30694967810498996
2024-12-05 00:00:00+00:00,-7.105427357601002e-15,0.44304557326830135,3785.2,1677.0161039351742,0.0,-0.013705768930116324,1.0587741203273016,-0.3164484656738257
2024-12-06 00:00:00+00:00,-7.105427357601002e-15,0.44304557326830135,3998.87,1771.6816515754122,0.0,0.05644880059177848,1.118540649517393,-0.27786280141844333
2024-12-07 00:00:00+00:00,-7.105427357601002e-15,0.44304557326830135,3996.22,1770.507580806251,0.0,-0.0006626872091366476,1.1177994069360584,-0.27834135250318515
2024-12-08 00:00:00+00:00,-7.105427357601002e-15,0.44304557326830135,4004.15,1774.0209322022688,0.0,0.0019843752345967136,1.1200175403964292,-0.27690931095525984
2024-12-09 00:00:00+00:00,-7.105427357601002e-15,0.44304557326830135,3712.0,1644.5851679719347,0.0,-0.0729618021302898,1.038299042231571,-0.32966731073159716
2024-12-10 00:00:00+00:00,-7.105427357601002e-15,0.44304557326830135,3628.25,1607.4801012107143,0.0,-0.022561961206896575,1.0148729795195843,-0.3447913308625856
2024-12-11 00:00:00+00:00,-7.105427357601002e-15,0.44304557326830135,3831.81,1697.6664581052098,0.0,0.056104182457107354,1.0718115983333392,-0.30803138414182163
2024-12-12 00:00:00+00:00,-7.105427357601002e-15,0.44304557326830135,3881.61,1719.7301276539713,0.0,0.01299646903160645,1.085741364578795,-0.2990382354549773
2024-12-13 00:00:00+00:00,-7.105427357601002e-15,0.44304557326830135,3906.8,1730.8904456445998,0.0,0.006489575202042408,1.0927873648141972,-0.29448929137020596
2024-12-14 00:00:00+00:00,-7.105427357601002e-15,0.44304557326830135,3870.29,1714.714851764574,0.0,-0.00934524418961824,1.082575000042679,-0.3010824612207421
2024-12-15 00:00:00+00:00,-7.105427357601002e-15,0.44304557326830135,3959.09,1754.0572986707994,0.0,0.022944017114996607,1.1074136193719257,-0.28504648524901954
2024-12-16 00:00:00+00:00,-7.105427357601002e-15,0.44304557326830135,3986.24,1766.0859859850334,0.0,0.00685763647706894,1.1150078594033337,-0.2801435939468545
2024-12-17 00:00:00+00:00,-7.105427357601002e-15,0.44304557326830135,3893.01,1724.78084718923,0.0,-0.02338795456369902,1.0889301062494412,-0.29697956286401306
2024-12-18 00:00:00+00:00,-7.105427357601002e-15,0.44304557326830135,3626.8,1606.8376851294754,0.0,-0.06838153511036449,1.014467393956212,-0.34505317956933135
2024-12-19 00:00:00+00:00,-7.105427357601002e-15,0.44304557326830135,3417.01,1513.8911543135184,0.0,-0.05784438072129705,0.9557861557908669,-0.38293817280252596
2024-12-20 00:00:00+00:00,1511.6210745276255,0.0,3472.21,1511.6210745276255,0.0,-0.001499499999999876,0.9543529544502586,-0.38386345701240854
2024-12-21 00:00:00+00:00,1511.6210745276255,0.0,3338.92,1511.6210745276255,0.0,0.0,0.9543529544502586,-0.38386345701240854
2024-12-22 00:00:00+00:00,1511.6210745276255,0.0,3281.83,1511.6210745276255,0.0,0.0,0.9543529544502586,-0.38386345701240854
2024-12-23 00:00:00+00:00,1511.6210745276255,0.0,3422.53,1511.6210745276255,0.0,0.0,0.9543529544502586,-0.38386345701240854
2024-12-24 00:00:00+00:00,1511.6210745276255,0.0,3493.18,1511.6210745276255,0.0,0.0,0.9543529544502586,-0.38386345701240854
2024-12-25 00:00:00+00:00,1511.6210745276255,0.0,3497.0,1511.6210745276255,0.0,0.0,0.9543529544502586,-0.38386345701240854
2024-12-26 00:00:00+00:00,1511.6210745276255,0.0,3335.05,1511.6210745276255,0.0,0.0,0.9543529544502586,-0.38386345701240854
2024-12-27 00:00:00+00:00,1551.6210745276255,0.0,3333.51,1551.6210745276255,40.0,0.0,0.9543529544502586,-0.38386345701240854
2024-12-28 00:00:00+00:00,1551.6210745276255,0.0,3404.0,1551.6210745276255,0.0,0.0,0.9543529544502586,-0.38386345701240854
2024-12-29 00:00:00+00:00,1551.6210745276255,0.0,3356.48,1551.6210745276255,0.0,0.0,0.9543529544502586,-0.38386345701240854
2024-12-30 00:00:00+00:00,1551.6210745276255,0.0,3361.84,1551.6210745276255,0.0,0.0,0.9543529544502586,-0.38386345701240854
2024-12-31 00:00:00+00:00,1551.6210745276255,0.0,3337.78,1551.6210745276255,0.0,0.0,0.9543529544502586,-0.38386345701240854
2025-01-01 00:00:00+00:00,1551.6210745276255,0.0,3360.38,1551.6210745276255,0.0,0.0,0.9543529544502586,-0.38386345701240854
2025-01-02 00:00:00+00:00,1551.6210745276255,0.0,3455.67,1551.6210745276255,0.0,0.0,0.9543529544502586,-0.38386345701240854
2025-01-03 00:00:00+00:00,1551.6210745276255,0.0,3609.01,1551.6210745276255,0.0,0.0,0.9543529544502586,-0.38386345701240854
2025-01-04 00:00:00+00:00,1551.6210745276255,0.0,3656.88,1551.6210745276255,0.0,0.0,0.9543529544502586,-0.38386345701240854
2025-01-05 00:00:00+00:00,1551.6210745276255,0.0,3635.99,1551.6210745276255,0.0,0.0,0.9543529544502586,-0.38386345701240854
2025-01-06 00:00:00+00:00,1551.6210745276255,0.0,3687.45,1551.6210745276255,0.0,0.0,0.9543529544502586,-0.38386345701240854
2025-01-07 00:00:00+00:00,1551.6210745276255,0.0,3381.31,1551.6210745276255,0.0,0.0,0.9543529544502586,-0.38386345701240854
2025-01-08 00:00:00+00:00,1551.6210745276255,0.0,3327.29,1551.6210745276255,0.0,0.0,0.9543529544502586,-0.38386345701240854
2025-01-09 00:00:00+00:00,1551.6210745276255,0.0,3219.2,1551.6210745276255,0.0,0.0,0.9543529544502586,-0.38386345701240854
2025-01-10 00:00:00+00:00,1551.6210745276255,0.0,3267.04,1551.6210745276255,0.0,0.0,0.9543529544502586,-0.38386345701240854
2025-01-11 00:00:00+00:00,1551.6210745276255,0.0,3282.83,1551.6210745276255,0.0,0.0,0.9543529544502586,-0.38386345701240854
2025-01-12 00:00:00+00:00,1551.6210745276255,0.0,3267.3,1551.6210745276255,0.0,0.0,0.9543529544502586,-0.38386345701240854
2025-01-13 00:00:00+00:00,1551.6210745276255,0.0,3137.51,1551.6210745276255,0.0,0.0,0.9543529544502586,-0.38386345701240854
2025-01-14 00:00:00+00:00,1551.6210745276255,0.0,3225.63,1551.6210745276255,0.0,0.0,0.9543529544502586,-0.38386345701240854
2025-01-15 00:00:00+00:00,1551.6210745276255,0.0,3451.52,1551.6210745276255,0.0,0.0,0.9543529544502586,-0.38386345701240854
2025-01-16 00:00:00+00:00,1551.6210745276255,0.0,3308.05,1551.6210745276255,0.0,0.0,0.9543529544502586,-0.38386345701240854
2025-01-17 00:00:00+00:00,1551.6210745276255,0.0,3473.63,1551.6210745276255,0.0,0.0,0.9543529544502586,-0.38386345701240854
2025-01-18 00:00:00+00:00,1551.6210745276255,0.0,3307.71,1551.6210745276255,0.0,0.0,0.9543529544502586,-0.38386345701240854
2025-01-19 00:00:00+00:00,1551.6210745276255,0.0,3215.12,1551.6210745276255,0.0,0.0,0.9543529544502586,-0.38386345701240854
2025-01-20 00:00:00+00:00,1551.6210745276255,0.0,3284.0,1551.6210745276255,0.0,0.0,0.9543529544502586,-0.38386345701240854
2025-01-21 00:00:00+00:00,1551.6210745276255,0.0,3327.54,1551.6210745276255,0.0,0.0,0.9543529544502586,-0.38386345701240854
2025-01-22 00:00:00+00:00,1551.6210745276255,0.0,3242.6,1551.6210745276255,0.0,0.0,0.9543529544502586,-0.38386345701240854
2025-01-23 00:00:00+00:00,1551.6210745276255,0.0,3338.21,1551.6210745276255,0.0,0.0,0.9543529544502586,-0.38386345701240854
2025-01-24 00:00:00+00:00,1551.6210745276255,0.0,3310.09,1551.6210745276255,0.0,0.0,0.9543529544502586,-0.38386345701240854
2025-01-25 00:00:00+00:00,1551.6210745276255,0.0,3318.77,1551.6210745276255,0.0,0.0,0.9543529544502586,-0.38386345701240854
2025-01-26 00:00:00+00:00,1551.6210745276255,0.0,3232.61,1551.6210745276255,0.0,0.0,0.9543529544502586,-0.38386345701240854
2025-01-27 00:00:00+00:00,1591.6210745276255,0.0,3182.44,1591.6210745276255,40.0,0.0,0.9543529544502586,-0.38386345701240854
2025-01-28 00:00:00+00:00,1591.6210745276255,0.0,3077.72,1591.6210745276255,0.0,0.0,0.9543529544502586,-0.38386345701240854
2025-01-29 00:00:00+00:00,1591.6210745276255,0.0,3113.9,1591.6210745276255,0.0,0.0,0.9543529544502586,-0.38386345701240854
2025-01-30 00:00:00+00:00,1591.6210745276255,0.0,3247.39,1591.6210745276255,0.0,0.0,0.9543529544502586,-0.38386345701240854
2025-01-31 00:00:00+00:00,1591.6210745276255,0.0,3300.99,1591.6210745276255,0.0,0.0,0.9543529544502586,-0.38386345701240854
2025-02-01 00:00:00+00:00,1591.6210745276255,0.0,3117.54,1591.6210745276255,0.0,0.0,0.9543529544502586,-0.38386345701240854
2025-02-02 00:00:00+00:00,1591.6210745276255,0.0,2869.68,1591.6210745276255,0.0,0.0,0.9543529544502586,-0.38386345701240854
2025-02-03 00:00:00+00:00,1591.6210745276255,0.0,2879.9,1591.6210745276255,0.0,0.0,0.9543529544502586,-0.38386345701240854
2025-02-04 00:00:00+00:00,1591.6210745276255,0.0,2731.19,1591.6210745276255,0.0,0.0,0.9543529544502586,-0.38386345701240854
2025-02-05 00:00:00+00:00,1591.6210745276255,0.0,2788.25,1591.6210745276255,0.0,0.0,0.9543529544502586,-0.38386345701240854
2025-02-06 00:00:00+00:00,1591.6210745276255,0.0,2686.64,1591.6210745276255,0.0,0.0,0.9543529544502586,-0.38386345701240854
2025-02-07 00:00:00+00:00,1591.6210745276255,0.0,2622.1,1591.6210745276255,0.0,0.0,0.9543529544502586,-0.38386345701240854
2025-02-08 00:00:00+00:00,1591.6210745276255,0.0,2632.46,1591.6210745276255,0.0,0.0,0.9543529544502586,-0.38386345701240854
2025-02-09 00:00:00+00:00,1591.6210745276255,0.0,2627.18,1591.6210745276255,0.0,0.0,0.9543529544502586,-0.38386345701240854
2025-02-10 00:00:00+00:00,1591.6210745276255,0.0,2661.19,1591.6210745276255,0.0,0.0,0.9543529544502586,-0.38386345701240854
2025-02-11 00:00:00+00:00,1591.6210745276255,0.0,2602.59,1591.6210745276255,0.0,0.0,0.9543529544502586,-0.38386345701240854
2025-02-12 00:00:00+00:00,1591.6210745276255,0.0,2738.27,1591.6210745276255,0.0,0.0,0.9543529544502586,-0.38386345701240854
2025-02-13 00:00:00+00:00,1591.6210745276255,0.0,2675.87,1591.6210745276255,0.0,0.0,0.9543529544502586,-0.38386345701240854
2025-02-14 00:00:00+00:00,1591.6210745276255,0.0,2725.95,1591.6210745276255,0.0,0.0,0.9543529544502586,-0.38386345701240854
2025-02-15 00:00:00+00:00,1591.6210745276255,0.0,2693.04,1591.6210745276255,0.0,0.0,0.9543529544502586,-0.38386345701240854
2025-02-16 00:00:00+00:00,1591.6210745276255,0.0,2661.41,1591.6210745276255,0.0,0.0,0.9543529544502586,-0.38386345701240854
2025-02-17 00:00:00+00:00,1591.6210745276255,0.0,2744.05,1591.6210745276255,0.0,0.0,0.9543529544502586,-0.38386345701240854
2025-02-18 00:00:00+00:00,1591.6210745276255,0.0,2671.99,1591.6210745276255,0.0,0.0,0.9543529544502586,-0.38386345701240854
2025-02-19 00:00:00+00:00,1591.6210745276255,0.0,2715.5,1591.6210745276255,0.0,0.0,0.9543529544502586,-0.38386345701240854
2025-02-20 00:00:00+00:00,1591.6210745276255,0.0,2738.04,1591.6210745276255,0.0,0.0,0.9543529544502586,-0.38386345701240854
2025-02-21 00:00:00+00:00,1591.6210745276255,0.0,2663.0,1591.6210745276255,0.0,0.0,0.9543529544502586,-0.38386345701240854
2025-02-22 00:00:00+00:00,1591.6210745276255,0.0,2763.22,1591.6210745276255,0.0,0.0,0.9543529544502586,-0.38386345701240854
2025-02-23 00:00:00+00:00,1591.6210745276255,0.0,2819.69,1591.6210745276255,0.0,0.0,0.9543529544502586,-0.38386345701240854
2025-02-24 00:00:00+00:00,1591.6210745276255,0.0,2513.52,1591.6210745276255,0.0,0.0,0.9543529544502586,-0.38386345701240854
2025-02-25 00:00:00+00:00,1591.6210745276255,0.0,2495.7,1591.6210745276255,0.0,0.0,0.9543529544502586,-0.38386345701240854
2025-02-26 00:00:00+00:00,1591.6210745276255,0.0,2336.37,1591.6210745276255,0.0,0.0,0.9543529544502586,-0.38386345701240854
2025-02-27 00:00:00+00:00,1631.6210745276255,0.0,2307.72,1631.6210745276255,40.0,0.0,0.9543529544502586,-0.38386345701240854
2025-02-28 00:00:00+00:00,1631.6210745276255,0.0,2237.59,1631.6210745276255,0.0,0.0,0.9543529544502586,-0.38386345701240854
2025-03-01 00:00:00+00:00,1631.6210745276255,0.0,2217.39,1631.6210745276255,0.0,0.0,0.9543529544502586,-0.38386345701240854
2025-03-02 00:00:00+00:00,1631.6210745276255,0.0,2518.11,1631.6210745276255,0.0,0.0,0.9543529544502586,-0.38386345701240854
2025-03-03 00:00:00+00:00,1631.6210745276255,0.0,2149.01,1631.6210745276255,0.0,0.0,0.9543529544502586,-0.38386345701240854
2025-03-04 00:00:00+00:00,1631.6210745276255,0.0,2171.51,1631.6210745276255,0.0,0.0,0.9543529544502586,-0.38386345701240854
2025-03-05 00:00:00+00:00,1631.6210745276255,0.0,2241.59,1631.6210745276255,0.0,0.0,0.9543529544502586,-0.38386345701240854
2025-03-06 00:00:00+00:00,1631.6210745276255,0.0,2202.2,1631.6210745276255,0.0,0.0,0.9543529544502586,-0.38386345701240854
2025-03-07 00:00:00+00:00,1631.6210745276255,0.0,2141.6,1631.6210745276255,0.0,0.0,0.9543529544502586,-0.38386345701240854
2025-03-08 00:00:00+00:00,1631.6210745276255,0.0,2203.58,1631.6210745276255,0.0,0.0,0.9543529544502586,-0.38386345701240854
2025-03-09 00:00:00+00:00,1631.6210745276255,0.0,2020.41,1631.6210745276255,0.0,0.0,0.9543529544502586,-0.38386345701240854
2025-03-10 00:00:00+00:00,1631.6210745276255,0.0,1865.1,1631.6210745276255,0.0,0.0,0.9543529544502586,-0.38386345701240854
2025-03-11 00:00:00+00:00,1631.6210745276255,0.0,1923.43,1631.6210745276255,0.0,0.0,0.9543529544502586,-0.38386345701240854
2025-03-12 00:00:00+00:00,1631.6210745276255,0.0,1908.2,1631.6210745276255,0.0,0.0,0.9543529544502586,-0.38386345701240854
2025-03-13 00:00:00+00:00,1631.6210745276255,0.0,1864.59,1631.6210745276255,0.0,0.0,0.9543529544502586,-0.38386345701240854
2025-03-14 00:00:00+00:00,1631.6210745276255,0.0,1911.65,1631.6210745276255,0.0,0.0,0.9543529544502586,-0.38386345701240854
2025-03-15 00:00:00+00:00,1631.6210745276255,0.0,1937.17,1631.6210745276255,0.0,0.0,0.9543529544502586,-0.38386345701240854
2025-03-16 00:00:00+00:00,1631.6210745276255,0.0,1887.0,1631.6210745276255,0.0,0.0,0.9543529544502586,-0.38386345701240854
2025-03-17 00:00:00+00:00,1631.6210745276255,0.0,1926.31,1631.6210745276255,0.0,0.0,0.9543529544502586,-0.38386345701240854
2025-03-18 00:00:00+00:00,1631.6210745276255,0.0,1931.54,1631.6210745276255,0.0,0.0,0.9543529544502586,-0.38386345701240854
2025-03-19 00:00:00+00:00,1631.6210745276255,0.0,2056.06,1631.6210745276255,0.0,0.0,0.9543529544502586,-0.38386345701240854
2025-03-20 00:00:00+00:00,1631.6210745276255,0.0,1983.79,1631.6210745276255,0.0,0.0,0.9543529544502586,-0.38386345701240854
2025-03-21 00:00:00+00:00,1631.6210745276255,0.0,1965.75,1631.6210745276255,0.0,0.0,0.9543529544502586,-0.38386345701240854
2025-03-22 00:00:00+00:00,1631.6210745276255,0.0,1980.69,1631.6210745276255,0.0,0.0,0.9543529544502586,-0.38386345701240854
2025-03-23 00:00:00+00:00,1631.6210745276255,0.0,2005.99,1631.6210745276255,0.0,0.0,0.9543529544502586,-0.38386345701240854
2025-03-24 00:00:00+00:00,1631.6210745276255,0.0,2081.2,1631.6210745276255,0.0,0.0,0.9543529544502586,-0.38386345701240854
2025-03-25 00:00:00+00:00,1631.6210745276255,0.0,2066.15,1631.6210745276255,0.0,0.0,0.9543529544502586,-0.38386345701240854
2025-03-26 00:00:00+00:00,1631.6210745276255,0.0,2009.52,1631.6210745276255,0.0,0.0,0.9543529544502586,-0.38386345701240854
2025-03-27 00:00:00+00:00,1671.6210745276255,0.0,2003.66,1671.6210745276255,40.0,0.0,0.9543529544502586,-0.38386345701240854
2025-03-28 00:00:00+00:00,1671.6210745276255,0.0,1896.9,1671.6210745276255,0.0,0.0,0.9543529544502586,-0.38386345701240854
2025-03-29 00:00:00+00:00,1671.6210745276255,0.0,1828.08,1671.6210745276255,0.0,0.0,0.9543529544502586,-0.38386345701240854
2025-03-30 00:00:00+00:00,1671.6210745276255,0.0,1807.74,1671.6210745276255,0.0,0.0,0.9543529544502586,-0.38386345701240854
2025-03-31 00:00:00+00:00,1671.6210745276255,0.0,1822.43,1671.6210745276255,0.0,0.0,0.9543529544502586,-0.38386345701240854
2025-04-01 00:00:00+00:00,1671.6210745276255,0.0,1904.98,1671.6210745276255,0.0,0.0,0.9543529544502586,-0.38386345701240854
2025-04-02 00:00:00+00:00,1671.6210745276255,0.0,1795.22,1671.6210745276255,0.0,0.0,0.9543529544502586,-0.38386345701240854
2025-04-03 00:00:00+00:00,1671.6210745276255,0.0,1817.23,1671.6210745276255,0.0,0.0,0.9543529544502586,-0.38386345701240854
2025-04-04 00:00:00+00:00,1671.6210745276255,0.0,1816.87,1671.6210745276255,0.0,0.0,0.9543529544502586,-0.38386345701240854
2025-04-05 00:00:00+00:00,1671.6210745276255,0.0,1806.01,1671.6210745276255,0.0,0.0,0.9543529544502586,-0.38386345701240854
2025-04-06 00:00:00+00:00,1671.6210745276255,0.0,1580.76,1671.6210745276255,0.0,0.0,0.9543529544502586,-0.38386345701240854
2025-04-07 00:00:00+00:00,1671.6210745276255,0.0,1553.04,1671.6210745276255,0.0,0.0,0.9543529544502586,-0.38386345701240854
2025-04-08 00:00:00+00:00,1671.6210745276255,0.0,1473.41,1671.6210745276255,0.0,0.0,0.9543529544502586,-0.38386345701240854
2025-04-09 00:00:00+00:00,1671.6210745276255,0.0,1669.51,1671.6210745276255,0.0,0.0,0.9543529544502586,-0.38386345701240854
2025-04-10 00:00:00+00:00,1671.6210745276255,0.0,1522.25,1671.6210745276255,0.0,0.0,0.9543529544502586,-0.38386345701240854
2025-04-11 00:00:00+00:00,1671.6210745276255,0.0,1566.85,1671.6210745276255,0.0,0.0,0.9543529544502586,-0.38386345701240854
2025-04-12 00:00:00+00:00,1671.6210745276255,0.0,1644.18,1671.6210745276255,0.0,0.0,0.9543529544502586,-0.38386345701240854
2025-04-13 00:00:00+00:00,1671.6210745276255,0.0,1597.76,1671.6210745276255,0.0,0.0,0.9543529544502586,-0.38386345701240854
2025-04-14 00:00:00+00:00,1671.6210745276255,0.0,1623.77,1671.6210745276255,0.0,0.0,0.9543529544502586,-0.38386345701240854
2025-04-15 00:00:00+00:00,1671.6210745276255,0.0,1588.78,1671.6210745276255,0.0,0.0,0.9543529544502586,-0.38386345701240854
2025-04-16 00:00:00+00:00,1671.6210745276255,0.0,1577.14,1671.6210745276255,0.0,0.0,0.9543529544502586,-0.38386345701240854
2025-04-17 00:00:00+00:00,1671.6210745276255,0.0,1583.62,1671.6210745276255,0.0,0.0,0.9543529544502586,-0.38386345701240854
2025-04-18 00:00:00+00:00,1671.6210745276255,0.0,1588.6,1671.6210745276255,0.0,0.0,0.9543529544502586,-0.38386345701240854
2025-04-19 00:00:00+00:00,1671.6210745276255,0.0,1613.27,1671.6210745276255,0.0,0.0,0.9543529544502586,-0.38386345701240854
2025-04-20 00:00:00+00:00,1671.6210745276255,0.0,1587.36,1671.6210745276255,0.0,0.0,0.9543529544502586,-0.38386345701240854
2025-04-21 00:00:00+00:00,1671.6210745276255,0.0,1579.57,1671.6210745276255,0.0,0.0,0.9543529544502586,-0.38386345701240854
2025-04-22 00:00:00+00:00,1671.6210745276255,0.0,1756.26,1671.6210745276255,0.0,0.0,0.9543529544502586,-0.38386345701240854
2025-04-23 00:00:00+00:00,1671.6210745276255,0.0,1795.07,1671.6210745276255,0.0,0.0,0.9543529544502586,-0.38386345701240854
2025-04-24 00:00:00+00:00,1671.6210745276255,0.0,1769.65,1671.6210745276255,0.0,0.0,0.9543529544502586,-0.38386345701240854
2025-04-25 00:00:00+00:00,1671.6210745276255,0.0,1784.6,1671.6210745276255,0.0,0.0,0.9543529544502586,-0.38386345701240854
2025-04-26 00:00:00+00:00,1671.6210745276255,0.0,1820.88,1671.6210745276255,0.0,0.0,0.9543529544502586,-0.38386345701240854
2025-04-27 00:00:00+00:00,1711.6210745276255,0.0,1791.29,1711.6210745276255,40.0,0.0,0.9543529544502586,-0.38386345701240854
2025-04-28 00:00:00+00:00,1711.6210745276255,0.0,1799.88,1711.6210745276255,0.0,0.0,0.9543529544502586,-0.38386345701240854
2025-04-29 00:00:00+00:00,1711.6210745276255,0.0,1797.81,1711.6210745276255,0.0,0.0,0.9543529544502586,-0.38386345701240854
2025-04-30 00:00:00+00:00,1711.6210745276255,0.0,1793.61,1711.6210745276255,0.0,0.0,0.9543529544502586,-0.38386345701240854
2025-05-01 00:00:00+00:00,1711.6210745276255,0.0,1838.11,1711.6210745276255,0.0,0.0,0.9543529544502586,-0.38386345701240854
2025-05-02 00:00:00+00:00,1711.6210745276255,0.0,1842.2,1711.6210745276255,0.0,0.0,0.9543529544502586,-0.38386345701240854
2025-05-03 00:00:00+00:00,1711.6210745276255,0.0,1833.52,1711.6210745276255,0.0,0.0,0.9543529544502586,-0.38386345701240854
2025-05-04 00:00:00+00:00,1711.6210745276255,0.0,1808.86,1711.6210745276255,0.0,0.0,0.9543529544502586,-0.38386345701240854
2025-05-05 00:00:00+00:00,1711.6210745276255,0.0,1820.19,1711.6210745276255,0.0,0.0,0.9543529544502586,-0.38386345701240854
2025-05-06 00:00:00+00:00,1711.6210745276255,0.0,1817.0,1711.6210745276255,0.0,0.0,0.9543529544502586,-0.38386345701240854
2025-05-07 00:00:00+00:00,1711.6210745276255,0.0,1811.11,1711.6210745276255,0.0,0.0,0.9543529544502586,-0.38386345701240854
2025-05-08 00:00:00+00:00,1711.6210745276255,0.0,2207.39,1711.6210745276255,0.0,0.0,0.9543529544502586,-0.38386345701240854
2025-05-09 00:00:00+00:00,0.0,0.7742431718213539,2345.04,1815.6312076479478,0.0,0.060767032299498425,1.0123461512584593,-0.34642266780378017
2025-05-10 00:00:00+00:00,0.0,0.7742431718213539,2583.23,2000.0481887440762,0.0,0.10157182819909272,1.1151720006120962,-0.2800376233031244
2025-05-11 00:00:00+00:00,0.0,0.7742431718213539,2514.57,1946.8886525668222,0.0,-0.02657912768123627,1.0855317016212875,-0.2991735952390371
2025-05-12 00:00:00+00:00,0.0,0.7742431718213539,2495.47,1932.100607985034,0.0,-0.007595732073475969,1.0772862936585077,-0.3044968848396188
2025-05-13 00:00:00+00:00,0.0,0.7742431718213539,2679.71,2074.7471699614002,0.0,0.0738297795605638,1.1568221032429322,-0.25314804316364237
2025-05-14 00:00:00+00:00,0.0,0.7742431718213539,2609.74,2020.57337522906,0.0,-0.026111034402976463,1.1266162815070324,-0.27264912030252686
2025-05-15 00:00:00+00:00,0.0,0.7742431718213539,2548.69,1973.3058295893666,0.0,-0.02339313494830897,1.1002611947987764,-0.289664137586061
2025-05-16 00:00:00+00:00,0.0,0.7742431718213539,2537.12,1964.3478360913934,0.0,-0.00453958700351953,1.095266463378391,-0.2928887690352091
2025-05-17 00:00:00+00:00,0.0,0.7742431718213539,2475.08,1916.3137897115967,0.0,-0.024452922999306348,1.0684839968856767,-0.31017970551793583
2025-05-18 00:00:00+00:00,0.0,0.7742431718213539,2497.78,1933.8891097119415,0.0,0.009171420721754586,1.0782835131555772,-0.30385307337483614
2025-05-19 00:00:00+00:00,0.0,0.7742431718213539,2528.14,1957.3951324084376,0.0,0.012154793456589319,1.0913898265456288,-0.2953915512662679
2025-05-20 00:00:00+00:00,0.0,0.7742431718213539,2524.19,1954.3368718797435,0.0,-0.001562413473937263,1.0896846243753158,-0.2964924410004196
2025-05-21 00:00:00+00:00,0.0,0.7742431718213539,2550.99,1975.0865888845556,0.0,0.010617267321398005,1.1012540973283256,-0.28902311318389684
2025-05-22 00:00:00+00:00,0.0,0.7742431718213539,2664.82,2063.2186891329807,0.0,0.044621891892951515,1.15039413860598,-0.2572979794020016
2025-05-23 00:00:00+00:00,0.0,0.7742431718213539,2526.5,1956.1253736066508,0.0,-0.05190594486682032,1.0906818438723846,-0.2958486295356374
2025-05-24 00:00:00+00:00,0.0,0.7742431718213539,2530.4,1959.1449219767542,0.0,0.001543637443103263,1.092365461205099,-0.29476167511457607
2025-05-25 00:00:00+00:00,0.0,0.7742431718213539,2551.22,1975.2646648140744,0.0,0.008227948150489883,1.1013533875812807,-0.28895901074368036
2025-05-26 00:00:00+00:00,0.0,0.7742431718213539,2563.7,1984.927219598405,0.0,0.004891777267346686,1.106740963045966,-0.2854807565962847
2025-05-27 00:00:00+00:00,0.0,0.7898222450066242,2660.81,2101.5669277360757,40.0,0.038610840428283666,1.1494731617655787,-0.2578925681062858
2025-05-28 00:00:00+00:00,0.0,0.7898222450066242,2681.6,2117.9873322097633,0.0,0.007813410202156312,1.1584544670948227,-0.25209417832683156
2025-05-29 00:00:00+00:00,0.0,0.7898222450066242,2631.39,2078.330357287981,0.0,-0.018723896181384148,1.1367636859220784,-0.26609788928529277
2025-05-30 00:00:00+00:00,0.0,0.7898222450066242,2531.34,1999.3086416750682,0.0,-0.03802172996021114,1.093541964027375,-0.29400211715611635
2025-05-31 00:00:00+00:00,0.0,0.7898222450066242,2528.06,1996.7180247114463,0.0,-0.0012957563977973319,1.0921250000312266,-0.29491691842964274
2025-06-01 00:00:00+00:00,0.0,0.7898222450066242,2539.21,2005.5245427432703,0.0,0.004410496586315205,1.0969418136156939,-0.2918071519053079
2025-06-02 00:00:00+00:00,0.0,0.7898222450066242,2607.41,2059.390419852722,0.0,0.026858747405689165,1.1264042967063363,-0.2727859790838171
2025-06-03 00:00:00+00:00,0.0,0.7898222450066242,2593.36,2048.293417310379,0.0,-0.005388488960309301,1.1203346795886893,-0.276704563807306
2025-06-04 00:00:00+00:00,0.0,0.7898222450066242,2607.68,2059.603671858874,0.0,0.005521794120368906,1.1265209370352876,-0.27271067532044757
2025-06-05 00:00:00+00:00,0.0,0.7898222450066242,2414.01,1906.6387976684412,0.0,-0.07426908209596261,1.042855261079793,-0.3267257858825905
2025-06-06 00:00:00+00:00,1903.7876791704025,0.0,2476.1,1903.7876791704025,0.0,-0.0014953637267453024,1.0412958131501289,-0.3277325757205345
2025-06-07 00:00:00+00:00,1903.7876791704025,0.0,2524.63,1903.7876791704025,0.0,0.0,1.0412958131501289,-0.3277325757205345
2025-06-08 00:00:00+00:00,1903.7876791704025,0.0,2509.83,1903.7876791704025,0.0,0.0,1.0412958131501289,-0.3277325757205345
2025-06-09 00:00:00+00:00,1903.7876791704025,0.0,2680.13,1903.7876791704025,0.0,0.0,1.0412958131501289,-0.3277325757205345
2025-06-10 00:00:00+00:00,1903.7876791704025,0.0,2816.4,1903.7876791704025,0.0,0.0,1.0412958131501289,-0.3277325757205345
2025-06-11 00:00:00+00:00,0.0,0.6749497856186312,2771.61,1870.6975753184545,0.0,-0.017381194454608173,1.023196848136997,-0.3394173865474345
2025-06-12 00:00:00+00:00,0.0,0.6749497856186312,2642.65,1783.6560509650758,0.0,-0.04652891279797666,0.9755886112148662,-0.3701535773646285
2025-06-13 00:00:00+00:00,0.0,0.6749497856186312,2579.19,1740.8237375697174,0.0,-0.024013774052560888,0.9521610467369007,-0.38527856704560803
2025-06-14 00:00:00+00:00,0.0,0.6749497856186312,2530.76,1708.1359194522072,0.0,-0.018777213000980897,0.934282115951085,-0.3968213223284609
2025-06-15 00:00:00+00:00,0.0,0.6749497856186312,2547.61,1719.508823339881,0.0,0.006658078996032657,0.9405026400836679,-0.39280531104380123
2025-06-16 00:00:00+00:00,0.0,0.6749497856186312,2544.17,1717.186996077353,0.0,-0.0013502851692370754,0.9392326933171347,-0.3936251970271383
2025-06-17 00:00:00+00:00,0.0,0.6749497856186312,2509.95,1694.0902144134832,0.0,-0.013450359056195182,0.926599676354702,-0.4017811558497528
2025-06-18 00:00:00+00:00,0.0,0.6749497856186312,2525.0,1704.2482086870436,0.0,0.005996135381182821,0.932155693458285,-0.3981941546726532
2025-06-19 00:00:00+00:00,0.0,0.6749497856186312,2521.12,1701.6294035188434,0.0,-0.0015366336633663158,0.9307233116402184,-0.3991189097933938
2025-06-20 00:00:00+00:00,0.0,0.6749497856186312,2406.49,1624.2599095933797,0.0,-0.0454678872881894,0.8884052890100705,-0.42643970347651217
2025-06-21 00:00:00+00:00,1621.8243318589446,0.0,2295.73,1621.8243318589446,0.0,-0.001499499999999876,0.8870731252792,-0.4272997571411491
2025-06-22 00:00:00+00:00,1621.8243318589446,0.0,2227.7,1621.8243318589446,0.0,0.0,0.8870731252792,-0.4272997571411491
2025-06-23 00:00:00+00:00,1621.8243318589446,0.0,2411.66,1621.8243318589446,0.0,0.0,0.8870731252792,-0.4272997571411491
2025-06-24 00:00:00+00:00,1621.8243318589446,0.0,2448.45,1621.8243318589446,0.0,0.0,0.8870731252792,-0.4272997571411491
2025-06-25 00:00:00+00:00,1621.8243318589446,0.0,2418.49,1621.8243318589446,0.0,0.0,0.8870731252792,-0.4272997571411491
2025-06-26 00:00:00+00:00,1621.8243318589446,0.0,2415.96,1621.8243318589446,0.0,0.0,0.8870731252792,-0.4272997571411491
2025-06-27 00:00:00+00:00,1661.8243318589446,0.0,2423.17,1661.8243318589446,40.0,0.0,0.8870731252792,-0.4272997571411491
2025-06-28 00:00:00+00:00,1661.8243318589446,0.0,2435.62,1661.8243318589446,0.0,0.0,0.8870731252792,-0.4272997571411491
2025-06-29 00:00:00+00:00,1661.8243318589446,0.0,2500.09,1661.8243318589446,0.0,0.0,0.8870731252792,-0.4272997571411491
2025-06-30 00:00:00+00:00,1661.8243318589446,0.0,2485.47,1661.8243318589446,0.0,0.0,0.8870731252792,-0.4272997571411491
2025-07-01 00:00:00+00:00,1661.8243318589446,0.0,2405.01,1661.8243318589446,0.0,0.0,0.8870731252792,-0.4272997571411491
2025-07-02 00:00:00+00:00,1661.8243318589446,0.0,2570.41,1661.8243318589446,0.0,0.0,0.8870731252792,-0.4272997571411491
2025-07-03 00:00:00+00:00,1661.8243318589446,0.0,2591.25,1661.8243318589446,0.0,0.0,0.8870731252792,-0.4272997571411491
2025-07-04 00:00:00+00:00,1661.8243318589446,0.0,2508.04,1661.8243318589446,0.0,0.0,0.8870731252792,-0.4272997571411491
2025-07-05 00:00:00+00:00,1661.8243318589446,0.0,2516.41,1661.8243318589446,0.0,0.0,0.8870731252792,-0.4272997571411491
2025-07-06 00:00:00+00:00,1661.8243318589446,0.0,2570.35,1661.8243318589446,0.0,0.0,0.8870731252792,-0.4272997571411491
2025-07-07 00:00:00+00:00,1661.8243318589446,0.0,2542.29,1661.8243318589446,0.0,0.0,0.8870731252792,-0.4272997571411491
2025-07-08 00:00:00+00:00,1661.8243318589446,0.0,2615.25,1661.8243318589446,0.0,0.0,0.8870731252792,-0.4272997571411491
2025-07-09 00:00:00+00:00,1661.8243318589446,0.0,2768.74,1661.8243318589446,0.0,0.0,0.8870731252792,-0.4272997571411491
2025-07-10 00:00:00+00:00,0.0,0.5993103362688563,2951.29,1768.738602326913,0.0,0.06433548264898281,0.9441434029389789,-0.3904548106036353
2025-07-11 00:00:00+00:00,0.0,0.5993103362688563,2958.22,1772.891822957256,0.0,0.0023481257348481055,0.946360370360807,-0.3890235218578608
2025-07-12 00:00:00+00:00,0.0,0.5993103362688563,2943.28,1763.9381265333996,0.0,-0.005050334322666883,0.941580934100762,-0.39210915733576424
2025-07-13 00:00:00+00:00,0.0,0.5993103362688563,2972.03,1781.1682987011293,0.0,0.009768013916447105,0.9507783097685195,-0.3861712711249392
2025-07-14 00:00:00+00:00,0.0,0.5993103362688563,3013.62,1806.0936155865506,0.0,0.013993802215993556,0.9640833133866769,-0.37758147329856695
2025-07-15 00:00:00+00:00,0.0,0.5993103362688563,3137.89,1880.5699110746814,0.0,0.04123612134243859,1.0038383698817102,-0.3519153474057247
2025-07-16 00:00:00+00:00,0.0,0.5993103362688563,3371.35,2020.4849021800087,0.0,0.07440031358651833,1.0785242593910889,-0.3036976460221008
2025-07-17 00:00:00+00:00,0.0,0.5993103362688563,3476.87,2083.7241288630985,0.0,0.03129903451139748,1.11228102740715,-0.28190405461457924
2025-07-18 00:00:00+00:00,0.0,0.5993103362688563,3546.92,2125.705817918732,0.0,0.020147431454152764,1.13469063316459,-0.2674362657774214
2025-07-19 00:00:00+00:00,0.0,0.5993103362688563,3592.01,2152.7287209810947,0.0,0.012712437833387824,1.1491153172988224,-0.25812359484712244
2025-07-20 00:00:00+00:00,0.0,0.5993103362688563,3756.69,2251.42314715785,0.0,0.04584619753285768,1.2017978851237368,-0.2241113826315172
2025-07-21 00:00:00+00:00,0.0,0.5993103362688563,3762.33,2254.8032574544063,0.0,0.0015013216421901898,1.2036021702982114,-0.22294652425833295
2025-07-22 00:00:00+00:00,0.0,0.5993103362688563,3746.21,2245.1423748337525,0.0,-0.004284578971009978,1.1984452417498896,-0.22627587123984594
2025-07-23 00:00:00+00:00,0.0,0.5993103362688563,3628.29,2174.471699980929,0.0,-0.03147714623579567,1.160721605619735,-0.25063049878699284
2025-07-24 00:00:00+00:00,0.0,0.5993103362688563,3706.94,2221.607457928474,0.0,0.0216768780885761,1.1858824263595302,-0.2343865074659014
2025-07-25 00:00:00+00:00,0.0,0.5993103362688563,3724.96,2232.4070301880392,0.0,0.004861152325098539,1.1916471814737213,-0.23066474365654255
2025-07-26 00:00:00+00:00,0.0,0.5993103362688563,3741.1,2242.0798990154185,0.0,0.004332932434173653,1.1968105081964204,-0.2273312659715786
2025-07-27 00:00:00+00:00,0.0,0.6099863308065945,3872.1,2361.9280715162145,40.0,0.03561343756565516,1.2394330445079937,-0.19981387625332359
2025-07-28 00:00:00+00:00,0.0,0.6099863308065945,3799.0,2317.3380707342526,0.0,-0.01887864466310263,1.2160342284770198,-0.21492030574788257
2025-07-29 00:00:00+00:00,0.0,0.6099863308065945,3793.79,2314.16004195075,0.0,-0.001371413529876464,1.2143665426832935,-0.21599697466261125
2025-07-30 00:00:00+00:00,0.0,0.6099863308065945,3810.0,2324.047920373125,0.0,0.004272772082798637,1.2195552541451553,-0.21264710842312007
2025-07-31 00:00:00+00:00,0.0,0.6099863308065945,3698.39,2255.967345991801,0.0,-0.029293963254593325,1.183829647343281,-0.23571179509737084
2025-08-01 00:00:00+00:00,0.0,0.6099863308065945,3488.2,2127.7543191195628,0.0,-0.056832838072783054,1.1165492486900603,-0.27914846288754014
2025-08-02 00:00:00+00:00,2124.5698422346063,0.0,3393.94,2124.5698422346063,0.0,-0.0014966374906827395,1.1148781792242772,-0.28022731632319886
2025-08-03 00:00:00+00:00,2124.5698422346063,0.0,3496.74,2124.5698422346063,0.0,0.0,1.1148781792242772,-0.28022731632319886
2025-08-04 00:00:00+00:00,2124.5698422346063,0.0,3720.99,2124.5698422346063,0.0,0.0,1.1148781792242772,-0.28022731632319886
2025-08-05 00:00:00+00:00,2124.5698422346063,0.0,3612.0,2124.5698422346063,0.0,0.0,1.1148781792242772,-0.28022731632319886
2025-08-06 00:00:00+00:00,2124.5698422346063,0.0,3683.31,2124.5698422346063,0.0,0.0,1.1148781792242772,-0.28022731632319886
2025-08-07 00:00:00+00:00,2124.5698422346063,0.0,3910.31,2124.5698422346063,0.0,0.0,1.1148781792242772,-0.28022731632319886
2025-08-08 00:00:00+00:00,2124.5698422346063,0.0,4009.5,2124.5698422346063,0.0,0.0,1.1148781792242772,-0.28022731632319886
2025-08-09 00:00:00+00:00,0.0,0.5290887668291193,4260.62,2254.2461817274825,0.0,0.061036515211231546,1.1829264581691699,-0.23629489996733088
2025-08-10 00:00:00+00:00,0.0,0.5290887668291193,4250.57,2248.9288396208494,0.0,-0.002358811628354718,1.180136157484152,-0.23809633643792172
2025-08-11 00:00:00+00:00,0.0,0.5290887668291193,4223.22,2234.4582618480736,0.0,-0.006434431146881248,1.1725426526348752,-0.24299875310166852
2025-08-12 00:00:00+00:00,0.0,0.5290887668291193,4590.52,2428.792565904409,0.0,0.08697155251206423,1.2745205075211443,-0.17716117940535214
2025-08-13 00:00:00+00:00,0.0,0.5290887668291193,4749.3,2512.8012803015363,0.0,0.03458867404999855,1.3186044819258318,-0.1487002756441187
2025-08-14 00:00:00+00:00,0.0,0.5290887668291193,4546.84,2405.681968569313,0.0,-0.042629440128018725,1.2623931111110374,-0.1849907062745466
2025-08-15 00:00:00+00:00,0.0,0.5290887668291193,4439.47,2348.8737076748703,0.0,-0.02361420239111134,1.2325827046881166,-0.20423650068721622
2025-08-16 00:00:00+00:00,0.0,0.5290887668291193,4421.99,2339.625236030697,0.0,-0.0039374069427207115,1.2277295249892002,-0.20736974541417408
2025-08-17 00:00:00+00:00,0.0,0.5290887668291193,4472.33,2366.259564552875,0.0,0.011384014889224137,1.2417060161816174,-0.19834643079431946
2025-08-18 00:00:00+00:00,0.0,0.5290887668291193,4312.99,2281.9545604463233,0.0,-0.035627961264039,1.1974665623357745,-0.22690771310515812
2025-08-19 00:00:00+00:00,0.0,0.5290887668291193,4075.59,2156.3488872010903,0.0,-0.05504302119875082,1.1315543849603311,-0.2694610482413017
2025-08-20 00:00:00+00:00,0.0,0.5290887668291193,4336.16,2294.213547173754,0.0,0.06393430153670998,1.2038995242135713,-0.22275455061524907
2025-08-21 00:00:00+00:00,0.0,0.5290887668291193,4225.3,2235.5587664830778,0.0,-0.025566399763846337,1.1731201477020228,-0.24262591848884996
2025-08-22 00:00:00+00:00,0.0,0.5290887668291193,4832.07,2556.5939575319826,0.0,0.14360400444938826,1.3415848986122911,-0.13386396751767138
2025-08-23 00:00:00+00:00,0.0,0.5290887668291193,4778.4,2528.1977634162636,0.0,-0.011107041081772517,1.3266838600287187,-0.14348417601285612
2025-08-24 00:00:00+00:00,0.0,0.5290887668291193,4780.15,2529.1236687582145,0.0,0.000366231374518744,1.327169733282329,-0.14317049304534024
2025-08-25 00:00:00+00:00,0.0,0.5290887668291193,4376.18,2315.3876796222557,0.0,-0.0845099003169355,1.2150107514189854,-0.21558106926668752
2025-08-26 00:00:00+00:00,0.0,0.5290887668291193,4600.63,2434.141653337051,0.0,0.051289023760448416,1.2773274667177141,-0.17534898809016108
2025-08-27 00:00:00+00:00,7.105427357601002e-15,0.5377702017467453,4506.71,2423.5743459140745,40.0,-0.02077418434282663,1.2507920304579645,-0.1924804402300746
2025-08-28 00:00:00+00:00,7.105427357601002e-15,0.5377702017467453,4511.21,2425.994311821935,0.0,0.0009985111089907406,1.2520409601954139,-0.19167412297891706
2025-08-29 00:00:00+00:00,7.105427357601002e-15,0.5377702017467453,4360.18,2344.774878252124,0.0,-0.033478822754870685,1.2101241028071936,-0.21873592174388123
2025-08-30 00:00:00+00:00,7.105427357601002e-15,0.5377702017467453,4373.7,2352.0455313797397,0.0,0.003100789416950578,1.213876442818375,-0.21631338635818098
2025-08-31 00:00:00+00:00,7.105427357601002e-15,0.5377702017467453,4391.83,2361.7953051374084,0.0,0.004145231725998677,1.2189082419605881,-0.21306482374407243
2025-09-01 00:00:00+00:00,7.105427357601002e-15,0.5377702017467453,4314.5,2320.2095354363323,0.0,-0.017607694286891906,1.1974460782723733,-0.22692093775118816
2025-09-02 00:00:00+00:00,7.105427357601002e-15,0.5377702017467453,4326.5,2326.6627778572933,0.0,0.002781318808668498,1.2007765575722384,-0.2247707584147678
2025-09-03 00:00:00+00:00,7.105427357601002e-15,0.5377702017467453,4450.46,2393.32477206582,0.0,0.028651334797180184,1.2351804087398461,-0.20255940586954524
2025-09-04 00:00:00+00:00,7.105427357601002e-15,0.5377702017467453,4297.55,2311.094330516725,0.0,-0.03435824611388483,1.1927417762613137,-0.22995806606388192
2025-09-05 00:00:00+00:00,7.105427357601002e-15,0.5377702017467453,4307.45,2316.418255514018,0.0,0.002303638119393492,1.1954894216837024,-0.22818416811133513
2025-09-06 00:00:00+00:00,7.105427357601002e-15,0.5377702017467453,4273.14,2297.967359892087,0.0,-0.00796526947497933,1.1859670262855044,-0.2343318891973838
2025-09-07 00:00:00+00:00,7.105427357601002e-15,0.5377702017467453,4306.19,2315.740665059817,0.0,0.007734359276784675,1.1951397213572164,-0.22840993694165945
2025-09-08 00:00:00+00:00,7.105427357601002e-15,0.5377702017467453,4306.37,2315.8374636961316,0.0,4.180029213785019e-05,1.1951896785467147,-0.22837768425161298
2025-09-09 00:00:00+00:00,7.105427357601002e-15,0.5377702017467453,4310.09,2317.8379688466293,0.0,0.0008638365955548899,1.1962221271296727,-0.2277111286573228
2025-09-10 00:00:00+00:00,7.105427357601002e-15,0.5377702017467453,4349.32,2338.934693861154,0.0,0.009101898104215689,1.207110019040815,-0.22068183404334196
2025-09-11 00:00:00+00:00,7.105427357601002e-15,0.5377702017467453,4458.82,2397.820530952423,0.0,0.025176349406344167,1.2375006426520854,-0.20106144759850586
2025-09-12 00:00:00+00:00,7.105427357601002e-15,0.5377702017467453,4712.16,2534.059233862943,0.0,0.056817723074714666,1.307812611471073,-0.15566757817444432
2025-09-13 00:00:00+00:00,7.105427357601002e-15,0.5377702017467453,4666.53,2509.520779557239,0.0,-0.009683457268004458,1.2951484639333357,-0.16384363510118272
2025-09-14 00:00:00+00:00,7.105427357601002e-15,0.5377702017467453,4604.49,2476.1575162408712,0.0,-0.013294675058340921,1.2779298859530326,-0.1749600622704761
2025-09-15 00:00:00+00:00,7.105427357601002e-15,0.5377702017467453,4523.74,2432.7325724498214,0.0,-0.017537229964665002,1.2555185356643561,-0.18942897738847164
2025-09-16 00:00:00+00:00,7.105427357601002e-15,0.5377702017467453,4501.29,2420.659631420607,0.0,-0.004962707847931069,1.2492877639741917,-0.19345160456369137
2025-09-17 00:00:00+00:00,7.105427357601002e-15,0.5377702017467453,4590.53,2468.6502442244864,0.0,0.019825427821801966,1.2740554283675225,-0.17746143756517863
2025-09-18 00:00:00+00:00,7.105427357601002e-15,0.5377702017467453,4587.66,2467.1068437454733,0.0,-0.000625200140288773,1.2732588887349714,-0.17797568878980585
2025-09-19 00:00:00+00:00,7.105427357601002e-15,0.5377702017467453,4468.59,2403.0745458234887,0.0,-0.025954408129634565,1.240212207882059,-0.1993108432554369
2025-09-20 00:00:00+00:00,7.105427357601002e-15,0.5377702017467453,4480.42,2409.4363673101525,0.0,0.002647367514137411,1.2434955053918426,-0.1971911247929493
2025-09-21 00:00:00+00:00,7.105427357601002e-15,0.5377702017467453,4444.97,2390.3724136582305,0.0,-0.00791220465938458,1.2336567144601576,-0.20354311291595772
2025-09-22 00:00:00+00:00,7.105427357601002e-15,0.5377702017467453,4199.08,2258.140098750723,0.0,-0.05531870856271248,1.1654124182065027,-0.24760207933532508
2025-09-23 00:00:00+00:00,2254.7593873107994,0.0,4164.26,2254.7593873107994,0.0,-0.0014971220969832721,1.163667653523107,-0.24872851088807646
2025-09-24 00:00:00+00:00,2254.7593873107994,0.0,4152.81,2254.7593873107994,0.0,0.0,1.163667653523107,-0.24872851088807646
2025-09-25 00:00:00+00:00,2254.7593873107994,0.0,3874.36,2254.7593873107994,0.0,0.0,1.163667653523107,-0.24872851088807646
2025-09-26 00:00:00+00:00,2254.7593873107994,0.0,4032.24,2254.7593873107994,0.0,0.0,1.163667653523107,-0.24872851088807646
2025-09-27 00:00:00+00:00,2294.7593873107994,0.0,4018.38,2294.7593873107994,40.0,0.0,1.163667653523107,-0.24872851088807646
2025-09-28 00:00:00+00:00,2294.7593873107994,0.0,4142.16,2294.7593873107994,0.0,0.0,1.163667653523107,-0.24872851088807646
2025-09-29 00:00:00+00:00,2294.7593873107994,0.0,4215.07,2294.7593873107994,0.0,0.0,1.163667653523107,-0.24872851088807646
2025-09-30 00:00:00+00:00,2294.7593873107994,0.0,4145.15,2294.7593873107994,0.0,0.0,1.163667653523107,-0.24872851088807646
2025-10-01 00:00:00+00:00,2294.7593873107994,0.0,4348.03,2294.7593873107994,0.0,0.0,1.163667653523107,-0.24872851088807646
2025-10-02 00:00:00+00:00,2294.7593873107994,0.0,4484.35,2294.7593873107994,0.0,0.0,1.163667653523107,-0.24872851088807646
2025-10-03 00:00:00+00:00,2294.7593873107994,0.0,4512.87,2294.7593873107994,0.0,0.0,1.163667653523107,-0.24872851088807646
2025-10-04 00:00:00+00:00,2294.7593873107994,0.0,4487.15,2294.7593873107994,0.0,0.0,1.163667653523107,-0.24872851088807646
2025-10-05 00:00:00+00:00,2294.7593873107994,0.0,4514.32,2294.7593873107994,0.0,0.0,1.163667653523107,-0.24872851088807646
2025-10-06 00:00:00+00:00,2294.7593873107994,0.0,4684.01,2294.7593873107994,0.0,0.0,1.163667653523107,-0.24872851088807646
2025-10-07 00:00:00+00:00,-4.547473508864641e-13,0.4891783681027257,4447.7,2175.7186278104923,0.0,-0.051875050673530265,1.1033023350294477,-0.2877007574553361
2025-10-08 00:00:00+00:00,-4.547473508864641e-13,0.4891783681027257,4525.72,2213.8843240898673,0.0,0.01754165074083258,1.1226560792520794,-0.27520585291965793
2025-10-09 00:00:00+00:00,-4.547473508864641e-13,0.4891783681027257,4368.09,2136.7751379258348,0.0,-0.034829817134069185,1.0835541733072784,-0.3004503005223098
2025-10-10 00:00:00+00:00,-4.547473508864641e-13,0.4891783681027257,3829.72,1873.4161798903701,0.0,-0.12325066562273224,0.950005400208867,-0.3866702666191174
2025-10-11 00:00:00+00:00,1870.6069923286245,0.0,3746.79,1870.6069923286245,0.0,-0.001499499999999987,0.9485808671112539,-0.3875899545543221
2025-10-12 00:00:00+00:00,1870.6069923286245,0.0,4152.29,1870.6069923286245,0.0,0.0,0.9485808671112539,-0.3875899545543221
2025-10-13 00:00:00+00:00,1870.6069923286245,0.0,4240.85,1870.6069923286245,0.0,0.0,0.9485808671112539,-0.3875899545543221
2025-10-14 00:00:00+00:00,1870.6069923286245,0.0,4125.02,1870.6069923286245,0.0,0.0,0.9485808671112539,-0.3875899545543221
2025-10-15 00:00:00+00:00,1870.6069923286245,0.0,3985.61,1870.6069923286245,0.0,0.0,0.9485808671112539,-0.3875899545543221
2025-10-16 00:00:00+00:00,1870.6069923286245,0.0,3894.51,1870.6069923286245,0.0,0.0,0.9485808671112539,-0.3875899545543221
2025-10-17 00:00:00+00:00,1870.6069923286245,0.0,3831.57,1870.6069923286245,0.0,0.0,0.9485808671112539,-0.3875899545543221
2025-10-18 00:00:00+00:00,1870.6069923286245,0.0,3889.21,1870.6069923286245,0.0,0.0,0.9485808671112539,-0.3875899545543221
2025-10-19 00:00:00+00:00,1870.6069923286245,0.0,3982.58,1870.6069923286245,0.0,0.0,0.9485808671112539,-0.3875899545543221
2025-10-20 00:00:00+00:00,1870.6069923286245,0.0,3979.22,1870.6069923286245,0.0,0.0,0.9485808671112539,-0.3875899545543221
2025-10-21 00:00:00+00:00,1870.6069923286245,0.0,3873.05,1870.6069923286245,0.0,0.0,0.9485808671112539,-0.3875899545543221
2025-10-22 00:00:00+00:00,1870.6069923286245,0.0,3805.53,1870.6069923286245,0.0,0.0,0.9485808671112539,-0.3875899545543221
2025-10-23 00:00:00+00:00,1870.6069923286245,0.0,3856.8,1870.6069923286245,0.0,0.0,0.9485808671112539,-0.3875899545543221
2025-10-24 00:00:00+00:00,1870.6069923286245,0.0,3934.88,1870.6069923286245,0.0,0.0,0.9485808671112539,-0.3875899545543221
2025-10-25 00:00:00+00:00,1870.6069923286245,0.0,3953.82,1870.6069923286245,0.0,0.0,0.9485808671112539,-0.3875899545543221
2025-10-26 00:00:00+00:00,1870.6069923286245,0.0,4158.46,1870.6069923286245,0.0,0.0,0.9485808671112539,-0.3875899545543221
2025-10-27 00:00:00+00:00,1910.6069923286245,0.0,4120.15,1910.6069923286245,40.0,0.0,0.9485808671112539,-0.3875899545543221
2025-10-28 00:00:00+00:00,1910.6069923286245,0.0,3979.2,1910.6069923286245,0.0,0.0,0.9485808671112539,-0.3875899545543221
2025-10-29 00:00:00+00:00,1910.6069923286245,0.0,3902.99,1910.6069923286245,0.0,0.0,0.9485808671112539,-0.3875899545543221
2025-10-30 00:00:00+00:00,1910.6069923286245,0.0,3805.09,1910.6069923286245,0.0,0.0,0.9485808671112539,-0.3875899545543221
2025-10-31 00:00:00+00:00,1910.6069923286245,0.0,3847.99,1910.6069923286245,0.0,0.0,0.9485808671112539,-0.3875899545543221
2025-11-01 00:00:00+00:00,1910.6069923286245,0.0,3873.77,1910.6069923286245,0.0,0.0,0.9485808671112539,-0.3875899545543221
2025-11-02 00:00:00+00:00,1910.6069923286245,0.0,3906.58,1910.6069923286245,0.0,0.0,0.9485808671112539,-0.3875899545543221
2025-11-03 00:00:00+00:00,1910.6069923286245,0.0,3603.83,1910.6069923286245,0.0,0.0,0.9485808671112539,-0.3875899545543221
2025-11-04 00:00:00+00:00,1910.6069923286245,0.0,3287.05,1910.6069923286245,0.0,0.0,0.9485808671112539,-0.3875899545543221
2025-11-05 00:00:00+00:00,1910.6069923286245,0.0,3424.29,1910.6069923286245,0.0,0.0,0.9485808671112539,-0.3875899545543221
2025-11-06 00:00:00+00:00,1910.6069923286245,0.0,3315.14,1910.6069923286245,0.0,0.0,0.9485808671112539,-0.3875899545543221
2025-11-07 00:00:00+00:00,1910.6069923286245,0.0,3436.05,1910.6069923286245,0.0,0.0,0.9485808671112539,-0.3875899545543221
2025-11-08 00:00:00+00:00,1910.6069923286245,0.0,3401.51,1910.6069923286245,0.0,0.0,0.9485808671112539,-0.3875899545543221
2025-11-09 00:00:00+00:00,1910.6069923286245,0.0,3583.46,1910.6069923286245,0.0,0.0,0.9485808671112539,-0.3875899545543221
2025-11-10 00:00:00+00:00,1910.6069923286245,0.0,3567.85,1910.6069923286245,0.0,0.0,0.9485808671112539,-0.3875899545543221
2025-11-11 00:00:00+00:00,1910.6069923286245,0.0,3417.76,1910.6069923286245,0.0,0.0,0.9485808671112539,-0.3875899545543221
2025-11-12 00:00:00+00:00,1910.6069923286245,0.0,3414.92,1910.6069923286245,0.0,0.0,0.9485808671112539,-0.3875899545543221
2025-11-13 00:00:00+00:00,1910.6069923286245,0.0,3231.54,1910.6069923286245,0.0,0.0,0.9485808671112539,-0.3875899545543221
2025-11-14 00:00:00+00:00,1910.6069923286245,0.0,3112.4,1910.6069923286245,0.0,0.0,0.9485808671112539,-0.3875899545543221
2025-11-15 00:00:00+00:00,1910.6069923286245,0.0,3167.88,1910.6069923286245,0.0,0.0,0.9485808671112539,-0.3875899545543221
2025-11-16 00:00:00+00:00,1910.6069923286245,0.0,3095.29,1910.6069923286245,0.0,0.0,0.9485808671112539,-0.3875899545543221
2025-11-17 00:00:00+00:00,1910.6069923286245,0.0,3031.44,1910.6069923286245,0.0,0.0,0.9485808671112539,-0.3875899545543221
2025-11-18 00:00:00+00:00,1910.6069923286245,0.0,3123.66,1910.6069923286245,0.0,0.0,0.9485808671112539,-0.3875899545543221
2025-11-19 00:00:00+00:00,1910.6069923286245,0.0,3025.48,1910.6069923286245,0.0,0.0,0.9485808671112539,-0.3875899545543221
2025-11-20 00:00:00+00:00,1910.6069923286245,0.0,2834.22,1910.6069923286245,0.0,0.0,0.9485808671112539,-0.3875899545543221
2025-11-21 00:00:00+00:00,1910.6069923286245,0.0,2765.85,1910.6069923286245,0.0,0.0,0.9485808671112539,-0.3875899545543221
2025-11-22 00:00:00+00:00,1910.6069923286245,0.0,2770.12,1910.6069923286245,0.0,0.0,0.9485808671112539,-0.3875899545543221
2025-11-23 00:00:00+00:00,1910.6069923286245,0.0,2802.16,1910.6069923286245,0.0,0.0,0.9485808671112539,-0.3875899545543221
2025-11-24 00:00:00+00:00,1910.6069923286245,0.0,2953.38,1910.6069923286245,0.0,0.0,0.9485808671112539,-0.3875899545543221
2025-11-25 00:00:00+00:00,1910.6069923286245,0.0,2959.36,1910.6069923286245,0.0,0.0,0.9485808671112539,-0.3875899545543221
2025-11-26 00:00:00+00:00,1910.6069923286245,0.0,3026.56,1910.6069923286245,0.0,0.0,0.9485808671112539,-0.3875899545543221
2025-11-27 00:00:00+00:00,1950.6069923286245,0.0,3015.23,1950.6069923286245,40.0,0.0,0.9485808671112539,-0.3875899545543221
2025-11-28 00:00:00+00:00,1950.6069923286245,0.0,3031.15,1950.6069923286245,0.0,0.0,0.9485808671112539,-0.3875899545543221
2025-11-29 00:00:00+00:00,1950.6069923286245,0.0,2989.16,1950.6069923286245,0.0,0.0,0.9485808671112539,-0.3875899545543221
2025-11-30 00:00:00+00:00,1950.6069923286245,0.0,2991.26,1950.6069923286245,0.0,0.0,0.9485808671112539,-0.3875899545543221
2025-12-01 00:00:00+00:00,1950.6069923286245,0.0,2799.07,1950.6069923286245,0.0,0.0,0.9485808671112539,-0.3875899545543221
2025-12-02 00:00:00+00:00,1950.6069923286245,0.0,2996.07,1950.6069923286245,0.0,0.0,0.9485808671112539,-0.3875899545543221
2025-12-03 00:00:00+00:00,1950.6069923286245,0.0,3188.36,1950.6069923286245,0.0,0.0,0.9485808671112539,-0.3875899545543221
2025-12-04 00:00:00+00:00,1950.6069923286245,0.0,3133.26,1950.6069923286245,0.0,0.0,0.9485808671112539,-0.3875899545543221
2025-12-05 00:00:00+00:00,1950.6069923286245,0.0,3021.78,1950.6069923286245,0.0,0.0,0.9485808671112539,-0.3875899545543221
2025-12-06 00:00:00+00:00,1950.6069923286245,0.0,3038.06,1950.6069923286245,0.0,0.0,0.9485808671112539,-0.3875899545543221
2025-12-07 00:00:00+00:00,1950.6069923286245,0.0,3059.85,1950.6069923286245,0.0,0.0,0.9485808671112539,-0.3875899545543221
2025-12-08 00:00:00+00:00,1950.6069923286245,0.0,3124.16,1950.6069923286245,0.0,0.0,0.9485808671112539,-0.3875899545543221
2025-12-09 00:00:00+00:00,1950.6069923286245,0.0,3318.04,1950.6069923286245,0.0,0.0,0.9485808671112539,-0.3875899545543221
2025-12-10 00:00:00+00:00,-2.2737367544323206e-13,0.5869984966271522,3324.14,1951.2651825781813,0.0,0.00033742842722572775,0.9489009452613396,-0.3873833099958701
2025-12-11 00:00:00+00:00,-2.2737367544323206e-13,0.5869984966271522,3237.39,1900.3430629957759,0.0,-0.02609697545831402,0.9241375005804835,-0.40337075272026146
2025-12-12 00:00:00+00:00,-2.2737367544323206e-13,0.5869984966271522,3084.86,1810.8081823052366,0.0,-0.04711511433593096,0.8805966565785125,-0.43148100792200683
2025-12-13 00:00:00+00:00,-2.2737367544323206e-13,0.5869984966271522,3114.64,1828.288997534793,0.0,0.009653598542559427,0.8890975831790415,-0.4259927538086653
2025-12-14 00:00:00+00:00,-2.2737367544323206e-13,0.5869984966271522,3063.5,1798.2698944172805,0.0,-0.01641923304137871,0.8744992827642982,-0.4354175125513209
2025-12-15 00:00:00+00:00,-2.2737367544323206e-13,0.5869984966271522,2964.85,1740.3624927250119,0.0,-0.03220173004733151,0.8463388929341372,-0.4535980454015942
2025-12-16 00:00:00+00:00,-2.2737367544323206e-13,0.5869984966271522,2962.3,1738.8656465586128,0.0,-0.0008600772383088318,0.8456109761164291,-0.4540679932857118
2025-12-17 00:00:00+00:00,-2.2737367544323206e-13,0.5869984966271522,2833.49,1663.254370208069,0.0,-0.043483104344597234,0.8088411858070217,-0.4778068116987245
2025-12-18 00:00:00+00:00,1660.7661814628661,0.0,2828.57,1660.7661814628661,0.0,-0.0014959760754403861,0.8076311787442235,-0.4785880002151812
2025-12-19 00:00:00+00:00,1660.7661814628661,0.0,2979.5,1660.7661814628661,0.0,0.0,0.8076311787442235,-0.4785880002151812
2025-12-20 00:00:00+00:00,1660.7661814628661,0.0,2977.93,1660.7661814628661,0.0,0.0,0.8076311787442235,-0.4785880002151812
2025-12-21 00:00:00+00:00,1660.7661814628661,0.0,3002.02,1660.7661814628661,0.0,0.0,0.8076311787442235,-0.4785880002151812
2025-12-22 00:00:00+00:00,1660.7661814628661,0.0,3009.49,1660.7661814628661,0.0,0.0,0.8076311787442235,-0.4785880002151812
2025-12-23 00:00:00+00:00,1660.7661814628661,0.0,2965.02,1660.7661814628661,0.0,0.0,0.8076311787442235,-0.4785880002151812
2025-12-24 00:00:00+00:00,1660.7661814628661,0.0,2947.47,1660.7661814628661,0.0,0.0,0.8076311787442235,-0.4785880002151812
2025-12-25 00:00:00+00:00,1660.7661814628661,0.0,2903.95,1660.7661814628661,0.0,0.0,0.8076311787442235,-0.4785880002151812
2025-12-26 00:00:00+00:00,1660.7661814628661,0.0,2927.99,1660.7661814628661,0.0,0.0,0.8076311787442235,-0.4785880002151812
2025-12-27 00:00:00+00:00,1700.7661814628661,0.0,2949.05,1700.7661814628661,40.0,0.0,0.8076311787442235,-0.4785880002151812
2025-12-28 00:00:00+00:00,1700.7661814628661,0.0,2950.91,1700.7661814628661,0.0,0.0,0.8076311787442235,-0.4785880002151812
2025-12-29 00:00:00+00:00,1700.7661814628661,0.0,2937.9,1700.7661814628661,0.0,0.0,0.8076311787442235,-0.4785880002151812
2025-12-30 00:00:00+00:00,1700.7661814628661,0.0,2973.69,1700.7661814628661,0.0,0.0,0.8076311787442235,-0.4785880002151812
2025-12-31 00:00:00+00:00,1700.7661814628661,0.0,2971.64,1700.7661814628661,0.0,0.0,0.8076311787442235,-0.4785880002151812
2026-01-01 00:00:00+00:00,1700.7661814628661,0.0,3004.19,1700.7661814628661,0.0,0.0,0.8076311787442235,-0.4785880002151812
2026-01-02 00:00:00+00:00,1700.7661814628661,0.0,3125.45,1700.7661814628661,0.0,0.0,0.8076311787442235,-0.4785880002151812
2026-01-03 00:00:00+00:00,1700.7661814628661,0.0,3127.11,1700.7661814628661,0.0,0.0,0.8076311787442235,-0.4785880002151812
2026-01-04 00:00:00+00:00,1700.7661814628661,0.0,3144.7,1700.7661814628661,0.0,0.0,0.8076311787442235,-0.4785880002151812
2026-01-05 00:00:00+00:00,1700.7661814628661,0.0,3224.99,1700.7661814628661,0.0,0.0,0.8076311787442235,-0.4785880002151812
2026-01-06 00:00:00+00:00,0.0,0.5265808592726939,3296.84,1736.0528400845883,0.0,0.020747507215466365,0.824387512452655,-0.46777000098741484
2026-01-07 00:00:00+00:00,0.0,0.5265808592726939,3168.72,1668.5873003945705,0.0,-0.03886145521165729,0.7923506140604265,-0.4884532332563428
2026-01-08 00:00:00+00:00,0.0,0.5265808592726939,3106.65,1635.9024264595146,0.0,-0.019588351132318382,0.7768297720123027,-0.49847359094391985
2026-01-09 00:00:00+00:00,0.0,0.5265808592726939,3088.4,1626.292325777788,0.0,-0.005874495034844607,0.772266289373697,-0.5014198053437632
2026-01-10 00:00:00+00:00,0.0,0.5265808592726939,3086.72,1625.4076699342097,0.0,-0.0005439709882140153,0.771846198917102,-0.5016910185049543
2026-01-11 00:00:00+00:00,0.0,0.5265808592726939,3123.45,1644.7489848952957,0.0,0.011899362430022764,0.7810306765782521,-0.4957614593320092
2026-01-12 00:00:00+00:00,0.0,0.5265808592726939,3095.75,1630.1626950934422,0.0,-0.008868398725767945,0.7741041851212999,-0.5002332477635523
2026-01-13 00:00:00+00:00,0.0,0.5265808592726939,3325.82,1751.3131533863111,0.0,0.07431801663571047,0.8316340728289178,-0.46309157395686895
2026-01-14 00:00:00+00:00,0.0,0.5265808592726939,3354.92,1766.6366563911463,0.0,0.008749721873101857,0.8389106396663657,-0.4583937745576667
2026-01-15 00:00:00+00:00,0.0,0.5265808592726939,3318.69,1747.5586318596966,0.0,-0.010799065253418894,0.8298511889268212,-0.4642426155278764
2026-01-16 00:00:00+00:00,0.0,0.5265808592726939,3296.28,1735.7579548033957,0.0,-0.0067526644549504855,0.8242474823004566,-0.4678604053744786
2026-01-17 00:00:00+00:00,0.0,0.5265808592726939,3310.56,1743.2775294738096,0.0,0.0043321562488622956,0.8278182511815135,-0.46555509350435453
2026-01-18 00:00:00+00:00,0.0,0.5265808592726939,3284.03,1729.3073392773051,0.0,-0.008013749939587256,0.8211843227211184,-0.4698380013414968
2026-01-19 00:00:00+00:00,0.0,0.5265808592726939,3189.55,1679.555979693221,0.0,-0.02876953012000505,0.7975592356145172,-0.48509051293038463
2026-01-20 00:00:00+00:00,0.0,0.5265808592726939,2939.88,1548.0845365586074,0.0,-0.07827749996080957,0.7351282925799586,-0.5253963402842969
2026-01-21 00:00:00+00:00,1545.763183796038,0.0,2982.27,1545.763183796038,0.0,-0.001499499999999876,0.7340259677052351,-0.5261080084720405
2026-01-22 00:00:00+00:00,1545.763183796038,0.0,2952.69,1545.763183796038,0.0,0.0,0.7340259677052351,-0.5261080084720405
2026-01-23 00:00:00+00:00,1545.763183796038,0.0,2956.41,1545.763183796038,0.0,0.0,0.7340259677052351,-0.5261080084720405
2026-01-24 00:00:00+00:00,1545.763183796038,0.0,2953.22,1545.763183796038,0.0,0.0,0.7340259677052351,-0.5261080084720405
2026-01-25 00:00:00+00:00,1545.763183796038,0.0,2816.89,1545.763183796038,0.0,0.0,0.7340259677052351,-0.5261080084720405
2026-01-26 00:00:00+00:00,1545.763183796038,0.0,2930.35,1545.763183796038,0.0,0.0,0.7340259677052351,-0.5261080084720405
2026-01-27 00:00:00+00:00,1585.763183796038,0.0,3026.77,1585.763183796038,40.0,0.0,0.7340259677052351,-0.5261080084720405
2026-01-28 00:00:00+00:00,1585.763183796038,0.0,3010.78,1585.763183796038,0.0,0.0,0.7340259677052351,-0.5261080084720405
2026-01-29 00:00:00+00:00,1585.763183796038,0.0,2822.59,1585.763183796038,0.0,0.0,0.7340259677052351,-0.5261080084720405
2026-01-30 00:00:00+00:00,1585.763183796038,0.0,2707.38,1585.763183796038,0.0,0.0,0.7340259677052351,-0.5261080084720405
2026-01-31 00:00:00+00:00,1585.763183796038,0.0,2451.95,1585.763183796038,0.0,0.0,0.7340259677052351,-0.5261080084720405
2026-02-01 00:00:00+00:00,1585.763183796038,0.0,2270.15,1585.763183796038,0.0,0.0,0.7340259677052351,-0.5261080084720405
2026-02-02 00:00:00+00:00,1585.763183796038,0.0,2347.02,1585.763183796038,0.0,0.0,0.7340259677052351,-0.5261080084720405
2026-02-03 00:00:00+00:00,1585.763183796038,0.0,2233.72,1585.763183796038,0.0,0.0,0.7340259677052351,-0.5261080084720405
2026-02-04 00:00:00+00:00,1585.763183796038,0.0,2148.26,1585.763183796038,0.0,0.0,0.7340259677052351,-0.5261080084720405
2026-02-05 00:00:00+00:00,1585.763183796038,0.0,1826.83,1585.763183796038,0.0,0.0,0.7340259677052351,-0.5261080084720405
2026-02-06 00:00:00+00:00,1585.763183796038,0.0,2063.38,1585.763183796038,0.0,0.0,0.7340259677052351,-0.5261080084720405
2026-02-07 00:00:00+00:00,1585.763183796038,0.0,2087.08,1585.763183796038,0.0,0.0,0.7340259677052351,-0.5261080084720405
2026-02-08 00:00:00+00:00,1585.763183796038,0.0,2089.74,1585.763183796038,0.0,0.0,0.7340259677052351,-0.5261080084720405
2026-02-09 00:00:00+00:00,1585.763183796038,0.0,2105.02,1585.763183796038,0.0,0.0,0.7340259677052351,-0.5261080084720405
2026-02-10 00:00:00+00:00,1585.763183796038,0.0,2022.67,1585.763183796038,0.0,0.0,0.7340259677052351,-0.5261080084720405
2026-02-11 00:00:00+00:00,1585.763183796038,0.0,1941.18,1585.763183796038,0.0,0.0,0.7340259677052351,-0.5261080084720405
2026-02-12 00:00:00+00:00,1585.763183796038,0.0,1947.85,1585.763183796038,0.0,0.0,0.7340259677052351,-0.5261080084720405
2026-02-13 00:00:00+00:00,1585.763183796038,0.0,2048.72,1585.763183796038,0.0,0.0,0.7340259677052351,-0.5261080084720405
2026-02-14 00:00:00+00:00,1585.763183796038,0.0,2086.59,1585.763183796038,0.0,0.0,0.7340259677052351,-0.5261080084720405
2026-02-15 00:00:00+00:00,1585.763183796038,0.0,1966.58,1585.763183796038,0.0,0.0,0.7340259677052351,-0.5261080084720405
2026-02-16 00:00:00+00:00,1585.763183796038,0.0,1998.33,1585.763183796038,0.0,0.0,0.7340259677052351,-0.5261080084720405
2026-02-17 00:00:00+00:00,1585.763183796038,0.0,1991.66,1585.763183796038,0.0,0.0,0.7340259677052351,-0.5261080084720405
2026-02-18 00:00:00+00:00,1585.763183796038,0.0,1955.91,1585.763183796038,0.0,0.0,0.7340259677052351,-0.5261080084720405
2026-02-19 00:00:00+00:00,1585.763183796038,0.0,1949.08,1585.763183796038,0.0,0.0,0.7340259677052351,-0.5261080084720405
2026-02-20 00:00:00+00:00,1585.763183796038,0.0,1968.88,1585.763183796038,0.0,0.0,0.7340259677052351,-0.5261080084720405
2026-02-21 00:00:00+00:00,1585.763183796038,0.0,1973.35,1585.763183796038,0.0,0.0,0.7340259677052351,-0.5261080084720405
2026-02-22 00:00:00+00:00,1585.763183796038,0.0,1957.82,1585.763183796038,0.0,0.0,0.7340259677052351,-0.5261080084720405
2026-02-23 00:00:00+00:00,1585.763183796038,0.0,1856.3,1585.763183796038,0.0,0.0,0.7340259677052351,-0.5261080084720405
2026-02-24 00:00:00+00:00,1585.763183796038,0.0,1851.94,1585.763183796038,0.0,0.0,0.7340259677052351,-0.5261080084720405
2026-02-25 00:00:00+00:00,1585.763183796038,0.0,2057.48,1585.763183796038,0.0,0.0,0.7340259677052351,-0.5261080084720405
2026-02-26 00:00:00+00:00,1585.763183796038,0.0,2027.68,1585.763183796038,0.0,0.0,0.7340259677052351,-0.5261080084720405
2026-02-27 00:00:00+00:00,1625.763183796038,0.0,1929.84,1625.763183796038,40.0,0.0,0.7340259677052351,-0.5261080084720405
2026-02-28 00:00:00+00:00,1625.763183796038,0.0,1964.51,1625.763183796038,0.0,0.0,0.7340259677052351,-0.5261080084720405
2026-03-01 00:00:00+00:00,1625.763183796038,0.0,1939.71,1625.763183796038,0.0,0.0,0.7340259677052351,-0.5261080084720405
2026-03-02 00:00:00+00:00,1625.763183796038,0.0,2027.35,1625.763183796038,0.0,0.0,0.7340259677052351,-0.5261080084720405
2026-03-03 00:00:00+00:00,1625.763183796038,0.0,1982.8,1625.763183796038,0.0,0.0,0.7340259677052351,-0.5261080084720405
2026-03-04 00:00:00+00:00,1625.763183796038,0.0,2127.28,1625.763183796038,0.0,0.0,0.7340259677052351,-0.5261080084720405
2026-03-05 00:00:00+00:00,1625.763183796038,0.0,2072.86,1625.763183796038,0.0,0.0,0.7340259677052351,-0.5261080084720405
2026-03-06 00:00:00+00:00,1625.763183796038,0.0,1978.68,1625.763183796038,0.0,0.0,0.7340259677052351,-0.5261080084720405
2026-03-07 00:00:00+00:00,1625.763183796038,0.0,1969.59,1625.763183796038,0.0,0.0,0.7340259677052351,-0.5261080084720405
2026-03-08 00:00:00+00:00,1625.763183796038,0.0,1937.1,1625.763183796038,0.0,0.0,0.7340259677052351,-0.5261080084720405
2026-03-09 00:00:00+00:00,1625.763183796038,0.0,1992.98,1625.763183796038,0.0,0.0,0.7340259677052351,-0.5261080084720405
2026-03-10 00:00:00+00:00,1625.763183796038,0.0,2036.51,1625.763183796038,0.0,0.0,0.7340259677052351,-0.5261080084720405
2026-03-11 00:00:00+00:00,1625.763183796038,0.0,2051.97,1625.763183796038,0.0,0.0,0.7340259677052351,-0.5261080084720405
2026-03-12 00:00:00+00:00,1625.763183796038,0.0,2073.52,1625.763183796038,0.0,0.0,0.7340259677052351,-0.5261080084720405
2026-03-13 00:00:00+00:00,1625.763183796038,0.0,2092.22,1625.763183796038,0.0,0.0,0.7340259677052351,-0.5261080084720405
2026-03-14 00:00:00+00:00,1625.763183796038,0.0,2096.16,1625.763183796038,0.0,0.0,0.7340259677052351,-0.5261080084720405
2026-03-15 00:00:00+00:00,1625.763183796038,0.0,2178.3,1625.763183796038,0.0,0.0,0.7340259677052351,-0.5261080084720405
2026-03-16 00:00:00+00:00,1625.763183796038,0.0,2352.97,1625.763183796038,0.0,0.0,0.7340259677052351,-0.5261080084720405
2026-03-17 00:00:00+00:00,0.0,0.6899056856061729,2317.39,1598.780536766889,0.0,-0.016596911098790135,0.7218434039750279,-0.5339731517258588
2026-03-18 00:00:00+00:00,0.0,0.6899056856061729,2203.39,1520.1312886077853,0.0,-0.049193273467133314,0.686333564002838,-0.5568985379160347
2026-03-19 00:00:00+00:00,0.0,0.6899056856061729,2137.81,1474.8872737457325,0.0,-0.029763228479751658,0.6659060613240992,-0.5700866679717518
2026-03-20 00:00:00+00:00,0.0,0.6899056856061729,2146.22,1480.6893805616803,0.0,0.003933932388752837,0.668525690746609,-0.5683954179905293
2026-03-21 00:00:00+00:00,0.0,0.6899056856061729,2084.87,1438.3636667497417,0.0,-0.028585140386353625,0.6494157900247332,-0.5807328955586635
2026-03-22 00:00:00+00:00,0.0,0.6899056856061729,2053.89,1416.9903886096624,0.0,-0.014859439677294084,0.6397658352673784,-0.5869629698057832
2026-03-23 00:00:00+00:00,0.0,0.6899056856061729,2152.03,1484.6977325950525,0.0,0.047782500523397164,0.6703354466258935,-0.5672270276943456
2026-03-24 00:00:00+00:00,0.0,0.6899056856061729,2156.23,1487.5953364745983,0.0,0.001951645655497325,0.6716437038880267,-0.5663824082031287
2026-03-25 00:00:00+00:00,0.0,0.6899056856061729,2169.02,1496.419230193501,0.0,0.005931649221094126,0.6756276587410469,-0.5638103407524941
2026-03-26 00:00:00+00:00,0.0,0.6899056856061729,2060.43,1421.502371793527,0.0,-0.050064084240809104,0.6418029787184145,-0.585647776598031
2026-03-27 00:00:00+00:00,0.0,0.7092900228198018,1992.75,1413.43769297416,40.0,-0.03381259136326531,0.6201019568632823,-0.5996580990083822
2026-03-28 00:00:00+00:00,1411.32532541797,0.0,1994.74,1411.32532541797,0.0,-0.001494489333834892,0.6191752211028599,-0.6002564057093014
2026-03-29 00:00:00+00:00,1411.32532541797,0.0,1984.64,1411.32532541797,0.0,0.0,0.6191752211028599,-0.6002564057093014
2026-03-30 00:00:00+00:00,1411.32532541797,0.0,2026.48,1411.32532541797,0.0,0.0,0.6191752211028599,-0.6002564057093014
2026-03-31 00:00:00+00:00,1411.32532541797,0.0,2105.43,1411.32532541797,0.0,0.0,0.6191752211028599,-0.6002564057093014
2026-04-01 00:00:00+00:00,1411.32532541797,0.0,2140.35,1411.32532541797,0.0,0.0,0.6191752211028599,-0.6002564057093014
2026-04-02 00:00:00+00:00,1411.32532541797,0.0,2057.17,1411.32532541797,0.0,0.0,0.6191752211028599,-0.6002564057093014
2026-04-03 00:00:00+00:00,1411.32532541797,0.0,2053.83,1411.32532541797,0.0,0.0,0.6191752211028599,-0.6002564057093014
2026-04-04 00:00:00+00:00,1411.32532541797,0.0,2065.52,1411.32532541797,0.0,0.0,0.6191752211028599,-0.6002564057093014
2026-04-05 00:00:00+00:00,1411.32532541797,0.0,2110.17,1411.32532541797,0.0,0.0,0.6191752211028599,-0.6002564057093014
2026-04-06 00:00:00+00:00,1411.32532541797,0.0,2107.16,1411.32532541797,0.0,0.0,0.6191752211028599,-0.6002564057093014
2026-04-07 00:00:00+00:00,1411.32532541797,0.0,2240.01,1411.32532541797,0.0,0.0,0.6191752211028599,-0.6002564057093014
2026-04-08 00:00:00+00:00,1411.32532541797,0.0,2190.0,1411.32532541797,0.0,0.0,0.6191752211028599,-0.6002564057093014
2026-04-09 00:00:00+00:00,1411.32532541797,0.0,2190.2,1411.32532541797,0.0,0.0,0.6191752211028599,-0.6002564057093014
2026-04-10 00:00:00+00:00,1411.32532541797,0.0,2245.05,1411.32532541797,0.0,0.0,0.6191752211028599,-0.6002564057093014
2026-04-11 00:00:00+00:00,1411.32532541797,0.0,2284.99,1411.32532541797,0.0,0.0,0.6191752211028599,-0.6002564057093014
2026-04-12 00:00:00+00:00,-2.2737367544323206e-13,0.6167224527814702,2191.65,1351.639763638509,0.0,-0.04229043488735296,0.5929900317309471,-0.6171617361552886
2026-04-13 00:00:00+00:00,-2.2737367544323206e-13,0.6167224527814702,2369.46,1461.2991829675823,0.0,0.08113065498596939,0.6410997014054296,-0.5861018170558758
2026-04-14 00:00:00+00:00,-2.2737367544323206e-13,0.6167224527814702,2322.44,1432.3008932377975,0.0,-0.019844183906881807,0.6283776010280933,-0.5943152887169432
2026-04-15 00:00:00+00:00,-2.2737367544323206e-13,0.6167224527814702,2359.95,1455.4341524416302,0.0,0.016151116928747156,0.6385266011377037,-0.5877630275088055
2026-04-16 00:00:00+00:00,-2.2737367544323206e-13,0.6167224527814702,2348.17,1448.1691619478647,0.0,-0.004991631178626554,0.6353393118470823,-0.5898207624336752
2026-04-17 00:00:00+00:00,-2.2737367544323206e-13,0.6167224527814702,2419.0,1491.8516132783761,0.0,0.030163914878394538,0.6545036327685354,-0.5774481508268399
2026-04-18 00:00:00+00:00,-2.2737367544323206e-13,0.6167224527814702,2350.32,1449.4951152213448,0.0,-0.028391897478296846,0.6359210327277983,-0.5894451996078289
2026-04-19 00:00:00+00:00,-2.2737367544323206e-13,0.6167224527814702,2263.27,1395.8094257067178,0.0,-0.03703750978590148,0.6123681012550819,-0.6046511270450028
2026-04-20 00:00:00+00:00,-2.2737367544323206e-13,0.6167224527814702,2313.85,1427.0032473684046,0.0,0.02234819531032528,0.6260534231837435,-0.5958157932164876
2026-04-21 00:00:00+00:00,-2.2737367544323206e-13,0.6167224527814702,2327.14,1435.1994887658702,0.0,0.005743673963307883,0.6296492699301237,-0.5934942909116048
2026-04-22 00:00:00+00:00,-2.2737367544323206e-13,0.6167224527814702,2374.07,1464.1422734749049,0.0,0.020166384489115563,0.6423470192008255,-0.5852965404851077
2026-04-23 00:00:00+00:00,-2.2737367544323206e-13,0.6167224527814702,2330.26,1437.1236628185486,0.0,-0.018453541807950113,0.6304934416267909,-0.5929492881131673
2026-04-24 00:00:00+00:00,-2.2737367544323206e-13,0.6167224527814702,2314.99,1427.7063109645753,0.0,-0.006552916841897627,0.6263618705344487,-0.595616657578597
2026-04-25 00:00:00+00:00,-2.2737367544323206e-13,0.6167224527814702,2319.5,1430.4877292266199,0.0,0.0019481725623005097,0.6275821315446951,-0.5948288490462402
2026-04-26 00:00:00+00:00,-2.2737367544323206e-13,0.6167224527814702,2369.44,1461.2868485185265,0.0,0.021530502263418905,0.6410942900483995,-0.5861053106635583
2026-04-27 00:00:00+00:00,0.0,0.6335787147515802,2303.67,1459.5562778117728,40.0,-0.028557412084465716,0.6227862962224894,-0.5979250718665109
2026-04-28 00:00:00+00:00,0.0,0.6335787147515802,2289.42,1450.5277811265628,0.0,-0.006185781817708236,0.6189338760749985,-0.6004122196463153
2026-04-29 00:00:00+00:00,0.0,0.6335787147515802,2252.9,1427.389486463835,0.0,-0.015951638406233926,0.6090608666864813,-0.606786299430067
2026-04-30 00:00:00+00:00,0.0,0.6335787147515802,2257.51,1430.3102843388401,0.0,0.0020462514980692514,0.6103071583973538,-0.6059816853062144
2026-05-01 00:00:00+00:00,0.0,0.6335787147515802,2295.63,1454.4623049451702,0.0,0.016885860970715427,0.6206127202234839,-0.5993283468243795
2026-05-02 00:00:00+00:00,0.0,0.6335787147515802,2316.97,1467.9828747179688,0.0,0.009295923123499694,0.6263818883601474,-0.5956037339386935
2026-05-03 00:00:00+00:00,0.0,0.6335787147515802,2322.65,1471.581601817758,0.0,0.0024514775763173624,0.6279174495136737,-0.5946123655604978
2026-05-04 00:00:00+00:00,0.0,0.6335787147515802,2347.16,1487.1106161163189,0.0,0.010552601554258967,0.634543612167358,-0.590334471379234
2026-05-05 00:00:00+00:00,0.0,0.6335787147515802,2360.77,1495.733622424088,0.0,0.005798496906900263,0.6382230113398037,-0.5879590270786629
2026-05-06 00:00:00+00:00,0.0,0.6335787147515802,2350.84,1489.442185786605,0.0,-0.004206254738919779,0.635538482773868,-0.5896921763736425
2026-05-07 00:00:00+00:00,0.0,0.6335787147515802,2291.06,1451.5668502187555,0.0,-0.025429208282996774,0.6193772423235516,-0.6001259794807801
2026-05-08 00:00:00+00:00,0.0,0.6335787147515802,2307.06,1461.7041096547807,0.0,0.006983666948923162,0.6237027666996818,-0.597333392499947
2026-05-09 00:00:00+00:00,0.0,0.6335787147515802,2326.44,1473.9828651466664,0.0,0.008400301682661038,0.6289420581002695,-0.5939508715194128
2026-05-10 00:00:00+00:00,0.0,0.6335787147515802,2371.27,1502.3861989289796,0.0,0.01926978559515824,0.6410616367116392,-0.5861263918724912
2026-05-11 00:00:00+00:00,0.0,0.6335787147515802,2339.87,1482.49182728578,0.0,-0.013241849304381326,0.6325727951234836,-0.5916068438223762
2026-05-12 00:00:00+00:00,0.0,0.6335787147515802,2274.96,1441.3662329112549,0.0,-0.027740857398060537,0.6150246834200706,-0.6029360201302435
2026-05-13 00:00:00+00:00,0.0,0.6335787147515802,2258.65,1431.0325640736567,0.0,-0.007169356823856221,0.6106153520091528,-0.6057827134838303
2026-05-14 00:00:00+00:00,0.0,0.6335787147515802,2283.25,1446.6186004565457,0.0,0.010891461713855799,0.6172658457374531,-0.6014891110007992
2026-05-15 00:00:00+00:00,0.0,0.6335787147515802,2224.66,1409.4972235592504,0.0,-0.02566079053980086,0.6014263161626113,-0.6117152154512375
2026-05-16 00:00:00+00:00,1407.3773561858889,0.0,2180.77,1407.3773561858889,0.0,-0.0015039883285533628,0.600521778002618,-0.6122991912353537
2026-05-17 00:00:00+00:00,1407.3773561858889,0.0,2131.0,1407.3773561858889,0.0,0.0,0.600521778002618,-0.6122991912353537
2026-05-18 00:00:00+00:00,1407.3773561858889,0.0,2130.08,1407.3773561858889,0.0,0.0,0.600521778002618,-0.6122991912353537
2026-05-19 00:00:00+00:00,1407.3773561858889,0.0,2111.93,1407.3773561858889,0.0,0.0,0.600521778002618,-0.6122991912353537
2026-05-20 00:00:00+00:00,1407.3773561858889,0.0,2129.44,1407.3773561858889,0.0,0.0,0.600521778002618,-0.6122991912353537
2026-05-21 00:00:00+00:00,1407.3773561858889,0.0,2133.76,1407.3773561858889,0.0,0.0,0.600521778002618,-0.6122991912353537
2026-05-22 00:00:00+00:00,1407.3773561858889,0.0,2065.85,1407.3773561858889,0.0,0.0,0.600521778002618,-0.6122991912353537
2026-05-23 00:00:00+00:00,1407.3773561858889,0.0,2117.68,1407.3773561858889,0.0,0.0,0.600521778002618,-0.6122991912353537
2026-05-24 00:00:00+00:00,1407.3773561858889,0.0,2099.85,1407.3773561858889,0.0,0.0,0.600521778002618,-0.6122991912353537
2026-05-25 00:00:00+00:00,1407.3773561858889,0.0,2113.01,1407.3773561858889,0.0,0.0,0.600521778002618,-0.6122991912353537
2026-05-26 00:00:00+00:00,1407.3773561858889,0.0,2073.77,1407.3773561858889,0.0,0.0,0.600521778002618,-0.6122991912353537
2026-05-27 00:00:00+00:00,1447.3773561858889,0.0,2024.84,1447.3773561858889,40.0,0.0,0.600521778002618,-0.6122991912353537
2026-05-28 00:00:00+00:00,1447.3773561858889,0.0,2009.9,1447.3773561858889,0.0,0.0,0.600521778002618,-0.6122991912353537
2026-05-29 00:00:00+00:00,1447.3773561858889,0.0,2014.54,1447.3773561858889,0.0,0.0,0.600521778002618,-0.6122991912353537
2026-05-30 00:00:00+00:00,1447.3773561858889,0.0,2022.44,1447.3773561858889,0.0,0.0,0.600521778002618,-0.6122991912353537
2026-05-31 00:00:00+00:00,1447.3773561858889,0.0,2007.01,1447.3773561858889,0.0,0.0,0.600521778002618,-0.6122991912353537
2026-06-01 00:00:00+00:00,1447.3773561858889,0.0,2006.73,1447.3773561858889,0.0,0.0,0.600521778002618,-0.6122991912353537
2026-06-02 00:00:00+00:00,1447.3773561858889,0.0,1859.84,1447.3773561858889,0.0,0.0,0.600521778002618,-0.6122991912353537
2026-06-03 00:00:00+00:00,1447.3773561858889,0.0,1813.05,1447.3773561858889,0.0,0.0,0.600521778002618,-0.6122991912353537
2026-06-04 00:00:00+00:00,1447.3773561858889,0.0,1770.77,1447.3773561858889,0.0,0.0,0.600521778002618,-0.6122991912353537
2026-06-05 00:00:00+00:00,1447.3773561858889,0.0,1583.4,1447.3773561858889,0.0,0.0,0.600521778002618,-0.6122991912353537
2026-06-06 00:00:00+00:00,1447.3773561858889,0.0,1569.69,1447.3773561858889,0.0,0.0,0.600521778002618,-0.6122991912353537
2026-06-07 00:00:00+00:00,1447.3773561858889,0.0,1690.51,1447.3773561858889,0.0,0.0,0.600521778002618,-0.6122991912353537
2026-06-08 00:00:00+00:00,1447.3773561858889,0.0,1690.49,1447.3773561858889,0.0,0.0,0.600521778002618,-0.6122991912353537
2026-06-09 00:00:00+00:00,1447.3773561858889,0.0,1639.52,1447.3773561858889,0.0,0.0,0.600521778002618,-0.6122991912353537
2026-06-10 00:00:00+00:00,1447.3773561858889,0.0,1621.59,1447.3773561858889,0.0,0.0,0.600521778002618,-0.6122991912353537
2026-06-11 00:00:00+00:00,1447.3773561858889,0.0,1673.46,1447.3773561858889,0.0,0.0,0.600521778002618,-0.6122991912353537
2026-06-12 00:00:00+00:00,1447.3773561858889,0.0,1666.41,1447.3773561858889,0.0,0.0,0.600521778002618,-0.6122991912353537
2026-06-13 00:00:00+00:00,1447.3773561858889,0.0,1681.18,1447.3773561858889,0.0,0.0,0.600521778002618,-0.6122991912353537
2026-06-14 00:00:00+00:00,1447.3773561858889,0.0,1725.62,1447.3773561858889,0.0,0.0,0.600521778002618,-0.6122991912353537
2026-06-15 00:00:00+00:00,1447.3773561858889,0.0,1796.13,1447.3773561858889,0.0,0.0,0.600521778002618,-0.6122991912353537
2026-06-16 00:00:00+00:00,1447.3773561858889,0.0,1792.99,1447.3773561858889,0.0,0.0,0.600521778002618,-0.6122991912353537
2026-06-17 00:00:00+00:00,1447.3773561858889,0.0,1750.6,1447.3773561858889,0.0,0.0,0.600521778002618,-0.6122991912353537
2026-06-18 00:00:00+00:00,1447.3773561858889,0.0,1711.11,1447.3773561858889,0.0,0.0,0.600521778002618,-0.6122991912353537
2026-06-19 00:00:00+00:00,1447.3773561858889,0.0,1711.19,1447.3773561858889,0.0,0.0,0.600521778002618,-0.6122991912353537
2026-06-20 00:00:00+00:00,1447.3773561858889,0.0,1741.08,1447.3773561858889,0.0,0.0,0.600521778002618,-0.6122991912353537
2026-06-21 00:00:00+00:00,1447.3773561858889,0.0,1706.94,1447.3773561858889,0.0,0.0,0.600521778002618,-0.6122991912353537
2026-06-22 00:00:00+00:00,1447.3773561858889,0.0,1728.19,1447.3773561858889,0.0,0.0,0.600521778002618,-0.6122991912353537
2026-06-23 00:00:00+00:00,1447.3773561858889,0.0,1667.13,1447.3773561858889,0.0,0.0,0.600521778002618,-0.6122991912353537
2026-06-24 00:00:00+00:00,1447.3773561858889,0.0,1622.17,1447.3773561858889,0.0,0.0,0.600521778002618,-0.6122991912353537
2026-06-25 00:00:00+00:00,1447.3773561858889,0.0,1567.84,1447.3773561858889,0.0,0.0,0.600521778002618,-0.6122991912353537
2026-06-26 00:00:00+00:00,1447.3773561858889,0.0,1578.68,1447.3773561858889,0.0,0.0,0.600521778002618,-0.6122991912353537
2026-06-27 00:00:00+00:00,1487.3773561858889,0.0,1573.99,1487.3773561858889,40.0,0.0,0.600521778002618,-0.6122991912353537
2026-06-28 00:00:00+00:00,1487.3773561858889,0.0,1571.96,1487.3773561858889,0.0,0.0,0.600521778002618,-0.6122991912353537
2026-06-29 00:00:00+00:00,1487.3773561858889,0.0,1613.07,1487.3773561858889,0.0,0.0,0.600521778002618,-0.6122991912353537
2026-06-30 00:00:00+00:00,1487.3773561858889,0.0,1572.01,1487.3773561858889,0.0,0.0,0.600521778002618,-0.6122991912353537
2026-07-01 00:00:00+00:00,1487.3773561858889,0.0,1609.58,1487.3773561858889,0.0,0.0,0.600521778002618,-0.6122991912353537
2026-07-02 00:00:00+00:00,1487.3773561858889,0.0,1700.57,1487.3773561858889,0.0,0.0,0.600521778002618,-0.6122991912353537
2026-07-03 00:00:00+00:00,1487.3773561858889,0.0,1758.21,1487.3773561858889,0.0,0.0,0.600521778002618,-0.6122991912353537
2026-07-04 00:00:00+00:00,1487.3773561858889,0.0,1780.64,1487.3773561858889,0.0,0.0,0.600521778002618,-0.6122991912353537
2026-07-05 00:00:00+00:00,1487.3773561858889,0.0,1785.65,1487.3773561858889,0.0,0.0,0.600521778002618,-0.6122991912353537
2026-07-06 00:00:00+00:00,1487.3773561858889,0.0,1799.56,1487.3773561858889,0.0,0.0,0.600521778002618,-0.6122991912353537
2026-07-07 00:00:00+00:00,1487.3773561858889,0.0,1771.45,1487.3773561858889,0.0,0.0,0.600521778002618,-0.6122991912353537
2026-07-08 00:00:00+00:00,1487.3773561858889,0.0,1743.54,1487.3773561858889,0.0,0.0,0.600521778002618,-0.6122991912353537
2026-07-09 00:00:00+00:00,1487.3773561858889,0.0,1745.16,1487.3773561858889,0.0,0.0,0.600521778002618,-0.6122991912353537
2026-07-10 00:00:00+00:00,1487.3773561858889,0.0,1796.85,1487.3773561858889,0.0,0.0,0.600521778002618,-0.6122991912353537
2026-07-11 00:00:00+00:00,1487.3773561858889,0.0,1787.76,1487.3773561858889,0.0,0.0,0.600521778002618,-0.6122991912353537
2026-07-12 00:00:00+00:00,1487.3773561858889,0.0,1806.8,1487.3773561858889,0.0,0.0,0.600521778002618,-0.6122991912353537
2026-07-13 00:00:00+00:00,1487.3773561858889,0.0,1776.72,1487.3773561858889,0.0,0.0,0.600521778002618,-0.6122991912353537
2026-07-14 00:00:00+00:00,1487.3773561858889,0.0,1891.87,1487.3773561858889,0.0,0.0,0.600521778002618,-0.6122991912353537
2026-07-15 00:00:00+00:00,0.0,0.7850163543351446,1917.86,1505.5514653252003,0.0,0.01221889594037906,0.6078594911179633,-0.6075619153970577
2026-07-16 00:00:00+00:00,0.0,0.7850163543351446,1864.71,1463.8278460922875,0.0,-0.027713180315560026,0.5910137714340866,-0.6184376227983521
2026-07-17 00:00:00+00:00,0.0,0.7850163543351446,1841.93,1445.945173540533,0.0,-0.012216376809262464,0.5837937245027846,-0.6230989325744853
2026-07-18 00:00:00+00:00,0.0,0.7850163543351446,1862.61,1462.1793117481836,0.0,0.011227353916815508,0.5903481832621932,-0.6188673308988735
2026-07-19 00:00:00+00:00,0.0,0.7850163543351446,1872.23,1469.731169076888,0.0,0.005164795636231068,0.5933972109829627,-0.6168988585526749
2026-07-20 00:00:00+00:00,0.0,0.7850163543351446,1904.77,1495.2756012469533,0.0,0.017380343227060724,0.6037106581798272,-0.6102404292236416
2026-07-21 00:00:00+00:00,0.0,0.7850163543351446,1930.09,1515.152215338719,0.0,0.013292943504989996,0.6117357498523719,-0.6050593772687825
2026-07-22 00:00:00+00:00,0.0,0.7850163543351446,1934.25,1518.4178833727535,0.0,0.0021553399064293544,0.6130542483262182,-0.6042081459839397
2026-07-23 00:00:00+00:00,0.0,0.7850163543351446,1878.38,1474.559019656049,0.0,-0.028884580586790665,0.5953464334863652,-0.6156404276868619
2026-07-24 00:00:00+00:00,0.0,0.7850163543351446,1861.44,1461.2608426136117,0.0,-0.009018409480509804,0.589977355566424,-0.6191067396977354
2026-07-25 00:00:00+00:00,0.0,0.7850163543351446,1874.89,1471.8193125794194,0.0,0.007225588791473392,0.594240289334028,-0.6163545616253476
2026-07-26 00:00:00+00:00,0.0,0.7850163543351446,1954.72,1534.4871681459938,0.0,0.04257849793854551,0.6195421482684376,-0.60001951511838
2026-07-27 00:00:00+00:00,0.0,0.805448984034067,1892.53,1524.3363657539926,40.0,-0.03268245146200521,0.5992939920789879,-0.613091857901273
2026-07-28 00:00:00+00:00,0.0,0.805448984034067,1922.23,1548.2582005798045,0.0,0.015693278309987235,0.6086988794861867,-0.6070200007469175
2026-07-29 00:00:00+00:00,0.0,0.805448984034067,1910.72,1538.9874827735725,0.0,-0.0059878370434337524,0.6050540897873027,-0.6093731009437737
2026-07-30 00:00:00+00:00,0.0,0.805448984034067,1918.31,1545.1008405623909,0.0,0.003972324568748853,0.6074575610135867,-0.6078214041154386
2026-07-31 00:00:00+00:00,0.0,0.805448984034067,1862.6,1500.229277661853,0.0,-0.029041187295066995,0.5898162722103866,-0.6192107361716385
2026-08-01 00:00:00+00:00,0.0,0.805448984034067,1844.94,1486.0050486038115,0.0,-0.009481370127778388,0.5842240058261734,-0.6228211401226794
2026-08-02 00:00:00+00:00,1483.784826445563,0.0,1885.36,1483.784826445563,0.0,-0.0014940878971672067,0.583351123809834,-0.6233846784922894
2026-08-03 00:00:00+00:00,1483.784826445563,0.0,1860.5,1483.784826445563,0.0,0.0,0.583351123809834,-0.6233846784922894
2026-08-04 00:00:00+00:00,1483.784826445563,0.0,1869.75,1483.784826445563,0.0,0.0,0.583351123809834,-0.6233846784922894
2026-08-05 00:00:00+00:00,1483.784826445563,0.0,1908.9,1483.784826445563,0.0,0.0,0.583351123809834,-0.6233846784922894
2026-08-06 00:00:00+00:00,1483.784826445563,0.0,1904.1,1483.784826445563,0.0,0.0,0.583351123809834,-0.6233846784922894
2026-08-07 00:00:00+00:00,1483.784826445563,0.0,1914.18,1483.784826445563,0.0,0.0,0.583351123809834,-0.6233846784922894
2026-08-08 00:00:00+00:00,1483.784826445563,0.0,1916.74,1483.784826445563,0.0,0.0,0.583351123809834,-0.6233846784922894
2026-08-09 00:00:00+00:00,1483.784826445563,0.0,1910.65,1483.784826445563,0.0,0.0,0.583351123809834,-0.6233846784922894
2026-08-10 00:00:00+00:00,1483.784826445563,0.0,1873.16,1483.784826445563,0.0,0.0,0.583351123809834,-0.6233846784922894
2026-08-11 00:00:00+00:00,1483.784826445563,0.0,1882.59,1483.784826445563,0.0,0.0,0.583351123809834,-0.6233846784922894
2026-08-12 00:00:00+00:00,1483.784826445563,0.0,1879.81,1483.784826445563,0.0,0.0,0.583351123809834,-0.6233846784922894
2026-08-13 00:00:00+00:00,1483.784826445563,0.0,1886.15,1483.784826445563,0.0,0.0,0.583351123809834,-0.6233846784922894
2026-08-14 00:00:00+00:00,1483.784826445563,0.0,1882.2,1483.784826445563,0.0,0.0,0.583351123809834,-0.6233846784922894
2026-08-15 00:00:00+00:00,1483.784826445563,0.0,1882.64,1483.784826445563,0.0,0.0,0.583351123809834,-0.6233846784922894
2026-08-16 00:00:00+00:00,1483.784826445563,0.0,1876.0,1483.784826445563,0.0,0.0,0.583351123809834,-0.6233846784922894
2026-08-17 00:00:00+00:00,1483.784826445563,0.0,1913.6,1483.784826445563,0.0,0.0,0.583351123809834,-0.6233846784922894
2026-08-18 00:00:00+00:00,1483.784826445563,0.0,1917.85,1483.784826445563,0.0,0.0,0.583351123809834,-0.6233846784922894
2026-08-19 00:00:00+00:00,1483.784826445563,0.0,2252.8,1483.784826445563,0.0,0.0,0.583351123809834,-0.6233846784922894
2026-08-20 00:00:00+00:00,0.0,0.6576505533312248,2326.82,1530.2344605021606,0.0,0.03130483155557573,0.6016128324784566,-0.6115947992912416
2026-08-21 00:00:00+00:00,0.0,0.6576505533312248,2516.3,1654.8460873473612,0.0,0.08143302876887781,0.6506039875734009,-0.5799657874079435
2026-08-22 00:00:00+00:00,0.0,0.6576505533312248,2422.6,1593.224230500225,0.0,-0.03723721336883534,0.6263773080695151,-0.5956066910044446
2026-08-23 00:00:00+00:00,0.0,0.6576505533312248,2463.41,1620.0629495816725,0.0,0.0168455378518948,0.636928970722168,-0.588794468210707
2026-08-24 00:00:00+00:00,0.0,0.6576505533312248,2482.31,1632.4925450396327,0.0,0.007672291660746788,0.6418156755527278,-0.5856395794383071
2026-08-25 00:00:00+00:00,0.0,0.6576505533312248,2442.64,1606.4035475889827,0.0,-0.01598108213720295,0.6315587665247753,-0.5922615073537094
2026-08-26 00:00:00+00:00,0.0,0.6576505533312248,2506.78,1648.585254079648,0.0,0.026258474437494073,0.6481425362513413,-0.5815549165673745
2026-08-27 00:00:00+00:00,-7.105427357601002e-15,0.6735833714983864,2510.94,1691.3274308301584,40.0,0.0016633514971242658,0.649220625109365,-0.5808588953113825
2026-08-28 00:00:00+00:00,-7.105427357601002e-15,0.6735833714983864,2442.8,1645.4294598962585,0.0,-0.02713724740535406,0.6316025643851135,-0.5922332311670708
2026-08-29 00:00:00+00:00,-7.105427357601002e-15,0.6735833714983864,2457.67,1655.4456446304393,0.0,0.006087276895365923,0.635447304082349,-0.5897510419364562
2026-08-30 00:00:00+00:00,-7.105427357601002e-15,0.6735833714983864,2416.88,1627.9701789070202,0.0,-0.016597020755430902,0.6249007719875116,-0.5965599524083307
2026-08-31 00:00:00+00:00,-7.105427357601002e-15,0.6735833714983864,2467.65,1662.1680066779934,0.0,0.02100642150210197,0.6380277010008701,-0.588085120717792
2026-09-01 00:00:00+00:00,-7.105427357601002e-15,0.6735833714983864,2418.57,1629.1085348048525,0.0,-0.01988936842745126,0.6253377329887441,-0.596277847512585
2026-09-02 00:00:00+00:00,-7.105427357601002e-15,0.6735833714983864,2391.92,1611.1575379544206,0.0,-0.011018907867045402,0.6184471941231541,-0.600726424714729
2026-09-03 00:00:00+00:00,-7.105427357601002e-15,0.6735833714983864,2507.51,1689.017039865919,0.0,0.04832519482256936,0.6483337752666268,-0.5814314514015646
2026-09-04 00:00:00+00:00,-7.105427357601002e-15,0.6735833714983864,2455.85,1654.2197228943123,0.0,-0.020602111257781663,0.6349767306964061,-0.5900548472087978
2026-09-05 00:00:00+00:00,-7.105427357601002e-15,0.6735833714983864,2480.34,1670.7157796623078,0.0,0.009972107416983844,0.641308786862196,-0.585966830110092
2026-09-06 00:00:00+00:00,-7.105427357601002e-15,0.6735833714983864,2514.48,1693.7119159652627,0.0,0.013764241999080884,0.6501359162007042,-0.5802679773640808
2026-09-07 00:00:00+00:00,-7.105427357601002e-15,0.6735833714983864,2490.16,1677.3303683704219,0.0,-0.009671979892462934,0.643847814691843,-0.5843276170472381
2026-09-08 00:00:00+00:00,-7.105427357601002e-15,0.6735833714983864,2485.06,1673.8950931757802,0.0,-0.002048061168760218,0.6425291749839815,-0.5851789395136897
2026-09-09 00:00:00+00:00,-7.105427357601002e-15,0.6735833714983864,2468.13,1662.4913266963126,0.0,-0.006812712771522511,0.6381518082674924,-0.5880049962503613
2026-09-10 00:00:00+00:00,-7.105427357601002e-15,0.6735833714983864,2438.27,1642.3781272233707,0.0,-0.012098228213262674,0.630431302056366,-0.5929894058284484
2026-09-11 00:00:00+00:00,-7.105427357601002e-15,0.6735833714983864,2516.43,1695.0254035396845,0.0,0.03205551477071844,0.6506401019713571,-0.5799424717151433
2026-09-12 00:00:00+00:00,-7.105427357601002e-15,0.6735833714983864,2525.93,1701.424445568919,0.0,0.0037751894549022946,0.653096391623256,-0.5783566749639101
2026-09-13 00:00:00+00:00,-7.105427357601002e-15,0.6735833714983864,2477.1,1668.533369538653,0.0,-0.019331493746857498,0.6404710628124958,-0.5865076702652494
2026-09-14 00:00:00+00:00,-7.105427357601002e-15,0.6735833714983864,2515.75,1694.5673668470656,0.0,0.015602922772596894,0.6504642833436421,-0.5800559813773369
2026-09-15 00:00:00+00:00,-7.105427357601002e-15,0.6735833714983864,2398.26,1615.4280565297204,0.0,-0.04670177879360016,0.6200864442697898,-0.599668114040748
2026-09-16 00:00:00+00:00,1613.005722158954,0.0,2418.26,1613.005722158954,0.0,-0.001499499999999987,0.6191566246466073,-0.600268411703744
2026-09-17 00:00:00+00:00,1613.005722158954,0.0,2447.28,1613.005722158954,0.0,0.0,0.6191566246466073,-0.600268411703744
2026-09-18 00:00:00+00:00,1613.005722158954,0.0,2612.14,1613.005722158954,0.0,0.0,0.6191566246466073,-0.600268411703744
2026-09-19 00:00:00+00:00,1613.005722158954,0.0,2632.69,1613.005722158954,0.0,0.0,0.6191566246466073,-0.600268411703744
2026-09-20 00:00:00+00:00,1613.005722158954,0.0,2645.21,1613.005722158954,0.0,0.0,0.6191566246466073,-0.600268411703744
2026-09-21 00:00:00+00:00,1613.005722158954,0.0,2776.19,1613.005722158954,0.0,0.0,0.6191566246466073,-0.600268411703744
2026-09-22 00:00:00+00:00,0.0,0.5801415724063346,2753.63,1597.495238025255,0.0,-0.009615889094887309,0.6132028832116407,-0.6041121863245239
2026-09-23 00:00:00+00:00,0.0,0.5801415724063346,2684.71,1557.5118808550105,0.0,-0.02502878019196475,0.5978551630346576,-0.6140207753936848
2026-09-24 00:00:00+00:00,0.0,0.5801415724063346,2688.05,1559.4495537068478,0.0,0.0012440822286206021,0.5985989440182781,-0.6135405854997353
2026-09-25 00:00:00+00:00,0.0,0.5801415724063346,2691.61,1561.5148577046143,0.0,0.0013243801268576494,0.5993917165636938,-0.6130287663313342
2026-09-26 00:00:00+00:00,0.0,0.5801415724063346,2696.33,1564.2531259263721,0.0,0.001753597289354758,0.6004428082531216,-0.6123501746249146
