date,equity,deposit,return,twr,drawdown
2021-09-27 00:00:00+00:00,96.69692940998212,100.0,0.0,1.0,0.0
2021-09-28 00:00:00+00:00,93.56569071472411,0.0,-0.03238198683623106,0.9676180131637689,-0.03238198683623106
2021-09-29 00:00:00+00:00,94.85111240704552,0.0,0.01373817349610107,0.9809113173065654,-0.019088682693434555
2021-09-30 00:00:00+00:00,100.00375541041907,0.0,0.05432348522452135,1.0341978387588344,0.0
2021-10-01 00:00:00+00:00,110.03466110059355,0.0,0.10030529002643229,1.1379333529202487,0.0
2021-10-02 00:00:00+00:00,110.34764996794954,0.0,0.002844457048582605,1.14117015546678,0.0
2021-10-03 00:00:00+00:00,111.52331856605247,0.0,0.010654224158325176,1.1533284381059137,0.0
2021-10-04 00:00:00+00:00,112.53579793449171,0.0,0.009078633791188562,1.1637990846364408,0.0
2021-10-05 00:00:00+00:00,117.3384259171532,0.0,0.04267644670238302,1.21346589424421,0.0
2021-10-06 00:00:00+00:00,123.45111248043335,0.0,0.052094499440413555,1.276680792592876,0.0
2021-10-07 00:00:00+00:00,121.49191187443297,0.0,-0.015870254764297154,1.2564195431617422,-0.015870254764297265
2021-10-08 00:00:00+00:00,121.40486234795296,0.0,-0.0007165047050209372,1.2555193126475865,-0.0165753883571097
2021-10-09 00:00:00+00:00,122.94316649632783,0.0,0.012670861105760434,1.271427823473744,-0.0041145516949961936
2021-10-10 00:00:00+00:00,120.44298887166053,0.0,-0.02033604384788623,1.2455720115061593,-0.02436692183919864
2021-10-11 00:00:00+00:00,126.01645126554473,0.0,0.04627469349687985,1.3032104745668989,0.0
2021-10-12 00:00:00+00:00,123.30849311329972,0.0,-0.021488925652562108,1.2752058815692906,-0.021488925652562108
2021-10-13 00:00:00+00:00,126.72410092548313,0.0,0.027699696314065214,1.3105286972266699,0.0
2021-10-14 00:00:00+00:00,129.09193892062538,0.0,0.018684985554046962,1.3350159070025143,0.0
2021-10-15 00:00:00+00:00,136.11510781603272,0.0,0.054404395457455124,1.4076466403490722,0.0
2021-10-16 00:00:00+00:00,134.49949052413007,0.0,-0.011869492797862313,1.3909385886895138,-0.011869492797862313
2021-10-17 00:00:00+00:00,135.62606302406482,0.0,0.008376035444778385,1.4025891396098873,-0.0035928766454702554
2021-10-18 00:00:00+00:00,134.9642517528765,0.0,-0.004879676195208127,1.3957449587736754,-0.008455020766039212
2021-10-19 00:00:00+00:00,139.84037803688673,0.0,0.036129020986524374,1.4461718576810452,0.0
2021-10-20 00:00:00+00:00,145.93818508347803,0.0,0.043605481708457905,1.5092328781684425,0.0
2021-10-21 00:00:00+00:00,139.2400420697361,0.0,-0.04589712425100079,1.43996342923545,-0.04589712425100079
2021-10-22 00:00:00+00:00,136.0963856930959,0.0,-0.022577243800786406,1.4074530238293848,-0.06743813748781735
2021-10-23 00:00:00+00:00,139.47187239675378,0.0,0.024802177416156868,1.4423609234313075,-0.04430857272224864
2021-10-24 00:00:00+00:00,137.76177989419253,0.0,-0.012261199861837158,1.4246758478762123,-0.05602649631834555
2021-10-25 00:00:00+00:00,142.65450621050115,0.0,0.03551584713892675,1.4752744175119046,-0.022500477658390805
2021-10-26 00:00:00+00:00,137.67743061539935,0.0,-0.03488901772060138,1.4238035422165818,-0.056604475815246635
2021-10-27 00:00:00+00:00,228.20611630558383,100.0,-0.06879351443065163,1.3258550926886925,-0.12150396942206265
2021-10-28 00:00:00+00:00,241.62651375522222,0.0,0.05880822857380186,1.4038262820352685,-0.06984117405465762
2021-10-29 00:00:00+00:00,248.6407100966172,0.0,0.029029083904677178,1.4445780729640614,-0.04283951545161424
2021-10-30 00:00:00+00:00,245.51520601935792,0.0,-0.012570363381140481,1.4264192016544754,-0.05487137055645597
2021-10-31 00:00:00+00:00,243.37727259712838,0.0,-0.008707947083574807,1.4139980187274732,-0.06310150064882192
2021-11-01 00:00:00+00:00,243.18386289055917,0.0,-0.0007946909113792922,1.4128743273532822,-0.06384604537114114
2021-11-02 00:00:00+00:00,254.82703908640917,0.0,0.04787807898704943,1.480520035997077,-0.019024792387381972
2021-11-03 00:00:00+00:00,254.36256252558601,0.0,-0.0018227130154176985,1.4778214728578785,-0.02081282866609957
2021-11-04 00:00:00+00:00,249.1734183676353,0.0,-0.020400581384411698,1.4476730556292101,-0.040788816245468706
2021-11-05 00:00:00+00:00,246.76342003399,0.0,-0.009671972032303744,1.4336712023232447,-0.05006627998781543
2021-11-06 00:00:00+00:00,249.02804940210228,0.0,0.009177330123728789,1.4468284762358483,-0.04134842464360189
2021-11-07 00:00:00+00:00,255.4704613169626,0.0,0.025870225985900275,1.4842582558789055,-0.016547891747392574
2021-11-08 00:00:00+00:00,270.03526279284154,0.0,0.057011685033160786,1.5688783200709422,0.0
2021-11-09 00:00:00+00:00,266.9396337821194,0.0,-0.011463795426958523,1.5508930199598585,-0.011463795426958523
2021-11-10 00:00:00+00:00,259.6691811866342,0.0,-0.02723631741182153,1.5086524053964534,-0.03838788126778725
2021-11-11 00:00:00+00:00,261.46161208675835,0.0,0.006902747919229846,1.519066252648645,-0.03175011521610216
2021-11-12 00:00:00+00:00,258.6925011517113,0.0,-0.01059088909054906,1.502977990445647,-0.042004742357785396
2021-11-13 00:00:00+00:00,258.8250272252668,0.0,0.0005122919024149741,1.5037479538996603,-0.04151396914474337
2021-11-14 00:00:00+00:00,261.1333647358681,0.0,0.008918525133940092,1.5171591678216254,-0.032965687388030296
2021-11-15 00:00:00+00:00,255.15466206751154,0.0,-0.022895207873585677,1.482423493297033,-0.05510613899617134
2021-11-16 00:00:00+00:00,238.6626299292917,0.0,-0.06463543328812937,1.386606408491277,-0.11617976311344724
2021-11-17 00:00:00+00:00,241.1168720255741,0.0,0.010283311203808987,1.4008653137069886,-0.10709116456931866
2021-11-18 00:00:00+00:00,226.2843672310267,0.0,-0.06151583118154502,1.3146899195609074,-0.16201919375018248
2021-11-19 00:00:00+00:00,235.81598240550102,0.0,0.0421222875053624,1.3700676663330538,-0.1267215253053523
2021-11-20 00:00:00+00:00,242.4251991575945,0.0,0.028027009385345636,1.4084665656759288,-0.10224614129906506
2021-11-21 00:00:00+00:00,236.34447492889268,0.0,-0.025082888453146768,1.3731381559190927,-0.12476440119524268
2021-11-22 00:00:00+00:00,226.77374227083348,0.0,-0.04049484406580128,1.317533140414347,-0.16020693028967958
2021-11-23 00:00:00+00:00,235.61452750364964,0.0,0.0389850480231424,1.368897233165482,-0.12746755713752056
2021-11-24 00:00:00+00:00,233.06261025935623,0.0,-0.010830899398823646,1.3540708449457386,-0.13691786824837404
2021-11-25 00:00:00+00:00,243.20648015098584,0.0,0.04352422673178391,1.4130057314120552,-0.09935288585786484
2021-11-26 00:00:00+00:00,219.75448925747918,0.0,-0.0964283142412462,1.2767519707187716,-0.18620076880083414
2021-11-27 00:00:00+00:00,324.8484711896278,100.0,0.023180331602601134,1.3063475047743072,-0.1673366327636957
2021-11-28 00:00:00+00:00,340.281890760579,0.0,0.04750959582611691,1.3684115467345908,-0.12777713272708535
2021-11-29 00:00:00+00:00,346.9174805475691,0.0,0.019500273059370077,1.3950959455535101,-0.11076854864663688
2021-11-30 00:00:00+00:00,350.08644572336334,0.0,0.009134636775271154,1.4078396402827948,-0.10264574232937673
2021-12-01 00:00:00+00:00,349.3602985408845,0.0,-0.0020741939350963357,1.4049195078393322,-0.10450702908826992
2021-12-02 00:00:00+00:00,344.5607513949495,0.0,-0.013738101226672073,1.385618581425309,-0.11680940217042868
2021-12-03 00:00:00+00:00,324.85970934141113,0.0,-0.05717726692253522,1.3063926979423295,-0.16730782672600353
2021-12-04 00:00:00+00:00,306.0952649192134,0.0,-0.057761685683456854,1.2309332535446214,-0.21540553030973075
2021-12-05 00:00:00+00:00,309.52989012843716,0.0,0.011220772102209065,1.2447452750556762,-0.2066017745726827
2021-12-06 00:00:00+00:00,318.11387070102694,0.0,0.02773231550926436,1.2792649437521864,-0.18459900466064183
2021-12-07 00:00:00+00:00,317.28491077609004,0.0,-0.0026058591004225473,1.2759313595566582,-0.1867238247648405
2021-12-08 00:00:00+00:00,321.12852302410863,0.0,0.01211407198223502,1.2913880838907186,-0.176871738636605
2021-12-09 00:00:00+00:00,300.0986203712938,0.0,-0.06548749533293874,1.2068183127739125,-0.2307763468110503
2021-12-10 00:00:00+00:00,291.910307635617,0.0,-0.027285406129311407,1.1738897849855858,-0.2517649265925834
2021-12-11 00:00:00+00:00,306.0166611603768,0.0,0.04832427343527845,1.2306171559381096,-0.21560701031137774
2021-12-12 00:00:00+00:00,309.6626319136982,0.0,0.011914288390365124,1.2452790836320873,-0.20626152602084669
2021-12-13 00:00:00+00:00,286.597118014297,0.0,-0.07448594542020648,1.1525232937757428,-0.265383886671576
2021-12-14 00:00:00+00:00,294.84543713968776,0.0,0.028780188658349637,1.1856931316037511,-0.24424149633852044
2021-12-15 00:00:00+00:00,301.8892462808237,0.0,0.02388983600854866,1.2140191460742273,-0.22618654962398144
2021-12-16 00:00:00+00:00,295.5917841731988,0.0,-0.020860173673648896,1.188694495843984,-0.24232843258983072
2021-12-17 00:00:00+00:00,287.6471025466972,0.0,-0.026877207188703456,1.1567457075951137,-0.26269252828810363
2021-12-18 00:00:00+00:00,292.8614476129905,0.0,0.018127577229625658,1.1777147047445822,-0.24932693015266616
2021-12-19 00:00:00+00:00,291.15869528392216,0.0,-0.005814190781841977,1.1708672467646164,-0.25369148659554963
2021-12-20 00:00:00+00:00,292.64442844460143,0.0,0.005102829435440492,1.1768419826164,-0.24988320154542953
2021-12-21 00:00:00+00:00,301.8155588146644,0.0,0.03133881761838886,1.2137228188752787,-0.22637542800617194
2021-12-22 00:00:00+00:00,299.631210659281,0.0,-0.007237361002733311,1.2049386686778232,-0.23197442831427628
2021-12-23 00:00:00+00:00,311.8007589176057,0.0,0.04061508890061205,1.253877359825958,-0.20078100144231725
2021-12-24 00:00:00+00:00,309.61401124138786,0.0,-0.007013285290930704,1.2450835601816597,-0.20638615228913426
2021-12-25 00:00:00+00:00,309.72477151361613,0.0,0.0003577366275646643,1.2455289721755152,-0.2061022475476656
2021-12-26 00:00:00+00:00,310.01920527312484,0.0,0.0009506303227533319,1.246713009784333,-0.20534754427101864
2021-12-27 00:00:00+00:00,408.4057291917035,100.0,-0.005204439124988691,1.240224567818579,-0.20948326460238287
2021-12-28 00:00:00+00:00,383.2654398823455,0.0,-0.06155714161775938,1.1638798884595463,-0.2581452152344629
2021-12-29 00:00:00+00:00,371.3213603540288,0.0,-0.031163987893046863,1.1276087497066323,-0.2812643687652949
2021-12-30 00:00:00+00:00,377.74561449264525,0.0,0.017301062703452885,1.1471175793902688,-0.2688294785420975
2021-12-31 00:00:00+00:00,372.1166029693031,0.0,-0.014901593314068151,1.1300236997387767,-0.2797250842960983
2022-01-01 00:00:00+00:00,382.9474193484697,0.0,0.029105974559431536,1.1629141407949282,-0.25876078092382393
2022-01-02 00:00:00+00:00,383.568307509962,0.0,0.0016213405029563699,1.1647996205928597,-0.257558979755556
2022-01-03 00:00:00+00:00,376.99289624699986,0.0,-0.01714273868362115,1.1448317650782551,-0.2702864521536077
2022-01-04 00:00:00+00:00,374.9368880774115,0.0,-0.005453705335183079,1.1385881899731607,-0.27426609482265296
2022-01-05 00:00:00+00:00,353.4291473973053,0.0,-0.05736362935744421,1.073274639052777,-0.3158968255713769
2022-01-06 00:00:00+00:00,346.02593001583716,0.0,-0.020946821833983775,1.0507929464096053,-0.3302266128821959
2022-01-07 00:00:00+00:00,330.1295647862755,0.0,-0.04593980927624142,1.0025197188627282,-0.36099587454469007
2022-01-08 00:00:00+00:00,325.6396429942803,0.0,-0.013600483782487016,0.9888849656847122,-0.36968663978988736
2022-01-09 00:00:00+00:00,329.51785419660513,0.0,0.01190951803860374,1.0006621090216383,-0.3621799114564921
2022-01-10 00:00:00+00:00,326.3805786376824,0.0,-0.009520805986588221,0.9911349992235131,-0.3682524727738633
2022-01-11 00:00:00+00:00,337.28480923236634,0.0,0.033409557150117175,1.0242483806235525,-0.3471460676585565
2022-01-12 00:00:00+00:00,348.35349560334384,0.0,0.032817031980091116,1.057861172486032,-0.32572133928257907
2022-01-13 00:00:00+00:00,336.5314599002363,0.0,-0.033936894138616,1.0219606498620213,-0.3486042628112741
2022-01-14 00:00:00+00:00,341.70387877007107,0.0,0.015369792979735397,1.0376679734838363,-0.3385924451828013
2022-01-15 00:00:00+00:00,342.19207085373694,0.0,0.0014286992744216853,1.0391504889646432,-0.33764749268913696
2022-01-16 00:00:00+00:00,343.0764003215791,0.0,0.0025843073033102737,1.041835973162513,-0.3359357702671276
2022-01-17 00:00:00+00:00,337.2539988684782,0.0,-0.016971151171119137,1.024154817366462,-0.347205704697257
2022-01-18 00:00:00+00:00,335.1399252558152,0.0,-0.00626849086965886,1.0177349122446833,-0.3512977397771275
2022-01-19 00:00:00+00:00,331.9221371777696,0.0,-0.009601327193677234,1.0079633063557936,-0.3575261424288054
2022-01-20 00:00:00+00:00,328.41961537951187,0.0,-0.010552239233088234,0.9973270364089526,-0.36430568027490173
2022-01-21 00:00:00+00:00,310.03158810983615,0.0,-0.0559894306204185,0.941487263498066,-0.39989784328494427
2022-01-22 00:00:00+00:00,303.4131203987353,0.0,-0.02134772057083445,0.9213886564759097,-0.4127086564404523
2022-01-23 00:00:00+00:00,308.79505448733516,0.0,0.017737974157238545,0.9377322246532521,-0.4022912977656232
2022-01-24 00:00:00+00:00,304.56351252316915,0.0,-0.013703399399291771,0.9248821054492422,-0.4104819388367732
2022-01-25 00:00:00+00:00,305.3926774848599,0.0,0.002722469789048221,0.9274000690397591,-0.40887699372515796
2022-01-26 00:00:00+00:00,305.56920390454434,0.0,0.0005780309506377979,0.9279361349832878,-0.40853530633189705
2022-01-27 00:00:00+00:00,403.23700057205286,100.0,-0.0076323245362776015,0.9208538252521562,-0.4130495568257221
2022-01-28 00:00:00+00:00,410.3184330421126,0.0,0.01756146499456568,0.9370253674694339,-0.4027418471643721
2022-01-29 00:00:00+00:00,410.09461118402453,0.0,-0.0005454833126278258,0.9365142357679703,-0.4030676415200749
2022-01-30 00:00:00+00:00,410.09461118402453,0.0,0.0,0.9365142357679703,-0.4030676415200749
2022-01-31 00:00:00+00:00,410.09461118402453,0.0,0.0,0.9365142357679703,-0.4030676415200749
2022-02-01 00:00:00+00:00,410.09461118402453,0.0,0.0,0.9365142357679703,-0.4030676415200749
2022-02-02 00:00:00+00:00,410.09461118402453,0.0,0.0,0.9365142357679703,-0.4030676415200749
2022-02-03 00:00:00+00:00,410.09461118402453,0.0,0.0,0.9365142357679703,-0.4030676415200749
2022-02-04 00:00:00+00:00,410.09461118402453,0.0,0.0,0.9365142357679703,-0.4030676415200749
2022-02-05 00:00:00+00:00,410.09461118402453,0.0,0.0,0.9365142357679703,-0.4030676415200749
2022-02-06 00:00:00+00:00,410.09461118402453,0.0,0.0,0.9365142357679703,-0.4030676415200749
2022-02-07 00:00:00+00:00,410.09461118402453,0.0,0.0,0.9365142357679703,-0.4030676415200749
2022-02-08 00:00:00+00:00,410.09461118402453,0.0,0.0,0.9365142357679703,-0.4030676415200749
2022-02-09 00:00:00+00:00,410.09461118402453,0.0,0.0,0.9365142357679703,-0.4030676415200749
2022-02-10 00:00:00+00:00,410.09461118402453,0.0,0.0,0.9365142357679703,-0.4030676415200749
2022-02-11 00:00:00+00:00,410.09461118402453,0.0,0.0,0.9365142357679703,-0.4030676415200749
2022-02-12 00:00:00+00:00,410.09461118402453,0.0,0.0,0.9365142357679703,-0.4030676415200749
2022-02-13 00:00:00+00:00,410.09461118402453,0.0,0.0,0.9365142357679703,-0.4030676415200749
2022-02-14 00:00:00+00:00,410.09461118402453,0.0,0.0,0.9365142357679703,-0.4030676415200749
2022-02-15 00:00:00+00:00,410.09461118402453,0.0,0.0,0.9365142357679703,-0.4030676415200749
2022-02-16 00:00:00+00:00,410.09461118402453,0.0,0.0,0.9365142357679703,-0.4030676415200749
2022-02-17 00:00:00+00:00,410.09461118402453,0.0,0.0,0.9365142357679703,-0.4030676415200749
2022-02-18 00:00:00+00:00,410.09461118402453,0.0,0.0,0.9365142357679703,-0.4030676415200749
2022-02-19 00:00:00+00:00,410.09461118402453,0.0,0.0,0.9365142357679703,-0.4030676415200749
2022-02-20 00:00:00+00:00,410.09461118402453,0.0,0.0,0.9365142357679703,-0.4030676415200749
2022-02-21 00:00:00+00:00,410.09461118402453,0.0,0.0,0.9365142357679703,-0.4030676415200749
2022-02-22 00:00:00+00:00,410.09461118402453,0.0,0.0,0.9365142357679703,-0.4030676415200749
2022-02-23 00:00:00+00:00,410.09461118402453,0.0,0.0,0.9365142357679703,-0.4030676415200749
2022-02-24 00:00:00+00:00,410.09461118402453,0.0,0.0,0.9365142357679703,-0.4030676415200749
2022-02-25 00:00:00+00:00,410.09461118402453,0.0,0.0,0.9365142357679703,-0.4030676415200749
2022-02-26 00:00:00+00:00,410.09461118402453,0.0,0.0,0.9365142357679703,-0.4030676415200749
2022-02-27 00:00:00+00:00,510.09461118402453,100.0,0.0,0.9365142357679703,-0.4030676415200749
2022-02-28 00:00:00+00:00,510.09461118402453,0.0,0.0,0.9365142357679703,-0.4030676415200749
2022-03-01 00:00:00+00:00,510.09461118402453,0.0,0.0,0.9365142357679703,-0.4030676415200749
2022-03-02 00:00:00+00:00,510.09461118402453,0.0,0.0,0.9365142357679703,-0.4030676415200749
2022-03-03 00:00:00+00:00,510.09461118402453,0.0,0.0,0.9365142357679703,-0.4030676415200749
2022-03-04 00:00:00+00:00,510.09461118402453,0.0,0.0,0.9365142357679703,-0.4030676415200749
2022-03-05 00:00:00+00:00,510.09461118402453,0.0,0.0,0.9365142357679703,-0.4030676415200749
2022-03-06 00:00:00+00:00,510.09461118402453,0.0,0.0,0.9365142357679703,-0.4030676415200749
2022-03-07 00:00:00+00:00,510.09461118402453,0.0,0.0,0.9365142357679703,-0.4030676415200749
2022-03-08 00:00:00+00:00,510.09461118402453,0.0,0.0,0.9365142357679703,-0.4030676415200749
2022-03-09 00:00:00+00:00,510.09461118402453,0.0,0.0,0.9365142357679703,-0.4030676415200749
2022-03-10 00:00:00+00:00,510.09461118402453,0.0,0.0,0.9365142357679703,-0.4030676415200749
2022-03-11 00:00:00+00:00,510.09461118402453,0.0,0.0,0.9365142357679703,-0.4030676415200749
2022-03-12 00:00:00+00:00,510.09461118402453,0.0,0.0,0.9365142357679703,-0.4030676415200749
2022-03-13 00:00:00+00:00,510.09461118402453,0.0,0.0,0.9365142357679703,-0.4030676415200749
2022-03-14 00:00:00+00:00,510.09461118402453,0.0,0.0,0.9365142357679703,-0.4030676415200749
2022-03-15 00:00:00+00:00,510.09461118402453,0.0,0.0,0.9365142357679703,-0.4030676415200749
2022-03-16 00:00:00+00:00,510.09461118402453,0.0,0.0,0.9365142357679703,-0.4030676415200749
2022-03-17 00:00:00+00:00,510.09461118402453,0.0,0.0,0.9365142357679703,-0.4030676415200749
2022-03-18 00:00:00+00:00,510.09461118402453,0.0,0.0,0.9365142357679703,-0.4030676415200749
2022-03-19 00:00:00+00:00,510.09461118402453,0.0,0.0,0.9365142357679703,-0.4030676415200749
2022-03-20 00:00:00+00:00,510.09461118402453,0.0,0.0,0.9365142357679703,-0.4030676415200749
2022-03-21 00:00:00+00:00,510.09461118402453,0.0,0.0,0.9365142357679703,-0.4030676415200749
2022-03-22 00:00:00+00:00,510.09461118402453,0.0,0.0,0.9365142357679703,-0.4030676415200749
2022-03-23 00:00:00+00:00,510.09461118402453,0.0,0.0,0.9365142357679703,-0.4030676415200749
2022-03-24 00:00:00+00:00,510.09461118402453,0.0,0.0,0.9365142357679703,-0.4030676415200749
2022-03-25 00:00:00+00:00,510.09461118402453,0.0,0.0,0.9365142357679703,-0.4030676415200749
2022-03-26 00:00:00+00:00,510.09461118402453,0.0,0.0,0.9365142357679703,-0.4030676415200749
2022-03-27 00:00:00+00:00,610.0946111840245,100.0,0.0,0.9365142357679703,-0.4030676415200749
2022-03-28 00:00:00+00:00,610.0946111840245,0.0,0.0,0.9365142357679703,-0.4030676415200749
2022-03-29 00:00:00+00:00,610.0946111840245,0.0,0.0,0.9365142357679703,-0.4030676415200749
2022-03-30 00:00:00+00:00,610.0946111840245,0.0,0.0,0.9365142357679703,-0.4030676415200749
2022-03-31 00:00:00+00:00,610.0946111840245,0.0,0.0,0.9365142357679703,-0.4030676415200749
2022-04-01 00:00:00+00:00,610.0946111840245,0.0,0.0,0.9365142357679703,-0.4030676415200749
2022-04-02 00:00:00+00:00,610.0946111840245,0.0,0.0,0.9365142357679703,-0.4030676415200749
2022-04-03 00:00:00+00:00,610.0946111840245,0.0,0.0,0.9365142357679703,-0.4030676415200749
2022-04-04 00:00:00+00:00,610.0946111840245,0.0,0.0,0.9365142357679703,-0.4030676415200749
2022-04-05 00:00:00+00:00,610.0946111840245,0.0,0.0,0.9365142357679703,-0.4030676415200749
2022-04-06 00:00:00+00:00,610.0946111840245,0.0,0.0,0.9365142357679703,-0.4030676415200749
2022-04-07 00:00:00+00:00,610.0946111840245,0.0,0.0,0.9365142357679703,-0.4030676415200749
2022-04-08 00:00:00+00:00,610.0946111840245,0.0,0.0,0.9365142357679703,-0.4030676415200749
2022-04-09 00:00:00+00:00,610.0946111840245,0.0,0.0,0.9365142357679703,-0.4030676415200749
2022-04-10 00:00:00+00:00,610.0946111840245,0.0,0.0,0.9365142357679703,-0.4030676415200749
2022-04-11 00:00:00+00:00,610.0946111840245,0.0,0.0,0.9365142357679703,-0.4030676415200749
2022-04-12 00:00:00+00:00,610.0946111840245,0.0,0.0,0.9365142357679703,-0.4030676415200749
2022-04-13 00:00:00+00:00,610.0946111840245,0.0,0.0,0.9365142357679703,-0.4030676415200749
2022-04-14 00:00:00+00:00,610.0946111840245,0.0,0.0,0.9365142357679703,-0.4030676415200749
2022-04-15 00:00:00+00:00,610.0946111840245,0.0,0.0,0.9365142357679703,-0.4030676415200749
2022-04-16 00:00:00+00:00,610.0946111840245,0.0,0.0,0.9365142357679703,-0.4030676415200749
2022-04-17 00:00:00+00:00,610.0946111840245,0.0,0.0,0.9365142357679703,-0.4030676415200749
2022-04-18 00:00:00+00:00,610.0946111840245,0.0,0.0,0.9365142357679703,-0.4030676415200749
2022-04-19 00:00:00+00:00,610.0946111840245,0.0,0.0,0.9365142357679703,-0.4030676415200749
2022-04-20 00:00:00+00:00,610.0946111840245,0.0,0.0,0.9365142357679703,-0.4030676415200749
2022-04-21 00:00:00+00:00,610.0946111840245,0.0,0.0,0.9365142357679703,-0.4030676415200749
2022-04-22 00:00:00+00:00,610.0946111840245,0.0,0.0,0.9365142357679703,-0.4030676415200749
2022-04-23 00:00:00+00:00,610.0946111840245,0.0,0.0,0.9365142357679703,-0.4030676415200749
2022-04-24 00:00:00+00:00,610.0946111840245,0.0,0.0,0.9365142357679703,-0.4030676415200749
2022-04-25 00:00:00+00:00,610.0946111840245,0.0,0.0,0.9365142357679703,-0.4030676415200749
2022-04-26 00:00:00+00:00,610.0946111840245,0.0,0.0,0.9365142357679703,-0.4030676415200749
2022-04-27 00:00:00+00:00,710.0946111840245,100.0,0.0,0.9365142357679703,-0.4030676415200749
2022-04-28 00:00:00+00:00,710.0946111840245,0.0,0.0,0.9365142357679703,-0.4030676415200749
2022-04-29 00:00:00+00:00,710.0946111840245,0.0,0.0,0.9365142357679703,-0.4030676415200749
2022-04-30 00:00:00+00:00,710.0946111840245,0.0,0.0,0.9365142357679703,-0.4030676415200749
2022-05-01 00:00:00+00:00,710.0946111840245,0.0,0.0,0.9365142357679703,-0.4030676415200749
2022-05-02 00:00:00+00:00,710.0946111840245,0.0,0.0,0.9365142357679703,-0.4030676415200749
2022-05-03 00:00:00+00:00,710.0946111840245,0.0,0.0,0.9365142357679703,-0.4030676415200749
2022-05-04 00:00:00+00:00,710.0946111840245,0.0,0.0,0.9365142357679703,-0.4030676415200749
2022-05-05 00:00:00+00:00,710.0946111840245,0.0,0.0,0.9365142357679703,-0.4030676415200749
2022-05-06 00:00:00+00:00,710.0946111840245,0.0,0.0,0.9365142357679703,-0.4030676415200749
2022-05-07 00:00:00+00:00,710.0946111840245,0.0,0.0,0.9365142357679703,-0.4030676415200749
2022-05-08 00:00:00+00:00,710.0946111840245,0.0,0.0,0.9365142357679703,-0.4030676415200749
2022-05-09 00:00:00+00:00,710.0946111840245,0.0,0.0,0.9365142357679703,-0.4030676415200749
2022-05-10 00:00:00+00:00,710.0946111840245,0.0,0.0,0.9365142357679703,-0.4030676415200749
2022-05-11 00:00:00+00:00,710.0946111840245,0.0,0.0,0.9365142357679703,-0.4030676415200749
2022-05-12 00:00:00+00:00,710.0946111840245,0.0,0.0,0.9365142357679703,-0.4030676415200749
2022-05-13 00:00:00+00:00,710.0946111840245,0.0,0.0,0.9365142357679703,-0.4030676415200749
2022-05-14 00:00:00+00:00,710.0946111840245,0.0,0.0,0.9365142357679703,-0.4030676415200749
2022-05-15 00:00:00+00:00,710.0946111840245,0.0,0.0,0.9365142357679703,-0.4030676415200749
2022-05-16 00:00:00+00:00,710.0946111840245,0.0,0.0,0.9365142357679703,-0.4030676415200749
2022-05-17 00:00:00+00:00,710.0946111840245,0.0,0.0,0.9365142357679703,-0.4030676415200749
2022-05-18 00:00:00+00:00,710.0946111840245,0.0,0.0,0.9365142357679703,-0.4030676415200749
2022-05-19 00:00:00+00:00,710.0946111840245,0.0,0.0,0.9365142357679703,-0.4030676415200749
2022-05-20 00:00:00+00:00,710.0946111840245,0.0,0.0,0.9365142357679703,-0.4030676415200749
2022-05-21 00:00:00+00:00,710.0946111840245,0.0,0.0,0.9365142357679703,-0.4030676415200749
2022-05-22 00:00:00+00:00,710.0946111840245,0.0,0.0,0.9365142357679703,-0.4030676415200749
2022-05-23 00:00:00+00:00,710.0946111840245,0.0,0.0,0.9365142357679703,-0.4030676415200749
2022-05-24 00:00:00+00:00,710.0946111840245,0.0,0.0,0.9365142357679703,-0.4030676415200749
2022-05-25 00:00:00+00:00,710.0946111840245,0.0,0.0,0.9365142357679703,-0.4030676415200749
2022-05-26 00:00:00+00:00,710.0946111840245,0.0,0.0,0.9365142357679703,-0.4030676415200749
2022-05-27 00:00:00+00:00,810.0946111840245,100.0,0.0,0.9365142357679703,-0.4030676415200749
2022-05-28 00:00:00+00:00,810.0946111840245,0.0,0.0,0.9365142357679703,-0.4030676415200749
2022-05-29 00:00:00+00:00,810.0946111840245,0.0,0.0,0.9365142357679703,-0.4030676415200749
2022-05-30 00:00:00+00:00,810.0946111840245,0.0,0.0,0.9365142357679703,-0.4030676415200749
2022-05-31 00:00:00+00:00,810.0946111840245,0.0,0.0,0.9365142357679703,-0.4030676415200749
2022-06-01 00:00:00+00:00,810.0946111840245,0.0,0.0,0.9365142357679703,-0.4030676415200749
2022-06-02 00:00:00+00:00,810.0946111840245,0.0,0.0,0.9365142357679703,-0.4030676415200749
2022-06-03 00:00:00+00:00,810.0946111840245,0.0,0.0,0.9365142357679703,-0.4030676415200749
2022-06-04 00:00:00+00:00,810.0946111840245,0.0,0.0,0.9365142357679703,-0.4030676415200749
2022-06-05 00:00:00+00:00,810.0946111840245,0.0,0.0,0.9365142357679703,-0.4030676415200749
2022-06-06 00:00:00+00:00,810.0946111840245,0.0,0.0,0.9365142357679703,-0.4030676415200749
2022-06-07 00:00:00+00:00,810.0946111840245,0.0,0.0,0.9365142357679703,-0.4030676415200749
2022-06-08 00:00:00+00:00,810.0946111840245,0.0,0.0,0.9365142357679703,-0.4030676415200749
2022-06-09 00:00:00+00:00,810.0946111840245,0.0,0.0,0.9365142357679703,-0.4030676415200749
2022-06-10 00:00:00+00:00,810.0946111840245,0.0,0.0,0.9365142357679703,-0.4030676415200749
2022-06-11 00:00:00+00:00,810.0946111840245,0.0,0.0,0.9365142357679703,-0.4030676415200749
2022-06-12 00:00:00+00:00,810.0946111840245,0.0,0.0,0.9365142357679703,-0.4030676415200749
2022-06-13 00:00:00+00:00,810.0946111840245,0.0,0.0,0.9365142357679703,-0.4030676415200749
2022-06-14 00:00:00+00:00,810.0946111840245,0.0,0.0,0.9365142357679703,-0.4030676415200749
2022-06-15 00:00:00+00:00,810.0946111840245,0.0,0.0,0.9365142357679703,-0.4030676415200749
2022-06-16 00:00:00+00:00,810.0946111840245,0.0,0.0,0.9365142357679703,-0.4030676415200749
2022-06-17 00:00:00+00:00,810.0946111840245,0.0,0.0,0.9365142357679703,-0.4030676415200749
2022-06-18 00:00:00+00:00,810.0946111840245,0.0,0.0,0.9365142357679703,-0.4030676415200749
2022-06-19 00:00:00+00:00,810.0946111840245,0.0,0.0,0.9365142357679703,-0.4030676415200749
2022-06-20 00:00:00+00:00,810.0946111840245,0.0,0.0,0.9365142357679703,-0.4030676415200749
2022-06-21 00:00:00+00:00,810.0946111840245,0.0,0.0,0.9365142357679703,-0.4030676415200749
2022-06-22 00:00:00+00:00,810.0946111840245,0.0,0.0,0.9365142357679703,-0.4030676415200749
2022-06-23 00:00:00+00:00,810.0946111840245,0.0,0.0,0.9365142357679703,-0.4030676415200749
2022-06-24 00:00:00+00:00,810.0946111840245,0.0,0.0,0.9365142357679703,-0.4030676415200749
2022-06-25 00:00:00+00:00,810.0946111840245,0.0,0.0,0.9365142357679703,-0.4030676415200749
2022-06-26 00:00:00+00:00,810.0946111840245,0.0,0.0,0.9365142357679703,-0.4030676415200749
2022-06-27 00:00:00+00:00,910.0946111840245,100.0,0.0,0.9365142357679703,-0.4030676415200749
2022-06-28 00:00:00+00:00,910.0946111840245,0.0,0.0,0.9365142357679703,-0.4030676415200749
2022-06-29 00:00:00+00:00,910.0946111840245,0.0,0.0,0.9365142357679703,-0.4030676415200749
2022-06-30 00:00:00+00:00,910.0946111840245,0.0,0.0,0.9365142357679703,-0.4030676415200749
2022-07-01 00:00:00+00:00,910.0946111840245,0.0,0.0,0.9365142357679703,-0.4030676415200749
2022-07-02 00:00:00+00:00,910.0946111840245,0.0,0.0,0.9365142357679703,-0.4030676415200749
2022-07-03 00:00:00+00:00,910.0946111840245,0.0,0.0,0.9365142357679703,-0.4030676415200749
2022-07-04 00:00:00+00:00,910.0946111840245,0.0,0.0,0.9365142357679703,-0.4030676415200749
2022-07-05 00:00:00+00:00,910.0946111840245,0.0,0.0,0.9365142357679703,-0.4030676415200749
2022-07-06 00:00:00+00:00,910.0946111840245,0.0,0.0,0.9365142357679703,-0.4030676415200749
2022-07-07 00:00:00+00:00,910.0946111840245,0.0,0.0,0.9365142357679703,-0.4030676415200749
2022-07-08 00:00:00+00:00,910.0946111840245,0.0,0.0,0.9365142357679703,-0.4030676415200749
2022-07-09 00:00:00+00:00,910.0946111840245,0.0,0.0,0.9365142357679703,-0.4030676415200749
2022-07-10 00:00:00+00:00,910.0946111840245,0.0,0.0,0.9365142357679703,-0.4030676415200749
2022-07-11 00:00:00+00:00,910.0946111840245,0.0,0.0,0.9365142357679703,-0.4030676415200749
2022-07-12 00:00:00+00:00,910.0946111840245,0.0,0.0,0.9365142357679703,-0.4030676415200749
2022-07-13 00:00:00+00:00,910.0946111840245,0.0,0.0,0.9365142357679703,-0.4030676415200749
2022-07-14 00:00:00+00:00,910.0946111840245,0.0,0.0,0.9365142357679703,-0.4030676415200749
2022-07-15 00:00:00+00:00,910.0946111840245,0.0,0.0,0.9365142357679703,-0.4030676415200749
2022-07-16 00:00:00+00:00,910.0946111840245,0.0,0.0,0.9365142357679703,-0.4030676415200749
2022-07-17 00:00:00+00:00,910.0946111840245,0.0,0.0,0.9365142357679703,-0.4030676415200749
2022-07-18 00:00:00+00:00,910.0946111840245,0.0,0.0,0.9365142357679703,-0.4030676415200749
2022-07-19 00:00:00+00:00,910.0946111840245,0.0,0.0,0.9365142357679703,-0.4030676415200749
2022-07-20 00:00:00+00:00,910.0946111840245,0.0,0.0,0.9365142357679703,-0.4030676415200749
2022-07-21 00:00:00+00:00,910.0946111840245,0.0,0.0,0.9365142357679703,-0.4030676415200749
2022-07-22 00:00:00+00:00,910.0946111840245,0.0,0.0,0.9365142357679703,-0.4030676415200749
2022-07-23 00:00:00+00:00,910.0946111840245,0.0,0.0,0.9365142357679703,-0.4030676415200749
2022-07-24 00:00:00+00:00,910.0946111840245,0.0,0.0,0.9365142357679703,-0.4030676415200749
2022-07-25 00:00:00+00:00,910.0946111840245,0.0,0.0,0.9365142357679703,-0.4030676415200749
2022-07-26 00:00:00+00:00,910.0946111840245,0.0,0.0,0.9365142357679703,-0.4030676415200749
2022-07-27 00:00:00+00:00,1010.0946111840245,100.0,0.0,0.9365142357679703,-0.4030676415200749
2022-07-28 00:00:00+00:00,1010.0946111840245,0.0,0.0,0.9365142357679703,-0.4030676415200749
2022-07-29 00:00:00+00:00,1010.0946111840245,0.0,0.0,0.9365142357679703,-0.4030676415200749
2022-07-30 00:00:00+00:00,1010.0946111840245,0.0,0.0,0.9365142357679703,-0.4030676415200749
2022-07-31 00:00:00+00:00,1010.0946111840245,0.0,0.0,0.9365142357679703,-0.4030676415200749
2022-08-01 00:00:00+00:00,1010.0946111840245,0.0,0.0,0.9365142357679703,-0.4030676415200749
2022-08-02 00:00:00+00:00,1010.0946111840245,0.0,0.0,0.9365142357679703,-0.4030676415200749
2022-08-03 00:00:00+00:00,1010.0946111840245,0.0,0.0,0.9365142357679703,-0.4030676415200749
2022-08-04 00:00:00+00:00,1010.0946111840245,0.0,0.0,0.9365142357679703,-0.4030676415200749
2022-08-05 00:00:00+00:00,1010.0946111840245,0.0,0.0,0.9365142357679703,-0.4030676415200749
2022-08-06 00:00:00+00:00,1010.0946111840245,0.0,0.0,0.9365142357679703,-0.4030676415200749
2022-08-07 00:00:00+00:00,1010.0946111840245,0.0,0.0,0.9365142357679703,-0.4030676415200749
2022-08-08 00:00:00+00:00,1010.0946111840245,0.0,0.0,0.9365142357679703,-0.4030676415200749
2022-08-09 00:00:00+00:00,1010.0946111840245,0.0,0.0,0.9365142357679703,-0.4030676415200749
2022-08-10 00:00:00+00:00,1010.0946111840245,0.0,0.0,0.9365142357679703,-0.4030676415200749
2022-08-11 00:00:00+00:00,1010.0946111840245,0.0,0.0,0.9365142357679703,-0.4030676415200749
2022-08-12 00:00:00+00:00,1010.0946111840245,0.0,0.0,0.9365142357679703,-0.4030676415200749
2022-08-13 00:00:00+00:00,1010.0946111840245,0.0,0.0,0.9365142357679703,-0.4030676415200749
2022-08-14 00:00:00+00:00,1010.0946111840245,0.0,0.0,0.9365142357679703,-0.4030676415200749
2022-08-15 00:00:00+00:00,1010.0946111840245,0.0,0.0,0.9365142357679703,-0.4030676415200749
2022-08-16 00:00:00+00:00,1010.0946111840245,0.0,0.0,0.9365142357679703,-0.4030676415200749
2022-08-17 00:00:00+00:00,1010.0946111840245,0.0,0.0,0.9365142357679703,-0.4030676415200749
2022-08-18 00:00:00+00:00,1010.0946111840245,0.0,0.0,0.9365142357679703,-0.4030676415200749
2022-08-19 00:00:00+00:00,1010.0946111840245,0.0,0.0,0.9365142357679703,-0.4030676415200749
2022-08-20 00:00:00+00:00,1010.0946111840245,0.0,0.0,0.9365142357679703,-0.4030676415200749
2022-08-21 00:00:00+00:00,1010.0946111840245,0.0,0.0,0.9365142357679703,-0.4030676415200749
2022-08-22 00:00:00+00:00,1010.0946111840245,0.0,0.0,0.9365142357679703,-0.4030676415200749
2022-08-23 00:00:00+00:00,1010.0946111840245,0.0,0.0,0.9365142357679703,-0.4030676415200749
2022-08-24 00:00:00+00:00,1010.0946111840245,0.0,0.0,0.9365142357679703,-0.4030676415200749
2022-08-25 00:00:00+00:00,1010.0946111840245,0.0,0.0,0.9365142357679703,-0.4030676415200749
2022-08-26 00:00:00+00:00,1010.0946111840245,0.0,0.0,0.9365142357679703,-0.4030676415200749
2022-08-27 00:00:00+00:00,1110.0946111840244,100.0,-1.1102230246251565e-16,0.9365142357679702,-0.403067641520075
2022-08-28 00:00:00+00:00,1110.0946111840244,0.0,0.0,0.9365142357679702,-0.403067641520075
2022-08-29 00:00:00+00:00,1110.0946111840244,0.0,0.0,0.9365142357679702,-0.403067641520075
2022-08-30 00:00:00+00:00,1110.0946111840244,0.0,0.0,0.9365142357679702,-0.403067641520075
2022-08-31 00:00:00+00:00,1110.0946111840244,0.0,0.0,0.9365142357679702,-0.403067641520075
2022-09-01 00:00:00+00:00,1110.0946111840244,0.0,0.0,0.9365142357679702,-0.403067641520075
2022-09-02 00:00:00+00:00,1110.0946111840244,0.0,0.0,0.9365142357679702,-0.403067641520075
2022-09-03 00:00:00+00:00,1110.0946111840244,0.0,0.0,0.9365142357679702,-0.403067641520075
2022-09-04 00:00:00+00:00,1110.0946111840244,0.0,0.0,0.9365142357679702,-0.403067641520075
2022-09-05 00:00:00+00:00,1110.0946111840244,0.0,0.0,0.9365142357679702,-0.403067641520075
2022-09-06 00:00:00+00:00,1110.0946111840244,0.0,0.0,0.9365142357679702,-0.403067641520075
2022-09-07 00:00:00+00:00,1110.0946111840244,0.0,0.0,0.9365142357679702,-0.403067641520075
2022-09-08 00:00:00+00:00,1110.0946111840244,0.0,0.0,0.9365142357679702,-0.403067641520075
2022-09-09 00:00:00+00:00,1110.0946111840244,0.0,0.0,0.9365142357679702,-0.403067641520075
2022-09-10 00:00:00+00:00,1110.0946111840244,0.0,0.0,0.9365142357679702,-0.403067641520075
2022-09-11 00:00:00+00:00,1110.0946111840244,0.0,0.0,0.9365142357679702,-0.403067641520075
2022-09-12 00:00:00+00:00,1110.0946111840244,0.0,0.0,0.9365142357679702,-0.403067641520075
2022-09-13 00:00:00+00:00,1110.0946111840244,0.0,0.0,0.9365142357679702,-0.403067641520075
2022-09-14 00:00:00+00:00,1110.0946111840244,0.0,0.0,0.9365142357679702,-0.403067641520075
2022-09-15 00:00:00+00:00,1110.0946111840244,0.0,0.0,0.9365142357679702,-0.403067641520075
2022-09-16 00:00:00+00:00,1110.0946111840244,0.0,0.0,0.9365142357679702,-0.403067641520075
2022-09-17 00:00:00+00:00,1110.0946111840244,0.0,0.0,0.9365142357679702,-0.403067641520075
2022-09-18 00:00:00+00:00,1110.0946111840244,0.0,0.0,0.9365142357679702,-0.403067641520075
2022-09-19 00:00:00+00:00,1110.0946111840244,0.0,0.0,0.9365142357679702,-0.403067641520075
2022-09-20 00:00:00+00:00,1110.0946111840244,0.0,0.0,0.9365142357679702,-0.403067641520075
2022-09-21 00:00:00+00:00,1110.0946111840244,0.0,0.0,0.9365142357679702,-0.403067641520075
2022-09-22 00:00:00+00:00,1110.0946111840244,0.0,0.0,0.9365142357679702,-0.403067641520075
2022-09-23 00:00:00+00:00,1110.0946111840244,0.0,0.0,0.9365142357679702,-0.403067641520075
2022-09-24 00:00:00+00:00,1110.0946111840244,0.0,0.0,0.9365142357679702,-0.403067641520075
2022-09-25 00:00:00+00:00,1110.0946111840244,0.0,0.0,0.9365142357679702,-0.403067641520075
2022-09-26 00:00:00+00:00,1110.0946111840244,0.0,0.0,0.9365142357679702,-0.403067641520075
2022-09-27 00:00:00+00:00,1210.0946111840244,100.0,0.0,0.9365142357679702,-0.403067641520075
2022-09-28 00:00:00+00:00,1210.0946111840244,0.0,0.0,0.9365142357679702,-0.403067641520075
2022-09-29 00:00:00+00:00,1210.0946111840244,0.0,0.0,0.9365142357679702,-0.403067641520075
2022-09-30 00:00:00+00:00,1210.0946111840244,0.0,0.0,0.9365142357679702,-0.403067641520075
2022-10-01 00:00:00+00:00,1210.0946111840244,0.0,0.0,0.9365142357679702,-0.403067641520075
2022-10-02 00:00:00+00:00,1210.0946111840244,0.0,0.0,0.9365142357679702,-0.403067641520075
2022-10-03 00:00:00+00:00,1210.0946111840244,0.0,0.0,0.9365142357679702,-0.403067641520075
2022-10-04 00:00:00+00:00,1210.0946111840244,0.0,0.0,0.9365142357679702,-0.403067641520075
2022-10-05 00:00:00+00:00,1210.0946111840244,0.0,0.0,0.9365142357679702,-0.403067641520075
2022-10-06 00:00:00+00:00,1210.0946111840244,0.0,0.0,0.9365142357679702,-0.403067641520075
2022-10-07 00:00:00+00:00,1210.0946111840244,0.0,0.0,0.9365142357679702,-0.403067641520075
2022-10-08 00:00:00+00:00,1210.0946111840244,0.0,0.0,0.9365142357679702,-0.403067641520075
2022-10-09 00:00:00+00:00,1210.0946111840244,0.0,0.0,0.9365142357679702,-0.403067641520075
2022-10-10 00:00:00+00:00,1210.0946111840244,0.0,0.0,0.9365142357679702,-0.403067641520075
2022-10-11 00:00:00+00:00,1210.0946111840244,0.0,0.0,0.9365142357679702,-0.403067641520075
2022-10-12 00:00:00+00:00,1210.0946111840244,0.0,0.0,0.9365142357679702,-0.403067641520075
2022-10-13 00:00:00+00:00,1210.0946111840244,0.0,0.0,0.9365142357679702,-0.403067641520075
2022-10-14 00:00:00+00:00,1210.0946111840244,0.0,0.0,0.9365142357679702,-0.403067641520075
2022-10-15 00:00:00+00:00,1210.0946111840244,0.0,0.0,0.9365142357679702,-0.403067641520075
2022-10-16 00:00:00+00:00,1210.0946111840244,0.0,0.0,0.9365142357679702,-0.403067641520075
2022-10-17 00:00:00+00:00,1210.0946111840244,0.0,0.0,0.9365142357679702,-0.403067641520075
2022-10-18 00:00:00+00:00,1210.0946111840244,0.0,0.0,0.9365142357679702,-0.403067641520075
2022-10-19 00:00:00+00:00,1210.0946111840244,0.0,0.0,0.9365142357679702,-0.403067641520075
2022-10-20 00:00:00+00:00,1210.0946111840244,0.0,0.0,0.9365142357679702,-0.403067641520075
2022-10-21 00:00:00+00:00,1210.0946111840244,0.0,0.0,0.9365142357679702,-0.403067641520075
2022-10-22 00:00:00+00:00,1210.0946111840244,0.0,0.0,0.9365142357679702,-0.403067641520075
2022-10-23 00:00:00+00:00,1210.0946111840244,0.0,0.0,0.9365142357679702,-0.403067641520075
2022-10-24 00:00:00+00:00,1210.0946111840244,0.0,0.0,0.9365142357679702,-0.403067641520075
2022-10-25 00:00:00+00:00,1210.0946111840244,0.0,0.0,0.9365142357679702,-0.403067641520075
2022-10-26 00:00:00+00:00,1210.0946111840244,0.0,0.0,0.9365142357679702,-0.403067641520075
2022-10-27 00:00:00+00:00,1310.0946111840244,100.0,0.0,0.9365142357679702,-0.403067641520075
2022-10-28 00:00:00+00:00,1310.0946111840244,0.0,0.0,0.9365142357679702,-0.403067641520075
2022-10-29 00:00:00+00:00,1310.0946111840244,0.0,0.0,0.9365142357679702,-0.403067641520075
2022-10-30 00:00:00+00:00,1310.0946111840244,0.0,0.0,0.9365142357679702,-0.403067641520075
2022-10-31 00:00:00+00:00,1310.0946111840244,0.0,0.0,0.9365142357679702,-0.403067641520075
2022-11-01 00:00:00+00:00,1310.0946111840244,0.0,0.0,0.9365142357679702,-0.403067641520075
2022-11-02 00:00:00+00:00,1310.0946111840244,0.0,0.0,0.9365142357679702,-0.403067641520075
2022-11-03 00:00:00+00:00,1310.0946111840244,0.0,0.0,0.9365142357679702,-0.403067641520075
2022-11-04 00:00:00+00:00,1310.0946111840244,0.0,0.0,0.9365142357679702,-0.403067641520075
2022-11-05 00:00:00+00:00,1310.0946111840244,0.0,0.0,0.9365142357679702,-0.403067641520075
2022-11-06 00:00:00+00:00,1310.0946111840244,0.0,0.0,0.9365142357679702,-0.403067641520075
2022-11-07 00:00:00+00:00,1310.0946111840244,0.0,0.0,0.9365142357679702,-0.403067641520075
2022-11-08 00:00:00+00:00,1310.0946111840244,0.0,0.0,0.9365142357679702,-0.403067641520075
2022-11-09 00:00:00+00:00,1310.0946111840244,0.0,0.0,0.9365142357679702,-0.403067641520075
2022-11-10 00:00:00+00:00,1310.0946111840244,0.0,0.0,0.9365142357679702,-0.403067641520075
2022-11-11 00:00:00+00:00,1310.0946111840244,0.0,0.0,0.9365142357679702,-0.403067641520075
2022-11-12 00:00:00+00:00,1310.0946111840244,0.0,0.0,0.9365142357679702,-0.403067641520075
2022-11-13 00:00:00+00:00,1310.0946111840244,0.0,0.0,0.9365142357679702,-0.403067641520075
2022-11-14 00:00:00+00:00,1310.0946111840244,0.0,0.0,0.9365142357679702,-0.403067641520075
2022-11-15 00:00:00+00:00,1310.0946111840244,0.0,0.0,0.9365142357679702,-0.403067641520075
2022-11-16 00:00:00+00:00,1310.0946111840244,0.0,0.0,0.9365142357679702,-0.403067641520075
2022-11-17 00:00:00+00:00,1310.0946111840244,0.0,0.0,0.9365142357679702,-0.403067641520075
2022-11-18 00:00:00+00:00,1310.0946111840244,0.0,0.0,0.9365142357679702,-0.403067641520075
2022-11-19 00:00:00+00:00,1310.0946111840244,0.0,0.0,0.9365142357679702,-0.403067641520075
2022-11-20 00:00:00+00:00,1310.0946111840244,0.0,0.0,0.9365142357679702,-0.403067641520075
2022-11-21 00:00:00+00:00,1310.0946111840244,0.0,0.0,0.9365142357679702,-0.403067641520075
2022-11-22 00:00:00+00:00,1310.0946111840244,0.0,0.0,0.9365142357679702,-0.403067641520075
2022-11-23 00:00:00+00:00,1310.0946111840244,0.0,0.0,0.9365142357679702,-0.403067641520075
2022-11-24 00:00:00+00:00,1310.0946111840244,0.0,0.0,0.9365142357679702,-0.403067641520075
2022-11-25 00:00:00+00:00,1310.0946111840244,0.0,0.0,0.9365142357679702,-0.403067641520075
2022-11-26 00:00:00+00:00,1310.0946111840244,0.0,0.0,0.9365142357679702,-0.403067641520075
2022-11-27 00:00:00+00:00,1410.0946111840244,100.0,0.0,0.9365142357679702,-0.403067641520075
2022-11-28 00:00:00+00:00,1410.0946111840244,0.0,0.0,0.9365142357679702,-0.403067641520075
2022-11-29 00:00:00+00:00,1410.0946111840244,0.0,0.0,0.9365142357679702,-0.403067641520075
2022-11-30 00:00:00+00:00,1410.0946111840244,0.0,0.0,0.9365142357679702,-0.403067641520075
2022-12-01 00:00:00+00:00,1410.0946111840244,0.0,0.0,0.9365142357679702,-0.403067641520075
2022-12-02 00:00:00+00:00,1410.0946111840244,0.0,0.0,0.9365142357679702,-0.403067641520075
2022-12-03 00:00:00+00:00,1410.0946111840244,0.0,0.0,0.9365142357679702,-0.403067641520075
2022-12-04 00:00:00+00:00,1410.0946111840244,0.0,0.0,0.9365142357679702,-0.403067641520075
2022-12-05 00:00:00+00:00,1410.0946111840244,0.0,0.0,0.9365142357679702,-0.403067641520075
2022-12-06 00:00:00+00:00,1410.0946111840244,0.0,0.0,0.9365142357679702,-0.403067641520075
2022-12-07 00:00:00+00:00,1410.0946111840244,0.0,0.0,0.9365142357679702,-0.403067641520075
2022-12-08 00:00:00+00:00,1410.0946111840244,0.0,0.0,0.9365142357679702,-0.403067641520075
2022-12-09 00:00:00+00:00,1410.0946111840244,0.0,0.0,0.9365142357679702,-0.403067641520075
2022-12-10 00:00:00+00:00,1410.0946111840244,0.0,0.0,0.9365142357679702,-0.403067641520075
2022-12-11 00:00:00+00:00,1410.0946111840244,0.0,0.0,0.9365142357679702,-0.403067641520075
2022-12-12 00:00:00+00:00,1410.0946111840244,0.0,0.0,0.9365142357679702,-0.403067641520075
2022-12-13 00:00:00+00:00,1410.0946111840244,0.0,0.0,0.9365142357679702,-0.403067641520075
2022-12-14 00:00:00+00:00,1410.0946111840244,0.0,0.0,0.9365142357679702,-0.403067641520075
2022-12-15 00:00:00+00:00,1410.0946111840244,0.0,0.0,0.9365142357679702,-0.403067641520075
2022-12-16 00:00:00+00:00,1410.0946111840244,0.0,0.0,0.9365142357679702,-0.403067641520075
2022-12-17 00:00:00+00:00,1410.0946111840244,0.0,0.0,0.9365142357679702,-0.403067641520075
2022-12-18 00:00:00+00:00,1410.0946111840244,0.0,0.0,0.9365142357679702,-0.403067641520075
2022-12-19 00:00:00+00:00,1410.0946111840244,0.0,0.0,0.9365142357679702,-0.403067641520075
2022-12-20 00:00:00+00:00,1410.0946111840244,0.0,0.0,0.9365142357679702,-0.403067641520075
2022-12-21 00:00:00+00:00,1410.0946111840244,0.0,0.0,0.9365142357679702,-0.403067641520075
2022-12-22 00:00:00+00:00,1410.0946111840244,0.0,0.0,0.9365142357679702,-0.403067641520075
2022-12-23 00:00:00+00:00,1410.0946111840244,0.0,0.0,0.9365142357679702,-0.403067641520075
2022-12-24 00:00:00+00:00,1410.0946111840244,0.0,0.0,0.9365142357679702,-0.403067641520075
2022-12-25 00:00:00+00:00,1410.0946111840244,0.0,0.0,0.9365142357679702,-0.403067641520075
2022-12-26 00:00:00+00:00,1410.0946111840244,0.0,0.0,0.9365142357679702,-0.403067641520075
2022-12-27 00:00:00+00:00,1510.0946111840246,100.0,2.220446049250313e-16,0.9365142357679704,-0.4030676415200748
2022-12-28 00:00:00+00:00,1510.0946111840246,0.0,0.0,0.9365142357679704,-0.4030676415200748
2022-12-29 00:00:00+00:00,1510.0946111840246,0.0,0.0,0.9365142357679704,-0.4030676415200748
2022-12-30 00:00:00+00:00,1510.0946111840246,0.0,0.0,0.9365142357679704,-0.4030676415200748
2022-12-31 00:00:00+00:00,1510.0946111840246,0.0,0.0,0.9365142357679704,-0.4030676415200748
2023-01-01 00:00:00+00:00,1510.0946111840246,0.0,0.0,0.9365142357679704,-0.4030676415200748
2023-01-02 00:00:00+00:00,1510.0946111840246,0.0,0.0,0.9365142357679704,-0.4030676415200748
2023-01-03 00:00:00+00:00,1510.0946111840246,0.0,0.0,0.9365142357679704,-0.4030676415200748
2023-01-04 00:00:00+00:00,1510.0946111840246,0.0,0.0,0.9365142357679704,-0.4030676415200748
2023-01-05 00:00:00+00:00,1510.0946111840246,0.0,0.0,0.9365142357679704,-0.4030676415200748
2023-01-06 00:00:00+00:00,1510.0946111840246,0.0,0.0,0.9365142357679704,-0.4030676415200748
2023-01-07 00:00:00+00:00,1510.0946111840246,0.0,0.0,0.9365142357679704,-0.4030676415200748
2023-01-08 00:00:00+00:00,1510.0946111840246,0.0,0.0,0.9365142357679704,-0.4030676415200748
2023-01-09 00:00:00+00:00,1510.0946111840246,0.0,0.0,0.9365142357679704,-0.4030676415200748
2023-01-10 00:00:00+00:00,1510.0946111840246,0.0,0.0,0.9365142357679704,-0.4030676415200748
2023-01-11 00:00:00+00:00,1510.0946111840246,0.0,0.0,0.9365142357679704,-0.4030676415200748
2023-01-12 00:00:00+00:00,1510.0946111840246,0.0,0.0,0.9365142357679704,-0.4030676415200748
2023-01-13 00:00:00+00:00,1510.0946111840246,0.0,0.0,0.9365142357679704,-0.4030676415200748
2023-01-14 00:00:00+00:00,1510.0946111840246,0.0,0.0,0.9365142357679704,-0.4030676415200748
2023-01-15 00:00:00+00:00,1510.0946111840246,0.0,0.0,0.9365142357679704,-0.4030676415200748
2023-01-16 00:00:00+00:00,1510.0946111840246,0.0,0.0,0.9365142357679704,-0.4030676415200748
2023-01-17 00:00:00+00:00,1510.0946111840246,0.0,0.0,0.9365142357679704,-0.4030676415200748
2023-01-18 00:00:00+00:00,1510.0946111840246,0.0,0.0,0.9365142357679704,-0.4030676415200748
2023-01-19 00:00:00+00:00,1510.0946111840246,0.0,0.0,0.9365142357679704,-0.4030676415200748
2023-01-20 00:00:00+00:00,1510.0946111840246,0.0,0.0,0.9365142357679704,-0.4030676415200748
2023-01-21 00:00:00+00:00,1510.0946111840246,0.0,0.0,0.9365142357679704,-0.4030676415200748
2023-01-22 00:00:00+00:00,1510.0946111840246,0.0,0.0,0.9365142357679704,-0.4030676415200748
2023-01-23 00:00:00+00:00,1510.0946111840246,0.0,0.0,0.9365142357679704,-0.4030676415200748
2023-01-24 00:00:00+00:00,1510.0946111840246,0.0,0.0,0.9365142357679704,-0.4030676415200748
2023-01-25 00:00:00+00:00,1510.0946111840246,0.0,0.0,0.9365142357679704,-0.4030676415200748
2023-01-26 00:00:00+00:00,1510.0946111840246,0.0,0.0,0.9365142357679704,-0.4030676415200748
2023-01-27 00:00:00+00:00,1610.0946111840246,100.0,0.0,0.9365142357679704,-0.4030676415200748
2023-01-28 00:00:00+00:00,1610.0946111840246,0.0,0.0,0.9365142357679704,-0.4030676415200748
2023-01-29 00:00:00+00:00,1610.0946111840246,0.0,0.0,0.9365142357679704,-0.4030676415200748
2023-01-30 00:00:00+00:00,1610.0946111840246,0.0,0.0,0.9365142357679704,-0.4030676415200748
2023-01-31 00:00:00+00:00,1610.0946111840246,0.0,0.0,0.9365142357679704,-0.4030676415200748
2023-02-01 00:00:00+00:00,1610.0946111840246,0.0,0.0,0.9365142357679704,-0.4030676415200748
2023-02-02 00:00:00+00:00,1610.0946111840246,0.0,0.0,0.9365142357679704,-0.4030676415200748
2023-02-03 00:00:00+00:00,1610.0946111840246,0.0,0.0,0.9365142357679704,-0.4030676415200748
2023-02-04 00:00:00+00:00,1610.0946111840246,0.0,0.0,0.9365142357679704,-0.4030676415200748
2023-02-05 00:00:00+00:00,1610.0946111840246,0.0,0.0,0.9365142357679704,-0.4030676415200748
2023-02-06 00:00:00+00:00,1610.0946111840246,0.0,0.0,0.9365142357679704,-0.4030676415200748
2023-02-07 00:00:00+00:00,1610.0946111840246,0.0,0.0,0.9365142357679704,-0.4030676415200748
2023-02-08 00:00:00+00:00,1596.848199028594,0.0,-0.008227101726456576,0.9288094378820326,-0.40797866475710276
2023-02-09 00:00:00+00:00,1547.678105997798,0.0,-0.03079196448398014,0.9002095706583835,-0.4262081646856606
2023-02-10 00:00:00+00:00,1526.397794965654,0.0,-0.013749830116272399,0.8878318419927882,-0.434097704943337
2023-02-11 00:00:00+00:00,1546.7456601937647,0.0,0.01333064375172821,0.8996672119898347,-0.42655386304965115
2023-02-12 00:00:00+00:00,1533.7910824515202,0.0,-0.008375376815747182,0.8921321600806471,-0.4313566905301449
2023-02-13 00:00:00+00:00,1529.4899446693066,0.0,-0.0028042526987045457,0.8896303960631399,-0.43295131006532606
2023-02-14 00:00:00+00:00,1567.9520528084718,0.0,0.02514701601878211,0.9120019458837352,-0.4186917275761094
2023-02-15 00:00:00+00:00,1705.9320233703033,0.0,0.08800012112276367,0.9922582275857,-0.3675365291931425
2023-02-16 00:00:00+00:00,1656.8771808645465,0.0,-0.028755449709445213,0.9637253960235762,-0.38572330072099026
2023-02-17 00:00:00+00:00,1723.9987765548256,0.0,0.04051090597750617,1.0027667849300221,-0.3608383951123255
2023-02-18 00:00:00+00:00,1725.6965114650816,0.0,0.0009847657279946631,1.0037542752929927,-0.360208970669182
2023-02-19 00:00:00+00:00,1705.6913122386504,0.0,-0.011592536169321654,0.9921182175515474,-0.36762577131750707
2023-02-20 00:00:00+00:00,1739.2928624048823,0.0,0.019699666595669685,1.0116626156608028,-0.3551682098487682
2023-02-21 00:00:00+00:00,1705.169709015959,0.0,-0.019618980866593083,0.991814826160706,-0.3678191524019162
2023-02-22 00:00:00+00:00,1687.0371921639344,0.0,-0.010633848792967804,0.9812680172686894,-0.3745416679450845
2023-02-23 00:00:00+00:00,1679.8409630835188,0.0,-0.004265601916686346,0.9770823185334451,-0.3772096242051054
2023-02-24 00:00:00+00:00,1630.6568803664277,0.0,-0.029279011405227706,0.948474314185258,-0.3954443107210701
2023-02-25 00:00:00+00:00,1624.0943210265382,0.0,-0.0040244881795211684,0.9446571905192399,-0.39787733794643554
2023-02-26 00:00:00+00:00,1659.8727589961127,0.0,0.022029778385629806,0.9654677790767704,-0.38461270914043
2023-02-27 00:00:00+00:00,1753.510508960051,100.0,-0.0038329745467414744,0.9617671656538701,-0.38697147296268297
2023-02-28 00:00:00+00:00,1725.6892972232617,0.0,-0.015866007984913222,0.9465077601239784,-0.3966977884676367
2023-03-01 00:00:00+00:00,1773.3134455481327,0.0,0.027597174301017713,0.9726286997573858,-0.3800483521797885
2023-03-02 00:00:00+00:00,1758.5216624950258,0.0,-0.00834132459224357,0.9645156880649776,-0.38521957010575325
2023-03-03 00:00:00+00:00,1675.094915647267,0.0,-0.047441409808617996,0.9187577040406458,-0.41438562042268445
2023-03-04 00:00:00+00:00,1673.5759615808347,0.0,-0.0009067868645792343,0.9179245866228908,-0.414916647849794
2023-03-05 00:00:00+00:00,1676.388988218951,0.0,0.0016808478985674835,0.9194674782353593,-0.4139332117268454
2023-03-06 00:00:00+00:00,1676.027245479503,0.0,-0.00021578687404300023,0.9192690692224468,-0.41405967724706727
2023-03-07 00:00:00+00:00,1664.8797990848952,0.0,-0.006651112876997822,0.9131549068787156,-0.4179568324728815
2023-03-08 00:00:00+00:00,1630.126775023132,0.0,-0.02087419408948643,0.8940935341187624,-0.43010651452030213
2023-03-09 00:00:00+00:00,1529.1488218174254,0.0,-0.06194484671554068,0.8387090471984195,-0.46540847912252725
2023-03-10 00:00:00+00:00,1515.0087264842673,0.0,-0.009247036737962677,0.8309534738265141,-0.47035186655588457
2023-03-11 00:00:00+00:00,1548.2541991400062,0.0,0.02194407997430381,0.8491879833110887,-0.4587292255573461
2023-03-12 00:00:00+00:00,1663.8172256526914,0.0,0.07464086102713363,0.9125721055593236,-0.418328308904123
2023-03-13 00:00:00+00:00,1798.511409818531,0.0,0.0809549162546992,0.9864493039412531,-0.371239125863727
2023-03-14 00:00:00+00:00,1834.5791841433702,0.0,0.020054237147418608,1.006231792216397,-0.3586298061847799
2023-03-15 00:00:00+00:00,1796.0871464249703,0.0,-0.020981398923030525,0.9851196415748689,-0.37208665007855846
2023-03-16 00:00:00+00:00,1838.1959302381724,0.0,0.023444733122787387,1.0082155086656077,-0.3573653891654148
2023-03-17 00:00:00+00:00,1995.0603977783976,0.0,0.0853360977248494,1.0942526858408048,-0.3025254592138641
2023-03-18 00:00:00+00:00,1960.1592994041223,0.0,-0.017493755283368606,1.075110097136537,-0.3147269081467565
2023-03-19 00:00:00+00:00,2017.1791211647576,0.0,0.02908938155075913,1.1063843849612154,-0.29479273771136916
2023-03-20 00:00:00+00:00,1985.110552059955,0.0,-0.015897730037125135,1.0887953846918113,-0.30600393238745394
2023-03-21 00:00:00+00:00,2031.9574645538312,0.0,0.0235991453701474,1.1144900252534988,-0.2896262183015549
2023-03-22 00:00:00+00:00,1964.9510103768675,0.0,-0.03297630749946656,1.0777382594756513,-0.3130517225664017
2023-03-23 00:00:00+00:00,2045.8564123276815,0.0,0.04117425906475747,1.1221133337753026,-0.2847671362272618
2023-03-24 00:00:00+00:00,1980.6104352185923,0.0,-0.03189176753360479,1.0863271561881824,-0.3075771764510963
2023-03-25 00:00:00+00:00,1977.6767278892767,0.0,-0.0014812137092430344,1.0847180735117135,-0.3086028026299298
2023-03-26 00:00:00+00:00,2014.0344309046313,0.0,0.018384047555718652,1.1046595821597003,-0.29589212367358786
2023-03-27 00:00:00+00:00,2047.8085816783187,100.0,-0.032882183248757246,1.0683359633516294,-0.31904472788984617
2023-03-28 00:00:00+00:00,2080.3719465691556,0.0,0.015901566768584008,1.0853241790041448,-0.3082164721639673
2023-03-29 00:00:00+00:00,2140.4051824587923,0.0,0.028856972421994254,1.116643348906591,-0.28825369397921297
2023-03-30 00:00:00+00:00,2125.6604690518434,0.0,-0.0068887486947732945,1.1089510734942833,-0.29315673541582354
2023-03-31 00:00:00+00:00,2158.769460195156,0.0,0.01557586059737992,1.126223940824345,-0.2821470432624634
2023-04-01 00:00:00+00:00,2157.8470692667856,0.0,-0.00042727625407812386,1.1257427320776565,-0.2824537647847972
2023-04-02 00:00:00+00:00,2132.781319604839,0.0,-0.01161609180694323,1.1126660011508434,-0.29078884772878344
2023-04-03 00:00:00+00:00,2122.618621222467,0.0,-0.0047649978405920335,1.1073641500580593,-0.29416823733787967
2023-04-04 00:00:00+00:00,2166.868395101092,0.0,0.02084678492697889,1.1304491323301664,-0.27945391438703204
2023-04-05 00:00:00+00:00,2184.4511961173116,0.0,0.008114383437393347,1.139622030046362,-0.27360712716405555
2023-04-06 00:00:00+00:00,2161.627690794529,0.0,-0.010448164446680952,1.1277150716693771,-0.28119659935234265
2023-04-07 00:00:00+00:00,2151.7179743921993,0.0,-0.004584377062031075,1.1225452005623093,-0.28449186517438163
2023-04-08 00:00:00+00:00,2146.4648730396816,0.0,-0.002441352173024214,1.1198046723975987,-0.2862386725141546
2023-04-09 00:00:00+00:00,2169.091215433545,0.0,0.010541212520203791,1.131608771430459,-0.27871476267242357
2023-04-10 00:00:00+00:00,2253.8535447231825,0.0,0.03907734662633611,1.1758290396370494,-0.25052884943691467
2023-04-11 00:00:00+00:00,2271.003682689097,0.0,0.007609251278135165,1.184776218259776,-0.24482593512656714
2023-04-12 00:00:00+00:00,2268.854887181324,0.0,-0.0009461875928040708,1.1836551977018093,-0.24554047145715785
2023-04-13 00:00:00+00:00,2334.4950020111023,0.0,0.028930944504487632,1.2178994605389686,-0.22371324470600307
2023-04-14 00:00:00+00:00,2378.7352949059996,0.0,0.01895069077328726,1.2409794966085959,-0.20900207445502805
2023-04-15 00:00:00+00:00,2366.4312779649786,0.0,-0.005172503627187797,1.2345605256611223,-0.21309351409400734
2023-04-16 00:00:00+00:00,2379.602922928122,0.0,0.00556603738540451,1.2414321357014968,-0.2087135631746373
2023-04-17 00:00:00+00:00,2318.4054375507267,0.0,-0.02571751983818016,1.2095055801238392,-0.22906348781137642
2023-04-18 00:00:00+00:00,2376.255722803217,0.0,0.02495261800007076,1.2396859108336233,-0.2098266035204268
2023-04-19 00:00:00+00:00,2225.1694770934614,0.0,-0.0635816441218382,1.160864642428143,-0.2600671272099352
2023-04-20 00:00:00+00:00,2203.443312170334,0.0,-0.009763824799316478,1.1495301634437534,-0.2672917021431124
2023-04-21 00:00:00+00:00,2114.809908321441,0.0,-0.040224953081089976,1.1032903665539306,-0.29676485904653105
2023-04-22 00:00:00+00:00,2152.2598324134015,0.0,0.017708411495804377,1.1228278863642245,-0.284311681792217
2023-04-23 00:00:00+00:00,2136.152069538697,0.0,-0.007484116291220366,1.1144245118876495,-0.28966797639395203
2023-04-24 00:00:00+00:00,2123.2825857737694,0.0,-0.006024610302068467,1.1077105384924535,-0.2939474500212581
2023-04-25 00:00:00+00:00,2171.2701293640653,0.0,0.022600639176253656,1.132745504684655,-0.2779902110997148
2023-04-26 00:00:00+00:00,2176.5915874638495,0.0,0.0024508503238807045,1.135521694371686,-0.2762206731747434
2023-04-27 00:00:00+00:00,2348.4504593436222,100.0,0.033014403020597216,1.173010265228304,-0.252325530780958
2023-04-28 00:00:00+00:00,2332.146523444555,0.0,-0.006942422751223032,1.164866732075565,-0.25751620302657274
2023-04-29 00:00:00+00:00,2336.1735144363024,0.0,0.0017267315544993167,1.1668781442186265,-0.25623413282563423
2023-04-30 00:00:00+00:00,2318.407769524628,0.0,-0.007604634160044976,1.1580044628224917,-0.2618902001462239
2023-05-01 00:00:00+00:00,2242.7107059826803,0.0,-0.0326504528396524,1.120195092720999,-0.2859898193568349
2023-05-02 00:00:00+00:00,2290.8325088774245,0.0,0.021456981841828204,1.1442310984848185,-0.27066931587589393
2023-05-03 00:00:00+00:00,2324.9033144249647,0.0,0.014872674198357583,1.161248874820212,-0.25982221822805085
2023-05-04 00:00:00+00:00,2302.3872914094086,0.0,-0.009684713715127247,1.1500025119155648,-0.26699062814281005
2023-05-05 00:00:00+00:00,2390.2265102651,0.0,0.038151365403828574,1.1938766779629761,-0.2390253197526555
2023-05-06 00:00:00+00:00,2312.021314248244,0.0,-0.03271873844633344,1.1548145391995281,-0.26392345127995054
2023-05-07 00:00:00+00:00,2279.2504873990624,0.0,-0.014174102395693944,1.138446079672878,-0.2743566756525776
2023-05-08 00:00:00+00:00,2231.1496762454967,0.0,-0.021103784520171476,1.1144205589196274,-0.28967049600810657
2023-05-09 00:00:00+00:00,2228.672930824173,0.0,-0.0011100758715083536,1.1131834675464578,-0.2904590156513085
2023-05-10 00:00:00+00:00,2224.531934999967,0.0,-0.0018580545251539737,1.1111151119672564,-0.2917773814880599
2023-05-11 00:00:00+00:00,2171.600794850634,0.0,-0.023794281986486143,1.0846769256736615,-0.3086290301821405
2023-05-12 00:00:00+00:00,2169.346534942835,0.0,-0.0010380636777920227,1.0835509619549806,-0.30934671727378826
2023-05-13 00:00:00+00:00,2162.5231832229974,0.0,-0.0031453488919037653,1.0801428161374742,-0.3115190628113008
2023-05-14 00:00:00+00:00,2171.4356017238742,0.0,0.004121305413056442,1.0845944145724955,-0.30868162259807896
2023-05-15 00:00:00+00:00,2191.4675823416173,0.0,0.009225224363937023,1.0946000413907997,-0.30230405545963335
2023-05-16 00:00:00+00:00,2188.990865010161,0.0,-0.0011301638004656,1.0933629640480316,-0.30309256615988456
2023-05-17 00:00:00+00:00,2206.1932809637074,0.0,0.007858605638112914,1.1019552724018034,-0.2976158454710658
2023-05-18 00:00:00+00:00,2167.36153477751,0.0,-0.01760124397135099,1.0825594888067427,-0.30997868033654064
2023-05-19 00:00:00+00:00,2175.830468768589,0.0,0.003907485601818861,1.0867895744223675,-0.3072824319650076
2023-05-20 00:00:00+00:00,2190.0738815068826,0.0,0.006546196012391814,1.09390391200076,-0.3027477669834232
2023-05-21 00:00:00+00:00,2165.8293548092724,0.0,-0.011070186673761251,1.081794191491754,-0.31046647936161365
2023-05-22 00:00:00+00:00,2176.701534519205,0.0,0.005019869033444646,1.0872246566541837,-0.3070051113938389
2023-05-23 00:00:00+00:00,2212.247458625769,0.0,0.01633017827334582,1.1049792291205236,-0.295688381320383
2023-05-24 00:00:00+00:00,2142.9516501540365,0.0,-0.031323714804843084,1.070367174882277,-0.31775003759764064
2023-05-25 00:00:00+00:00,2152.747744978005,0.0,0.004571309307545235,1.0752601543113072,-0.31463126199443836
2023-05-26 00:00:00+00:00,2174.6417792565944,0.0,0.01017027393463299,1.0861958446316489,-0.30766087418268817
2023-05-27 00:00:00+00:00,2283.127554411021,100.0,0.003902148498833302,1.0904343421162173,-0.30495926410219654
2023-05-28 00:00:00+00:00,2384.200278673399,0.0,0.04426941633948789,1.1387072339982356,-0.2741902163918327
2023-05-29 00:00:00+00:00,2359.416706269963,0.0,-0.01039492052120139,1.1268704628039068,-0.28173495140595006
2023-05-30 00:00:00+00:00,2361.2344155792894,0.0,0.0007704062213749197,1.1277386108191345,-0.2811815955439171
2023-05-31 00:00:00+00:00,2323.0720417955017,0.0,-0.01616204368867169,1.1095120501216738,-0.29279917000095756
2023-06-01 00:00:00+00:00,2297.1024684411145,0.0,-0.011178978906876802,1.097108838316438,-0.3007049531624425
2023-06-02 00:00:00+00:00,2341.133124444215,0.0,0.01916791114372063,1.118138123044278,-0.28730092784141636
2023-06-03 00:00:00+00:00,2324.9998837491885,0.0,-0.00689121029751627,1.1104327980967097,-0.2922122870265058
2023-06-04 00:00:00+00:00,2326.3358942449413,0.0,0.0005746281989478241,1.1110708840955326,-0.2918055722477625
2023-06-05 00:00:00+00:00,2215.8631450178814,0.0,-0.04748787546130184,1.0583084883229255,-0.3254362210352486
2023-06-06 00:00:00+00:00,2329.548891859926,0.0,0.05130540083111801,1.1126054295193077,-0.29082745596930837
2023-06-07 00:00:00+00:00,2257.883842165288,0.0,-0.03076348813500107,1.0783778055893527,-0.31264407711326514
2023-06-08 00:00:00+00:00,2272.744225180423,0.0,0.006581553372065452,1.0854752066720899,-0.30812020742118074
2023-06-09 00:00:00+00:00,2269.0627961438386,0.0,-0.0016198166937558822,1.0837169358116643,-0.3092409258592723
2023-06-10 00:00:00+00:00,2192.3659498197994,0.0,-0.033801112271719225,1.0470860979935306,-0.3325893508770119
2023-06-11 00:00:00+00:00,2197.293530645954,0.0,0.0022476087199583272,1.049439537837928,-0.3310892728822501
2023-06-12 00:00:00+00:00,2191.191604544806,0.0,-0.0027770190991979193,1.0465252241978986,-0.3329468507471144
2023-06-13 00:00:00+00:00,2191.462457045893,0.0,0.00012360968366498248,1.0466545848498092,-0.3328643965183474
2023-06-14 00:00:00+00:00,2105.9491591052956,0.0,-0.039021110156671424,1.0058129609983997,-0.3588967683912425
2023-06-15 00:00:00+00:00,2137.949568478923,0.0,0.015195243073780063,1.0210965334275288,-0.34915504895156146
2023-06-16 00:00:00+00:00,2201.4627549809165,0.0,0.029707523244891565,1.0514307824296054,-0.3298200574394696
2023-06-17 00:00:00+00:00,2215.1518611944675,0.0,0.006218186604601383,1.0579687752365747,-0.3256527534979672
2023-06-18 00:00:00+00:00,2202.70984286604,0.0,-0.005616778942513778,1.052026398497989,-0.32944041291206194
2023-06-19 00:00:00+00:00,2236.5500574843454,0.0,0.015362992419498234,1.0681886720832257,-0.31913861105880803
2023-06-20 00:00:00+00:00,2338.7150216435334,0.0,0.04567971274208915,1.116983223778341,-0.28803705839479454
2023-06-21 00:00:00+00:00,2473.2302588776347,0.0,0.05751672862629098,1.1812284447405195,-0.2470872790905121
2023-06-22 00:00:00+00:00,2459.1618033018035,0.0,-0.0056882918706547825,1.1745092725809159,-0.2513700664001741
2023-06-23 00:00:00+00:00,2510.530762114225,0.0,0.020888808025340433,1.199043371299841,-0.23573207943518393
2023-06-24 00:00:00+00:00,2493.5126074717527,0.0,-0.006778707872968082,1.1909154065587806,-0.24091282840537354
2023-06-25 00:00:00+00:00,2502.035157059482,0.0,0.0034178891104026388,1.1949858233582686,-0.23831835262773393
2023-06-26 00:00:00+00:00,2472.2937215227466,0.0,-0.01188689753332206,1.1807811493222364,-0.24737238432305997
2023-06-27 00:00:00+00:00,2610.565908731424,100.0,0.01548043700289159,1.1990601575185214,-0.23572137993193654
2023-06-28 00:00:00+00:00,2545.9789694663,0.0,-0.024740589405961133,1.1693947024883085,-0.25463008346279503
2023-06-29 00:00:00+00:00,2578.061201695898,0.0,0.012601137956894881,1.1841304064604257,-0.24523757431559057
2023-06-30 00:00:00+00:00,2621.748926680206,0.0,0.0169459611570002,1.204196634333127,-0.2324473995671792
2023-07-01 00:00:00+00:00,2622.991655326459,0.0,0.00047400749690651445,1.2047674325655504,-0.23208357388030398
2023-07-02 00:00:00+00:00,2631.370691173093,0.0,0.0031944576833169425,1.2086160111471194,-0.22963049735274077
2023-07-03 00:00:00+00:00,2669.390236947889,0.0,0.014448570816089301,1.2260787851736379,-0.21849975903918628
2023-07-04 00:00:00+00:00,2638.6544047611906,0.0,-0.01151417719345571,1.2119614967880117,-0.2274980912903375
2023-07-05 00:00:00+00:00,2611.355680233024,0.0,-0.010345699110466566,1.1994229078087721,-0.23549016360010877
2023-07-06 00:00:00+00:00,2545.706683743775,0.0,-0.025139814153310125,1.1692696388152368,-0.25470979880557953
2023-07-07 00:00:00+00:00,2582.407344273358,0.0,0.014416688601221805,1.1861266350888993,-0.24396518205741757
2023-07-08 00:00:00+00:00,2576.2765970721016,0.0,-0.0023740434346469774,1.1833107189382066,-0.24576004155331865
2023-07-09 00:00:00+00:00,2568.424643999977,0.0,-0.0030477911731404683,1.1797042349739442,-0.24805880744110242
2023-07-10 00:00:00+00:00,2590.8784870513327,0.0,0.008742262734400041,1.1900175193449707,-0.24148513997493448
2023-07-11 00:00:00+00:00,2600.98301076706,0.0,0.0039000376768836276,1.1946586325065676,-0.2385269034423606
2023-07-12 00:00:00+00:00,2584.7554064636224,0.0,-0.006239027412428877,1.1872051245498643,-0.24327775496561088
2023-07-13 00:00:00+00:00,2710.5921229382548,0.0,0.048684187354809616,1.24500324126204,-0.2064373474128045
2023-07-14 00:00:00+00:00,2615.3362427674474,0.0,-0.0351420928898557,1.201251221709438,-0.23432479986394394
2023-07-15 00:00:00+00:00,2610.8148338194205,0.0,-0.0017288059845194104,1.1991744914084355,-0.2356485037321373
2023-07-16 00:00:00+00:00,2602.9386592509045,0.0,-0.003016749585796452,1.1955568822581815,-0.23795436079190624
2023-07-17 00:00:00+00:00,2592.290130102363,0.0,-0.00409096430709055,1.1906659017257668,-0.2410718623022805
2023-07-18 00:00:00+00:00,2570.2172936571224,0.0,-0.008514801714871734,1.180527617663913,-0.2475339849106134
2023-07-19 00:00:00+00:00,2568.4349671568893,0.0,-0.0006934536253535573,1.1797089765076139,-0.24805578519673255
2023-07-20 00:00:00+00:00,2564.162421289803,0.0,-0.0016634822067601585,1.1777465516160381,-0.24930663101853412
2023-07-21 00:00:00+00:00,2569.642680267815,0.0,0.0021372511087871526,1.1802636917393499,-0.24770221078331922
2023-07-22 00:00:00+00:00,2550.856346350596,0.0,-0.007310874022088187,1.1716349325761988,-0.2532021651473778
2023-07-23 00:00:00+00:00,2577.765830122299,0.0,0.010549196080838152,1.1839947392151047,-0.24532404835477217
2023-07-24 00:00:00+00:00,2509.470318884059,0.0,-0.026494071121658025,1.1526258983866708,-0.26531848669146574
2023-07-25 00:00:00+00:00,2516.224724424201,0.0,0.002691566219896968,1.1557282673189468,-0.26334104274786163
2023-07-26 00:00:00+00:00,2530.1950231784504,0.0,0.005552087068632527,1.1621449712867815,-0.2592510480773097
2023-07-27 00:00:00+00:00,2617.1321386269055,100.0,-0.005162797504492445,1.1561450521291636,-0.2630753849177516
2023-07-28 00:00:00+00:00,2629.138833308366,0.0,0.004587729638962701,1.1614491330517567,-0.2596945740194575
2023-07-29 00:00:00+00:00,2634.6603854583323,0.0,0.0021001371551834236,1.1638883355299343,-0.25813983108817184
2023-07-30 00:00:00+00:00,2620.626164107067,0.0,-0.00532676675473065,1.1576885738380147,-0.2620915471725902
2023-07-31 00:00:00+00:00,2614.8825640766827,0.0,-0.00219168995145147,1.1551512794238237,-0.2637088137137432
2023-08-01 00:00:00+00:00,2650.382188723755,0.0,0.013575991952666344,1.1708336038973937,-0.25371293049390187
2023-08-02 00:00:00+00:00,2603.570576618041,0.0,-0.017662212002811373,1.1501540925653422,-0.2668940109304755
2023-08-03 00:00:00+00:00,2601.785764114186,0.0,-0.0006855249171594524,1.1493656332763158,-0.26739657335290135
2023-08-04 00:00:00+00:00,2594.379083597238,0.0,-0.0028467680233731363,1.1460936559443409,-0.2694821253616939
2023-08-05 00:00:00+00:00,2595.4392990661654,0.0,0.0004086586557956462,1.146562017037195,-0.2691835929090094
2023-08-06 00:00:00+00:00,2592.994484873611,0.0,-0.0009419654674390765,1.1454819952108688,-0.26987199672752704
2023-08-07 00:00:00+00:00,2599.1282522810907,0.0,0.0023655150225969646,1.1481916500786544,-0.26814486796736725
2023-08-08 00:00:00+00:00,2644.6780186287397,0.0,0.01752501682349572,1.1683137280628801,-0.25531909446613366
2023-08-09 00:00:00+00:00,2633.7635217473903,0.0,-0.0041269662334957324,1.1634921367570352,-0.258392367418001
2023-08-10 00:00:00+00:00,2625.2411815937458,0.0,-0.0032358030944215077,1.1597273053005817,-0.26079206369035646
2023-08-11 00:00:00+00:00,2621.642608132219,0.0,-0.0013707591846255918,1.1581375984451798,-0.2618053397584009
2023-08-12 00:00:00+00:00,2622.4590650685996,0.0,0.00031142953423479725,1.1584982766980434,-0.2615754441391873
2023-08-13 00:00:00+00:00,2610.5229443469443,0.0,-0.004551499346794552,1.1532253725483896,-0.26493638302284483
2023-08-14 00:00:00+00:00,2620.1116153776675,0.0,0.003673084372419533,1.1574612666421749,-0.26223643233859184
2023-08-15 00:00:00+00:00,2598.4529713717648,0.0,-0.008266305862233536,1.1478933377884224,-0.26833501164289375
2023-08-16 00:00:00+00:00,2561.1167868375205,0.0,-0.014368620462095083,1.131399694086773,-0.2788480281660002
2023-08-17 00:00:00+00:00,2376.66327014098,0.0,-0.07202073628368377,1.049915455087509,-0.33078592414991537
2023-08-18 00:00:00+00:00,2334.4960970859365,0.0,-0.017742173906083902,1.031287672496661,-0.34265923666404674
2023-08-19 00:00:00+00:00,2341.394136415317,0.0,0.0029548300971635744,1.034334952350188,-0.3407169063924492
2023-08-20 00:00:00+00:00,2354.7593711210484,0.0,0.005708237881808964,1.0402391823076724,-0.3369535616626824
2023-08-21 00:00:00+00:00,2341.73621467493,0.0,-0.005530567838835321,1.0344860689413053,-0.340620584970205
2023-08-22 00:00:00+00:00,2320.2592892303837,0.0,-0.009171368367605681,1.0249984161318884,-0.34666799647945956
2023-08-23 00:00:00+00:00,2365.122398952187,0.0,0.01933538632084697,1.0448171564860547,-0.334035569795617
2023-08-24 00:00:00+00:00,2341.222637017539,0.0,-0.010105084601640946,1.034259190726517,-0.3407651967045159
2023-08-25 00:00:00+00:00,2330.626188672303,0.0,-0.004526031902175043,1.029578100634171,-0.34374891445525535
2023-08-26 00:00:00+00:00,2324.6261540469077,0.0,-0.0025744302773897942,1.026927523598961,-0.34543838711945174
2023-08-27 00:00:00+00:00,2435.6933723258608,100.0,0.004760859400848805,1.0318165811536775,-0.3423221113113346
2023-08-28 00:00:00+00:00,2433.7827214688114,0.0,-0.0007844381722091898,1.031007184840702,-0.34283801895224
2023-08-29 00:00:00+00:00,2568.6096727551426,0.0,0.05539810521991129,1.0881230293489919,-0.30643249037963083
2023-08-30 00:00:00+00:00,2531.032807398442,0.0,-0.01462926257549868,1.0722045918381984,-0.31657887159170195
2023-08-31 00:00:00+00:00,2419.3506758105796,0.0,-0.04412512206930119,1.0248934333400725,-0.3467349123074577
2023-09-01 00:00:00+00:00,2402.1666709051624,0.0,-0.007102734248998321,1.0176138876495144,-0.3513748806194864
2023-09-02 00:00:00+00:00,2404.502337671006,0.0,0.0009723166981430165,1.0186033306247384,-0.35074421158507774
2023-09-03 00:00:00+00:00,2410.350772165587,0.0,0.0024322848029525446,1.0210808640260538,-0.34916503659768705
2023-09-04 00:00:00+00:00,2402.0013699603924,0.0,-0.0034639780656045005,1.0175438623098592,-0.3514195146352411
2023-09-05 00:00:00+00:00,2400.0507416609216,0.0,-0.0008120845907356733,1.0167175306188796,-0.3519462168532578
2023-09-06 00:00:00+00:00,2398.201900274483,0.0,-0.0007703342909989308,1.015934318240784,-0.3524454349048274
2023-09-07 00:00:00+00:00,2426.670607221805,0.0,0.011870854970160716,1.0279943271918295,-0.3447584085773171
2023-09-08 00:00:00+00:00,2406.8595385553017,0.0,-0.008163888666037011,1.0196018959553177,-0.35010772797904877
2023-09-09 00:00:00+00:00,2406.348303720918,0.0,-0.0002124074239456819,1.0193853249431477,-0.350245769922391
2023-09-10 00:00:00+00:00,2402.8978998893062,0.0,-0.0014338754810666599,1.0179236533199525,-0.3511774365816186
2023-09-11 00:00:00+00:00,2363.8456542558215,0.0,-0.016252145226513304,1.0013802102766935,-0.3617221951085329
2023-09-12 00:00:00+00:00,2402.811064726211,0.0,0.016483906383750968,1.0178868679174353,-0.351200883525876
2023-09-13 00:00:00+00:00,2400.582838214814,0.0,-0.0009273415392945239,1.016942939142513,-0.3518025418972399
2023-09-14 00:00:00+00:00,2400.582838214814,0.0,0.0,1.016942939142513,-0.3518025418972399
2023-09-15 00:00:00+00:00,2400.582838214814,0.0,0.0,1.016942939142513,-0.3518025418972399
2023-09-16 00:00:00+00:00,2400.582838214814,0.0,0.0,1.016942939142513,-0.3518025418972399
2023-09-17 00:00:00+00:00,2400.582838214814,0.0,0.0,1.016942939142513,-0.3518025418972399
2023-09-18 00:00:00+00:00,2400.582838214814,0.0,0.0,1.016942939142513,-0.3518025418972399
2023-09-19 00:00:00+00:00,2400.582838214814,0.0,0.0,1.016942939142513,-0.3518025418972399
2023-09-20 00:00:00+00:00,2400.582838214814,0.0,0.0,1.016942939142513,-0.3518025418972399
2023-09-21 00:00:00+00:00,2400.582838214814,0.0,0.0,1.016942939142513,-0.3518025418972399
2023-09-22 00:00:00+00:00,2400.582838214814,0.0,0.0,1.016942939142513,-0.3518025418972399
2023-09-23 00:00:00+00:00,2400.582838214814,0.0,0.0,1.016942939142513,-0.3518025418972399
2023-09-24 00:00:00+00:00,2400.582838214814,0.0,0.0,1.016942939142513,-0.3518025418972399
2023-09-25 00:00:00+00:00,2400.582838214814,0.0,0.0,1.016942939142513,-0.3518025418972399
2023-09-26 00:00:00+00:00,2400.582838214814,0.0,0.0,1.016942939142513,-0.3518025418972399
2023-09-27 00:00:00+00:00,2500.582838214814,100.0,0.0,1.016942939142513,-0.3518025418972399
2023-09-28 00:00:00+00:00,2500.582838214814,0.0,0.0,1.016942939142513,-0.3518025418972399
2023-09-29 00:00:00+00:00,2500.582838214814,0.0,0.0,1.016942939142513,-0.3518025418972399
2023-09-30 00:00:00+00:00,2500.582838214814,0.0,0.0,1.016942939142513,-0.3518025418972399
2023-10-01 00:00:00+00:00,2500.582838214814,0.0,0.0,1.016942939142513,-0.3518025418972399
2023-10-02 00:00:00+00:00,2500.582838214814,0.0,0.0,1.016942939142513,-0.3518025418972399
2023-10-03 00:00:00+00:00,2500.582838214814,0.0,0.0,1.016942939142513,-0.3518025418972399
2023-10-04 00:00:00+00:00,2500.582838214814,0.0,0.0,1.016942939142513,-0.3518025418972399
2023-10-05 00:00:00+00:00,2500.582838214814,0.0,0.0,1.016942939142513,-0.3518025418972399
2023-10-06 00:00:00+00:00,2500.582838214814,0.0,0.0,1.016942939142513,-0.3518025418972399
2023-10-07 00:00:00+00:00,2500.582838214814,0.0,0.0,1.016942939142513,-0.3518025418972399
2023-10-08 00:00:00+00:00,2500.582838214814,0.0,0.0,1.016942939142513,-0.3518025418972399
2023-10-09 00:00:00+00:00,2500.582838214814,0.0,0.0,1.016942939142513,-0.3518025418972399
2023-10-10 00:00:00+00:00,2500.582838214814,0.0,0.0,1.016942939142513,-0.3518025418972399
2023-10-11 00:00:00+00:00,2500.582838214814,0.0,0.0,1.016942939142513,-0.3518025418972399
2023-10-12 00:00:00+00:00,2500.582838214814,0.0,0.0,1.016942939142513,-0.3518025418972399
2023-10-13 00:00:00+00:00,2500.582838214814,0.0,0.0,1.016942939142513,-0.3518025418972399
2023-10-14 00:00:00+00:00,2500.582838214814,0.0,0.0,1.016942939142513,-0.3518025418972399
2023-10-15 00:00:00+00:00,2500.582838214814,0.0,0.0,1.016942939142513,-0.3518025418972399
2023-10-16 00:00:00+00:00,2500.582838214814,0.0,0.0,1.016942939142513,-0.3518025418972399
2023-10-17 00:00:00+00:00,2500.582838214814,0.0,0.0,1.016942939142513,-0.3518025418972399
2023-10-18 00:00:00+00:00,2500.582838214814,0.0,0.0,1.016942939142513,-0.3518025418972399
2023-10-19 00:00:00+00:00,2500.582838214814,0.0,0.0,1.016942939142513,-0.3518025418972399
2023-10-20 00:00:00+00:00,2500.582838214814,0.0,0.0,1.016942939142513,-0.3518025418972399
2023-10-21 00:00:00+00:00,2500.582838214814,0.0,0.0,1.016942939142513,-0.3518025418972399
2023-10-22 00:00:00+00:00,2500.582838214814,0.0,0.0,1.016942939142513,-0.3518025418972399
2023-10-23 00:00:00+00:00,2500.582838214814,0.0,0.0,1.016942939142513,-0.3518025418972399
2023-10-24 00:00:00+00:00,2500.582838214814,0.0,0.0,1.016942939142513,-0.3518025418972399
2023-10-25 00:00:00+00:00,2500.582838214814,0.0,0.0,1.016942939142513,-0.3518025418972399
2023-10-26 00:00:00+00:00,2500.582838214814,0.0,0.0,1.016942939142513,-0.3518025418972399
2023-10-27 00:00:00+00:00,2600.582838214814,100.0,0.0,1.016942939142513,-0.3518025418972399
2023-10-28 00:00:00+00:00,2600.582838214814,0.0,0.0,1.016942939142513,-0.3518025418972399
2023-10-29 00:00:00+00:00,2600.582838214814,0.0,0.0,1.016942939142513,-0.3518025418972399
2023-10-30 00:00:00+00:00,2600.582838214814,0.0,0.0,1.016942939142513,-0.3518025418972399
2023-10-31 00:00:00+00:00,2605.8456434872187,0.0,0.0020237022236206936,1.0190009288297512,-0.3504907832599321
2023-11-01 00:00:00+00:00,2642.1536812057802,0.0,0.013933303305706524,1.0331989778399329,-0.34144097434324083
2023-11-02 00:00:00+00:00,2619.865155735788,0.0,-0.008435741504567051,1.0244831783400923,-0.34699640804918075
2023-11-03 00:00:00+00:00,2609.4227511615354,0.0,-0.003985855741998945,1.0203997361811241,-0.34959918616570385
2023-11-04 00:00:00+00:00,2625.461441057196,0.0,0.006146451313234547,1.0266715734795988,-0.34560152922938325
2023-11-05 00:00:00+00:00,2623.130120005723,0.0,-0.0008879662123449927,1.0257599238111739,-0.34618261296083774
2023-11-06 00:00:00+00:00,2624.719171473563,0.0,0.0006057844617470831,1.0263813132345017,-0.34578654054694924
2023-11-07 00:00:00+00:00,2641.117383683199,0.0,0.006247606367895564,1.0327937396629545,-0.3416992723717074
2023-11-08 00:00:00+00:00,2651.59648368743,0.0,0.003967676737494097,1.0368915313584448,-0.3390873478884212
2023-11-09 00:00:00+00:00,2701.593774784746,0.0,0.018855542841792916,1.0564426840502663,-0.3266254810618483
2023-11-10 00:00:00+00:00,2729.488804556648,0.0,0.0103253975606028,1.0673508747630756,-0.3196726214466322
2023-11-11 00:00:00+00:00,2721.516606268855,0.0,-0.002920766069633318,1.0642333925436742,-0.3216596985701534
2023-11-12 00:00:00+00:00,2718.456950607158,0.0,-0.0011242465523264578,1.0630369318212363,-0.32242232031534
2023-11-13 00:00:00+00:00,2690.531263893755,0.0,-0.010272624220577065,1.0521167528880415,-0.3293828211989911
2023-11-14 00:00:00+00:00,2648.1810217046677,0.0,-0.015740475777931473,1.0355559346236514,-0.3399386546581731
2023-11-15 00:00:00+00:00,2755.3414317257752,0.0,0.04046566648685035,1.0774603957026105,-0.31322883239670907
2023-11-16 00:00:00+00:00,2676.6232314324648,0.0,-0.02856930882936215,1.0466780969063758,-0.3328494099790692
2023-11-17 00:00:00+00:00,2697.5447360109483,0.0,0.007816380106395071,1.0548593307608343,-0.3276347073792598
2023-11-18 00:00:00+00:00,2695.416401072145,0.0,-0.0007889896728646706,1.054027057642539,-0.3281651966515302
2023-11-19 00:00:00+00:00,2732.1935828955066,0.0,0.013644341486062306,1.0684085627525632,-0.31899845317242226
2023-11-20 00:00:00+00:00,2736.323909014195,0.0,0.0015117252835032957,1.0700237029899877,-0.3179689659159781
2023-11-21 00:00:00+00:00,2657.0278718234886,0.0,-0.028979038968845683,1.0390154444034523,-0.33773356983066116
2023-11-22 00:00:00+00:00,2799.994041074917,0.0,0.05380680073683686,1.094921541382965,-0.3020991319878432
2023-11-23 00:00:00+00:00,2794.175898964093,0.0,-0.002077912318909858,1.0926463904238854,-0.30354930879886355
2023-11-24 00:00:00+00:00,2823.249917655309,0.0,0.010405221339857329,1.104015617962442,-0.29630258520461916
2023-11-25 00:00:00+00:00,2827.5252678425086,0.0,0.0015143364250056468,1.1056874690264977,-0.2952369505772122
2023-11-26 00:00:00+00:00,2801.35664197761,0.0,-0.009254957387124008,1.0954543786171804,-0.3017595025676397
2023-11-27 00:00:00+00:00,2872.760354757206,100.0,-0.010208013785854897,1.0842719652184811,-0.3088871511912714
2023-11-28 00:00:00+00:00,2911.4727731109706,0.0,0.013475686647393958,1.0988832744623194,-0.2995739310027373
2023-11-29 00:00:00+00:00,2902.8638332788414,0.0,-0.0029569020571434956,1.0956339842475011,-0.30164502228703227
2023-11-30 00:00:00+00:00,2908.953329578004,0.0,0.0020977547170319966,1.097932355606097,-0.300180044838372
2023-12-01 00:00:00+00:00,2973.8613896369525,0.0,0.022313200902526864,1.1224307408341203,-0.28456482158325336
2023-12-02 00:00:00+00:00,3052.1623242828955,0.0,0.026329718970359295,1.151984026803975,-0.2657276143940315
2023-12-03 00:00:00+00:00,3092.3120809074226,0.0,0.013154528612419059,1.1671378336456175,-0.25606860728826863
2023-12-04 00:00:00+00:00,3216.2553739110526,0.0,0.040081107521094506,1.2139180106479048,-0.22625101314867213
2023-12-05 00:00:00+00:00,3342.998290611714,0.0,0.03940698171194601,1.2617548554933087,-0.19575990097418505
2023-12-06 00:00:00+00:00,3295.6790498704277,0.0,-0.014154730761955503,1.243895055226211,-0.20714370304386387
2023-12-07 00:00:00+00:00,3337.8890603060227,0.0,0.01280768236131924,1.2598264679843638,-0.19698905143427792
2023-12-08 00:00:00+00:00,3382.6280394614723,0.0,0.013403375111378901,1.2767123947100019,-0.1862259944721073
2023-12-09 00:00:00+00:00,3350.910591978345,0.0,-0.009376569671011414,1.2647412119911596,-0.19385640313139774
2023-12-10 00:00:00+00:00,3360.916010149597,0.0,0.0029858803738909145,1.2685175779540951,-0.1914493547869699
2023-12-11 00:00:00+00:00,3171.0584132932645,0.0,-0.056489836783479075,1.1968592270184941,-0.23712424876623062
2023-12-12 00:00:00+00:00,3170.969267056198,0.0,-2.8112455037976325e-05,1.1968255803672878,-0.23714569507648675
2023-12-13 00:00:00+00:00,3267.410299634502,0.0,0.03041373928793578,1.233225521541711,-0.21394444313186356
2023-12-14 00:00:00+00:00,3304.2439835955956,0.0,0.011273051310762616,1.2471277361237927,-0.20508319850617884
2023-12-15 00:00:00+00:00,3201.5954067305456,0.0,-0.031065677163872873,1.2083848684912593,-0.22977782723352436
2023-12-16 00:00:00+00:00,3222.3432807647578,0.0,0.006480479697901442,1.2162157820987682,-0.22478641808003763
2023-12-17 00:00:00+00:00,3161.603968459459,0.0,-0.018849423234287954,1.193290816077768,-0.23939874698261543
2023-12-18 00:00:00+00:00,3235.4994254211733,0.0,0.023372774610262548,1.2211813333664499,-0.22162138532755682
2023-12-19 00:00:00+00:00,3194.9701404660755,0.0,-0.01252643861923175,1.2058842803510834,-0.23137169726677387
2023-12-20 00:00:00+00:00,3274.862261588545,0.0,0.025005592418718248,1.236038131169682,-0.21215169120713562
2023-12-21 00:00:00+00:00,3304.1331530142024,0.0,0.008938052683613806,1.2470859051050323,-0.20510986151644894
2023-12-22 00:00:00+00:00,3354.662617008175,0.0,0.01529280499724317,1.266157346666614,-0.19295376163438827
2023-12-23 00:00:00+00:00,3333.108922620007,0.0,-0.006424996146822792,1.2580222905930096,-0.1981390306061952
2023-12-24 00:00:00+00:00,3275.373312127717,0.0,-0.017321849310254933,1.2362310180464158,-0.21202874548580963
2023-12-25 00:00:00+00:00,3307.3649036186143,0.0,0.009767311522153044,1.2483056715130236,-0.20433238477246773
2023-12-26 00:00:00+00:00,3234.4637920328505,0.0,-0.022042052724814853,1.220790452084848,-0.22187053229874076
2023-12-27 00:00:00+00:00,3461.2432208533523,100.0,0.03919642851862659,1.2686410777762136,-0.19137063623975148
2023-12-28 00:00:00+00:00,3399.5718869392235,0.0,-0.01781768283216001,1.2460368334245473,-0.20577853777200295
2023-12-29 00:00:00+00:00,3350.1793577929757,0.0,-0.014529043888146131,1.2279331095854755,-0.217317816253621
2023-12-30 00:00:00+00:00,3349.6537577341387,0.0,-0.00015688714027040085,1.2277404626714694,-0.21744060902316953
2023-12-31 00:00:00+00:00,3351.324306345151,0.0,0.0004987227731090282,1.228352764799671,-0.2170503288335791
2024-01-01 00:00:00+00:00,3483.8441688788216,0.0,0.03954253614989378,1.276924948406584,-0.18609051315793335
2024-01-02 00:00:00+00:00,3523.6193250015567,0.0,0.011417030783996251,1.2915036398513948,-0.1767980834912709
2024-01-03 00:00:00+00:00,3339.262815855983,0.0,-0.05232021173158152,1.2239318959622616,-0.21986818206085135
2024-01-04 00:00:00+00:00,3435.5399235684436,0.0,0.028831844937542428,1.259220110600758,-0.19737554245518674
2024-01-05 00:00:00+00:00,3436.1658136554634,0.0,0.00018218099656652775,1.2594495165754038,-0.19722931953164247
2024-01-06 00:00:00+00:00,3411.9607371695784,0.0,-0.007044210843869414,1.2505776886334372,-0.2028842054641382
2024-01-07 00:00:00+00:00,3399.3266784842126,0.0,-0.003702873408750418,1.2459469577646198,-0.20583582434342007
2024-01-08 00:00:00+00:00,3608.9923880957026,0.0,0.061678599746989304,1.3227952214785628,-0.15685289001970015
2024-01-09 00:00:00+00:00,3575.0430698730975,0.0,-0.009406868890770581,1.310351860260776,-0.16478426433891702
2024-01-10 00:00:00+00:00,3734.5226022070965,0.0,0.04460912196497269,1.3688055062121778,-0.12752602371974742
2024-01-11 00:00:00+00:00,3737.5213962931794,0.0,0.0008029926192736347,1.3699046469308873,-0.12682543355628595
2024-01-12 00:00:00+00:00,3508.906359873185,0.0,-0.061167552551466775,1.2861109324492437,-0.1802353847358361
2024-01-13 00:00:00+00:00,3542.8631970276865,0.0,0.00967732782579267,1.2985570495628909,-0.17230225381394004
2024-01-14 00:00:00+00:00,3429.5284341637807,0.0,-0.03198959614330832,1.257016733978328,-0.19877997044315854
2024-01-15 00:00:00+00:00,3489.530263219037,0.0,0.01749564997261399,1.2790090587657312,-0.1847621052549847
2024-01-16 00:00:00+00:00,3562.289991308541,0.0,0.020850866048195416,1.305677505324484,-0.16776368911424355
2024-01-17 00:00:00+00:00,3512.8026667637687,0.0,-0.013891997750187124,1.2875390363580463,-0.17932511407269247
2024-01-18 00:00:00+00:00,3408.3674105805003,0.0,-0.029729895496658054,1.249260635359254,-0.20372369266804302
2024-01-19 00:00:00+00:00,3436.465405078935,0.0,0.008243827942730153,1.2595593250927815,-0.1971593277955258
2024-01-20 00:00:00+00:00,3427.25769412883,0.0,-0.0026794132530758574,1.2561844451440927,-0.1993104697327387
2024-01-21 00:00:00+00:00,3413.274081979717,0.0,-0.004080116932283273,1.2510590657193894,-0.20257737664268416
2024-01-22 00:00:00+00:00,3234.8672880202967,0.0,-0.05226852273637028,1.1856680564982933,-0.24425747916213203
2024-01-23 00:00:00+00:00,3211.6315238463076,0.0,-0.007182911107370016,1.1771515082456179,-0.24968591050937017
2024-01-24 00:00:00+00:00,3216.7086583147884,0.0,0.001580858336575508,1.1790124180208403,-0.24849977022594893
2024-01-25 00:00:00+00:00,3201.541312821504,0.0,-0.004715175387139503,1.1734531676862567,-0.2520432256128091
2024-01-26 00:00:00+00:00,3320.734137823727,0.0,0.037229825685797246,1.2171406245696628,-0.22419692528186275
2024-01-27 00:00:00+00:00,3435.853537047071,100.0,0.0045530291182094285,1.222682301274284,-0.22066467129267475
2024-01-28 00:00:00+00:00,3425.0046039455083,0.0,-0.0031575656484142955,1.2188216016408562,-0.22312547375519665
2024-01-29 00:00:00+00:00,3524.307120656035,0.0,0.02899339656248423,1.2541593796761517,-0.20060124253648903
2024-01-30 00:00:00+00:00,3520.3833132262807,0.0,-0.0011133557023894625,1.252763054179084,-0.20149125770159404
2024-01-31 00:00:00+00:00,3467.8925314339804,0.0,-0.014910530224106378,1.234083692796103,-0.21339744643784764
2024-02-01 00:00:00+00:00,3505.5334745148393,0.0,0.010854126170194212,1.2474785929022911,-0.20485956307568698
2024-02-02 00:00:00+00:00,3514.2144777251915,0.0,0.002476371506209496,1.2505678133443607,-0.20289049995425268
2024-02-03 00:00:00+00:00,3497.4381851573635,0.0,-0.004773838556002885,1.2445978045001211,-0.2066957720189273
2024-02-04 00:00:00+00:00,3471.8282594720376,0.0,-0.007322481293310812,1.2354842603589733,-0.212504727388223
2024-02-05 00:00:00+00:00,3485.0918102142923,0.0,0.003820336073959929,1.2402042254476324,-0.2094962307901913
2024-02-06 00:00:00+00:00,3545.2996771264416,0.0,0.017275833806067453,1.2616297875320484,-0.1958396190502527
2024-02-07 00:00:00+00:00,3638.8388399350506,0.0,0.026383993266381633,1.2949166193509605,-0.17462265697418367
2024-02-08 00:00:00+00:00,3683.466178528761,0.0,0.012264170125903862,1.310797697069541,-0.16450008882124856
2024-02-09 00:00:00+00:00,3815.498525023556,0.0,0.0358445931347009,1.3577827072029016,-0.13455193444096747
2024-02-10 00:00:00+00:00,3854.760639268801,0.0,0.010290166275192636,1.3717545170256007,-0.1256463299438212
2024-02-11 00:00:00+00:00,3886.666513081713,0.0,0.00827700518882657,1.383108536280818,-0.11840930007989658
2024-02-12 00:00:00+00:00,4056.026239268216,0.0,0.04357454533762373,1.4433768619018408,-0.07999438615700061
2024-02-13 00:00:00+00:00,4033.552193276023,0.0,-0.005540902515524193,1.4353792514168795,-0.0850920475770397
2024-02-14 00:00:00+00:00,4217.019771262818,0.0,0.045485361090067844,1.5006679949687676,-0.0434771289969067
2024-02-15 00:00:00+00:00,4248.561877004819,0.0,0.007479714929711001,1.511892563775275,-0.03632261059805486
2024-02-16 00:00:00+00:00,4249.13890420077,0.0,0.00013581706296306173,1.5120979045828025,-0.036191726765382404
2024-02-17 00:00:00+00:00,4215.593441284695,0.0,-0.007894649638992113,1.5001604214062672,-0.043800655401731725
2024-02-18 00:00:00+00:00,4295.070998453461,0.0,0.01885323105174619,1.5284432924457245,-0.025773208226492206
2024-02-19 00:00:00+00:00,4312.8396028662655,0.0,0.004136975714534863,1.534766425227616,-0.021742855648476
2024-02-20 00:00:00+00:00,4377.367295042135,0.0,0.014961764896840757,1.5577292396534363,-0.007106402246033761
2024-02-21 00:00:00+00:00,4329.801513275118,0.0,-0.010866298978587152,1.540802488007675,-0.017895480933153407
2024-02-22 00:00:00+00:00,4303.247169112513,0.0,-0.006132924126242223,1.5313528632551987,-0.02391865343262989
2024-02-23 00:00:00+00:00,4247.537122502769,0.0,-0.012946048511834118,1.511527894798761,-0.03655504989678737
2024-02-24 00:00:00+00:00,4329.5777531138,0.0,0.019314870769790993,1.5407228607517331,-0.017946235191736104
2024-02-25 00:00:00+00:00,4406.111196348284,0.0,0.017676883889991668,1.5679580398678974,-0.000586584817491298
2024-02-26 00:00:00+00:00,4582.038605691621,0.0,0.039928045730925676,1.6305635401879153,0.0
2024-02-27 00:00:00+00:00,4853.712917129051,100.0,0.037466797251376915,1.6916555337536232,0.0
2024-02-28 00:00:00+00:00,5216.156886886546,0.0,0.0746735490841266,1.8179774562868087,0.0
2024-02-29 00:00:00+00:00,5123.462041600958,0.0,-0.017770716505598805,1.7856706942975662,-0.017770716505598805
2024-03-01 00:00:00+00:00,5243.169771509868,0.0,0.02336461731089634,1.8273922067131114,0.0
2024-03-02 00:00:00+00:00,5215.335052150131,0.0,-0.00530875797899677,1.8176910237549666,-0.00530875797899677
2024-03-03 00:00:00+00:00,5312.588613743645,0.0,0.01864761527707004,1.8515866266585328,0.0
2024-03-04 00:00:00+00:00,5660.89775505896,0.0,0.06556298005349803,1.97298216372947,0.0
2024-03-05 00:00:00+00:00,5382.6489148729515,0.0,-0.04915277615416147,1.8760046130795223,-0.04915277615416147
2024-03-06 00:00:00+00:00,5659.124294629583,0.0,0.05136418594805514,1.972364062865148,-0.00031328254035178915
2024-03-07 00:00:00+00:00,5727.290260380536,0.0,0.012045320477523491,1.996121820100709,0.0
2024-03-08 00:00:00+00:00,5803.434651695627,0.0,0.013295011751339292,2.0226602831560525,0.0
2024-03-09 00:00:00+00:00,5825.990046619263,0.0,0.003886559645682519,2.030521472989492,0.0
2024-03-10 00:00:00+00:00,5843.827488634254,0.0,0.0030617014228064843,2.036738323472383,0.0
2024-03-11 00:00:00+00:00,6114.669586823611,0.0,0.04634669635887123,2.131134416112834,0.0
2024-03-12 00:00:00+00:00,6032.709712915292,0.0,-0.01340381074472663,2.1025690937276837,-0.01340381074472674
2024-03-13 00:00:00+00:00,6131.416776269805,0.0,0.016361977958792462,2.1369712828960945,0.0
2024-03-14 00:00:00+00:00,5972.206519288905,0.0,-0.02596630808022804,2.0814820282058144,-0.02596630808022804
2024-03-15 00:00:00+00:00,5792.743223855745,0.0,-0.030049747083181644,2.018934019700042,-0.05523577417291481
2024-03-16 00:00:00+00:00,5446.822084566284,0.0,-0.059716290869735844,1.898370768532829,-0.1116535894857259
2024-03-17 00:00:00+00:00,5678.451754985261,0.0,0.04252565382579809,1.9791002266684705,-0.07387607755480541
2024-03-18 00:00:00+00:00,5565.357077344841,0.0,-0.01991646359258592,1.9396835490579494,-0.09232119093840807
2024-03-19 00:00:00+00:00,5059.717045812751,0.0,-0.09085491272256763,1.7634537694988892,-0.17478826991582308
2024-03-20 00:00:00+00:00,5575.053381556107,0.0,0.10185082111851096,1.9430629839268845,-0.09073977761012264
2024-03-21 00:00:00+00:00,5439.6426198829595,0.0,-0.024288693292359387,1.8958685230625478,-0.11282452027469281
2024-03-22 00:00:00+00:00,5259.875100402163,0.0,-0.03304767096715333,1.8332144839153939,-0.1421436036187811
2024-03-23 00:00:00+00:00,5265.9568658519165,0.0,0.0011562566284679665,1.8353341503138245,-0.14115170147419165
2024-03-24 00:00:00+00:00,5506.4266844201065,0.0,0.045664980685193424,1.919144648838781,-0.1019324105104995
2024-03-25 00:00:00+00:00,5724.121285166651,0.0,0.03953464074305946,1.9950173430645872,-0.06642763099704674
2024-03-26 00:00:00+00:00,5727.936289367671,0.0,0.0006664785756558267,1.9963469793818016,-0.06580542501428199
2024-03-27 00:00:00+00:00,5749.286369110098,100.0,-0.013730934892478452,1.968935268985114,-0.07863278990031741
2024-03-28 00:00:00+00:00,5853.743606327925,0.0,0.01816873095399396,2.0047083241531345,-0.06189271695018417
2024-03-29 00:00:00+00:00,5774.471906172087,0.0,-0.01354205197339775,1.9775604598359497,-0.07459661453386768
2024-03-30 00:00:00+00:00,5757.8564193984175,0.0,-0.0028774036905279132,1.9718702200705758,-0.077259373650435
2024-03-31 00:00:00+00:00,5930.465560604287,0.0,0.029978021095549368,2.030982987125537,-0.04959743568800723
2024-04-01 00:00:00+00:00,5760.337899706922,0.0,-0.028687066665981864,1.9727200427763918,-0.07686169740994553
2024-04-02 00:00:00+00:00,5405.684762286558,0.0,-0.06156811346751179,1.8512633913431003,-0.13369758117001618
2024-04-03 00:00:00+00:00,5450.985995728404,0.0,0.00838029508451843,1.8667775248417218,-0.1264377112677889
2024-04-04 00:00:00+00:00,5594.233984260798,0.0,0.02627928023382342,1.9158350945512406,-0.10348112308049495
2024-04-05 00:00:00+00:00,5553.307843399721,0.0,-0.007315772092519102,1.901819281632654,-0.11003985086067913
2024-04-06 00:00:00+00:00,5630.163743229426,0.0,0.013839661332848863,1.9281398164067318,-0.09772310379685933
2024-04-07 00:00:00+00:00,5715.605362456232,0.0,0.015175689930786662,1.9574006684037244,-0.0840304293883678
2024-04-08 00:00:00+00:00,5977.704932514513,0.0,0.0458568346548065,2.047160867207922,-0.04202696423999608
2024-04-09 00:00:00+00:00,5735.25061104729,0.0,-0.040559767369654165,1.964128498665709,-0.08088212771682324
2024-04-10 00:00:00+00:00,5837.028282643263,0.0,0.017745985049010482,1.998983893637366,-0.06457147569700761
2024-04-11 00:00:00+00:00,5778.414575895869,0.0,-0.010041703399259694,1.9789106902775624,-0.0739647714892655
2024-04-12 00:00:00+00:00,5468.368138486416,0.0,-0.053655969701928985,1.8727303182372061,-0.12365208965315633
2024-04-13 00:00:00+00:00,5162.922882311844,0.0,-0.05585674710245747,1.7681256944603259,-0.172602033255167
2024-04-14 00:00:00+00:00,5342.634634948761,0.0,0.03480814196404314,1.8296708646433733,-0.1438018473679522
2024-04-15 00:00:00+00:00,5192.631748961765,0.0,-0.028076575741443177,1.7782999720303017,-0.16784095965000967
2024-04-16 00:00:00+00:00,5201.818296845675,0.0,0.001769150659633567,1.7814460525988454,-0.16636874493485454
2024-04-17 00:00:00+00:00,5010.208882934397,0.0,-0.036835083998891016,1.715826337611874,-0.1970756222392801
2024-04-18 00:00:00+00:00,5172.968904454061,0.0,0.032485675811651626,1.771566115764627,-0.1709920812020732
2024-04-19 00:00:00+00:00,5186.64361514387,0.0,0.002643493696247612,1.7762492396241367,-0.1688006039945915
2024-04-20 00:00:00+00:00,5304.922098580533,0.0,0.02280443620443018,1.816755602092313,-0.14984557039522528
2024-04-21 00:00:00+00:00,5300.132408003674,0.0,-0.0009028767035318408,1.8151152957831729,-0.15061315502411976
2024-04-22 00:00:00+00:00,5430.565614824103,0.0,0.02460942421428247,1.8597842380949339,-0.12971023383407732
2024-04-23 00:00:00+00:00,5420.5765077682045,0.0,-0.0018394229559866027,1.8563633082742,-0.13131106480832322
2024-04-24 00:00:00+00:00,5261.621815116765,0.0,-0.029324314936546414,1.8019267259857181,-0.15678477272577707
2024-04-25 00:00:00+00:00,5281.5563111320525,0.0,0.0037886599827481326,1.8087536136643045,-0.15359011693735936
2024-04-26 00:00:00+00:00,5228.525084032846,0.0,-0.010040833416360861,1.7905922199382605,-0.16208877757515283
2024-04-27 00:00:00+00:00,5387.14158161548,100.0,0.011210904918796283,1.8106663790643247,-0.15269503453015543
2024-04-28 00:00:00+00:00,5373.456768557413,0.0,-0.0025402735106813124,1.8060667912249064,-0.15484742088940728
2024-04-29 00:00:00+00:00,5385.331319819281,0.0,0.0022098533166492462,1.810057933913585,-0.15297975765938499
2024-04-30 00:00:00+00:00,5090.658932151686,0.0,-0.05471759677684673,1.711015913742969,-0.19932666974160584
2024-05-01 00:00:00+00:00,4941.356731797273,0.0,-0.029328659088010633,1.6608341113146405,-0.22280934488561632
2024-05-02 00:00:00+00:00,4987.096960718338,0.0,0.009256613396626534,1.67620781059901,-0.2156151914557516
2024-05-03 00:00:00+00:00,5263.21891784682,0.0,0.05536727264446628,1.7690148654572293,-0.17218594390290465
2024-05-04 00:00:00+00:00,5326.408746991382,0.0,0.01200592833604075,1.7902535311572996,-0.16224726766983577
2024-05-05 00:00:00+00:00,5344.4891359003195,0.0,0.0033944801775023237,1.7963305112815167,-0.1594035326262926
2024-05-06 00:00:00+00:00,5254.193670963871,0.0,-0.016895060059138323,1.7659813994073528,-0.1736054604280709
2024-05-07 00:00:00+00:00,5173.805196063371,0.0,-0.015299869006494604,1.7389621153285142,-0.18624918863120377
2024-05-08 00:00:00+00:00,5094.529935835038,0.0,-0.015322428507484664,1.7123169926391688,-0.19871782726130982
2024-05-09 00:00:00+00:00,5233.302233764528,0.0,0.027239470506074115,1.758959600857213,-0.1768913251499512
2024-05-10 00:00:00+00:00,5034.4553618012815,0.0,-0.03799644336998431,1.6921253919931518,-0.20816652730123386
2024-05-11 00:00:00+00:00,5037.345225383739,0.0,0.0005740171229611235,1.6930967009423532,-0.20771200132937107
2024-05-12 00:00:00+00:00,5082.946398180231,0.0,0.009052620131473788,1.7084236622218358,-0.2005397190426802
2024-05-13 00:00:00+00:00,5174.420701711498,0.0,0.01799631480749353,1.739168992271751,-0.18615238015048508
2024-05-14 00:00:00+00:00,5059.262840753327,0.0,-0.02225521804210495,1.7004634071366753,-0.20426473638328413
2024-05-15 00:00:00+00:00,5399.557738759373,0.0,0.0672617550653638,1.8148395603251164,-0.15074218598502387
2024-05-16 00:00:00+00:00,5294.054961109536,0.0,-0.01953915167764797,1.779379134885328,-0.16733596322649025
2024-05-17 00:00:00+00:00,5479.5768373524015,0.0,0.03504343600618465,1.8417346937294223,-0.1381565543391663
2024-05-18 00:00:00+00:00,5492.476553943216,0.0,0.002354144667318314,1.8460704036372806,-0.13612765018750062
2024-05-19 00:00:00+00:00,5426.61489135738,0.0,-0.01199125056593131,1.823933710864916,-0.14648655999108207
2024-05-20 00:00:00+00:00,6062.885869081771,0.0,0.11725007034085633,2.0377900667608864,-0.04641204911317032
2024-05-21 00:00:00+00:00,6070.548119389782,0.0,0.001263795900741993,2.0403654174938315,-0.04520690856984266
2024-05-22 00:00:00+00:00,5986.297692731537,0.0,-0.013878553468531618,2.0120480969518004,-0.05845805554064065
2024-05-23 00:00:00+00:00,5949.731881625394,0.0,-0.00610825137389015,1.9997580013992615,-0.06420923041645976
2024-05-24 00:00:00+00:00,5947.401963529488,0.0,-0.00039160051952946695,1.9989748951269803,-0.06457568656799961
2024-05-25 00:00:00+00:00,5999.954778015758,0.0,0.008836264104651548,2.0166383652388906,-0.05631003028460202
2024-05-26 00:00:00+00:00,6004.654682875094,0.0,0.0007833233804623863,2.0182180452203196,-0.05557081586741619
2024-05-27 00:00:00+00:00,6197.053560873543,100.0,0.015387875386400518,2.0492741330027546,-0.04103805727070409
2024-05-28 00:00:00+00:00,6109.767764141683,0.0,-0.014085047978761644,2.020410008517776,-0.05454508224385257
2024-05-29 00:00:00+00:00,6021.34577076797,0.0,-0.014472234753776236,1.9911701605756276,-0.06822792776273179
2024-05-30 00:00:00+00:00,6047.5570008684435,0.0,0.004353051809069308,1.9998378274452862,-0.06417187565803906
2024-05-31 00:00:00+00:00,6012.031453013631,0.0,-0.005874363457791465,1.9880900531902326,-0.06966927019444691
2024-06-01 00:00:00+00:00,6057.442820772404,0.0,0.0075534148671176915,2.0031069221551685,-0.06264209622859718
2024-06-02 00:00:00+00:00,6035.847103543256,0.0,-0.003565154120001135,1.9959655372588443,-0.06598392162114342
2024-06-03 00:00:00+00:00,6084.386933314054,0.0,0.008041925008720474,2.0120169424294705,-0.05847263436188144
2024-06-04 00:00:00+00:00,6205.461331123218,0.0,0.019899194304399126,2.0520544585106175,-0.03973699837013944
2024-06-05 00:00:00+00:00,6271.014253715162,0.0,0.010563746850402067,2.0737318423335624,-0.029593023111114447
2024-06-06 00:00:00+00:00,6221.731895576842,0.0,-0.007858753966174414,2.0574348939928413,-0.03721921278954332
2024-06-07 00:00:00+00:00,6059.489552408687,0.0,-0.02607671720530047,2.0037837460938728,-0.06232537510832692
2024-06-08 00:00:00+00:00,6059.02642020733,0.0,-7.643089361752953e-05,2.0036305951115425,-0.06239704241782995
2024-06-09 00:00:00+00:00,6092.797127067901,0.0,0.0055736193438507,2.0147980693543874,-0.05717120043659818
2024-06-10 00:00:00+00:00,6063.1122339662015,0.0,-0.004872128922497887,2.004981713407693,-0.06176478389991513
2024-06-11 00:00:00+00:00,5836.289489156345,0.0,-0.03741028304559024,1.9299747800078786,-0.09686442889755986
2024-06-12 00:00:00+00:00,5926.926695918719,0.0,0.015529936774173914,1.959947166317151,-0.08283879057983157
2024-06-13 00:00:00+00:00,5789.480705160061,0.0,-0.02319009459882526,1.914495806121557,-0.10410784578865817
2024-06-14 00:00:00+00:00,5757.278628479766,0.0,-0.00556217013584559,1.903847054723546,-0.10909095037375083
2024-06-15 00:00:00+00:00,5820.966497832382,0.0,0.011062148188828003,1.9249076929717617,-0.09923558244401731
2024-06-16 00:00:00+00:00,5879.820384996573,0.0,0.01011067271837196,1.9443698046684756,-0.0901282482217538
2024-06-17 00:00:00+00:00,5800.732753948743,0.0,-0.01345068826415785,1.9182166925556385,-0.10236664951528618
2024-06-18 00:00:00+00:00,5710.795067288582,0.0,-0.015504538904837162,1.8884756272180017,-0.11628404072015575
2024-06-19 00:00:00+00:00,5747.352359356868,0.0,0.0064014365141005225,1.900564584054064,-0.11062698911032831
2024-06-20 00:00:00+00:00,5712.396688167284,0.0,-0.0060820476984806415,1.8890052595998041,-0.11603619818430067
2024-06-21 00:00:00+00:00,5676.031611519229,0.0,-0.006365992880603355,1.8769798655657695,-0.12166350545337046
2024-06-22 00:00:00+00:00,5668.47629368853,0.0,-0.001331091570273446,1.874481433489142,-0.12283265175712499
2024-06-23 00:00:00+00:00,5564.818724183822,0.0,-0.018286672490828493,1.8402034054247873,-0.1388731237740909
2024-06-24 00:00:00+00:00,5363.340941953429,0.0,-0.03620563260305365,1.7735776770130893,-0.17005076707934141
2024-06-25 00:00:00+00:00,5472.040057863489,0.0,0.02026705314588284,1.809522870051465,-0.15323014186735373
2024-06-26 00:00:00+00:00,5406.1287257932545,0.0,-0.012045111397808173,1.7877269655048136,-0.16342957913686773
2024-06-27 00:00:00+00:00,5602.454821227457,100.0,0.017817943360212585,1.819580583319703,-0.1485236147610992
2024-06-28 00:00:00+00:00,5487.124168819761,0.0,-0.02058573537634134,1.7821231789355547,-0.16605188230683088
2024-06-29 00:00:00+00:00,5517.3726152968975,0.0,0.005512622923501853,1.7919473520242588,-0.1614546407962244
2024-06-30 00:00:00+00:00,5654.0288784625955,0.0,0.024768358545663283,1.8363309465341475,-0.1406852486826633
2024-07-01 00:00:00+00:00,5663.6897290785755,0.0,0.0017086666558743246,1.8394686239916405,-0.13921696622018642
2024-07-02 00:00:00+00:00,5608.042366842362,0.0,-0.009825284381400401,1.8213953216502594,-0.1476744043177577
2024-07-03 00:00:00+00:00,5421.704292909577,0.0,-0.033226937627025,1.7608759329036312,-0.17599457372340843
2024-07-04 00:00:00+00:00,5097.745119269833,0.0,-0.059752276431492835,1.6556595873992106,-0.2252307737353374
2024-07-05 00:00:00+00:00,5025.329747199726,0.0,-0.014205373233818985,1.632140325012054,-0.23623665976450403
2024-07-06 00:00:00+00:00,5167.895134165408,0.0,0.02836935965149845,1.6784431008940346,-0.21456918287673354
2024-07-07 00:00:00+00:00,4950.5105209729845,0.0,-0.04206443968943463,1.6078403323043298,-0.24760789011383855
2024-07-08 00:00:00+00:00,5053.506590682249,0.0,0.020805141060284305,1.6412916772203356,-0.23195426613501202
2024-07-09 00:00:00+00:00,5157.758554854383,0.0,0.020629628615574713,1.675150914971225,-0.21610976788560077
2024-07-10 00:00:00+00:00,5161.343031166797,0.0,0.0006949678381205082,1.676315090981128,-0.21556498938566448
2024-07-11 00:00:00+00:00,5138.9358088060635,0.0,-0.004341354997222102,1.6690376120839783,-0.218970500238991
2024-07-12 00:00:00+00:00,5191.06235247015,0.0,0.010143451018547855,1.6859674133502662,-0.21104816576412433
2024-07-13 00:00:00+00:00,5290.662233456688,0.0,0.019186801125427477,1.718315734814169,-0.19591070382309939
2024-07-14 00:00:00+00:00,5422.819173143225,0.0,0.024979281204309922,1.7612380267518826,-0.1758251311805209
2024-07-15 00:00:00+00:00,5791.0854663236605,0.0,0.06791048740925976,1.8808445595923258,-0.11985501412852739
2024-07-16 00:00:00+00:00,5784.206978499498,0.0,-0.0011877717682051703,1.8786105455240598,-0.12090042549467284
2024-07-17 00:00:00+00:00,5695.132362097902,0.0,-0.015399624656015298,1.8496806482481571,-0.1344382289773176
2024-07-18 00:00:00+00:00,5714.360062524098,0.0,0.0033761639245049047,1.8559254733246273,-0.1315159505515603
2024-07-19 00:00:00+00:00,5911.466471437905,0.0,0.03449317277125563,1.9199422313265881,-0.10155918018485555
2024-07-20 00:00:00+00:00,5946.95492410358,0.0,0.006003324697372969,1.9314682679414403,-0.0961655482221313
2024-07-21 00:00:00+00:00,6015.590628427768,0.0,0.01154131907844147,1.9537599595116373,-0.08573410642007462
2024-07-22 00:00:00+00:00,5919.807015706664,0.0,-0.015922561663099355,1.9226510960814187,-0.10029156148706964
2024-07-23 00:00:00+00:00,5857.967572265798,0.0,-0.010446192464854231,1.9025667126889894,-0.10969008899802912
2024-07-24 00:00:00+00:00,5734.597727420698,0.0,-0.021060178862919443,1.8624983174211225,-0.12844017496716065
2024-07-25 00:00:00+00:00,5657.413834574414,0.0,-0.013459338651989339,1.8374303218281913,-0.1401707938077461
2024-07-26 00:00:00+00:00,5837.024777509086,0.0,0.03174788837914022,1.8957648545900405,-0.11287303214442967
2024-07-27 00:00:00+00:00,5919.822531814375,100.0,-0.002947091429351678,1.890177862235012,-0.11548747642814361
2024-07-28 00:00:00+00:00,5953.350053791819,0.0,0.005663602548431124,1.9008830783925543,-0.11047794904552277
2024-07-29 00:00:00+00:00,5900.961366140351,0.0,-0.008799866827602476,1.8841555604478568,-0.11830562463413796
2024-07-30 00:00:00+00:00,5842.595201027949,0.0,-0.00989095869146106,1.8655194556311805,-0.1270264272793753
2024-07-31 00:00:00+00:00,5724.6364609857255,0.0,-0.020189442530858526,1.8278556577915164,-0.1446512770567765
2024-08-01 00:00:00+00:00,5746.877379237152,0.0,0.0038851232568219984,1.8349571023177158,-0.14132814184057685
2024-08-02 00:00:00+00:00,5391.9391175413175,0.0,-0.061761934051035805,1.7216266027778893,-0.1943613765156995
2024-08-03 00:00:00+00:00,5291.612939448676,0.0,-0.018606697127987903,1.6895928180125144,-0.20935165037748094
2024-08-04 00:00:00+00:00,5010.622021621082,0.0,-0.053101185034306386,1.5998734371505967,-0.25133601468785527
2024-08-05 00:00:00+00:00,4603.901655693019,0.0,-0.08117163181997056,1.4700090995516577,-0.31210629206048457
2024-08-06 00:00:00+00:00,4743.882809289823,0.0,0.030404896556317285,1.514704574160371,-0.29119095502884196
2024-08-07 00:00:00+00:00,4617.747279215773,0.0,-0.02658909065524173,1.4744299569221115,-0.3100375429828355
2024-08-08 00:00:00+00:00,5205.768446843393,0.0,0.12733939994383636,1.6621829828957897,-0.22217813772249473
2024-08-09 00:00:00+00:00,5155.25552463622,0.0,-0.009703259513550222,1.6460543900537448,-0.22972554510748633
2024-08-10 00:00:00+00:00,5160.089783732747,0.0,0.0009377341381866522,1.64759795144861,-0.22900323245536058
2024-08-11 00:00:00+00:00,5154.925695933419,0.0,-0.001000774795742454,1.6459490769452834,-0.22977482658791815
2024-08-12 00:00:00+00:00,5154.925695933419,0.0,0.0,1.6459490769452834,-0.22977482658791815
2024-08-13 00:00:00+00:00,5154.925695933419,0.0,0.0,1.6459490769452834,-0.22977482658791815
2024-08-14 00:00:00+00:00,5154.925695933419,0.0,0.0,1.6459490769452834,-0.22977482658791815
2024-08-15 00:00:00+00:00,5154.925695933419,0.0,0.0,1.6459490769452834,-0.22977482658791815
2024-08-16 00:00:00+00:00,5154.925695933419,0.0,0.0,1.6459490769452834,-0.22977482658791815
2024-08-17 00:00:00+00:00,5154.925695933419,0.0,0.0,1.6459490769452834,-0.22977482658791815
2024-08-18 00:00:00+00:00,5154.925695933419,0.0,0.0,1.6459490769452834,-0.22977482658791815
2024-08-19 00:00:00+00:00,5154.925695933419,0.0,0.0,1.6459490769452834,-0.22977482658791815
2024-08-20 00:00:00+00:00,5154.925695933419,0.0,0.0,1.6459490769452834,-0.22977482658791815
2024-08-21 00:00:00+00:00,5154.925695933419,0.0,0.0,1.6459490769452834,-0.22977482658791815
2024-08-22 00:00:00+00:00,5154.925695933419,0.0,0.0,1.6459490769452834,-0.22977482658791815
2024-08-23 00:00:00+00:00,5154.925695933419,0.0,0.0,1.6459490769452834,-0.22977482658791815
2024-08-24 00:00:00+00:00,5154.925695933419,0.0,0.0,1.6459490769452834,-0.22977482658791815
2024-08-25 00:00:00+00:00,5154.925695933419,0.0,0.0,1.6459490769452834,-0.22977482658791815
2024-08-26 00:00:00+00:00,5154.925695933419,0.0,0.0,1.6459490769452834,-0.22977482658791815
2024-08-27 00:00:00+00:00,5254.925695933419,100.0,0.0,1.6459490769452834,-0.22977482658791815
2024-08-28 00:00:00+00:00,5254.925695933419,0.0,0.0,1.6459490769452834,-0.22977482658791815
2024-08-29 00:00:00+00:00,5254.925695933419,0.0,0.0,1.6459490769452834,-0.22977482658791815
2024-08-30 00:00:00+00:00,5254.925695933419,0.0,0.0,1.6459490769452834,-0.22977482658791815
2024-08-31 00:00:00+00:00,5254.925695933419,0.0,0.0,1.6459490769452834,-0.22977482658791815
2024-09-01 00:00:00+00:00,5254.925695933419,0.0,0.0,1.6459490769452834,-0.22977482658791815
2024-09-02 00:00:00+00:00,5254.925695933419,0.0,0.0,1.6459490769452834,-0.22977482658791815
2024-09-03 00:00:00+00:00,5254.925695933419,0.0,0.0,1.6459490769452834,-0.22977482658791815
2024-09-04 00:00:00+00:00,5254.925695933419,0.0,0.0,1.6459490769452834,-0.22977482658791815
2024-09-05 00:00:00+00:00,5254.925695933419,0.0,0.0,1.6459490769452834,-0.22977482658791815
2024-09-06 00:00:00+00:00,5254.925695933419,0.0,0.0,1.6459490769452834,-0.22977482658791815
2024-09-07 00:00:00+00:00,5254.925695933419,0.0,0.0,1.6459490769452834,-0.22977482658791815
2024-09-08 00:00:00+00:00,5254.925695933419,0.0,0.0,1.6459490769452834,-0.22977482658791815
2024-09-09 00:00:00+00:00,5254.925695933419,0.0,0.0,1.6459490769452834,-0.22977482658791815
2024-09-10 00:00:00+00:00,5254.925695933419,0.0,0.0,1.6459490769452834,-0.22977482658791815
2024-09-11 00:00:00+00:00,5254.925695933419,0.0,0.0,1.6459490769452834,-0.22977482658791815
2024-09-12 00:00:00+00:00,5254.925695933419,0.0,0.0,1.6459490769452834,-0.22977482658791815
2024-09-13 00:00:00+00:00,5254.925695933419,0.0,0.0,1.6459490769452834,-0.22977482658791815
2024-09-14 00:00:00+00:00,5254.925695933419,0.0,0.0,1.6459490769452834,-0.22977482658791815
2024-09-15 00:00:00+00:00,5254.925695933419,0.0,0.0,1.6459490769452834,-0.22977482658791815
2024-09-16 00:00:00+00:00,5254.925695933419,0.0,0.0,1.6459490769452834,-0.22977482658791815
2024-09-17 00:00:00+00:00,5254.925695933419,0.0,0.0,1.6459490769452834,-0.22977482658791815
2024-09-18 00:00:00+00:00,5254.925695933419,0.0,0.0,1.6459490769452834,-0.22977482658791815
2024-09-19 00:00:00+00:00,5254.925695933419,0.0,0.0,1.6459490769452834,-0.22977482658791815
2024-09-20 00:00:00+00:00,5254.925695933419,0.0,0.0,1.6459490769452834,-0.22977482658791815
2024-09-21 00:00:00+00:00,5254.925695933419,0.0,0.0,1.6459490769452834,-0.22977482658791815
2024-09-22 00:00:00+00:00,5254.925695933419,0.0,0.0,1.6459490769452834,-0.22977482658791815
2024-09-23 00:00:00+00:00,5254.925695933419,0.0,0.0,1.6459490769452834,-0.22977482658791815
2024-09-24 00:00:00+00:00,5254.925695933419,0.0,0.0,1.6459490769452834,-0.22977482658791815
2024-09-25 00:00:00+00:00,5254.925695933419,0.0,0.0,1.6459490769452834,-0.22977482658791815
2024-09-26 00:00:00+00:00,5254.925695933419,0.0,0.0,1.6459490769452834,-0.22977482658791815
2024-09-27 00:00:00+00:00,5354.925695933419,100.0,0.0,1.6459490769452834,-0.22977482658791815
2024-09-28 00:00:00+00:00,5354.925695933419,0.0,0.0,1.6459490769452834,-0.22977482658791815
2024-09-29 00:00:00+00:00,5354.925695933419,0.0,0.0,1.6459490769452834,-0.22977482658791815
2024-09-30 00:00:00+00:00,5354.925695933419,0.0,0.0,1.6459490769452834,-0.22977482658791815
2024-10-01 00:00:00+00:00,5354.925695933419,0.0,0.0,1.6459490769452834,-0.22977482658791815
2024-10-02 00:00:00+00:00,5354.925695933419,0.0,0.0,1.6459490769452834,-0.22977482658791815
2024-10-03 00:00:00+00:00,5354.925695933419,0.0,0.0,1.6459490769452834,-0.22977482658791815
2024-10-04 00:00:00+00:00,5354.925695933419,0.0,0.0,1.6459490769452834,-0.22977482658791815
2024-10-05 00:00:00+00:00,5354.925695933419,0.0,0.0,1.6459490769452834,-0.22977482658791815
2024-10-06 00:00:00+00:00,5354.925695933419,0.0,0.0,1.6459490769452834,-0.22977482658791815
2024-10-07 00:00:00+00:00,5354.925695933419,0.0,0.0,1.6459490769452834,-0.22977482658791815
2024-10-08 00:00:00+00:00,5354.925695933419,0.0,0.0,1.6459490769452834,-0.22977482658791815
2024-10-09 00:00:00+00:00,5354.925695933419,0.0,0.0,1.6459490769452834,-0.22977482658791815
2024-10-10 00:00:00+00:00,5354.925695933419,0.0,0.0,1.6459490769452834,-0.22977482658791815
2024-10-11 00:00:00+00:00,5354.925695933419,0.0,0.0,1.6459490769452834,-0.22977482658791815
2024-10-12 00:00:00+00:00,5354.925695933419,0.0,0.0,1.6459490769452834,-0.22977482658791815
2024-10-13 00:00:00+00:00,5354.925695933419,0.0,0.0,1.6459490769452834,-0.22977482658791815
2024-10-14 00:00:00+00:00,5354.925695933419,0.0,0.0,1.6459490769452834,-0.22977482658791815
2024-10-15 00:00:00+00:00,5354.925695933419,0.0,0.0,1.6459490769452834,-0.22977482658791815
2024-10-16 00:00:00+00:00,5354.925695933419,0.0,0.0,1.6459490769452834,-0.22977482658791815
2024-10-17 00:00:00+00:00,5354.925695933419,0.0,0.0,1.6459490769452834,-0.22977482658791815
2024-10-18 00:00:00+00:00,5354.925695933419,0.0,0.0,1.6459490769452834,-0.22977482658791815
2024-10-19 00:00:00+00:00,5354.925695933419,0.0,0.0,1.6459490769452834,-0.22977482658791815
2024-10-20 00:00:00+00:00,5354.925695933419,0.0,0.0,1.6459490769452834,-0.22977482658791815
2024-10-21 00:00:00+00:00,5354.925695933419,0.0,0.0,1.6459490769452834,-0.22977482658791815
2024-10-22 00:00:00+00:00,5354.925695933419,0.0,0.0,1.6459490769452834,-0.22977482658791815
2024-10-23 00:00:00+00:00,5354.925695933419,0.0,0.0,1.6459490769452834,-0.22977482658791815
2024-10-24 00:00:00+00:00,5354.925695933419,0.0,0.0,1.6459490769452834,-0.22977482658791815
2024-10-25 00:00:00+00:00,5354.925695933419,0.0,0.0,1.6459490769452834,-0.22977482658791815
2024-10-26 00:00:00+00:00,5354.925695933419,0.0,0.0,1.6459490769452834,-0.22977482658791815
2024-10-27 00:00:00+00:00,5454.925695933418,100.0,-2.220446049250313e-16,1.645949076945283,-0.22977482658791837
2024-10-28 00:00:00+00:00,5454.925695933418,0.0,0.0,1.645949076945283,-0.22977482658791837
2024-10-29 00:00:00+00:00,5592.781562713557,0.0,0.025271813854936376,1.6875451956325485,-0.2103098393790621
2024-10-30 00:00:00+00:00,5572.552750871688,0.0,-0.0036169501016689587,1.6814414288656343,-0.21316610928580704
2024-10-31 00:00:00+00:00,5466.53689881858,0.0,-0.019024647552510654,1.6494525983012758,-0.22813534673901525
2024-11-01 00:00:00+00:00,5425.426466255958,0.0,-0.007520379597457216,1.6370480886340382,-0.23394006192939754
2024-11-02 00:00:00+00:00,5419.163322842805,0.0,-0.0011544057323616963,1.6351582709363672,-0.23482440591323883
2024-11-03 00:00:00+00:00,5388.240117444728,0.0,-0.0057062693179462665,1.6258276174649369,-0.23919070392861752
2024-11-04 00:00:00+00:00,5340.416702439277,0.0,-0.008875516673917283,1.6113975573372117,-0.24594327952157025
2024-11-05 00:00:00+00:00,5419.022328520072,0.0,0.01471900611143151,1.635115727831604,-0.23484431404448225
2024-11-06 00:00:00+00:00,5739.22818238893,0.0,0.05908922946924,1.731733456282209,-0.18963185413736283
2024-11-07 00:00:00+00:00,5753.993851571911,0.0,0.002572762175285348,1.7361887946162082,-0.18754696962363127
2024-11-08 00:00:00+00:00,5787.661539867449,0.0,0.0058511860047156805,1.7463475581928107,-0.1827931558228043
2024-11-09 00:00:00+00:00,5796.321586767074,0.0,0.001496294632982842,1.7489606086714573,-0.18157037360782513
2024-11-10 00:00:00+00:00,5987.028028675507,0.0,0.03290128731708286,1.806503664163617,-0.15464298532108345
2024-11-11 00:00:00+00:00,6414.55483589252,0.0,0.07140885346942216,1.935504019609851,-0.09427701013052847
2024-11-12 00:00:00+00:00,6378.610063461697,0.0,-0.005603626962497055,1.9246581770995437,-0.09935234389711456
2024-11-13 00:00:00+00:00,6503.758793463484,0.0,0.019620062796857685,1.9624200913967225,-0.08168158032653317
2024-11-14 00:00:00+00:00,6346.257805715619,0.0,-0.024216917132006688,1.914896326665183,-0.10392042139656088
2024-11-15 00:00:00+00:00,6537.683680193899,0.0,0.030163583065578647,1.9726564610765198,-0.07689145059398728
2024-11-16 00:00:00+00:00,6514.693342184788,0.0,-0.0035165876989063927,1.96571944163133,-0.08013764276358382
2024-11-17 00:00:00+00:00,6476.943532545344,0.0,-0.005794564326612517,1.9543289538787243,-0.08546784436421961
2024-11-18 00:00:00+00:00,6508.349114124497,0.0,0.004848827447907489,1.9638051577525317,-0.08103343574597888
2024-11-19 00:00:00+00:00,6603.72480120706,0.0,0.014654359409758566,1.992583464344975,-0.06756656942784955
2024-11-20 00:00:00+00:00,6705.765956162153,0.0,0.015452060469939743,2.0233729845274353,-0.05315855167445538
2024-11-21 00:00:00+00:00,6913.929354490803,0.0,0.031042449093732882,2.0861834373972625,-0.02376627421497335
2024-11-22 00:00:00+00:00,6943.619763374723,0.0,0.004294288726661044,2.0951421114142246,-0.019574044731748397
2024-11-23 00:00:00+00:00,6880.631969965961,0.0,-0.009071319507010234,2.076136407908994,-0.028467801824952454
2024-11-24 00:00:00+00:00,6892.388727338518,0.0,0.0017086740613181384,2.0796838483369466,-0.026807769958195227
2024-11-25 00:00:00+00:00,6639.836907559368,0.0,-0.03664213232451741,2.0034797975730227,-0.062467608428579235
2024-11-26 00:00:00+00:00,6585.87430019372,0.0,-0.008127098318365666,1.9871973202792874,-0.07008702635153263
2024-11-27 00:00:00+00:00,6889.638285427666,100.0,0.030939549700782054,2.0486803105353295,-0.04131593768593378
2024-11-28 00:00:00+00:00,6878.1782870181705,0.0,-0.0016633672095289764,2.0452726028839776,-0.042910581319484886
2024-11-29 00:00:00+00:00,6973.151984419765,0.0,0.013807972611126873,2.0735136709668875,-0.02969511683994508
2024-11-30 00:00:00+00:00,6918.134264679095,0.0,-0.007889935550465021,2.0571537817399506,-0.037350759832379454
2024-12-01 00:00:00+00:00,6958.779526231029,0.0,0.0058751767451883374,2.0692399237997052,-0.03169502540277358
2024-12-02 00:00:00+00:00,6888.462109804841,0.0,-0.01010484901283737,2.048330566798374,-0.04147960096945791
2024-12-03 00:00:00+00:00,6888.936450084922,0.0,6.88601131166866e-05,2.0484716150729043,-0.04141359714635584
2024-12-04 00:00:00+00:00,7032.108245118857,0.0,0.020782859019140565,2.0910447118536757,-0.02149143107818352
2024-12-05 00:00:00+00:00,6946.251608469909,0.0,-0.012209231379301189,2.06551466314219,-0.033438268602778876
2024-12-06 00:00:00+00:00,7195.369930323237,0.0,0.03586370547671569,2.139591672678959,0.0
2024-12-07 00:00:00+00:00,7198.825308479568,0.0,0.0004802224471835981,2.1406191526279867,0.0
2024-12-08 00:00:00+00:00,7269.5656471660495,0.0,0.00982665027350449,2.1616542684096274,0.0
2024-12-09 00:00:00+00:00,6924.509076849796,0.0,-0.04746591296699687,2.0590493750405585,-0.04746591296699698
2024-12-10 00:00:00+00:00,6847.314955641176,0.0,-0.011147955812015109,2.036095183592849,-0.05808472087867911
2024-12-11 00:00:00+00:00,7185.075701391565,0.0,0.04932747331450327,2.136530614427314,-0.011622420083299168
2024-12-12 00:00:00+00:00,7151.11253202646,0.0,-0.004726904875689386,2.1264314374489177,-0.016294386884829537
2024-12-13 00:00:00+00:00,7237.840426978698,0.0,0.012127888431880285,2.152220560680341,-0.0043641149591543416
2024-12-14 00:00:00+00:00,7219.548348446998,0.0,-0.0025272840312308142,2.146781288025647,-0.006880369632338401
2024-12-15 00:00:00+00:00,7422.691658464734,0.0,0.02813795271021835,2.2071873183872945,0.0
2024-12-16 00:00:00+00:00,7519.526545749941,0.0,0.013045791438039522,2.235981823807661,0.0
2024-12-17 00:00:00+00:00,7477.3109413227885,0.0,-0.005614130646431792,2.223428729725758,-0.005614130646431903
2024-12-18 00:00:00+00:00,7035.4448842055335,0.0,-0.059094246659626815,2.092036883941243,-0.0643766144848591
2024-12-19 00:00:00+00:00,6788.205804572503,0.0,-0.03514192545066741,2.0185186797257333,-0.09725622174853321
2024-12-20 00:00:00+00:00,6833.49426712788,0.0,0.006671639584773681,2.0319855088519967,-0.0912334406226426
2024-12-21 00:00:00+00:00,6740.673081306445,0.0,-0.013583268265541126,2.0043845045735678,-0.10357746058941808
2024-12-22 00:00:00+00:00,6602.293308759732,0.0,-0.02052907341411858,1.9632363479290553,-0.12198018471104854
2024-12-23 00:00:00+00:00,6655.989303676895,0.0,0.008132930847819297,1.9792032133846877,-0.11483931027028838
2024-12-24 00:00:00+00:00,6888.751664296427,0.0,0.03497036278152521,2.0484166677751108,-0.08388491983049529
2024-12-25 00:00:00+00:00,6930.703384484463,0.0,0.006089887142465278,2.060891294102606,-0.07830588238275238
2024-12-26 00:00:00+00:00,6660.290741357536,0.0,-0.03901662329573807,1.9804822748271385,-0.11426727456372232
2024-12-27 00:00:00+00:00,6680.368917936425,100.0,-0.011999749939568094,1.956716982769466,-0.12489584578224966
2024-12-28 00:00:00+00:00,6769.075029848368,0.0,0.013278624728908728,1.9826994932843442,-0.1132756661196831
2024-12-29 00:00:00+00:00,6662.33161238639,0.0,-0.01576927674627493,1.9514337562700443,-0.12725866753829818
2024-12-30 00:00:00+00:00,6614.975390138727,0.0,-0.007108055408052594,1.9375628570053327,-0.1334621612863336
2024-12-31 00:00:00+00:00,6644.268380979507,0.0,0.004428284175395314,1.9461429359438431,-0.1296248854877765
2025-01-01 00:00:00+00:00,6709.483197064923,0.0,0.009815198957360938,1.9652447160595945,-0.12108198057130326
2025-01-02 00:00:00+00:00,6884.431114136255,0.0,0.026074723184024595,2.0164879280197154,-0.09816443651324891
2025-01-03 00:00:00+00:00,7025.1059724771885,0.0,0.020433766568173972,2.057692371628411,-0.07973653912608303
2025-01-04 00:00:00+00:00,7051.82285081628,0.0,0.0038030569850138196,2.065517892975342,-0.07623672474315346
2025-01-05 00:00:00+00:00,7048.807463280376,0.0,-0.0004276039826432987,2.064634669298085,-0.07663172959867293
2025-01-06 00:00:00+00:00,7279.810582678029,0.0,0.03277194342461853,2.1322967598728275,-0.0463711568809928
2025-01-07 00:00:00+00:00,6845.140537030527,0.0,-0.05970897741237646,2.0049795008010975,-0.10331135993457619
2025-01-08 00:00:00+00:00,6717.521179663446,0.0,-0.01864378922195864,1.9675990855938141,-0.12002903393768061
2025-01-09 00:00:00+00:00,6529.992384115146,0.0,-0.02791636833479927,1.912670864785163,-0.14459462755020558
2025-01-10 00:00:00+00:00,6669.277444328169,0.0,0.021330049411979024,1.953468228839883,-0.12634878868857913
2025-01-11 00:00:00+00:00,6670.606787246321,0.0,0.00019932337936889866,1.9538576007287451,-0.12617464957675084
2025-01-12 00:00:00+00:00,6659.8275053585985,0.0,-0.0016159372350250667,1.950700289479791,-0.1275866964974085
2025-01-13 00:00:00+00:00,6593.56228683687,0.0,-0.009949990216474913,1.9312908406841922,-0.13626720033198192
2025-01-14 00:00:00+00:00,6745.387288693339,0.0,0.023026248217836054,1.9757612229626196,-0.1163786744929397
2025-01-15 00:00:00+00:00,7068.223157422133,0.0,0.0478602421049914,2.0703216334352645,-0.07408834392503827
2025-01-16 00:00:00+00:00,6968.504242071326,0.0,-0.014108059851802413,2.0411134119182783,-0.0871511609864255
2025-01-17 00:00:00+00:00,7268.902507415007,0.0,0.043107997772329654,2.129101724332324,-0.04780007526775454
2025-01-18 00:00:00+00:00,7210.13400239243,0.0,-0.008084921343026186,2.1118881043597955,-0.05549853676205019
2025-01-19 00:00:00+00:00,6992.540669249527,0.0,-0.03017881957127322,2.048153814303603,-0.08400247600591182
2025-01-20 00:00:00+00:00,7076.59215113971,0.0,0.012020163466450517,2.072772957955966,-0.07299203603263904
2025-01-21 00:00:00+00:00,7304.206144955255,0.0,0.03216435099751891,2.1394423549138275,-0.04317542650209749
2025-01-22 00:00:00+00:00,7132.167595136836,0.0,-0.023553353561528323,2.0890513127040333,-0.06571185397805213
2025-01-23 00:00:00+00:00,7191.412039451923,0.0,0.008306653415643739,2.106404337926161,-0.0579510461587035
2025-01-24 00:00:00+00:00,7227.972587337331,0.0,0.005083917829327156,2.117113124495516,-0.0531617466861708
2025-01-25 00:00:00+00:00,7225.828565315983,0.0,-0.0002966284107253081,2.1164851285940713,-0.05344260581246507
2025-01-26 00:00:00+00:00,7069.594171611757,0.0,-0.02162165795825155,2.0707232110698843,-0.0739087460274418
2025-01-27 00:00:00+00:00,7114.650790844669,100.0,-0.0077717870974426395,2.0546299911357164,-0.08110613008612022
2025-01-28 00:00:00+00:00,7020.287712083551,0.0,-0.013263205958407354,2.027379010394963,-0.09329360873670589
2025-01-29 00:00:00+00:00,7167.369169135783,0.0,0.02095091584338782,2.0698544574243987,-0.0742972794386868
2025-01-30 00:00:00+00:00,7289.6408779521225,0.0,0.01705949643878646,2.1051651321696365,-0.0585052571738961
2025-01-31 00:00:00+00:00,7194.7614111435905,0.0,-0.01301565720411546,2.07776502445126,-0.0707594300059976
2025-02-01 00:00:00+00:00,7003.516703157349,0.0,-0.02658110492587462,2.0225357343250088,-0.0954596710983876
2025-02-02 00:00:00+00:00,6717.767073907867,0.0,-0.04080087781052333,1.940014500961397,-0.13236571053259294
2025-02-03 00:00:00+00:00,6917.193341757567,0.0,0.029686392168058573,1.9976065322486574,-0.1066087787570087
2025-02-04 00:00:00+00:00,6649.201214712039,0.0,-0.03874289958439059,1.920213462960625,-0.141221345131202
2025-02-05 00:00:00+00:00,6617.259696781366,0.0,-0.004803812803859553,1.910989116941111,-0.14534675702914202
2025-02-06 00:00:00+00:00,6561.390103330536,0.0,-0.008443010552843466,1.8948546156604082,-0.15256260337856686
2025-02-07 00:00:00+00:00,6525.332870300428,0.0,-0.0054953649245462755,1.8844416980683933,-0.15721958112370915
2025-02-08 00:00:00+00:00,6527.391753044797,0.0,0.000315521489139714,1.885036279919165,-0.1569536657909275
2025-02-09 00:00:00+00:00,6525.613725382942,0.0,-0.00027239481390495257,1.8845228058124923,-0.15718330724024754
2025-02-10 00:00:00+00:00,6595.072190527273,0.0,0.010643974355110108,1.9045816182291806,-0.14821238797645409
2025-02-11 00:00:00+00:00,6476.216968552169,0.0,-0.018021822739987536,1.8702575859116157,-0.16356315333245963
2025-02-12 00:00:00+00:00,6658.595320494765,0.0,0.02816124796747932,1.922926373551532,-0.14000804788431853
2025-02-13 00:00:00+00:00,6558.675821971634,0.0,-0.015006092683780392,1.894070762165932,-0.15291316682507172
2025-02-14 00:00:00+00:00,6632.426699034816,0.0,0.011244781578640506,1.915369174180977,-0.14338786040787732
2025-02-15 00:00:00+00:00,6619.039494544394,0.0,-0.0020184474096592853,1.9115031022328102,-0.14511688696211977
2025-02-16 00:00:00+00:00,6524.9478645875615,0.0,-0.014215299672163284,1.884330512810301,-0.15726930659862515
2025-02-17 00:00:00+00:00,6549.76766372964,0.0,0.0038038310277974663,1.8914981876815542,-0.15406370143898773
2025-02-18 00:00:00+00:00,6506.5571963217235,0.0,-0.006597251937225379,1.8790194975986139,-0.15964455632343866
2025-02-19 00:00:00+00:00,6581.1926139271445,0.0,0.01147080020254232,1.900573354832249,-0.15000500692990593
2025-02-20 00:00:00+00:00,6681.75194581094,0.0,0.015279803795894331,1.9296137427937905,-0.13701725020830235
2025-02-21 00:00:00+00:00,6529.190439772678,0.0,-0.022832560573265437,1.8855557201284459,-0.15672135611660443
2025-02-22 00:00:00+00:00,6600.97624682248,0.0,0.010994595380848127,1.906286642339302,-0.14744984863379618
2025-02-23 00:00:00+00:00,6614.620735253591,0.0,0.0020670409831695657,1.9102270149546858,-0.14568759253071484
2025-02-24 00:00:00+00:00,6203.88261386522,0.0,-0.06209549085698618,1.7916105308127992,-0.19873654081773362
2025-02-25 00:00:00+00:00,6040.931796799439,0.0,-0.026265941380257285,1.7445521936342185,-0.21978247986675725
2025-02-26 00:00:00+00:00,5721.145914450663,0.0,-0.05293651593918047,1.6522016786291684,-0.2610844770573185
2025-02-27 00:00:00+00:00,5830.487808943814,100.0,0.0016328712172075655,1.654899511195224,-0.25987792316795755
2025-02-28 00:00:00+00:00,5773.428553006599,0.0,-0.009786360559692397,1.638704067888609,-0.2671210246700243
2025-03-01 00:00:00+00:00,5855.55591466789,0.0,0.01422505897618187,1.6620147298988335,-0.2566957780235516
2025-03-02 00:00:00+00:00,6298.662411258211,0.0,0.07567283158894633,1.787784090652816,-0.20044784281457506
2025-03-03 00:00:00+00:00,5862.240257975247,0.0,-0.06928806860690051,1.6639119839253385,-0.25584726753643416
2025-03-04 00:00:00+00:00,5919.7856596553665,0.0,0.009816281685458339,1.6802454126593593,-0.2485424546975683
2025-03-05 00:00:00+00:00,6100.008052927052,0.0,0.030444074098820773,1.7313989285065645,-0.2256650255062631
2025-03-06 00:00:00+00:00,6063.458587443194,0.0,-0.005991707743126629,1.7210248921401905,-0.23030461436871097
2025-03-07 00:00:00+00:00,5893.74853005038,0.0,-0.027988985979761738,1.6728551505632578,-0.25184760772583237
2025-03-08 00:00:00+00:00,5862.3400191698265,0.0,-0.005329123005573089,1.6639402996953998,-0.2558346038511752
2025-03-09 00:00:00+00:00,5564.787075283498,0.0,-0.05075668468791161,1.5794842065642511,-0.29360597221915596
2025-03-10 00:00:00+00:00,5448.841253424059,0.0,-0.02083562592617838,1.5465746644799718,-0.308324133938484
2025-03-11 00:00:00+00:00,5683.991943559355,0.0,0.04315609121251729,1.6133187817672379,-0.2784741071732364
2025-03-12 00:00:00+00:00,5724.499868182499,0.0,0.00712666819822716,1.624816369422861,-0.2733320315386304
2025-03-13 00:00:00+00:00,5585.466378123049,0.0,-0.024287447508247073,1.5853537271399627,-0.2909809416785605
2025-03-14 00:00:00+00:00,5740.93227190713,0.0,0.02783400404897307,1.629480469200231,-0.2712461023384425
2025-03-15 00:00:00+00:00,5760.1926886259425,0.0,0.00335492839953222,1.6349472595028338,-0.2688011851909079
2025-03-16 00:00:00+00:00,5664.556944750027,0.0,-0.016602872342232233,1.6078024388670258,-0.28094118576997484
2025-03-17 00:00:00+00:00,5742.38694193462,0.0,0.013739820773931433,1.6298933562169486,-0.27106144653653863
2025-03-18 00:00:00+00:00,5672.174579444862,0.0,-0.012227034367367828,1.6099645941353395,-0.27997420328143574
2025-03-19 00:00:00+00:00,5896.144425261517,0.0,0.039485710934971996,1.673535190714907,-0.2515434728064836
2025-03-20 00:00:00+00:00,5753.954903062663,0.0,-0.02411567830490302,1.6331767544236917,-0.26959300964148736
2025-03-21 00:00:00+00:00,5746.6571548069705,0.0,-0.0012683012603745825,1.6311053942876417,-0.27051938574794543
2025-03-22 00:00:00+00:00,5733.200237146771,0.0,-0.002341694884119394,1.6272858431303787,-0.2722276067704038
2025-03-23 00:00:00+00:00,5854.752204397286,0.0,0.021201416699690778,1.6617866083800936,-0.25679780099901184
2025-03-24 00:00:00+00:00,5931.506515657711,0.0,0.013109745482102309,1.6835722078615227,-0.2470546093283701
2025-03-25 00:00:00+00:00,5925.79789817003,0.0,-0.0009624228638394072,1.6819518994757523,-0.24777926118757498
2025-03-26 00:00:00+00:00,5899.572631964395,0.0,-0.0044256092860900376,1.6745082375306757,-0.25110829627445275
2025-03-27 00:00:00+00:00,6017.209036094455,100.0,0.002989437579682175,1.6795140753834372,-0.24886953127222333
2025-03-28 00:00:00+00:00,5863.049422843121,0.0,-0.025619786902300046,1.6364852826727,-0.26811333381685376
2025-03-29 00:00:00+00:00,5765.5426973856165,0.0,-0.01663071866281851,1.6092693563407274,-0.2802851350552138
2025-03-30 00:00:00+00:00,5751.3463937394345,0.0,-0.002462266674847391,1.6053069060337566,-0.2820572649825597
2025-03-31 00:00:00+00:00,5760.132673025692,0.0,0.0015276908544097356,1.6077593187126251,-0.28096047043228356
2025-04-01 00:00:00+00:00,5903.349245021238,0.0,0.024863415501906516,1.6477337066808393,-0.26308269184634603
2025-04-02 00:00:00+00:00,5758.281196100728,0.0,-0.024573855094691677,1.607242537338225,-0.2811915909936842
2025-04-03 00:00:00+00:00,5796.5406599594035,0.0,0.006644250698382592,1.6179214596894047,-0.2764156477201407
2025-04-04 00:00:00+00:00,5833.7008780281085,0.0,0.006410757768921638,1.6282935622566137,-0.27177692371229245
2025-04-05 00:00:00+00:00,5814.3800684090065,0.0,-0.003311930114872963,1.6229007677719223,-0.27418874764899515
2025-04-06 00:00:00+00:00,5533.9137096324985,0.0,-0.04823667449954849,1.5446174316918406,-0.3091994687767603
2025-04-07 00:00:00+00:00,5574.173998495494,0.0,0.007275192743413594,1.5558548212222352,-0.3041737617648588
2025-04-08 00:00:00+00:00,5567.656202416255,0.0,-0.0011692846475546137,1.554035584065956,-0.3049873807025928
2025-04-09 00:00:00+00:00,5567.656202416255,0.0,0.0,1.554035584065956,-0.3049873807025928
2025-04-10 00:00:00+00:00,5567.656202416255,0.0,0.0,1.554035584065956,-0.3049873807025928
2025-04-11 00:00:00+00:00,5567.656202416255,0.0,0.0,1.554035584065956,-0.3049873807025928
2025-04-12 00:00:00+00:00,5567.656202416255,0.0,0.0,1.554035584065956,-0.3049873807025928
2025-04-13 00:00:00+00:00,5567.656202416255,0.0,0.0,1.554035584065956,-0.3049873807025928
2025-04-14 00:00:00+00:00,5567.656202416255,0.0,0.0,1.554035584065956,-0.3049873807025928
2025-04-15 00:00:00+00:00,5567.656202416255,0.0,0.0,1.554035584065956,-0.3049873807025928
2025-04-16 00:00:00+00:00,5567.656202416255,0.0,0.0,1.554035584065956,-0.3049873807025928
2025-04-17 00:00:00+00:00,5567.656202416255,0.0,0.0,1.554035584065956,-0.3049873807025928
2025-04-18 00:00:00+00:00,5567.656202416255,0.0,0.0,1.554035584065956,-0.3049873807025928
2025-04-19 00:00:00+00:00,5567.656202416255,0.0,0.0,1.554035584065956,-0.3049873807025928
2025-04-20 00:00:00+00:00,5567.656202416255,0.0,0.0,1.554035584065956,-0.3049873807025928
2025-04-21 00:00:00+00:00,5567.656202416255,0.0,0.0,1.554035584065956,-0.3049873807025928
2025-04-22 00:00:00+00:00,5567.656202416255,0.0,0.0,1.554035584065956,-0.3049873807025928
2025-04-23 00:00:00+00:00,5567.656202416255,0.0,0.0,1.554035584065956,-0.3049873807025928
2025-04-24 00:00:00+00:00,5567.656202416255,0.0,0.0,1.554035584065956,-0.3049873807025928
2025-04-25 00:00:00+00:00,5567.656202416255,0.0,0.0,1.554035584065956,-0.3049873807025928
2025-04-26 00:00:00+00:00,5567.656202416255,0.0,0.0,1.554035584065956,-0.3049873807025928
2025-04-27 00:00:00+00:00,5667.656202416255,100.0,0.0,1.554035584065956,-0.3049873807025928
2025-04-28 00:00:00+00:00,5667.656202416255,0.0,0.0,1.554035584065956,-0.3049873807025928
2025-04-29 00:00:00+00:00,5667.656202416255,0.0,0.0,1.554035584065956,-0.3049873807025928
2025-04-30 00:00:00+00:00,5667.656202416255,0.0,0.0,1.554035584065956,-0.3049873807025928
2025-05-01 00:00:00+00:00,5667.656202416255,0.0,0.0,1.554035584065956,-0.3049873807025928
2025-05-02 00:00:00+00:00,5667.656202416255,0.0,0.0,1.554035584065956,-0.3049873807025928
2025-05-03 00:00:00+00:00,5667.656202416255,0.0,0.0,1.554035584065956,-0.3049873807025928
2025-05-04 00:00:00+00:00,5667.656202416255,0.0,0.0,1.554035584065956,-0.3049873807025928
2025-05-05 00:00:00+00:00,5667.656202416255,0.0,0.0,1.554035584065956,-0.3049873807025928
2025-05-06 00:00:00+00:00,5667.656202416255,0.0,0.0,1.554035584065956,-0.3049873807025928
2025-05-07 00:00:00+00:00,5667.656202416255,0.0,0.0,1.554035584065956,-0.3049873807025928
2025-05-08 00:00:00+00:00,5667.656202416255,0.0,0.0,1.554035584065956,-0.3049873807025928
2025-05-09 00:00:00+00:00,5667.656202416255,0.0,0.0,1.554035584065956,-0.3049873807025928
2025-05-10 00:00:00+00:00,5667.656202416255,0.0,0.0,1.554035584065956,-0.3049873807025928
2025-05-11 00:00:00+00:00,5667.656202416255,0.0,0.0,1.554035584065956,-0.3049873807025928
2025-05-12 00:00:00+00:00,5667.656202416255,0.0,0.0,1.554035584065956,-0.3049873807025928
2025-05-13 00:00:00+00:00,5667.656202416255,0.0,0.0,1.554035584065956,-0.3049873807025928
2025-05-14 00:00:00+00:00,5667.656202416255,0.0,0.0,1.554035584065956,-0.3049873807025928
2025-05-15 00:00:00+00:00,5667.656202416255,0.0,0.0,1.554035584065956,-0.3049873807025928
2025-05-16 00:00:00+00:00,5667.656202416255,0.0,0.0,1.554035584065956,-0.3049873807025928
2025-05-17 00:00:00+00:00,5667.656202416255,0.0,0.0,1.554035584065956,-0.3049873807025928
2025-05-18 00:00:00+00:00,5667.656202416255,0.0,0.0,1.554035584065956,-0.3049873807025928
2025-05-19 00:00:00+00:00,5667.656202416255,0.0,0.0,1.554035584065956,-0.3049873807025928
2025-05-20 00:00:00+00:00,5667.656202416255,0.0,0.0,1.554035584065956,-0.3049873807025928
2025-05-21 00:00:00+00:00,5667.656202416255,0.0,0.0,1.554035584065956,-0.3049873807025928
2025-05-22 00:00:00+00:00,5667.656202416255,0.0,0.0,1.554035584065956,-0.3049873807025928
2025-05-23 00:00:00+00:00,5488.859584129161,0.0,-0.03154683557038429,1.5050106790249014,-0.3269128295229101
2025-05-24 00:00:00+00:00,5506.3088451005015,0.0,0.0031790321293323487,1.50979515632851,-0.324773063782122
2025-05-25 00:00:00+00:00,5555.173541386604,0.0,0.008874310842476918,1.523193547854235,-0.31878089006091126
2025-05-26 00:00:00+00:00,5572.1110580662535,0.0,0.0030489626567853367,1.527837708100699,-0.31670387843361847
2025-05-27 00:00:00+00:00,5652.214900866936,100.0,-0.003570667740104727,1.5223823072842684,-0.31914370185183416
2025-05-28 00:00:00+00:00,5606.095594867641,0.0,-0.008159510352697463,1.5099604130872188,-0.3246991558652734
2025-05-29 00:00:00+00:00,5518.672751078232,0.0,-0.01559424778083418,1.486413716266286,-0.33522996455531684
2025-05-30 00:00:00+00:00,5454.691032942059,0.0,-0.011593678593040835,1.4691807133836072,-0.3429370946845469
2025-05-31 00:00:00+00:00,5478.875561654667,0.0,0.004433711930987849,1.4756946374413134,-0.3400238670418403
2025-06-01 00:00:00+00:00,5520.79368319719,0.0,0.00765086212869992,1.4869849736564387,-0.33497448064034485
2025-06-02 00:00:00+00:00,5529.37073587683,0.0,0.0015535905110426462,1.4892951394015743,-0.3339413033038665
2025-06-03 00:00:00+00:00,5510.183439103024,0.0,-0.003470068781843527,1.4841271828313856,-0.3362525727941471
2025-06-04 00:00:00+00:00,5483.062388541622,0.0,-0.004921986874146134,1.476822328317926,-0.3395195289186026
2025-06-05 00:00:00+00:00,5355.910952606658,0.0,-0.023189857587738172,1.4425750288418415,-0.3548359769824624
2025-06-06 00:00:00+00:00,5466.773725585152,0.0,0.0206991441716442,1.4724350973422526,-0.3414816338556643
2025-06-07 00:00:00+00:00,5517.173182675207,0.0,0.009219232333355976,1.4860098186004385,-0.33541060004239776
2025-06-08 00:00:00+00:00,5524.425749539303,0.0,0.0013145439927226832,1.4879632438806065,-0.3345369680390564
2025-06-09 00:00:00+00:00,5705.052751897441,0.0,0.03269606843266937,1.5366137919278235,-0.3127789432066497
2025-06-10 00:00:00+00:00,5705.506211810803,0.0,7.948391243361996e-05,1.5367359280039055,-0.31272432018834895
2025-06-11 00:00:00+00:00,5640.527440215172,0.0,-0.011388782902579275,1.5192343761412752,-0.3205515536999465
2025-06-12 00:00:00+00:00,5521.942288782486,0.0,-0.021023769973568696,1.487294342081343,-0.33483612154385745
2025-06-13 00:00:00+00:00,5537.690149942546,0.0,0.002851869928458095,1.4915359120902907,-0.33293916068139173
2025-06-14 00:00:00+00:00,5511.6889898268055,0.0,-0.004695307865141163,1.4845326917911126,-0.3360712166867721
2025-06-15 00:00:00+00:00,5518.842648987723,0.0,0.0012979068982523767,1.4864594770124695,-0.33520949893896157
2025-06-16 00:00:00+00:00,5566.721953753653,0.0,0.008675606066556707,1.4993554138689296,-0.3294420384349671
2025-06-17 00:00:00+00:00,5477.251959801285,0.0,-0.016072294376412666,1.4752573322823601,-0.34021944338968757
2025-06-18 00:00:00+00:00,5490.636804262431,0.0,0.0024437153082201846,1.4788624412088225,-0.3386071275434329
2025-06-19 00:00:00+00:00,5481.536099105883,0.0,-0.0016574953836834272,1.4764112335394162,-0.33970338317633075
2025-06-20 00:00:00+00:00,5427.272461628354,0.0,-0.009899348740288416,1.46179572385453,-0.3462398896583009
2025-06-21 00:00:00+00:00,5380.29210026147,0.0,-0.008656348414243453,1.449141910758394,-0.3518990649527529
2025-06-22 00:00:00+00:00,5334.18276479677,0.0,-0.008570043151088225,1.4367227020511442,-0.35745331793236845
2025-06-23 00:00:00+00:00,5508.470102438292,0.0,0.03267367192435566,1.483665708264237,-0.3364589584464074
2025-06-24 00:00:00+00:00,5538.344615833334,0.0,0.005423377605665358,1.4917121876407309,-0.33286032482120576
2025-06-25 00:00:00+00:00,5588.49959541513,0.0,0.009055951382730854,1.5052210606890324,-0.32681874035729575
2025-06-26 00:00:00+00:00,5572.805176320497,0.0,-0.0028083421724695024,1.50099388490541,-0.32870926367846653
2025-06-27 00:00:00+00:00,5676.780947945452,100.0,0.0007134237604158322,1.5020647296071405,-0.3282303489170276
2025-06-28 00:00:00+00:00,5686.859174852292,0.0,0.0017753418705521717,1.5047314080138918,-0.32703772812809384
2025-06-29 00:00:00+00:00,5729.733699222349,0.0,0.0075392273752181715,1.5160759202375407,-0.32196411254550816
2025-06-30 00:00:00+00:00,5680.781098119431,0.0,-0.008543608424517624,1.503123161233191,-0.32775698566568956
2025-07-01 00:00:00+00:00,5621.518535598531,0.0,-0.01043211514355269,1.4874424073402654,-0.33476990219567404
2025-07-02 00:00:00+00:00,5840.174297227382,0.0,0.038896209315010255,1.5452982785601952,-0.3088949730688322
2025-07-03 00:00:00+00:00,5881.56584715686,0.0,0.007087382640125872,1.556250398753479,-0.30399684729845655
2025-07-04 00:00:00+00:00,5770.283559077538,0.0,-0.018920520652355943,1.5268053309436267,-0.317165589323251
2025-07-05 00:00:00+00:00,5783.616049945264,0.0,0.002310543447514357,1.5303330809966684,-0.31558787074992445
2025-07-06 00:00:00+00:00,5854.467018101174,0.0,0.012250289013666427,1.5490801035260522,-0.3072036243621522
2025-07-07 00:00:00+00:00,5800.716366568526,0.0,-0.009181134912274569,1.5348577901056593,-0.31356428135361814
2025-07-08 00:00:00+00:00,5868.228176712422,0.0,0.011638529774182782,1.5527212781949404,-0.3055751788040897
2025-07-09 00:00:00+00:00,6047.562426370704,0.0,0.03056020390787717,1.6001727570686775,-0.28435341466965147
2025-07-10 00:00:00+00:00,6342.844932929039,0.0,0.04882669838524367,1.6783039096423535,-0.249410754697297
2025-07-11 00:00:00+00:00,6408.099692219997,0.0,0.010287932304979819,1.695570186651937,-0.241688743352777
2025-07-12 00:00:00+00:00,6395.387327518229,0.0,-0.001983796337813315,1.6922065207251515,-0.2431930784466363
2025-07-13 00:00:00+00:00,6478.87461853431,0.0,0.013054297846332164,1.714297088664203,-0.23331349548051294
2025-07-14 00:00:00+00:00,6532.657943228534,0.0,0.008301337479253768,1.728528047336907,-0.2269489720657073
2025-07-15 00:00:00+00:00,6517.937136843097,0.0,-0.0022534176002122486,1.7246329518125774,-0.22869097885791656
2025-07-16 00:00:00+00:00,6683.828308950742,0.0,0.025451483901238303,1.7685274196211802,-0.20906001972343902
2025-07-17 00:00:00+00:00,6764.989819716728,0.0,0.012142967624900969,1.79000259082139,-0.19945566114970092
2025-07-18 00:00:00+00:00,6753.5171411035735,0.0,-0.0016958900041086356,1.7869669433202873,-0.2008132962918029
2025-07-19 00:00:00+00:00,6775.312101431351,0.0,0.0032272014525775994,1.7927338456354787,-0.19823415980071513
2025-07-20 00:00:00+00:00,6844.194621629569,0.0,0.010166693307555041,1.8109600208261283,-0.19008285239893485
2025-07-21 00:00:00+00:00,6852.010553794135,0.0,0.0011419798232892298,1.8130281006306952,-0.18915794335783842
2025-07-22 00:00:00+00:00,6947.093011959863,0.0,0.013876577891882791,1.8381867262892693,-0.1779062304008291
2025-07-23 00:00:00+00:00,6832.654102389468,0.0,-0.016472920309744232,1.8079064228326764,-0.19144851555457343
2025-07-24 00:00:00+00:00,6859.872129444191,0.0,0.0039835218711283815,1.8151082576089839,-0.1882276330323518
2025-07-25 00:00:00+00:00,6840.564985555984,0.0,-0.0028145049242734865,1.809999626479854,-0.19051237035657143
2025-07-26 00:00:00+00:00,6861.957092018195,0.0,0.0031272426338146975,1.8156599344789703,-0.18798090612960483
2025-07-27 00:00:00+00:00,7097.738829597486,100.0,0.01978761099180182,1.8515875069558405,-0.17191298818218215
2025-07-28 00:00:00+00:00,7000.646547518036,0.0,-0.013679325826216227,1.8262590381524402,-0.18324066022929586
2025-07-29 00:00:00+00:00,6993.107710444537,0.0,-0.001076877260168474,1.8242923813230767,-0.18412020978932508
2025-07-30 00:00:00+00:00,6997.826248711885,0.0,0.0006747412542067455,1.8255233066524905,-0.18356970203639633
2025-07-31 00:00:00+00:00,6849.171283608668,0.0,-0.02124302030656733,1.7867436779791597,-0.20091314743493405
2025-08-01 00:00:00+00:00,6628.344452504663,0.0,-0.032241394171654614,1.7291365707737216,-0.22667682162587122
2025-08-02 00:00:00+00:00,6543.825872376007,0.0,-0.01275108448787976,1.7070882042687032,-0.23653753080975548
2025-08-03 00:00:00+00:00,6670.513893550377,0.0,0.019359931582099144,1.7401373151079538,-0.22175694964073178
2025-08-04 00:00:00+00:00,6833.020507782904,0.0,0.024361933252196932,1.782530424228271,-0.20279744439389324
2025-08-05 00:00:00+00:00,6732.990731760932,0.0,-0.014639173979945852,1.7564356512234465,-0.21446783130266855
2025-08-06 00:00:00+00:00,6808.967707877724,0.0,0.011284283484662039,1.7762557690344187,-0.20560366362476645
2025-08-07 00:00:00+00:00,7039.935053996331,0.0,0.033921051769916,1.8365082329324471,-0.1786569043727506
2025-08-08 00:00:00+00:00,7063.838411939796,0.0,0.0033953946677243163,1.8427439031937778,-0.17586812040548572
2025-08-09 00:00:00+00:00,7198.309614935499,0.0,0.01903656272323695,1.8778234130897886,-0.16017948218736555
2025-08-10 00:00:00+00:00,7308.541389179037,0.0,0.015313563897671578,1.906579581914683,-0.14731883702526605
2025-08-11 00:00:00+00:00,7268.049907396771,0.0,-0.005540295884787216,1.8960165669029816,-0.1520429429635306
2025-08-12 00:00:00+00:00,7536.760575027562,0.0,0.03697149456243021,1.9661151330965128,-0.12069270324013248
2025-08-13 00:00:00+00:00,7757.195832614008,0.0,0.029248011183589995,2.023620090497545,-0.09497471359068754
2025-08-14 00:00:00+00:00,7436.549660410041,0.0,-0.04133532002065199,1.9399731064566084,-0.1323842234311987
2025-08-15 00:00:00+00:00,7336.306723421634,0.0,-0.013479764348521717,1.9138227261391036,-0.14407947964440582
2025-08-16 00:00:00+00:00,7327.921826613283,0.0,-0.0011429316036613013,1.911635357661594,-0.14505773825734247
2025-08-17 00:00:00+00:00,7357.619654101918,0.0,0.004052694364284681,1.9193826315021565,-0.14159291857138923
2025-08-18 00:00:00+00:00,7218.536148888863,0.0,-0.018903329031898952,1.8830999100807593,-0.15781967007494624
2025-08-19 00:00:00+00:00,6945.833596186563,0.0,-0.037778096151014795,1.8119599806157611,-0.18963563955534823
2025-08-20 00:00:00+00:00,7151.655054883548,0.0,0.029632362458263506,1.8656526355212355,-0.16562262910339343
2025-08-21 00:00:00+00:00,7015.91673935349,0.0,-0.01897998637914844,1.8302425739108201,-0.18145910023808065
2025-08-22 00:00:00+00:00,7543.514113563361,0.0,0.07520006206038432,1.9678769290544713,-0.11990477377702158
2025-08-23 00:00:00+00:00,7451.573659671744,0.0,-0.012188013770174644,1.9438924179451464,-0.1306313865132922
2025-08-24 00:00:00+00:00,7372.945022560358,0.0,-0.010551950594936521,1.9233805611891175,-0.13980492117159238
2025-08-25 00:00:00+00:00,7004.148650217056,0.0,-0.050020225461444245,1.8271726318702786,-0.18283207295541426
2025-08-26 00:00:00+00:00,7199.734757454256,0.0,0.02792432271281675,1.878195190094651,-0.1600132120500577
2025-08-27 00:00:00+00:00,7224.428913926107,100.0,-0.010459530255636285,1.8585501506778654,-0.1687990792729549
2025-08-28 00:00:00+00:00,7281.168817305762,0.0,0.007853894619999746,1.873147007707274,-0.16227091483351785
2025-08-29 00:00:00+00:00,7019.942523219257,0.0,-0.03587697259066791,1.8059441638534686,-0.192326098260441
2025-08-30 00:00:00+00:00,7045.977782162379,0.0,0.0037087567108999853,1.8126419713906707,-0.18933063225714575
2025-08-31 00:00:00+00:00,7032.825323837838,0.0,-0.0018666619071433521,1.8092583816713865,-0.1908438778851993
2025-09-01 00:00:00+00:00,7029.181262368721,0.0,-0.0005181504304914153,1.8083209136620533,-0.19126314247820786
2025-09-02 00:00:00+00:00,7119.207381262671,0.0,0.012807482910693002,1.8314809528608287,-0.18090525899624998
2025-09-03 00:00:00+00:00,7210.277915953531,0.0,0.012792229501636943,1.8549096775377012,-0.1704272110857461
2025-09-04 00:00:00+00:00,7081.32819528099,0.0,-0.017884154005662567,1.821736187198023,-0.18526341860159556
2025-09-05 00:00:00+00:00,7084.117937833639,0.0,0.00039395752826543173,1.8224538738834832,-0.1849424469918005
2025-09-06 00:00:00+00:00,7044.676262300054,0.0,-0.005567619833506954,1.8123071435495979,-0.18948037758937863
2025-09-07 00:00:00+00:00,7103.192171951367,0.0,0.008306401525427498,1.8273608943713213,-0.1827478761613982
2025-09-08 00:00:00+00:00,7141.791198319175,0.0,0.00543403943373888,1.8372908455310075,-0.1783068958931523
2025-09-09 00:00:00+00:00,7122.419585239073,0.0,-0.002712430613297845,1.8323073215960572,-0.18053568142346754
2025-09-10 00:00:00+00:00,7245.258674735798,0.0,0.01724682013276846,1.863908796399579,-0.16640252771575648
2025-09-11 00:00:00+00:00,7371.8102345578445,0.0,0.017466810434709767,1.8964653380138785,-0.15184223868851432
2025-09-12 00:00:00+00:00,7541.12991550281,0.0,0.022968534940200014,1.9400243683929286,-0.1323612975130296
2025-09-13 00:00:00+00:00,7510.10805372032,0.0,-0.00411368881455243,1.9320437118487115,-0.135930493138523
2025-09-14 00:00:00+00:00,7447.220378806221,0.0,-0.008373737696483086,1.9158652845875508,-0.14316598454051055
2025-09-15 00:00:00+00:00,7403.870248533498,0.0,-0.005820981261155045,1.9047130686670692,-0.14815359928842042
2025-09-16 00:00:00+00:00,7450.585116992956,0.0,0.006309520141673186,1.9167308941379322,-0.14277885726551898
2025-09-17 00:00:00+00:00,7488.076633913605,0.0,0.005032023167568456,1.9263759284032285,-0.1384653006155495
2025-09-18 00:00:00+00:00,7512.383438620171,0.0,0.0032460678348935623,1.9326290753423314,-0.13566870053923297
2025-09-19 00:00:00+00:00,7383.6753915506015,0.0,-0.017132784571125326,1.8995177577385982,-0.15047710249097512
2025-09-20 00:00:00+00:00,7392.731963227941,0.0,0.0012265668785633732,1.9018476433054834,-0.14943510584230923
2025-09-21 00:00:00+00:00,7353.405401347223,0.0,-0.005319625014991947,1.891730527007452,-0.15395979213014455
2025-09-22 00:00:00+00:00,7103.990879996413,0.0,-0.03391823349017509,1.8275663692919213,-0.18265598144275053
2025-09-23 00:00:00+00:00,7056.7793979408325,0.0,-0.006645768956224263,1.8154207854494415,-0.18808786094783392
2025-09-24 00:00:00+00:00,7104.424470789321,0.0,0.006751673838974126,1.8276779144732904,-0.1826060949990499
2025-09-25 00:00:00+00:00,6764.341914028308,0.0,-0.04786912130029719,1.7401885786874942,-0.22173402298766398
2025-09-26 00:00:00+00:00,6882.649179867751,0.0,0.017489841191216327,1.770624200571507,-0.2081222746451914
2025-09-27 00:00:00+00:00,6974.019778478092,100.0,-0.0012537906791617592,1.7684042084525322,-0.20911512355627704
2025-09-28 00:00:00+00:00,7153.155167650619,0.0,0.0256861028305857,1.8138276207968844,-0.18880037329278854
2025-09-29 00:00:00+00:00,7286.365937693268,0.0,0.01862265908127947,1.8476059142111931,-0.1736936791977589
2025-09-30 00:00:00+00:00,7234.146501272671,0.0,-0.007166732616386895,1.8343646166435865,-0.17961559565817897
2025-10-01 00:00:00+00:00,7544.670488332589,0.0,0.04292475788336447,1.9131042736828232,-0.14440079373051817
2025-10-02 00:00:00+00:00,7706.231894341145,0.0,0.02141397775534415,1.954071446043121,-0.12607901135997335
2025-10-03 00:00:00+00:00,7794.589489844664,0.0,0.011465732762130143,1.9764763070415607,-0.11605886684901012
2025-10-04 00:00:00+00:00,7786.130744509435,0.0,-0.0010852072897808984,1.97433142054508,-0.11701812621044283
2025-10-05 00:00:00+00:00,7847.997210937074,0.0,0.007945726633381334,1.9900189182964265,-0.11000219361908026
2025-10-06 00:00:00+00:00,7997.337964712649,0.0,0.019029154797284065,2.027887296342213,-0.09306628759221436
2025-10-07 00:00:00+00:00,7718.432766761783,0.0,-0.034874754472238645,1.9571652247849067,-0.12469537813503173
2025-10-08 00:00:00+00:00,7847.297848819677,0.0,0.016695757539384237,1.98984158084243,-0.11008150439527187
2025-10-09 00:00:00+00:00,7685.412213827875,0.0,-0.020629475025744193,1.9487921936452537,-0.1284400557752975
2025-10-10 00:00:00+00:00,6994.877574767708,0.0,-0.08985004575522082,1.7736931258788105,-0.20674975664230466
2025-10-11 00:00:00+00:00,6856.520604295909,0.0,-0.019779755827448287,1.738609908936104,-0.2224400527659839
2025-10-12 00:00:00+00:00,7276.594400651138,0.0,0.061266321593496764,1.8451281427426234,-0.17480181498052227
2025-10-13 00:00:00+00:00,7337.440948168487,0.0,0.008361953981096404,1.8605570193614631,-0.16790154573210514
2025-10-14 00:00:00+00:00,7179.388803013015,0.0,-0.0215404997835007,1.820479691288717,-0.18582536230611402
2025-10-15 00:00:00+00:00,7002.116390195006,0.0,-0.024691852981079898,1.775528674396374,-0.20592884276097545
2025-10-16 00:00:00+00:00,6840.501338875625,0.0,-0.023080886165458336,1.7345478991791243,-0.22425670874848314
2025-10-17 00:00:00+00:00,6729.360015533961,0.0,-0.0162475406166549,1.706365761735678,-0.23686062938118968
2025-10-18 00:00:00+00:00,6794.958626896676,0.0,0.009748120357848,1.7229996205555884,-0.22942145494658517
2025-10-19 00:00:00+00:00,6911.201934670744,0.0,0.017107287057486875,1.7524754696643738,-0.21623894657601583
2025-10-20 00:00:00+00:00,6988.63687686546,0.0,0.011204265614965792,1.7721106703102054,-0.2074574795547881
2025-10-21 00:00:00+00:00,6832.213109353218,0.0,-0.022382586227945644,1.7324462504265248,-0.22519663085796637
2025-10-22 00:00:00+00:00,6761.768869243817,0.0,-0.01031060345775281,1.714583684126506,-0.23318532115492074
2025-10-23 00:00:00+00:00,6897.486234614051,0.0,0.020071281345854564,1.748997575641621,-0.21779436799569007
2025-10-24 00:00:00+00:00,6982.406004981671,0.0,0.012311698418687955,1.770530706327937,-0.20816408815305387
2025-10-25 00:00:00+00:00,7020.515445003212,0.0,0.005457923815136434,1.7801941280354345,-0.20384230807210413
2025-10-26 00:00:00+00:00,7263.438910301476,0.0,0.03460194158124996,1.8417923012570008,-0.17629370612655226
2025-10-27 00:00:00+00:00,7321.142556487883,100.0,-0.005823185730055025,1.8310672026105959,-0.18109030086279265
2025-10-28 00:00:00+00:00,7185.349767231689,0.0,-0.018548032388176372,1.797104508831647,-0.19627946448538125
2025-10-29 00:00:00+00:00,7017.311365327167,0.0,-0.02338625221431112,1.7550769695326345,-0.2150754756387474
2025-10-30 00:00:00+00:00,6886.457873395177,0.0,-0.018647240391603925,1.7223496273759917,-0.22971215193377703
2025-10-31 00:00:00+00:00,6966.8158701145385,0.0,0.011668988353187082,1.7424477051179583,-0.22072367200609067
2025-11-01 00:00:00+00:00,7003.096933651306,0.0,0.005207696631168712,1.7515218441618887,-0.21666543729804733
2025-11-02 00:00:00+00:00,7041.562416769373,0.0,0.005492638968515928,1.7611423212973392,-0.21236286335356525
2025-11-03 00:00:00+00:00,6691.998119537924,0.0,-0.04964300201315652,1.6737139294957202,-0.251463535313741
2025-11-04 00:00:00+00:00,6286.028685030762,0.0,-0.06066490564632643,1.5721782318839201,-0.29687342931676763
2025-11-05 00:00:00+00:00,6469.763894971711,0.0,0.029229139596274267,1.6181316488938788,-0.2763216446284179
2025-11-06 00:00:00+00:00,6296.402131695959,0.0,-0.02679568622442141,1.5747727009603127,-0.2957131027663601
2025-11-07 00:00:00+00:00,6453.561363172994,0.0,0.024960164263635454,1.614079286254171,-0.27813398612268236
2025-11-08 00:00:00+00:00,6389.226913232409,0.0,-0.00996882904185381,1.5979888057895058,-0.28533014500614984
2025-11-09 00:00:00+00:00,6600.652997089101,0.0,0.03309102755746829,1.650867897398412,-0.26168098514005644
2025-11-10 00:00:00+00:00,6646.132195950864,0.0,0.006890106006454122,1.6622425522141393,-0.2565938888610906
2025-11-11 00:00:00+00:00,6430.698492734295,0.0,-0.03241489890132221,1.6083611279346421,-0.2806913227962835
2025-11-12 00:00:00+00:00,6369.22452119211,0.0,-0.0095594547950959,1.5929860724379614,-0.28756752157973264
2025-11-13 00:00:00+00:00,6175.993780955735,0.0,-0.03033818945986988,1.5446577591654045,-0.3091814330874114
2025-11-14 00:00:00+00:00,5887.75869881547,0.0,-0.04667023516588786,1.4725682182943416,-0.3414220980621836
2025-11-15 00:00:00+00:00,5963.605052222771,0.0,0.012882041755984286,1.4915379035709446,-0.3329382700298522
2025-11-16 00:00:00+00:00,5863.3689527974875,0.0,-0.01680797077397389,1.46646817807945,-0.3441502240916269
2025-11-17 00:00:00+00:00,5819.151089038212,0.0,-0.007541374952735658,1.4554089916922976,-0.3490962331644195
2025-11-18 00:00:00+00:00,5874.328891198117,0.0,0.009482105089837933,1.4692093327002191,-0.3429242952439132
2025-11-19 00:00:00+00:00,5815.585054545986,0.0,-0.010000093243017205,1.4545171023797059,-0.34949511355919527
2025-11-20 00:00:00+00:00,5701.148853709905,0.0,-0.019677504457892403,1.4258958356135485,-0.36229542636201506
2025-11-21 00:00:00+00:00,5660.241172798251,0.0,-0.007175339911539846,1.4156645483145722,-0.36687117344101117
2025-11-22 00:00:00+00:00,5662.796033080433,0.0,0.0004513695095642589,1.4163035361274525,-0.36658539839307613
2025-11-23 00:00:00+00:00,5681.966460115819,0.0,0.0033853288946659177,1.4210981894119223,-0.3644410816399529
2025-11-24 00:00:00+00:00,5772.4456104370165,0.0,0.015923914890436208,1.4437276360310707,-0.3543204955161299
2025-11-25 00:00:00+00:00,5776.023611487941,0.0,0.000619841448909364,1.4446225182608188,-0.35392027659653946
2025-11-26 00:00:00+00:00,5816.231248715719,0.0,0.006961127573614556,1.4546787199061486,-0.3494228332192024
2025-11-27 00:00:00+00:00,5909.242746527598,100.0,-0.001201551638728926,1.4529308483064214,-0.35020453528006745
2025-11-28 00:00:00+00:00,5918.97821590466,0.0,0.0016474986380925483,1.455324549900249,-0.3491339981369026
2025-11-29 00:00:00+00:00,5893.300303898201,0.0,-0.004338233909606415,1.449011011588389,-0.351957607096795
2025-11-30 00:00:00+00:00,5894.584505260753,0.0,0.00021790869229976195,1.4493267636830522,-0.35181639302640266
2025-12-01 00:00:00+00:00,5891.835470823342,0.0,-0.00046636610857941907,1.4486508468002133,-0.35211868389283196
2025-12-02 00:00:00+00:00,5891.835470823342,0.0,0.0,1.4486508468002133,-0.35211868389283196
2025-12-03 00:00:00+00:00,5891.835470823342,0.0,0.0,1.4486508468002133,-0.35211868389283196
2025-12-04 00:00:00+00:00,5891.835470823342,0.0,0.0,1.4486508468002133,-0.35211868389283196
2025-12-05 00:00:00+00:00,5891.835470823342,0.0,0.0,1.4486508468002133,-0.35211868389283196
2025-12-06 00:00:00+00:00,5891.835470823342,0.0,0.0,1.4486508468002133,-0.35211868389283196
2025-12-07 00:00:00+00:00,5891.835470823342,0.0,0.0,1.4486508468002133,-0.35211868389283196
2025-12-08 00:00:00+00:00,5891.835470823342,0.0,0.0,1.4486508468002133,-0.35211868389283196
2025-12-09 00:00:00+00:00,5891.835470823342,0.0,0.0,1.4486508468002133,-0.35211868389283196
2025-12-10 00:00:00+00:00,5891.835470823342,0.0,0.0,1.4486508468002133,-0.35211868389283196
2025-12-11 00:00:00+00:00,5891.835470823342,0.0,0.0,1.4486508468002133,-0.35211868389283196
2025-12-12 00:00:00+00:00,5891.835470823342,0.0,0.0,1.4486508468002133,-0.35211868389283196
2025-12-13 00:00:00+00:00,5891.835470823342,0.0,0.0,1.4486508468002133,-0.35211868389283196
2025-12-14 00:00:00+00:00,5891.835470823342,0.0,0.0,1.4486508468002133,-0.35211868389283196
2025-12-15 00:00:00+00:00,5891.835470823342,0.0,0.0,1.4486508468002133,-0.35211868389283196
2025-12-16 00:00:00+00:00,5891.835470823342,0.0,0.0,1.4486508468002133,-0.35211868389283196
2025-12-17 00:00:00+00:00,5891.835470823342,0.0,0.0,1.4486508468002133,-0.35211868389283196
2025-12-18 00:00:00+00:00,5891.835470823342,0.0,0.0,1.4486508468002133,-0.35211868389283196
2025-12-19 00:00:00+00:00,5891.835470823342,0.0,0.0,1.4486508468002133,-0.35211868389283196
2025-12-20 00:00:00+00:00,5891.835470823342,0.0,0.0,1.4486508468002133,-0.35211868389283196
2025-12-21 00:00:00+00:00,5891.835470823342,0.0,0.0,1.4486508468002133,-0.35211868389283196
2025-12-22 00:00:00+00:00,5891.835470823342,0.0,0.0,1.4486508468002133,-0.35211868389283196
2025-12-23 00:00:00+00:00,5891.835470823342,0.0,0.0,1.4486508468002133,-0.35211868389283196
2025-12-24 00:00:00+00:00,5891.835470823342,0.0,0.0,1.4486508468002133,-0.35211868389283196
2025-12-25 00:00:00+00:00,5891.835470823342,0.0,0.0,1.4486508468002133,-0.35211868389283196
2025-12-26 00:00:00+00:00,5891.835470823342,0.0,0.0,1.4486508468002133,-0.35211868389283196
2025-12-27 00:00:00+00:00,5991.835470823342,100.0,0.0,1.4486508468002133,-0.35211868389283196
2025-12-28 00:00:00+00:00,5991.835470823342,0.0,0.0,1.4486508468002133,-0.35211868389283196
2025-12-29 00:00:00+00:00,5991.835470823342,0.0,0.0,1.4486508468002133,-0.35211868389283196
2025-12-30 00:00:00+00:00,5991.835470823342,0.0,0.0,1.4486508468002133,-0.35211868389283196
2025-12-31 00:00:00+00:00,5991.835470823342,0.0,0.0,1.4486508468002133,-0.35211868389283196
2026-01-01 00:00:00+00:00,5991.835470823342,0.0,0.0,1.4486508468002133,-0.35211868389283196
2026-01-02 00:00:00+00:00,5991.835470823342,0.0,0.0,1.4486508468002133,-0.35211868389283196
2026-01-03 00:00:00+00:00,5991.835470823342,0.0,0.0,1.4486508468002133,-0.35211868389283196
2026-01-04 00:00:00+00:00,5991.835470823342,0.0,0.0,1.4486508468002133,-0.35211868389283196
2026-01-05 00:00:00+00:00,5991.835470823342,0.0,0.0,1.4486508468002133,-0.35211868389283196
2026-01-06 00:00:00+00:00,5991.835470823342,0.0,0.0,1.4486508468002133,-0.35211868389283196
2026-01-07 00:00:00+00:00,5991.835470823342,0.0,0.0,1.4486508468002133,-0.35211868389283196
2026-01-08 00:00:00+00:00,5991.835470823342,0.0,0.0,1.4486508468002133,-0.35211868389283196
2026-01-09 00:00:00+00:00,5991.835470823342,0.0,0.0,1.4486508468002133,-0.35211868389283196
2026-01-10 00:00:00+00:00,5991.835470823342,0.0,0.0,1.4486508468002133,-0.35211868389283196
2026-01-11 00:00:00+00:00,5991.835470823342,0.0,0.0,1.4486508468002133,-0.35211868389283196
2026-01-12 00:00:00+00:00,5991.835470823342,0.0,0.0,1.4486508468002133,-0.35211868389283196
2026-01-13 00:00:00+00:00,5991.835470823342,0.0,0.0,1.4486508468002133,-0.35211868389283196
2026-01-14 00:00:00+00:00,5991.835470823342,0.0,0.0,1.4486508468002133,-0.35211868389283196
2026-01-15 00:00:00+00:00,5991.835470823342,0.0,0.0,1.4486508468002133,-0.35211868389283196
2026-01-16 00:00:00+00:00,5991.835470823342,0.0,0.0,1.4486508468002133,-0.35211868389283196
2026-01-17 00:00:00+00:00,5991.835470823342,0.0,0.0,1.4486508468002133,-0.35211868389283196
2026-01-18 00:00:00+00:00,5991.835470823342,0.0,0.0,1.4486508468002133,-0.35211868389283196
2026-01-19 00:00:00+00:00,5991.835470823342,0.0,0.0,1.4486508468002133,-0.35211868389283196
2026-01-20 00:00:00+00:00,5991.835470823342,0.0,0.0,1.4486508468002133,-0.35211868389283196
2026-01-21 00:00:00+00:00,5991.835470823342,0.0,0.0,1.4486508468002133,-0.35211868389283196
2026-01-22 00:00:00+00:00,5991.835470823342,0.0,0.0,1.4486508468002133,-0.35211868389283196
2026-01-23 00:00:00+00:00,5991.835470823342,0.0,0.0,1.4486508468002133,-0.35211868389283196
2026-01-24 00:00:00+00:00,5991.835470823342,0.0,0.0,1.4486508468002133,-0.35211868389283196
2026-01-25 00:00:00+00:00,5991.835470823342,0.0,0.0,1.4486508468002133,-0.35211868389283196
2026-01-26 00:00:00+00:00,5991.835470823342,0.0,0.0,1.4486508468002133,-0.35211868389283196
2026-01-27 00:00:00+00:00,6091.835470823342,100.0,0.0,1.4486508468002133,-0.35211868389283196
2026-01-28 00:00:00+00:00,6091.835470823342,0.0,0.0,1.4486508468002133,-0.35211868389283196
2026-01-29 00:00:00+00:00,6091.835470823342,0.0,0.0,1.4486508468002133,-0.35211868389283196
2026-01-30 00:00:00+00:00,6091.835470823342,0.0,0.0,1.4486508468002133,-0.35211868389283196
2026-01-31 00:00:00+00:00,6091.835470823342,0.0,0.0,1.4486508468002133,-0.35211868389283196
2026-02-01 00:00:00+00:00,6091.835470823342,0.0,0.0,1.4486508468002133,-0.35211868389283196
2026-02-02 00:00:00+00:00,6091.835470823342,0.0,0.0,1.4486508468002133,-0.35211868389283196
2026-02-03 00:00:00+00:00,6091.835470823342,0.0,0.0,1.4486508468002133,-0.35211868389283196
2026-02-04 00:00:00+00:00,6091.835470823342,0.0,0.0,1.4486508468002133,-0.35211868389283196
2026-02-05 00:00:00+00:00,6091.835470823342,0.0,0.0,1.4486508468002133,-0.35211868389283196
2026-02-06 00:00:00+00:00,6091.835470823342,0.0,0.0,1.4486508468002133,-0.35211868389283196
2026-02-07 00:00:00+00:00,6091.835470823342,0.0,0.0,1.4486508468002133,-0.35211868389283196
2026-02-08 00:00:00+00:00,6091.835470823342,0.0,0.0,1.4486508468002133,-0.35211868389283196
2026-02-09 00:00:00+00:00,6091.835470823342,0.0,0.0,1.4486508468002133,-0.35211868389283196
2026-02-10 00:00:00+00:00,6091.835470823342,0.0,0.0,1.4486508468002133,-0.35211868389283196
2026-02-11 00:00:00+00:00,6091.835470823342,0.0,0.0,1.4486508468002133,-0.35211868389283196
2026-02-12 00:00:00+00:00,6091.835470823342,0.0,0.0,1.4486508468002133,-0.35211868389283196
2026-02-13 00:00:00+00:00,6091.835470823342,0.0,0.0,1.4486508468002133,-0.35211868389283196
2026-02-14 00:00:00+00:00,6091.835470823342,0.0,0.0,1.4486508468002133,-0.35211868389283196
2026-02-15 00:00:00+00:00,6091.835470823342,0.0,0.0,1.4486508468002133,-0.35211868389283196
2026-02-16 00:00:00+00:00,6091.835470823342,0.0,0.0,1.4486508468002133,-0.35211868389283196
2026-02-17 00:00:00+00:00,6091.835470823342,0.0,0.0,1.4486508468002133,-0.35211868389283196
2026-02-18 00:00:00+00:00,6091.835470823342,0.0,0.0,1.4486508468002133,-0.35211868389283196
2026-02-19 00:00:00+00:00,6091.835470823342,0.0,0.0,1.4486508468002133,-0.35211868389283196
2026-02-20 00:00:00+00:00,6091.835470823342,0.0,0.0,1.4486508468002133,-0.35211868389283196
2026-02-21 00:00:00+00:00,6091.835470823342,0.0,0.0,1.4486508468002133,-0.35211868389283196
2026-02-22 00:00:00+00:00,6091.835470823342,0.0,0.0,1.4486508468002133,-0.35211868389283196
2026-02-23 00:00:00+00:00,6091.835470823342,0.0,0.0,1.4486508468002133,-0.35211868389283196
2026-02-24 00:00:00+00:00,6091.835470823342,0.0,0.0,1.4486508468002133,-0.35211868389283196
2026-02-25 00:00:00+00:00,6091.835470823342,0.0,0.0,1.4486508468002133,-0.35211868389283196
2026-02-26 00:00:00+00:00,6091.835470823342,0.0,0.0,1.4486508468002133,-0.35211868389283196
2026-02-27 00:00:00+00:00,6191.835470823342,100.0,0.0,1.4486508468002133,-0.35211868389283196
2026-02-28 00:00:00+00:00,6191.835470823342,0.0,0.0,1.4486508468002133,-0.35211868389283196
2026-03-01 00:00:00+00:00,6191.835470823342,0.0,0.0,1.4486508468002133,-0.35211868389283196
2026-03-02 00:00:00+00:00,6191.835470823342,0.0,0.0,1.4486508468002133,-0.35211868389283196
2026-03-03 00:00:00+00:00,6191.835470823342,0.0,0.0,1.4486508468002133,-0.35211868389283196
2026-03-04 00:00:00+00:00,6191.835470823342,0.0,0.0,1.4486508468002133,-0.35211868389283196
2026-03-05 00:00:00+00:00,6191.835470823342,0.0,0.0,1.4486508468002133,-0.35211868389283196
2026-03-06 00:00:00+00:00,6191.835470823342,0.0,0.0,1.4486508468002133,-0.35211868389283196
2026-03-07 00:00:00+00:00,6191.835470823342,0.0,0.0,1.4486508468002133,-0.35211868389283196
2026-03-08 00:00:00+00:00,6191.835470823342,0.0,0.0,1.4486508468002133,-0.35211868389283196
2026-03-09 00:00:00+00:00,6191.835470823342,0.0,0.0,1.4486508468002133,-0.35211868389283196
2026-03-10 00:00:00+00:00,6191.835470823342,0.0,0.0,1.4486508468002133,-0.35211868389283196
2026-03-11 00:00:00+00:00,6191.835470823342,0.0,0.0,1.4486508468002133,-0.35211868389283196
2026-03-12 00:00:00+00:00,6191.835470823342,0.0,0.0,1.4486508468002133,-0.35211868389283196
2026-03-13 00:00:00+00:00,6191.835470823342,0.0,0.0,1.4486508468002133,-0.35211868389283196
2026-03-14 00:00:00+00:00,6191.835470823342,0.0,0.0,1.4486508468002133,-0.35211868389283196
2026-03-15 00:00:00+00:00,6191.835470823342,0.0,0.0,1.4486508468002133,-0.35211868389283196
2026-03-16 00:00:00+00:00,6191.835470823342,0.0,0.0,1.4486508468002133,-0.35211868389283196
2026-03-17 00:00:00+00:00,6191.835470823342,0.0,0.0,1.4486508468002133,-0.35211868389283196
2026-03-18 00:00:00+00:00,6191.835470823342,0.0,0.0,1.4486508468002133,-0.35211868389283196
2026-03-19 00:00:00+00:00,6191.835470823342,0.0,0.0,1.4486508468002133,-0.35211868389283196
2026-03-20 00:00:00+00:00,6191.835470823342,0.0,0.0,1.4486508468002133,-0.35211868389283196
2026-03-21 00:00:00+00:00,6191.835470823342,0.0,0.0,1.4486508468002133,-0.35211868389283196
2026-03-22 00:00:00+00:00,6191.835470823342,0.0,0.0,1.4486508468002133,-0.35211868389283196
2026-03-23 00:00:00+00:00,6191.835470823342,0.0,0.0,1.4486508468002133,-0.35211868389283196
2026-03-24 00:00:00+00:00,6191.835470823342,0.0,0.0,1.4486508468002133,-0.35211868389283196
2026-03-25 00:00:00+00:00,6191.835470823342,0.0,0.0,1.4486508468002133,-0.35211868389283196
2026-03-26 00:00:00+00:00,6191.835470823342,0.0,0.0,1.4486508468002133,-0.35211868389283196
2026-03-27 00:00:00+00:00,6291.835470823342,100.0,0.0,1.4486508468002133,-0.35211868389283196
2026-03-28 00:00:00+00:00,6291.835470823342,0.0,0.0,1.4486508468002133,-0.35211868389283196
2026-03-29 00:00:00+00:00,6291.835470823342,0.0,0.0,1.4486508468002133,-0.35211868389283196
2026-03-30 00:00:00+00:00,6291.835470823342,0.0,0.0,1.4486508468002133,-0.35211868389283196
2026-03-31 00:00:00+00:00,6291.835470823342,0.0,0.0,1.4486508468002133,-0.35211868389283196
2026-04-01 00:00:00+00:00,6291.835470823342,0.0,0.0,1.4486508468002133,-0.35211868389283196
2026-04-02 00:00:00+00:00,6291.835470823342,0.0,0.0,1.4486508468002133,-0.35211868389283196
2026-04-03 00:00:00+00:00,6291.835470823342,0.0,0.0,1.4486508468002133,-0.35211868389283196
2026-04-04 00:00:00+00:00,6291.835470823342,0.0,0.0,1.4486508468002133,-0.35211868389283196
2026-04-05 00:00:00+00:00,6291.835470823342,0.0,0.0,1.4486508468002133,-0.35211868389283196
2026-04-06 00:00:00+00:00,6291.835470823342,0.0,0.0,1.4486508468002133,-0.35211868389283196
2026-04-07 00:00:00+00:00,6291.835470823342,0.0,0.0,1.4486508468002133,-0.35211868389283196
2026-04-08 00:00:00+00:00,6291.835470823342,0.0,0.0,1.4486508468002133,-0.35211868389283196
2026-04-09 00:00:00+00:00,6291.835470823342,0.0,0.0,1.4486508468002133,-0.35211868389283196
2026-04-10 00:00:00+00:00,6291.835470823342,0.0,0.0,1.4486508468002133,-0.35211868389283196
2026-04-11 00:00:00+00:00,6291.835470823342,0.0,0.0,1.4486508468002133,-0.35211868389283196
2026-04-12 00:00:00+00:00,6291.835470823342,0.0,0.0,1.4486508468002133,-0.35211868389283196
2026-04-13 00:00:00+00:00,6291.835470823342,0.0,0.0,1.4486508468002133,-0.35211868389283196
2026-04-14 00:00:00+00:00,6291.835470823342,0.0,0.0,1.4486508468002133,-0.35211868389283196
2026-04-15 00:00:00+00:00,6291.835470823342,0.0,0.0,1.4486508468002133,-0.35211868389283196
2026-04-16 00:00:00+00:00,6291.835470823342,0.0,0.0,1.4486508468002133,-0.35211868389283196
2026-04-17 00:00:00+00:00,6291.835470823342,0.0,0.0,1.4486508468002133,-0.35211868389283196
2026-04-18 00:00:00+00:00,6291.835470823342,0.0,0.0,1.4486508468002133,-0.35211868389283196
2026-04-19 00:00:00+00:00,6291.835470823342,0.0,0.0,1.4486508468002133,-0.35211868389283196
2026-04-20 00:00:00+00:00,6291.835470823342,0.0,0.0,1.4486508468002133,-0.35211868389283196
2026-04-21 00:00:00+00:00,6291.835470823342,0.0,0.0,1.4486508468002133,-0.35211868389283196
2026-04-22 00:00:00+00:00,6291.835470823342,0.0,0.0,1.4486508468002133,-0.35211868389283196
2026-04-23 00:00:00+00:00,6291.835470823342,0.0,0.0,1.4486508468002133,-0.35211868389283196
2026-04-24 00:00:00+00:00,6291.835470823342,0.0,0.0,1.4486508468002133,-0.35211868389283196
2026-04-25 00:00:00+00:00,6291.835470823342,0.0,0.0,1.4486508468002133,-0.35211868389283196
2026-04-26 00:00:00+00:00,6291.835470823342,0.0,0.0,1.4486508468002133,-0.35211868389283196
2026-04-27 00:00:00+00:00,6391.835470823342,100.0,0.0,1.4486508468002133,-0.35211868389283196
2026-04-28 00:00:00+00:00,6391.835470823342,0.0,0.0,1.4486508468002133,-0.35211868389283196
2026-04-29 00:00:00+00:00,6391.835470823342,0.0,0.0,1.4486508468002133,-0.35211868389283196
2026-04-30 00:00:00+00:00,6391.835470823342,0.0,0.0,1.4486508468002133,-0.35211868389283196
2026-05-01 00:00:00+00:00,6391.835470823342,0.0,0.0,1.4486508468002133,-0.35211868389283196
2026-05-02 00:00:00+00:00,6391.835470823342,0.0,0.0,1.4486508468002133,-0.35211868389283196
2026-05-03 00:00:00+00:00,6391.835470823342,0.0,0.0,1.4486508468002133,-0.35211868389283196
2026-05-04 00:00:00+00:00,6391.835470823342,0.0,0.0,1.4486508468002133,-0.35211868389283196
2026-05-05 00:00:00+00:00,6391.835470823342,0.0,0.0,1.4486508468002133,-0.35211868389283196
2026-05-06 00:00:00+00:00,6391.835470823342,0.0,0.0,1.4486508468002133,-0.35211868389283196
2026-05-07 00:00:00+00:00,6391.835470823342,0.0,0.0,1.4486508468002133,-0.35211868389283196
2026-05-08 00:00:00+00:00,6391.835470823342,0.0,0.0,1.4486508468002133,-0.35211868389283196
2026-05-09 00:00:00+00:00,6391.835470823342,0.0,0.0,1.4486508468002133,-0.35211868389283196
2026-05-10 00:00:00+00:00,6391.835470823342,0.0,0.0,1.4486508468002133,-0.35211868389283196
2026-05-11 00:00:00+00:00,6391.835470823342,0.0,0.0,1.4486508468002133,-0.35211868389283196
2026-05-12 00:00:00+00:00,6391.835470823342,0.0,0.0,1.4486508468002133,-0.35211868389283196
2026-05-13 00:00:00+00:00,6391.835470823342,0.0,0.0,1.4486508468002133,-0.35211868389283196
2026-05-14 00:00:00+00:00,6391.835470823342,0.0,0.0,1.4486508468002133,-0.35211868389283196
2026-05-15 00:00:00+00:00,6391.835470823342,0.0,0.0,1.4486508468002133,-0.35211868389283196
2026-05-16 00:00:00+00:00,6391.835470823342,0.0,0.0,1.4486508468002133,-0.35211868389283196
2026-05-17 00:00:00+00:00,6391.835470823342,0.0,0.0,1.4486508468002133,-0.35211868389283196
2026-05-18 00:00:00+00:00,6391.835470823342,0.0,0.0,1.4486508468002133,-0.35211868389283196
2026-05-19 00:00:00+00:00,6391.835470823342,0.0,0.0,1.4486508468002133,-0.35211868389283196
2026-05-20 00:00:00+00:00,6391.835470823342,0.0,0.0,1.4486508468002133,-0.35211868389283196
2026-05-21 00:00:00+00:00,6391.835470823342,0.0,0.0,1.4486508468002133,-0.35211868389283196
2026-05-22 00:00:00+00:00,6391.835470823342,0.0,0.0,1.4486508468002133,-0.35211868389283196
2026-05-23 00:00:00+00:00,6391.835470823342,0.0,0.0,1.4486508468002133,-0.35211868389283196
2026-05-24 00:00:00+00:00,6391.835470823342,0.0,0.0,1.4486508468002133,-0.35211868389283196
2026-05-25 00:00:00+00:00,6391.835470823342,0.0,0.0,1.4486508468002133,-0.35211868389283196
2026-05-26 00:00:00+00:00,6391.835470823342,0.0,0.0,1.4486508468002133,-0.35211868389283196
2026-05-27 00:00:00+00:00,6491.835470823342,100.0,0.0,1.4486508468002133,-0.35211868389283196
2026-05-28 00:00:00+00:00,6491.835470823342,0.0,0.0,1.4486508468002133,-0.35211868389283196
2026-05-29 00:00:00+00:00,6491.835470823342,0.0,0.0,1.4486508468002133,-0.35211868389283196
2026-05-30 00:00:00+00:00,6491.835470823342,0.0,0.0,1.4486508468002133,-0.35211868389283196
2026-05-31 00:00:00+00:00,6491.835470823342,0.0,0.0,1.4486508468002133,-0.35211868389283196
2026-06-01 00:00:00+00:00,6491.835470823342,0.0,0.0,1.4486508468002133,-0.35211868389283196
2026-06-02 00:00:00+00:00,6491.835470823342,0.0,0.0,1.4486508468002133,-0.35211868389283196
2026-06-03 00:00:00+00:00,6491.835470823342,0.0,0.0,1.4486508468002133,-0.35211868389283196
2026-06-04 00:00:00+00:00,6491.835470823342,0.0,0.0,1.4486508468002133,-0.35211868389283196
2026-06-05 00:00:00+00:00,6491.835470823342,0.0,0.0,1.4486508468002133,-0.35211868389283196
2026-06-06 00:00:00+00:00,6491.835470823342,0.0,0.0,1.4486508468002133,-0.35211868389283196
2026-06-07 00:00:00+00:00,6491.835470823342,0.0,0.0,1.4486508468002133,-0.35211868389283196
2026-06-08 00:00:00+00:00,6491.835470823342,0.0,0.0,1.4486508468002133,-0.35211868389283196
2026-06-09 00:00:00+00:00,6491.835470823342,0.0,0.0,1.4486508468002133,-0.35211868389283196
2026-06-10 00:00:00+00:00,6491.835470823342,0.0,0.0,1.4486508468002133,-0.35211868389283196
2026-06-11 00:00:00+00:00,6491.835470823342,0.0,0.0,1.4486508468002133,-0.35211868389283196
2026-06-12 00:00:00+00:00,6491.835470823342,0.0,0.0,1.4486508468002133,-0.35211868389283196
2026-06-13 00:00:00+00:00,6491.835470823342,0.0,0.0,1.4486508468002133,-0.35211868389283196
2026-06-14 00:00:00+00:00,6491.835470823342,0.0,0.0,1.4486508468002133,-0.35211868389283196
2026-06-15 00:00:00+00:00,6491.835470823342,0.0,0.0,1.4486508468002133,-0.35211868389283196
2026-06-16 00:00:00+00:00,6491.835470823342,0.0,0.0,1.4486508468002133,-0.35211868389283196
2026-06-17 00:00:00+00:00,6491.835470823342,0.0,0.0,1.4486508468002133,-0.35211868389283196
2026-06-18 00:00:00+00:00,6491.835470823342,0.0,0.0,1.4486508468002133,-0.35211868389283196
2026-06-19 00:00:00+00:00,6491.835470823342,0.0,0.0,1.4486508468002133,-0.35211868389283196
2026-06-20 00:00:00+00:00,6491.835470823342,0.0,0.0,1.4486508468002133,-0.35211868389283196
2026-06-21 00:00:00+00:00,6491.835470823342,0.0,0.0,1.4486508468002133,-0.35211868389283196
2026-06-22 00:00:00+00:00,6491.835470823342,0.0,0.0,1.4486508468002133,-0.35211868389283196
2026-06-23 00:00:00+00:00,6491.835470823342,0.0,0.0,1.4486508468002133,-0.35211868389283196
2026-06-24 00:00:00+00:00,6491.835470823342,0.0,0.0,1.4486508468002133,-0.35211868389283196
2026-06-25 00:00:00+00:00,6491.835470823342,0.0,0.0,1.4486508468002133,-0.35211868389283196
2026-06-26 00:00:00+00:00,6491.835470823342,0.0,0.0,1.4486508468002133,-0.35211868389283196
2026-06-27 00:00:00+00:00,6591.835470823342,100.0,0.0,1.4486508468002133,-0.35211868389283196
2026-06-28 00:00:00+00:00,6591.835470823342,0.0,0.0,1.4486508468002133,-0.35211868389283196
2026-06-29 00:00:00+00:00,6591.835470823342,0.0,0.0,1.4486508468002133,-0.35211868389283196
2026-06-30 00:00:00+00:00,6591.835470823342,0.0,0.0,1.4486508468002133,-0.35211868389283196
2026-07-01 00:00:00+00:00,6591.835470823342,0.0,0.0,1.4486508468002133,-0.35211868389283196
2026-07-02 00:00:00+00:00,6591.835470823342,0.0,0.0,1.4486508468002133,-0.35211868389283196
2026-07-03 00:00:00+00:00,6591.835470823342,0.0,0.0,1.4486508468002133,-0.35211868389283196
2026-07-04 00:00:00+00:00,6591.835470823342,0.0,0.0,1.4486508468002133,-0.35211868389283196
2026-07-05 00:00:00+00:00,6591.835470823342,0.0,0.0,1.4486508468002133,-0.35211868389283196
2026-07-06 00:00:00+00:00,6591.835470823342,0.0,0.0,1.4486508468002133,-0.35211868389283196
2026-07-07 00:00:00+00:00,6591.835470823342,0.0,0.0,1.4486508468002133,-0.35211868389283196
2026-07-08 00:00:00+00:00,6591.835470823342,0.0,0.0,1.4486508468002133,-0.35211868389283196
2026-07-09 00:00:00+00:00,6591.835470823342,0.0,0.0,1.4486508468002133,-0.35211868389283196
2026-07-10 00:00:00+00:00,6591.835470823342,0.0,0.0,1.4486508468002133,-0.35211868389283196
2026-07-11 00:00:00+00:00,6591.835470823342,0.0,0.0,1.4486508468002133,-0.35211868389283196
2026-07-12 00:00:00+00:00,6591.835470823342,0.0,0.0,1.4486508468002133,-0.35211868389283196
2026-07-13 00:00:00+00:00,6591.835470823342,0.0,0.0,1.4486508468002133,-0.35211868389283196
2026-07-14 00:00:00+00:00,6591.835470823342,0.0,0.0,1.4486508468002133,-0.35211868389283196
2026-07-15 00:00:00+00:00,6591.835470823342,0.0,0.0,1.4486508468002133,-0.35211868389283196
2026-07-16 00:00:00+00:00,6591.835470823342,0.0,0.0,1.4486508468002133,-0.35211868389283196
2026-07-17 00:00:00+00:00,6591.835470823342,0.0,0.0,1.4486508468002133,-0.35211868389283196
2026-07-18 00:00:00+00:00,6591.835470823342,0.0,0.0,1.4486508468002133,-0.35211868389283196
2026-07-19 00:00:00+00:00,6591.835470823342,0.0,0.0,1.4486508468002133,-0.35211868389283196
2026-07-20 00:00:00+00:00,6591.835470823342,0.0,0.0,1.4486508468002133,-0.35211868389283196
2026-07-21 00:00:00+00:00,6591.835470823342,0.0,0.0,1.4486508468002133,-0.35211868389283196
2026-07-22 00:00:00+00:00,6591.835470823342,0.0,0.0,1.4486508468002133,-0.35211868389283196
2026-07-23 00:00:00+00:00,6591.835470823342,0.0,0.0,1.4486508468002133,-0.35211868389283196
2026-07-24 00:00:00+00:00,6591.835470823342,0.0,0.0,1.4486508468002133,-0.35211868389283196
2026-07-25 00:00:00+00:00,6591.835470823342,0.0,0.0,1.4486508468002133,-0.35211868389283196
2026-07-26 00:00:00+00:00,6591.835470823342,0.0,0.0,1.4486508468002133,-0.35211868389283196
2026-07-27 00:00:00+00:00,6691.835470823342,100.0,0.0,1.4486508468002133,-0.35211868389283196
2026-07-28 00:00:00+00:00,6691.835470823342,0.0,0.0,1.4486508468002133,-0.35211868389283196
2026-07-29 00:00:00+00:00,6691.835470823342,0.0,0.0,1.4486508468002133,-0.35211868389283196
2026-07-30 00:00:00+00:00,6691.835470823342,0.0,0.0,1.4486508468002133,-0.35211868389283196
2026-07-31 00:00:00+00:00,6691.835470823342,0.0,0.0,1.4486508468002133,-0.35211868389283196
2026-08-01 00:00:00+00:00,6691.835470823342,0.0,0.0,1.4486508468002133,-0.35211868389283196
2026-08-02 00:00:00+00:00,6691.835470823342,0.0,0.0,1.4486508468002133,-0.35211868389283196
2026-08-03 00:00:00+00:00,6691.835470823342,0.0,0.0,1.4486508468002133,-0.35211868389283196
2026-08-04 00:00:00+00:00,6691.835470823342,0.0,0.0,1.4486508468002133,-0.35211868389283196
2026-08-05 00:00:00+00:00,6691.835470823342,0.0,0.0,1.4486508468002133,-0.35211868389283196
2026-08-06 00:00:00+00:00,6691.835470823342,0.0,0.0,1.4486508468002133,-0.35211868389283196
2026-08-07 00:00:00+00:00,6691.835470823342,0.0,0.0,1.4486508468002133,-0.35211868389283196
2026-08-08 00:00:00+00:00,6691.835470823342,0.0,0.0,1.4486508468002133,-0.35211868389283196
2026-08-09 00:00:00+00:00,6691.835470823342,0.0,0.0,1.4486508468002133,-0.35211868389283196
2026-08-10 00:00:00+00:00,6691.835470823342,0.0,0.0,1.4486508468002133,-0.35211868389283196
2026-08-11 00:00:00+00:00,6691.835470823342,0.0,0.0,1.4486508468002133,-0.35211868389283196
2026-08-12 00:00:00+00:00,6691.835470823342,0.0,0.0,1.4486508468002133,-0.35211868389283196
2026-08-13 00:00:00+00:00,6691.835470823342,0.0,0.0,1.4486508468002133,-0.35211868389283196
2026-08-14 00:00:00+00:00,6691.835470823342,0.0,0.0,1.4486508468002133,-0.35211868389283196
2026-08-15 00:00:00+00:00,6691.835470823342,0.0,0.0,1.4486508468002133,-0.35211868389283196
2026-08-16 00:00:00+00:00,6691.835470823342,0.0,0.0,1.4486508468002133,-0.35211868389283196
2026-08-17 00:00:00+00:00,6691.835470823342,0.0,0.0,1.4486508468002133,-0.35211868389283196
2026-08-18 00:00:00+00:00,6691.835470823342,0.0,0.0,1.4486508468002133,-0.35211868389283196
2026-08-19 00:00:00+00:00,6691.835470823342,0.0,0.0,1.4486508468002133,-0.35211868389283196
2026-08-20 00:00:00+00:00,6691.835470823342,0.0,0.0,1.4486508468002133,-0.35211868389283196
2026-08-21 00:00:00+00:00,6691.835470823342,0.0,0.0,1.4486508468002133,-0.35211868389283196
2026-08-22 00:00:00+00:00,6691.835470823342,0.0,0.0,1.4486508468002133,-0.35211868389283196
2026-08-23 00:00:00+00:00,6691.835470823342,0.0,0.0,1.4486508468002133,-0.35211868389283196
2026-08-24 00:00:00+00:00,6691.835470823342,0.0,0.0,1.4486508468002133,-0.35211868389283196
2026-08-25 00:00:00+00:00,6691.835470823342,0.0,0.0,1.4486508468002133,-0.35211868389283196
2026-08-26 00:00:00+00:00,6691.835470823342,0.0,0.0,1.4486508468002133,-0.35211868389283196
2026-08-27 00:00:00+00:00,6791.835470823342,100.0,0.0,1.4486508468002133,-0.35211868389283196
2026-08-28 00:00:00+00:00,6791.835470823342,0.0,0.0,1.4486508468002133,-0.35211868389283196
2026-08-29 00:00:00+00:00,6791.835470823342,0.0,0.0,1.4486508468002133,-0.35211868389283196
2026-08-30 00:00:00+00:00,6791.835470823342,0.0,0.0,1.4486508468002133,-0.35211868389283196
2026-08-31 00:00:00+00:00,6791.835470823342,0.0,0.0,1.4486508468002133,-0.35211868389283196
2026-09-01 00:00:00+00:00,6745.145701875737,0.0,-0.006874396346639444,1.4386922467114138,-0.356572476845335
2026-09-02 00:00:00+00:00,6721.56755468663,0.0,-0.0034955727023882055,1.433663193366672,-0.35882162453123967
2026-09-03 00:00:00+00:00,6823.833897410417,0.0,0.015214656684136463,1.4554758866544286,-0.3490663156751901
2026-09-04 00:00:00+00:00,6778.128565936147,0.0,-0.00669789625031969,1.4457272601707751,-0.35342620195863605
2026-09-05 00:00:00+00:00,6799.795688812742,0.0,0.0031966231778906007,1.4503487054395452,-0.3513593491696003
2026-09-06 00:00:00+00:00,6830.000489752183,0.0,0.004442015954852163,1.4567911775292068,-0.34847807704964606
2026-09-07 00:00:00+00:00,6808.483771566852,0.0,-0.0031503245450150708,1.4522018125256753,-0.3505305825551319
2026-09-08 00:00:00+00:00,6803.9716308289735,0.0,-0.0006627232860157983,1.4512394045685202,-0.35096100106162775
2026-09-09 00:00:00+00:00,6773.33822696384,0.0,-0.004502282714750505,1.4447055144823666,-0.35388315812774684
2026-09-10 00:00:00+00:00,6645.069326648065,0.0,-0.018937323963116426,1.4173466581233132,-0.3661188820803074
2026-09-11 00:00:00+00:00,6752.7270449107455,0.0,0.01620114297844144,1.4403092939815851,-0.3558492834575562
2026-09-12 00:00:00+00:00,6764.240210367949,0.0,0.0017049653244729512,1.4427649713843398,-0.35475102882211695
2026-09-13 00:00:00+00:00,6695.441616828788,0.0,-0.010170927022034038,1.4280907141504426,-0.3613138090190098
2026-09-14 00:00:00+00:00,6808.5987297916745,0.0,0.01690061977069135,1.4522263323083544,-0.3505196165524489
2026-09-15 00:00:00+00:00,6555.499532049778,0.0,-0.037173463701779985,1.3982420494575207,-0.3746630520115545
2026-09-16 00:00:00+00:00,6606.106630330416,0.0,0.00771979282939772,1.4090361884046854,-0.3698355803245158
2026-09-17 00:00:00+00:00,6644.1487400221085,0.0,0.005758627860626753,1.417150303455864,-0.3662066979405969
2026-09-18 00:00:00+00:00,7051.817756947739,0.0,0.06135759942729302,1.5041032441035755,-0.3273186623931347
2026-09-19 00:00:00+00:00,7091.4580764600305,0.0,0.0056212909746902184,1.5125582460946572,-0.3235373248612028
2026-09-20 00:00:00+00:00,7098.315457576082,0.0,0.0009669917021457586,1.514020877367643,-0.32288319106753216
2026-09-21 00:00:00+00:00,7533.164666142757,0.0,0.06126090213454205,1.6067711621657155,-0.28140240450186693
2026-09-22 00:00:00+00:00,7489.089733887916,0.0,-0.005850785719968665,1.5973702883948588,-0.2856067650520112
2026-09-23 00:00:00+00:00,7321.969810699549,0.0,-0.02231511827561017,1.561724781479382,-0.3015485345851714
2026-09-24 00:00:00+00:00,7325.665676924549,0.0,0.0005047639256310354,1.5625130838108368,-0.30119598148162585
2026-09-25 00:00:00+00:00,7310.630937226931,0.0,-0.00205233767969748,1.5593062793339114,-0.30263016329955517
2026-09-26 00:00:00+00:00,7334.331141759911,0.0,0.0032418822310253947,1.5643613666536103,-0.30036937241750294
